case,case_label,p,device,cuda_name,data_seed,init_seed,n,n_train,n_eval,hidden,activation,epochs,degree,include_special,n_fullpr_features,n_design_params,oracle_mse_vs_y,full_fpr_mse_vs_y,full_fpr_mse_vs_nn,shape_nn_fpr,abs_rmse_gap,close_threshold,is_close,status,candidate_domain,n_candidates,budget,budget_multiplier,dopt_mse_vs_nn,dopt_shape_vs_nn,latin_mse_vs_nn,latin_shape_vs_nn,random_mse_median,random_mse_q25,random_mse_q75,random_mse_mean,random_shape_median,random_shape_q25,random_shape_q75,random_shape_mean,dopt_gain_vs_random_median_pct,latin_gain_vs_random_median_pct,dopt_shape_gain_vs_random_median_pct,latin_shape_gain_vs_random_median_pct,elapsed_sec_run
highdim_poly2,Quadratic,5,cuda,NVIDIA GeForce RTX 4070 Ti SUPER,0,0,10000,7500,2500,"128,64,32",tanh,1000,2,True,30,31,0.0023103115075810295,0.002074949482491261,0.0002518328418744131,0.0006268355498749557,0.002514086516674889,0.005,True,used_close,training_data_region,7500.0,62.0,2.0,0.0006102433899076135,0.0011150862644483963,0.0006380615821583484,0.0014684518068363325,0.0005840033760522259,0.000488520930080897,0.0006444502302221574,0.0005761531289763666,0.001421529877125342,0.0012427547261346316,0.0015993554183360752,0.0014100794853555898,-4.493127083060054,-9.2564886305192,21.55731072614841,-3.3008050316801967,3.091445099998964
highdim_poly2,Quadratic,5,cuda,NVIDIA GeForce RTX 4070 Ti SUPER,0,0,10000,7500,2500,"128,64,32",tanh,1000,2,True,30,31,0.0023103115075810295,0.002074949482491261,0.0002518328418744131,0.0006268355498749557,0.002514086516674889,0.005,True,used_close,training_data_region,7500.0,93.0,3.0,0.000586702545703823,0.0009747450770396812,0.0005072895512269238,0.0009786292715669455,0.00044599781376618134,0.000399383529114496,0.0005277088197048462,0.00048270792060328195,0.0011092748043826728,0.0010324544554277484,0.0013159887864463132,0.0012280641978309513,-31.548300820014212,-13.742609396035114,12.127718651092891,11.777562448867968,3.227086099999724
highdim_poly2,Quadratic,5,cuda,NVIDIA GeForce RTX 4070 Ti SUPER,0,0,10000,7500,2500,"128,64,32",tanh,1000,2,True,30,31,0.0023103115075810295,0.002074949482491261,0.0002518328418744131,0.0006268355498749557,0.002514086516674889,0.005,True,used_close,training_data_region,7500.0,124.0,4.0,0.00048419093303610553,0.0009200601064349777,0.0006280313017948587,0.0009394475840346743,0.0003765801049132134,0.00035076086693507444,0.0004127760160511359,0.0003966005324215804,0.0009857638842764105,0.0008660107949104595,0.0011155391166711114,0.0010313815426365152,-28.575813410985198,-66.77229986422005,6.6652652718822205,4.6985186798291165,3.3610084999818355
highdim_poly2,Quadratic,5,cuda,NVIDIA GeForce RTX 4070 Ti SUPER,0,1,10000,7500,2500,"128,64,32",tanh,1000,2,True,30,31,0.0022288404234433023,0.0020736183061059654,0.00020494146491332343,0.0005631449368873279,0.001673597207076806,0.005,True,used_close,training_data_region,7500.0,62.0,2.0,0.0005031966047662578,0.0007528409018921409,0.00043596813939401555,0.0007833652389797693,0.0004774802333617474,0.00039895248139420943,0.0005448165199400958,0.0004964247402548339,0.0011944102485212426,0.0009826076151505285,0.0014590611883757412,0.0012596253219520177,-5.385850472479606,8.693992141928435,36.96965487158145,34.41405581125695,2.417253999999957
highdim_poly2,Quadratic,5,cuda,NVIDIA GeForce RTX 4070 Ti SUPER,0,1,10000,7500,2500,"128,64,32",tanh,1000,2,True,30,31,0.0022288404234433023,0.0020736183061059654,0.00020494146491332343,0.0005631449368873279,0.001673597207076806,0.005,True,used_close,training_data_region,7500.0,93.0,3.0,0.00040252175249248535,0.0007797887278644128,0.00035077970660904543,0.0008419053341377851,0.00038635832137611767,0.0003505690286638347,0.00046533185243183907,0.0004159777469527728,0.0009745685744523222,0.0008579214878257156,0.0011339210787091538,0.0010111452299304978,-4.183533839467293,9.208709324636665,19.986263839604067,13.6125095547114,2.551389400003245
highdim_poly2,Quadratic,5,cuda,NVIDIA GeForce RTX 4070 Ti SUPER,0,1,10000,7500,2500,"128,64,32",tanh,1000,2,True,30,31,0.0022288404234433023,0.0020736183061059654,0.00020494146491332343,0.0005631449368873279,0.001673597207076806,0.005,True,used_close,training_data_region,7500.0,124.0,4.0,0.0003568924353093678,0.0007059916736394155,0.00032523274522794923,0.0007377416574552991,0.0003294780865642594,0.00030040221615169877,0.0003706752746514097,0.00034207582785213353,0.0008216986827033301,0.0007501354173237813,0.0009155376977016663,0.0008726046504536237,-8.320537802978183,1.2885049141142788,14.081440252921762,10.217495417154428,2.6856422999990173
highdim_poly2,Quadratic,5,cuda,NVIDIA GeForce RTX 4070 Ti SUPER,1,0,10000,7500,2500,"128,64,32",tanh,1000,2,True,30,31,0.0033371449412673967,0.0028851085344205685,0.00047124631996382663,0.0012956863482040345,0.004054820649316504,0.005,True,used_close,training_data_region,7500.0,62.0,2.0,0.0019429538949879471,0.0021057637116103523,0.0013718566423610201,0.002073252507041859,0.0011590528254735678,0.0009371544467450044,0.0013735634006275836,0.001242040062385733,0.0026744503327463544,0.0022791077989225035,0.003217560422911594,0.0029090378614923212,-67.63290268449082,-18.360148235737626,21.263682266704354,22.47930418984952,2.377020599989919
highdim_poly2,Quadratic,5,cuda,NVIDIA GeForce RTX 4070 Ti SUPER,1,0,10000,7500,2500,"128,64,32",tanh,1000,2,True,30,31,0.0033371449412673967,0.0028851085344205685,0.00047124631996382663,0.0012956863482040345,0.004054820649316504,0.005,True,used_close,training_data_region,7500.0,93.0,3.0,0.0012479783599291326,0.0016396931471084355,0.0007255205120579705,0.0015258799348359638,0.0008799522017478224,0.0007901772504938446,0.0010379890990801204,0.0009141288984114842,0.002091738628838459,0.0018429577171430829,0.002425054913953682,0.0021467184127541266,-41.823426028176414,17.550008896291065,21.6109926688615,27.052074585280096,2.5160184999986086
highdim_poly2,Quadratic,5,cuda,NVIDIA GeForce RTX 4070 Ti SUPER,1,0,10000,7500,2500,"128,64,32",tanh,1000,2,True,30,31,0.0033371449412673967,0.0028851085344205685,0.00047124631996382663,0.0012956863482040345,0.004054820649316504,0.005,True,used_close,training_data_region,7500.0,124.0,4.0,0.001485878753197151,0.0017509990812100682,0.0011373687555893232,0.0027138533165019067,0.0007585350777039303,0.0006942408930395686,0.0009209042692418052,0.0008173600883631702,0.0018027346015065454,0.001635412198115172,0.0020449050743759907,0.0019515252442133633,-95.8879420177739,-49.94280278139734,2.8698356515286148,-50.54092345228961,2.6464879999984987
highdim_poly2,Quadratic,5,cuda,NVIDIA GeForce RTX 4070 Ti SUPER,1,1,10000,7500,2500,"128,64,32",tanh,1000,2,True,30,31,0.003475192415226938,0.0028845358444883813,0.0005463008634299098,0.0012169947172372244,0.005242887565251875,0.005,True,used_close,training_data_region,7500.0,62.0,2.0,0.00160578590214446,0.0020456439654818167,0.0017938016780894316,0.0023276913748748384,0.00134786046392331,0.0011431106086559571,0.0016599667905069309,0.0014349504780225729,0.003164369309007233,0.002821629747234041,0.0037550620635103654,0.003331903409347446,-19.135915409996436,-33.08511719885975,35.3538172785653,26.440590602077613,2.381125099986093
highdim_poly2,Quadratic,5,cuda,NVIDIA GeForce RTX 4070 Ti SUPER,1,1,10000,7500,2500,"128,64,32",tanh,1000,2,True,30,31,0.003475192415226938,0.0028845358444883813,0.0005463008634299098,0.0012169947172372244,0.005242887565251875,0.005,True,used_close,training_data_region,7500.0,93.0,3.0,0.0013199564484577396,0.0019939743749509574,0.000711251652777632,0.0017631816466977634,0.0010964136243770128,0.0009620786999165454,0.0013668559106843061,0.0012124504965409448,0.0025167932410674054,0.002244026083797243,0.0031225063746033333,0.002767991436061053,-20.388548546881186,35.12925806793322,20.77321480308464,29.943325580850072,2.524027399980696
highdim_poly2,Quadratic,5,cuda,NVIDIA GeForce RTX 4070 Ti SUPER,1,1,10000,7500,2500,"128,64,32",tanh,1000,2,True,30,31,0.003475192415226938,0.0028845358444883813,0.0005463008634299098,0.0012169947172372244,0.005242887565251875,0.005,True,used_close,training_data_region,7500.0,124.0,4.0,0.001091820989252472,0.0017397810483930855,0.0007580812356029465,0.0018072961724488591,0.0009434703016892191,0.0008289693680420436,0.0011345608022794939,0.0009938500873251498,0.00225863788359632,0.0020738132038417637,0.0026946745952977375,0.0024334996740063104,-15.723938241367108,19.649698114964103,22.972112482992802,19.982916005500247,2.6541003999882378
highdim_poly2,Quadratic,5,cuda,NVIDIA GeForce RTX 4070 Ti SUPER,2,0,10000,7500,2500,"128,64,32",tanh,1000,2,True,30,31,0.006189266594083083,0.005283060327453595,0.000766307205489167,0.0021524651431752747,0.00598722838740913,0.005,True,used_close,training_data_region,7500.0,62.0,2.0,0.0016712135206179706,0.003139984370376635,0.003151041608895173,0.006449431103453123,0.0019243909071989414,0.0016488331207077955,0.0023810398073681404,0.002125618508071721,0.0046187350013654135,0.004052642440078096,0.005922513014687287,0.00515126339309892,13.156234818708672,-63.74228318723923,32.01635578901199,-39.63630954247234,2.4023642000101972
highdim_poly2,Quadratic,5,cuda,NVIDIA GeForce RTX 4070 Ti SUPER,2,0,10000,7500,2500,"128,64,32",tanh,1000,2,True,30,31,0.006189266594083083,0.005283060327453595,0.000766307205489167,0.0021524651431752747,0.00598722838740913,0.005,True,used_close,training_data_region,7500.0,93.0,3.0,0.0019625086928639853,0.0032812180195446318,0.0016045557370964836,0.003030921268111454,0.0014990522612541215,0.0013071200383950583,0.0017491756334740798,0.0015917015293178014,0.003724000415282522,0.0034047674081642493,0.004270431445852581,0.004050675332976922,-30.916629365685473,-7.038011853842699,11.889966336222823,18.611145807793562,2.5322703999991063
highdim_poly2,Quadratic,5,cuda,NVIDIA GeForce RTX 4070 Ti SUPER,2,0,10000,7500,2500,"128,64,32",tanh,1000,2,True,30,31,0.006189266594083083,0.005283060327453595,0.000766307205489167,0.0021524651431752747,0.00598722838740913,0.005,True,used_close,training_data_region,7500.0,124.0,4.0,0.001517887955898415,0.0029093054992292027,0.0010158209289078835,0.0023902803362884167,0.0012559123596388934,0.0011292760631018914,0.001435972580972034,0.0013264246035831287,0.003273318162263875,0.0028940350882125255,0.0038557019678155625,0.0035147261224414577,-20.85938515127331,19.116893697904384,11.120601328375477,26.9768406919765,2.663189600018086
highdim_poly2,Quadratic,5,cuda,NVIDIA GeForce RTX 4070 Ti SUPER,2,1,10000,7500,2500,"128,64,32",tanh,1000,2,True,30,31,0.005670027546072153,0.005282828657575629,0.00039663129138312476,0.0010157816349845423,0.002616515346635137,0.005,True,used_close,training_data_region,7500.0,62.0,2.0,0.0010691873156917016,0.002110117552730828,0.0011930614048559533,0.002211072559252527,0.0011147567322488828,0.0009403911714133186,0.0013273963703734938,0.0011381899223368514,0.002770206726957809,0.0022295165391035265,0.0033055473552040335,0.002806441722699326,4.087835062027441,-7.02437315171899,23.828155776369766,20.183842680914765,2.3747005999903195
highdim_poly2,Quadratic,5,cuda,NVIDIA GeForce RTX 4070 Ti SUPER,2,1,10000,7500,2500,"128,64,32",tanh,1000,2,True,30,31,0.005670027546072153,0.005282828657575629,0.00039663129138312476,0.0010157816349845423,0.002616515346635137,0.005,True,used_close,training_data_region,7500.0,93.0,3.0,0.0011844708020337185,0.0019935892346759983,0.0007107721231676955,0.0015853507752183842,0.0008217432929225311,0.0007023334266850866,0.0009714168429986084,0.0008659379394882216,0.0021536893136104166,0.0018597046606806593,0.0026053136896639073,0.0022523195777079024,-44.14121931207331,13.504359659592291,7.433759267070355,26.389068042468814,2.5074098000186495
highdim_poly2,Quadratic,5,cuda,NVIDIA GeForce RTX 4070 Ti SUPER,2,1,10000,7500,2500,"128,64,32",tanh,1000,2,True,30,31,0.005670027546072153,0.005282828657575629,0.00039663129138312476,0.0010157816349845423,0.002616515346635137,0.005,True,used_close,training_data_region,7500.0,124.0,4.0,0.0009432189411166704,0.0018106474239317823,0.0008325227573334489,0.0017069629537010886,0.0006719551631333586,0.0005933156850042706,0.0007700401709881341,0.0006904010183458529,0.001690682817112844,0.0015187278374748678,0.002008522117062063,0.0018322392063388573,-40.36932713164908,-23.895581581865677,-7.095630570363299,-0.9629326342859518,2.6382100000046194
highdim_smooth,Smooth,5,cuda,NVIDIA GeForce RTX 4070 Ti SUPER,0,0,10000,7500,2500,"128,64,32",tanh,1000,2,True,30,31,0.0009982796878936046,0.0008871083990383179,0.00014767058121053768,0.0003028025685266199,0.0018111993607284223,0.005,True,used_close,training_data_region,7500.0,62.0,2.0,0.0003405672594096921,0.0006813337436784974,0.0006014038539661718,0.0008294033025861248,0.00040556278174610767,0.0003172149731589656,0.0004894007104674705,0.000432331063336925,0.0008651647708698453,0.0007055208660248363,0.0010268420551375636,0.0009790738594549408,16.02600762737257,-48.28871904292871,21.248094395536047,4.133486416438974,2.2840128999960143
highdim_smooth,Smooth,5,cuda,NVIDIA GeForce RTX 4070 Ti SUPER,0,0,10000,7500,2500,"128,64,32",tanh,1000,2,True,30,31,0.0009982796878936046,0.0008871083990383179,0.00014767058121053768,0.0003028025685266199,0.0018111993607284223,0.005,True,used_close,training_data_region,7500.0,93.0,3.0,0.000328147653314491,0.0007252917581573875,0.000319367763065837,0.0006378651941448556,0.00026562240271631995,0.00023496671047197737,0.0003083708737500005,0.0002781545695948362,0.0006056297742889348,0.000507394143850535,0.0007541745673225964,0.0006879699793919351,-23.539148038257487,-20.23374527144691,-19.758272949665812,-5.322627985681209,2.424572199990507
highdim_smooth,Smooth,5,cuda,NVIDIA GeForce RTX 4070 Ti SUPER,0,0,10000,7500,2500,"128,64,32",tanh,1000,2,True,30,31,0.0009982796878936046,0.0008871083990383179,0.00014767058121053768,0.0003028025685266199,0.0018111993607284223,0.005,True,used_close,training_data_region,7500.0,124.0,4.0,0.0002959497149652878,0.0006242151249812079,0.0003600656787754428,0.0006079267000976571,0.00021776194456640552,0.00020393296571964527,0.0002378803667469635,0.00023496525521392734,0.0005039512800396754,0.0004439628458530549,0.0005975628869879535,0.0005442491374453663,-35.905158063574916,-65.34830247423807,-23.864180865274186,-20.63203809102259,2.564523500012001
highdim_smooth,Smooth,5,cuda,NVIDIA GeForce RTX 4070 Ti SUPER,0,1,10000,7500,2500,"128,64,32",tanh,1000,2,True,30,31,0.0009575069045082916,0.000887703966422378,0.00010044559584626877,0.0002292210712444244,0.0011492471404613604,0.005,True,used_close,training_data_region,7500.0,62.0,2.0,0.00037492479930059723,0.0006317276393242234,0.00024990376575706393,0.0004946431537866515,0.0002586104228910777,0.00022994172183825098,0.00036480591160950425,0.0003141868262305148,0.0006118704134201655,0.00048200286490275904,0.0007897715827885854,0.0007424348758743435,-44.976677702781195,3.36670774390284,-3.2453319311620548,19.15883773138336,2.14660899998853
highdim_smooth,Smooth,5,cuda,NVIDIA GeForce RTX 4070 Ti SUPER,0,1,10000,7500,2500,"128,64,32",tanh,1000,2,True,30,31,0.0009575069045082916,0.000887703966422378,0.00010044559584626877,0.0002292210712444244,0.0011492471404613604,0.005,True,used_close,training_data_region,7500.0,93.0,3.0,0.00030439678015291413,0.0005634312081964355,0.00017756202177235533,0.00046399915330391317,0.00019224820784618536,0.00016984913640656255,0.00022618085154784117,0.0002021024835464248,0.000466063313172304,0.00039672765529294343,0.0005423932170868429,0.0004956339476431382,-58.33530182838271,7.639179703344863,-20.891559638407866,0.4428925877776027,2.283780300000217
highdim_smooth,Smooth,5,cuda,NVIDIA GeForce RTX 4070 Ti SUPER,0,1,10000,7500,2500,"128,64,32",tanh,1000,2,True,30,31,0.0009575069045082916,0.000887703966422378,0.00010044559584626877,0.0002292210712444244,0.0011492471404613604,0.005,True,used_close,training_data_region,7500.0,124.0,4.0,0.0002585115312088168,0.0005519507243141867,0.0001638856549567877,0.0003669560645134046,0.00015749625501194464,0.00014442420370990781,0.00018353239451439877,0.00016787474565907118,0.0003710187610739755,0.0003352219338598647,0.00043478685598069187,0.00040034035877864,-64.13820835880261,-4.056858332509869,-48.76625718776957,1.095011084833225,2.4224160999874584
highdim_smooth,Smooth,5,cuda,NVIDIA GeForce RTX 4070 Ti SUPER,1,0,10000,7500,2500,"128,64,32",tanh,1000,2,True,30,31,0.001279550550682143,0.001269973900645201,9.229084521278934e-05,0.0002254409285324312,0.00013411266559150425,0.005,True,used_close,training_data_region,7500.0,62.0,2.0,0.0004810081596349072,0.0006474679195331597,0.00032351858308065783,0.0005610660128456331,0.0003151657839255428,0.0002642078104506143,0.00036392109587657346,0.0003364950496129201,0.0007016882891448643,0.0005444631876399532,0.0009632375097893154,0.0007961290790464669,-52.62067907363454,-2.650287430023921,7.727130472389969,20.040561952459715,2.2474921999964863
highdim_smooth,Smooth,5,cuda,NVIDIA GeForce RTX 4070 Ti SUPER,1,0,10000,7500,2500,"128,64,32",tanh,1000,2,True,30,31,0.001279550550682143,0.001269973900645201,9.229084521278934e-05,0.0002254409285324312,0.00013411266559150425,0.005,True,used_close,training_data_region,7500.0,93.0,3.0,0.0005079383899245231,0.0006345421253398368,0.00021552811725512275,0.0003613909596973377,0.00026375909039060865,0.00023699976955753477,0.0003177228104835377,0.00028559770581945015,0.0005516110267962326,0.0004452960735820696,0.0006681105879933367,0.0006038174215971821,-92.57663846667886,18.285994641572056,-15.034343860975666,34.484456955782164,2.390148800011957
highdim_smooth,Smooth,5,cuda,NVIDIA GeForce RTX 4070 Ti SUPER,1,0,10000,7500,2500,"128,64,32",tanh,1000,2,True,30,31,0.001279550550682143,0.001269973900645201,9.229084521278934e-05,0.0002254409285324312,0.00013411266559150425,0.005,True,used_close,training_data_region,7500.0,124.0,4.0,0.000495617057930555,0.000551035546136698,0.00017168498059549032,0.0003267607465082848,0.00019960429742551633,0.00016505029204948667,0.0002625225739344053,0.00022588190624323778,0.00045705746848994576,0.0003666991506100476,0.0005115085297598289,0.0004895351813042838,-148.29979330254537,13.987332532479309,-20.561545128502708,28.507732826715024,2.527921200002311
highdim_smooth,Smooth,5,cuda,NVIDIA GeForce RTX 4070 Ti SUPER,1,1,10000,7500,2500,"128,64,32",tanh,1000,2,True,30,31,0.001411290989177201,0.0012692973158889862,0.00020856248845197838,0.0004323455675877733,0.0019399539594157009,0.005,True,used_close,training_data_region,7500.0,62.0,2.0,0.0008573822139783642,0.0009119136360284474,0.000684717711372002,0.0009967583103765083,0.0005580305390838025,0.0005009621336652167,0.0007331176643221273,0.0006570071162266177,0.0013304531588674865,0.001086840586734548,0.0016289248766859774,0.0014540941587883208,-53.64431763645939,-22.70255181664426,31.45841851323123,25.081292510517788,2.1461645000090357
highdim_smooth,Smooth,5,cuda,NVIDIA GeForce RTX 4070 Ti SUPER,1,1,10000,7500,2500,"128,64,32",tanh,1000,2,True,30,31,0.001411290989177201,0.0012692973158889862,0.00020856248845197838,0.0004323455675877733,0.0019399539594157009,0.005,True,used_close,training_data_region,7500.0,93.0,3.0,0.0009919923817948686,0.0009473285742988206,0.00032023646076283354,0.0008509526093094163,0.00047528442926240814,0.0003782915271293258,0.0005641977407102623,0.0004932847654177689,0.0009701846525357032,0.0008486266779521705,0.0011470759230112035,0.0010563968294629916,-108.71552289948512,32.62214348999248,2.355848258075953,12.289623724170298,2.281971499993233
highdim_smooth,Smooth,5,cuda,NVIDIA GeForce RTX 4070 Ti SUPER,1,1,10000,7500,2500,"128,64,32",tanh,1000,2,True,30,31,0.001411290989177201,0.0012692973158889862,0.00020856248845197838,0.0004323455675877733,0.0019399539594157009,0.005,True,used_close,training_data_region,7500.0,124.0,4.0,0.0006019280823683079,0.0008322933821510141,0.00029250744176724655,0.0005945115327513045,0.00036651706763125613,0.00032945826682994543,0.00047398605764235505,0.00041021945867892896,0.0008431422412368187,0.000769281702602683,0.001071000436966549,0.0009569871751292407,-64.22920936765024,20.192681978583565,1.2867175377063584,29.488584052056726,2.4164542999933474
highdim_smooth,Smooth,5,cuda,NVIDIA GeForce RTX 4070 Ti SUPER,2,0,10000,7500,2500,"128,64,32",tanh,1000,2,True,30,31,0.0015145343962269958,0.0014184897951211519,0.00015938563772019564,0.00029361170403906787,0.0012541756705972476,0.005,True,used_close,training_data_region,7500.0,62.0,2.0,0.0006190063153831271,0.0009741247903063256,0.0006798320633981689,0.0014699475468136452,0.0003461264955836109,0.0002922113818674956,0.00041695987149510574,0.0003681749014604414,0.0007225382955034669,0.0005982104789437901,0.0010113243426764574,0.0008118116835569214,-78.83817716393193,-96.41144843647125,-34.81981458540582,-103.4421643754372,2.1586441000108607
highdim_smooth,Smooth,5,cuda,NVIDIA GeForce RTX 4070 Ti SUPER,2,0,10000,7500,2500,"128,64,32",tanh,1000,2,True,30,31,0.0015145343962269958,0.0014184897951211519,0.00015938563772019564,0.00029361170403906787,0.0012541756705972476,0.005,True,used_close,training_data_region,7500.0,93.0,3.0,0.0005595014848067961,0.0007419186731030033,0.00024151620810934188,0.0005555132289130953,0.00028605760034619457,0.0002542821881660037,0.00036083270994936015,0.00031158863959294134,0.0006241780017086744,0.0005031298684926556,0.0007609636751702544,0.0006902676024736745,-95.59049790310497,15.570777417886296,-18.863316405258793,11.00083191134752,2.2927180000115186
highdim_smooth,Smooth,5,cuda,NVIDIA GeForce RTX 4070 Ti SUPER,2,0,10000,7500,2500,"128,64,32",tanh,1000,2,True,30,31,0.0015145343962269958,0.0014184897951211519,0.00015938563772019564,0.00029361170403906787,0.0012541756705972476,0.005,True,used_close,training_data_region,7500.0,124.0,4.0,0.0005173814304738568,0.0007214070116205384,0.00022555291637736287,0.0003532394678494099,0.0002605099879697232,0.00023963603892842138,0.0003055760305958674,0.00027381601560365993,0.0006071108962133766,0.0005063561794975029,0.0007488796318969685,0.000615909916902756,-98.60329905431016,13.418706846826575,-18.826233579407045,41.81631888793188,2.4305963000224438
highdim_smooth,Smooth,5,cuda,NVIDIA GeForce RTX 4070 Ti SUPER,2,1,10000,7500,2500,"128,64,32",tanh,1000,2,True,30,31,0.00160423581246072,0.0014202100409272122,0.00026492136428953923,0.0006614208789033603,0.0023672384453753068,0.005,True,used_close,training_data_region,7500.0,62.0,2.0,0.001029227142417778,0.001347220043668506,0.0006355473706322373,0.0015079954031934615,0.0006132218010742471,0.0005049926378295492,0.0008814058781313108,0.0007710523170712336,0.0013303753568547406,0.001101268588018018,0.001705194062497681,0.0016425990411248809,-67.83929413709187,-3.640700561995688,-1.266160465689128,-13.351122705598543,2.409149499988416
highdim_smooth,Smooth,5,cuda,NVIDIA GeForce RTX 4070 Ti SUPER,2,1,10000,7500,2500,"128,64,32",tanh,1000,2,True,30,31,0.00160423581246072,0.0014202100409272122,0.00026492136428953923,0.0006614208789033603,0.0023672384453753068,0.005,True,used_close,training_data_region,7500.0,93.0,3.0,0.0012356328703071841,0.0013689569335582235,0.00045973298227856515,0.0009799628612310587,0.0005046328191003486,0.0004227173155533595,0.0005899523049364925,0.0005150790642330982,0.0011413893058206648,0.0008894347680629584,0.0013915045575336785,0.0011821738586953584,-144.85781018167842,8.897526106571938,-19.93777465559276,14.142978540835342,2.54380700000911
highdim_smooth,Smooth,5,cuda,NVIDIA GeForce RTX 4070 Ti SUPER,2,1,10000,7500,2500,"128,64,32",tanh,1000,2,True,30,31,0.00160423581246072,0.0014202100409272122,0.00026492136428953923,0.0006614208789033603,0.0023672384453753068,0.005,True,used_close,training_data_region,7500.0,124.0,4.0,0.0006553366510761477,0.0010070233512710347,0.00037842533722396246,0.000764408080262787,0.00042377664732015327,0.0003704036146238291,0.00046570762590701225,0.0004374442300320327,0.0009207616086596448,0.0007923792310317335,0.001147340718279478,0.0010276377118006073,-54.64199247889568,10.701701092540139,-9.36852077672541,16.98089135411087,2.6831181999878027
highdim_strong,Strong nonlinear,5,cuda,NVIDIA GeForce RTX 4070 Ti SUPER,0,0,10000,7500,2500,"128,64,32",tanh,1000,2,True,30,31,0.0005838448001956015,0.0010225781215817322,0.0006964225241067562,0.0009419853270346803,0.007814894805016459,0.005,True,used_close,training_data_region,7500.0,62.0,2.0,0.0029492853473208997,0.005463441304440033,0.004614163402445648,0.00628265202859119,0.0026415855545243823,0.0016156248034751139,0.0036616861039914365,0.0031699839287742983,0.005369673945054566,0.0036747708679463528,0.007478875693493055,0.006266383402936385,-11.648299343154111,-74.67400949943598,-1.7462393498179996,-17.002486424291565,2.763270700001158
highdim_strong,Strong nonlinear,5,cuda,NVIDIA GeForce RTX 4070 Ti SUPER,0,0,10000,7500,2500,"128,64,32",tanh,1000,2,True,30,31,0.0005838448001956015,0.0010225781215817322,0.0006964225241067562,0.0009419853270346803,0.007814894805016459,0.005,True,used_close,training_data_region,7500.0,93.0,3.0,0.0022356328103115947,0.004576578521761135,0.002120178047149971,0.00402928543204366,0.0010947979563491867,0.0009374274868490855,0.001420871468371677,0.0014799789105958854,0.002365220716127104,0.0017189980036539775,0.0035918830304934946,0.0035624403919649263,-104.20505878242048,-93.65929894682215,-93.49477579644177,-70.35557842742702,2.902042600006098
highdim_strong,Strong nonlinear,5,cuda,NVIDIA GeForce RTX 4070 Ti SUPER,0,0,10000,7500,2500,"128,64,32",tanh,1000,2,True,30,31,0.0005838448001956015,0.0010225781215817322,0.0006964225241067562,0.0009419853270346803,0.007814894805016459,0.005,True,used_close,training_data_region,7500.0,124.0,4.0,0.0018874013873665016,0.003828767061102988,0.0012220670312821835,0.003147781191403606,0.0010561382692971838,0.0009166823512049267,0.0012054887625556256,0.0011842016280535401,0.0022477143778895036,0.001718741758194721,0.00357493915754644,0.00273704921808854,-78.70779255281498,-15.710893810847173,-70.34046223871279,-40.04364710961284,3.0445327000052202
highdim_strong,Strong nonlinear,5,cuda,NVIDIA GeForce RTX 4070 Ti SUPER,0,1,10000,7500,2500,"128,64,32",tanh,1000,2,True,30,31,0.0005955416068367098,0.0010199246697894229,0.0006929736925845279,0.001054381927182248,0.007532538315554348,0.005,True,used_close,training_data_region,7500.0,62.0,2.0,0.0029110362352126975,0.005258638091774797,0.002377517964755105,0.004502360324769393,0.0023112462076350037,0.0013798169034524798,0.004547690031502778,0.0036059600883694503,0.005192216688771354,0.003028572798461958,0.010038314068160956,0.008334444584770735,-25.95093614848729,-2.8673603401134007,-1.2792494417092808,13.28635543069376,2.6069109000090975
highdim_strong,Strong nonlinear,5,cuda,NVIDIA GeForce RTX 4070 Ti SUPER,0,1,10000,7500,2500,"128,64,32",tanh,1000,2,True,30,31,0.0005955416068367098,0.0010199246697894229,0.0006929736925845279,0.001054381927182248,0.007532538315554348,0.005,True,used_close,training_data_region,7500.0,93.0,3.0,0.0020202353850324478,0.0037552485921086938,0.001398283077747997,0.003960389520825791,0.0010680430364166224,0.0009949983439452182,0.0013875671771459966,0.0012843675006372858,0.00249679659766296,0.0019659332066411057,0.00364568268743077,0.0029544130796446077,-89.15299441589113,-30.920106219629385,-50.40266378221055,-58.6188288037871,2.7416990000056103
highdim_strong,Strong nonlinear,5,cuda,NVIDIA GeForce RTX 4070 Ti SUPER,0,1,10000,7500,2500,"128,64,32",tanh,1000,2,True,30,31,0.0005955416068367098,0.0010199246697894229,0.0006929736925845279,0.001054381927182248,0.007532538315554348,0.005,True,used_close,training_data_region,7500.0,124.0,4.0,0.0018688653893833233,0.003388941943395567,0.0026622509200361416,0.004733156516205209,0.001014616211422943,0.0008980336060802632,0.0011541559682843794,0.001070386900391118,0.00172471837527905,0.0013930127327259488,0.0031075559074454913,0.0022926750577575254,-84.19431587460474,-162.38994509091097,-96.49248201737599,-174.4306887458893,2.881356500001857
highdim_strong,Strong nonlinear,5,cuda,NVIDIA GeForce RTX 4070 Ti SUPER,1,0,10000,7500,2500,"128,64,32",tanh,1000,2,True,30,31,0.00043260425574397863,0.0009048210510166552,0.0005023031336301221,0.0011191794199977869,0.009281102787872211,0.005,True,used_close,training_data_region,7500.0,62.0,2.0,0.004556576367708518,0.005754688803894321,0.0016642635640585852,0.0030248692720122373,0.0034645936240142432,0.00189558187648473,0.005050925515493743,0.004330788157847762,0.007721482498550296,0.003990622164369899,0.012376537438668893,0.00920116210672923,-31.518349976902957,51.96367179911016,25.471710840829324,60.82527840242913,2.0722070999909192
highdim_strong,Strong nonlinear,5,cuda,NVIDIA GeForce RTX 4070 Ti SUPER,1,0,10000,7500,2500,"128,64,32",tanh,1000,2,True,30,31,0.00043260425574397863,0.0009048210510166552,0.0005023031336301221,0.0011191794199977869,0.009281102787872211,0.005,True,used_close,training_data_region,7500.0,93.0,3.0,0.0031770013556165423,0.0044437809952699425,0.001972359174089345,0.0037921503247465506,0.0020944538788769743,0.0011849520962629412,0.00461071517903102,0.003226852117019988,0.004049235062298189,0.0024288027419077595,0.007920001879649821,0.006201525821200757,-51.68638410505461,5.829429142316345,-9.743715217852142,6.348970449883619,2.2067949999764096
highdim_strong,Strong nonlinear,5,cuda,NVIDIA GeForce RTX 4070 Ti SUPER,1,0,10000,7500,2500,"128,64,32",tanh,1000,2,True,30,31,0.00043260425574397863,0.0009048210510166552,0.0005023031336301221,0.0011191794199977869,0.009281102787872211,0.005,True,used_close,training_data_region,7500.0,124.0,4.0,0.002341474815168632,0.0037117892053932025,0.0008847938542440561,0.0017266048371670463,0.0012799198403518697,0.0008834370277850834,0.003113041831731714,0.002024048936182322,0.002710113979686779,0.0020377604136937455,0.005416439584867485,0.004294128627185106,-82.93917645068494,30.871150962015513,-36.960630926017075,36.29032394546747,2.3463209999899846
highdim_strong,Strong nonlinear,5,cuda,NVIDIA GeForce RTX 4070 Ti SUPER,1,1,10000,7500,2500,"128,64,32",tanh,1000,2,True,30,31,0.0004328389156708665,0.0008992853048942354,0.0005209565947888289,0.0010951440501378047,0.009183304971984638,0.005,True,used_close,training_data_region,7500.0,62.0,2.0,0.004773281625601052,0.005793196364812811,0.002032563787907311,0.003564947401252485,0.002806369348106451,0.002020010448787399,0.0072722701977919295,0.005015628652483047,0.006191387915248338,0.003769979084066864,0.015714104653030133,0.010901204589928104,-70.08743445768249,27.57319027594326,6.431377841062886,42.42086830849954,2.046841100003803
highdim_strong,Strong nonlinear,5,cuda,NVIDIA GeForce RTX 4070 Ti SUPER,1,1,10000,7500,2500,"128,64,32",tanh,1000,2,True,30,31,0.0004328389156708665,0.0008992853048942354,0.0005209565947888289,0.0010951440501378047,0.009183304971984638,0.005,True,used_close,training_data_region,7500.0,93.0,3.0,0.003193336354479565,0.00440502079677385,0.0010969303623149646,0.0021503482791547365,0.0021961910232179615,0.001088014224794155,0.0032961112286710084,0.00329247232460198,0.003325898876913097,0.0023315094490700505,0.007024047985973567,0.00694221585871321,-45.40339709614783,50.053053185342186,-32.446023159379095,35.34534997195818,2.1863093999854755
highdim_strong,Strong nonlinear,5,cuda,NVIDIA GeForce RTX 4070 Ti SUPER,1,1,10000,7500,2500,"128,64,32",tanh,1000,2,True,30,31,0.0004328389156708665,0.0008992853048942354,0.0005209565947888289,0.0010951440501378047,0.009183304971984638,0.005,True,used_close,training_data_region,7500.0,124.0,4.0,0.0023837684969507814,0.004344292855574033,0.001344671885633435,0.001857872613981566,0.0012053919587280927,0.0008944226508841142,0.0018090388030212272,0.0017572146382706405,0.00265957626310564,0.0019486472407551853,0.004288711621097321,0.004032686061354558,-97.75878540504699,-11.55474166696018,-63.345301123311884,30.14403686201909,2.331692399980966
highdim_strong,Strong nonlinear,5,cuda,NVIDIA GeForce RTX 4070 Ti SUPER,2,0,10000,7500,2500,"128,64,32",tanh,1000,2,True,30,31,0.0007830797460821639,0.0017552668896811227,0.0013765552991097238,0.0015070200367111077,0.013912343335493595,0.005,True,used_close,training_data_region,7500.0,62.0,2.0,0.017282906042211024,0.010276487288050504,0.004328301942667519,0.009336940267833826,0.0037087867841001307,0.0026430390009516587,0.006757376208162425,0.005148226429808376,0.007841167441525364,0.0054177697452019325,0.0128412096227467,0.00994830422462153,-365.9989114581685,-16.703984203764428,-31.058128329566575,-19.075894469325156,2.1483651000016835
highdim_strong,Strong nonlinear,5,cuda,NVIDIA GeForce RTX 4070 Ti SUPER,2,0,10000,7500,2500,"128,64,32",tanh,1000,2,True,30,31,0.0007830797460821639,0.0017552668896811227,0.0013765552991097238,0.0015070200367111077,0.013912343335493595,0.005,True,used_close,training_data_region,7500.0,93.0,3.0,0.013566226300609566,0.008413256656853243,0.0017733953840294908,0.003977767506950718,0.002489366121661971,0.002224094438116923,0.0028512247297792417,0.0030216651083624785,0.0051932301350161286,0.0036551225549011504,0.006602892232042483,0.00635379254842776,-444.96709754981197,28.761166603909516,-62.00431019079254,23.4047518878467,2.2825875999988057
highdim_strong,Strong nonlinear,5,cuda,NVIDIA GeForce RTX 4070 Ti SUPER,2,0,10000,7500,2500,"128,64,32",tanh,1000,2,True,30,31,0.0007830797460821639,0.0017552668896811227,0.0013765552991097238,0.0015070200367111077,0.013912343335493595,0.005,True,used_close,training_data_region,7500.0,124.0,4.0,0.012864186526218083,0.008793891105555273,0.0019213691096067827,0.002849144806265442,0.002446320791599692,0.002050915854669869,0.002764844239354974,0.002458742295369734,0.005204773760534281,0.0034359156337285084,0.006677739496596317,0.005256502967327519,-425.8585288729024,21.458824361691107,-68.95818166460633,45.25900764660765,2.419684899999993
highdim_strong,Strong nonlinear,5,cuda,NVIDIA GeForce RTX 4070 Ti SUPER,2,1,10000,7500,2500,"128,64,32",tanh,1000,2,True,30,31,0.0008308464253660471,0.0017476926248501418,0.001380284867660903,0.002611427768434513,0.012981007057050936,0.005,True,used_close,training_data_region,7500.0,62.0,2.0,0.015831703039443402,0.010692179456469907,0.0024686957149571524,0.005072742202665725,0.0041788461114013395,0.00288308056457092,0.007855543273763487,0.008030120683627852,0.00853699820631676,0.005360155170217154,0.015335738179292412,0.014844219988195987,-278.85345900269056,40.923985972546454,-25.245188039965495,40.579322144963506,2.2025808000180405
highdim_strong,Strong nonlinear,5,cuda,NVIDIA GeForce RTX 4070 Ti SUPER,2,1,10000,7500,2500,"128,64,32",tanh,1000,2,True,30,31,0.0008308464253660471,0.0017476926248501418,0.001380284867660903,0.002611427768434513,0.012981007057050936,0.005,True,used_close,training_data_region,7500.0,93.0,3.0,0.013309869367870675,0.009139373178370939,0.0017859244321120165,0.002985173284156679,0.0024846912872314676,0.002162018017658524,0.003162522208588672,0.0032539004609914617,0.0053709296130386545,0.004298168213109849,0.007142790690872893,0.006611705298710047,-435.6749724309216,28.12288426776923,-70.16371162608202,44.41980254386933,2.3424856000056025
highdim_strong,Strong nonlinear,5,cuda,NVIDIA GeForce RTX 4070 Ti SUPER,2,1,10000,7500,2500,"128,64,32",tanh,1000,2,True,30,31,0.0008308464253660471,0.0017476926248501418,0.001380284867660903,0.002611427768434513,0.012981007057050936,0.005,True,used_close,training_data_region,7500.0,124.0,4.0,0.012364749978619999,0.009113326240454342,0.0021296278906003793,0.002673264489832146,0.0023515817033736668,0.0019844445248864175,0.0025481331489013532,0.002355995237431699,0.004689692996056366,0.0038804675245120864,0.006239006904854599,0.005164611096551044,-425.8056720241133,9.438490376705358,-94.32671281719028,42.997025773752476,2.479451000021072
highdim_poly2,Quadratic,10,cuda,NVIDIA GeForce RTX 4070 Ti SUPER,0,0,10000,7500,2500,"128,64,32",tanh,1000,2,True,85,86,0.00374050310380198,0.002628213404673407,0.00110911675712736,0.0015002303443911074,0.009893548723814427,0.005,True,used_close,training_data_region,7500.0,172.0,2.0,0.001659284341075841,0.0019817302994240694,0.0018617312829567886,0.002523202214878354,0.002294161717685875,0.002147311084746123,0.0025244430346412355,0.0023415635015721155,0.002984073536831904,0.002737697945036651,0.003252778106116207,0.0029856774680497838,27.673610439739882,18.849169672540775,33.58976328954649,15.444368788674106,2.506479200004833
highdim_poly2,Quadratic,10,cuda,NVIDIA GeForce RTX 4070 Ti SUPER,0,0,10000,7500,2500,"128,64,32",tanh,1000,2,True,85,86,0.00374050310380198,0.002628213404673407,0.00110911675712736,0.0015002303443911074,0.009893548723814427,0.005,True,used_close,training_data_region,7500.0,258.0,3.0,0.0015637248707207887,0.0019289832977707397,0.0014670461517507873,0.0021051600790188553,0.0016433067961804937,0.0015850178473160728,0.0017872476847192015,0.0016826690273591838,0.002194256780725841,0.00207060420389081,0.002317138947960415,0.002200188613360606,4.842791720004792,10.72597307084627,12.089445742414487,4.0604501027228626,2.9029202999954578
highdim_poly2,Quadratic,10,cuda,NVIDIA GeForce RTX 4070 Ti SUPER,0,0,10000,7500,2500,"128,64,32",tanh,1000,2,True,85,86,0.00374050310380198,0.002628213404673407,0.00110911675712736,0.0015002303443911074,0.009893548723814427,0.005,True,used_close,training_data_region,7500.0,344.0,4.0,0.001287520556510507,0.001645496449689783,0.001409121564044124,0.0018778081746682277,0.0015182909619597964,0.001445521304446228,0.0015701433526054435,0.0015076070498435878,0.0020004311603831013,0.0018708107285174108,0.0021087863916361546,0.0019937098628911385,15.199353169527727,7.190281747759166,17.742910514618508,6.129827816288873,3.2946539999975357
highdim_poly2,Quadratic,10,cuda,NVIDIA GeForce RTX 4070 Ti SUPER,0,1,10000,7500,2500,"128,64,32",tanh,1000,2,True,85,86,0.0032451574138624762,0.0026309999853365044,0.0005943718528169659,0.0008599299373626925,0.005673008861897588,0.005,True,used_close,training_data_region,7500.0,172.0,2.0,0.0010901647110386444,0.0011996738872057603,0.0009854186009824117,0.0012269075209636903,0.0012588738049012526,0.0011195910964582243,0.001399387101356939,0.0012806275046021384,0.0016310686133546724,0.0014378716075752504,0.0018757347397426185,0.001673294447556456,13.401589039803866,21.72220939495131,26.44859465854403,24.778914208871367,2.632824200001778
highdim_poly2,Quadratic,10,cuda,NVIDIA GeForce RTX 4070 Ti SUPER,0,1,10000,7500,2500,"128,64,32",tanh,1000,2,True,85,86,0.0032451574138624762,0.0026309999853365044,0.0005943718528169659,0.0008599299373626925,0.005673008861897588,0.005,True,used_close,training_data_region,7500.0,258.0,3.0,0.0008895809077900505,0.001069625363240638,0.0008063161373528512,0.0009747455515884921,0.000937267822630866,0.0008861097735797022,0.001018091835358297,0.000964697911678528,0.0012037481751839222,0.0011440674641593678,0.0013350649592867485,0.001259487194094824,5.087864289095142,13.971639921494337,11.142098879841832,19.024130488126435,3.042797000001883
highdim_poly2,Quadratic,10,cuda,NVIDIA GeForce RTX 4070 Ti SUPER,0,1,10000,7500,2500,"128,64,32",tanh,1000,2,True,85,86,0.0032451574138624762,0.0026309999853365044,0.0005943718528169659,0.0008599299373626925,0.005673008861897588,0.005,True,used_close,training_data_region,7500.0,344.0,4.0,0.0008736550979573526,0.0009870940446919912,0.0008286354177720861,0.0010603016175520738,0.0008447631144517136,0.0008174844836709318,0.0008759833847998896,0.0008529061331105483,0.0011152239477977242,0.0010506317149981763,0.0011834146682253384,0.0011248566492539594,-3.420128437353835,1.9091383612428505,11.48916353157194,4.924780386406491,3.4351390000083484
highdim_poly2,Quadratic,10,cuda,NVIDIA GeForce RTX 4070 Ti SUPER,1,0,10000,7500,2500,"128,64,32",tanh,1000,2,True,85,86,0.006259438590831428,0.0044301615665192735,0.0019101258674042345,0.00262800702857732,0.012557154992737019,0.005,True,used_close,training_data_region,7500.0,172.0,2.0,0.0028915630375825436,0.003323059793399979,0.0034134784885819455,0.004762504606625156,0.004462149351324042,0.003964428217595491,0.00477442116642845,0.004517182618903009,0.0057328096523557165,0.004846912201099264,0.006468454697302656,0.005810483466335789,35.197977254514406,23.501473845354983,42.034360201817044,16.925471183782356,2.600302600010764
highdim_poly2,Quadratic,10,cuda,NVIDIA GeForce RTX 4070 Ti SUPER,1,0,10000,7500,2500,"128,64,32",tanh,1000,2,True,85,86,0.006259438590831428,0.0044301615665192735,0.0019101258674042345,0.00262800702857732,0.012557154992737019,0.005,True,used_close,training_data_region,7500.0,258.0,3.0,0.002502292101598228,0.0032643926408894163,0.002780843928909308,0.003184859936787618,0.003079374250945351,0.002855495255826093,0.0035043738793009765,0.003269614371093314,0.003989829750469931,0.003623533838539856,0.004489809291743675,0.004197633111647667,18.740240786580657,9.694512511572636,18.18215700795432,20.175542918529345,2.9889479000121355
highdim_poly2,Quadratic,10,cuda,NVIDIA GeForce RTX 4070 Ti SUPER,1,0,10000,7500,2500,"128,64,32",tanh,1000,2,True,85,86,0.006259438590831428,0.0044301615665192735,0.0019101258674042345,0.00262800702857732,0.012557154992737019,0.005,True,used_close,training_data_region,7500.0,344.0,4.0,0.0023926909116469583,0.0031559068157825682,0.002429564704037547,0.0030993535183135605,0.0026841406312191783,0.0025213391152009556,0.0028356778240408676,0.0026960999884844015,0.003526401003791682,0.003311962496033385,0.003685965487408599,0.003539348337717797,10.858213469978994,9.48444817759042,10.506297712901862,12.110009185539264,3.3667312000179663
highdim_poly2,Quadratic,10,cuda,NVIDIA GeForce RTX 4070 Ti SUPER,1,1,10000,7500,2500,"128,64,32",tanh,1000,2,True,85,86,0.0056856283149976485,0.004433725220903638,0.0013452723537494982,0.0017442678052953988,0.008816881515778127,0.005,True,used_close,training_data_region,7500.0,172.0,2.0,0.002034734695591157,0.0024862310477783353,0.002777737842455297,0.003660868400503715,0.003060452770992381,0.0028037903607908135,0.0034316831616912906,0.003200177928518681,0.0038664144268136594,0.0035515252048073384,0.004351020470204447,0.004045020181147906,33.51523948100742,9.237683104170593,35.69672638979736,5.3161923068690875,2.707071900018491
highdim_poly2,Quadratic,10,cuda,NVIDIA GeForce RTX 4070 Ti SUPER,1,1,10000,7500,2500,"128,64,32",tanh,1000,2,True,85,86,0.0056856283149976485,0.004433725220903638,0.0013452723537494982,0.0017442678052953988,0.008816881515778127,0.005,True,used_close,training_data_region,7500.0,258.0,3.0,0.0016780207891168065,0.0020477395101359264,0.0020910090458365156,0.0026923955958352407,0.0021914005910810444,0.002073034047139051,0.002382592197029347,0.0023254963648177422,0.0028816689137263927,0.0026476172021208397,0.003195595477197558,0.0030616704170905425,23.427017591109685,4.581158992706324,28.93911231849607,6.568184047430892,3.0932519999914803
highdim_poly2,Quadratic,10,cuda,NVIDIA GeForce RTX 4070 Ti SUPER,1,1,10000,7500,2500,"128,64,32",tanh,1000,2,True,85,86,0.0056856283149976485,0.004433725220903638,0.0013452723537494982,0.0017442678052953988,0.008816881515778127,0.005,True,used_close,training_data_region,7500.0,344.0,4.0,0.0017040283037754208,0.002290205363065514,0.0018811429657007513,0.002541539458642405,0.0018963683366809256,0.0018068994168210263,0.0019895874650009138,0.0019262930527654573,0.002516327679035875,0.002354480331247852,0.002665558013807703,0.002559962453086331,10.142546106952166,0.8028699217169049,8.986203102808902,-1.0019275238505512,3.4647188000089955
highdim_poly2,Quadratic,10,cuda,NVIDIA GeForce RTX 4070 Ti SUPER,2,0,10000,7500,2500,"128,64,32",tanh,1000,2,True,85,86,0.0060884491629224465,0.004173806113370339,0.0019115443807477092,0.0026388353568945473,0.0134235143789799,0.005,True,used_close,training_data_region,7500.0,172.0,2.0,0.002925962789298767,0.0037187486709886505,0.0029641466325541605,0.0040257320242099975,0.00419077950096653,0.003773350706535954,0.0046047792672586595,0.004291518041696102,0.005517242040932806,0.004939792544091643,0.00621199849587506,0.0057497136698024575,30.1809415498013,29.26980214848975,32.5976884211533,27.03361581125481,2.6392325999913737
highdim_poly2,Quadratic,10,cuda,NVIDIA GeForce RTX 4070 Ti SUPER,2,0,10000,7500,2500,"128,64,32",tanh,1000,2,True,85,86,0.0060884491629224465,0.004173806113370339,0.0019115443807477092,0.0026388353568945473,0.0134235143789799,0.005,True,used_close,training_data_region,7500.0,258.0,3.0,0.0022829278990582104,0.0031712076333360786,0.002639272582618933,0.003228933186911833,0.0030225003788609027,0.0029022224075289094,0.0033381539164296916,0.0031316408694042883,0.004094041510066716,0.003833357749848142,0.004468783051394773,0.004176581249918943,24.46889618195571,12.679164539473037,22.540901807211988,21.130912352199996,3.0594279000069946
highdim_poly2,Quadratic,10,cuda,NVIDIA GeForce RTX 4070 Ti SUPER,2,0,10000,7500,2500,"128,64,32",tanh,1000,2,True,85,86,0.0060884491629224465,0.004173806113370339,0.0019115443807477092,0.0026388353568945473,0.0134235143789799,0.005,True,used_close,training_data_region,7500.0,344.0,4.0,0.0021801090012914487,0.002966358731622519,0.0023875391015794737,0.00302669907506752,0.002677694854454478,0.0025497913911496917,0.0027907394873747755,0.0026775276576668466,0.0036093890305772805,0.0033927048086325245,0.0038439410814211103,0.0036129447957923473,18.582619760995943,10.836027577687423,17.81548881285085,16.14372822030121,3.4701088999863714
highdim_poly2,Quadratic,10,cuda,NVIDIA GeForce RTX 4070 Ti SUPER,2,1,10000,7500,2500,"128,64,32",tanh,1000,2,True,85,86,0.005102507095566655,0.004180924607224156,0.0010019496810745043,0.0014070984416866376,0.006771765658053194,0.005,True,used_close,training_data_region,7500.0,172.0,2.0,0.002866170794966079,0.0024460560736134997,0.0018827853855182277,0.0023527023487297603,0.0023512862728473855,0.002186921460703776,0.00264436663404607,0.0024051854484724035,0.0030681679744572507,0.002882317893907588,0.0035114490515706243,0.003154960840077874,-21.897993794484805,19.925301854538013,20.2763312185931,23.31898486927053,2.70844990000478
highdim_poly2,Quadratic,10,cuda,NVIDIA GeForce RTX 4070 Ti SUPER,2,1,10000,7500,2500,"128,64,32",tanh,1000,2,True,85,86,0.005102507095566655,0.004180924607224156,0.0010019496810745043,0.0014070984416866376,0.006771765658053194,0.005,True,used_close,training_data_region,7500.0,258.0,3.0,0.0016432414076952924,0.0018812123440716051,0.0016979325968510877,0.002219595464990177,0.0016874158732456284,0.0015777260557780638,0.0017863812697759148,0.0016978314029638519,0.0022879464863148112,0.002024110198606177,0.002481287571865179,0.002266383618023059,2.617876615405394,-0.6232443212253966,17.777257670844023,2.9874396859135914,3.1119533000164665
highdim_poly2,Quadratic,10,cuda,NVIDIA GeForce RTX 4070 Ti SUPER,2,1,10000,7500,2500,"128,64,32",tanh,1000,2,True,85,86,0.005102507095566655,0.004180924607224156,0.0010019496810745043,0.0014070984416866376,0.006771765658053194,0.005,True,used_close,training_data_region,7500.0,344.0,4.0,0.0013349049534609274,0.001604649113246958,0.0014118403477855427,0.0017968077760988654,0.0014148668021323378,0.0013752798226300165,0.0015013774125908156,0.0014534629574929326,0.00194028834083089,0.0018312866503484497,0.00205967934683137,0.001985438117768161,5.651546036057978,0.21390383478034827,17.298420060608173,7.3948063137142785,3.5133922999957576
highdim_smooth,Smooth,10,cuda,NVIDIA GeForce RTX 4070 Ti SUPER,0,0,10000,7500,2500,"128,64,32",tanh,1000,2,True,85,86,0.0012556585283535157,0.0009332052246560146,0.000363708714680115,0.0004727134950795284,0.004886864485199326,0.005,True,used_close,training_data_region,7500.0,172.0,2.0,0.0006281564193861541,0.0006882486691019364,0.0006849768037150893,0.0008934236835554659,0.0008091261596176315,0.0007308172565077989,0.0008708130154518528,0.0008075145621849911,0.00103247704314277,0.0008681840925119323,0.0011245219565676652,0.00101146496953062,22.366072098941675,15.343633922454245,33.340051125304676,13.467937181831934,2.5643310000014026
highdim_smooth,Smooth,10,cuda,NVIDIA GeForce RTX 4070 Ti SUPER,0,0,10000,7500,2500,"128,64,32",tanh,1000,2,True,85,86,0.0012556585283535157,0.0009332052246560146,0.000363708714680115,0.0004727134950795284,0.004886864485199326,0.005,True,used_close,training_data_region,7500.0,258.0,3.0,0.0005197872172791417,0.0006142475961246072,0.0004752856744000036,0.0005619810666254971,0.0005915020217917525,0.0005510629322664324,0.0006489256289763844,0.0006045671602782813,0.0007445952592962498,0.0006911472300182136,0.000795157985240458,0.0007525112137894693,12.124185864213175,19.647666974951548,17.505841132381093,24.52529617813434,2.9883093000098597
highdim_smooth,Smooth,10,cuda,NVIDIA GeForce RTX 4070 Ti SUPER,0,0,10000,7500,2500,"128,64,32",tanh,1000,2,True,85,86,0.0012556585283535157,0.0009332052246560146,0.000363708714680115,0.0004727134950795284,0.004886864485199326,0.005,True,used_close,training_data_region,7500.0,344.0,4.0,0.0004391550283520911,0.0005681369657939874,0.00047891261536128836,0.0005591543285263455,0.0004918965311021203,0.000475813489104462,0.0005098484881959093,0.0005027483594999099,0.00061789820724957,0.0005967509794484455,0.0006406948679393209,0.0006344551228295819,10.722072512253552,2.6395623713265066,8.053307303978622,9.50704793022611,3.3918909000058193
highdim_smooth,Smooth,10,cuda,NVIDIA GeForce RTX 4070 Ti SUPER,0,1,10000,7500,2500,"128,64,32",tanh,1000,2,True,85,86,0.0012256075424443389,0.0009332575512371932,0.00032090100067850376,0.0004386992077217697,0.004459413769750408,0.005,True,used_close,training_data_region,7500.0,172.0,2.0,0.0004684390005085589,0.0005771343524519311,0.0006393132361069277,0.0007692989996126399,0.0007015573367387691,0.0006359242585647759,0.0007608919858943895,0.0007084647281604295,0.0008543858909537607,0.0007787915279507342,0.0009677376111117458,0.0008770860585259313,33.228693368652465,8.872275631979964,32.4503882188797,9.958836193577271,2.6710263999993913
highdim_smooth,Smooth,10,cuda,NVIDIA GeForce RTX 4070 Ti SUPER,0,1,10000,7500,2500,"128,64,32",tanh,1000,2,True,85,86,0.0012256075424443389,0.0009332575512371932,0.00032090100067850376,0.0004386992077217697,0.004459413769750408,0.005,True,used_close,training_data_region,7500.0,258.0,3.0,0.00042515969487401666,0.0005477285503675635,0.0005502741504936606,0.0006176099122318012,0.0005099787619901441,0.00047002423951790696,0.000544369586078916,0.0005152706175546124,0.0006353721166785863,0.0005960878867239402,0.0006862145885910382,0.0006464996880763483,16.631882234689343,-7.901385607955045,13.794052966815789,2.7955593235090586,3.0910892999963835
highdim_smooth,Smooth,10,cuda,NVIDIA GeForce RTX 4070 Ti SUPER,0,1,10000,7500,2500,"128,64,32",tanh,1000,2,True,85,86,0.0012256075424443389,0.0009332575512371932,0.00032090100067850376,0.0004386992077217697,0.004459413769750408,0.005,True,used_close,training_data_region,7500.0,344.0,4.0,0.00041623536802383053,0.000575151028270227,0.0004337393172630206,0.00055117053794488,0.00044577979280256203,0.00042331070473448343,0.00047810638950858343,0.00045172728250206863,0.000560075618515044,0.0005229535790384121,0.0006004207442226912,0.0005687730666703502,6.627582778705465,2.700991775298848,-2.6916739913001586,1.5899782593240783,3.508155599993188
highdim_smooth,Smooth,10,cuda,NVIDIA GeForce RTX 4070 Ti SUPER,1,0,10000,7500,2500,"128,64,32",tanh,1000,2,True,85,86,0.0016375633590451073,0.0013003515372635758,0.00040732048990115385,0.000554080850341374,0.00440643063015065,0.005,True,used_close,training_data_region,7500.0,172.0,2.0,0.0007906135701446857,0.0008274717674798167,0.0006413720334635018,0.000836543903214987,0.0010052926601857902,0.000852827843063301,0.001103123663599095,0.000991571217195059,0.0012029578817209278,0.0010839397513640642,0.001354283107958223,0.0012279151242081269,21.354884855264856,36.20046590761257,31.213571143816612,30.459418743884548,2.6602868999761995
highdim_smooth,Smooth,10,cuda,NVIDIA GeForce RTX 4070 Ti SUPER,1,0,10000,7500,2500,"128,64,32",tanh,1000,2,True,85,86,0.0016375633590451073,0.0013003515372635758,0.00040732048990115385,0.000554080850341374,0.00440643063015065,0.005,True,used_close,training_data_region,7500.0,258.0,3.0,0.0006648850656932884,0.000865864031455471,0.0006219178329298443,0.0007396929575618591,0.0006957347218970998,0.0006312068745929859,0.0007605483073870553,0.0007139785178332966,0.0008405826376640777,0.0007746715317140197,0.0009058762021935241,0.0008829680365493007,4.434111915485807,10.609918787145585,-3.0076036142798044,12.002351176629595,3.0700580999837257
highdim_smooth,Smooth,10,cuda,NVIDIA GeForce RTX 4070 Ti SUPER,1,0,10000,7500,2500,"128,64,32",tanh,1000,2,True,85,86,0.0016375633590451073,0.0013003515372635758,0.00040732048990115385,0.000554080850341374,0.00440643063015065,0.005,True,used_close,training_data_region,7500.0,344.0,4.0,0.0006381229496842981,0.0008186574881420337,0.0005512017274868291,0.0006833344647732012,0.000619032788713894,0.000560507259871372,0.0006552056413122057,0.0006185487185776456,0.000751121721812741,0.0006696793800377365,0.0008289319589201267,0.0007654722225570455,-3.08386911298606,10.957587782707138,-8.991321162474621,9.024803180494294,3.4769266999792308
highdim_smooth,Smooth,10,cuda,NVIDIA GeForce RTX 4070 Ti SUPER,1,1,10000,7500,2500,"128,64,32",tanh,1000,2,True,85,86,0.0014939682970050408,0.0012982046692110512,0.0002645391532678459,0.0003018386298847518,0.0026212786786399614,0.005,True,used_close,training_data_region,7500.0,172.0,2.0,0.0007167102422209659,0.0007297497378176473,0.0006344451289045099,0.0006513510017317421,0.0006217290650327226,0.0005648975249589456,0.0006921514998295247,0.0006507027339426106,0.0007393431308298632,0.0006675585602530256,0.000874197702087708,0.0007902445462309901,-15.276940154509953,-2.045274153480022,1.2975562512426326,11.901392659096699,2.7121618000091985
highdim_smooth,Smooth,10,cuda,NVIDIA GeForce RTX 4070 Ti SUPER,1,1,10000,7500,2500,"128,64,32",tanh,1000,2,True,85,86,0.0014939682970050408,0.0012982046692110512,0.0002645391532678459,0.0003018386298847518,0.0026212786786399614,0.005,True,used_close,training_data_region,7500.0,258.0,3.0,0.0005346863327482458,0.0005669966226701803,0.0006358231286407443,0.0006965462293086007,0.000461407954507017,0.00043572097962045085,0.0004939389615930996,0.00047372804215301787,0.0005764978541947284,0.0005144857562100259,0.0006356363945864534,0.0005806905660127118,-15.881472680617685,-37.8006431033635,1.6480948637388664,-20.823733209130474,3.129985500010662
highdim_smooth,Smooth,10,cuda,NVIDIA GeForce RTX 4070 Ti SUPER,1,1,10000,7500,2500,"128,64,32",tanh,1000,2,True,85,86,0.0014939682970050408,0.0012982046692110512,0.0002645391532678459,0.0003018386298847518,0.0026212786786399614,0.005,True,used_close,training_data_region,7500.0,344.0,4.0,0.00047984181557345524,0.0005422247914327429,0.00043715438307171544,0.0005811861942696999,0.00039769876606986465,0.0003795938147246803,0.00043204029927378703,0.00040309753453266904,0.0004933355762335538,0.00044677900908699945,0.0005424997992297897,0.0004999433024693589,-20.65458998410881,-9.920980492788237,-9.909930999187468,-17.807476749772448,3.532976599992253
highdim_smooth,Smooth,10,cuda,NVIDIA GeForce RTX 4070 Ti SUPER,2,0,10000,7500,2500,"128,64,32",tanh,1000,2,True,85,86,0.0014161166477841165,0.0011394564544769835,0.0003258688390363235,0.0004017956912099538,0.0038754894944085586,0.005,True,used_close,training_data_region,7500.0,172.0,2.0,0.0006068172238365587,0.000671863240907154,0.0006211829666327964,0.0008190267666422292,0.0007009051408624855,0.0006235032073729867,0.0007567472191757931,0.0007048833006248209,0.0008584314101644898,0.000776340432424979,0.0009651677395160579,0.0008851038549521231,13.42377328123869,11.37417456113796,21.733614013679464,4.590307746860055,2.630859099997906
highdim_smooth,Smooth,10,cuda,NVIDIA GeForce RTX 4070 Ti SUPER,2,0,10000,7500,2500,"128,64,32",tanh,1000,2,True,85,86,0.0014161166477841165,0.0011394564544769835,0.0003258688390363235,0.0004017956912099538,0.0038754894944085586,0.005,True,used_close,training_data_region,7500.0,258.0,3.0,0.0004498475935754094,0.0005300217526593384,0.0004905129753009142,0.000574689575465308,0.0005448300326695312,0.0005012211104036416,0.0006080616155519648,0.0005580313952081391,0.0006726906756021316,0.0006342392585208168,0.0007883593905095359,0.0007250598868621756,17.43340737454056,9.969541712390011,21.208696376694828,14.568523645597134,3.0677888999925926
highdim_smooth,Smooth,10,cuda,NVIDIA GeForce RTX 4070 Ti SUPER,2,0,10000,7500,2500,"128,64,32",tanh,1000,2,True,85,86,0.0014161166477841165,0.0011394564544769835,0.0003258688390363235,0.0004017956912099538,0.0038754894944085586,0.005,True,used_close,training_data_region,7500.0,344.0,4.0,0.0004361247770995483,0.0005363621824344834,0.0004280447255209092,0.0005923526979728407,0.0004661241543615541,0.0004540015586679436,0.0005093425012353732,0.0004786666363829393,0.0005845243098899292,0.000559971477219873,0.0006385636214968894,0.0006044762894641225,6.435919911315396,8.169374722235098,8.239542246671501,-1.339275022519722,3.4935566000058316
highdim_smooth,Smooth,10,cuda,NVIDIA GeForce RTX 4070 Ti SUPER,2,1,10000,7500,2500,"128,64,32",tanh,1000,2,True,85,86,0.0015123950478298173,0.0011418931889063697,0.00042991374410045554,0.0005066802585458245,0.005097613515291942,0.005,True,used_close,training_data_region,7500.0,172.0,2.0,0.0006595670077590908,0.0008567533497239739,0.0008036645171804111,0.0009149015868426136,0.000887341996214659,0.0008237552705285193,0.0009452161474726728,0.0009007295178927599,0.0011024359615104638,0.0010256411629280746,0.0011861866299803527,0.0011288104982761348,25.669357409797,9.430127210389049,22.285431568276906,17.010908679984148,2.6453965000109747
highdim_smooth,Smooth,10,cuda,NVIDIA GeForce RTX 4070 Ti SUPER,2,1,10000,7500,2500,"128,64,32",tanh,1000,2,True,85,86,0.0015123950478298173,0.0011418931889063697,0.00042991374410045554,0.0005066802585458245,0.005097613515291942,0.005,True,used_close,training_data_region,7500.0,258.0,3.0,0.0005297382118849871,0.0006365202770721913,0.000639501614752128,0.0008444504448208771,0.0006594611588019662,0.0006329992748604138,0.0007161395544301413,0.0006774042080460569,0.0008601797789366165,0.0007960536377481619,0.0009067197406376095,0.0008628408817172098,19.671051916483606,3.0266443722172274,26.00148333420726,1.828610076742849,3.0669537000067066
highdim_smooth,Smooth,10,cuda,NVIDIA GeForce RTX 4070 Ti SUPER,2,1,10000,7500,2500,"128,64,32",tanh,1000,2,True,85,86,0.0015123950478298173,0.0011418931889063697,0.00042991374410045554,0.0005066802585458245,0.005097613515291942,0.005,True,used_close,training_data_region,7500.0,344.0,4.0,0.0004981858722108024,0.0006644170958795513,0.0005495113190064951,0.0006748504782590228,0.0005935800268140874,0.0005661999080666775,0.0006268406637137095,0.0005984381105409959,0.0007636483358683683,0.0007212075983895915,0.0008203571382377461,0.0007696696955038809,16.070984584048844,7.424223494197004,12.994363416765395,11.628108572825036,3.4825611999840476
highdim_strong,Strong nonlinear,10,cuda,NVIDIA GeForce RTX 4070 Ti SUPER,0,0,10000,7500,2500,"128,64,32",tanh,1000,2,True,85,86,0.0006490245853702909,0.0009930293433387792,0.000545779725436512,0.000727135656109206,0.006036407169848535,0.005,True,used_close,training_data_region,7500.0,172.0,2.0,0.0019257945530991557,0.0022578227821181706,0.0013437720255986359,0.0017374194118125207,0.0014017969083265696,0.001180282964467207,0.0016547409569757049,0.0015943434462370764,0.0017000368679261327,0.001369715438729863,0.0020477250881752868,0.0019231826659542725,-37.380425199975754,4.139321636627265,-32.81022457309873,-2.1989254816568096,2.6608279999927618
highdim_strong,Strong nonlinear,10,cuda,NVIDIA GeForce RTX 4070 Ti SUPER,0,0,10000,7500,2500,"128,64,32",tanh,1000,2,True,85,86,0.0006490245853702909,0.0009930293433387792,0.000545779725436512,0.000727135656109206,0.006036407169848535,0.005,True,used_close,training_data_region,7500.0,258.0,3.0,0.0014995121907753677,0.0017070777721952168,0.0010342002205321087,0.0011718078067915988,0.0010185598306813918,0.0009085611929141103,0.001120983812832428,0.001048305609409956,0.0012415214321081993,0.0011247521103378956,0.0013823765255857687,0.0012762716852018612,-47.21886192706327,-1.5355396295428139,-37.498856487436306,5.615176952541315,3.10087929997826
highdim_strong,Strong nonlinear,10,cuda,NVIDIA GeForce RTX 4070 Ti SUPER,0,0,10000,7500,2500,"128,64,32",tanh,1000,2,True,85,86,0.0006490245853702909,0.0009930293433387792,0.000545779725436512,0.000727135656109206,0.006036407169848535,0.005,True,used_close,training_data_region,7500.0,344.0,4.0,0.001224503525960305,0.0015715889328331437,0.0007580583669836253,0.000988633201896326,0.000858353064414927,0.0008048471940607379,0.0009338702195175969,0.0008872456490404324,0.0010522607981917579,0.0009251451981666518,0.0012169908075559612,0.0010921478505241677,-42.65732560702798,11.68455051764333,-49.35355717269118,6.046751566224997,3.52218709999579
highdim_strong,Strong nonlinear,10,cuda,NVIDIA GeForce RTX 4070 Ti SUPER,0,1,10000,7500,2500,"128,64,32",tanh,1000,2,True,85,86,0.000651199628747928,0.00099948301368598,0.0006215731881561179,0.0008664704197075864,0.006095987895319982,0.005,True,used_close,training_data_region,7500.0,172.0,2.0,0.0020953030886685306,0.002237439906383306,0.0014262791722748798,0.0013689830374432025,0.001353367189312176,0.0012331691789417927,0.001562016778821801,0.001451767515052386,0.0016764957197312178,0.0013884898521154595,0.0018762322697892693,0.0017122490654033478,-54.82147825184308,-5.387450171579818,-33.459327098193896,18.342586781988146,2.644733399996767
highdim_strong,Strong nonlinear,10,cuda,NVIDIA GeForce RTX 4070 Ti SUPER,0,1,10000,7500,2500,"128,64,32",tanh,1000,2,True,85,86,0.000651199628747928,0.00099948301368598,0.0006215731881561179,0.0008664704197075864,0.006095987895319982,0.005,True,used_close,training_data_region,7500.0,258.0,3.0,0.001635194922972511,0.0017373887480285452,0.0016965606803915315,0.0020229520504627357,0.0011002145312668096,0.0009847287322397836,0.0012197744720514954,0.001140265901371537,0.001380568341153178,0.0012437568231175884,0.0016663018952449487,0.0014539121203929967,-48.62509778794815,-54.202715213920754,-25.84590680801198,-46.530381014892725,3.085946100007277
highdim_strong,Strong nonlinear,10,cuda,NVIDIA GeForce RTX 4070 Ti SUPER,0,1,10000,7500,2500,"128,64,32",tanh,1000,2,True,85,86,0.000651199628747928,0.00099948301368598,0.0006215731881561179,0.0008664704197075864,0.006095987895319982,0.005,True,used_close,training_data_region,7500.0,344.0,4.0,0.0013779094103167355,0.0016741733491161146,0.0010174308416746626,0.0012470674881857355,0.0009459531143212214,0.0008728844108628183,0.0010246047538885138,0.0009677100855586675,0.0011449032652854304,0.0009621418626881595,0.0012512475648865553,0.0011663376251141908,-45.66360525230354,-7.556159631096608,-46.22836704887329,-8.923393442749504,3.5159648999979254
highdim_strong,Strong nonlinear,10,cuda,NVIDIA GeForce RTX 4070 Ti SUPER,1,0,10000,7500,2500,"128,64,32",tanh,1000,2,True,85,86,0.0004996514343610693,0.0009897311178784741,0.000607122506685464,0.0008042659351696332,0.00910710808604382,0.005,True,used_close,training_data_region,7500.0,172.0,2.0,0.0028951523505167556,0.0029224879071046424,0.0010950949045504552,0.0013498810587641954,0.0016307486054837066,0.0013870463260590889,0.0020910151547389897,0.0017841582770382258,0.0019645410569976234,0.0015959757322344481,0.00246008036439731,0.002115256680882652,-77.53517254475936,32.84710464457934,-48.76186459401535,31.28771455521541,2.622449799993774
highdim_strong,Strong nonlinear,10,cuda,NVIDIA GeForce RTX 4070 Ti SUPER,1,0,10000,7500,2500,"128,64,32",tanh,1000,2,True,85,86,0.0004996514343610693,0.0009897311178784741,0.000607122506685464,0.0008042659351696332,0.00910710808604382,0.005,True,used_close,training_data_region,7500.0,258.0,3.0,0.002088766336040964,0.0022961211431660176,0.0009491998221239422,0.0012595317643608378,0.0011568955592561642,0.001070162297484415,0.0012882706671673758,0.0012159802406684242,0.0014171805358663841,0.0011515306546991465,0.0015772648056653527,0.0013867340725332875,-80.5492569600625,17.95285109969319,-62.02036967451708,11.12411351382051,3.048537700000452
highdim_strong,Strong nonlinear,10,cuda,NVIDIA GeForce RTX 4070 Ti SUPER,1,0,10000,7500,2500,"128,64,32",tanh,1000,2,True,85,86,0.0004996514343610693,0.0009897311178784741,0.000607122506685464,0.0008042659351696332,0.00910710808604382,0.005,True,used_close,training_data_region,7500.0,344.0,4.0,0.0016539952519228813,0.0017600340811318674,0.0008655461870183586,0.0008653629450280217,0.0009890774152144974,0.0009023615611310185,0.001132624437907242,0.0010522538541572783,0.0012618118703948,0.0010167495723786306,0.0014182651919425419,0.001266544286730177,-67.2260660773642,12.489540888904946,-39.48466664695285,31.419020114522773,3.458396800007904
highdim_strong,Strong nonlinear,10,cuda,NVIDIA GeForce RTX 4070 Ti SUPER,1,1,10000,7500,2500,"128,64,32",tanh,1000,2,True,85,86,0.0005171099780137913,0.00099261227604469,0.0006227633607332445,0.0007221163889471489,0.008765697601663954,0.005,True,used_close,training_data_region,7500.0,172.0,2.0,0.0024927080606875394,0.002826539815309683,0.0013339422661112787,0.0013446673237800866,0.0016196836225703636,0.0013877606753432655,0.00177416927973743,0.0016236300564220255,0.0019901520046934043,0.0017140076850418265,0.0023546602944443367,0.001964587237958087,-53.90092397993912,17.64180068732352,-42.02632807161529,32.43393868363129,2.3925771999929566
highdim_strong,Strong nonlinear,10,cuda,NVIDIA GeForce RTX 4070 Ti SUPER,1,1,10000,7500,2500,"128,64,32",tanh,1000,2,True,85,86,0.0005171099780137913,0.00099261227604469,0.0006227633607332445,0.0007221163889471489,0.008765697601663954,0.005,True,used_close,training_data_region,7500.0,258.0,3.0,0.0019406909616178276,0.0019702945417655127,0.0011431775913735712,0.0013956576524562746,0.0011133968136285682,0.0010295030458585392,0.0012500222245426398,0.0011709899852263032,0.0013054282993550746,0.0012051738786353285,0.001542481802213133,0.0014327695793067239,-74.30362094293245,-2.674767646221949,-50.930889328728696,-6.911858211268773,2.8148716000141576
highdim_strong,Strong nonlinear,10,cuda,NVIDIA GeForce RTX 4070 Ti SUPER,1,1,10000,7500,2500,"128,64,32",tanh,1000,2,True,85,86,0.0005171099780137913,0.00099261227604469,0.0006227633607332445,0.0007221163889471489,0.008765697601663954,0.005,True,used_close,training_data_region,7500.0,344.0,4.0,0.0015985408860172733,0.0017584488787892676,0.001039072859342184,0.001277626934169442,0.0009747054372440439,0.0009084512533481298,0.0011167634614596775,0.0010306201086581557,0.0011520280288615365,0.0009516208244764519,0.0012945552172400744,0.001151999700071647,-64.00245909544827,-6.603781987729286,-52.639418029352264,-10.902417489965543,3.232188699999824
highdim_strong,Strong nonlinear,10,cuda,NVIDIA GeForce RTX 4070 Ti SUPER,2,0,10000,7500,2500,"128,64,32",tanh,1000,2,True,85,86,0.0006072641846757182,0.0008932257369264892,0.0005035082987650505,0.0005287921118928237,0.005244151486542975,0.005,True,used_close,training_data_region,7500.0,172.0,2.0,0.0030796927376710434,0.002980576504387546,0.001178270743840358,0.0017988561411367051,0.0010934840162251515,0.0009476151326144624,0.0014228133178860298,0.0013803962213579193,0.00139503590777446,0.0011678133099266718,0.0018497735988101355,0.0016970552997403804,-181.64039821108148,-7.753814994745077,-113.65589858848463,-28.946941875243265,2.5047610999899916
highdim_strong,Strong nonlinear,10,cuda,NVIDIA GeForce RTX 4070 Ti SUPER,2,0,10000,7500,2500,"128,64,32",tanh,1000,2,True,85,86,0.0006072641846757182,0.0008932257369264892,0.0005035082987650505,0.0005287921118928237,0.005244151486542975,0.005,True,used_close,training_data_region,7500.0,258.0,3.0,0.0018908119661761027,0.00193017384381668,0.000917932536607303,0.0011448597002560882,0.0008621656593450571,0.0007531297149179286,0.0009585688586122125,0.0009546820451273235,0.0010570649797411829,0.0009671000023272899,0.0011945798337241798,0.001175925571173553,-119.30958925138067,-6.468232254182927,-82.59746380863677,-8.305517843983575,2.9543082999880426
highdim_strong,Strong nonlinear,10,cuda,NVIDIA GeForce RTX 4070 Ti SUPER,2,0,10000,7500,2500,"128,64,32",tanh,1000,2,True,85,86,0.0006072641846757182,0.0008932257369264892,0.0005035082987650505,0.0005287921118928237,0.005244151486542975,0.005,True,used_close,training_data_region,7500.0,344.0,4.0,0.0014767358249313898,0.0017646979083347978,0.0011114404215907662,0.0015170355432309916,0.000723367760734827,0.000664515994380797,0.0008173837251453083,0.0008090249556955406,0.0009639562362919543,0.0008338607154916789,0.0011121817268099688,0.001028399770930891,-104.14730999778871,-53.648044870249535,-83.06825993709553,-57.37597684585399,3.397727500007022
highdim_strong,Strong nonlinear,10,cuda,NVIDIA GeForce RTX 4070 Ti SUPER,2,1,10000,7500,2500,"128,64,32",tanh,1000,2,True,85,86,0.0006158708133172297,0.0008997212646302378,0.00048676401369854007,0.0005561890830264641,0.005178609435130002,0.005,True,used_close,training_data_region,7500.0,172.0,2.0,0.002871973373725656,0.0021267185214507668,0.0009449856697384857,0.0012767962411104157,0.0010984247741608274,0.0009693795030082922,0.0012162555202485821,0.0011869730429027701,0.0013701224587224455,0.0011525378382917352,0.0015265244075054337,0.0014640593844131686,-161.46290954879282,13.96901344833249,-55.221053994969196,6.811523818027974,2.760779399977764
highdim_strong,Strong nonlinear,10,cuda,NVIDIA GeForce RTX 4070 Ti SUPER,2,1,10000,7500,2500,"128,64,32",tanh,1000,2,True,85,86,0.0006158708133172297,0.0008997212646302378,0.00048676401369854007,0.0005561890830264641,0.005178609435130002,0.005,True,used_close,training_data_region,7500.0,258.0,3.0,0.0016034477778040538,0.0015699849207984028,0.0008449064091493575,0.001031813090155713,0.0007917443818616775,0.000723906869610438,0.0009173418892754323,0.0008529736326587088,0.0009766036669274635,0.0008368928596064665,0.0011774960697452294,0.001054498337498622,-102.52089115350182,-6.714544303134405,-60.75967907613972,-5.653206628022036,3.195157799986191
highdim_strong,Strong nonlinear,10,cuda,NVIDIA GeForce RTX 4070 Ti SUPER,2,1,10000,7500,2500,"128,64,32",tanh,1000,2,True,85,86,0.0006158708133172297,0.0008997212646302378,0.00048676401369854007,0.0005561890830264641,0.005178609435130002,0.005,True,used_close,training_data_region,7500.0,344.0,4.0,0.0013021632967665456,0.0014277016353775678,0.001080920830136423,0.0012300368911845774,0.0007028441436405271,0.0006586997037939763,0.0007599841669745719,0.0007446595801318595,0.0008997587377527739,0.0007981524317173722,0.0009877306020070781,0.0009379031155862186,-85.27056226458978,-53.79239336584198,-58.676051198277605,-36.70741272896134,3.63012789998902
highdim_poly2,Quadratic,20,cuda,NVIDIA GeForce RTX 4070 Ti SUPER,0,0,10000,7500,2500,"128,64,32",tanh,1000,2,True,270,271,0.006592194726335981,0.00462331367147656,0.0021845560424158996,0.0015600559530177718,0.013197378417167921,0.005,True,used_close,training_data_region,7500.0,542.0,2.0,0.0027797069308312223,0.0022163791771170898,0.003385134169900843,0.002213006849106131,0.0040871459060319235,0.0038521425841046243,0.004376786440623323,0.0041017453359124155,0.0027219331841870165,0.0025490063852677885,0.002898636399943885,0.002750599849064202,31.98904578549903,17.176086987622146,18.573343754612587,18.697238346535354,4.215104200004134
highdim_poly2,Quadratic,20,cuda,NVIDIA GeForce RTX 4070 Ti SUPER,0,0,10000,7500,2500,"128,64,32",tanh,1000,2,True,270,271,0.006592194726335981,0.00462331367147656,0.0021845560424158996,0.0015600559530177718,0.013197378417167921,0.005,True,used_close,training_data_region,7500.0,813.0,3.0,0.0026266781488161308,0.001812797608738315,0.0026572751409157025,0.0016767591727344395,0.003062601533335776,0.0029813831755029505,0.0031741123113923696,0.003083199383650409,0.0020818866671308417,0.0019782699871199387,0.002153595548846783,0.0020885293470799485,14.233761061460674,13.234708727471748,12.925250093626495,19.459632495496493,5.845267900003819
highdim_poly2,Quadratic,20,cuda,NVIDIA GeForce RTX 4070 Ti SUPER,0,0,10000,7500,2500,"128,64,32",tanh,1000,2,True,270,271,0.006592194726335981,0.00462331367147656,0.0021845560424158996,0.0015600559530177718,0.013197378417167921,0.005,True,used_close,training_data_region,7500.0,1084.0,4.0,0.002464655101727016,0.0017404564840721374,0.0027909120399752106,0.002043519686241623,0.0027400484971596296,0.002668466347947961,0.002796167850358323,0.0027340909303487067,0.001823659491724337,0.0018054562190756673,0.001959194483249658,0.0018684818810514455,10.0506759540238,-1.8563008234455296,4.56242012446787,-12.055989372741958,7.937207600014517
highdim_poly2,Quadratic,20,cuda,NVIDIA GeForce RTX 4070 Ti SUPER,0,1,10000,7500,2500,"128,64,32",tanh,1000,2,True,270,271,0.007822400222318237,0.004614471309800595,0.0033209102628629873,0.00230761423401452,0.020514434062724782,0.005,True,used_close,training_data_region,7500.0,542.0,2.0,0.004306480361383425,0.002977607185901029,0.005669058477728747,0.003902389859209563,0.005965596376061,0.005679786656114057,0.006247502463905029,0.005965803911470463,0.004002665002981229,0.0038612826852182057,0.00426530499516263,0.004054546871145672,27.81140241628393,4.970800564419904,25.609383156390187,2.5052094965973897,3.8427573000080884
highdim_poly2,Quadratic,20,cuda,NVIDIA GeForce RTX 4070 Ti SUPER,0,1,10000,7500,2500,"128,64,32",tanh,1000,2,True,270,271,0.007822400222318237,0.004614471309800595,0.0033209102628629873,0.00230761423401452,0.020514434062724782,0.005,True,used_close,training_data_region,7500.0,813.0,3.0,0.003946320792673608,0.0027166191669038423,0.004493550715701108,0.003014534033863919,0.004591388643095757,0.004479996773153332,0.0047512139290604655,0.004610102025953096,0.003114651215615462,0.0029909506885435182,0.0032160298399845446,0.0031091271584746533,14.049515311498668,2.130900583677912,12.779345780871575,3.2143946407096986,5.485426600003848
highdim_poly2,Quadratic,20,cuda,NVIDIA GeForce RTX 4070 Ti SUPER,0,1,10000,7500,2500,"128,64,32",tanh,1000,2,True,270,271,0.007822400222318237,0.004614471309800595,0.0033209102628629873,0.00230761423401452,0.020514434062724782,0.005,True,used_close,training_data_region,7500.0,1084.0,4.0,0.0037691402009457603,0.002381023842432943,0.003956168078821781,0.002815445878287008,0.004093303151726084,0.003959634516953744,0.004212459634074934,0.004091388552629871,0.0027981616621425807,0.002702253168015374,0.002886993722753938,0.0027973128820939362,7.919348720693443,3.350230066553353,14.907566826937044,-0.6176989835245091,7.601133999996819
highdim_poly2,Quadratic,20,cuda,NVIDIA GeForce RTX 4070 Ti SUPER,1,0,10000,7500,2500,"128,64,32",tanh,1000,2,True,270,271,0.009210539183342064,0.005115632404142126,0.003984033299673278,0.0031376846985219278,0.024447904767413958,0.005,True,used_close,training_data_region,7500.0,542.0,2.0,0.0055193403006857135,0.0037359432470463402,0.0068401434113190196,0.004730508350221703,0.00733926276689616,0.007072492467529198,0.007512875355103895,0.0073462975025251655,0.004850533290826445,0.004653579538131721,0.005121607943656595,0.00489197019520767,24.797074638330578,6.80067428336842,22.978711348875176,2.474468958531614,3.7554132000077516
highdim_poly2,Quadratic,20,cuda,NVIDIA GeForce RTX 4070 Ti SUPER,1,0,10000,7500,2500,"128,64,32",tanh,1000,2,True,270,271,0.009210539183342064,0.005115632404142126,0.003984033299673278,0.0031376846985219278,0.024447904767413958,0.005,True,used_close,training_data_region,7500.0,813.0,3.0,0.004851499884039211,0.0033525387233144196,0.005086285717653135,0.0034048525703087693,0.005532836488947016,0.005371534797752594,0.005708933310724599,0.005559691341949899,0.0037745069372275303,0.0036308351278322407,0.003917554143370035,0.003777927310489926,12.314417862680658,8.07091935910194,11.179426105997754,9.793447808319078,5.243618899985449
highdim_poly2,Quadratic,20,cuda,NVIDIA GeForce RTX 4070 Ti SUPER,1,0,10000,7500,2500,"128,64,32",tanh,1000,2,True,270,271,0.009210539183342064,0.005115632404142126,0.003984033299673278,0.0031376846985219278,0.024447904767413958,0.005,True,used_close,training_data_region,7500.0,1084.0,4.0,0.004491158768453726,0.003372657114232222,0.004653114104374511,0.003108784784572924,0.004962912666682181,0.004874320508496533,0.005087111385613116,0.004979665160936437,0.0033754145282917643,0.0032722321122888526,0.003482504455060763,0.0033730386447208267,9.50558532684865,6.242273098768377,0.08169112375473793,7.899170353271451,7.174902700004168
highdim_poly2,Quadratic,20,cuda,NVIDIA GeForce RTX 4070 Ti SUPER,1,1,10000,7500,2500,"128,64,32",tanh,1000,2,True,270,271,0.009062854825426493,0.00509256302026709,0.003972341768186143,0.002715753870900618,0.023836831423211205,0.005,True,used_close,training_data_region,7500.0,542.0,2.0,0.0056569470078053075,0.00390940001998707,0.005945288768955642,0.0038761904940102397,0.007073864859779357,0.006776220110960156,0.007361090912961546,0.007114702279576914,0.004767885841561684,0.0045847172253615075,0.005060779755443234,0.004849196365896982,20.03032119019369,15.954165271668996,18.005586754850327,18.702111946106847,3.762955400015926
highdim_poly2,Quadratic,20,cuda,NVIDIA GeForce RTX 4070 Ti SUPER,1,1,10000,7500,2500,"128,64,32",tanh,1000,2,True,270,271,0.009062854825426493,0.00509256302026709,0.003972341768186143,0.002715753870900618,0.023836831423211205,0.005,True,used_close,training_data_region,7500.0,813.0,3.0,0.004736081297352419,0.003260243316977015,0.0054602115274348904,0.0035063712269612635,0.005443494624885983,0.005281679548766984,0.0056094586461213364,0.005463865932388614,0.0036775364532226577,0.0035613620674863128,0.0038209966008623773,0.003688039711866688,12.995573180131158,-0.3070987242732372,11.34708361299764,4.654344788653301,5.284024599997792
highdim_poly2,Quadratic,20,cuda,NVIDIA GeForce RTX 4070 Ti SUPER,1,1,10000,7500,2500,"128,64,32",tanh,1000,2,True,270,271,0.009062854825426493,0.00509256302026709,0.003972341768186143,0.002715753870900618,0.023836831423211205,0.005,True,used_close,training_data_region,7500.0,1084.0,4.0,0.004454744214937293,0.0032171755346206213,0.004789696462759181,0.003123927480685515,0.0049018449648429475,0.004834681306526069,0.004982190182850359,0.004914391060668509,0.003355662810808834,0.003242571753880491,0.003447317099628211,0.0033561276574064847,9.121070803184399,2.2878834987258623,4.126972344841531,6.905799038475569,7.180384500010405
highdim_poly2,Quadratic,20,cuda,NVIDIA GeForce RTX 4070 Ti SUPER,2,0,10000,7500,2500,"128,64,32",tanh,1000,2,True,270,271,0.007981895241869395,0.004084128828818331,0.0038610854256776535,0.0025863989309956323,0.025434263919707448,0.005,True,used_close,training_data_region,7500.0,542.0,2.0,0.005833877098113178,0.003720837354400733,0.006258396376233382,0.0036450382286379573,0.006717679811515753,0.006210172983072453,0.007176518433697471,0.006788792652599955,0.004363208388670742,0.003978855231976148,0.004621636249523628,0.004476941323606537,13.156368540928677,6.836935492147838,14.722446810882397,16.459680493316437,3.8690383000066504
highdim_poly2,Quadratic,20,cuda,NVIDIA GeForce RTX 4070 Ti SUPER,2,0,10000,7500,2500,"128,64,32",tanh,1000,2,True,270,271,0.007981895241869395,0.004084128828818331,0.0038610854256776535,0.0025863989309956323,0.025434263919707448,0.005,True,used_close,training_data_region,7500.0,813.0,3.0,0.004666343831461717,0.00293013055876878,0.0046933100762777185,0.002818968904337012,0.00517134927072304,0.0050668177769130325,0.005306872292671626,0.005221220770693792,0.0033996147645888103,0.003283658198004991,0.0035066997427481094,0.0034017475698429156,9.76544829645039,9.243993577298706,13.80992372166072,17.07975463278788,5.3735906000074465
highdim_poly2,Quadratic,20,cuda,NVIDIA GeForce RTX 4070 Ti SUPER,2,0,10000,7500,2500,"128,64,32",tanh,1000,2,True,270,271,0.007981895241869395,0.004084128828818331,0.0038610854256776535,0.0025863989309956323,0.025434263919707448,0.005,True,used_close,training_data_region,7500.0,1084.0,4.0,0.004404526447673693,0.0029010160525698107,0.004336601683875981,0.0030220099537220735,0.004700089410427974,0.004594903696591885,0.004820041585399195,0.004710699659046943,0.00299331139777837,0.002922366256628572,0.0031747681705329325,0.0030482798278678603,6.2884540472469,7.733634295244079,3.0833860211490425,-0.9587561108745182,7.230456999997841
highdim_poly2,Quadratic,20,cuda,NVIDIA GeForce RTX 4070 Ti SUPER,2,1,10000,7500,2500,"128,64,32",tanh,1000,2,True,270,271,0.007373621389515796,0.0040834290469873155,0.0032654062857194028,0.0022081519518426145,0.021968079271189975,0.005,True,used_close,training_data_region,7500.0,542.0,2.0,0.004904157876693496,0.0028618003483075714,0.006427878304436729,0.0048656856169911125,0.005776264384996467,0.005489767164768432,0.006203621031186543,0.00586714102599693,0.003739428515031884,0.003526009860468277,0.003931742358848982,0.0038149220945417855,15.098105802916852,-11.280888062062985,23.469579995884196,-30.118428455895373,3.6143097000021953
highdim_poly2,Quadratic,20,cuda,NVIDIA GeForce RTX 4070 Ti SUPER,2,1,10000,7500,2500,"128,64,32",tanh,1000,2,True,270,271,0.007373621389515796,0.0040834290469873155,0.0032654062857194028,0.0022081519518426145,0.021968079271189975,0.005,True,used_close,training_data_region,7500.0,813.0,3.0,0.004033272307653148,0.0026433466218144415,0.004035785527832523,0.0025478135784654694,0.0044260516038744655,0.004311079435106508,0.004660261619616586,0.0044787657933891304,0.0029091985401096705,0.002761433901245564,0.003022653217362385,0.002936279376500702,8.874259303201244,8.817476861325158,9.138321590289502,12.422148459849621,5.11049570000614
highdim_poly2,Quadratic,20,cuda,NVIDIA GeForce RTX 4070 Ti SUPER,2,1,10000,7500,2500,"128,64,32",tanh,1000,2,True,270,271,0.007373621389515796,0.0040834290469873155,0.0032654062857194028,0.0022081519518426145,0.021968079271189975,0.005,True,used_close,training_data_region,7500.0,1084.0,4.0,0.0038161765356040846,0.002522909389510926,0.003906855589253971,0.0025406075952711833,0.0039754282011315485,0.003892132636768625,0.004127948758861633,0.0040189715864739186,0.002590037171464484,0.0025258295427102876,0.002734106362455577,0.0026248917438935694,4.005899678483319,1.7249113405710432,2.5917690561792983,1.9084504553790524,6.986409000004642
highdim_smooth,Smooth,20,cuda,NVIDIA GeForce RTX 4070 Ti SUPER,0,0,10000,7500,2500,"128,64,32",tanh,1000,2,True,270,271,0.001870976515742627,0.001186650819643498,0.0007445236642721733,0.0005300284612094783,0.0088069875712488,0.005,True,used_close,training_data_region,7500.0,542.0,2.0,0.0010685649454476695,0.0007696754113927471,0.0012476738692850018,0.0008687018711689754,0.0013319303752316485,0.0012523920952161437,0.001391257876614363,0.0013341101441680973,0.0008842165272999873,0.0008323467172101362,0.0009377094449573159,0.0008876996448787419,19.773212975803983,6.3258941693549815,12.95396685888681,1.754621820787137,4.101088299998082
highdim_smooth,Smooth,20,cuda,NVIDIA GeForce RTX 4070 Ti SUPER,0,0,10000,7500,2500,"128,64,32",tanh,1000,2,True,270,271,0.001870976515742627,0.001186650819643498,0.0007445236642721733,0.0005300284612094783,0.0088069875712488,0.005,True,used_close,training_data_region,7500.0,813.0,3.0,0.000888749364029092,0.0005555532657923661,0.0009261582836619196,0.0006637799336584371,0.001014485242174021,0.0009817133617585291,0.0010455704326259219,0.0010145132237927585,0.0006862994804955074,0.0006525456216253001,0.0007045737623442939,0.0006811280365047473,12.394056898795249,8.706578946660521,19.050898101910665,3.2813002890241525,5.776027299987618
highdim_smooth,Smooth,20,cuda,NVIDIA GeForce RTX 4070 Ti SUPER,0,0,10000,7500,2500,"128,64,32",tanh,1000,2,True,270,271,0.001870976515742627,0.001186650819643498,0.0007445236642721733,0.0005300284612094783,0.0088069875712488,0.005,True,used_close,training_data_region,7500.0,1084.0,4.0,0.000838023510704778,0.0005678581814531855,0.0009192467278083779,0.0006039031773520017,0.0009309939246780385,0.0009043604909365027,0.0009459241725162985,0.0009282804120614513,0.0006361454742593341,0.0006102819900356662,0.0006552620473484708,0.0006342066104101942,9.986146150783112,1.2617909266940845,10.734540379408617,5.068384231589827,7.9519481000024825
highdim_smooth,Smooth,20,cuda,NVIDIA GeForce RTX 4070 Ti SUPER,0,1,10000,7500,2500,"128,64,32",tanh,1000,2,True,270,271,0.00202012286262704,0.0011931057741342913,0.0009306528475647353,0.0006145560425751647,0.01040441368146159,0.005,True,used_close,training_data_region,7500.0,542.0,2.0,0.0012060112401381094,0.0007389299999931123,0.0014822155671076168,0.0010185036803170202,0.0015798229820172902,0.0015111479590002286,0.0016475933738349913,0.0015928892115027354,0.0010578216328889693,0.0010198931412618826,0.0011332990996946737,0.0010692347793589173,23.661621975004902,6.178376692877176,30.146068390088256,3.7168792308179253,4.460904399980791
highdim_smooth,Smooth,20,cuda,NVIDIA GeForce RTX 4070 Ti SUPER,0,1,10000,7500,2500,"128,64,32",tanh,1000,2,True,270,271,0.00202012286262704,0.0011931057741342913,0.0009306528475647353,0.0006145560425751647,0.01040441368146159,0.005,True,used_close,training_data_region,7500.0,813.0,3.0,0.0010757309088742218,0.0007274068443262864,0.0011241295939456337,0.0007859742971977988,0.0012304934282140884,0.0012003583998461877,0.0012582024073744332,0.001236326411992453,0.000823528624472189,0.0007917808175638605,0.000857475218212301,0.0008231360732304162,12.577273132168253,8.643998564285612,11.671941604641663,4.560172671406459,6.153055799979484
highdim_smooth,Smooth,20,cuda,NVIDIA GeForce RTX 4070 Ti SUPER,0,1,10000,7500,2500,"128,64,32",tanh,1000,2,True,270,271,0.00202012286262704,0.0011931057741342913,0.0009306528475647353,0.0006145560425751647,0.01040441368146159,0.005,True,used_close,training_data_region,7500.0,1084.0,4.0,0.0010349956271447566,0.0007278257710937605,0.0010880997117366526,0.0007480089605979372,0.00112698571942027,0.0011048874050464156,0.001149182014991853,0.0011260071160991345,0.0007642891774642293,0.0007345529045769911,0.0007920227942026506,0.0007620371204134864,8.162489611921057,3.4504436936095857,4.7708913648951095,2.1301121808772505,8.25480619998416
highdim_smooth,Smooth,20,cuda,NVIDIA GeForce RTX 4070 Ti SUPER,1,0,10000,7500,2500,"128,64,32",tanh,1000,2,True,270,271,0.002561489528667711,0.0014263683920288884,0.0011728705318794113,0.0008638221248543668,0.01284386749731891,0.005,True,used_close,training_data_region,7500.0,542.0,2.0,0.0016453522357250596,0.0011177089489974503,0.0019244006694700928,0.0013657646402779075,0.0019824312966323357,0.00188894594628957,0.0021050669740734496,0.0019993154749535333,0.0012881466228987586,0.001220960661422058,0.0013974459992202213,0.0012946518425022025,17.003316154254158,2.927245310383399,13.231232444468692,-6.025557649988829,4.084801200020593
highdim_smooth,Smooth,20,cuda,NVIDIA GeForce RTX 4070 Ti SUPER,1,0,10000,7500,2500,"128,64,32",tanh,1000,2,True,270,271,0.002561489528667711,0.0014263683920288884,0.0011728705318794113,0.0008638221248543668,0.01284386749731891,0.005,True,used_close,training_data_region,7500.0,813.0,3.0,0.0013533259303340121,0.0008789849947185404,0.0014946336508523616,0.001040186676742973,0.001574959973882354,0.0015330107466840464,0.0016102899519792712,0.001579317332734844,0.0010365341225724207,0.0009756806425494564,0.0010705818807824582,0.001030132728239423,14.072360391610653,5.100213615713934,15.199608428025744,-0.3523814692648645,5.62677440000698
highdim_smooth,Smooth,20,cuda,NVIDIA GeForce RTX 4070 Ti SUPER,1,0,10000,7500,2500,"128,64,32",tanh,1000,2,True,270,271,0.002561489528667711,0.0014263683920288884,0.0011728705318794113,0.0008638221248543668,0.01284386749731891,0.005,True,used_close,training_data_region,7500.0,1084.0,4.0,0.0012760904488827915,0.0008469258543032861,0.0013739249414982798,0.0008894333432833214,0.0014307897341328205,0.0013898274585277832,0.0014519767635861186,0.001429824290063825,0.000948886741484175,0.000894611338442908,0.0009864032694259536,0.0009454150995373438,10.812160694163062,3.9743640367258823,10.745316877482088,6.265594786144993,7.562478600011673
highdim_smooth,Smooth,20,cuda,NVIDIA GeForce RTX 4070 Ti SUPER,1,1,10000,7500,2500,"128,64,32",tanh,1000,2,True,270,271,0.0021684122675050465,0.0014282289245937014,0.0008082501108923949,0.0004903608483502647,0.008774297670682205,0.005,True,used_close,training_data_region,7500.0,542.0,2.0,0.001124097844802131,0.0007108205110178515,0.0011939504651925254,0.0007181470423180609,0.001387348762581498,0.0013274590841846677,0.0014452061057835589,0.0013890677496585342,0.0009154528304282478,0.0008643599953495671,0.0009541061872138984,0.0009103398837547955,18.975107404826243,13.940135501984972,22.35312542697252,21.552807698228158,4.008057200000621
highdim_smooth,Smooth,20,cuda,NVIDIA GeForce RTX 4070 Ti SUPER,1,1,10000,7500,2500,"128,64,32",tanh,1000,2,True,270,271,0.0021684122675050465,0.0014282289245937014,0.0008082501108923949,0.0004903608483502647,0.008774297670682205,0.005,True,used_close,training_data_region,7500.0,813.0,3.0,0.0009220244479842268,0.0005795855365418607,0.0011794504408170366,0.0007099720643942757,0.0011053339913769953,0.0010604777623656318,0.0011430620067257018,0.0011031607474375473,0.0007102824702443678,0.0006710028295984522,0.000764755618964299,0.0007228752046957459,16.584086332530713,-6.70534426863224,18.40069819793549,0.04370174727601553,5.587055499985581
highdim_smooth,Smooth,20,cuda,NVIDIA GeForce RTX 4070 Ti SUPER,1,1,10000,7500,2500,"128,64,32",tanh,1000,2,True,270,271,0.0021684122675050465,0.0014282289245937014,0.0008082501108923949,0.0004903608483502647,0.008774297670682205,0.005,True,used_close,training_data_region,7500.0,1084.0,4.0,0.0008679654902159394,0.0006138983300294739,0.0009467942702922531,0.0006659000595047704,0.0009946184323151987,0.00095283752456201,0.0010245659241824331,0.0009933339141862288,0.0006749701568191685,0.0006106755510100175,0.0007128873626409925,0.0006734145683945098,12.73382213563507,4.8082923530407555,9.048078077629205,1.343777531904728,7.5192065999726765
highdim_smooth,Smooth,20,cuda,NVIDIA GeForce RTX 4070 Ti SUPER,2,0,10000,7500,2500,"128,64,32",tanh,1000,2,True,270,271,0.001736017335061226,0.0010350392916589222,0.000669130833008478,0.0004990428972462184,0.009493514799361905,0.005,True,used_close,training_data_region,7500.0,542.0,2.0,0.0009680151023114853,0.0006033945136940916,0.0009590369359656005,0.0006311762622257664,0.001182714537544495,0.0011024764778918236,0.001218704794719507,0.001183189565547835,0.0007461222924103003,0.0006886241109532078,0.0007839325958046307,0.000761977656773289,18.153106977002267,18.912222220865328,19.129274137505757,15.405789554043228,4.100287800014485
highdim_smooth,Smooth,20,cuda,NVIDIA GeForce RTX 4070 Ti SUPER,2,0,10000,7500,2500,"128,64,32",tanh,1000,2,True,270,271,0.001736017335061226,0.0010350392916589222,0.000669130833008478,0.0004990428972462184,0.009493514799361905,0.005,True,used_close,training_data_region,7500.0,813.0,3.0,0.0008348087849015602,0.0005452607210139911,0.0008430411984741318,0.0005279508271355226,0.0009260690326414999,0.0008851040629429037,0.0009492092367019602,0.000920746982952751,0.0005979013082088305,0.0005631994404038875,0.000636535986072048,0.000601722065411872,9.854583678241662,8.96562040634717,8.804226796649433,11.699335678468877,5.661029600014444
highdim_smooth,Smooth,20,cuda,NVIDIA GeForce RTX 4070 Ti SUPER,2,0,10000,7500,2500,"128,64,32",tanh,1000,2,True,270,271,0.001736017335061226,0.0010350392916589222,0.000669130833008478,0.0004990428972462184,0.009493514799361905,0.005,True,used_close,training_data_region,7500.0,1084.0,4.0,0.0007656268400645861,0.0005016719616096528,0.0007571985411374156,0.000447999378426956,0.0008166951536235847,0.0007950344924287358,0.0008447482198820266,0.000818337079888657,0.0005408239570736384,0.0005065119273407404,0.0005685428465786067,0.0005403972835615547,6.253044766142446,7.285045371236651,7.239323434530231,17.16354784816669,7.629289900010917
highdim_smooth,Smooth,20,cuda,NVIDIA GeForce RTX 4070 Ti SUPER,2,1,10000,7500,2500,"128,64,32",tanh,1000,2,True,270,271,0.0018126331875032672,0.0010414156787805,0.0007993297201232607,0.0004866544342641157,0.010304057397444694,0.005,True,used_close,training_data_region,7500.0,542.0,2.0,0.001315637715546851,0.0008987183087143967,0.001229987876907362,0.0007984989714397387,0.001411259867032139,0.0013187420687227253,0.0014761188960099858,0.001408019008217902,0.0009007545643000057,0.0008445158886842444,0.0009504637771143516,0.0009021727204450537,6.775658666350377,12.844692487854113,0.22606108992536497,11.352214788912216,4.120208900014404
highdim_smooth,Smooth,20,cuda,NVIDIA GeForce RTX 4070 Ti SUPER,2,1,10000,7500,2500,"128,64,32",tanh,1000,2,True,270,271,0.0018126331875032672,0.0010414156787805,0.0007993297201232607,0.0004866544342641157,0.010304057397444694,0.005,True,used_close,training_data_region,7500.0,813.0,3.0,0.0010140247184527475,0.0006240097102866943,0.000976854220039601,0.0006057888599369074,0.0010908616489950537,0.0010635392667582883,0.0011310384922217003,0.0011021511182475784,0.0007138597795873255,0.000671380925948005,0.0007335109254257832,0.0007089950840706025,7.043691618739329,10.451135490965424,12.586515149035652,15.13895624052286,5.6770903000142425
highdim_smooth,Smooth,20,cuda,NVIDIA GeForce RTX 4070 Ti SUPER,2,1,10000,7500,2500,"128,64,32",tanh,1000,2,True,270,271,0.0018126331875032672,0.0010414156787805,0.0007993297201232607,0.0004866544342641157,0.010304057397444694,0.005,True,used_close,training_data_region,7500.0,1084.0,4.0,0.0009560341183657341,0.0006399737823731479,0.0009401625750999285,0.0006179752008453276,0.0009714527021463854,0.0009540297042072248,0.0009890874230950447,0.0009769074063146407,0.0006251642344314772,0.0006055261167736832,0.0006577475764673996,0.0006317342429681008,1.5871677279382295,3.2209624799357335,-2.3689051813942132,1.1499431973563374,7.676020499988226
highdim_strong,Strong nonlinear,20,cuda,NVIDIA GeForce RTX 4070 Ti SUPER,0,0,10000,7500,2500,"128,64,32",tanh,1000,2,True,270,271,0.0011175876839952601,0.0013564552669544097,0.0007772920708789571,0.00043783270775722086,0.0033997456670121357,0.005,True,used_close,training_data_region,7500.0,542.0,2.0,0.0017258417919442774,0.001172334687919868,0.001379910810886404,0.0008267137128872945,0.0015117411930820235,0.0014417741513760303,0.0016474452658514728,0.0015949817430553565,0.0009874055204647906,0.0008740406175229621,0.0011553559904370317,0.0010284482872897683,-14.162516695451144,8.720433285730186,-18.72879618578875,16.27414514574067,4.538767499994719
highdim_strong,Strong nonlinear,20,cuda,NVIDIA GeForce RTX 4070 Ti SUPER,0,0,10000,7500,2500,"128,64,32",tanh,1000,2,True,270,271,0.0011175876839952601,0.0013564552669544097,0.0007772920708789571,0.00043783270775722086,0.0033997456670121357,0.005,True,used_close,training_data_region,7500.0,813.0,3.0,0.0013111668703822044,0.0008841528867778817,0.0011060646244662365,0.0009307394988589028,0.0011923794015656101,0.0011437656811218082,0.0012599713851886383,0.0012138576818946803,0.000782382685860541,0.0006515741813838441,0.0009413886024902997,0.0008079645460952299,-9.9622208049405,7.238868516685311,-13.007726622350281,-18.962179976565373,6.396811200014781
highdim_strong,Strong nonlinear,20,cuda,NVIDIA GeForce RTX 4070 Ti SUPER,0,0,10000,7500,2500,"128,64,32",tanh,1000,2,True,270,271,0.0011175876839952601,0.0013564552669544097,0.0007772920708789571,0.00043783270775722086,0.0033997456670121357,0.005,True,used_close,training_data_region,7500.0,1084.0,4.0,0.0010968967204556962,0.0006586488968592812,0.001234467319061058,0.0008111191817327916,0.0010704223314475145,0.0010283111766131526,0.0011135557367099825,0.0010889020391772577,0.0006588614574405815,0.0005798787435902922,0.0008344151724312866,0.0007065892675971984,-2.473265759728757,-15.325258339080802,0.032261802371310294,-23.1092170550804,8.709348800010048
highdim_strong,Strong nonlinear,20,cuda,NVIDIA GeForce RTX 4070 Ti SUPER,0,1,10000,7500,2500,"128,64,32",tanh,1000,2,True,270,271,0.0012468981088182422,0.0013421066462848414,0.0007235960586101104,0.00046237508378954323,0.0013233292851317219,0.005,True,used_close,training_data_region,7500.0,542.0,2.0,0.001708601774170298,0.0011481879753739302,0.0015562585640677645,0.0009680116699646018,0.0013961665241573884,0.001331605545433501,0.0014936045611425252,0.0014751811868236044,0.0009260760572215635,0.0008049996557295892,0.0010237640519284751,0.000966380088259192,-22.378079162259674,-11.466543362869594,-23.98419831938561,-4.5283119476012095,4.66349419998005
highdim_strong,Strong nonlinear,20,cuda,NVIDIA GeForce RTX 4070 Ti SUPER,0,1,10000,7500,2500,"128,64,32",tanh,1000,2,True,270,271,0.0012468981088182422,0.0013421066462848414,0.0007235960586101104,0.00046237508378954323,0.0013233292851317219,0.005,True,used_close,training_data_region,7500.0,813.0,3.0,0.0013164729361700136,0.0008690089011658723,0.0009796354392141585,0.0005405871935647744,0.001073042061690899,0.0010447537908050957,0.0011664986432924156,0.001125186917174683,0.0007075279436614256,0.0006291110808356119,0.0008178099775188238,0.0007244410282650425,-22.686051476445975,8.70484259764715,-22.82326216951799,23.594933824484766,6.4800821999961045
highdim_strong,Strong nonlinear,20,cuda,NVIDIA GeForce RTX 4070 Ti SUPER,0,1,10000,7500,2500,"128,64,32",tanh,1000,2,True,270,271,0.0012468981088182422,0.0013421066462848414,0.0007235960586101104,0.00046237508378954323,0.0013233292851317219,0.005,True,used_close,training_data_region,7500.0,1084.0,4.0,0.0010905233612909897,0.0007397760041308143,0.0008945648448902716,0.0006022965928640536,0.0009548221676134298,0.0009214768152227329,0.0009964824003010427,0.0009919600263115778,0.0006527423354648006,0.000580970220159256,0.0007393669845058915,0.0006634195285905071,-14.212195556450466,6.310842454964244,-13.333541266944083,7.728278044785598,8.833098999981303
highdim_strong,Strong nonlinear,20,cuda,NVIDIA GeForce RTX 4070 Ti SUPER,1,0,10000,7500,2500,"128,64,32",tanh,1000,2,True,270,271,0.0008294518398087035,0.0018374583854503723,0.001512523310797654,0.0014736609837525962,0.014065379542492297,0.005,True,used_close,training_data_region,7500.0,542.0,2.0,0.0018250558814858274,0.0014282134973596147,0.0023763183957522956,0.002622263245748122,0.0024875472124924053,0.0023644228099871595,0.0027143743928752695,0.002548546024318451,0.00132872567389621,0.0011291613797707438,0.002136705955713359,0.0016080390106501016,26.63231184837665,4.471425353517758,-7.487461514285137,-97.35174063874926,4.310972599982051
highdim_strong,Strong nonlinear,20,cuda,NVIDIA GeForce RTX 4070 Ti SUPER,1,0,10000,7500,2500,"128,64,32",tanh,1000,2,True,270,271,0.0008294518398087035,0.0018374583854503723,0.001512523310797654,0.0014736609837525962,0.014065379542492297,0.005,True,used_close,training_data_region,7500.0,813.0,3.0,0.001665088617085901,0.0013558947449374894,0.0019156572268299533,0.0009959402117186269,0.002030022939067006,0.00191093726603606,0.002236566841230572,0.0020917317552431995,0.001195350014852002,0.0008188508733718938,0.001858859480658446,0.0013427289609843566,17.97685705703542,5.633715266765149,-13.430771580771232,16.682126628664854,5.9706657999777235
highdim_strong,Strong nonlinear,20,cuda,NVIDIA GeForce RTX 4070 Ti SUPER,1,0,10000,7500,2500,"128,64,32",tanh,1000,2,True,270,271,0.0008294518398087035,0.0018374583854503723,0.001512523310797654,0.0014736609837525962,0.014065379542492297,0.005,True,used_close,training_data_region,7500.0,1084.0,4.0,0.0015141015284405926,0.0007430951899823233,0.0017627420958054745,0.000603582364167615,0.0018813819214901586,0.0016995863559081162,0.0020686942678793396,0.0019182859296947605,0.00103974313411295,0.0007462862652056777,0.0016758826030932612,0.0012415976275096641,19.52184130475005,6.305993712893486,28.53088752384116,41.94889637982007,8.077981699985685
highdim_strong,Strong nonlinear,20,cuda,NVIDIA GeForce RTX 4070 Ti SUPER,1,1,10000,7500,2500,"128,64,32",tanh,1000,2,True,270,271,0.0009101774298890293,0.0018332215973373388,0.00179961642512391,0.0007962357358998638,0.012646990127245256,0.005,True,used_close,training_data_region,7500.0,542.0,2.0,0.0021482028832718056,0.0010729792199036068,0.0028510174537883523,0.0012389849084654785,0.0028915824841397137,0.002701083173056297,0.003152469392372032,0.0029729001146080354,0.0015791725926183565,0.001250756673419584,0.002229943791545571,0.0017612515899974848,25.708400329070116,1.4028660975040477,32.05434131018275,21.54214718157107,4.402915999991819
highdim_strong,Strong nonlinear,20,cuda,NVIDIA GeForce RTX 4070 Ti SUPER,1,1,10000,7500,2500,"128,64,32",tanh,1000,2,True,270,271,0.0009101774298890293,0.0018332215973373388,0.00179961642512391,0.0007962357358998638,0.012646990127245256,0.005,True,used_close,training_data_region,7500.0,813.0,3.0,0.0019496138406183867,0.0015296952646206628,0.0023422434832302288,0.0010319667336927177,0.002538618850634134,0.0022768910368715757,0.002761979880464184,0.00254697985886141,0.0013174400829301445,0.0009498340091457475,0.0022324332374660414,0.0016161449527869903,23.20178981845254,7.735519940492518,-16.111182925179968,21.668791843838537,6.1455366000009235
highdim_strong,Strong nonlinear,20,cuda,NVIDIA GeForce RTX 4070 Ti SUPER,1,1,10000,7500,2500,"128,64,32",tanh,1000,2,True,270,271,0.0009101774298890293,0.0018332215973373388,0.00179961642512391,0.0007962357358998638,0.012646990127245256,0.005,True,used_close,training_data_region,7500.0,1084.0,4.0,0.0017721927539255137,0.0010163464672316913,0.002078404718724545,0.0010334809944332621,0.0022052428620088797,0.0020897883764408693,0.0024359004372013645,0.0023095893703141443,0.0014231430760640864,0.0009823354657690136,0.0021694939775626313,0.0016098292655754123,19.637297802604664,5.751663250767342,28.584378877593362,27.3803869888116,8.246300400001928
highdim_strong,Strong nonlinear,20,cuda,NVIDIA GeForce RTX 4070 Ti SUPER,2,0,10000,7500,2500,"128,64,32",tanh,1000,2,True,270,271,0.0012743914716162872,0.001160194842464356,0.0010121904188755107,0.0006287482993884207,0.001636987026359872,0.005,True,used_close,training_data_region,7500.0,542.0,2.0,0.0024535058481724437,0.0013297205097740983,0.001471221152284044,0.0010223143372790244,0.0018389241004356884,0.0017193651922381113,0.002089811925997954,0.001985705603524089,0.0011940669543304848,0.0010942052936763593,0.0014167857396939622,0.001274939137132698,-33.42072397610891,19.995547834982755,-11.360632245255852,14.38383471115841,4.019133399997372
highdim_strong,Strong nonlinear,20,cuda,NVIDIA GeForce RTX 4070 Ti SUPER,2,0,10000,7500,2500,"128,64,32",tanh,1000,2,True,270,271,0.0012743914716162872,0.001160194842464356,0.0010121904188755107,0.0006287482993884207,0.001636987026359872,0.005,True,used_close,training_data_region,7500.0,813.0,3.0,0.0016137488011613063,0.000998940001472172,0.0015649770675081809,0.0010712303667513852,0.0015360226174076447,0.0014283600611274096,0.0016913457745028628,0.0015705238930908403,0.000953429754129194,0.0008524124853737392,0.0011203179668218056,0.0009949930503468094,-5.06022391029896,-1.8850275882918153,-4.773319392003283,-12.355457978105925,5.712998300004983
highdim_strong,Strong nonlinear,20,cuda,NVIDIA GeForce RTX 4070 Ti SUPER,2,0,10000,7500,2500,"128,64,32",tanh,1000,2,True,270,271,0.0012743914716162872,0.001160194842464356,0.0010121904188755107,0.0006287482993884207,0.001636987026359872,0.005,True,used_close,training_data_region,7500.0,1084.0,4.0,0.0014634071604504371,0.0008549888112514593,0.0011254918752869312,0.0006515594973518325,0.0013301115544695177,0.0012614857526565462,0.0014000279655535337,0.001350941767243676,0.0008448728120310383,0.000743245660948802,0.0009608865221072693,0.0008662432435354047,-10.021385464475651,15.38364797260889,-1.1973398926286425,22.880759319794993,7.772605000005569
highdim_strong,Strong nonlinear,20,cuda,NVIDIA GeForce RTX 4070 Ti SUPER,2,1,10000,7500,2500,"128,64,32",tanh,1000,2,True,270,271,0.0010438777919211857,0.0011505494215250276,0.0009035437301165944,0.000587655471771189,0.0016106520618275194,0.005,True,used_close,training_data_region,7500.0,542.0,2.0,0.002619583840414588,0.0014239354873440393,0.001720545982026976,0.0011131701390708593,0.001686980351424,0.0015721320678363047,0.0020695442925165357,0.001877925944945777,0.0010335106788918968,0.0009586294176989541,0.0013765240280859945,0.0011802928146240955,-55.282415601543114,-1.9896871101458227,-37.776562586730684,-7.7076571927027775,4.417680999991717
highdim_strong,Strong nonlinear,20,cuda,NVIDIA GeForce RTX 4070 Ti SUPER,2,1,10000,7500,2500,"128,64,32",tanh,1000,2,True,270,271,0.0010438777919211857,0.0011505494215250276,0.0009035437301165944,0.000587655471771189,0.0016106520618275194,0.005,True,used_close,training_data_region,7500.0,813.0,3.0,0.0016205567656377028,0.000961558065171486,0.001548545290615075,0.0009694808384672632,0.001383279495860125,0.0012853612667496216,0.0016505271553244275,0.00144505999361753,0.0008675758112981255,0.0007908376486877576,0.0010312026327560673,0.0008860493415111109,-17.153241299947016,-11.947389898394157,-10.83274252802622,-11.745950710250963,6.183363399992231
highdim_strong,Strong nonlinear,20,cuda,NVIDIA GeForce RTX 4070 Ti SUPER,2,1,10000,7500,2500,"128,64,32",tanh,1000,2,True,270,271,0.0010438777919211857,0.0011505494215250276,0.0009035437301165944,0.000587655471771189,0.0016106520618275194,0.005,True,used_close,training_data_region,7500.0,1084.0,4.0,0.001406613585352359,0.0007809530474048135,0.0011663480273352424,0.000774143770184303,0.001219362502161707,0.001138626370338036,0.0013973772061762531,0.0012562679408923889,0.0008302097526575285,0.0007064039921604464,0.0008898188941430709,0.0008123079353152521,-15.356473801571715,4.347720610768309,5.933043438124239,6.7532310110494915,8.488009799999418
highdim_poly2,Quadratic,50,cuda,NVIDIA GeForce RTX 4070 Ti SUPER,0,0,10000,7500,2500,"128,64,32",tanh,1000,2,True,1425,1426,0.04109597010146761,0.007834752594030155,0.035417642071739544,0.009254057011882914,0.11420727225165392,0.005,False,skipped_nonclose,,,,,,,,,,,,,,,,,,,,,
highdim_poly2,Quadratic,50,cuda,NVIDIA GeForce RTX 4070 Ti SUPER,0,1,10000,7500,2500,"128,64,32",tanh,1000,2,True,1425,1426,0.03680037033606514,0.007928018296492725,0.030112226478529187,0.007603087937702761,0.10279480628313047,0.005,False,skipped_nonclose,,,,,,,,,,,,,,,,,,,,,
highdim_poly2,Quadratic,50,cuda,NVIDIA GeForce RTX 4070 Ti SUPER,1,0,10000,7500,2500,"128,64,32",tanh,1000,2,True,1425,1426,0.04008685246727477,0.007942530931711803,0.03271404969553768,0.008669395237854562,0.11109613522790139,0.005,False,skipped_nonclose,,,,,,,,,,,,,,,,,,,,,
highdim_poly2,Quadratic,50,cuda,NVIDIA GeForce RTX 4070 Ti SUPER,1,1,10000,7500,2500,"128,64,32",tanh,1000,2,True,1425,1426,0.041307701561174894,0.007942178330621476,0.0340001385689117,0.008652891730146394,0.11412406193521821,0.005,False,skipped_nonclose,,,,,,,,,,,,,,,,,,,,,
highdim_poly2,Quadratic,50,cuda,NVIDIA GeForce RTX 4070 Ti SUPER,2,0,10000,7500,2500,"128,64,32",tanh,1000,2,True,1425,1426,0.02686392302398275,0.007319734736810391,0.019683276114016685,0.005351222715996762,0.07834672684798999,0.005,False,skipped_nonclose,,,,,,,,,,,,,,,,,,,,,
highdim_poly2,Quadratic,50,cuda,NVIDIA GeForce RTX 4070 Ti SUPER,2,1,10000,7500,2500,"128,64,32",tanh,1000,2,True,1425,1426,0.035944589570348455,0.007271218912471466,0.02941906324638303,0.007970331453436274,0.104319141538418,0.005,False,skipped_nonclose,,,,,,,,,,,,,,,,,,,,,
highdim_smooth,Smooth,50,cuda,NVIDIA GeForce RTX 4070 Ti SUPER,0,0,10000,7500,2500,"128,64,32",tanh,1000,2,True,1425,1426,0.009570603363621723,0.0017821269221095389,0.007859027212675763,0.002080410304611067,0.055614215473363086,0.005,True,used_close,training_data_region,7500.0,2852.0,2.0,0.008767903022621936,0.0023011857259636545,0.009377380668633901,0.002407267583032424,0.009031482239580873,0.008925817801006552,0.009101855943810824,0.009024669473228721,0.002364058978364207,0.0023158333591301273,0.0024203357359385684,0.002366939969593116,2.9184491533824777,-3.829918720729062,2.659546693883972,-1.8277295559738835,43.93433139999979
highdim_smooth,Smooth,50,cuda,NVIDIA GeForce RTX 4070 Ti SUPER,0,0,10000,7500,2500,"128,64,32",tanh,1000,2,True,1425,1426,0.009570603363621723,0.0017821269221095389,0.007859027212675763,0.002080410304611067,0.055614215473363086,0.005,True,used_close,training_data_region,7500.0,4278.0,3.0,0.008129906721073362,0.0021097725473957856,0.008245022111586077,0.0021110513061135296,0.008251196316545854,0.008188462533846752,0.008308046266659793,0.008250236430641975,0.0021771755575822078,0.0021355231573220185,0.0022141828324035097,0.00217251681507016,1.469963758216182,0.07482799733411749,3.0958922881384185,3.037157533686001,85.0702874000126
highdim_smooth,Smooth,50,cuda,NVIDIA GeForce RTX 4070 Ti SUPER,0,0,10000,7500,2500,"128,64,32",tanh,1000,2,True,1425,1426,0.009570603363621723,0.0017821269221095389,0.007859027212675763,0.002080410304611067,0.055614215473363086,0.005,True,used_close,training_data_region,7500.0,5704.0,4.0,0.007889390532550718,0.0020871599372568987,0.008019090203539017,0.002227039813973904,0.008000128252083686,0.007960018534238857,0.00804730550981824,0.007999751123563126,0.002113205438576234,0.0020444555986018366,0.0021937450914531085,0.002121620055169765,1.3841993033564832,-0.23702059339351284,1.2325115601104657,-5.38681063940313,129.7994584000262
highdim_smooth,Smooth,50,cuda,NVIDIA GeForce RTX 4070 Ti SUPER,0,1,10000,7500,2500,"128,64,32",tanh,1000,2,True,1425,1426,0.009895357666984664,0.0017864798034884926,0.00819137995553959,0.002192150044109778,0.05720864287968702,0.005,True,used_close,training_data_region,7500.0,2852.0,2.0,0.009050242457889513,0.0023450068255398493,0.009376658453435889,0.002408723030609211,0.009320998544479098,0.009212395251741737,0.009457891513428013,0.009333243788583884,0.0024902008934288206,0.00241322609794374,0.0025449144904041063,0.0024729857460440746,2.904797005359001,-0.5971453454389729,5.830616649127048,3.2719393457216457,43.96614240002236
highdim_smooth,Smooth,50,cuda,NVIDIA GeForce RTX 4070 Ti SUPER,0,1,10000,7500,2500,"128,64,32",tanh,1000,2,True,1425,1426,0.009895357666984664,0.0017864798034884926,0.00819137995553959,0.002192150044109778,0.05720864287968702,0.005,True,used_close,training_data_region,7500.0,4278.0,3.0,0.008553447600476657,0.002234467935564806,0.008599347224148936,0.0023550998521279596,0.008561712909584483,0.008513573530489574,0.008625325830910876,0.008570758487727011,0.0022559720733950706,0.0022270341707204978,0.0023071195103784433,0.0022649092077269566,0.0965380315260726,-0.43956524777095113,0.9532093984613166,-4.39401621597687,83.8331963000237
highdim_smooth,Smooth,50,cuda,NVIDIA GeForce RTX 4070 Ti SUPER,0,1,10000,7500,2500,"128,64,32",tanh,1000,2,True,1425,1426,0.009895357666984664,0.0017864798034884926,0.00819137995553959,0.002192150044109778,0.05720864287968702,0.005,True,used_close,training_data_region,7500.0,5704.0,4.0,0.00831524710422942,0.0021288827892707446,0.008328908008152598,0.002155861636296124,0.008342449738130205,0.00828371264381509,0.008382753034154176,0.008332360403121287,0.0022106472438915992,0.0021429476597036616,0.0022506206039984893,0.002198227028951674,0.32607489112522603,0.16232318326968842,3.698665847605672,2.4782609594026024,128.33372600001167
highdim_smooth,Smooth,50,cuda,NVIDIA GeForce RTX 4070 Ti SUPER,1,0,10000,7500,2500,"128,64,32",tanh,1000,2,True,1425,1426,0.010229888280385653,0.0017657996639108987,0.00852597770819707,0.002235997118618138,0.059121491074768245,0.005,True,used_close,training_data_region,7500.0,2852.0,2.0,0.009270908780412602,0.002508037574189079,0.009788390689646534,0.002512483038985683,0.009723909236638585,0.009583929982162035,0.009835112279208517,0.009718309145190259,0.0026104334338562093,0.002552396212189606,0.0026998302904665448,0.0026187069356363663,4.658624892539396,-0.6631227363269702,3.9225616075514393,3.7522655663290028,43.467453399993246
highdim_smooth,Smooth,50,cuda,NVIDIA GeForce RTX 4070 Ti SUPER,1,0,10000,7500,2500,"128,64,32",tanh,1000,2,True,1425,1426,0.010229888280385653,0.0017657996639108987,0.00852597770819707,0.002235997118618138,0.059121491074768245,0.005,True,used_close,training_data_region,7500.0,4278.0,3.0,0.008687775609401462,0.002330586021051427,0.009077474709671586,0.0023797457088352144,0.008888347742259852,0.008849311293246693,0.00898055964842968,0.008909279776522639,0.002357510918491088,0.0022872292594411704,0.0024355733825948,0.002360379283606029,2.256573872608131,-2.12780792219149,1.1420900420216986,-0.9431468660326567,83.7897576999967
highdim_smooth,Smooth,50,cuda,NVIDIA GeForce RTX 4070 Ti SUPER,1,0,10000,7500,2500,"128,64,32",tanh,1000,2,True,1425,1426,0.010229888280385653,0.0017657996639108987,0.00852597770819707,0.002235997118618138,0.059121491074768245,0.005,True,used_close,training_data_region,7500.0,5704.0,4.0,0.008555794500083308,0.0023017059497521973,0.008695613380748856,0.002392286037871485,0.008658369265169968,0.008629085469929987,0.008710492121139883,0.008666177408137795,0.0023082654267288314,0.002246110104271622,0.00237868409411314,0.0023085679282040424,1.1846891942953701,-0.4301516190665279,0.28417342740041507,-3.639989152448719,127.70405959998607
highdim_smooth,Smooth,50,cuda,NVIDIA GeForce RTX 4070 Ti SUPER,1,1,10000,7500,2500,"128,64,32",tanh,1000,2,True,1425,1426,0.007846410918666266,0.0018033933390173111,0.006079642430251099,0.0017463630277840252,0.04611359013479179,0.005,True,used_close,training_data_region,7500.0,2852.0,2.0,0.006797481168764537,0.0017709594872452928,0.007298216091279102,0.0019524606172138382,0.007124055643068859,0.007005519757261698,0.007202150706868971,0.007110599943967521,0.001924567729492184,0.0018553148736118645,0.001964322724352663,0.0019189091200661438,4.584108977616605,-2.4446811891438145,7.981441229268776,-1.44930663100197,44.11628909999854
highdim_smooth,Smooth,50,cuda,NVIDIA GeForce RTX 4070 Ti SUPER,1,1,10000,7500,2500,"128,64,32",tanh,1000,2,True,1425,1426,0.007846410918666266,0.0018033933390173111,0.006079642430251099,0.0017463630277840252,0.04611359013479179,0.005,True,used_close,training_data_region,7500.0,4278.0,3.0,0.0062972374019052806,0.0016869612967062725,0.0063530411159048025,0.0017309836461838072,0.006462870190336584,0.006418265472650757,0.0065093910594202446,0.0064651815329609605,0.0017459362976847705,0.001695367307450906,0.0017949627091805292,0.0017403949355108178,2.5628363800182936,1.6993854308879708,3.3778437997252757,0.8564259486896275,83.82376060000388
highdim_smooth,Smooth,50,cuda,NVIDIA GeForce RTX 4070 Ti SUPER,1,1,10000,7500,2500,"128,64,32",tanh,1000,2,True,1425,1426,0.007846410918666266,0.0018033933390173111,0.006079642430251099,0.0017463630277840252,0.04611359013479179,0.005,True,used_close,training_data_region,7500.0,5704.0,4.0,0.0062040744982726865,0.0016363847894552228,0.00621552627553322,0.0017077519162918536,0.006218097124771884,0.006189247109114468,0.006245805251940472,0.0062194188334181435,0.0016567380046307277,0.0016078623155370351,0.001721209573834146,0.0016658824381425852,0.22551314683287865,0.04134462982931342,1.22851139520044,-3.0791779701158246,127.49042519999784
highdim_smooth,Smooth,50,cuda,NVIDIA GeForce RTX 4070 Ti SUPER,2,0,10000,7500,2500,"128,64,32",tanh,1000,2,True,1425,1426,0.013468929792498741,0.0023412555994345675,0.011159966227692886,0.003011803800908177,0.06766919557135637,0.005,True,used_close,training_data_region,7500.0,2852.0,2.0,0.012088425858161559,0.003245260035470062,0.012873854746776863,0.0036081932092055756,0.0126765797374978,0.012515558238271132,0.012836533836655641,0.012688641615805766,0.003410858236348003,0.003327848694534213,0.0036039433237199437,0.003460443251421128,4.639689029024595,-1.556216371956522,4.855030300386991,-5.78549324491594,50.42253979999805
highdim_smooth,Smooth,50,cuda,NVIDIA GeForce RTX 4070 Ti SUPER,2,0,10000,7500,2500,"128,64,32",tanh,1000,2,True,1425,1426,0.013468929792498741,0.0023412555994345675,0.011159966227692886,0.003011803800908177,0.06766919557135637,0.005,True,used_close,training_data_region,7500.0,4278.0,3.0,0.01149962527069167,0.0031722471607689845,0.01163026161275456,0.0030414557666199682,0.011654801015263887,0.011584639123942073,0.011738488878420376,0.011663676353942963,0.003163852145267711,0.0031163989732241157,0.00324053729927918,0.00316653072510987,1.3314319512532953,0.2105518788110438,-0.26534158727455676,3.8685871851127915,97.65862560001551
highdim_smooth,Smooth,50,cuda,NVIDIA GeForce RTX 4070 Ti SUPER,2,0,10000,7500,2500,"128,64,32",tanh,1000,2,True,1425,1426,0.013468929792498741,0.0023412555994345675,0.011159966227692886,0.003011803800908177,0.06766919557135637,0.005,True,used_close,training_data_region,7500.0,5704.0,4.0,0.01125566015282864,0.002894681461714693,0.011527643419677654,0.0030425168281525685,0.011355949626902926,0.011324048156984057,0.0113815064665387,0.011353332363461399,0.0031150416088468642,0.0030100300114124534,0.0031790435534533182,0.0030991114582904194,0.8831447599652513,-1.511928094220984,7.074067534325643,2.32821226170212,150.36952800001018
highdim_smooth,Smooth,50,cuda,NVIDIA GeForce RTX 4070 Ti SUPER,2,1,10000,7500,2500,"128,64,32",tanh,1000,2,True,1425,1426,0.013449067065000682,0.0023302244629060174,0.011085073884672975,0.0030183910395004685,0.06769771424752902,0.005,True,used_close,training_data_region,7500.0,2852.0,2.0,0.011839640423569813,0.0032474075511029757,0.01280308081430513,0.003507723479350042,0.012606536450570888,0.012434827955434798,0.012743814521391056,0.012606175938031768,0.0034062837561997673,0.0033249097360430104,0.0035299030892897583,0.0034224238517370415,6.083320585380496,-1.5590671117707493,4.664209339800934,-2.978017405791423,51.306125800008886
highdim_smooth,Smooth,50,cuda,NVIDIA GeForce RTX 4070 Ti SUPER,2,1,10000,7500,2500,"128,64,32",tanh,1000,2,True,1425,1426,0.013449067065000682,0.0023302244629060174,0.011085073884672975,0.0030183910395004685,0.06769771424752902,0.005,True,used_close,training_data_region,7500.0,4278.0,3.0,0.011539228623000997,0.002997030302488077,0.011371593554471988,0.0030461752740592206,0.011586836647890245,0.011510885718108363,0.01164969098864844,0.011599918012538258,0.0031345189035480447,0.00309419304763564,0.0032142019094255994,0.0031575130344294582,0.410880262974248,1.8576519196673758,4.386274426494628,2.8184111248723274,98.17832509998698
highdim_smooth,Smooth,50,cuda,NVIDIA GeForce RTX 4070 Ti SUPER,2,1,10000,7500,2500,"128,64,32",tanh,1000,2,True,1425,1426,0.013449067065000682,0.0023302244629060174,0.011085073884672975,0.0030183910395004685,0.06769771424752902,0.005,True,used_close,training_data_region,7500.0,5704.0,4.0,0.01117783829989207,0.0028745782722272148,0.011346801175455846,0.0029519130093577034,0.01129611090246185,0.011223688192736739,0.011343490397821038,0.011288246697672352,0.0030847886944714306,0.0030028308155515115,0.00320250612561527,0.0030834063322201,1.0470205506215735,-0.4487409289063278,6.814418848881149,4.30744852481687,150.24576119999983
highdim_strong,Strong nonlinear,50,cuda,NVIDIA GeForce RTX 4070 Ti SUPER,0,0,10000,7500,2500,"128,64,32",tanh,1000,2,True,1425,1426,0.0027197571380641918,0.0016192996596199854,0.0023548212895475886,0.0006665375599130737,0.011910768250923867,0.005,True,used_close,training_data_region,7500.0,2852.0,2.0,0.0032503610634999716,0.00085225568064045,0.0033270730254882585,0.0009302709673411259,0.0032378314564604598,0.0031714873670194276,0.00332978856618203,0.003253738279554172,0.0008514351894145099,0.0008251481112080862,0.000886982589069271,0.0008539717784169519,-0.38697527057844316,-2.7562141583909385,-0.0963656701227434,-9.259163692873381,49.85299000001396
highdim_strong,Strong nonlinear,50,cuda,NVIDIA GeForce RTX 4070 Ti SUPER,0,0,10000,7500,2500,"128,64,32",tanh,1000,2,True,1425,1426,0.0027197571380641918,0.0016192996596199854,0.0023548212895475886,0.0006665375599130737,0.011910768250923867,0.005,True,used_close,training_data_region,7500.0,4278.0,3.0,0.0026239379382386667,0.0007601760092463725,0.0027278300678303296,0.0006992823462340749,0.002684539000811513,0.0026379459787659737,0.0027208603168977193,0.002684059679831331,0.0006960066535397729,0.0006796706342205523,0.0007277881518918327,0.0007010950606355414,2.257410399123537,-1.6126071182325974,-9.219646878409156,-0.47064100287582405,96.11603880001348
highdim_strong,Strong nonlinear,50,cuda,NVIDIA GeForce RTX 4070 Ti SUPER,0,0,10000,7500,2500,"128,64,32",tanh,1000,2,True,1425,1426,0.0027197571380641918,0.0016192996596199854,0.0023548212895475886,0.0006665375599130737,0.011910768250923867,0.005,True,used_close,training_data_region,7500.0,5704.0,4.0,0.0024334652452472783,0.0005713948351733871,0.0024659657988245235,0.0006424230148328922,0.0024748770558530586,0.0024607862995673713,0.002505636315460841,0.0024795541643188243,0.0006566161063565873,0.0006343318538385224,0.0006786058176592172,0.0006551643112509032,1.6732875884820941,0.36006867522813085,12.97885786811926,2.161550925463789,148.3817890000064
highdim_strong,Strong nonlinear,50,cuda,NVIDIA GeForce RTX 4070 Ti SUPER,0,1,10000,7500,2500,"128,64,32",tanh,1000,2,True,1425,1426,0.0036812392855371323,0.0016116268286477673,0.003179720396531297,0.000841077100936271,0.020528144917639393,0.005,True,used_close,training_data_region,7500.0,2852.0,2.0,0.004151062293966729,0.0010686455327516909,0.0038788511277347924,0.0009729322947224278,0.004164765112914307,0.004088899633304224,0.004219539657284321,0.004166197376347186,0.0010998311372009966,0.0010499668972502737,0.0011529155645284607,0.0011001905697623105,0.32901780955395943,6.865068675612432,2.835490230679517,11.538029628940912,49.896116800024174
highdim_strong,Strong nonlinear,50,cuda,NVIDIA GeForce RTX 4070 Ti SUPER,0,1,10000,7500,2500,"128,64,32",tanh,1000,2,True,1425,1426,0.0036812392855371323,0.0016116268286477673,0.003179720396531297,0.000841077100936271,0.020528144917639393,0.005,True,used_close,training_data_region,7500.0,4278.0,3.0,0.0034785090719294132,0.0009021079864362078,0.0035447979648657664,0.0009525914584874403,0.0035385417680053838,0.003501356456225917,0.003582199791227241,0.003539536502129996,0.0009338469554316066,0.0009056415226962952,0.0009678636017451656,0.0009331893296072233,1.6965377268899653,-0.17680155472374615,3.3987334659917203,-2.007235012847518,96.75787140001194
highdim_strong,Strong nonlinear,50,cuda,NVIDIA GeForce RTX 4070 Ti SUPER,0,1,10000,7500,2500,"128,64,32",tanh,1000,2,True,1425,1426,0.0036812392855371323,0.0016116268286477673,0.003179720396531297,0.000841077100936271,0.020528144917639393,0.005,True,used_close,training_data_region,7500.0,5704.0,4.0,0.0032985595501621974,0.0008807863273004729,0.003344439705924826,0.0008873171629038565,0.003315414576535907,0.00329945454605211,0.0033427023785472126,0.003317768453028013,0.0008775416070655225,0.0008489626267190028,0.0009118156853606477,0.0008776512114532112,0.5083836722260118,-0.8754600282672762,-0.3697511558227562,-1.1139706379305694,149.0559617000108
highdim_strong,Strong nonlinear,50,cuda,NVIDIA GeForce RTX 4070 Ti SUPER,1,0,10000,7500,2500,"128,64,32",tanh,1000,2,True,1425,1426,0.003230950902203155,0.0015820957214744205,0.0029541791011744195,0.0007054687053323496,0.017065887191740556,0.005,True,used_close,training_data_region,7500.0,2852.0,2.0,0.0037254743871952996,0.0010808876801737686,0.0041064820483497815,0.0010017216849990552,0.003830295323437656,0.003758299386880856,0.0038995302305070804,0.0038376903760468438,0.0009697106584518856,0.0009212131476683669,0.0011589250299077342,0.0010314814795320103,2.736628050608918,-7.21058564915695,-11.464968519514251,-3.3010905127385377,48.75900150000234
highdim_strong,Strong nonlinear,50,cuda,NVIDIA GeForce RTX 4070 Ti SUPER,1,0,10000,7500,2500,"128,64,32",tanh,1000,2,True,1425,1426,0.003230950902203155,0.0015820957214744205,0.0029541791011744195,0.0007054687053323496,0.017065887191740556,0.005,True,used_close,training_data_region,7500.0,4278.0,3.0,0.0032173392629135833,0.0009530424597159877,0.0033394850167776254,0.001009665379410828,0.0032718848265936747,0.0032378292783458956,0.0033029446132574244,0.0032645167754157206,0.0008520622083882841,0.0007736877570568587,0.0009807207354551543,0.0008778950292586177,1.6670991361538288,-2.0660932082480605,-11.851276859081985,-18.496674241738493,94.87786069998401
highdim_strong,Strong nonlinear,50,cuda,NVIDIA GeForce RTX 4070 Ti SUPER,1,0,10000,7500,2500,"128,64,32",tanh,1000,2,True,1425,1426,0.003230950902203155,0.0015820957214744205,0.0029541791011744195,0.0007054687053323496,0.017065887191740556,0.005,True,used_close,training_data_region,7500.0,5704.0,4.0,0.003006678876366322,0.0009495152557779051,0.0030788308913279514,0.0007504142034781576,0.003071606840782802,0.0030582605359663266,0.0030940593473700612,0.003074779236518915,0.0007780001000191458,0.000744663710081357,0.0009241530475367614,0.0008191925470171498,2.113811037090056,-0.23518799506607077,-22.045647006284252,3.5457446008437903,144.899345599988
highdim_strong,Strong nonlinear,50,cuda,NVIDIA GeForce RTX 4070 Ti SUPER,1,1,10000,7500,2500,"128,64,32",tanh,1000,2,True,1425,1426,0.0037021361938720794,0.0015640404704466108,0.003754607316912773,0.0011606268377123957,0.02129723064182236,0.005,True,used_close,training_data_region,7500.0,2852.0,2.0,0.004569096669948711,0.0011417006459248443,0.004593216913052286,0.0015262857015104492,0.0046519261903573104,0.004578158773041965,0.004764431446139989,0.004664621873416613,0.001196046058142625,0.001123843690518447,0.0013805933594521827,0.0012462106933781353,1.780542446702865,1.2620423218820394,4.543755806709923,-27.6109470132499,49.04951720000827
highdim_strong,Strong nonlinear,50,cuda,NVIDIA GeForce RTX 4070 Ti SUPER,1,1,10000,7500,2500,"128,64,32",tanh,1000,2,True,1425,1426,0.0037021361938720794,0.0015640404704466108,0.003754607316912773,0.0011606268377123957,0.02129723064182236,0.005,True,used_close,training_data_region,7500.0,4278.0,3.0,0.003987729544028944,0.0009727144080298652,0.0040891530427946575,0.0010669904613214956,0.004101950037756502,0.004068213372802952,0.004157004503697591,0.0041050783362662656,0.0010650361505271592,0.0009956062745480468,0.0012520981698724088,0.001116153144247495,2.7845413200115194,0.311973447849297,8.668413973703869,-0.1834971323150956,93.75398839998525
highdim_strong,Strong nonlinear,50,cuda,NVIDIA GeForce RTX 4070 Ti SUPER,1,1,10000,7500,2500,"128,64,32",tanh,1000,2,True,1425,1426,0.0037021361938720794,0.0015640404704466108,0.003754607316912773,0.0011606268377123957,0.02129723064182236,0.005,True,used_close,training_data_region,7500.0,5704.0,4.0,0.00380609855593977,0.0010353334603109858,0.0039077591540181604,0.0008412114447841244,0.003886073512616613,0.0038580728789103396,0.0039054101816368265,0.003879184551355991,0.000981037470212657,0.000933532574108288,0.0011427649128666324,0.0010212096148642061,2.057988774972855,-0.5580347703444687,-5.534548041937607,14.252873073056305,143.50525869999547
highdim_strong,Strong nonlinear,50,cuda,NVIDIA GeForce RTX 4070 Ti SUPER,2,0,10000,7500,2500,"128,64,32",tanh,1000,2,True,1425,1426,0.0034186054093013367,0.0013253230082141253,0.002956729046869087,0.0007742009282396497,0.022063855319112487,0.005,True,used_close,training_data_region,7500.0,2852.0,2.0,0.003673607016808343,0.0009646672647491191,0.0038256199972127214,0.0009867504120940835,0.0038196956619569863,0.0037629809798097893,0.0038831135276446702,0.0038214185901799696,0.0010454863435872988,0.0009918232334655069,0.0010958011392931642,0.0010439151103852611,3.82461478812676,-0.15509966709493866,7.730285463210475,5.618048657783432,55.40763500001049
highdim_strong,Strong nonlinear,50,cuda,NVIDIA GeForce RTX 4070 Ti SUPER,2,0,10000,7500,2500,"128,64,32",tanh,1000,2,True,1425,1426,0.0034186054093013367,0.0013253230082141253,0.002956729046869087,0.0007742009282396497,0.022063855319112487,0.005,True,used_close,training_data_region,7500.0,4278.0,3.0,0.0031639935457850746,0.00085599525579332,0.0033474886995946323,0.0008667357682867864,0.003236548503814533,0.0032130449894329075,0.003266609972731462,0.003242937276988759,0.0008749925255212747,0.0008387718049796849,0.0009193233951008442,0.0008796485881095496,2.2417386281696907,-3.427731598934702,2.171135086741125,0.9436374590250795,108.68219749999116
highdim_strong,Strong nonlinear,50,cuda,NVIDIA GeForce RTX 4070 Ti SUPER,2,0,10000,7500,2500,"128,64,32",tanh,1000,2,True,1425,1426,0.0034186054093013367,0.0013253230082141253,0.002956729046869087,0.0007742009282396497,0.022063855319112487,0.005,True,used_close,training_data_region,7500.0,5704.0,4.0,0.003060537952109845,0.0008450404652142742,0.0031079814182073825,0.000828478147126599,0.003081379668165553,0.0030630555932744923,0.00310194119390617,0.003081839302789631,0.0008447297694252195,0.0008159943348985902,0.0008675063208462973,0.0008445590938757215,0.6763761139540367,-0.8633064700419263,-0.036780494816246984,1.9238841682682293,166.63549570000032
highdim_strong,Strong nonlinear,50,cuda,NVIDIA GeForce RTX 4070 Ti SUPER,2,1,10000,7500,2500,"128,64,32",tanh,1000,2,True,1425,1426,0.002835718716901172,0.0013442575450708927,0.002398958060492616,0.000615305607059888,0.01658734885489678,0.005,True,used_close,training_data_region,7500.0,2852.0,2.0,0.003065989855903262,0.0007436478166401205,0.0033932427951583826,0.000980016377685822,0.00317495017089643,0.0031227885652800394,0.0032358456902077883,0.003186499580920028,0.000858962348458516,0.0008004453301588591,0.0009184663398484987,0.0008634554788859116,3.4318748052163426,-6.875466149452005,13.4248645502725,-14.09305418852739,56.79317970000557
highdim_strong,Strong nonlinear,50,cuda,NVIDIA GeForce RTX 4070 Ti SUPER,2,1,10000,7500,2500,"128,64,32",tanh,1000,2,True,1425,1426,0.002835718716901172,0.0013442575450708927,0.002398958060492616,0.000615305607059888,0.01658734885489678,0.005,True,used_close,training_data_region,7500.0,4278.0,3.0,0.00260486758724837,0.0006487840848408285,0.002572138172595589,0.0006912114963756108,0.002710349032436394,0.00266034032977105,0.0027689931987741664,0.002712182798504868,0.0007009117874343032,0.0006707991208063742,0.000762887527839634,0.0007194818966773944,3.8918030086038224,5.099374958234224,7.43712740005256,1.383953192483815,109.62060610001208
highdim_strong,Strong nonlinear,50,cuda,NVIDIA GeForce RTX 4070 Ti SUPER,2,1,10000,7500,2500,"128,64,32",tanh,1000,2,True,1425,1426,0.002835718716901172,0.0013442575450708927,0.002398958060492616,0.000615305607059888,0.01658734885489678,0.005,True,used_close,training_data_region,7500.0,5704.0,4.0,0.0024635493046723587,0.0005981287219454382,0.002542032039027278,0.000649551742251462,0.0025368650926010207,0.0024860705040431114,0.002578936421060345,0.0025326124381159863,0.0007037637964911831,0.0006592028251207709,0.0007393457776033123,0.0007007312606107707,2.8900152452920587,-0.20367446583293292,15.010018286308409,7.703160422575145,167.93930239998735
