case,case_label,p,device,cuda_name,data_seed,init_seed,n_original,n_train_pool,n_eval,hidden,activation,epochs,degree,include_special,n_fullpr_features,n_design_params,initial_fraction,initial_n,batch_size,iteration,selected_n,oracle_mse_vs_y,surrogate_mse_vs_y,dopt_mse_vs_nn,dopt_shape_vs_nn,pilot_mse_fullpr_vs_nn,pilot_shape_fullpr_vs_nn,random_mse_median,random_mse_q25,random_mse_q75,random_shape_median,random_shape_q25,random_shape_q75,mse_gain_vs_random_median_pct,shape_gain_vs_random_median_pct,elapsed_sec_path
highdim_poly2,Quadratic,10,cuda,NVIDIA GeForce RTX 4070 Ti SUPER,0,0,10000,7500,2500,"128,64,32",tanh,1000,2,True,85,86,0.05,375,500,0,375,0.00374050310380198,0.0029726211318348676,0.0014352507122123363,0.0020306252058985737,0.0011194585367565472,0.0010530626551179005,0.0014177926302692593,0.0013537489733682672,0.001483033923051279,0.0018281192053452508,0.0017382432841730388,0.0019737867681602368,-1.2313565164858764,-11.077286424277702,0.07786630000009609
highdim_poly2,Quadratic,10,cuda,NVIDIA GeForce RTX 4070 Ti SUPER,0,0,10000,7500,2500,"128,64,32",tanh,1000,2,True,85,86,0.05,375,500,1,875,0.00374050310380198,0.0026967872946276387,0.0011915500254892739,0.0016001762747728135,0.0011194585367565472,0.0010530626551179005,0.0012201084816870424,0.0012045426626776322,0.0012287369171120213,0.0017064912827059763,0.0016197164385850062,0.0017267127775339004,2.3406489362553047,6.230035219668956,0.1529860999999073
highdim_poly2,Quadratic,10,cuda,NVIDIA GeForce RTX 4070 Ti SUPER,0,0,10000,7500,2500,"128,64,32",tanh,1000,2,True,85,86,0.05,375,500,2,1375,0.00374050310380198,0.0026846462058147174,0.0011462942042981211,0.0015188143827009155,0.0011194585367565472,0.0010530626551179005,0.0011805140896034216,0.0011705795904287824,0.0011909411214616914,0.0015778924340235693,0.0015183390250152755,0.001675819055871888,2.8987273939946108,3.744111452008604,0.2312459999998282
highdim_poly2,Quadratic,10,cuda,NVIDIA GeForce RTX 4070 Ti SUPER,0,0,10000,7500,2500,"128,64,32",tanh,1000,2,True,85,86,0.05,375,500,3,1875,0.00374050310380198,0.002650465422455945,0.0011212345715658923,0.001447424152165109,0.0011194585367565472,0.0010530626551179005,0.0011625119337175774,0.0011585169229543645,0.001174598380461076,0.0015773150086624652,0.0015421839783991609,0.0016141946891552288,3.5507043802711697,8.234934416017595,0.3182741000000533
highdim_poly2,Quadratic,10,cuda,NVIDIA GeForce RTX 4070 Ti SUPER,0,0,10000,7500,2500,"128,64,32",tanh,1000,2,True,85,86,0.05,375,500,4,2375,0.00374050310380198,0.0026478950574816123,0.0011092402409703564,0.0014065963812180124,0.0011194585367565472,0.0010530626551179005,0.0011354131373286576,0.00113372982202387,0.001143363291409699,0.001510679202633355,0.0014816950146562197,0.0015599287950001557,2.305142991376647,6.889803025944197,0.41898159999982454
highdim_poly2,Quadratic,10,cuda,NVIDIA GeForce RTX 4070 Ti SUPER,0,0,10000,7500,2500,"128,64,32",tanh,1000,2,True,85,86,0.05,375,500,5,2875,0.00374050310380198,0.002643928960104733,0.0011047501205961015,0.0016161017531872613,0.0011194585367565472,0.0010530626551179005,0.001129659487458136,0.0011245385454400306,0.0011374402434280557,0.0015329088637084651,0.0014469402928141673,0.0015588442165173203,2.205033210324595,-5.427125607293643,0.5624159999997573
highdim_poly2,Quadratic,10,cuda,NVIDIA GeForce RTX 4070 Ti SUPER,0,0,10000,7500,2500,"128,64,32",tanh,1000,2,True,85,86,0.1,750,500,0,750,0.00374050310380198,0.002742303039584389,0.001302794488670805,0.0017570454196746633,0.0007087368929997472,0.0009079452769296575,0.001227645054195448,0.001200353333444359,0.001238588320650453,0.0016365803671216427,0.0015753297172557772,0.001683427704093245,-6.121430149417829,-7.36077830170297,0.07183219999978974
highdim_poly2,Quadratic,10,cuda,NVIDIA GeForce RTX 4070 Ti SUPER,0,0,10000,7500,2500,"128,64,32",tanh,1000,2,True,85,86,0.1,750,500,1,1250,0.00374050310380198,0.0026762217065643317,0.00114414231404239,0.0015225809322639897,0.0007087368929997472,0.0009079452769296575,0.0012213954288274086,0.0012057577495688785,0.0012309663207372666,0.00161770668807235,0.0015792236678208666,0.001691264292081605,6.324988039228605,5.880284510767003,0.15381429999979446
highdim_poly2,Quadratic,10,cuda,NVIDIA GeForce RTX 4070 Ti SUPER,0,0,10000,7500,2500,"128,64,32",tanh,1000,2,True,85,86,0.1,750,500,2,1750,0.00374050310380198,0.002662631180759407,0.001129015486672441,0.0015928053403868507,0.0007087368929997472,0.0009079452769296575,0.0011744872529397135,0.001169953182477273,0.0011895159049104976,0.0016122780582974062,0.001493494383537017,0.001658493638074898,3.8716270571228266,1.2077766493404338,0.2369395999999142
highdim_poly2,Quadratic,10,cuda,NVIDIA GeForce RTX 4070 Ti SUPER,0,0,10000,7500,2500,"128,64,32",tanh,1000,2,True,85,86,0.1,750,500,3,2250,0.00374050310380198,0.0026429717693730423,0.0011159340190623418,0.001500907056711506,0.0007087368929997472,0.0009079452769296575,0.0011500356569258754,0.0011461735183795993,0.0011569327377278138,0.00152721562931976,0.0014493799297230858,0.0015620160890917453,2.9652678730579227,1.7226495134791286,0.34455149999985224
highdim_poly2,Quadratic,10,cuda,NVIDIA GeForce RTX 4070 Ti SUPER,0,0,10000,7500,2500,"128,64,32",tanh,1000,2,True,85,86,0.1,750,500,4,2750,0.00374050310380198,0.002645181649654348,0.0011066573423496354,0.0015042175725789473,0.0007087368929997472,0.0009079452769296575,0.0011422869713490207,0.001135684378805097,0.001148683534198264,0.0014879010407067431,0.0014204990576162822,0.0015429783324763789,3.1191486809402456,-1.0966140506531243,0.46270159999994576
highdim_poly2,Quadratic,10,cuda,NVIDIA GeForce RTX 4070 Ti SUPER,0,0,10000,7500,2500,"128,64,32",tanh,1000,2,True,85,86,0.1,750,500,5,3250,0.00374050310380198,0.002640486812776448,0.001104257692488194,0.0016327288115518816,0.0007087368929997472,0.0009079452769296575,0.00113098386963249,0.0011249868252628632,0.0011366966715557953,0.0015084436828180243,0.0014544205599413343,0.0015812885240758796,2.363090921268462,-8.23929525175723,0.5977085999998053
highdim_poly2,Quadratic,10,cuda,NVIDIA GeForce RTX 4070 Ti SUPER,0,1,10000,7500,2500,"128,64,32",tanh,1000,2,True,85,86,0.05,375,500,0,375,0.0032451574138624762,0.002722723363899599,0.0007592559165756481,0.0009635843351498096,0.0005894188837140543,0.000717813608624831,0.000800811950257576,0.0007572929327828147,0.0008379566749356806,0.0011108312660567043,0.0010437014753099283,0.0011846159919968958,5.189237456878817,13.25556233482703,0.0743385999999191
highdim_poly2,Quadratic,10,cuda,NVIDIA GeForce RTX 4070 Ti SUPER,0,1,10000,7500,2500,"128,64,32",tanh,1000,2,True,85,86,0.05,375,500,1,875,0.0032451574138624762,0.0026668203872241146,0.0006220354850283223,0.0007964047338779256,0.0005894188837140543,0.000717813608624831,0.000663698854283656,0.0006587176951928657,0.0006774636663867833,0.0008800328028994507,0.0008444356717052387,0.0008851359222788774,6.277450832772924,9.50283543363328,0.15833639999982552
highdim_poly2,Quadratic,10,cuda,NVIDIA GeForce RTX 4070 Ti SUPER,0,1,10000,7500,2500,"128,64,32",tanh,1000,2,True,85,86,0.05,375,500,2,1375,0.0032451574138624762,0.0026500490607917495,0.0006068564605687432,0.000782085197445882,0.0005894188837140543,0.000717813608624831,0.0006456109461369913,0.0006356041982405165,0.0006517501274012536,0.0008326161256234786,0.0007780823098079188,0.0008548948226554745,6.002761539304011,6.068934605339062,0.2520537999998851
highdim_poly2,Quadratic,10,cuda,NVIDIA GeForce RTX 4070 Ti SUPER,0,1,10000,7500,2500,"128,64,32",tanh,1000,2,True,85,86,0.05,375,500,3,1875,0.0032451574138624762,0.002637495256538222,0.0005986221586381902,0.0008929269194310672,0.0005894188837140543,0.000717813608624831,0.000625735415685539,0.0006212479315894483,0.0006315551903483096,0.0008463490752117995,0.0008370012403532622,0.0008710172367161983,4.333022611105411,-5.503384547045391,0.3825372999999672
highdim_poly2,Quadratic,10,cuda,NVIDIA GeForce RTX 4070 Ti SUPER,0,1,10000,7500,2500,"128,64,32",tanh,1000,2,True,85,86,0.05,375,500,4,2375,0.0032451574138624762,0.002636535362672391,0.0005937242080596922,0.0008269590167829412,0.0005894188837140543,0.000717813608624831,0.0006150768315136157,0.0006089825938836221,0.0006241937010623008,0.0008311828915922078,0.0007995582902522893,0.0008769852119772285,3.471537596592236,0.5081763414518063,0.5442890999997871
highdim_poly2,Quadratic,10,cuda,NVIDIA GeForce RTX 4070 Ti SUPER,0,1,10000,7500,2500,"128,64,32",tanh,1000,2,True,85,86,0.05,375,500,5,2875,0.0032451574138624762,0.002633124216184948,0.0005927529540226554,0.0007553109684009194,0.0005894188837140543,0.000717813608624831,0.0006058483610440785,0.0006012241951807958,0.000611356244596342,0.0008217516919284233,0.0007795864747585915,0.0008557588291956485,2.1614991247736324,8.085255458566321,0.6760207999996055
highdim_poly2,Quadratic,10,cuda,NVIDIA GeForce RTX 4070 Ti SUPER,0,1,10000,7500,2500,"128,64,32",tanh,1000,2,True,85,86,0.1,750,500,0,750,0.0032451574138624762,0.0027349767474740987,0.000704757371170164,0.0009512108069429198,0.0005864151220464854,0.0007876951205681242,0.0006743062695410858,0.0006685388244333781,0.0006859311559380268,0.000885357155289752,0.0008385268459361794,0.0009264981771995175,-4.515915542325063,-7.438088827735941,0.07819879999988189
highdim_poly2,Quadratic,10,cuda,NVIDIA GeForce RTX 4070 Ti SUPER,0,1,10000,7500,2500,"128,64,32",tanh,1000,2,True,85,86,0.1,750,500,1,1250,0.0032451574138624762,0.002656502528644625,0.0006113240917517897,0.0007878766927582591,0.0005864151220464854,0.0007876951205681242,0.0006551206324119138,0.0006481656183703579,0.0006654189200527865,0.0009098696002072795,0.0008350231046224585,0.0009670125739058896,6.68526352144968,13.407735286598088,0.17418009999983042
highdim_poly2,Quadratic,10,cuda,NVIDIA GeForce RTX 4070 Ti SUPER,0,1,10000,7500,2500,"128,64,32",tanh,1000,2,True,85,86,0.1,750,500,2,1750,0.0032451574138624762,0.0026488241644294424,0.0006037297692243858,0.0008278934727670309,0.0005864151220464854,0.0007876951205681242,0.0006262343515658331,0.0006185054888286747,0.0006328877939875164,0.0008405162645333611,0.0007919704922533277,0.000890301443746541,3.5936358785136875,1.5017903042409377,0.29115249999995285
highdim_poly2,Quadratic,10,cuda,NVIDIA GeForce RTX 4070 Ti SUPER,0,1,10000,7500,2500,"128,64,32",tanh,1000,2,True,85,86,0.1,750,500,3,2250,0.0032451574138624762,0.0026393418489377013,0.0005995295826578881,0.0007909866651185698,0.0005864151220464854,0.0007876951205681242,0.0006180169546450575,0.0006114760027688439,0.0006259848076978269,0.0008418312072015669,0.0007742914580158937,0.0008804461744525865,2.991402072098039,6.03975495895615,0.4159261999998307
highdim_poly2,Quadratic,10,cuda,NVIDIA GeForce RTX 4070 Ti SUPER,0,1,10000,7500,2500,"128,64,32",tanh,1000,2,True,85,86,0.1,750,500,4,2750,0.0032451574138624762,0.0026403027152479205,0.0005944006310729903,0.0007262365794327133,0.0005864151220464854,0.0007876951205681242,0.0006103306581678974,0.0006028817163435023,0.0006156108060580241,0.0008098558684713139,0.0007648693689581109,0.0008508448437112031,2.610065033063579,10.325206285958092,0.5389362999999321
highdim_poly2,Quadratic,10,cuda,NVIDIA GeForce RTX 4070 Ti SUPER,0,1,10000,7500,2500,"128,64,32",tanh,1000,2,True,85,86,0.1,750,500,5,3250,0.0032451574138624762,0.0026324845864269873,0.0005919801104417483,0.0007915410988662067,0.0005864151220464854,0.0007876951205681242,0.0006094165069365437,0.0006051670323788088,0.0006148286307292726,0.0008223029282074996,0.0007678475100576763,0.0008845085192708125,2.8611624884343736,3.7409363734541516,0.6989120999996885
highdim_poly2,Quadratic,10,cuda,NVIDIA GeForce RTX 4070 Ti SUPER,1,0,10000,7500,2500,"128,64,32",tanh,1000,2,True,85,86,0.05,375,500,0,375,0.006259438590831428,0.00540876474035082,0.0027521801022225324,0.003942520567607169,0.002595424989844613,0.003520643723700722,0.0024880409032692736,0.0023748083234599276,0.0026338820193474405,0.0033877476173463173,0.003066401698107134,0.0035308192864759937,-10.616352753935082,-16.375864229679998,0.09366539999973611
highdim_poly2,Quadratic,10,cuda,NVIDIA GeForce RTX 4070 Ti SUPER,1,0,10000,7500,2500,"128,64,32",tanh,1000,2,True,85,86,0.05,375,500,1,875,0.006259438590831428,0.004611097132366777,0.00203434219349463,0.0025783755102322557,0.002595424989844613,0.003520643723700722,0.0021425682955491746,0.002067722103818751,0.002203872164564947,0.0028006751364058266,0.002749341124937084,0.0029098363645678827,5.051232312144559,7.937358506308352,0.18252529999972467
highdim_poly2,Quadratic,10,cuda,NVIDIA GeForce RTX 4070 Ti SUPER,1,0,10000,7500,2500,"128,64,32",tanh,1000,2,True,85,86,0.05,375,500,2,1375,0.006259438590831428,0.004542462397069751,0.001968782441350958,0.0024455558386189853,0.002595424989844613,0.003520643723700722,0.001989076658559001,0.0019746366119630927,0.0020421691914095917,0.0027069402051868065,0.0026252124021715565,0.002801968506100349,1.0202833118933277,9.65608202453009,0.27763180000010834
highdim_poly2,Quadratic,10,cuda,NVIDIA GeForce RTX 4070 Ti SUPER,1,0,10000,7500,2500,"128,64,32",tanh,1000,2,True,85,86,0.05,375,500,3,1875,0.006259438590831428,0.004515651326599631,0.0019378704420707094,0.0023762884039566076,0.002595424989844613,0.003520643723700722,0.001973704304862082,0.0019642246698178918,0.002004979449098338,0.0026427642464862703,0.002591868640872897,0.0027506664591821026,1.8155638969372616,10.08322414244706,0.3682854999997289
highdim_poly2,Quadratic,10,cuda,NVIDIA GeForce RTX 4070 Ti SUPER,1,0,10000,7500,2500,"128,64,32",tanh,1000,2,True,85,86,0.05,375,500,4,2375,0.006259438590831428,0.004492909204129627,0.0019208529579493963,0.0024517254981913953,0.002595424989844613,0.003520643723700722,0.001966743934399147,0.001957147746882159,0.0019774043246276007,0.0025863238310621928,0.0025260919096209795,0.0026627194165193702,2.3333478063462656,5.204233563262588,0.47622469999987516
highdim_poly2,Quadratic,10,cuda,NVIDIA GeForce RTX 4070 Ti SUPER,1,0,10000,7500,2500,"128,64,32",tanh,1000,2,True,85,86,0.05,375,500,5,2875,0.006259438590831428,0.004485245395939625,0.001920186667479238,0.002300299812415258,0.002595424989844613,0.003520643723700722,0.0019365101373949882,0.0019256137441903676,0.0019449775652815805,0.002566986883660254,0.0025393933597343396,0.0027025227534922033,0.8429323245221233,10.389109229289417,0.602482400000099
highdim_poly2,Quadratic,10,cuda,NVIDIA GeForce RTX 4070 Ti SUPER,1,0,10000,7500,2500,"128,64,32",tanh,1000,2,True,85,86,0.1,750,500,0,750,0.006259438590831428,0.004709064908183361,0.0022222636068162066,0.0028199044866013007,0.0021543636112295204,0.0027189278974389768,0.002158716005284797,0.002132812709208363,0.0022228403981358704,0.0028065505993085387,0.002730886131883858,0.002998579265329717,-2.9437684890387295,-0.47581138555107905,0.06813939999983631
highdim_poly2,Quadratic,10,cuda,NVIDIA GeForce RTX 4070 Ti SUPER,1,0,10000,7500,2500,"128,64,32",tanh,1000,2,True,85,86,0.1,750,500,1,1250,0.006259438590831428,0.004543302491330651,0.002006293155992573,0.0025405720314701456,0.0021543636112295204,0.0027189278974389768,0.0020413121471899564,0.0020341135812160104,0.0020714728401373906,0.0026655617899000793,0.002540847895651838,0.0027150097126972974,1.7155137809565242,4.689058753150084,0.14359079999985624
highdim_poly2,Quadratic,10,cuda,NVIDIA GeForce RTX 4070 Ti SUPER,1,0,10000,7500,2500,"128,64,32",tanh,1000,2,True,85,86,0.1,750,500,2,1750,0.006259438590831428,0.004506942398733723,0.0019689696981387175,0.0026474022569502416,0.0021543636112295204,0.0027189278974389768,0.001986136481937407,0.0019621708596724496,0.0020053032937541195,0.0025779805222439747,0.002490918913963953,0.0026952480793406676,0.8643305208282496,-2.6928727392338647,0.23017429999981687
highdim_poly2,Quadratic,10,cuda,NVIDIA GeForce RTX 4070 Ti SUPER,1,0,10000,7500,2500,"128,64,32",tanh,1000,2,True,85,86,0.1,750,500,3,2250,0.006259438590831428,0.004491843749632546,0.0019297338380076649,0.0025633238102431228,0.0021543636112295204,0.0027189278974389768,0.001958150622481793,0.0019466202283547963,0.001975700532476062,0.0025454260391358525,0.002522663176204673,0.0026423109183547244,1.4512052417148789,-0.7031345964130388,0.33363150000013775
highdim_poly2,Quadratic,10,cuda,NVIDIA GeForce RTX 4070 Ti SUPER,1,0,10000,7500,2500,"128,64,32",tanh,1000,2,True,85,86,0.1,750,500,4,2750,0.006259438590831428,0.004470062868171625,0.0019241559300103787,0.002418504703832644,0.0021543636112295204,0.0027189278974389768,0.0019735970632404334,0.00195653323261311,0.0019848812764850505,0.0025545540025061187,0.0024961007322424384,0.0026030049110302915,2.505128029977796,5.325755436761357,0.452777800000149
highdim_poly2,Quadratic,10,cuda,NVIDIA GeForce RTX 4070 Ti SUPER,1,0,10000,7500,2500,"128,64,32",tanh,1000,2,True,85,86,0.1,750,500,5,3250,0.006259438590831428,0.004463455940628073,0.001919740876443119,0.002685041454587338,0.0021543636112295204,0.0027189278974389768,0.0019448117206900882,0.0019142239600511315,0.001955756179341461,0.0027153600638306977,0.0025348850339768415,0.002805322105106747,1.2891142098872825,1.1165594444439106,0.5948005999998713
highdim_poly2,Quadratic,10,cuda,NVIDIA GeForce RTX 4070 Ti SUPER,1,1,10000,7500,2500,"128,64,32",tanh,1000,2,True,85,86,0.05,375,500,0,375,0.0056856283149976485,0.004693642796839735,0.0017756059116496188,0.002372138379722138,0.0027493154539393262,0.0032333162815607,0.0018216805761122959,0.001793192040902369,0.0019206695050574345,0.002375754549982975,0.0022074134336277037,0.00253388775940229,2.529239487254478,0.1522114420811155,0.0727339000000029
highdim_poly2,Quadratic,10,cuda,NVIDIA GeForce RTX 4070 Ti SUPER,1,1,10000,7500,2500,"128,64,32",tanh,1000,2,True,85,86,0.05,375,500,1,875,0.0056856283149976485,0.004534571124380144,0.0014436784476405996,0.0019780034054808675,0.0027493154539393262,0.0032333162815607,0.0015185044530542768,0.0014909458564145066,0.0015248027720809066,0.0020461130635474082,0.0018979508192516381,0.0020580076600247386,4.927611852778848,3.328733845648634,0.14413680000006934
highdim_poly2,Quadratic,10,cuda,NVIDIA GeForce RTX 4070 Ti SUPER,1,1,10000,7500,2500,"128,64,32",tanh,1000,2,True,85,86,0.05,375,500,2,1375,0.0056856283149976485,0.004514081661323377,0.0014098625391441538,0.001753862331785607,0.0027493154539393262,0.0032333162815607,0.001453144612564577,0.0014321667029821002,0.0014652270384689786,0.001910199131660462,0.0018747325063141512,0.001990399355889458,2.9785110887234354,8.184319492332595,0.22043699999994715
highdim_poly2,Quadratic,10,cuda,NVIDIA GeForce RTX 4070 Ti SUPER,1,1,10000,7500,2500,"128,64,32",tanh,1000,2,True,85,86,0.05,375,500,3,1875,0.0056856283149976485,0.004497159911184881,0.0013758004156022856,0.0018149622030311926,0.0027493154539393262,0.0032333162815607,0.0014140746553083765,0.0013995286592948797,0.0014252805896420564,0.0019303583378800112,0.0018952557801304973,0.001990948178637011,2.7066632983209953,5.9779644320106256,0.31140240000013364
highdim_poly2,Quadratic,10,cuda,NVIDIA GeForce RTX 4070 Ti SUPER,1,1,10000,7500,2500,"128,64,32",tanh,1000,2,True,85,86,0.05,375,500,4,2375,0.0056856283149976485,0.00448585744623969,0.001359989144263454,0.0018900994551466137,0.0027493154539393262,0.0032333162815607,0.0013967635897654271,0.0013910214869291002,0.0014015508061100846,0.0018447971195451147,0.0017802954249412203,0.0019031286997246194,2.6328324829937,-2.455681176078022,0.4084632999997666
highdim_poly2,Quadratic,10,cuda,NVIDIA GeForce RTX 4070 Ti SUPER,1,1,10000,7500,2500,"128,64,32",tanh,1000,2,True,85,86,0.05,375,500,5,2875,0.0056856283149976485,0.004481490948416454,0.001356692282520838,0.0018151584211959929,0.0027493154539393262,0.0032333162815607,0.0013781949284861804,0.0013678592585520436,0.001387520255635707,0.001778154712264069,0.0017712247613098893,0.0018376924473864477,1.5602035329618538,-2.081017398357211,0.5224757000000864
highdim_poly2,Quadratic,10,cuda,NVIDIA GeForce RTX 4070 Ti SUPER,1,1,10000,7500,2500,"128,64,32",tanh,1000,2,True,85,86,0.1,750,500,0,750,0.0056856283149976485,0.004627791862597553,0.0015247332753581117,0.0019558532405985376,0.0013787580411798938,0.0017756081239762801,0.0015376485833208996,0.0015279043751111397,0.0015509076011117145,0.002042522289894439,0.002009153322226181,0.0020915594290599844,0.8399388587797091,4.243236400635828,0.06898940000019138
highdim_poly2,Quadratic,10,cuda,NVIDIA GeForce RTX 4070 Ti SUPER,1,1,10000,7500,2500,"128,64,32",tanh,1000,2,True,85,86,0.1,750,500,1,1250,0.0056856283149976485,0.004553217086929689,0.0014403167743451209,0.0018386403170446818,0.0013787580411798938,0.0017756081239762801,0.0014475577007076602,0.0014262260454751467,0.0014533890312102065,0.0019189104770855664,0.0018318278681279847,0.002043957372075138,0.5002167691829842,4.18311124981706,0.14379439999993338
highdim_poly2,Quadratic,10,cuda,NVIDIA GeForce RTX 4070 Ti SUPER,1,1,10000,7500,2500,"128,64,32",tanh,1000,2,True,85,86,0.1,750,500,2,1750,0.0056856283149976485,0.004517631979699369,0.0014088305124978517,0.001915194772758528,0.0013787580411798938,0.0017756081239762801,0.0013967743650773906,0.0013937654525283116,0.0014048392152786234,0.0018642570384255091,0.0018111296419243985,0.0019519732738422452,-0.8631420880775641,-2.7323342909859285,0.22180780000007871
highdim_poly2,Quadratic,10,cuda,NVIDIA GeForce RTX 4070 Ti SUPER,1,1,10000,7500,2500,"128,64,32",tanh,1000,2,True,85,86,0.1,750,500,3,2250,0.0056856283149976485,0.004504178382991262,0.001370903212143406,0.0019443274064004793,0.0013787580411798938,0.0017756081239762801,0.0013814318156916072,0.001378880428897532,0.0013832037150247885,0.0018255648728349003,0.0017542728509721806,0.001878598141436247,0.7621515176215922,-6.5055225006139565,0.3180769999999029
highdim_poly2,Quadratic,10,cuda,NVIDIA GeForce RTX 4070 Ti SUPER,1,1,10000,7500,2500,"128,64,32",tanh,1000,2,True,85,86,0.1,750,500,4,2750,0.0056856283149976485,0.004491425339385673,0.0013596321701130098,0.0017319138663589874,0.0013787580411798938,0.0017756081239762801,0.0013771027263204082,0.001370259269359486,0.0013823383453762876,0.0018543019230983606,0.0018051894229685428,0.00187293013605311,1.2686458223838817,6.600222715342626,0.4314652000002752
highdim_poly2,Quadratic,10,cuda,NVIDIA GeForce RTX 4070 Ti SUPER,1,1,10000,7500,2500,"128,64,32",tanh,1000,2,True,85,86,0.1,750,500,5,3250,0.0056856283149976485,0.004482303598185933,0.0013571082568168858,0.0018322310518507352,0.0013787580411798938,0.0017756081239762801,0.0013706231803736401,0.0013639319506891859,0.001374089663896592,0.00187116512230538,0.0018188816627584229,0.0019199204824594629,0.9860422434319333,2.080739427564564,0.5657859000002645
highdim_poly2,Quadratic,10,cuda,NVIDIA GeForce RTX 4070 Ti SUPER,2,0,10000,7500,2500,"128,64,32",tanh,1000,2,True,85,86,0.05,375,500,0,375,0.0060884491629224465,0.005019698952307036,0.002776497157014322,0.00366330896226395,0.0024918927936711526,0.0027328618536437243,0.0025449959403239793,0.0024797433870674688,0.0026339051495240027,0.0035660595630197904,0.0033631357590369086,0.003678686503612337,-9.09632950773479,-2.727082863467582,0.07973289999972621
highdim_poly2,Quadratic,10,cuda,NVIDIA GeForce RTX 4070 Ti SUPER,2,0,10000,7500,2500,"128,64,32",tanh,1000,2,True,85,86,0.05,375,500,1,875,0.0060884491629224465,0.004279885767751816,0.0020473009780486644,0.002690473034693791,0.0024918927936711526,0.0027328618536437243,0.0021021942661031234,0.0020790814536450464,0.002150838057450623,0.0028302805869207404,0.0027881016988337832,0.0029353026275069035,2.6112376453302657,4.9397064331016,0.1686547999997856
highdim_poly2,Quadratic,10,cuda,NVIDIA GeForce RTX 4070 Ti SUPER,2,0,10000,7500,2500,"128,64,32",tanh,1000,2,True,85,86,0.05,375,500,2,1375,0.0060884491629224465,0.004235172860967259,0.0019655853588881845,0.002757819568220199,0.0024918927936711526,0.0027328618536437243,0.0020109679938973626,0.0019946607847661337,0.0020294871052176583,0.002751273936055076,0.0026798303885640015,0.0028254202122110035,2.2567557090366295,-0.23791277485470627,0.2584225000000515
highdim_poly2,Quadratic,10,cuda,NVIDIA GeForce RTX 4070 Ti SUPER,2,0,10000,7500,2500,"128,64,32",tanh,1000,2,True,85,86,0.05,375,500,3,1875,0.0060884491629224465,0.004234366406696112,0.001966616839914974,0.0027034492183672047,0.0024918927936711526,0.0027328618536437243,0.001998289602768798,0.001983151355446899,0.0020147326437590916,0.002804626067561657,0.0027238986147665265,0.002874430785511042,1.5849936270467817,3.6074987095308395,0.35692199999994045
highdim_poly2,Quadratic,10,cuda,NVIDIA GeForce RTX 4070 Ti SUPER,2,0,10000,7500,2500,"128,64,32",tanh,1000,2,True,85,86,0.05,375,500,4,2375,0.0060884491629224465,0.004207210167952622,0.0019522681749607471,0.0024508319713865342,0.0024918927936711526,0.0027328618536437243,0.0019579288225036193,0.0019517771242149047,0.001975454689841396,0.0027439837451983893,0.002640819855783933,0.002788751526357172,0.28911406164570724,10.68343696732286,0.46883759999991526
highdim_poly2,Quadratic,10,cuda,NVIDIA GeForce RTX 4070 Ti SUPER,2,0,10000,7500,2500,"128,64,32",tanh,1000,2,True,85,86,0.05,375,500,5,2875,0.0060884491629224465,0.004196171867226502,0.0019308939064209632,0.0027977245657036113,0.0024918927936711526,0.0027328618536437243,0.001953572403461306,0.0019436668914162344,0.001963281714270201,0.002619823413192957,0.0026072139021199115,0.002695110997169201,1.1608731265941954,-6.790578006699844,0.5988738000000922
highdim_poly2,Quadratic,10,cuda,NVIDIA GeForce RTX 4070 Ti SUPER,2,0,10000,7500,2500,"128,64,32",tanh,1000,2,True,85,86,0.1,750,500,0,750,0.0060884491629224465,0.004360801617910908,0.0021351527266817725,0.00298764727960782,0.0015871781936808934,0.0020255629484926506,0.002183344157178804,0.002126301471478249,0.0022362735137826306,0.002981454394167385,0.0028887759572017186,0.0031135193397732693,2.2072301491534856,-0.2077135726962652,0.08315119999997478
highdim_poly2,Quadratic,10,cuda,NVIDIA GeForce RTX 4070 Ti SUPER,2,0,10000,7500,2500,"128,64,32",tanh,1000,2,True,85,86,0.1,750,500,1,1250,0.0060884491629224465,0.004236982774502866,0.0019683226543275424,0.002812939934612933,0.0015871781936808934,0.0020255629484926506,0.002032366053936986,0.0020142144889402367,0.0020422189621554145,0.002636299658503486,0.0025805621641924116,0.002792756445096813,3.151174439534752,-6.700311003708814,0.16375829999969937
highdim_poly2,Quadratic,10,cuda,NVIDIA GeForce RTX 4070 Ti SUPER,2,0,10000,7500,2500,"128,64,32",tanh,1000,2,True,85,86,0.1,750,500,2,1750,0.0060884491629224465,0.004228394640717362,0.0019406859805129791,0.002739241382168644,0.0015871781936808934,0.0020255629484926506,0.0020012088662325995,0.001991069814622828,0.002010779657716012,0.002726713971662739,0.0026943879594659203,0.002746998693586219,3.0243162890617463,-0.4594325123975412,0.2532965000000331
highdim_poly2,Quadratic,10,cuda,NVIDIA GeForce RTX 4070 Ti SUPER,2,0,10000,7500,2500,"128,64,32",tanh,1000,2,True,85,86,0.1,750,500,3,2250,0.0060884491629224465,0.004218097818026595,0.0019445514536906578,0.002659054566829899,0.0015871781936808934,0.0020255629484926506,0.001969615468887305,0.0019430798357711566,0.0019787290257603503,0.0026573605024144222,0.0026388461975974187,0.0027469630897740444,1.272533425562834,-0.06374989068805939,0.3558138999997027
highdim_poly2,Quadratic,10,cuda,NVIDIA GeForce RTX 4070 Ti SUPER,2,0,10000,7500,2500,"128,64,32",tanh,1000,2,True,85,86,0.1,750,500,4,2750,0.0060884491629224465,0.0041965963112576615,0.0019292673820205906,0.0027420781063926774,0.0015871781936808934,0.0020255629484926506,0.0019474815224729317,0.0019423975385564531,0.0019594292273717767,0.002712234265726363,0.002600361824498422,0.002740666226536495,0.9352664064926566,-1.100341553952095,0.47943649999979243
highdim_poly2,Quadratic,10,cuda,NVIDIA GeForce RTX 4070 Ti SUPER,2,0,10000,7500,2500,"128,64,32",tanh,1000,2,True,85,86,0.1,750,500,5,3250,0.0060884491629224465,0.004192391508825412,0.0019234226735287774,0.002516300660221015,0.0015871781936808934,0.0020255629484926506,0.00194333631580714,0.0019348998007730337,0.0019521567089909517,0.002663798502245852,0.0026396846553156743,0.002752567345109366,1.0247141535093298,5.537124594840086,0.632894800000031
highdim_poly2,Quadratic,10,cuda,NVIDIA GeForce RTX 4070 Ti SUPER,2,1,10000,7500,2500,"128,64,32",tanh,1000,2,True,85,86,0.05,375,500,0,375,0.005102507095566655,0.004339544529893469,0.0012439626485824396,0.001610705928709034,0.0015858108082376693,0.001853175343275621,0.0013944590612527754,0.001283413013187208,0.001415463226206832,0.0018135884909184696,0.0017664952753795311,0.001947604586680625,10.792458298139676,11.186802476160855,0.0777883999999176
highdim_poly2,Quadratic,10,cuda,NVIDIA GeForce RTX 4070 Ti SUPER,2,1,10000,7500,2500,"128,64,32",tanh,1000,2,True,85,86,0.05,375,500,1,875,0.005102507095566655,0.0042669558406427,0.0011099798559518878,0.001509116680268311,0.0015858108082376693,0.001853175343275621,0.001093424020207576,0.0010799583394274204,0.0011102385778531468,0.0014954845601916913,0.001472976292105176,0.0015317206190051862,-1.5141276795043161,-0.911552044032636,0.1646270999999615
highdim_poly2,Quadratic,10,cuda,NVIDIA GeForce RTX 4070 Ti SUPER,2,1,10000,7500,2500,"128,64,32",tanh,1000,2,True,85,86,0.05,375,500,2,1375,0.005102507095566655,0.004237139946691706,0.0010689215245760263,0.0013395671164441038,0.0015858108082376693,0.001853175343275621,0.0010703181706059957,0.001054729630365199,0.0010804196135982404,0.0014437729585385069,0.0013967804915519819,0.0015127484914741521,0.13048886474370916,7.217605890048525,0.256723299999976
highdim_poly2,Quadratic,10,cuda,NVIDIA GeForce RTX 4070 Ti SUPER,2,1,10000,7500,2500,"128,64,32",tanh,1000,2,True,85,86,0.05,375,500,3,1875,0.005102507095566655,0.00422739483574068,0.001051251348099866,0.001438059978484139,0.0015858108082376693,0.001853175343275621,0.0010481070620168024,0.0010420943817889177,0.0010554904733094611,0.0014584467354906323,0.0014451021426198972,0.001466515322746885,-0.29999665082050037,1.397840353740111,0.3544481999997515
highdim_poly2,Quadratic,10,cuda,NVIDIA GeForce RTX 4070 Ti SUPER,2,1,10000,7500,2500,"128,64,32",tanh,1000,2,True,85,86,0.05,375,500,4,2375,0.005102507095566655,0.004211952916302783,0.0010350695118306206,0.0013788119657105699,0.0015858108082376693,0.001853175343275621,0.0010365672069546019,0.0010200905722100647,0.0010419059558024872,0.0014123900804534188,0.0013829370890955561,0.001463171399056105,0.1444860607139388,2.3773966701939293,0.46109309999974357
highdim_poly2,Quadratic,10,cuda,NVIDIA GeForce RTX 4070 Ti SUPER,2,1,10000,7500,2500,"128,64,32",tanh,1000,2,True,85,86,0.05,375,500,5,2875,0.005102507095566655,0.004210553139392608,0.001023315664011417,0.0014140206260237977,0.0015858108082376693,0.001853175343275621,0.0010256192569684697,0.0010176217167853125,0.0010361866630604166,0.0013585327052020191,0.0013075424582619096,0.0013939932092204659,0.22460508043323288,-4.084400810470534,0.5965038999997887
highdim_poly2,Quadratic,10,cuda,NVIDIA GeForce RTX 4070 Ti SUPER,2,1,10000,7500,2500,"128,64,32",tanh,1000,2,True,85,86,0.1,750,500,0,750,0.005102507095566655,0.00429983241405842,0.001133674384502587,0.0014573928044979774,0.0008564967809403563,0.0010514133158415662,0.0011532794198823356,0.001143503495397668,0.0011804073315968705,0.0015731387918813237,0.0015344633520605574,0.0016052394000965451,1.6999380238441126,7.357646253508578,0.08236340000030395
highdim_poly2,Quadratic,10,cuda,NVIDIA GeForce RTX 4070 Ti SUPER,2,1,10000,7500,2500,"128,64,32",tanh,1000,2,True,85,86,0.1,750,500,1,1250,0.005102507095566655,0.004220905870196872,0.0010525612229068603,0.0015170442606878892,0.0008564967809403563,0.0010514133158415662,0.0010808827427391731,0.0010744972235612838,0.001088116125261586,0.001463208565952645,0.0014284544332302605,0.0015647502246773537,2.620221298060548,-3.6792905664951263,0.158550600000126
highdim_poly2,Quadratic,10,cuda,NVIDIA GeForce RTX 4070 Ti SUPER,2,1,10000,7500,2500,"128,64,32",tanh,1000,2,True,85,86,0.1,750,500,2,1750,0.005102507095566655,0.004224899967838145,0.0010392865684547342,0.0014646560732770044,0.0008564967809403563,0.0010514133158415662,0.0010594886245516872,0.00104694677952268,0.0010695486229683425,0.0014131612452180733,0.0014032000782267981,0.0014575125693903385,1.9067742332298594,-3.643945673799217,0.24523920000001453
highdim_poly2,Quadratic,10,cuda,NVIDIA GeForce RTX 4070 Ti SUPER,2,1,10000,7500,2500,"128,64,32",tanh,1000,2,True,85,86,0.1,750,500,3,2250,0.005102507095566655,0.0042213098266216074,0.0010340936735263261,0.0014529516263867785,0.0008564967809403563,0.0010514133158415662,0.0010378651255038122,0.0010267545799873855,0.001044249960757148,0.0014392864499862337,0.0013950305154190373,0.0014619802151431987,0.36338555798908123,-0.94944105120113,0.34765290000041205
highdim_poly2,Quadratic,10,cuda,NVIDIA GeForce RTX 4070 Ti SUPER,2,1,10000,7500,2500,"128,64,32",tanh,1000,2,True,85,86,0.1,750,500,4,2750,0.005102507095566655,0.004211079556524076,0.0010237927746267637,0.001442940324346236,0.0008564967809403563,0.0010514133158415662,0.0010264036738808911,0.0010123419972454095,0.0010341449618677168,0.0014205735703080975,0.0013870508729115238,0.0014566078841053685,0.25437352969085525,-1.5744875524671083,0.46724270000004253
highdim_poly2,Quadratic,10,cuda,NVIDIA GeForce RTX 4070 Ti SUPER,2,1,10000,7500,2500,"128,64,32",tanh,1000,2,True,85,86,0.1,750,500,5,3250,0.005102507095566655,0.004212094883303384,0.0010179041463265729,0.0013304137878137336,0.0008564967809403563,0.0010514133158415662,0.001023521381589819,0.0010203921547008057,0.0010281418303085383,0.001445785003450513,0.0013559970381610545,0.001483732707171448,0.5488146475768866,7.979832088549425,0.6119635000000017
highdim_smooth,Smooth,10,cuda,NVIDIA GeForce RTX 4070 Ti SUPER,0,0,10000,7500,2500,"128,64,32",tanh,1000,2,True,85,86,0.05,375,500,0,375,0.0012556585283535157,0.0010257088274750108,0.0004730688569811475,0.0005946481190171207,0.0004467241091094045,0.000543036830553738,0.0004987680460893219,0.0004815268595896366,0.0005254154092214701,0.0006168010583898493,0.0006041591508043693,0.0006455639974850299,5.152533188457727,3.59158582356498,0.08088009999983115
highdim_smooth,Smooth,10,cuda,NVIDIA GeForce RTX 4070 Ti SUPER,0,0,10000,7500,2500,"128,64,32",tanh,1000,2,True,85,86,0.05,375,500,1,875,0.0012556585283535157,0.0009661144415521051,0.0003910013613940291,0.0004895372003966423,0.0004467241091094045,0.000543036830553738,0.0004058342474968626,0.00039865387896226013,0.0004123779286264739,0.0005275610938219098,0.0004917965142307843,0.0005438651834621094,3.654912367381757,7.20748627420645,0.16683489999968515
highdim_smooth,Smooth,10,cuda,NVIDIA GeForce RTX 4070 Ti SUPER,0,0,10000,7500,2500,"128,64,32",tanh,1000,2,True,85,86,0.05,375,500,2,1375,0.0012556585283535157,0.0009528412611636131,0.00037247322806017075,0.0004853092864650215,0.0004467241091094045,0.000543036830553738,0.0003908723642320731,0.00038478136667958877,0.0003933877036990143,0.00048445613694716674,0.00047628006406151796,0.0005096712863991838,4.707198015405925,-0.17610459498581543,0.2544066999998904
highdim_smooth,Smooth,10,cuda,NVIDIA GeForce RTX 4070 Ti SUPER,0,0,10000,7500,2500,"128,64,32",tanh,1000,2,True,85,86,0.05,375,500,3,1875,0.0012556585283535157,0.0009441379061820561,0.00036758062443905325,0.0005090840063657991,0.0004467241091094045,0.000543036830553738,0.00037826501838594053,0.0003764872564200209,0.00038369370515481675,0.0005059721147646619,0.0004746866013200723,0.0005248216086544692,2.82457891360868,-0.6150322340559412,0.3494567999996434
highdim_smooth,Smooth,10,cuda,NVIDIA GeForce RTX 4070 Ti SUPER,0,0,10000,7500,2500,"128,64,32",tanh,1000,2,True,85,86,0.05,375,500,4,2375,0.0012556585283535157,0.0009465005838772988,0.0003656041652851568,0.0004451144178294113,0.0004467241091094045,0.000543036830553738,0.00037642754367532024,0.00037098575676185473,0.00037918461941069935,0.00048718588861846587,0.00047949628566882116,0.0004998675903873286,2.8752886370873263,8.63560948129234,0.4540748999997959
highdim_smooth,Smooth,10,cuda,NVIDIA GeForce RTX 4070 Ti SUPER,0,0,10000,7500,2500,"128,64,32",tanh,1000,2,True,85,86,0.05,375,500,5,2875,0.0012556585283535157,0.0009423148403818353,0.0003644018241432838,0.00046770938501835456,0.0004467241091094045,0.000543036830553738,0.0003702900549525243,0.0003677994449541846,0.0003745140300409898,0.0004622971263076372,0.0004582537252134574,0.0004843954039901509,1.5901671488302414,-1.1707316361546523,0.5891508999998223
highdim_smooth,Smooth,10,cuda,NVIDIA GeForce RTX 4070 Ti SUPER,0,0,10000,7500,2500,"128,64,32",tanh,1000,2,True,85,86,0.1,750,500,0,750,0.0012556585283535157,0.0009794439113146865,0.0004397193591748971,0.0004934800830948276,0.00034752054885630685,0.00041541209382547765,0.0004259726280955856,0.0004128447228556291,0.00044457442788285056,0.0005382087307175108,0.0005150520918935095,0.0005604271269314207,-3.227139532596165,8.310650695512386,0.07660380000015721
highdim_smooth,Smooth,10,cuda,NVIDIA GeForce RTX 4070 Ti SUPER,0,0,10000,7500,2500,"128,64,32",tanh,1000,2,True,85,86,0.1,750,500,1,1250,0.0012556585283535157,0.000949688572044721,0.00037883034668289477,0.0004684146551188746,0.00034752054885630685,0.00041541209382547765,0.0003972917808598848,0.00039171733895678417,0.00040294080122616334,0.0005031653691516438,0.0004976963580995387,0.0005248461747841711,4.6468200618277935,6.906420068487664,0.16880620000029012
highdim_smooth,Smooth,10,cuda,NVIDIA GeForce RTX 4070 Ti SUPER,0,0,10000,7500,2500,"128,64,32",tanh,1000,2,True,85,86,0.1,750,500,2,1750,0.0012556585283535157,0.0009436866492002425,0.0003683933031648238,0.0005194782256977746,0.00034752054885630685,0.00041541209382547765,0.0003770292402703122,0.0003759376929713126,0.0003856981945340782,0.0004754260533814934,0.00046466962851213835,0.000494569656024333,2.2905218436895796,-9.265830512012908,0.26236640000024636
highdim_smooth,Smooth,10,cuda,NVIDIA GeForce RTX 4070 Ti SUPER,0,0,10000,7500,2500,"128,64,32",tanh,1000,2,True,85,86,0.1,750,500,3,2250,0.0012556585283535157,0.0009392408589394226,0.00036551562335647924,0.0004932166363162268,0.00034752054885630685,0.00041541209382547765,0.00037711897304172127,0.0003753496042737028,0.0003794371352401721,0.00047379719802300596,0.00045552149795233645,0.0004932651841734079,3.0768406032857785,-4.098681540171942,0.3731158000000505
highdim_smooth,Smooth,10,cuda,NVIDIA GeForce RTX 4070 Ti SUPER,0,0,10000,7500,2500,"128,64,32",tanh,1000,2,True,85,86,0.1,750,500,4,2750,0.0012556585283535157,0.0009415032944754666,0.00036338356481798286,0.00048555280122153507,0.00034752054885630685,0.00041541209382547765,0.0003710319831857447,0.00036848653320206,0.0003749239149568107,0.0004713940384050239,0.00044545822702628387,0.0004905341263636452,2.0613905847391374,-3.00359394964302,0.49724430000014763
highdim_smooth,Smooth,10,cuda,NVIDIA GeForce RTX 4070 Ti SUPER,0,0,10000,7500,2500,"128,64,32",tanh,1000,2,True,85,86,0.1,750,500,5,3250,0.0012556585283535157,0.0009387794452268242,0.00036312042545110065,0.0004775153102279465,0.00034752054885630685,0.00041541209382547765,0.00037130903123514577,0.00036790273431614633,0.00037353803995362345,0.0004672737625527795,0.00045513741195094047,0.0004881927884103282,2.2053343967438717,-2.1917660472131075,0.6434882000003199
highdim_smooth,Smooth,10,cuda,NVIDIA GeForce RTX 4070 Ti SUPER,0,1,10000,7500,2500,"128,64,32",tanh,1000,2,True,85,86,0.05,375,500,0,375,0.0012256075424443389,0.0010196897170781888,0.00041743215684368173,0.0005052798602928348,0.00022917568287693246,0.00027522744772103935,0.00041737481743325046,0.00040801043971097417,0.00044903925996739633,0.0005402584345599796,0.000521443883957366,0.0005660837031330074,-0.013738109736445353,6.474415211237491,0.07796490000009726
highdim_smooth,Smooth,10,cuda,NVIDIA GeForce RTX 4070 Ti SUPER,0,1,10000,7500,2500,"128,64,32",tanh,1000,2,True,85,86,0.05,375,500,1,875,0.0012256075424443389,0.0009635094592281398,0.0003518065645164267,0.00044655642077105816,0.00022917568287693246,0.00027522744772103935,0.0003569128063367,0.0003516826423702789,0.00036262531631727933,0.0004683330125212626,0.0004498649858231835,0.00048326771729679825,1.4306692642057428,4.649809252815755,0.15146679999998014
highdim_smooth,Smooth,10,cuda,NVIDIA GeForce RTX 4070 Ti SUPER,0,1,10000,7500,2500,"128,64,32",tanh,1000,2,True,85,86,0.05,375,500,2,1375,0.0012256075424443389,0.0009540390140936055,0.00034446627701391737,0.0004052628347842408,0.00022917568287693246,0.00027522744772103935,0.000345597672232778,0.00033930451970529845,0.0003519172020463084,0.00044434368799557537,0.000435280078465639,0.00045816185057508905,0.3273735067574748,8.795185858862416,0.23658430000023145
highdim_smooth,Smooth,10,cuda,NVIDIA GeForce RTX 4070 Ti SUPER,0,1,10000,7500,2500,"128,64,32",tanh,1000,2,True,85,86,0.05,375,500,3,1875,0.0012256075424443389,0.0009442254579830607,0.0003347760026594678,0.00041859742152515293,0.00022917568287693246,0.00027522744772103935,0.0003341329832867809,0.0003297648421797699,0.00033581324802185915,0.00043899454567008405,0.00042770819260274745,0.00044239695752061744,-0.19244414794424342,4.646327464911167,0.32727920000024824
highdim_smooth,Smooth,10,cuda,NVIDIA GeForce RTX 4070 Ti SUPER,0,1,10000,7500,2500,"128,64,32",tanh,1000,2,True,85,86,0.05,375,500,4,2375,0.0012256075424443389,0.000943211049759152,0.00033115016082326925,0.00046410625087126044,0.00022917568287693246,0.00027522744772103935,0.00032693960638575253,0.00032485913189161063,0.0003308550001138272,0.00044458345711256657,0.0004315828812244473,0.0004604702419304356,-1.287869182955072,-4.391255105506723,0.43247539999993023
highdim_smooth,Smooth,10,cuda,NVIDIA GeForce RTX 4070 Ti SUPER,0,1,10000,7500,2500,"128,64,32",tanh,1000,2,True,85,86,0.05,375,500,5,2875,0.0012256075424443389,0.0009413684416214348,0.0003299106874605494,0.00041966661028952873,0.00022917568287693246,0.00027522744772103935,0.0003271765719230032,0.0003218178997919049,0.0003308287256769775,0.0004218637338637833,0.0004145473019234617,0.0004320207649489488,-0.8356697184875641,0.5208135703279019,0.5646418000001177
highdim_smooth,Smooth,10,cuda,NVIDIA GeForce RTX 4070 Ti SUPER,0,1,10000,7500,2500,"128,64,32",tanh,1000,2,True,85,86,0.1,750,500,0,750,0.0012256075424443389,0.0009813977057363424,0.0003657297977610716,0.00048076826533968335,0.0002907649368198593,0.0003544330497531333,0.0003602407358868913,0.0003557881497821406,0.0003671585031150851,0.00046614256288753455,0.00045403610825657184,0.0004884536053329537,-1.523720481157282,-3.1376028744402626,0.08032779999984996
highdim_smooth,Smooth,10,cuda,NVIDIA GeForce RTX 4070 Ti SUPER,0,1,10000,7500,2500,"128,64,32",tanh,1000,2,True,85,86,0.1,750,500,1,1250,0.0012256075424443389,0.0009662173679133829,0.0003463152407665456,0.00041525770140105804,0.0002907649368198593,0.0003544330497531333,0.0003420777201803655,0.00033917906125030214,0.00034496016089573787,0.00042070932127589663,0.0004090266433256502,0.00043502343613964115,-1.2387595964875484,1.295816279588319,0.15950569999995423
highdim_smooth,Smooth,10,cuda,NVIDIA GeForce RTX 4070 Ti SUPER,0,1,10000,7500,2500,"128,64,32",tanh,1000,2,True,85,86,0.1,750,500,2,1750,0.0012256075424443389,0.0009544697900819966,0.0003424714972006321,0.0004601964465250078,0.0002907649368198593,0.0003544330497531333,0.0003360630978957181,0.0003333887179398158,0.00034177879119935093,0.00041992022388566283,0.00040758588228954467,0.000432527710931946,-1.906903597878073,-9.591398639164254,0.24504819999992833
highdim_smooth,Smooth,10,cuda,NVIDIA GeForce RTX 4070 Ti SUPER,0,1,10000,7500,2500,"128,64,32",tanh,1000,2,True,85,86,0.1,750,500,3,2250,0.0012256075424443389,0.0009449333478715453,0.0003342494901720545,0.0004337604513645053,0.0002907649368198593,0.0003544330497531333,0.000333177754308295,0.0003312414533936447,0.0003345239587370801,0.00044207929947407266,0.00042805690264040264,0.0004604849454848683,-0.3216708948604579,1.8817547257842753,0.35136499999998705
highdim_smooth,Smooth,10,cuda,NVIDIA GeForce RTX 4070 Ti SUPER,0,1,10000,7500,2500,"128,64,32",tanh,1000,2,True,85,86,0.1,750,500,4,2750,0.0012256075424443389,0.0009429036981641538,0.00033123140467539695,0.00042375228721720846,0.0002907649368198593,0.0003544330497531333,0.00032864168070973973,0.00032701536156680856,0.00033078349602483245,0.0004241918240131914,0.00039106220704661175,0.00043109949640398844,-0.7880083743682225,0.10361746056880483,0.4738811000001988
highdim_smooth,Smooth,10,cuda,NVIDIA GeForce RTX 4070 Ti SUPER,0,1,10000,7500,2500,"128,64,32",tanh,1000,2,True,85,86,0.1,750,500,5,3250,0.0012256075424443389,0.0009414702202845895,0.0003300289818278086,0.00043758279586549287,0.0002907649368198593,0.0003544330497531333,0.0003262383080663957,0.00032313177778450016,0.0003285275191405187,0.00042094394703673876,0.00040380107217871994,0.0004292372289805147,-1.1619339812911982,-3.9527469027371285,0.6180677000002106
highdim_smooth,Smooth,10,cuda,NVIDIA GeForce RTX 4070 Ti SUPER,1,0,10000,7500,2500,"128,64,32",tanh,1000,2,True,85,86,0.05,375,500,0,375,0.0016375633590451073,0.0014770096326815504,0.0006234744488909225,0.0008390746531956407,0.000603679773339009,0.000688437630160096,0.0005551256152890552,0.0005276683251618748,0.0005871272496145848,0.0006822195314743098,0.0006492310810742798,0.0007327295324801082,-12.312318458999215,-22.991883768317106,0.07148890000007668
highdim_smooth,Smooth,10,cuda,NVIDIA GeForce RTX 4070 Ti SUPER,1,0,10000,7500,2500,"128,64,32",tanh,1000,2,True,85,86,0.05,375,500,1,875,0.0016375633590451073,0.0013747882267697872,0.00046192341415638127,0.0006028101584534733,0.000603679773339009,0.000688437630160096,0.0004711306130436322,0.0004657891206305322,0.0004834533292318041,0.0006025268474209701,0.0005860865044211329,0.0006279277485513588,1.9542773558631439,-0.04702048277447244,0.14598190000015165
highdim_smooth,Smooth,10,cuda,NVIDIA GeForce RTX 4070 Ti SUPER,1,0,10000,7500,2500,"128,64,32",tanh,1000,2,True,85,86,0.05,375,500,2,1375,0.0016375633590451073,0.0013555060963762258,0.0004390886990543636,0.0004854837346430207,0.000603679773339009,0.000688437630160096,0.00044192179796005254,0.0004386160118286279,0.00046188388179794766,0.0005567870737424725,0.000536273153278248,0.0005929288363433088,0.6410860289686394,12.806213086123353,0.22836210000014034
highdim_smooth,Smooth,10,cuda,NVIDIA GeForce RTX 4070 Ti SUPER,1,0,10000,7500,2500,"128,64,32",tanh,1000,2,True,85,86,0.05,375,500,3,1875,0.0016375633590451073,0.0013410048263696281,0.00042817685672375043,0.0005451786419172864,0.000603679773339009,0.000688437630160096,0.0004387627101473679,0.0004331930389765972,0.0004441616142613651,0.0005762798405108444,0.0005499749503751086,0.0005918740705106188,2.4126602326943436,5.396891650068531,0.3142007999999805
highdim_smooth,Smooth,10,cuda,NVIDIA GeForce RTX 4070 Ti SUPER,1,0,10000,7500,2500,"128,64,32",tanh,1000,2,True,85,86,0.05,375,500,4,2375,0.0016375633590451073,0.0013330140816727582,0.00042126817440415624,0.0005530279409439291,0.000603679773339009,0.000688437630160096,0.0004206407321337869,0.00041786491435488564,0.00042893395265205354,0.0005456204490628624,0.0005222900825120915,0.000589040609304762,-0.14916346003548858,-1.3576272468873727,0.42937750000010055
highdim_smooth,Smooth,10,cuda,NVIDIA GeForce RTX 4070 Ti SUPER,1,0,10000,7500,2500,"128,64,32",tanh,1000,2,True,85,86,0.05,375,500,5,2875,0.0016375633590451073,0.0013232687802977755,0.000416108088996603,0.0005675872412371546,0.000603679773339009,0.000688437630160096,0.0004199362046044504,0.00041393031619636506,0.00042459442885362496,0.0005189669575622318,0.0005065883806994479,0.000546986658273362,0.9115945626677283,-9.368666533859729,0.5573051999999734
highdim_smooth,Smooth,10,cuda,NVIDIA GeForce RTX 4070 Ti SUPER,1,0,10000,7500,2500,"128,64,32",tanh,1000,2,True,85,86,0.1,750,500,0,750,0.0016375633590451073,0.0013710880462664164,0.00046781741184599176,0.0005329197198393364,0.0005270370889414056,0.0005995094709219284,0.0004829642769723088,0.0004643602976824078,0.00048816356062115807,0.0005652760096022402,0.0005465247807186959,0.00063344381771729,3.136228878308015,5.72398071265601,0.0734136999999464
highdim_smooth,Smooth,10,cuda,NVIDIA GeForce RTX 4070 Ti SUPER,1,0,10000,7500,2500,"128,64,32",tanh,1000,2,True,85,86,0.1,750,500,1,1250,0.0016375633590451073,0.0013548612197774247,0.0004390909468202599,0.0005853862760479802,0.0005270370889414056,0.0005995094709219284,0.0004405239472721318,0.000438704627805931,0.0004459241432939304,0.000537035426696982,0.0005308207656643633,0.0005593148689625125,0.32529456360897124,-9.003288600228547,0.1503179999999702
highdim_smooth,Smooth,10,cuda,NVIDIA GeForce RTX 4070 Ti SUPER,1,0,10000,7500,2500,"128,64,32",tanh,1000,2,True,85,86,0.1,750,500,2,1750,0.0016375633590451073,0.0013417539337439676,0.0004295740524840008,0.0005976758754196878,0.0005270370889414056,0.0005995094709219284,0.000426173273111359,0.00042347059558166077,0.00042897605704459774,0.0005360621825718252,0.000513997444429559,0.0005591096647891619,-0.7979804429812724,-11.493758532314894,0.23947259999977177
highdim_smooth,Smooth,10,cuda,NVIDIA GeForce RTX 4070 Ti SUPER,1,0,10000,7500,2500,"128,64,32",tanh,1000,2,True,85,86,0.1,750,500,3,2250,0.0016375633590451073,0.0013349516650763935,0.0004223654074974914,0.0005638150009991791,0.0005270370889414056,0.0005995094709219284,0.0004212574717099881,0.0004186389109624561,0.0004266403842693614,0.0005327568649953578,0.0005272853357021825,0.000560488211478837,-0.26300679795800486,-5.829701697807674,0.3479772000000594
highdim_smooth,Smooth,10,cuda,NVIDIA GeForce RTX 4070 Ti SUPER,1,0,10000,7500,2500,"128,64,32",tanh,1000,2,True,85,86,0.1,750,500,4,2750,0.0016375633590451073,0.001326077657654411,0.00041655228106609156,0.0005382930713707407,0.0005270370889414056,0.0005995094709219284,0.0004188247602741457,0.00041600175441996827,0.00042291342503446695,0.0005173610114221429,0.0005096317723194124,0.0005564082023894023,0.5425847331868998,-4.045929145503047,0.46997220000002926
highdim_smooth,Smooth,10,cuda,NVIDIA GeForce RTX 4070 Ti SUPER,1,0,10000,7500,2500,"128,64,32",tanh,1000,2,True,85,86,0.1,750,500,5,3250,0.0016375633590451073,0.0013199668871260325,0.00041455797648591683,0.0004821334240341189,0.0005270370889414056,0.0005995094709219284,0.00041613694170960656,0.0004116508776103285,0.0004205418655260631,0.0005185452976490853,0.0004949785700847824,0.0005437272610106967,0.3794340433230706,7.021927260751557,0.6031284999999116
highdim_smooth,Smooth,10,cuda,NVIDIA GeForce RTX 4070 Ti SUPER,1,1,10000,7500,2500,"128,64,32",tanh,1000,2,True,85,86,0.05,375,500,0,375,0.0014939682970050408,0.0015239356172941194,0.0005534340173031238,0.0006700717099340431,0.00027535880509810615,0.00033204983989686945,0.0003995743112429534,0.0003947008432619748,0.00042024470222559935,0.0004988009990325467,0.00047453976467622203,0.0005397101566686092,-38.50590534250311,-34.336481128483285,0.07643189999998867
highdim_smooth,Smooth,10,cuda,NVIDIA GeForce RTX 4070 Ti SUPER,1,1,10000,7500,2500,"128,64,32",tanh,1000,2,True,85,86,0.05,375,500,1,875,0.0014939682970050408,0.0013496353469392738,0.00030436120051640796,0.0003779080408289625,0.00027535880509810615,0.00033204983989686945,0.00033605685677438966,0.00031587745813198065,0.00034408735913740284,0.0004227134457323922,0.0004082940015194805,0.0004468459974041601,9.43163504003742,10.599474740104373,0.1514286000001448
highdim_smooth,Smooth,10,cuda,NVIDIA GeForce RTX 4070 Ti SUPER,1,1,10000,7500,2500,"128,64,32",tanh,1000,2,True,85,86,0.05,375,500,2,1375,0.0014939682970050408,0.0013356934743731206,0.00028800179722117386,0.00032042588525792246,0.00027535880509810615,0.00033204983989686945,0.0002972572393305272,0.0002955054765550189,0.0002981054000812836,0.00036999142458438356,0.00035299294704152105,0.00038288223300200644,3.1136136937146115,13.396402195574872,0.2335838000003605
highdim_smooth,Smooth,10,cuda,NVIDIA GeForce RTX 4070 Ti SUPER,1,1,10000,7500,2500,"128,64,32",tanh,1000,2,True,85,86,0.05,375,500,3,1875,0.0014939682970050408,0.0013300898894166287,0.0002819740122807922,0.00035834705006372076,0.00027535880509810615,0.00033204983989686945,0.00028988589712421675,0.00028711177691230277,0.0002955101778256773,0.0003748665465973576,0.00034955360916044236,0.00038277370165857455,2.729310022292763,4.4067673372253084,0.32625810000035926
highdim_smooth,Smooth,10,cuda,NVIDIA GeForce RTX 4070 Ti SUPER,1,1,10000,7500,2500,"128,64,32",tanh,1000,2,True,85,86,0.05,375,500,4,2375,0.0014939682970050408,0.0013238631205138688,0.00027434135610393355,0.0003583225741853849,0.00027535880509810615,0.00033204983989686945,0.0002789947274484697,0.00027500333077216314,0.00028010256330246577,0.00034784694100833784,0.000336413657286742,0.000371150304909066,1.6679065540389553,-3.0115639788811484,0.42543479999994815
highdim_smooth,Smooth,10,cuda,NVIDIA GeForce RTX 4070 Ti SUPER,1,1,10000,7500,2500,"128,64,32",tanh,1000,2,True,85,86,0.05,375,500,5,2875,0.0014939682970050408,0.0013197066015368283,0.00027178905545786555,0.00031678228801863226,0.00027535880509810615,0.00033204983989686945,0.0002765563826356756,0.0002748808846568703,0.0002811638865709594,0.0003530660136985628,0.0003334545861992818,0.00035817689121999665,1.723817448136909,10.276753998448719,0.544408900000235
highdim_smooth,Smooth,10,cuda,NVIDIA GeForce RTX 4070 Ti SUPER,1,1,10000,7500,2500,"128,64,32",tanh,1000,2,True,85,86,0.1,750,500,0,750,0.0014939682970050408,0.0013665753477342996,0.00032823010019258274,0.0004011489896720109,0.0002742885373115324,0.00032568271140388794,0.000315322320276026,0.00031211004558936127,0.00032734940664931535,0.000403128793512381,0.00038568072755132085,0.00042001824294886185,-4.09351926157893,0.491109509474748,0.07420159999992393
highdim_smooth,Smooth,10,cuda,NVIDIA GeForce RTX 4070 Ti SUPER,1,1,10000,7500,2500,"128,64,32",tanh,1000,2,True,85,86,0.1,750,500,1,1250,0.0014939682970050408,0.001340074769121541,0.00029430049027607733,0.00037626781073541766,0.0002742885373115324,0.00032568271140388794,0.00029853638017615614,0.0002929565444335367,0.0003017348497414057,0.0003720409904604743,0.0003613602447881747,0.00038514052259540083,1.4188856639781589,-1.1361168213512831,0.15773399999989124
highdim_smooth,Smooth,10,cuda,NVIDIA GeForce RTX 4070 Ti SUPER,1,1,10000,7500,2500,"128,64,32",tanh,1000,2,True,85,86,0.1,750,500,2,1750,0.0014939682970050408,0.00132926777285359,0.00028479286784635925,0.0003093314625576351,0.0002742885373115324,0.00032568271140388794,0.00028826164810073155,0.00028554827769907993,0.00029143586329913817,0.0003554191835860777,0.0003451331789623012,0.00037622758026324113,1.2033443495612555,12.96714503798887,0.24923319999970772
highdim_smooth,Smooth,10,cuda,NVIDIA GeForce RTX 4070 Ti SUPER,1,1,10000,7500,2500,"128,64,32",tanh,1000,2,True,85,86,0.1,750,500,3,2250,0.0014939682970050408,0.001323094268493548,0.0002761334086220088,0.0003237287715356221,0.0002742885373115324,0.00032568271140388794,0.00028373423777073,0.0002817475392411406,0.0002863737556166612,0.0003560692973143666,0.00035231284632468245,0.000365941512326687,2.678855117535367,9.08264936703927,0.344910599999821
highdim_smooth,Smooth,10,cuda,NVIDIA GeForce RTX 4070 Ti SUPER,1,1,10000,7500,2500,"128,64,32",tanh,1000,2,True,85,86,0.1,750,500,4,2750,0.0014939682970050408,0.0013168027951560844,0.00027181886963522457,0.0003310515601463132,0.0002742885373115324,0.00032568271140388794,0.0002768549916654651,0.0002738818039798669,0.00027888842212944596,0.0003326175048684969,0.0003285736322799613,0.00034894266129299517,1.8190468591319087,0.47079444084063277,0.460654599999998
highdim_smooth,Smooth,10,cuda,NVIDIA GeForce RTX 4070 Ti SUPER,1,1,10000,7500,2500,"128,64,32",tanh,1000,2,True,85,86,0.1,750,500,5,3250,0.0014939682970050408,0.0013145758485918224,0.0002705585960429371,0.0003455629849489812,0.0002742885373115324,0.00032568271140388794,0.0002731354296333627,0.00027035530543423043,0.0002768148995509394,0.0003461360935430156,0.00033857847487947377,0.0003529498037305545,0.943427073479483,0.16557319641766088,0.5950299000000996
highdim_smooth,Smooth,10,cuda,NVIDIA GeForce RTX 4070 Ti SUPER,2,0,10000,7500,2500,"128,64,32",tanh,1000,2,True,85,86,0.05,375,500,0,375,0.0014161166477841165,0.0012608657546314226,0.00047231217733559436,0.0005993537106227253,0.0004062874574659927,0.0004619451152706234,0.0004790456486596156,0.0004510634387167669,0.00048823408996092514,0.0005882651132808382,0.0005609288545607902,0.0006107086251713814,1.4056011870396272,-1.8849659943362018,0.08350269999982629
highdim_smooth,Smooth,10,cuda,NVIDIA GeForce RTX 4070 Ti SUPER,2,0,10000,7500,2500,"128,64,32",tanh,1000,2,True,85,86,0.05,375,500,1,875,0.0014161166477841165,0.0011710529603967783,0.00035826166366141734,0.00046839511168180067,0.0004062874574659927,0.0004619451152706234,0.00037166602115141015,0.0003637485953092555,0.0003741586595224152,0.0004846292899330229,0.00046981470524000733,0.0005016147979687738,3.6065598486691113,3.3498136799502625,0.18134319999990112
highdim_smooth,Smooth,10,cuda,NVIDIA GeForce RTX 4070 Ti SUPER,2,0,10000,7500,2500,"128,64,32",tanh,1000,2,True,85,86,0.05,375,500,2,1375,0.0014161166477841165,0.0011582318862627652,0.0003432100738316474,0.0004557939134786302,0.0004062874574659927,0.0004619451152706234,0.00035094562415862465,0.000348843663902042,0.0003520491420924947,0.0004678252949616443,0.00045761053162200223,0.0004795765346424825,2.20420196021047,2.571768053713408,0.2705651000001126
highdim_smooth,Smooth,10,cuda,NVIDIA GeForce RTX 4070 Ti SUPER,2,0,10000,7500,2500,"128,64,32",tanh,1000,2,True,85,86,0.05,375,500,3,1875,0.0014161166477841165,0.0011505787598559082,0.00033648010441599327,0.00040566358043330104,0.0004062874574659927,0.0004619451152706234,0.00034525017110299545,0.0003403171158369313,0.0003487350377769908,0.00046161865848562633,0.0004323350595345077,0.0004730992751949052,2.540206326034197,12.121494013238115,0.36634749999984706
highdim_smooth,Smooth,10,cuda,NVIDIA GeForce RTX 4070 Ti SUPER,2,0,10000,7500,2500,"128,64,32",tanh,1000,2,True,85,86,0.05,375,500,4,2375,0.0014161166477841165,0.0011447741493902967,0.0003344099139065264,0.00045757902220411664,0.0004062874574659927,0.0004619451152706234,0.00033762343431930166,0.00033584321970187806,0.00033962283550916634,0.00043945035999439354,0.0004336448529963971,0.00045588261811489137,0.9518060910831633,-4.12530375670972,0.4751675000002251
highdim_smooth,Smooth,10,cuda,NVIDIA GeForce RTX 4070 Ti SUPER,2,0,10000,7500,2500,"128,64,32",tanh,1000,2,True,85,86,0.05,375,500,5,2875,0.0014161166477841165,0.0011442292857997,0.00033349102417464394,0.0004151547095315749,0.0004062874574659927,0.0004619451152706234,0.0003367916327408364,0.0003332170128771681,0.0003381406954257061,0.00045381053478812055,0.00044838647147636175,0.0004592049087423646,0.980015013832697,8.518053745621756,0.6072886000001745
highdim_smooth,Smooth,10,cuda,NVIDIA GeForce RTX 4070 Ti SUPER,2,0,10000,7500,2500,"128,64,32",tanh,1000,2,True,85,86,0.1,750,500,0,750,0.0014161166477841165,0.0012176270789521649,0.00039103288506606366,0.0004515036637328556,0.0003134603656648222,0.0004261242401191603,0.00038554129741989843,0.00036613955202175353,0.0004022711340868644,0.00048673852851419054,0.00044873845394426153,0.0005116015362923489,-1.4243837645709487,7.238971792286977,0.07985980000012205
highdim_smooth,Smooth,10,cuda,NVIDIA GeForce RTX 4070 Ti SUPER,2,0,10000,7500,2500,"128,64,32",tanh,1000,2,True,85,86,0.1,750,500,1,1250,0.0014161166477841165,0.001157736238043822,0.0003463157835577653,0.00045406431257726204,0.0003134603656648222,0.0004261242401191603,0.0003520632350404963,0.0003502611180732842,0.00035374463564079225,0.0004740476928011934,0.0004441560520471167,0.0004806637133953829,1.6325054452419272,4.21547884894189,0.1681281000001036
highdim_smooth,Smooth,10,cuda,NVIDIA GeForce RTX 4070 Ti SUPER,2,0,10000,7500,2500,"128,64,32",tanh,1000,2,True,85,86,0.1,750,500,2,1750,0.0014161166477841165,0.0011544208983268504,0.00034017317997684103,0.00046887074479737414,0.0003134603656648222,0.0004261242401191603,0.0003438432402046172,0.00034190341067881914,0.00034530861795705554,0.0004402890893032403,0.00042288454090252475,0.00045466203164312507,1.0673643680161193,-6.491565698201703,0.2621867000002567
highdim_smooth,Smooth,10,cuda,NVIDIA GeForce RTX 4070 Ti SUPER,2,0,10000,7500,2500,"128,64,32",tanh,1000,2,True,85,86,0.1,750,500,3,2250,0.0014161166477841165,0.001148307428244269,0.0003357860164065303,0.00042890928696363774,0.0003134603656648222,0.0004261242401191603,0.00034042074763688087,0.00033641712090809694,0.00034295762759889144,0.0004574033996425098,0.00042966153333841165,0.0004642968134733158,1.361471432785388,6.229536706797988,0.37476630000037403
highdim_smooth,Smooth,10,cuda,NVIDIA GeForce RTX 4070 Ti SUPER,2,0,10000,7500,2500,"128,64,32",tanh,1000,2,True,85,86,0.1,750,500,4,2750,0.0014161166477841165,0.0011448152351502786,0.00033314935378628627,0.0004713120869803086,0.0003134603656648222,0.0004261242401191603,0.0003353930545486849,0.0003307113741237983,0.00033679670859611667,0.000432265796602433,0.0004187539495276555,0.00045236233023857617,0.6689765133681278,-9.032935449618183,0.5047072000002117
highdim_smooth,Smooth,10,cuda,NVIDIA GeForce RTX 4070 Ti SUPER,2,0,10000,7500,2500,"128,64,32",tanh,1000,2,True,85,86,0.1,750,500,5,3250,0.0014161166477841165,0.0011434978414091058,0.00033230737609623386,0.00043463589999838273,0.0003134603656648222,0.0004261242401191603,0.0003319456461148223,0.00033153594582642146,0.0003325711053205861,0.0004378445719194627,0.00042272351934099784,0.00044634074496518837,-0.10897265430209863,0.732833550274129,0.6534223000003294
highdim_smooth,Smooth,10,cuda,NVIDIA GeForce RTX 4070 Ti SUPER,2,1,10000,7500,2500,"128,64,32",tanh,1000,2,True,85,86,0.05,375,500,0,375,0.0015123950478298173,0.0012200825554394938,0.0005428521562360246,0.0007670209924776348,0.0006110878957866006,0.0006582488018192219,0.0005894115655308769,0.0005523079481749422,0.0006208039615255568,0.0007531366841023097,0.0007265125470825412,0.0007823729512497822,7.899303647514401,-1.843531017463887,0.08397550000017873
highdim_smooth,Smooth,10,cuda,NVIDIA GeForce RTX 4070 Ti SUPER,2,1,10000,7500,2500,"128,64,32",tanh,1000,2,True,85,86,0.05,375,500,1,875,0.0015123950478298173,0.0011620859398585807,0.00044065048348420596,0.0005364658305638738,0.0006110878957866006,0.0006582488018192219,0.00047742954118493625,0.00047407639476697663,0.0004896414409590927,0.0005754455985236017,0.0005594221287843996,0.000662442623951277,7.703557180280056,6.773840665344693,0.17240550000042276
highdim_smooth,Smooth,10,cuda,NVIDIA GeForce RTX 4070 Ti SUPER,2,1,10000,7500,2500,"128,64,32",tanh,1000,2,True,85,86,0.05,375,500,2,1375,0.0015123950478298173,0.001162477841239606,0.00043865532432121055,0.0006510924866203824,0.0006110878957866006,0.0006582488018192219,0.0004571733937310915,0.00045336298271001234,0.0004601638024688144,0.0005799561697441604,0.0005635306098855226,0.0005944813839614353,4.050557111110728,-12.265809139956687,0.2582409000001462
highdim_smooth,Smooth,10,cuda,NVIDIA GeForce RTX 4070 Ti SUPER,2,1,10000,7500,2500,"128,64,32",tanh,1000,2,True,85,86,0.05,375,500,3,1875,0.0015123950478298173,0.0011550573093319523,0.0004380174767728148,0.0005533336445205306,0.0006110878957866006,0.0006582488018192219,0.00044888311952389026,0.0004441774041557738,0.00045112519911205603,0.0006224239461464812,0.0005735678899281631,0.0006278027017630585,2.420595090009205,11.100199800103917,0.36007610000024215
highdim_smooth,Smooth,10,cuda,NVIDIA GeForce RTX 4070 Ti SUPER,2,1,10000,7500,2500,"128,64,32",tanh,1000,2,True,85,86,0.05,375,500,4,2375,0.0015123950478298173,0.0011475640191613977,0.00043517387222093796,0.0005956299333040365,0.0006110878957866006,0.0006582488018192219,0.00044583836564854654,0.00044310246657767993,0.000450463590162597,0.000606986283552423,0.0005720141511593153,0.0006128360350882713,2.3920089093488595,1.8709401770865084,0.47298730000011346
highdim_smooth,Smooth,10,cuda,NVIDIA GeForce RTX 4070 Ti SUPER,2,1,10000,7500,2500,"128,64,32",tanh,1000,2,True,85,86,0.05,375,500,5,2875,0.0015123950478298173,0.0011463327395207972,0.00043424872089039684,0.0005387064178653244,0.0006110878957866006,0.0006582488018192219,0.00043891156255444785,0.00043534976573244704,0.00044220012374408254,0.0005799203659639932,0.0005564863231520233,0.0006002600511267901,1.062364736283879,7.10682888850773,0.6041283000004114
highdim_smooth,Smooth,10,cuda,NVIDIA GeForce RTX 4070 Ti SUPER,2,1,10000,7500,2500,"128,64,32",tanh,1000,2,True,85,86,0.1,750,500,0,750,0.0015123950478298173,0.0011724317622741282,0.000465645537018848,0.0006018857569222136,0.00035847224494597386,0.00041786627562550053,0.00047964721700784234,0.0004736085304075882,0.0004921632668018357,0.0006611994622867383,0.000597455816357709,0.0007186079706843223,2.919162145115795,8.970622141674166,0.08005229999980656
highdim_smooth,Smooth,10,cuda,NVIDIA GeForce RTX 4070 Ti SUPER,2,1,10000,7500,2500,"128,64,32",tanh,1000,2,True,85,86,0.1,750,500,1,1250,0.0015123950478298173,0.001157315943684468,0.00043930495488219215,0.0005957368241717215,0.00035847224494597386,0.00041786627562550053,0.0004554935411865039,0.0004527759488786072,0.0004564033516194796,0.0005787319004388874,0.0005500609709031986,0.0005990372595968104,3.554075928748074,-2.938307655053786,0.16301869999961127
highdim_smooth,Smooth,10,cuda,NVIDIA GeForce RTX 4070 Ti SUPER,2,1,10000,7500,2500,"128,64,32",tanh,1000,2,True,85,86,0.1,750,500,2,1750,0.0015123950478298173,0.0011549687308264932,0.00043537256841401736,0.0005145025361395555,0.00035847224494597386,0.00041786627562550053,0.00045104801511238997,0.0004446343868751671,0.00045394387608478865,0.000626599376034563,0.0005872879890955313,0.0006455051641366169,3.475338804997664,17.88971457399349,0.25580559999980323
highdim_smooth,Smooth,10,cuda,NVIDIA GeForce RTX 4070 Ti SUPER,2,1,10000,7500,2500,"128,64,32",tanh,1000,2,True,85,86,0.1,750,500,3,2250,0.0015123950478298173,0.0011499461414252925,0.0004353244795650311,0.0005888784749454475,0.00035847224494597386,0.00041786627562550053,0.00044246479177887537,0.000439438252712863,0.0004444607057965737,0.0005610574202337415,0.0005466270518523647,0.0005750294672223481,1.6137582800967138,-4.958682250404158,0.355641299999661
highdim_smooth,Smooth,10,cuda,NVIDIA GeForce RTX 4070 Ti SUPER,2,1,10000,7500,2500,"128,64,32",tanh,1000,2,True,85,86,0.1,750,500,4,2750,0.0015123950478298173,0.001146298553208146,0.0004338080434877044,0.0005980094421185693,0.00035847224494597386,0.00041786627562550053,0.00043869030351057284,0.0004367533777964702,0.0004423070428802963,0.0005607182954755814,0.0005391918394896541,0.0006221461205595871,1.1129172411148924,-6.650602797142357,0.48041579999971873
highdim_smooth,Smooth,10,cuda,NVIDIA GeForce RTX 4070 Ti SUPER,2,1,10000,7500,2500,"128,64,32",tanh,1000,2,True,85,86,0.1,750,500,5,3250,0.0015123950478298173,0.0011451374522176924,0.0004329760335807824,0.0005391737569291418,0.00035847224494597386,0.00041786627562550053,0.0004387473597149763,0.00043670614200850216,0.00044066694885987526,0.0005571302995463036,0.0005504045173491542,0.0006140646486329284,1.3154098837069035,3.223041832724716,0.6344018999998298
highdim_strong,Strong nonlinear,10,cuda,NVIDIA GeForce RTX 4070 Ti SUPER,0,0,10000,7500,2500,"128,64,32",tanh,1000,2,True,85,86,0.05,375,500,0,375,0.0006490245853702909,0.001195666769150554,0.0008459296904030664,0.000893587154613052,0.0007690567896446613,0.000940941933862279,0.0008758029491050917,0.0007319696465116965,0.0009437659647574159,0.0009384263927433523,0.0008151963155026822,0.001081178802673157,3.410956623581853,4.778130546735724,0.08523779999995895
highdim_strong,Strong nonlinear,10,cuda,NVIDIA GeForce RTX 4070 Ti SUPER,0,0,10000,7500,2500,"128,64,32",tanh,1000,2,True,85,86,0.05,375,500,1,875,0.0006490245853702909,0.0014060720566634098,0.0009114543466248567,0.0011326578740381175,0.0007690567896446613,0.000940941933862279,0.0007021558909876581,0.0006535148728129565,0.0007883103705221992,0.0008974725738886669,0.000801787864298474,0.0010608908511153673,-29.807975454396267,-26.205291057576737,0.17046899999968446
highdim_strong,Strong nonlinear,10,cuda,NVIDIA GeForce RTX 4070 Ti SUPER,0,0,10000,7500,2500,"128,64,32",tanh,1000,2,True,85,86,0.05,375,500,2,1375,0.0006490245853702909,0.0012762576973706177,0.0007955770253892594,0.001061253138958928,0.0007690567896446613,0.000940941933862279,0.0006044111346907364,0.0005770143154525756,0.0007432957298172768,0.0008607877533522133,0.0007226049594616438,0.0011045163194766169,-31.62845284052191,-23.288596384652458,0.2606673000000228
highdim_strong,Strong nonlinear,10,cuda,NVIDIA GeForce RTX 4070 Ti SUPER,0,0,10000,7500,2500,"128,64,32",tanh,1000,2,True,85,86,0.05,375,500,3,1875,0.0006490245853702909,0.0011804824063815318,0.0007085515599631945,0.0009055253705589067,0.0007690567896446613,0.000940941933862279,0.0005806685796657624,0.000548635907388496,0.0006520261784863134,0.0007420285022646636,0.0007043074179616075,0.0007894797107681482,-22.0234028111255,-22.033771990597703,0.3532197999998061
highdim_strong,Strong nonlinear,10,cuda,NVIDIA GeForce RTX 4070 Ti SUPER,0,0,10000,7500,2500,"128,64,32",tanh,1000,2,True,85,86,0.05,375,500,4,2375,0.0006490245853702909,0.0011378263461952506,0.0006692800091587419,0.0007630267101399594,0.0007690567896446613,0.000940941933862279,0.0005711573387792766,0.0005545484944964782,0.0005926393951212116,0.0006908152554712671,0.0006629806284895031,0.0007651354623803085,-17.179621746466726,-10.453077591552377,0.4702217999997629
highdim_strong,Strong nonlinear,10,cuda,NVIDIA GeForce RTX 4070 Ti SUPER,0,0,10000,7500,2500,"128,64,32",tanh,1000,2,True,85,86,0.05,375,500,5,2875,0.0006490245853702909,0.0010983991685647766,0.0006382016872265913,0.0007979540512901581,0.0007690567896446613,0.000940941933862279,0.0005645589579791661,0.0005602483044888655,0.0005750518855868099,0.000720451741507909,0.0006572483113227515,0.000759612731610239,-13.044293816721767,-10.75746025959163,0.6007074999997712
highdim_strong,Strong nonlinear,10,cuda,NVIDIA GeForce RTX 4070 Ti SUPER,0,0,10000,7500,2500,"128,64,32",tanh,1000,2,True,85,86,0.1,750,500,0,750,0.0006490245853702909,0.001141591245762556,0.0007677074193380141,0.0008454397026994439,0.00042621923713109577,0.000508410726993213,0.0007121647967602607,0.0006939709132546038,0.0007311408642587316,0.000835041194223667,0.0007582335117664049,0.0010074029659222965,-7.799124982086278,-1.2452689217858683,0.08419820000017353
highdim_strong,Strong nonlinear,10,cuda,NVIDIA GeForce RTX 4070 Ti SUPER,0,0,10000,7500,2500,"128,64,32",tanh,1000,2,True,85,86,0.1,750,500,1,1250,0.0006490245853702909,0.001286987367371751,0.0007867739702970141,0.0009404922459579696,0.00042621923713109577,0.000508410726993213,0.000682851744262535,0.0006401746456417116,0.0007176727877453294,0.0008490266917995264,0.0007972557069947221,0.0009337293799595922,-15.21885634878371,-10.772989240724625,0.17460440000013477
highdim_strong,Strong nonlinear,10,cuda,NVIDIA GeForce RTX 4070 Ti SUPER,0,0,10000,7500,2500,"128,64,32",tanh,1000,2,True,85,86,0.1,750,500,2,1750,0.0006490245853702909,0.0012048289704948325,0.0007198597196969738,0.0008758883172143514,0.00042621923713109577,0.000508410726993213,0.0006542725029178159,0.000568409465073597,0.0006912390482837219,0.0007064204958944068,0.0006380793984255755,0.0008408431070513749,-10.024449520140749,-23.9896523819541,0.2706887999997889
highdim_strong,Strong nonlinear,10,cuda,NVIDIA GeForce RTX 4070 Ti SUPER,0,0,10000,7500,2500,"128,64,32",tanh,1000,2,True,85,86,0.1,750,500,3,2250,0.0006490245853702909,0.0011375758007277528,0.0006647537028373987,0.0008218649573605348,0.00042621923713109577,0.000508410726993213,0.00059163300357358,0.0005744164075213283,0.0006314466193757799,0.0007217979884479954,0.000644613844257759,0.000785483124659015,-12.359131221915488,-13.863569934255795,0.37909429999990607
highdim_strong,Strong nonlinear,10,cuda,NVIDIA GeForce RTX 4070 Ti SUPER,0,0,10000,7500,2500,"128,64,32",tanh,1000,2,True,85,86,0.1,750,500,4,2750,0.0006490245853702909,0.00109986450264275,0.0006323540949157699,0.0007128704241670104,0.00042621923713109577,0.000508410726993213,0.0006018749548003029,0.0005580399125561459,0.0006246795328838563,0.0007127498686660531,0.0006469957297414084,0.0007782987382066802,-5.064031967500579,-0.016914138642069646,0.5012977000001229
highdim_strong,Strong nonlinear,10,cuda,NVIDIA GeForce RTX 4070 Ti SUPER,0,0,10000,7500,2500,"128,64,32",tanh,1000,2,True,85,86,0.1,750,500,5,3250,0.0006490245853702909,0.0010715939668342327,0.0006106240171161098,0.0007615444528907458,0.00042621923713109577,0.000508410726993213,0.0005987290464906619,0.000578461074658273,0.0006197030751283305,0.0007732203360207102,0.0007249052013565817,0.0007858544176326679,-1.9867034504452437,1.5100331155350863,0.6582907000001796
highdim_strong,Strong nonlinear,10,cuda,NVIDIA GeForce RTX 4070 Ti SUPER,0,1,10000,7500,2500,"128,64,32",tanh,1000,2,True,85,86,0.05,375,500,0,375,0.000651199628747928,0.0013604417923966192,0.0011258946278411932,0.0008593413852329779,0.0004906638707910707,0.0006238939001140884,0.0009374390155150829,0.0009146992944617269,0.000971083721100942,0.0010764633347503392,0.0009400462438560202,0.0012570826816310767,-20.103239699551224,20.169934498300183,0.08535589999974036
highdim_strong,Strong nonlinear,10,cuda,NVIDIA GeForce RTX 4070 Ti SUPER,0,1,10000,7500,2500,"128,64,32",tanh,1000,2,True,85,86,0.05,375,500,1,875,0.000651199628747928,0.0014629152412532836,0.0009965639785460146,0.001203703670840891,0.0004906638707910707,0.0006238939001140884,0.0008051431461867421,0.0007058588959379578,0.0009336056922360487,0.0008860493887989462,0.0008106240895997688,0.0009695780583100663,-23.77475772673038,-35.85062932807054,0.16352969999979905
highdim_strong,Strong nonlinear,10,cuda,NVIDIA GeForce RTX 4070 Ti SUPER,0,1,10000,7500,2500,"128,64,32",tanh,1000,2,True,85,86,0.05,375,500,2,1375,0.000651199628747928,0.0013224486945043446,0.0008817573853028697,0.0010171192462686298,0.0004906638707910707,0.0006238939001140884,0.0007677796959164851,0.0007009828111921727,0.0008121284169457669,0.0010265399416162862,0.0008167298318561206,0.0010982204153302786,-14.845103353551362,0.917713472777643,0.258981699999822
highdim_strong,Strong nonlinear,10,cuda,NVIDIA GeForce RTX 4070 Ti SUPER,0,1,10000,7500,2500,"128,64,32",tanh,1000,2,True,85,86,0.05,375,500,3,1875,0.000651199628747928,0.0012152855019225968,0.0007902346907764149,0.0009980371250968194,0.0004906638707910707,0.0006238939001140884,0.0007291718674605002,0.000695048888446595,0.0007592335875826837,0.0009664062811936049,0.0008369153162150605,0.0010490910474989083,-8.374270325126412,-3.2730379053566745,0.3852201999998215
highdim_strong,Strong nonlinear,10,cuda,NVIDIA GeForce RTX 4070 Ti SUPER,0,1,10000,7500,2500,"128,64,32",tanh,1000,2,True,85,86,0.05,375,500,4,2375,0.000651199628747928,0.0011585381782559052,0.0007427304335848725,0.0009008772747229881,0.0004906638707910707,0.0006238939001140884,0.0007169084514913179,0.0006972756197272509,0.0007197270010230041,0.0008411654401349938,0.0007852880074634813,0.0008816149476105041,-3.601852096992232,-7.098702792450846,0.49278229999981704
highdim_strong,Strong nonlinear,10,cuda,NVIDIA GeForce RTX 4070 Ti SUPER,0,1,10000,7500,2500,"128,64,32",tanh,1000,2,True,85,86,0.05,375,500,5,2875,0.000651199628747928,0.00112024176074951,0.0007101937180261472,0.0008476985954454984,0.0004906638707910707,0.0006238939001140884,0.0006823946606334737,0.0006512850630462703,0.000686110622579396,0.0007497842907122877,0.0006452294127849465,0.0008175162478316741,-4.073750718809461,-13.058996560223088,0.6387792999998965
highdim_strong,Strong nonlinear,10,cuda,NVIDIA GeForce RTX 4070 Ti SUPER,0,1,10000,7500,2500,"128,64,32",tanh,1000,2,True,85,86,0.1,750,500,0,750,0.000651199628747928,0.0010823231295214732,0.0008105067310794892,0.0012232907589244152,0.0007194720415302994,0.0008347314565978147,0.0007865088160087855,0.0007230337406533805,0.000812076523174813,0.001000833762671852,0.0008567246269040093,0.0010738616201201414,-3.051194669690213,-22.22716744274157,0.09125859999994645
highdim_strong,Strong nonlinear,10,cuda,NVIDIA GeForce RTX 4070 Ti SUPER,0,1,10000,7500,2500,"128,64,32",tanh,1000,2,True,85,86,0.1,750,500,1,1250,0.000651199628747928,0.00132386141281916,0.0008795515083708157,0.0011745533770387122,0.0007194720415302994,0.0008347314565978147,0.0007463629515010091,0.0006783662894221727,0.0007794071092919333,0.0009122739463887996,0.0008230406288034266,0.0011216023226247901,-17.845011813883758,-28.750073559388092,0.18276830000013433
highdim_strong,Strong nonlinear,10,cuda,NVIDIA GeForce RTX 4070 Ti SUPER,0,1,10000,7500,2500,"128,64,32",tanh,1000,2,True,85,86,0.1,750,500,2,1750,0.000651199628747928,0.0012279251452575724,0.0007998794858799432,0.0010166107510263913,0.0007194720415302994,0.0008347314565978147,0.0007159528041498899,0.0006575120621225955,0.0007482468471640034,0.00093318174866856,0.0008415622911221271,0.0009966251895489255,-11.72237628564169,-8.940273690185823,0.29531279999991966
highdim_strong,Strong nonlinear,10,cuda,NVIDIA GeForce RTX 4070 Ti SUPER,0,1,10000,7500,2500,"128,64,32",tanh,1000,2,True,85,86,0.1,750,500,3,2250,0.000651199628747928,0.0011699763773642452,0.0007510040665211209,0.0008701008013075277,0.0007194720415302994,0.0008347314565978147,0.0006298758021891172,0.0006080803608745679,0.0007133577244923198,0.0008029165179770767,0.0007059380516420485,0.0008578532987318024,-19.230499712963326,-8.36753035044287,0.4349691000002167
highdim_strong,Strong nonlinear,10,cuda,NVIDIA GeForce RTX 4070 Ti SUPER,0,1,10000,7500,2500,"128,64,32",tanh,1000,2,True,85,86,0.1,750,500,4,2750,0.000651199628747928,0.0011323392787862296,0.0007183369267983579,0.0008861202360560169,0.0007194720415302994,0.0008347314565978147,0.0006607016621242915,0.0006329625180656447,0.0006866383149740428,0.0006858370596526876,0.0006495157507947713,0.0007792147954188642,-8.723341861855955,-29.202734612322338,0.5660197000001972
highdim_strong,Strong nonlinear,10,cuda,NVIDIA GeForce RTX 4070 Ti SUPER,0,1,10000,7500,2500,"128,64,32",tanh,1000,2,True,85,86,0.1,750,500,5,3250,0.000651199628747928,0.0010963007456431435,0.0006902753396115795,0.0008403383513663138,0.0007194720415302994,0.0008347314565978147,0.0006612324055593748,0.0006453996721607451,0.0006881920256751387,0.0007871022851261964,0.0006793837314885708,0.000820143422298955,-4.392243000800237,-6.7635512240422475,0.7231111999999484
highdim_strong,Strong nonlinear,10,cuda,NVIDIA GeForce RTX 4070 Ti SUPER,1,0,10000,7500,2500,"128,64,32",tanh,1000,2,True,85,86,0.05,375,500,0,375,0.0004996514343610693,0.001326032105463491,0.0009626211542416224,0.0011016922678589824,0.0008297538951259515,0.0008944659563236178,0.0009437242028341511,0.0008933014903266385,0.001003664758503987,0.0011789705075644064,0.0010782975256061669,0.0012810771519984002,-2.0023807115172816,6.554722040084817,0.07990620000009585
highdim_strong,Strong nonlinear,10,cuda,NVIDIA GeForce RTX 4070 Ti SUPER,1,0,10000,7500,2500,"128,64,32",tanh,1000,2,True,85,86,0.05,375,500,1,875,0.0004996514343610693,0.0012221745293595967,0.0008247862943608579,0.001038229839675091,0.0008297538951259515,0.0008944659563236178,0.000766317287723945,0.000734562198202662,0.0007839848066093729,0.0009715594890922483,0.0008157732795991037,0.0010807481071732552,-7.629869190420192,-6.862199518542549,0.15261700000019118
highdim_strong,Strong nonlinear,10,cuda,NVIDIA GeForce RTX 4070 Ti SUPER,1,0,10000,7500,2500,"128,64,32",tanh,1000,2,True,85,86,0.05,375,500,2,1375,0.0004996514343610693,0.0011574930560007528,0.0007662443086919184,0.0009160372275871502,0.0008297538951259515,0.0008944659563236178,0.0006953707116754174,0.0006811094417663229,0.0007091159999491086,0.0008786393180930115,0.0007745228401546459,0.0010116057034388693,-10.192203356643969,-4.256343726491391,0.23256690000016533
highdim_strong,Strong nonlinear,10,cuda,NVIDIA GeForce RTX 4070 Ti SUPER,1,0,10000,7500,2500,"128,64,32",tanh,1000,2,True,85,86,0.05,375,500,3,1875,0.0004996514343610693,0.0011106834821342356,0.0007216254918040276,0.0009617664437878786,0.0008297538951259515,0.0008944659563236178,0.0006802811019254622,0.0006596790838830538,0.0006990774556074424,0.0007096387471722071,0.0006395537362836949,0.0008730856396603673,-6.0775449680351965,-35.529020592570326,0.31969770000023345
highdim_strong,Strong nonlinear,10,cuda,NVIDIA GeForce RTX 4070 Ti SUPER,1,0,10000,7500,2500,"128,64,32",tanh,1000,2,True,85,86,0.05,375,500,4,2375,0.0004996514343610693,0.0010709713702790602,0.0006807121514385356,0.0008643323998674612,0.0008297538951259515,0.0008944659563236178,0.000664943691943621,0.0006398606530178993,0.0006801650167324858,0.0007500288467128996,0.0006801631079800801,0.0008268894238930792,-2.3713977117105465,-15.239887593058857,0.4227389000002404
highdim_strong,Strong nonlinear,10,cuda,NVIDIA GeForce RTX 4070 Ti SUPER,1,0,10000,7500,2500,"128,64,32",tanh,1000,2,True,85,86,0.05,375,500,5,2875,0.0004996514343610693,0.0010472150389364667,0.0006605256227504612,0.0009115011230524477,0.0008297538951259515,0.0008944659563236178,0.0006585476815836699,0.0006545046940124012,0.0006718268497415233,0.0008560076423347971,0.0007933718822204185,0.0009932862939465907,-0.3003489682075544,-6.482825382994217,0.5406160000002274
highdim_strong,Strong nonlinear,10,cuda,NVIDIA GeForce RTX 4070 Ti SUPER,1,0,10000,7500,2500,"128,64,32",tanh,1000,2,True,85,86,0.1,750,500,0,750,0.0004996514343610693,0.0011558579510352488,0.0007933150745070182,0.0006865026337095738,0.0004033739883367111,0.00045623335745109114,0.000767911535988711,0.0007512882843929769,0.00084263926840118,0.0009339168901888791,0.0008954278971285002,0.0011480965559229211,-3.3081334669102658,26.49210642600834,0.07469529999980296
highdim_strong,Strong nonlinear,10,cuda,NVIDIA GeForce RTX 4070 Ti SUPER,1,0,10000,7500,2500,"128,64,32",tanh,1000,2,True,85,86,0.1,750,500,1,1250,0.0004996514343610693,0.0011776062807053872,0.0007851896807474227,0.001074922880783814,0.0004033739883367111,0.00045623335745109114,0.0007649285556978455,0.0007519420954733322,0.0007881532402846318,0.0008969584290943192,0.0007680177605129602,0.0009923331275689922,-2.6487604494112427,-19.840880682640982,0.1604483999999502
highdim_strong,Strong nonlinear,10,cuda,NVIDIA GeForce RTX 4070 Ti SUPER,1,0,10000,7500,2500,"128,64,32",tanh,1000,2,True,85,86,0.1,750,500,2,1750,0.0004996514343610693,0.001116067851320074,0.0007293568560519715,0.0008301973208529499,0.0004033739883367111,0.00045623335745109114,0.0007377468021404107,0.0007020964983522639,0.000754921327410419,0.0008108480736763099,0.000724274606508156,0.0009552536096231199,1.13723923493773,-2.386297483437587,0.24744550000013987
highdim_strong,Strong nonlinear,10,cuda,NVIDIA GeForce RTX 4070 Ti SUPER,1,0,10000,7500,2500,"128,64,32",tanh,1000,2,True,85,86,0.1,750,500,3,2250,0.0004996514343610693,0.001076236572649117,0.0006891942008432238,0.0007815023710864223,0.0004033739883367111,0.00045623335745109114,0.000705654009112378,0.0006796890790268358,0.0007247895387582533,0.0008302546551757909,0.0007701851148531167,0.0010237259576887014,2.332560724746456,5.871967568678814,0.356778100000156
highdim_strong,Strong nonlinear,10,cuda,NVIDIA GeForce RTX 4070 Ti SUPER,1,0,10000,7500,2500,"128,64,32",tanh,1000,2,True,85,86,0.1,750,500,4,2750,0.0004996514343610693,0.0010511303973173532,0.0006631378190971679,0.0007981352305503225,0.0004033739883367111,0.00045623335745109114,0.0006760321783822677,0.0006702719124644951,0.0006997328576167756,0.0007032707419293457,0.0005930316744273721,0.000764951581040464,1.9073588059011986,-13.489042407867911,0.47866659999999683
highdim_strong,Strong nonlinear,10,cuda,NVIDIA GeForce RTX 4070 Ti SUPER,1,0,10000,7500,2500,"128,64,32",tanh,1000,2,True,85,86,0.1,750,500,5,3250,0.0004996514343610693,0.001033801232614558,0.0006492504492415671,0.0008036699557238407,0.0004033739883367111,0.00045623335745109114,0.0006699961077052695,0.0006458053190149722,0.000678755387403583,0.0008098073644922507,0.0006487738432752726,0.0010044881681339408,3.096384923004412,0.757885027664344,0.632681699999921
highdim_strong,Strong nonlinear,10,cuda,NVIDIA GeForce RTX 4070 Ti SUPER,1,1,10000,7500,2500,"128,64,32",tanh,1000,2,True,85,86,0.05,375,500,0,375,0.0005171099780137913,0.0012716295512128972,0.0009042136082882209,0.001084536054431061,0.000571218002518767,0.0006523321400073425,0.0010073110984481297,0.0009293641853128482,0.0011082161571357796,0.0012644991498718995,0.0009280055914912441,0.0014467299262268126,10.234920504573173,14.23196650302767,0.07670929999994769
highdim_strong,Strong nonlinear,10,cuda,NVIDIA GeForce RTX 4070 Ti SUPER,1,1,10000,7500,2500,"128,64,32",tanh,1000,2,True,85,86,0.05,375,500,1,875,0.0005171099780137913,0.001204879460912124,0.0008308370801735993,0.0009541174124462705,0.000571218002518767,0.0006523321400073425,0.0007325219529523815,0.000684979070537127,0.0007707981051250038,0.0009903981267151843,0.000751695457044708,0.0010519149573105916,-13.421458131727677,3.6632454454699652,0.15542550000009214
highdim_strong,Strong nonlinear,10,cuda,NVIDIA GeForce RTX 4070 Ti SUPER,1,1,10000,7500,2500,"128,64,32",tanh,1000,2,True,85,86,0.05,375,500,2,1375,0.0005171099780137913,0.0011353855575809873,0.0007696214388958348,0.0008834036199244304,0.000571218002518767,0.0006523321400073425,0.0007327078086234835,0.0007072144509965804,0.0007478660866307443,0.0008587667015440224,0.0007592159925632403,0.0009272895385365427,-5.03797418806002,-2.868872108817449,0.2330069999998159
highdim_strong,Strong nonlinear,10,cuda,NVIDIA GeForce RTX 4070 Ti SUPER,1,1,10000,7500,2500,"128,64,32",tanh,1000,2,True,85,86,0.05,375,500,3,1875,0.0005171099780137913,0.001097775013756927,0.0007308846210357492,0.0010443482862917538,0.000571218002518767,0.0006523321400073425,0.0007066024836403378,0.000699018961337729,0.0007165224591593131,0.000846198266640499,0.0007709991862371622,0.0009828726172926227,-3.43646363515629,-23.416500300565772,0.3214943999996649
highdim_strong,Strong nonlinear,10,cuda,NVIDIA GeForce RTX 4070 Ti SUPER,1,1,10000,7500,2500,"128,64,32",tanh,1000,2,True,85,86,0.05,375,500,4,2375,0.0005171099780137913,0.0010674068599031247,0.0006968179287066571,0.0008220867324454477,0.000571218002518767,0.0006523321400073425,0.0006669555742323632,0.0006561584422733154,0.0006802383449693702,0.0007485091257076744,0.0006623211274827502,0.0008198149263315696,-4.477412833480585,-9.829887734262387,0.4335158999997475
highdim_strong,Strong nonlinear,10,cuda,NVIDIA GeForce RTX 4070 Ti SUPER,1,1,10000,7500,2500,"128,64,32",tanh,1000,2,True,85,86,0.05,375,500,5,2875,0.0005171099780137913,0.0010449083136572642,0.000678835257123324,0.0008382910230470467,0.000571218002518767,0.0006523321400073425,0.0006561162918037628,0.0006506180296221161,0.0006710549134181082,0.0007721141390838679,0.0007310196828036725,0.0008951531241987313,-3.46264307156637,-8.57086803794311,0.5629946999997628
highdim_strong,Strong nonlinear,10,cuda,NVIDIA GeForce RTX 4070 Ti SUPER,1,1,10000,7500,2500,"128,64,32",tanh,1000,2,True,85,86,0.1,750,500,0,750,0.0005171099780137913,0.001251312709979859,0.0008738252226825523,0.0010222719332078547,0.0012055929673118236,0.0014256176508530207,0.0008485616631428286,0.000783076336081185,0.0008985069049126985,0.0009633568802701735,0.0008377673014156926,0.0014037222541609926,-2.9772214132505943,-6.115599955144184,0.07792539999991277
highdim_strong,Strong nonlinear,10,cuda,NVIDIA GeForce RTX 4070 Ti SUPER,1,1,10000,7500,2500,"128,64,32",tanh,1000,2,True,85,86,0.1,750,500,1,1250,0.0005171099780137913,0.0011388507188192878,0.0007681879628524322,0.0009562637494112909,0.0012055929673118236,0.0014256176508530207,0.00074660001299904,0.0007212158712661164,0.0007704964019862163,0.0008615190495551098,0.0008535716368023212,0.0009550624393666702,-2.8915014033652144,-10.997400452736061,0.1618055999997523
highdim_strong,Strong nonlinear,10,cuda,NVIDIA GeForce RTX 4070 Ti SUPER,1,1,10000,7500,2500,"128,64,32",tanh,1000,2,True,85,86,0.1,750,500,2,1750,0.0005171099780137913,0.0011020771175180453,0.0007374569478346376,0.0010162593349910337,0.0012055929673118236,0.0014256176508530207,0.000693650510833393,0.000682148652332763,0.0007028766948361555,0.0008638461729448736,0.0008224365114921971,0.0009002529867848267,-6.315347039622728,-17.643553542244643,0.24750409999978729
highdim_strong,Strong nonlinear,10,cuda,NVIDIA GeForce RTX 4070 Ti SUPER,1,1,10000,7500,2500,"128,64,32",tanh,1000,2,True,85,86,0.1,750,500,3,2250,0.0005171099780137913,0.001070738389955264,0.000703158989550114,0.0009913245834976916,0.0012055929673118236,0.0014256176508530207,0.0006751091254091842,0.0006555461789814379,0.0006801098315851149,0.0008409447325927631,0.0007863184634211228,0.0009046108225359774,-4.154863722798696,-17.882251362855214,0.356646599999749
highdim_strong,Strong nonlinear,10,cuda,NVIDIA GeForce RTX 4070 Ti SUPER,1,1,10000,7500,2500,"128,64,32",tanh,1000,2,True,85,86,0.1,750,500,4,2750,0.0005171099780137913,0.0010503823211097355,0.0006817503768900661,0.0008687647018466441,0.0012055929673118236,0.0014256176508530207,0.0006502414361913478,0.0006487151093883428,0.0006526304899489365,0.0007588441458151477,0.0007104289271933216,0.0007836789920879097,-4.845729439095009,-14.485261122153112,0.47795559999985926
highdim_strong,Strong nonlinear,10,cuda,NVIDIA GeForce RTX 4070 Ti SUPER,1,1,10000,7500,2500,"128,64,32",tanh,1000,2,True,85,86,0.1,750,500,5,3250,0.0005171099780137913,0.0010315312865007904,0.000666914985727317,0.0008110666069371505,0.0012055929673118236,0.0014256176508530207,0.000635125132075154,0.000628443279414414,0.0006418514461563839,0.0007883434160983495,0.0007078095987179668,0.0008274227518413361,-5.0052898313589855,-2.8823974900763556,0.6147251999996115
highdim_strong,Strong nonlinear,10,cuda,NVIDIA GeForce RTX 4070 Ti SUPER,2,0,10000,7500,2500,"128,64,32",tanh,1000,2,True,85,86,0.05,375,500,0,375,0.0006072641846757182,0.000998814184126017,0.0006273881314714707,0.0008266611980821399,0.0006879966674338636,0.0008026360310935523,0.0006960669646547158,0.0006340342132047236,0.0007785947096429715,0.0008413794436472458,0.000719400741350832,0.0009897144730653619,9.866699135378903,1.7492994006728637,0.09032269999988785
highdim_strong,Strong nonlinear,10,cuda,NVIDIA GeForce RTX 4070 Ti SUPER,2,0,10000,7500,2500,"128,64,32",tanh,1000,2,True,85,86,0.05,375,500,1,875,0.0006072641846757182,0.0012354253792933039,0.0008277694032974226,0.0010185979327734988,0.0006879966674338636,0.0008026360310935523,0.0005537523277303808,0.000524021668557918,0.0006047381738053536,0.0007335276618712167,0.0006199999333172334,0.0008217544424411222,-49.48368825646892,-38.86292033964646,0.17716710000013336
highdim_strong,Strong nonlinear,10,cuda,NVIDIA GeForce RTX 4070 Ti SUPER,2,0,10000,7500,2500,"128,64,32",tanh,1000,2,True,85,86,0.05,375,500,2,1375,0.0006072641846757182,0.0011349855080392927,0.0007317381683472003,0.0009239603577707586,0.0006879966674338636,0.0008026360310935523,0.0005748537489626915,0.0005036805592315414,0.0006369783769451375,0.0007279113702462365,0.0006554143537950089,0.0008178737945938186,-27.291188353142456,-26.933084924638976,0.279476700000032
highdim_strong,Strong nonlinear,10,cuda,NVIDIA GeForce RTX 4070 Ti SUPER,2,0,10000,7500,2500,"128,64,32",tanh,1000,2,True,85,86,0.05,375,500,3,1875,0.0006072641846757182,0.0010723889388132395,0.0006771916216786686,0.0008848045642096544,0.0006879966674338636,0.0008026360310935523,0.0005757068526559897,0.0005693421170180205,0.0006247380563504924,0.0007281402077738406,0.0006739300337338933,0.0007761846279242219,-17.627854967243284,-21.515685408279705,0.3928998999999749
highdim_strong,Strong nonlinear,10,cuda,NVIDIA GeForce RTX 4070 Ti SUPER,2,0,10000,7500,2500,"128,64,32",tanh,1000,2,True,85,86,0.05,375,500,4,2375,0.0006072641846757182,0.00101662944791103,0.0006248851427257089,0.0008217962379101636,0.0006879966674338636,0.0008026360310935523,0.0005119972739604227,0.0004943950854812384,0.0005588922246289936,0.0006296524384364005,0.0006103542935798658,0.0006892357279316141,-22.048529261117192,-30.515850927363797,0.5178979000002073
highdim_strong,Strong nonlinear,10,cuda,NVIDIA GeForce RTX 4070 Ti SUPER,2,0,10000,7500,2500,"128,64,32",tanh,1000,2,True,85,86,0.05,375,500,5,2875,0.0006072641846757182,0.0009804104364945071,0.0005900541108515774,0.0006699602088281779,0.0006879966674338636,0.0008026360310935523,0.0005246728242951207,0.0005082243963179489,0.0005390372838360755,0.0006847246416202494,0.0006160473235879075,0.0007168498754890679,-12.46134419946262,2.1562584277870798,0.6725285000002259
highdim_strong,Strong nonlinear,10,cuda,NVIDIA GeForce RTX 4070 Ti SUPER,2,0,10000,7500,2500,"128,64,32",tanh,1000,2,True,85,86,0.1,750,500,0,750,0.0006072641846757182,0.0009502120828123593,0.000599847015378576,0.0009384451170723726,0.0005769435901474699,0.00072361820791992,0.000563026297877095,0.0005504804691650396,0.0006044345565900346,0.0007070924032549404,0.0006629359683614203,0.0007388726383942398,-6.5397864434245,-32.7188798454703,0.09381310000026133
highdim_strong,Strong nonlinear,10,cuda,NVIDIA GeForce RTX 4070 Ti SUPER,2,0,10000,7500,2500,"128,64,32",tanh,1000,2,True,85,86,0.1,750,500,1,1250,0.0006072641846757182,0.001110815447252983,0.0007110225212451998,0.0009807962712450784,0.0005769435901474699,0.00072361820791992,0.000552351370045002,0.0005324425313481733,0.000562164218470782,0.0006954210377824899,0.0006496314745360375,0.0007887265849328711,-28.726488211167172,-41.03632446504252,0.1962478000000374
highdim_strong,Strong nonlinear,10,cuda,NVIDIA GeForce RTX 4070 Ti SUPER,2,0,10000,7500,2500,"128,64,32",tanh,1000,2,True,85,86,0.1,750,500,2,1750,0.0006072641846757182,0.0010775138810840356,0.0006823371592146669,0.0009003749005025437,0.0005769435901474699,0.00072361820791992,0.0005292773743322506,0.0005227541648023126,0.000539065085048487,0.0006638355426367175,0.0005961951763080624,0.0007358042444775399,-28.91863365131002,-35.632222542093075,0.3091672999998991
highdim_strong,Strong nonlinear,10,cuda,NVIDIA GeForce RTX 4070 Ti SUPER,2,0,10000,7500,2500,"128,64,32",tanh,1000,2,True,85,86,0.1,750,500,3,2250,0.0006072641846757182,0.0010278542607990444,0.0006348407819079289,0.0008099775601140177,0.0005769435901474699,0.00072361820791992,0.0005055663030673743,0.0004968592845107308,0.0005573191093692404,0.0006658045773568821,0.0006250893475248702,0.0006967504272479083,-25.57023244156501,-21.65394887032393,0.43222389999982624
highdim_strong,Strong nonlinear,10,cuda,NVIDIA GeForce RTX 4070 Ti SUPER,2,0,10000,7500,2500,"128,64,32",tanh,1000,2,True,85,86,0.1,750,500,4,2750,0.0006072641846757182,0.0009905575474399141,0.000599100675815573,0.0008081800424545028,0.0005769435901474699,0.00072361820791992,0.0005386885151133098,0.0005225376021667568,0.000573931094259715,0.000674549394180693,0.0006406377964196385,0.0007504237041621702,-11.214673973428937,-19.810357762772515,0.5736388000000261
highdim_strong,Strong nonlinear,10,cuda,NVIDIA GeForce RTX 4070 Ti SUPER,2,0,10000,7500,2500,"128,64,32",tanh,1000,2,True,85,86,0.1,750,500,5,3250,0.0006072641846757182,0.0009650792752683154,0.000574420920241962,0.000712160218342786,0.0005769435901474699,0.00072361820791992,0.0005203260056886878,0.00048528846381965267,0.0005385484100021297,0.0006931740542029821,0.0006140565759190826,0.0007052784597910331,-10.39635035763316,-2.739018291969157,0.7274133000000802
highdim_strong,Strong nonlinear,10,cuda,NVIDIA GeForce RTX 4070 Ti SUPER,2,1,10000,7500,2500,"128,64,32",tanh,1000,2,True,85,86,0.05,375,500,0,375,0.0006158708133172297,0.0010670762652236253,0.0007069996505633423,0.0008991402778693461,0.0006971462893464054,0.000754389297603853,0.0006905759463687936,0.0006665861698118765,0.0007156811752584476,0.0008979090712945037,0.0008523223014616217,0.000970593392994497,-2.3782618379496565,-0.1371192935012195,0.08044909999989613
highdim_strong,Strong nonlinear,10,cuda,NVIDIA GeForce RTX 4070 Ti SUPER,2,1,10000,7500,2500,"128,64,32",tanh,1000,2,True,85,86,0.05,375,500,1,875,0.0006158708133172297,0.0012941630071180172,0.0008596274430969151,0.0011681928911152278,0.0006971462893464054,0.000754389297603853,0.0005478279731852086,0.0005420612739211494,0.0005576739945915077,0.0007441039885472873,0.0007044550133713114,0.0007932675195976256,-56.91558028678721,-56.99323066334967,0.17240010000023176
highdim_strong,Strong nonlinear,10,cuda,NVIDIA GeForce RTX 4070 Ti SUPER,2,1,10000,7500,2500,"128,64,32",tanh,1000,2,True,85,86,0.05,375,500,2,1375,0.0006158708133172297,0.0011684489006903295,0.0007426765271599689,0.0009096322406695039,0.0006971462893464054,0.000754389297603853,0.0005216329279479524,0.0005094875755094376,0.000547433444370169,0.0006897973268978149,0.0006080873952610422,0.0007131499631675897,-42.37531554642806,-31.86949342937289,0.27161960000012186
highdim_strong,Strong nonlinear,10,cuda,NVIDIA GeForce RTX 4070 Ti SUPER,2,1,10000,7500,2500,"128,64,32",tanh,1000,2,True,85,86,0.05,375,500,3,1875,0.0006158708133172297,0.0010991760653467286,0.0006799071943457283,0.0008876338832069009,0.0006971462893464054,0.000754389297603853,0.0005741411424863318,0.0004932747864706241,0.0005861028624452757,0.0007091922984433345,0.0006199438465337263,0.0007439058563882697,-18.421611696624655,-25.161241197238436,0.37820190000002185
highdim_strong,Strong nonlinear,10,cuda,NVIDIA GeForce RTX 4070 Ti SUPER,2,1,10000,7500,2500,"128,64,32",tanh,1000,2,True,85,86,0.05,375,500,4,2375,0.0006158708133172297,0.001033477459934964,0.0006172977997999022,0.0008044751831635417,0.0006971462893464054,0.000754389297603853,0.0005393775543536879,0.0005058689172898832,0.0005808369579450732,0.0006930038448934383,0.0006501705537935903,0.0007052781054741672,-14.446327033312073,-16.085240953784908,0.5121776000000864
highdim_strong,Strong nonlinear,10,cuda,NVIDIA GeForce RTX 4070 Ti SUPER,2,1,10000,7500,2500,"128,64,32",tanh,1000,2,True,85,86,0.05,375,500,5,2875,0.0006158708133172297,0.0009929505062361802,0.0005795062981878936,0.0007562735493404288,0.0006971462893464054,0.000754389297603853,0.0004857623089802066,0.00047154041226794667,0.00053045023822759,0.000627636759792717,0.0005689259436608195,0.000687487081747102,-19.29832501918274,-20.495419928908458,0.6563357999998516
highdim_strong,Strong nonlinear,10,cuda,NVIDIA GeForce RTX 4070 Ti SUPER,2,1,10000,7500,2500,"128,64,32",tanh,1000,2,True,85,86,0.1,750,500,0,750,0.0006158708133172297,0.0009659302948464393,0.0005323996010776803,0.0006917723308352773,0.0005043839300122099,0.0006421608669484649,0.0005360118249290995,0.0005234793234891368,0.0005833517659109634,0.000668929978450391,0.0006346990501499051,0.0007747518291440702,0.6739074929731327,-3.414759858393803,0.09544899999991685
highdim_strong,Strong nonlinear,10,cuda,NVIDIA GeForce RTX 4070 Ti SUPER,2,1,10000,7500,2500,"128,64,32",tanh,1000,2,True,85,86,0.1,750,500,1,1250,0.0006158708133172297,0.0011554548452550623,0.000719468391619485,0.000931621009161522,0.0005043839300122099,0.0006421608669484649,0.0004967536799895663,0.0004920617644805143,0.0005015957790878063,0.000608493226911329,0.0006034724039039305,0.0006257238376320033,-44.83403356661525,-53.10293820201879,0.19049790000008215
highdim_strong,Strong nonlinear,10,cuda,NVIDIA GeForce RTX 4070 Ti SUPER,2,1,10000,7500,2500,"128,64,32",tanh,1000,2,True,85,86,0.1,750,500,2,1750,0.0006158708133172297,0.0010995737918537446,0.0006737965057055609,0.0008494205061621451,0.0005043839300122099,0.0006421608669484649,0.0004876351796424143,0.00047686799628348536,0.0005591180912608867,0.0006116823723735638,0.0005880144114130224,0.0007094335193806051,-38.176352698683424,-38.86627186362515,0.2910449000000881
highdim_strong,Strong nonlinear,10,cuda,NVIDIA GeForce RTX 4070 Ti SUPER,2,1,10000,7500,2500,"128,64,32",tanh,1000,2,True,85,86,0.1,750,500,3,2250,0.0006158708133172297,0.0010500480500670814,0.0006333152912549271,0.0008319817232650178,0.0005043839300122099,0.0006421608669484649,0.0005399412267858637,0.0004938135797212355,0.0005879287095477685,0.0006946066123296242,0.0006057735081328306,0.0007449509203430523,-17.2933756188421,-19.777397522124723,0.4110958999999639
highdim_strong,Strong nonlinear,10,cuda,NVIDIA GeForce RTX 4070 Ti SUPER,2,1,10000,7500,2500,"128,64,32",tanh,1000,2,True,85,86,0.1,750,500,4,2750,0.0006158708133172297,0.0010054142158579624,0.0005890324070347015,0.0006646053824705331,0.0005043839300122099,0.0006421608669484649,0.0004905117515089928,0.00047116454701435107,0.0005344801336511747,0.0006527639067763287,0.0006459904744641963,0.0006838331424766416,-20.085279348073357,-1.8140518449746141,0.5482059999999365
highdim_strong,Strong nonlinear,10,cuda,NVIDIA GeForce RTX 4070 Ti SUPER,2,1,10000,7500,2500,"128,64,32",tanh,1000,2,True,85,86,0.1,750,500,5,3250,0.0006158708133172297,0.000978285796467107,0.0005645366956092782,0.0006548183611332756,0.0005043839300122099,0.0006421608669484649,0.00046880626288382766,0.0004595439864871866,0.0004992383534652248,0.0006301609406224226,0.0006082367575728762,0.0006727574191756653,-20.420041348545933,-3.9128766829785384,0.7164646999999604
highdim_poly2,Quadratic,20,cuda,NVIDIA GeForce RTX 4070 Ti SUPER,0,0,10000,7500,2500,"128,64,32",tanh,1000,2,True,270,271,0.05,375,500,0,375,0.006592194726335981,0.00871622153743999,0.005991915381182757,0.0040936353453417595,0.022387218369055217,0.012525339536059553,0.006695022059422882,0.006023582472705029,0.006920330825141518,0.0042807140096941965,0.0038408448935988784,0.004651425809555712,10.501932211717515,4.370267762078352,0.4301930999999968
highdim_poly2,Quadratic,20,cuda,NVIDIA GeForce RTX 4070 Ti SUPER,0,0,10000,7500,2500,"128,64,32",tanh,1000,2,True,270,271,0.05,375,500,1,875,0.006592194726335981,0.005120363608602351,0.00258515073764018,0.0017607699176842536,0.022387218369055217,0.012525339536059553,0.0029597200985273424,0.0028895698673933505,0.002996460037582356,0.00202694829219583,0.0019434643290653368,0.0021198185160712204,12.655567027217732,13.13197655492338,0.7632352000000537
highdim_poly2,Quadratic,20,cuda,NVIDIA GeForce RTX 4070 Ti SUPER,0,0,10000,7500,2500,"128,64,32",tanh,1000,2,True,270,271,0.05,375,500,2,1375,0.006592194726335981,0.004835913447422291,0.00241143179888555,0.001615770605164651,0.022387218369055217,0.012525339536059553,0.0025329560129216397,0.0025214304526550886,0.0025577789753270684,0.0017019594600424922,0.001629761694767637,0.001721006377168253,4.79772303254163,5.064095643952029,1.2337955999996666
highdim_poly2,Quadratic,20,cuda,NVIDIA GeForce RTX 4070 Ti SUPER,0,0,10000,7500,2500,"128,64,32",tanh,1000,2,True,270,271,0.05,375,500,3,1875,0.006592194726335981,0.004839329438902544,0.0023671544871831963,0.0016270699041093766,0.022387218369055217,0.012525339536059553,0.0024142065581101695,0.002402661415935289,0.002441067339028827,0.0016515966499341585,0.0015962041599761308,0.0017250056745686643,1.9489662460284813,1.4850324276063207,2.1449281999998675
highdim_poly2,Quadratic,20,cuda,NVIDIA GeForce RTX 4070 Ti SUPER,0,0,10000,7500,2500,"128,64,32",tanh,1000,2,True,270,271,0.05,375,500,4,2375,0.006592194726335981,0.004769654933597248,0.0023024769197670623,0.0016702174044048155,0.022387218369055217,0.012525339536059553,0.002334288404763101,0.00231800057936674,0.0023535238060631326,0.0016436689582099684,0.0016041395248288408,0.0016739266520249896,1.3627915441437097,-1.6151942313103942,3.1412781999997605
highdim_poly2,Quadratic,20,cuda,NVIDIA GeForce RTX 4070 Ti SUPER,0,0,10000,7500,2500,"128,64,32",tanh,1000,2,True,270,271,0.05,375,500,5,2875,0.006592194726335981,0.004732025654885177,0.002272006814669687,0.0016415379874569064,0.022387218369055217,0.012525339536059553,0.002317307903609697,0.0022859572910857964,0.0023228120270530972,0.0015684814640159312,0.001532195841596393,0.0016026071056929386,1.9549015851300386,-4.657786854166684,4.19707359999984
highdim_poly2,Quadratic,20,cuda,NVIDIA GeForce RTX 4070 Ti SUPER,0,0,10000,7500,2500,"128,64,32",tanh,1000,2,True,270,271,0.1,750,500,0,750,0.006592194726335981,0.005974777471348917,0.0036644079476022186,0.0023437214326439064,0.003110716941512776,0.0020393654832512745,0.0030242504738683656,0.002959979116716214,0.0031054392876069628,0.002030954550116682,0.0019592464527031137,0.002148411845564754,-21.167475355142052,-15.39999418053227,0.3105227000000923
highdim_poly2,Quadratic,20,cuda,NVIDIA GeForce RTX 4070 Ti SUPER,0,0,10000,7500,2500,"128,64,32",tanh,1000,2,True,270,271,0.1,750,500,1,1250,0.006592194726335981,0.004895017909996922,0.002459226183673197,0.001631696336546803,0.003110716941512776,0.0020393654832512745,0.0026894710856471553,0.00266462570413359,0.002763546889380027,0.0019333649313690755,0.0018889396209074941,0.0020166554766185125,8.560973315634495,15.603292990767743,0.8099121999998715
highdim_poly2,Quadratic,20,cuda,NVIDIA GeForce RTX 4070 Ti SUPER,0,0,10000,7500,2500,"128,64,32",tanh,1000,2,True,270,271,0.1,750,500,2,1750,0.006592194726335981,0.0048056469587910555,0.0023768553860505845,0.0015577977273080112,0.003110716941512776,0.0020393654832512745,0.0024646793157806703,0.0024276200280123426,0.0024874004981172426,0.001767869689590095,0.0016664558942078409,0.0018531145243001913,3.5633004735250173,11.882774138788012,1.6459381999998186
highdim_poly2,Quadratic,20,cuda,NVIDIA GeForce RTX 4070 Ti SUPER,0,0,10000,7500,2500,"128,64,32",tanh,1000,2,True,270,271,0.1,750,500,3,2250,0.006592194726335981,0.004795689803219382,0.0023288490673750856,0.0016614966088817303,0.003110716941512776,0.0020393654832512745,0.0023792233008207513,0.002357191571758028,0.0024082640652958367,0.0016752447831029416,0.001595524168964941,0.0017229674742690224,2.1172553844899022,0.8206665891384838,2.5289738999999827
highdim_poly2,Quadratic,20,cuda,NVIDIA GeForce RTX 4070 Ti SUPER,0,0,10000,7500,2500,"128,64,32",tanh,1000,2,True,270,271,0.1,750,500,4,2750,0.006592194726335981,0.004737349682686218,0.002280592804838561,0.0016081696385574513,0.003110716941512776,0.0020393654832512745,0.002341251681401939,0.002327903333596433,0.0023542344953394094,0.0016106401313471007,0.0015470232409500178,0.001646754186253446,2.5908738067432258,0.15338577138166673,3.491649300000063
highdim_poly2,Quadratic,20,cuda,NVIDIA GeForce RTX 4070 Ti SUPER,0,0,10000,7500,2500,"128,64,32",tanh,1000,2,True,270,271,0.1,750,500,5,3250,0.006592194726335981,0.004702335915365081,0.002245806667820661,0.0015225203908298185,0.003110716941512776,0.0020393654832512745,0.0022934030836446904,0.0022873261509871448,0.002305483429379087,0.0015857247234628722,0.0015537014889799143,0.001683977186822317,2.0753619877578946,3.985832578496316,4.610084399999778
highdim_poly2,Quadratic,20,cuda,NVIDIA GeForce RTX 4070 Ti SUPER,0,1,10000,7500,2500,"128,64,32",tanh,1000,2,True,270,271,0.05,375,500,0,375,0.007822400222318237,0.011693124220447992,0.010595690518281435,0.0070714561924539975,0.05837109187963511,0.029503579547667587,0.009654182587530258,0.009055551824464573,0.01028621942597374,0.00664619934555905,0.006053521127956155,0.006957295590475216,-9.752331926757504,-6.398496716459477,0.4466522000002442
highdim_poly2,Quadratic,20,cuda,NVIDIA GeForce RTX 4070 Ti SUPER,0,1,10000,7500,2500,"128,64,32",tanh,1000,2,True,270,271,0.05,375,500,1,875,0.007822400222318237,0.005147062796807101,0.004023419834232151,0.002748942621000887,0.05837109187963511,0.029503579547667587,0.004471070182009006,0.004414050788892242,0.0045825880011985285,0.003012822753274288,0.0028738345096843876,0.003122209020088063,10.0121521146803,8.758568089895778,0.8020738000000165
highdim_poly2,Quadratic,20,cuda,NVIDIA GeForce RTX 4070 Ti SUPER,0,1,10000,7500,2500,"128,64,32",tanh,1000,2,True,270,271,0.05,375,500,2,1375,0.007822400222318237,0.004859306288033598,0.0036929563272887008,0.002319014634993389,0.05837109187963511,0.029503579547667587,0.003830400784980047,0.0038145760522335045,0.0038992790911940673,0.0026686510125474927,0.0026369299130853847,0.002691730420986194,3.588252650487648,13.101614857475916,1.3141748000002735
highdim_poly2,Quadratic,20,cuda,NVIDIA GeForce RTX 4070 Ti SUPER,0,1,10000,7500,2500,"128,64,32",tanh,1000,2,True,270,271,0.05,375,500,3,1875,0.007822400222318237,0.004809730493392254,0.0035445316169882475,0.0024803261761342944,0.05837109187963511,0.029503579547667587,0.003697747659616612,0.003633431248377941,0.003718757626182369,0.0024400000143214077,0.002423533819510533,0.0026057039152070595,4.14349643978276,-1.6527115400079972,2.24018070000011
highdim_poly2,Quadratic,20,cuda,NVIDIA GeForce RTX 4070 Ti SUPER,0,1,10000,7500,2500,"128,64,32",tanh,1000,2,True,270,271,0.05,375,500,4,2375,0.007822400222318237,0.004755884220365553,0.003489983602642145,0.0022170658912978114,0.05837109187963511,0.029503579547667587,0.0035591178809283087,0.0035223292224276833,0.003633820008676732,0.002389492901066128,0.0023393991810889267,0.00244644704786342,1.9424554229187787,7.21605030470625,3.2755895000000237
highdim_poly2,Quadratic,20,cuda,NVIDIA GeForce RTX 4070 Ti SUPER,0,1,10000,7500,2500,"128,64,32",tanh,1000,2,True,270,271,0.05,375,500,5,2875,0.007822400222318237,0.004744028085273282,0.0034405817463789108,0.0022648953487759372,0.05837109187963511,0.029503579547667587,0.0034798651004929195,0.003473423788003248,0.0035072353986601986,0.0024656436810273877,0.0024124346127662446,0.002557585220077797,1.128875774766219,8.141822510534142,4.270857700000306
highdim_poly2,Quadratic,20,cuda,NVIDIA GeForce RTX 4070 Ti SUPER,0,1,10000,7500,2500,"128,64,32",tanh,1000,2,True,270,271,0.1,750,500,0,750,0.007822400222318237,0.006096146876351715,0.004798546715250147,0.002970021285750099,0.003974600189230237,0.0026253969741202943,0.004980620678184892,0.004861426470913357,0.005059844257417836,0.003406485093540976,0.003332504045490695,0.0035046032518212273,3.6556480547139065,12.812732062689909,0.3193286000000626
highdim_poly2,Quadratic,20,cuda,NVIDIA GeForce RTX 4070 Ti SUPER,0,1,10000,7500,2500,"128,64,32",tanh,1000,2,True,270,271,0.1,750,500,1,1250,0.007822400222318237,0.005059872101906321,0.0038288075987352593,0.002698555386958907,0.003974600189230237,0.0026253969741202943,0.0040485071294756245,0.00399224802622392,0.004119266736684104,0.0027714206137881567,0.0027082101120394493,0.002849177465214842,5.426680099951345,2.629165218254367,0.8022347000000991
highdim_poly2,Quadratic,20,cuda,NVIDIA GeForce RTX 4070 Ti SUPER,0,1,10000,7500,2500,"128,64,32",tanh,1000,2,True,270,271,0.1,750,500,2,1750,0.007822400222318237,0.004879845673540938,0.003668434900578847,0.002556740242161199,0.003974600189230237,0.0026253969741202943,0.003770953079916568,0.003696698428942475,0.003823827696255367,0.0026033772845632684,0.00251033632042274,0.0026659788095176372,2.718627815437812,1.791405443944053,1.744388600000093
highdim_poly2,Quadratic,20,cuda,NVIDIA GeForce RTX 4070 Ti SUPER,0,1,10000,7500,2500,"128,64,32",tanh,1000,2,True,270,271,0.1,750,500,3,2250,0.007822400222318237,0.004782963195132917,0.003500151160719476,0.0024723445252642275,0.003974600189230237,0.0026253969741202943,0.0035917749112488063,0.003581266222137164,0.003662542132078152,0.002512949294562492,0.002422000654497506,0.0025528442413417316,2.55093241623747,1.615821273677304,2.8177999999998065
highdim_poly2,Quadratic,20,cuda,NVIDIA GeForce RTX 4070 Ti SUPER,0,1,10000,7500,2500,"128,64,32",tanh,1000,2,True,270,271,0.1,750,500,4,2750,0.007822400222318237,0.004738104792147726,0.0034522545814787355,0.0023821289185122652,0.003974600189230237,0.0026253969741202943,0.0035367375171331916,0.0035127583403002896,0.0035570966689181163,0.0024550503254845827,0.0024341710378618484,0.0024902330741185382,2.3887250678115435,2.970261188349535,3.805340999999771
highdim_poly2,Quadratic,20,cuda,NVIDIA GeForce RTX 4070 Ti SUPER,0,1,10000,7500,2500,"128,64,32",tanh,1000,2,True,270,271,0.1,750,500,5,3250,0.007822400222318237,0.004722978062416891,0.003404523148306002,0.0025990102384223362,0.003974600189230237,0.0026253969741202943,0.003463610263108739,0.003450478431928925,0.0034925855117313087,0.0023528083888764988,0.002333441139738167,0.0023877247857753857,1.7059400542861234,-10.464169148232362,4.8209695999998985
highdim_poly2,Quadratic,20,cuda,NVIDIA GeForce RTX 4070 Ti SUPER,1,0,10000,7500,2500,"128,64,32",tanh,1000,2,True,270,271,0.05,375,500,0,375,0.009210539183342064,0.01312919946700707,0.01285662132032599,0.008038628860836257,0.04223448804680301,0.023548872682747857,0.01318767283072991,0.011895219741347832,0.013870833774142074,0.008591654832805853,0.007795412200624357,0.009275137747634976,2.510310307611691,6.436780605500522,0.43578660000002856
highdim_poly2,Quadratic,20,cuda,NVIDIA GeForce RTX 4070 Ti SUPER,1,0,10000,7500,2500,"128,64,32",tanh,1000,2,True,270,271,0.05,375,500,1,875,0.009210539183342064,0.005934863624930471,0.004858385042804654,0.003550204106478029,0.04223448804680301,0.023548872682747857,0.005411018924619924,0.005316422614226311,0.005767161839614587,0.003803385040262227,0.00360707229871036,0.003935222303551611,10.2131204771953,6.656726339932762,0.7459409000002779
highdim_poly2,Quadratic,20,cuda,NVIDIA GeForce RTX 4070 Ti SUPER,1,0,10000,7500,2500,"128,64,32",tanh,1000,2,True,270,271,0.05,375,500,2,1375,0.009210539183342064,0.0054206121944695845,0.004341561072925137,0.0030030017643922547,0.04223448804680301,0.023548872682747857,0.00464661345774828,0.004614967341432241,0.004823919614278997,0.003131875948633145,0.0030441511248047066,0.0032039590795835725,6.565047589970385,4.11491982296218,1.1936908000002404
highdim_poly2,Quadratic,20,cuda,NVIDIA GeForce RTX 4070 Ti SUPER,1,0,10000,7500,2500,"128,64,32",tanh,1000,2,True,270,271,0.05,375,500,3,1875,0.009210539183342064,0.0052991191159519144,0.0041771426094626704,0.0027686033379572604,0.04223448804680301,0.023548872682747857,0.004439334267768793,0.004338027609917045,0.004480418144955858,0.003029102162522381,0.002965011721665603,0.003069008211588261,5.906103088693518,8.599869221584761,2.2830265000002328
highdim_poly2,Quadratic,20,cuda,NVIDIA GeForce RTX 4070 Ti SUPER,1,0,10000,7500,2500,"128,64,32",tanh,1000,2,True,270,271,0.05,375,500,4,2375,0.009210539183342064,0.0052508631594815934,0.004142990106498141,0.0030406997536488673,0.04223448804680301,0.023548872682747857,0.00427049480450798,0.004266381937417015,0.00428342774518079,0.0028999773365659767,0.0028386097525375784,0.0029379194338392004,2.985712519196686,-4.8525350632404525,3.1349183000002085
highdim_poly2,Quadratic,20,cuda,NVIDIA GeForce RTX 4070 Ti SUPER,1,0,10000,7500,2500,"128,64,32",tanh,1000,2,True,270,271,0.05,375,500,5,2875,0.009210539183342064,0.005206669105689109,0.004094532364990683,0.0030987772073516728,0.04223448804680301,0.023548872682747857,0.004230282325781204,0.004183082424883616,0.004255372594105553,0.0029774417426960778,0.002933531420097586,0.003094465056058364,3.20900475042058,-4.075158311770211,4.051134400000137
highdim_poly2,Quadratic,20,cuda,NVIDIA GeForce RTX 4070 Ti SUPER,1,0,10000,7500,2500,"128,64,32",tanh,1000,2,True,270,271,0.1,750,500,0,750,0.009210539183342064,0.006422463797067317,0.005451988312605201,0.0036644427539090875,0.00621629099244835,0.003969524226924273,0.0056603273454406645,0.005491052109880393,0.0058041030742423715,0.003962280071627734,0.003840338052213239,0.004169322423010541,3.680688767996405,7.516816386891408,0.29496530000005805
highdim_poly2,Quadratic,20,cuda,NVIDIA GeForce RTX 4070 Ti SUPER,1,0,10000,7500,2500,"128,64,32",tanh,1000,2,True,270,271,0.1,750,500,1,1250,0.009210539183342064,0.0054950010575096145,0.0044220063415688435,0.0029411492502405667,0.00621629099244835,0.003969524226924273,0.004756456051613834,0.004729901333172162,0.004793185847014379,0.003247740897925968,0.003163972129679566,0.0033833411752910384,7.031489546329642,9.440151087212435,0.7053498000000218
highdim_poly2,Quadratic,20,cuda,NVIDIA GeForce RTX 4070 Ti SUPER,1,0,10000,7500,2500,"128,64,32",tanh,1000,2,True,270,271,0.1,750,500,2,1750,0.009210539183342064,0.005317650623342756,0.004250862139526812,0.0029096257859818984,0.00621629099244835,0.003969524226924273,0.004457881205556763,0.004391112155288226,0.0044867384857598,0.0029812587782009057,0.002933947156152739,0.0030024450915315895,4.643889248818493,2.4027767311845216,1.4706516000001102
highdim_poly2,Quadratic,20,cuda,NVIDIA GeForce RTX 4070 Ti SUPER,1,0,10000,7500,2500,"128,64,32",tanh,1000,2,True,270,271,0.1,750,500,3,2250,0.009210539183342064,0.005226684047885119,0.0041518659384639535,0.003087186595427987,0.00621629099244835,0.003969524226924273,0.004316740743191562,0.0042762065926549115,0.004363715285824833,0.002908778826742383,0.0028317990695422347,0.0030613352270677844,3.819428002194746,-6.133425032023048,2.2112198999998327
highdim_poly2,Quadratic,20,cuda,NVIDIA GeForce RTX 4070 Ti SUPER,1,0,10000,7500,2500,"128,64,32",tanh,1000,2,True,270,271,0.1,750,500,4,2750,0.009210539183342064,0.005219489587604999,0.0041114997030025765,0.002772570315649455,0.00621629099244835,0.003969524226924273,0.004226826669477232,0.004205805933063204,0.004270047179289681,0.002908960492102126,0.002809415541512684,0.0030013424472927017,2.728452702057896,4.688622510445647,3.0936603999998624
highdim_poly2,Quadratic,20,cuda,NVIDIA GeForce RTX 4070 Ti SUPER,1,0,10000,7500,2500,"128,64,32",tanh,1000,2,True,270,271,0.1,750,500,5,3250,0.009210539183342064,0.0051955882251498,0.0040891778462758014,0.0027287386692157823,0.00621629099244835,0.003969524226924273,0.0041557606638308025,0.004147265824569621,0.004170520026401472,0.0028938393102086487,0.0027775657848209206,0.002938944136650585,1.602181235663958,5.705245637186487,4.061526999999842
highdim_poly2,Quadratic,20,cuda,NVIDIA GeForce RTX 4070 Ti SUPER,1,1,10000,7500,2500,"128,64,32",tanh,1000,2,True,270,271,0.05,375,500,0,375,0.009062854825426493,0.014206291140750154,0.01282488779558135,0.008635258357938994,0.03202412604526551,0.017526438827524582,0.013271890815038805,0.012313053338251886,0.014789220288956427,0.008978758787030697,0.00823034480802161,0.009862898832052349,3.368043225242199,3.8257006033826175,0.43793700000014724
highdim_poly2,Quadratic,20,cuda,NVIDIA GeForce RTX 4070 Ti SUPER,1,1,10000,7500,2500,"128,64,32",tanh,1000,2,True,270,271,0.05,375,500,1,875,0.009062854825426493,0.005648853515833034,0.004597908797978425,0.0031188683957201536,0.03202412604526551,0.017526438827524582,0.005292320930507612,0.005162951425657133,0.0054225865128869725,0.0035300284567585547,0.003351772844898442,0.0036322604924763336,13.121126659689972,11.647499901911512,0.7459530000000996
highdim_poly2,Quadratic,20,cuda,NVIDIA GeForce RTX 4070 Ti SUPER,1,1,10000,7500,2500,"128,64,32",tanh,1000,2,True,270,271,0.05,375,500,2,1375,0.009062854825426493,0.005331647111246519,0.004308866469187915,0.0029809545795779603,0.03202412604526551,0.017526438827524582,0.004590623348146767,0.004523406865142052,0.004707524346270958,0.003070444471123493,0.0029958539996515284,0.0031694078587221324,6.137660565696318,2.9145582141984723,1.2134289999999055
highdim_poly2,Quadratic,20,cuda,NVIDIA GeForce RTX 4070 Ti SUPER,1,1,10000,7500,2500,"128,64,32",tanh,1000,2,True,270,271,0.05,375,500,3,1875,0.009062854825426493,0.0052316828916345315,0.004193622240650371,0.0025998099461995447,0.03202412604526551,0.017526438827524582,0.0043758139070922165,0.004277119104012154,0.004421844351828682,0.0030423695830931775,0.0029901038892928,0.003096901486779902,4.163606366956174,14.54654422503404,1.9877102000000377
highdim_poly2,Quadratic,20,cuda,NVIDIA GeForce RTX 4070 Ti SUPER,1,1,10000,7500,2500,"128,64,32",tanh,1000,2,True,270,271,0.05,375,500,4,2375,0.009062854825426493,0.005239646401347244,0.004167111138805392,0.0028745248268514044,0.03202412604526551,0.017526438827524582,0.004227665102971718,0.0042182780464513035,0.004258790823600946,0.002914541765876105,0.0028515712036635936,0.002962869623494494,1.4323264187544464,1.373009626872558,2.696260700000039
highdim_poly2,Quadratic,20,cuda,NVIDIA GeForce RTX 4070 Ti SUPER,1,1,10000,7500,2500,"128,64,32",tanh,1000,2,True,270,271,0.05,375,500,5,2875,0.009062854825426493,0.005201177105997253,0.0041009236081470815,0.0028991326444783895,0.03202412604526551,0.017526438827524582,0.004163785636095617,0.00414817421672668,0.004179740199957108,0.0028586750516677653,0.0028078202954656037,0.002951268127163225,1.5097325713309548,-1.4152567913243945,3.499250800000027
highdim_poly2,Quadratic,20,cuda,NVIDIA GeForce RTX 4070 Ti SUPER,1,1,10000,7500,2500,"128,64,32",tanh,1000,2,True,270,271,0.1,750,500,0,750,0.009062854825426493,0.006865646632417306,0.005745836854523286,0.004379100592796241,0.006744343765809752,0.004167712471612448,0.005712130243022889,0.005507439140790704,0.005850088548440108,0.0037792686353135393,0.003728632506799019,0.0039987899019812,-0.5900882869673354,-15.871641192104306,0.29091749999997774
highdim_poly2,Quadratic,20,cuda,NVIDIA GeForce RTX 4070 Ti SUPER,1,1,10000,7500,2500,"128,64,32",tanh,1000,2,True,270,271,0.1,750,500,1,1250,0.009062854825426493,0.005519651998410533,0.004483382345919702,0.0029596845864699518,0.006744343765809752,0.004167712471612448,0.004767955735861492,0.004727023807139647,0.004877791543610708,0.0032762386572374926,0.0032408806676821078,0.0034278079858921584,5.968457043370027,9.662118785768117,0.7072063999999045
highdim_poly2,Quadratic,20,cuda,NVIDIA GeForce RTX 4070 Ti SUPER,1,1,10000,7500,2500,"128,64,32",tanh,1000,2,True,270,271,0.1,750,500,2,1750,0.009062854825426493,0.005301292260665321,0.004246570168026222,0.003169353897950888,0.006744343765809752,0.004167712471612448,0.004429923616683576,0.004409192524403323,0.004519523262799644,0.003083397773483549,0.0030099187803810717,0.003121418209696453,4.138975398285086,-2.7877079372158957,1.4447026999996524
highdim_poly2,Quadratic,20,cuda,NVIDIA GeForce RTX 4070 Ti SUPER,1,1,10000,7500,2500,"128,64,32",tanh,1000,2,True,270,271,0.1,750,500,3,2250,0.009062854825426493,0.005259363696531271,0.004158604254516239,0.002794808350998474,0.006744343765809752,0.004167712471612448,0.004263041168268188,0.004188498342231839,0.004337132822763717,0.0028671436704394474,0.0028325120620135156,0.002965020698416274,2.449821843835857,2.5229052937513448,2.278102299999773
highdim_poly2,Quadratic,20,cuda,NVIDIA GeForce RTX 4070 Ti SUPER,1,1,10000,7500,2500,"128,64,32",tanh,1000,2,True,270,271,0.1,750,500,4,2750,0.009062854825426493,0.005228562887671876,0.004125556443209352,0.002874517399256417,0.006744343765809752,0.004167712471612448,0.004198170339710439,0.004154722485591299,0.004220296201799105,0.0027875156870087927,0.0027713768122005857,0.002889982970294586,1.729655793483009,-3.1211200946095308,3.0862896999997247
highdim_poly2,Quadratic,20,cuda,NVIDIA GeForce RTX 4070 Ti SUPER,1,1,10000,7500,2500,"128,64,32",tanh,1000,2,True,270,271,0.1,750,500,5,3250,0.009062854825426493,0.005211010458968759,0.0040934709726248774,0.0028544671686294553,0.006744343765809752,0.004167712471612448,0.004133346598446344,0.004113052361600976,0.0041756520930091795,0.002857712380008787,0.002807553456179223,0.0029530410268371076,0.9647297866686345,0.11355976206821201,3.9550798000000214
highdim_poly2,Quadratic,20,cuda,NVIDIA GeForce RTX 4070 Ti SUPER,2,0,10000,7500,2500,"128,64,32",tanh,1000,2,True,270,271,0.05,375,500,0,375,0.007981895241869395,0.011604332571257606,0.012188218615157245,0.007530653874834402,0.0362773320534157,0.015715394522236945,0.011287002402446806,0.010744734299316898,0.011822284463971313,0.006944091347930366,0.006387349235649114,0.007441205466999739,-7.984548780773475,-8.446929879153393,0.40191500000037195
highdim_poly2,Quadratic,20,cuda,NVIDIA GeForce RTX 4070 Ti SUPER,2,0,10000,7500,2500,"128,64,32",tanh,1000,2,True,270,271,0.05,375,500,1,875,0.007981895241869395,0.004630768055280643,0.004691999062886309,0.0030724032784540034,0.0362773320534157,0.015715394522236945,0.0050652311665299425,0.004964081013110154,0.005263268703734163,0.003338333047004916,0.003297086128725121,0.003395457144790048,7.368510762349379,7.965944823554964,0.7808786000000509
highdim_poly2,Quadratic,20,cuda,NVIDIA GeForce RTX 4070 Ti SUPER,2,0,10000,7500,2500,"128,64,32",tanh,1000,2,True,270,271,0.05,375,500,2,1375,0.007981895241869395,0.004413598430924131,0.004277425716876382,0.0027696122503233513,0.0362773320534157,0.015715394522236945,0.004449737448030357,0.004410458215694276,0.004476128989714228,0.002964785316976533,0.0029323434397555523,0.0030421162118294187,3.8724022072414193,6.583042135820399,1.2822791000003235
highdim_poly2,Quadratic,20,cuda,NVIDIA GeForce RTX 4070 Ti SUPER,2,0,10000,7500,2500,"128,64,32",tanh,1000,2,True,270,271,0.05,375,500,3,1875,0.007981895241869395,0.004274984151308106,0.004076366706651629,0.0024599606473390007,0.0362773320534157,0.015715394522236945,0.0042204022075915055,0.004189329547409822,0.004298719754834876,0.002755774265969283,0.0026604333005404712,0.0029399486040916863,3.4128382522592373,10.734319653218632,2.127615800000058
highdim_poly2,Quadratic,20,cuda,NVIDIA GeForce RTX 4070 Ti SUPER,2,0,10000,7500,2500,"128,64,32",tanh,1000,2,True,270,271,0.05,375,500,4,2375,0.007981895241869395,0.00424040040595313,0.004045557077242714,0.002629471412043751,0.0362773320534157,0.015715394522236945,0.004166383156428314,0.0041394513075539196,0.004186073198701191,0.002701749098289262,0.002657662131531523,0.002843820157603469,2.9000232251605906,2.675218298075008,2.838290600000164
highdim_poly2,Quadratic,20,cuda,NVIDIA GeForce RTX 4070 Ti SUPER,2,0,10000,7500,2500,"128,64,32",tanh,1000,2,True,270,271,0.05,375,500,5,2875,0.007981895241869395,0.00420933554996347,0.003989334256821231,0.0026745058908023527,0.0362773320534157,0.015715394522236945,0.004058385559231714,0.004006938511830609,0.004077343450872625,0.0026827424822188635,0.0026039532099415962,0.0027534669169103788,1.701447568317177,0.30702132131960874,3.625598400000399
highdim_poly2,Quadratic,20,cuda,NVIDIA GeForce RTX 4070 Ti SUPER,2,0,10000,7500,2500,"128,64,32",tanh,1000,2,True,270,271,0.1,750,500,0,750,0.007981895241869395,0.005644438295830875,0.005898806050210638,0.0038556032551713944,0.004715138804912331,0.002949078912428579,0.005428180318884242,0.005244845693187861,0.00563076484463117,0.00361075238309384,0.00351326243744614,0.0037804297364342453,-8.670046013193838,-6.781159329118992,0.31541280000010374
highdim_poly2,Quadratic,20,cuda,NVIDIA GeForce RTX 4070 Ti SUPER,2,0,10000,7500,2500,"128,64,32",tanh,1000,2,True,270,271,0.1,750,500,1,1250,0.007981895241869395,0.004485797190696895,0.004357157733027763,0.002882772433579323,0.004715138804912331,0.002949078912428579,0.004679979993660121,0.004648428384222634,0.004743967562129605,0.003144195164832462,0.0030245742239926416,0.003225310290587697,6.897941039698443,8.314456245500553,0.7181462000003194
highdim_poly2,Quadratic,20,cuda,NVIDIA GeForce RTX 4070 Ti SUPER,2,0,10000,7500,2500,"128,64,32",tanh,1000,2,True,270,271,0.1,750,500,2,1750,0.007981895241869395,0.004302301691826194,0.004183495177196319,0.002598262919101105,0.004715138804912331,0.002949078912428579,0.004342610465891352,0.00429493490554454,0.004414458748678843,0.002878239086744461,0.00284929754165466,0.002937607532291288,3.6640470045561226,9.727342281354158,1.4741825000000972
highdim_poly2,Quadratic,20,cuda,NVIDIA GeForce RTX 4070 Ti SUPER,2,0,10000,7500,2500,"128,64,32",tanh,1000,2,True,270,271,0.1,750,500,3,2250,0.007981895241869395,0.004219531454815919,0.004065058769578629,0.0026204811603110748,0.004715138804912331,0.002949078912428579,0.004191031968889824,0.0041710809108409085,0.004211584299706103,0.002695259056111958,0.0026320716643032545,0.00272152045689021,3.0057799665165597,2.7744233205083493,2.359677500000089
highdim_poly2,Quadratic,20,cuda,NVIDIA GeForce RTX 4070 Ti SUPER,2,0,10000,7500,2500,"128,64,32",tanh,1000,2,True,270,271,0.1,750,500,4,2750,0.007981895241869395,0.004187532150781507,0.00403270264000375,0.002443494785892924,0.004715138804912331,0.002949078912428579,0.004088442919816327,0.004079672350492644,0.004121234665566409,0.002693566829204734,0.002627972160271949,0.002736422138883243,1.3633620648684803,9.284048221875482,3.1385433000000376
highdim_poly2,Quadratic,20,cuda,NVIDIA GeForce RTX 4070 Ti SUPER,2,0,10000,7500,2500,"128,64,32",tanh,1000,2,True,270,271,0.1,750,500,5,3250,0.007981895241869395,0.004153993351773212,0.00395134986079849,0.0025318493422852,0.004715138804912331,0.002949078912428579,0.004039191776112613,0.003992274028015937,0.0040724855136340795,0.0027160189864954692,0.002607996611065859,0.0028489157062460304,2.174739903007617,6.780867332886617,4.1497040000003835
highdim_poly2,Quadratic,20,cuda,NVIDIA GeForce RTX 4070 Ti SUPER,2,1,10000,7500,2500,"128,64,32",tanh,1000,2,True,270,271,0.05,375,500,0,375,0.007373621389515796,0.009362204415682203,0.008808569823169587,0.005617163462252411,0.03994835383282079,0.022822556969212312,0.009881948911819866,0.008907242106756093,0.010473188622332465,0.006140087753264698,0.005477831930414981,0.006363705644280801,10.862018193257438,8.516560544826847,0.38345069999968473
highdim_poly2,Quadratic,20,cuda,NVIDIA GeForce RTX 4070 Ti SUPER,2,1,10000,7500,2500,"128,64,32",tanh,1000,2,True,270,271,0.05,375,500,1,875,0.007373621389515796,0.004574283364295905,0.003824508910497377,0.0025048492152695513,0.03994835383282079,0.022822556969212312,0.004233501664979779,0.00407004557753151,0.00431354731698509,0.002690651635618329,0.0026167913727830924,0.0028271877018386073,9.660862020337856,6.905480363535765,0.6995929999998225
highdim_poly2,Quadratic,20,cuda,NVIDIA GeForce RTX 4070 Ti SUPER,2,1,10000,7500,2500,"128,64,32",tanh,1000,2,True,270,271,0.05,375,500,2,1375,0.007373621389515796,0.004322726581580457,0.0035856353244695244,0.0025245278504740145,0.03994835383282079,0.022822556969212312,0.0037526973209019996,0.003737039928615637,0.003772854868172794,0.0024247268027016455,0.0023867828743417766,0.002510034171486197,4.45178446718746,-4.115970824472682,1.1376310000000558
highdim_poly2,Quadratic,20,cuda,NVIDIA GeForce RTX 4070 Ti SUPER,2,1,10000,7500,2500,"128,64,32",tanh,1000,2,True,270,271,0.05,375,500,3,1875,0.007373621389515796,0.0042704470058777776,0.0034993938938991894,0.00220023441730383,0.03994835383282079,0.022822556969212312,0.003536741111932589,0.00349339721706884,0.0036188938569096723,0.002394119332709814,0.0022804276424669098,0.002498681632661807,1.0559782820233583,8.098381428069112,1.8857106000000385
highdim_poly2,Quadratic,20,cuda,NVIDIA GeForce RTX 4070 Ti SUPER,2,1,10000,7500,2500,"128,64,32",tanh,1000,2,True,270,271,0.05,375,500,4,2375,0.007373621389515796,0.004203988575931907,0.0034098824942252015,0.002137727440871794,0.03994835383282079,0.022822556969212312,0.0034912554074286763,0.003453447364730538,0.0035423832520455343,0.0023381701973071473,0.0022988316976007062,0.0023728361298754894,2.3307636854734226,8.572633278201984,2.6234552000000804
highdim_poly2,Quadratic,20,cuda,NVIDIA GeForce RTX 4070 Ti SUPER,2,1,10000,7500,2500,"128,64,32",tanh,1000,2,True,270,271,0.05,375,500,5,2875,0.007373621389515796,0.004175364081471483,0.0033459557312878973,0.0022347414267964135,0.03994835383282079,0.022822556969212312,0.003422725011768062,0.0034016414907382716,0.0034514407854933,0.002291697815422259,0.0021987829149792085,0.0023444967957670622,2.2429286669602564,2.48533590434788,3.3522564999998394
highdim_poly2,Quadratic,20,cuda,NVIDIA GeForce RTX 4070 Ti SUPER,2,1,10000,7500,2500,"128,64,32",tanh,1000,2,True,270,271,0.1,750,500,0,750,0.007373621389515796,0.0053398268622943945,0.004709185107204261,0.00331325790066706,0.004107316113895949,0.0025663469017229157,0.004828456963939132,0.004549101030274729,0.004932875919100137,0.0032774694771964515,0.003026423555028419,0.0033439433052083753,2.470185767951144,-1.0919529142715914,0.3076669000001857
highdim_poly2,Quadratic,20,cuda,NVIDIA GeForce RTX 4070 Ti SUPER,2,1,10000,7500,2500,"128,64,32",tanh,1000,2,True,270,271,0.1,750,500,1,1250,0.007373621389515796,0.004457546690536865,0.0036744194521902314,0.0023562365332696882,0.004107316113895949,0.0025663469017229157,0.003933786637094258,0.0038589949318631406,0.003976529833651728,0.0026217775928325765,0.0025850466158460336,0.002707381645547992,6.593321113511428,10.128283203305468,0.7141068000000814
highdim_poly2,Quadratic,20,cuda,NVIDIA GeForce RTX 4070 Ti SUPER,2,1,10000,7500,2500,"128,64,32",tanh,1000,2,True,270,271,0.1,750,500,2,1750,0.007373621389515796,0.004268382553909661,0.0035426445666314273,0.0024326547213764254,0.004107316113895949,0.0025663469017229157,0.00365050176737273,0.0035667620843470647,0.0036978697026707804,0.002533260895827635,0.0024157968597322155,0.002604539195767394,2.954585632728722,3.9714099174274278,1.3955954000002748
highdim_poly2,Quadratic,20,cuda,NVIDIA GeForce RTX 4070 Ti SUPER,2,1,10000,7500,2500,"128,64,32",tanh,1000,2,True,270,271,0.1,750,500,3,2250,0.007373621389515796,0.004192902811957838,0.0034040792664164266,0.0022134180488630694,0.004107316113895949,0.0025663469017229157,0.003496821818504734,0.0034335918761709233,0.0035229811989190498,0.0022958664123890757,0.002250531769925236,0.0023618373550100503,2.652195533599266,3.5911655434782315,2.0806197000001703
highdim_poly2,Quadratic,20,cuda,NVIDIA GeForce RTX 4070 Ti SUPER,2,1,10000,7500,2500,"128,64,32",tanh,1000,2,True,270,271,0.1,750,500,4,2750,0.007373621389515796,0.004176889808717749,0.0033647412717012536,0.0021097597923634545,0.004107316113895949,0.0025663469017229157,0.0034156919245586317,0.0033760154520822757,0.0034353958024937233,0.0021661230846049097,0.0021292932628874882,0.002249355580953117,1.4916641776457,2.602035527991967,2.8651205000001028
highdim_poly2,Quadratic,20,cuda,NVIDIA GeForce RTX 4070 Ti SUPER,2,1,10000,7500,2500,"128,64,32",tanh,1000,2,True,270,271,0.1,750,500,5,3250,0.007373621389515796,0.004144726683015851,0.0033137296527251557,0.0021170986648619905,0.004107316113895949,0.0025663469017229157,0.003370229945036082,0.0033214786462500857,0.003394225137971722,0.0021555121022850936,0.0021205579402932616,0.002226552319465741,1.676452148143309,1.7821026095089143,3.6403291000001445
highdim_smooth,Smooth,20,cuda,NVIDIA GeForce RTX 4070 Ti SUPER,0,0,10000,7500,2500,"128,64,32",tanh,1000,2,True,270,271,0.05,375,500,0,375,0.001870976515742627,0.0025205878333444645,0.002170175563768354,0.001441629831939531,0.006724308266725595,0.003622243798187697,0.0021248470036504576,0.002028948224346636,0.002278249294959496,0.0014479714276954547,0.0013509211021356198,0.0015268205849927913,-2.1332623026515574,0.4379641500258626,0.4438964999999371
highdim_smooth,Smooth,20,cuda,NVIDIA GeForce RTX 4070 Ti SUPER,0,0,10000,7500,2500,"128,64,32",tanh,1000,2,True,270,271,0.05,375,500,1,875,0.001870976515742627,0.0013377000540833667,0.0008968773129608062,0.0005996564432474495,0.006724308266725595,0.003622243798187697,0.0009709190579844921,0.0009537331664462646,0.000988936003796217,0.0006755151361363166,0.0006636510106799169,0.0006838863848158376,7.625944141768875,11.22975472063428,0.8147351000002345
highdim_smooth,Smooth,20,cuda,NVIDIA GeForce RTX 4070 Ti SUPER,0,0,10000,7500,2500,"128,64,32",tanh,1000,2,True,270,271,0.05,375,500,2,1375,0.001870976515742627,0.0012659968593305645,0.0008120183317873383,0.0005610851183380075,0.006724308266725595,0.003622243798187697,0.0008590373344274998,0.0008406142375342739,0.0008825455582395614,0.0005898692882901034,0.0005656516683727213,0.0006086020376541159,5.473452754122378,4.879753959650055,1.324571399999968
highdim_smooth,Smooth,20,cuda,NVIDIA GeForce RTX 4070 Ti SUPER,0,0,10000,7500,2500,"128,64,32",tanh,1000,2,True,270,271,0.05,375,500,3,1875,0.001870976515742627,0.001245658058476843,0.0007866022019729631,0.0005468884709884307,0.006724308266725595,0.003622243798187697,0.0008175830894284119,0.0008089432210353562,0.0008327053452320712,0.0005495382751043407,0.000531010796245118,0.0005731493619355939,3.7893258625381065,0.48218736272862595,2.213659800000187
highdim_smooth,Smooth,20,cuda,NVIDIA GeForce RTX 4070 Ti SUPER,0,0,10000,7500,2500,"128,64,32",tanh,1000,2,True,270,271,0.05,375,500,4,2375,0.001870976515742627,0.0012305118859979216,0.0007800210272622451,0.0005577490886700127,0.006724308266725595,0.003622243798187697,0.0007893623423417807,0.0007787576852578749,0.000797406064629689,0.0005309996041537618,0.0005174085765434418,0.0005380248961769401,1.183400141919998,-5.03757146088286,3.1509532000000036
highdim_smooth,Smooth,20,cuda,NVIDIA GeForce RTX 4070 Ti SUPER,0,0,10000,7500,2500,"128,64,32",tanh,1000,2,True,270,271,0.05,375,500,5,2875,0.001870976515742627,0.0012138323332756616,0.0007682230741335624,0.0005148941886868498,0.006724308266725595,0.003622243798187697,0.0007724677154961927,0.0007644954131582287,0.0007827554449738241,0.0005352869318077782,0.0005179003541970429,0.0005419886387352628,0.5494911020201945,3.809684471850975,4.058650800000123
highdim_smooth,Smooth,20,cuda,NVIDIA GeForce RTX 4070 Ti SUPER,0,0,10000,7500,2500,"128,64,32",tanh,1000,2,True,270,271,0.1,750,500,0,750,0.001870976515742627,0.001471420684048609,0.001082900400688169,0.000659786620476115,0.000918997282541957,0.000587366933859458,0.0010355478988677649,0.0010051557452021133,0.0010721194252651207,0.0006877472108401091,0.0006626231928609954,0.0007215888175065253,-4.572700294421708,4.0655330800744585,0.330960999999661
highdim_smooth,Smooth,20,cuda,NVIDIA GeForce RTX 4070 Ti SUPER,0,0,10000,7500,2500,"128,64,32",tanh,1000,2,True,270,271,0.1,750,500,1,1250,0.001870976515742627,0.001255439596395368,0.000857028639376587,0.0005884190211430992,0.000918997282541957,0.000587366933859458,0.0008995522482016323,0.0008892545423039358,0.0009098882307129447,0.0006034291534705723,0.000590946993627489,0.0006153835439669399,4.727197215065352,2.4874721814721177,0.8175320999998803
highdim_smooth,Smooth,20,cuda,NVIDIA GeForce RTX 4070 Ti SUPER,0,0,10000,7500,2500,"128,64,32",tanh,1000,2,True,270,271,0.1,750,500,2,1750,0.001870976515742627,0.001230740417626494,0.0007950180264939093,0.000555556530878172,0.000918997282541957,0.000587366933859458,0.0008408458731984795,0.0008320817145643956,0.0008482113519574692,0.0005826373106452057,0.0005604253726083372,0.0005889703944142882,5.4502077212136895,4.6479652559574065,1.6654335999996874
highdim_smooth,Smooth,20,cuda,NVIDIA GeForce RTX 4070 Ti SUPER,0,0,10000,7500,2500,"128,64,32",tanh,1000,2,True,270,271,0.1,750,500,3,2250,0.001870976515742627,0.0012297162064450443,0.0007787862734860824,0.0005098259680986427,0.000918997282541957,0.000587366933859458,0.0008178547393102376,0.000813932143711911,0.0008206018141284183,0.0005734771829950325,0.0005652965515782152,0.0005806701481028601,4.776944357760256,11.099171298144075,2.558813099999952
highdim_smooth,Smooth,20,cuda,NVIDIA GeForce RTX 4070 Ti SUPER,0,0,10000,7500,2500,"128,64,32",tanh,1000,2,True,270,271,0.1,750,500,4,2750,0.001870976515742627,0.0012123457274884725,0.0007745811289367948,0.0005327241352491143,0.000918997282541957,0.000587366933859458,0.0007934565498964613,0.0007857528344854418,0.0007968433749557132,0.000549700615455292,0.0005333448561650245,0.0005585497134138083,2.3788852662605797,3.088313843730529,3.526636999999937
highdim_smooth,Smooth,20,cuda,NVIDIA GeForce RTX 4070 Ti SUPER,0,0,10000,7500,2500,"128,64,32",tanh,1000,2,True,270,271,0.1,750,500,5,3250,0.001870976515742627,0.001204038296720066,0.0007627483774267592,0.0005169994833621958,0.000918997282541957,0.000587366933859458,0.0007809751898184862,0.000777697713063787,0.000783316030430926,0.0005179443656894789,0.000507839830271163,0.0005472217440518961,2.333852935323499,0.18242930899060286,4.606346899999608
highdim_smooth,Smooth,20,cuda,NVIDIA GeForce RTX 4070 Ti SUPER,0,1,10000,7500,2500,"128,64,32",tanh,1000,2,True,270,271,0.05,375,500,0,375,0.00202012286262704,0.0031000138233086426,0.0027851309799574297,0.0017738405793553472,0.007041978855378518,0.00467539780861684,0.002673438244248208,0.002537377915964129,0.002907697712688495,0.0018064024152048546,0.0017195343796217123,0.0019613202767679245,-4.17786855370698,1.8025792910498706,0.43758089999982985
highdim_smooth,Smooth,20,cuda,NVIDIA GeForce RTX 4070 Ti SUPER,0,1,10000,7500,2500,"128,64,32",tanh,1000,2,True,270,271,0.05,375,500,1,875,0.00202012286262704,0.0014026922151819854,0.0011277984824321027,0.0007811267799696618,0.007041978855378518,0.00467539780861684,0.0011969701002296986,0.0011802282754198414,0.0012293792739899642,0.0008142766628555164,0.0007920959435778793,0.0008478850096872415,5.77889270453137,4.071083502455313,0.7894123000000945
highdim_smooth,Smooth,20,cuda,NVIDIA GeForce RTX 4070 Ti SUPER,0,1,10000,7500,2500,"128,64,32",tanh,1000,2,True,270,271,0.05,375,500,2,1375,0.00202012286262704,0.0012860436279824002,0.0010200927599088995,0.0006946683703554954,0.007041978855378518,0.00467539780861684,0.0010639631501009128,0.0010471640214563347,0.0010779807964174603,0.0007060876012308726,0.0006953326206608277,0.000715457751408747,4.123299776674823,1.6172541275998742,1.2959084999997685
highdim_smooth,Smooth,20,cuda,NVIDIA GeForce RTX 4070 Ti SUPER,0,1,10000,7500,2500,"128,64,32",tanh,1000,2,True,270,271,0.05,375,500,3,1875,0.00202012286262704,0.0012579888177119546,0.0009838219021940946,0.0006452507906410115,0.007041978855378518,0.00467539780861684,0.0010044882683537904,0.0009957241248966671,0.0010188529976760622,0.0006820675815904418,0.0006710810378531685,0.0006875451040583053,2.0574024416994887,5.397821556564973,2.2109950999997636
highdim_smooth,Smooth,20,cuda,NVIDIA GeForce RTX 4070 Ti SUPER,0,1,10000,7500,2500,"128,64,32",tanh,1000,2,True,270,271,0.05,375,500,4,2375,0.00202012286262704,0.0012390214833661111,0.0009647447772136007,0.0005992249861858354,0.007041978855378518,0.00467539780861684,0.0009829495767096244,0.0009757457344428316,0.0009907679978814713,0.0006615688337010741,0.0006260785701747259,0.0007023852208929587,1.8520583280541598,9.42363732077021,3.1390723999998045
highdim_smooth,Smooth,20,cuda,NVIDIA GeForce RTX 4070 Ti SUPER,0,1,10000,7500,2500,"128,64,32",tanh,1000,2,True,270,271,0.05,375,500,5,2875,0.00202012286262704,0.0012275482532787304,0.0009524550879915575,0.0006354573842289322,0.007041978855378518,0.00467539780861684,0.0009687327528711074,0.0009647112029413927,0.0009741094593581976,0.0006410169690323468,0.0006362380017587893,0.0006567662067497848,1.68030499963035,0.8673069625297325,4.063566599999831
highdim_smooth,Smooth,20,cuda,NVIDIA GeForce RTX 4070 Ti SUPER,0,1,10000,7500,2500,"128,64,32",tanh,1000,2,True,270,271,0.1,750,500,0,750,0.00202012286262704,0.0014868322472099925,0.0012737763367104966,0.0007583082526642157,0.0010787699899110087,0.0006588489175492502,0.0012992361731864405,0.0012762419783682697,0.0013474215511480232,0.0008549393840901211,0.0008473315889537257,0.0008768785206631041,1.9596003406757356,11.302688029601796,0.3311893999998574
highdim_smooth,Smooth,20,cuda,NVIDIA GeForce RTX 4070 Ti SUPER,0,1,10000,7500,2500,"128,64,32",tanh,1000,2,True,270,271,0.1,750,500,1,1250,0.00202012286262704,0.001281224835611672,0.0010648138912622259,0.0007299058732197445,0.0010787699899110087,0.0006588489175492502,0.001094669428234751,0.0010868485479249457,0.0011109381491358915,0.0007102302773162188,0.00070258487980103,0.0007320272188278143,2.7273564240000514,-2.770312183518125,0.8039613000000827
highdim_smooth,Smooth,20,cuda,NVIDIA GeForce RTX 4070 Ti SUPER,0,1,10000,7500,2500,"128,64,32",tanh,1000,2,True,270,271,0.1,750,500,2,1750,0.00202012286262704,0.0012520109074034636,0.0010073934340336331,0.0007261906330588045,0.0010787699899110087,0.0006588489175492502,0.0010365575956712944,0.0010282212401643424,0.001041885572675793,0.0007048198627365599,0.0006983466637853533,0.0007233233725110084,2.813559203989435,-3.032089680229736,1.7798382999999376
highdim_smooth,Smooth,20,cuda,NVIDIA GeForce RTX 4070 Ti SUPER,0,1,10000,7500,2500,"128,64,32",tanh,1000,2,True,270,271,0.1,750,500,3,2250,0.00202012286262704,0.0012468484733601651,0.000988206480245906,0.0006770382499037087,0.0010787699899110087,0.0006588489175492502,0.0010036384209766588,0.0009959730552015415,0.0010099233716088366,0.0006701632891632546,0.000660059616038633,0.0006871397123523306,1.5375996382975992,-1.025863524848979,2.748334899999918
highdim_smooth,Smooth,20,cuda,NVIDIA GeForce RTX 4070 Ti SUPER,0,1,10000,7500,2500,"128,64,32",tanh,1000,2,True,270,271,0.1,750,500,4,2750,0.00202012286262704,0.0012295495511126034,0.0009638777077010831,0.0006131888155467835,0.0010787699899110087,0.0006588489175492502,0.0009749199119027637,0.0009730348497082486,0.0009847449881902957,0.0006633731711308574,0.0006434069578262573,0.0006697401404053363,1.1326268000957507,7.56502640866893,4.107482399999753
highdim_smooth,Smooth,20,cuda,NVIDIA GeForce RTX 4070 Ti SUPER,0,1,10000,7500,2500,"128,64,32",tanh,1000,2,True,270,271,0.1,750,500,5,3250,0.00202012286262704,0.001224853456897875,0.0009565075246094006,0.00066066900889853,0.0010787699899110087,0.0006588489175492502,0.0009645163647236636,0.0009566695418806059,0.000971935711422561,0.0006626631060700779,0.0006363435201970823,0.0006780854413713511,0.8303477688071716,0.30092171320263744,5.54201699999976
highdim_smooth,Smooth,20,cuda,NVIDIA GeForce RTX 4070 Ti SUPER,1,0,10000,7500,2500,"128,64,32",tanh,1000,2,True,270,271,0.05,375,500,0,375,0.002561489528667711,0.004084596530475148,0.004076651458144792,0.0026619911353752243,0.01491804778919332,0.008511726258696797,0.0031629551802066854,0.002948220570190487,0.0034100386761173056,0.002091572896491864,0.0019699418207114973,0.002218538005766483,-28.887424129683694,-27.272214123643817,0.43119260000003123
highdim_smooth,Smooth,20,cuda,NVIDIA GeForce RTX 4070 Ti SUPER,1,0,10000,7500,2500,"128,64,32",tanh,1000,2,True,270,271,0.05,375,500,1,875,0.002561489528667711,0.0016037371283378603,0.0013542952261907098,0.0008405440393086141,0.01491804778919332,0.008511726258696797,0.001548498135278944,0.0015003835732764327,0.0016298878349547226,0.0010109481137499285,0.0009252774885614857,0.0010919199499757975,12.541371840480187,16.855867489502643,0.7582269999998061
highdim_smooth,Smooth,20,cuda,NVIDIA GeForce RTX 4070 Ti SUPER,1,0,10000,7500,2500,"128,64,32",tanh,1000,2,True,270,271,0.05,375,500,2,1375,0.002561489528667711,0.001517124709858695,0.0012439273733318653,0.0008493187993188834,0.01491804778919332,0.008511726258696797,0.0013768862587079185,0.0013748172759753291,0.001384739185745806,0.000882730704858788,0.0008469871035616529,0.0009312034310944186,9.656490108400302,3.7850621209839455,1.2248927999999069
highdim_smooth,Smooth,20,cuda,NVIDIA GeForce RTX 4070 Ti SUPER,1,0,10000,7500,2500,"128,64,32",tanh,1000,2,True,270,271,0.05,375,500,3,1875,0.002561489528667711,0.0014777630487069913,0.0012147023761815475,0.0007812234141804405,0.01491804778919332,0.008511726258696797,0.0012649422674226986,0.0012536938244551356,0.0012846530017026846,0.000842786636367839,0.0008239260731784366,0.0008453597025121498,3.971714167122751,7.304722159895378,2.163024399999813
highdim_smooth,Smooth,20,cuda,NVIDIA GeForce RTX 4070 Ti SUPER,1,0,10000,7500,2500,"128,64,32",tanh,1000,2,True,270,271,0.05,375,500,4,2375,0.002561489528667711,0.0014672793557085656,0.0011958018465995839,0.0007818914597687512,0.01491804778919332,0.008511726258696797,0.0012541621887820122,0.001248360469520889,0.0012630653037985868,0.0008391232016321821,0.0008214743975543135,0.0008529132752785522,4.65333293448317,6.820421810779294,3.1191109999999753
highdim_smooth,Smooth,20,cuda,NVIDIA GeForce RTX 4070 Ti SUPER,1,0,10000,7500,2500,"128,64,32",tanh,1000,2,True,270,271,0.05,375,500,5,2875,0.002561489528667711,0.0014569138164555624,0.0011844208725149943,0.000795693931650714,0.01491804778919332,0.008511726258696797,0.0012374140851118115,0.0012294645347569494,0.0012489843046669066,0.0007621200767277535,0.0007365183788776036,0.000793385164441464,4.282577128740924,-4.405323511107797,4.154539399999976
highdim_smooth,Smooth,20,cuda,NVIDIA GeForce RTX 4070 Ti SUPER,1,0,10000,7500,2500,"128,64,32",tanh,1000,2,True,270,271,0.1,750,500,0,750,0.002561489528667711,0.0018750626912156867,0.0016122200296581398,0.0011356668694114712,0.0015070859105519292,0.0009332182781855977,0.0016510322469597898,0.0016136642675640073,0.0017254190984785339,0.0010927561606941386,0.0010090152983834415,0.0011774815546367937,2.3507849330695287,-3.9268329258445855,0.3169340000004013
highdim_smooth,Smooth,20,cuda,NVIDIA GeForce RTX 4070 Ti SUPER,1,0,10000,7500,2500,"128,64,32",tanh,1000,2,True,270,271,0.1,750,500,1,1250,0.002561489528667711,0.0015355068791306956,0.0012743441854647635,0.000958256818151546,0.0015070859105519292,0.0009332182781855977,0.0013669984198452921,0.00136148551467683,0.0013780228915572642,0.0008827077934830351,0.0008198239920687839,0.0009267182846695512,6.777932807780028,-8.558780745597087,0.7283280000001469
highdim_smooth,Smooth,20,cuda,NVIDIA GeForce RTX 4070 Ti SUPER,1,0,10000,7500,2500,"128,64,32",tanh,1000,2,True,270,271,0.1,750,500,2,1750,0.002561489528667711,0.001478803756919368,0.0012251426906640212,0.000835857769609044,0.0015070859105519292,0.0009332182781855977,0.001298510490925282,0.0012820001527079536,0.0013075364659080953,0.000843279703182086,0.0007671239066510942,0.0008613806396720856,5.650150751495357,0.8801271446514807,1.473404500000015
highdim_smooth,Smooth,20,cuda,NVIDIA GeForce RTX 4070 Ti SUPER,1,0,10000,7500,2500,"128,64,32",tanh,1000,2,True,270,271,0.1,750,500,3,2250,0.002561489528667711,0.0014575553212907767,0.0011937761172278484,0.0007286421716336036,0.0015070859105519292,0.0009332182781855977,0.0012543921064055723,0.0012500859715851155,0.0012644051717633814,0.0008499215719208223,0.0008055949273399668,0.0008913924464689016,4.832299953753487,14.26948136086572,2.2176964000000225
highdim_smooth,Smooth,20,cuda,NVIDIA GeForce RTX 4070 Ti SUPER,1,0,10000,7500,2500,"128,64,32",tanh,1000,2,True,270,271,0.1,750,500,4,2750,0.002561489528667711,0.0014511533278352806,0.001183031067631903,0.0008483935910325615,0.0015070859105519292,0.0009332182781855977,0.001235226245264496,0.0012295883864419047,0.001245771708852276,0.0007663804204031434,0.0007385115838821842,0.0008063825787238213,4.2255560738524105,-10.70136559416226,3.0228550000001633
highdim_smooth,Smooth,20,cuda,NVIDIA GeForce RTX 4070 Ti SUPER,1,0,10000,7500,2500,"128,64,32",tanh,1000,2,True,270,271,0.1,750,500,5,3250,0.002561489528667711,0.0014499367205168074,0.0011787222468240502,0.0009112129020659786,0.0015070859105519292,0.0009332182781855977,0.001233072549579593,0.0012234758009723316,0.0012342649522558175,0.000774625809143483,0.0007549371018076979,0.0008169608508713482,4.407713299113915,-17.632654542394114,3.9367589000003136
highdim_smooth,Smooth,20,cuda,NVIDIA GeForce RTX 4070 Ti SUPER,1,1,10000,7500,2500,"128,64,32",tanh,1000,2,True,270,271,0.05,375,500,0,375,0.0021684122675050465,0.002635785978251366,0.0020877084666772556,0.0013122270780285667,0.005210891926523208,0.0029536399472551837,0.002360935947656599,0.0019752906529046823,0.002554289185833511,0.0014342081432754394,0.0011650020635663085,0.0015271536423181575,11.572845982989984,8.505115928870186,0.41332169999986945
highdim_smooth,Smooth,20,cuda,NVIDIA GeForce RTX 4070 Ti SUPER,1,1,10000,7500,2500,"128,64,32",tanh,1000,2,True,270,271,0.05,375,500,1,875,0.0021684122675050465,0.0016399046075823193,0.0009680694498019978,0.0005681487113440463,0.005210891926523208,0.0029536399472551837,0.001048030582033704,0.0010412698878923053,0.001079520928028818,0.0006976695166316608,0.0006439275004065689,0.0007526790550933294,7.629656386223144,18.564779197024297,0.7334104999999909
highdim_smooth,Smooth,20,cuda,NVIDIA GeForce RTX 4070 Ti SUPER,1,1,10000,7500,2500,"128,64,32",tanh,1000,2,True,270,271,0.05,375,500,2,1375,0.0021684122675050465,0.0014998436390651515,0.0008693613192773011,0.0005023778792422105,0.005210891926523208,0.0029536399472551837,0.0009373225907652548,0.0009317538704997131,0.0009456505541268817,0.0006400688080118304,0.0006176341332772845,0.0006579735281599735,7.250574365488016,21.511894822263383,1.1804842000001372
highdim_smooth,Smooth,20,cuda,NVIDIA GeForce RTX 4070 Ti SUPER,1,1,10000,7500,2500,"128,64,32",tanh,1000,2,True,270,271,0.05,375,500,3,1875,0.0021684122675050465,0.0014640853677727833,0.0008299126912363111,0.0005884152056453065,0.005210891926523208,0.0029536399472551837,0.0008912042750161039,0.0008877410779600921,0.0009052848550711237,0.0006091571038348813,0.0005588575628762405,0.0006415702048806649,6.877388888050982,3.40501621978903,1.9965526000000864
highdim_smooth,Smooth,20,cuda,NVIDIA GeForce RTX 4070 Ti SUPER,1,1,10000,7500,2500,"128,64,32",tanh,1000,2,True,270,271,0.05,375,500,4,2375,0.0021684122675050465,0.0014705931662999754,0.0008232575822162744,0.0005731115577985097,0.005210891926523208,0.0029536399472551837,0.0008644741225876167,0.0008522558117686329,0.0008764855557108443,0.0005614527340761909,0.000525367884028115,0.0006210939678036938,4.767816559733382,-2.0765458986502368,2.799515899999733
highdim_smooth,Smooth,20,cuda,NVIDIA GeForce RTX 4070 Ti SUPER,1,1,10000,7500,2500,"128,64,32",tanh,1000,2,True,270,271,0.05,375,500,5,2875,0.0021684122675050465,0.001460143248401716,0.0008196151867012794,0.0005529326496070664,0.005210891926523208,0.0029536399472551837,0.0008487649064197597,0.0008418985576071669,0.0008527012029028661,0.0005545300385342469,0.0005162531003732077,0.0005654909429580946,3.4343691048018132,0.28806174890052233,3.689026499999727
highdim_smooth,Smooth,20,cuda,NVIDIA GeForce RTX 4070 Ti SUPER,1,1,10000,7500,2500,"128,64,32",tanh,1000,2,True,270,271,0.1,750,500,0,750,0.0021684122675050465,0.0017951903249922175,0.001284902990727653,0.0007708426492015249,0.0012233591351145895,0.0007349508913461997,0.0011221559257707004,0.0011044189026761188,0.0011582238632910108,0.0007191436194329062,0.0007036810400985966,0.0007588767129932977,-14.50307049309367,-7.18897148936493,0.30192589999978736
highdim_smooth,Smooth,20,cuda,NVIDIA GeForce RTX 4070 Ti SUPER,1,1,10000,7500,2500,"128,64,32",tanh,1000,2,True,270,271,0.1,750,500,1,1250,0.0021684122675050465,0.0015422107524791385,0.0008960068097929358,0.0006503370840745739,0.0012233591351145895,0.0007349508913461997,0.0009900146002336737,0.0009775014377537664,0.001012825203314859,0.0006630582062076573,0.0006218773763095758,0.0006765427034421117,9.495596369846387,1.9185528531260505,0.7456846000000041
highdim_smooth,Smooth,20,cuda,NVIDIA GeForce RTX 4070 Ti SUPER,1,1,10000,7500,2500,"128,64,32",tanh,1000,2,True,270,271,0.1,750,500,2,1750,0.0021684122675050465,0.0014726779679312446,0.0008525737486282404,0.0005609067439387254,0.0012233591351145895,0.0007349508913461997,0.0009377636261145232,0.0009214819681827963,0.0009453448820438718,0.0006441576000885811,0.0005939212123275384,0.0006987213720049301,9.08436573076029,12.923988809323594,1.5765234000000419
highdim_smooth,Smooth,20,cuda,NVIDIA GeForce RTX 4070 Ti SUPER,1,1,10000,7500,2500,"128,64,32",tanh,1000,2,True,270,271,0.1,750,500,3,2250,0.0021684122675050465,0.0014547302918393394,0.0008331066577679072,0.0005222387528533543,0.0012233591351145895,0.0007349508913461997,0.0008938335698861896,0.000872670975003732,0.00090695182770707,0.0005773570925529227,0.0005215414579799967,0.0006098126658211212,6.79398426778876,9.546663652445924,2.5353455999998005
highdim_smooth,Smooth,20,cuda,NVIDIA GeForce RTX 4070 Ti SUPER,1,1,10000,7500,2500,"128,64,32",tanh,1000,2,True,270,271,0.1,750,500,4,2750,0.0021684122675050465,0.001460696376700176,0.0008244526440204247,0.0005497422397312704,0.0012233591351145895,0.0007349508913461997,0.0008757477471633939,0.0008470268888210871,0.0008800285954795014,0.0005379982901565918,0.0005184349377516926,0.0006054112565057111,5.857292046610173,-2.1828971930859384,3.5931338000000324
highdim_smooth,Smooth,20,cuda,NVIDIA GeForce RTX 4070 Ti SUPER,1,1,10000,7500,2500,"128,64,32",tanh,1000,2,True,270,271,0.1,750,500,5,3250,0.0021684122675050465,0.0014548007316497458,0.0008187654351950696,0.0005524100377623805,0.0012233591351145895,0.0007349508913461997,0.000851774783629802,0.0008437410109483007,0.0008712120995173943,0.0005593670263917751,0.0005454417377776043,0.0005830797603321524,3.8753610777328356,1.2437251931475162,4.694869500000095
highdim_smooth,Smooth,20,cuda,NVIDIA GeForce RTX 4070 Ti SUPER,2,0,10000,7500,2500,"128,64,32",tanh,1000,2,True,270,271,0.05,375,500,0,375,0.001736017335061226,0.002307851301248943,0.0017234392613147864,0.001136356138476428,0.005738322843004306,0.0030317839288895934,0.0020035318154805943,0.0017748463132594254,0.002234076524350517,0.0011997746390387649,0.001110761316452909,0.0014066189753904699,13.979940423288017,5.285867737056553,0.45923510000011447
highdim_smooth,Smooth,20,cuda,NVIDIA GeForce RTX 4070 Ti SUPER,2,0,10000,7500,2500,"128,64,32",tanh,1000,2,True,270,271,0.05,375,500,1,875,0.001736017335061226,0.001163807928111276,0.000818698469383417,0.0005427959694925806,0.005738322843004306,0.0030317839288895934,0.0008470347072785781,0.0008357153570520195,0.0008776509266551604,0.0005425534158322457,0.0005179500056820486,0.000569786329177087,3.345345550975369,-0.044705950281940535,0.7777616000003036
highdim_smooth,Smooth,20,cuda,NVIDIA GeForce RTX 4070 Ti SUPER,2,0,10000,7500,2500,"128,64,32",tanh,1000,2,True,270,271,0.05,375,500,2,1375,0.001736017335061226,0.0011071238385362218,0.0007273889005860331,0.00046414641886225816,0.005738322843004306,0.0030317839288895934,0.0007681677060725003,0.0007534983635554549,0.0007759351042401865,0.00048769942119263477,0.00047565395616277887,0.0005308835513669109,5.308581077296485,4.8294095311369025,1.215608400000292
highdim_smooth,Smooth,20,cuda,NVIDIA GeForce RTX 4070 Ti SUPER,2,0,10000,7500,2500,"128,64,32",tanh,1000,2,True,270,271,0.05,375,500,3,1875,0.001736017335061226,0.0010815928634495724,0.0007093791670478519,0.00046275623969698756,0.005738322843004306,0.0030317839288895934,0.0007297087970431738,0.0007183276076441598,0.0007366942023483574,0.00047949962849445113,0.0004620406229125125,0.0004997851522702008,2.785992176289889,3.491846041682038,2.010586400000193
highdim_smooth,Smooth,20,cuda,NVIDIA GeForce RTX 4070 Ti SUPER,2,0,10000,7500,2500,"128,64,32",tanh,1000,2,True,270,271,0.05,375,500,4,2375,0.001736017335061226,0.0010755391739541637,0.0006951145532245484,0.00047486054485781063,0.005738322843004306,0.0030317839288895934,0.0007199285257143489,0.0007067178691436899,0.0007306695730682614,0.00048190735427334173,0.0004671310439328205,0.000491190247815918,3.446727224091987,1.4622747200355224,2.7910744000000705
highdim_smooth,Smooth,20,cuda,NVIDIA GeForce RTX 4070 Ti SUPER,2,0,10000,7500,2500,"128,64,32",tanh,1000,2,True,270,271,0.05,375,500,5,2875,0.001736017335061226,0.001067589137141741,0.0006825684344469446,0.00046609492337331554,0.005738322843004306,0.0030317839288895934,0.0007023368819772021,0.0006956247580430591,0.0007105749677158525,0.0004537222878444858,0.0004352737018844349,0.0004698478056805976,2.814667439164785,-2.726918174465009,3.6345962999998846
highdim_smooth,Smooth,20,cuda,NVIDIA GeForce RTX 4070 Ti SUPER,2,0,10000,7500,2500,"128,64,32",tanh,1000,2,True,270,271,0.1,750,500,0,750,0.001736017335061226,0.0012861246184960936,0.0008673017105920439,0.0006257580213621739,0.0007833339205422085,0.0004635413534125469,0.0009678538182821203,0.0009294962748592163,0.000982365290709521,0.0006273531549349576,0.0006101324435228475,0.0006507699001337513,10.38918334470696,0.2542640552989872,0.3059954000000289
highdim_smooth,Smooth,20,cuda,NVIDIA GeForce RTX 4070 Ti SUPER,2,0,10000,7500,2500,"128,64,32",tanh,1000,2,True,270,271,0.1,750,500,1,1250,0.001736017335061226,0.0010892141567521215,0.0007224238055040324,0.0004689498998283303,0.0007833339205422085,0.0004635413534125469,0.0007725394396836549,0.000761806490537943,0.0007791420025685971,0.0005019274663907381,0.00048185051465684885,0.0005189953607229956,6.4871295373792375,6.570185688291376,0.7682167000002664
highdim_smooth,Smooth,20,cuda,NVIDIA GeForce RTX 4070 Ti SUPER,2,0,10000,7500,2500,"128,64,32",tanh,1000,2,True,270,271,0.1,750,500,2,1750,0.001736017335061226,0.0010842379845235808,0.0006999118752568921,0.0004702267862115423,0.0007833339205422085,0.0004635413534125469,0.0007361108624914267,0.0007272479459762519,0.0007383821264926127,0.0004952988314278753,0.00048675599902819216,0.0005145166255357778,4.917599926730623,5.062003708761813,1.6248269000002438
highdim_smooth,Smooth,20,cuda,NVIDIA GeForce RTX 4070 Ti SUPER,2,0,10000,7500,2500,"128,64,32",tanh,1000,2,True,270,271,0.1,750,500,3,2250,0.001736017335061226,0.0010753926929490225,0.0006864352860794092,0.00038937039185839805,0.0007833339205422085,0.0004635413534125469,0.0007163372215095314,0.0007091510264232496,0.000730104479814227,0.0004606263253954929,0.00044969111332964184,0.0004679438365619876,4.174281962775868,15.469357613443965,2.6490231000002495
highdim_smooth,Smooth,20,cuda,NVIDIA GeForce RTX 4070 Ti SUPER,2,0,10000,7500,2500,"128,64,32",tanh,1000,2,True,270,271,0.1,750,500,4,2750,0.001736017335061226,0.0010663004691348135,0.000681918017583234,0.0004787213748388568,0.0007833339205422085,0.0004635413534125469,0.0007019771470200513,0.0006943773053061049,0.0007068810538650083,0.0004397991317637687,0.0004347451823018642,0.00045701836126494364,2.8575188696626204,-8.850004527974974,3.5680790000001252
highdim_smooth,Smooth,20,cuda,NVIDIA GeForce RTX 4070 Ti SUPER,2,0,10000,7500,2500,"128,64,32",tanh,1000,2,True,270,271,0.1,750,500,5,3250,0.001736017335061226,0.0010622735207193165,0.0006757668367758214,0.0004653794222802516,0.0007833339205422085,0.0004635413534125469,0.0006907042558207334,0.0006870988693031514,0.0006945080606776524,0.00045057215723238726,0.00044207058616175035,0.0004622002143760625,2.1626360224409633,-3.286324911600637,4.485352400000011
highdim_smooth,Smooth,20,cuda,NVIDIA GeForce RTX 4070 Ti SUPER,2,1,10000,7500,2500,"128,64,32",tanh,1000,2,True,270,271,0.05,375,500,0,375,0.0018126331875032672,0.002593777007419427,0.002317120816353757,0.0014131657249459512,0.006741269132368017,0.003708020501879251,0.0023836244692322342,0.0022521655078628516,0.0024864868075695464,0.0014472695174178837,0.0013641214123521113,0.001499790507358078,2.790022242887032,2.35642304778021,0.451768599999923
highdim_smooth,Smooth,20,cuda,NVIDIA GeForce RTX 4070 Ti SUPER,2,1,10000,7500,2500,"128,64,32",tanh,1000,2,True,270,271,0.05,375,500,1,875,0.0018126331875032672,0.001193352456215027,0.0009448033450319583,0.0006314214510549591,0.006741269132368017,0.003708020501879251,0.0010325250716614227,0.0010208318908362215,0.001059924009321008,0.0006904249959316195,0.0006751848165456005,0.000724676053458654,8.495844705089098,8.545974613367596,0.7743040999998811
highdim_smooth,Smooth,20,cuda,NVIDIA GeForce RTX 4070 Ti SUPER,2,1,10000,7500,2500,"128,64,32",tanh,1000,2,True,270,271,0.05,375,500,2,1375,0.0018126331875032672,0.001120840853349725,0.0008985373815665982,0.0005758962505487697,0.006741269132368017,0.003708020501879251,0.0009163342117487702,0.0009037270703670416,0.0009362390710038209,0.0005852212291595479,0.0005669147204469046,0.0006220609283695131,1.9421767684748732,1.5934108583466982,1.2152172000000974
highdim_smooth,Smooth,20,cuda,NVIDIA GeForce RTX 4070 Ti SUPER,2,1,10000,7500,2500,"128,64,32",tanh,1000,2,True,270,271,0.05,375,500,3,1875,0.0018126331875032672,0.0010999513561385018,0.0008599161324968812,0.000538469006968966,0.006741269132368017,0.003708020501879251,0.0008771544246045645,0.000872406245449905,0.0008882823167141034,0.0005767053884010621,0.0005700670329609825,0.0005874888880567219,1.965251684782261,6.630141177995235,2.256721000000198
highdim_smooth,Smooth,20,cuda,NVIDIA GeForce RTX 4070 Ti SUPER,2,1,10000,7500,2500,"128,64,32",tanh,1000,2,True,270,271,0.05,375,500,4,2375,0.0018126331875032672,0.0010898579151150003,0.000838289010069661,0.0005372997625548532,0.006741269132368017,0.003708020501879251,0.0008555457557839631,0.000853571337051163,0.0008623594393260552,0.0005668444169710002,0.0005271700556173438,0.0005770310515485616,2.0170453301459204,5.212127619430798,3.0681189000001723
highdim_smooth,Smooth,20,cuda,NVIDIA GeForce RTX 4070 Ti SUPER,2,1,10000,7500,2500,"128,64,32",tanh,1000,2,True,270,271,0.05,375,500,5,2875,0.0018126331875032672,0.0010813183170062012,0.0008229640998839734,0.0004952488177059922,0.006741269132368017,0.003708020501879251,0.0008460168827883212,0.000825081326649229,0.0008546866392847247,0.0005631620956164725,0.0005480109943522286,0.0005822584188097807,2.724860859557541,12.05927714935043,3.8136482999998407
highdim_smooth,Smooth,20,cuda,NVIDIA GeForce RTX 4070 Ti SUPER,2,1,10000,7500,2500,"128,64,32",tanh,1000,2,True,270,271,0.1,750,500,0,750,0.0018126331875032672,0.0014034143474397516,0.0011536410056751792,0.0006892981090648291,0.0010433467970341517,0.0006186939302996855,0.001145902329726443,0.0010941362247613561,0.0011759168528342459,0.0007192476680792585,0.0006779675003774248,0.0007616317725976259,-0.6753346902247435,4.164011973011926,0.2977027000001726
highdim_smooth,Smooth,20,cuda,NVIDIA GeForce RTX 4070 Ti SUPER,2,1,10000,7500,2500,"128,64,32",tanh,1000,2,True,270,271,0.1,750,500,1,1250,0.0018126331875032672,0.0011723747736918913,0.0009216491929593786,0.0006203406942206418,0.0010433467970341517,0.0006186939302996855,0.0009494199694654165,0.0009373648657685947,0.0009824021141863273,0.0006122560883621698,0.00057670087850934,0.0006755283557370259,2.925025531290926,-1.3204614886066586,0.7642122000002018
highdim_smooth,Smooth,20,cuda,NVIDIA GeForce RTX 4070 Ti SUPER,2,1,10000,7500,2500,"128,64,32",tanh,1000,2,True,270,271,0.1,750,500,2,1750,0.0018126331875032672,0.0011190735746964048,0.0008798199962508317,0.0005555764921010837,0.0010433467970341517,0.0006186939302996855,0.0008851273194320228,0.0008761948068821732,0.0008928125387614079,0.000543787911035108,0.0005213522242593362,0.0005797038027568803,0.5996112722627002,-2.167863762093566,1.9100333999999748
highdim_smooth,Smooth,20,cuda,NVIDIA GeForce RTX 4070 Ti SUPER,2,1,10000,7500,2500,"128,64,32",tanh,1000,2,True,270,271,0.1,750,500,3,2250,0.0018126331875032672,0.0011086334787375656,0.0008587251883502619,0.0005374342914449762,0.0010433467970341517,0.0006186939302996855,0.0008633304760626506,0.0008530675786999182,0.0008708608553325579,0.0005651277880241016,0.0005538144381647647,0.0005698438329886355,0.5334327745954053,4.900395479746674,3.045421400000123
highdim_smooth,Smooth,20,cuda,NVIDIA GeForce RTX 4070 Ti SUPER,2,1,10000,7500,2500,"128,64,32",tanh,1000,2,True,270,271,0.1,750,500,4,2750,0.0018126331875032672,0.0010929222194071442,0.0008420703741090943,0.0005685689287541513,0.0010433467970341517,0.0006186939302996855,0.0008448962285176273,0.0008441821011144807,0.0008476943037199603,0.0005426429330357968,0.000529046183364345,0.0005507657653994888,0.3344617141315641,-4.777726593307383,4.098968499999955
highdim_smooth,Smooth,20,cuda,NVIDIA GeForce RTX 4070 Ti SUPER,2,1,10000,7500,2500,"128,64,32",tanh,1000,2,True,270,271,0.1,750,500,5,3250,0.0018126331875032672,0.0010840576706620335,0.000821797973638011,0.0005203731733772533,0.0010433467970341517,0.0006186939302996855,0.0008355527759800175,0.0008290162408417956,0.0008414115311557687,0.0005513306524997186,0.0005342583955942474,0.0005759138240457855,1.6461919267605203,5.615047699979116,5.159894299999905
highdim_strong,Strong nonlinear,20,cuda,NVIDIA GeForce RTX 4070 Ti SUPER,0,0,10000,7500,2500,"128,64,32",tanh,1000,2,True,270,271,0.05,375,500,0,375,0.0011175876839952601,0.0038435557612001275,0.0030687445546851147,0.001855137695737028,0.010048234841631998,0.005772398766300124,0.0026587146905065672,0.0025904653726126236,0.0027084913588549574,0.001710042324120239,0.0016550094024034108,0.0018955361266104259,-15.422108496358595,-8.48489944197351,0.521567899999809
highdim_strong,Strong nonlinear,20,cuda,NVIDIA GeForce RTX 4070 Ti SUPER,0,0,10000,7500,2500,"128,64,32",tanh,1000,2,True,270,271,0.05,375,500,1,875,0.0011175876839952601,0.001984517966893245,0.0012931563749022596,0.0008409483472322295,0.010048234841631998,0.005772398766300124,0.001115060372770899,0.0010794932552240575,0.0011441120521834503,0.0007333228333474863,0.0007039597700765052,0.0007749278219016311,-15.971870804519417,-14.676416578146377,0.9232370999998238
highdim_strong,Strong nonlinear,20,cuda,NVIDIA GeForce RTX 4070 Ti SUPER,0,0,10000,7500,2500,"128,64,32",tanh,1000,2,True,270,271,0.05,375,500,2,1375,0.0011175876839952601,0.001670894705647489,0.0010138287378422249,0.0006304498492062799,0.010048234841631998,0.005772398766300124,0.0009545094960468402,0.0009273705890061198,0.0009727447691883816,0.0006441036166563753,0.000578224819559181,0.0006597762538044908,-6.21463086968322,2.1198091575659643,1.4490671999997176
highdim_strong,Strong nonlinear,20,cuda,NVIDIA GeForce RTX 4070 Ti SUPER,0,0,10000,7500,2500,"128,64,32",tanh,1000,2,True,270,271,0.05,375,500,3,1875,0.0011175876839952601,0.001577961267291668,0.0009239191342910956,0.0005375349871190095,0.010048234841631998,0.005772398766300124,0.0008930197126613862,0.0008786054521956397,0.0008966964691179332,0.0005669993828832215,0.0005168154918385257,0.0006598351150344252,-3.4601052128650904,5.196548118691785,2.515009700000064
highdim_strong,Strong nonlinear,20,cuda,NVIDIA GeForce RTX 4070 Ti SUPER,0,0,10000,7500,2500,"128,64,32",tanh,1000,2,True,270,271,0.05,375,500,4,2375,0.0011175876839952601,0.0015141786219673445,0.000878225355276804,0.0005464613913043654,0.010048234841631998,0.005772398766300124,0.000863959975735457,0.0008527168746971325,0.000884611760460936,0.0006280457724373462,0.0005144319272240342,0.0006496272546196033,-1.6511620841235612,12.990196688430016,3.546192699999665
highdim_strong,Strong nonlinear,20,cuda,NVIDIA GeForce RTX 4070 Ti SUPER,0,0,10000,7500,2500,"128,64,32",tanh,1000,2,True,270,271,0.05,375,500,5,2875,0.0011175876839952601,0.0014772288184423845,0.0008500051687853191,0.0005600860962473111,0.010048234841631998,0.005772398766300124,0.0008472842757667291,0.0008391090053541431,0.0008640521377302275,0.0005669000579086154,0.00047502768690304214,0.0006539842261863954,-0.32113106502864724,1.20196877143425,4.689915199999632
highdim_strong,Strong nonlinear,20,cuda,NVIDIA GeForce RTX 4070 Ti SUPER,0,0,10000,7500,2500,"128,64,32",tanh,1000,2,True,270,271,0.1,750,500,0,750,0.0011175876839952601,0.0018340395582031534,0.0013679163677983398,0.001271757772825665,0.0009981885705845773,0.000608899652191861,0.0012945565043848948,0.0012011852493696682,0.0013952853338827932,0.0009259915062801638,0.0008491390576901084,0.0010397278989028433,-5.666795011647769,-37.34011210691256,0.4030523000001267
highdim_strong,Strong nonlinear,20,cuda,NVIDIA GeForce RTX 4070 Ti SUPER,0,0,10000,7500,2500,"128,64,32",tanh,1000,2,True,270,271,0.1,750,500,1,1250,0.0011175876839952601,0.0017421723527440165,0.0010916188910148096,0.0007275022629764856,0.0009981885705845773,0.000608899652191861,0.0010624064755572944,0.001027965845885011,0.001119117532143536,0.0005503984592075127,0.0005240159291228965,0.0006345432317638014,-2.7496458398553707,-32.17738000647286,0.9693218000002162
highdim_strong,Strong nonlinear,20,cuda,NVIDIA GeForce RTX 4070 Ti SUPER,0,0,10000,7500,2500,"128,64,32",tanh,1000,2,True,270,271,0.1,750,500,2,1750,0.0011175876839952601,0.0016000257528428986,0.0009438550390698445,0.0006609319967282401,0.0009981885705845773,0.000608899652191861,0.0009720972429027274,0.0009289957454258391,0.0010203874057285096,0.000697154111458801,0.0005109698431192398,0.0008814694373121753,2.9052858691945653,5.195711268885129,2.011905000000297
highdim_strong,Strong nonlinear,20,cuda,NVIDIA GeForce RTX 4070 Ti SUPER,0,0,10000,7500,2500,"128,64,32",tanh,1000,2,True,270,271,0.1,750,500,3,2250,0.0011175876839952601,0.0015336353978016742,0.0008943513715633378,0.0005851129228839659,0.0009981885705845773,0.000608899652191861,0.0009003950578839674,0.0008813626914686952,0.0009303840343575457,0.0005273523364144598,0.0004874133149925709,0.0005832062660988574,0.6712260654598645,-10.95294027940185,3.2828702000001613
highdim_strong,Strong nonlinear,20,cuda,NVIDIA GeForce RTX 4070 Ti SUPER,0,0,10000,7500,2500,"128,64,32",tanh,1000,2,True,270,271,0.1,750,500,4,2750,0.0011175876839952601,0.0014857432356524104,0.0008561829957929142,0.000508396870923996,0.0009981885705845773,0.000608899652191861,0.0008916624168603994,0.0008640741149234118,0.0009067373267470889,0.0004941429730517973,0.00046997416852969114,0.0005458830892917069,3.9790194581050637,-2.88456957794372,4.276238599999942
highdim_strong,Strong nonlinear,20,cuda,NVIDIA GeForce RTX 4070 Ti SUPER,0,0,10000,7500,2500,"128,64,32",tanh,1000,2,True,270,271,0.1,750,500,5,3250,0.0011175876839952601,0.0014597664005959576,0.0008366361293630841,0.0006148517395271787,0.0009981885705845773,0.000608899652191861,0.0008479162130799445,0.0008367314466930862,0.0008661052004029744,0.0005401950338007807,0.00048699818671755883,0.0006173186578514596,1.3303299952110792,-13.820324337511542,5.4234331000002385
highdim_strong,Strong nonlinear,20,cuda,NVIDIA GeForce RTX 4070 Ti SUPER,0,1,10000,7500,2500,"128,64,32",tanh,1000,2,True,270,271,0.05,375,500,0,375,0.0012468981088182422,0.002974330104525875,0.002392974379158718,0.001594034196720181,0.01783628802142891,0.009435040713473614,0.0023069531830110807,0.0020633734284773255,0.00266905151207919,0.0014555441402895651,0.0013479445217815622,0.0017345349148376365,-3.7287794473297704,-9.514658648762428,0.4834869000001163
highdim_strong,Strong nonlinear,20,cuda,NVIDIA GeForce RTX 4070 Ti SUPER,0,1,10000,7500,2500,"128,64,32",tanh,1000,2,True,270,271,0.05,375,500,1,875,0.0012468981088182422,0.0019212323552840736,0.0012830215204815204,0.000958020661688864,0.01783628802142891,0.009435040713473614,0.001055684649017654,0.0010387337373750291,0.0011080740388976717,0.0007001207006299208,0.0006581081323525724,0.0007874080776393539,-21.534543641930394,-36.83649988164934,0.8768577000000732
highdim_strong,Strong nonlinear,20,cuda,NVIDIA GeForce RTX 4070 Ti SUPER,0,1,10000,7500,2500,"128,64,32",tanh,1000,2,True,270,271,0.05,375,500,2,1375,0.0012468981088182422,0.0016430840103771728,0.0009928596048884883,0.0006734799469728996,0.01783628802142891,0.009435040713473614,0.0009401112257372934,0.0009194537962166122,0.0010627916383784842,0.0006895668293329198,0.0005824498645059127,0.0007103961909681301,-5.6108657898246355,2.3328967803718936,1.4264857000002849
highdim_strong,Strong nonlinear,20,cuda,NVIDIA GeForce RTX 4070 Ti SUPER,0,1,10000,7500,2500,"128,64,32",tanh,1000,2,True,270,271,0.05,375,500,3,1875,0.0012468981088182422,0.0015506274778015498,0.0008879341566860599,0.0006054309839926225,0.01783628802142891,0.009435040713473614,0.0008467626165837411,0.0008306392539619686,0.0008866406400271888,0.0006034406289798041,0.0005311888345962737,0.000661085904527089,-4.862229306771373,-0.3298344389212509,2.4220756000004258
highdim_strong,Strong nonlinear,20,cuda,NVIDIA GeForce RTX 4070 Ti SUPER,0,1,10000,7500,2500,"128,64,32",tanh,1000,2,True,270,271,0.05,375,500,4,2375,0.0012468981088182422,0.001488528143734847,0.0008478115034942697,0.0005074708393673371,0.01783628802142891,0.009435040713473614,0.0008061869698865983,0.0007944575004766089,0.0008201708753643941,0.0005459120707381166,0.00048776516213383243,0.0006438873102674457,-5.1631364884905615,7.04165257214479,3.357206700000006
highdim_strong,Strong nonlinear,20,cuda,NVIDIA GeForce RTX 4070 Ti SUPER,0,1,10000,7500,2500,"128,64,32",tanh,1000,2,True,270,271,0.05,375,500,5,2875,0.0012468981088182422,0.001450498103242085,0.0008080923797961107,0.0006041653820148858,0.01783628802142891,0.009435040713473614,0.0008097226604444048,0.0007818719446637472,0.0008495071133604256,0.0005629655156696872,0.0005285407765962251,0.0005889453562185449,0.20133815291760682,-7.318364126830835,4.326089400000001
highdim_strong,Strong nonlinear,20,cuda,NVIDIA GeForce RTX 4070 Ti SUPER,0,1,10000,7500,2500,"128,64,32",tanh,1000,2,True,270,271,0.1,750,500,0,750,0.0012468981088182422,0.0017560251590329073,0.001167396014104953,0.0006603663462106386,0.0015532713501054225,0.0009503454138676886,0.0010987994316112308,0.001068760291017374,0.0012083651812289154,0.000715771451016715,0.0006505367449017479,0.0009878115994676412,-6.242866579675518,7.7406139525928825,0.3643535000001066
highdim_strong,Strong nonlinear,20,cuda,NVIDIA GeForce RTX 4070 Ti SUPER,0,1,10000,7500,2500,"128,64,32",tanh,1000,2,True,270,271,0.1,750,500,1,1250,0.0012468981088182422,0.0016954415728845185,0.001054385449799442,0.0007157968325253116,0.0015532713501054225,0.0009503454138676886,0.0009294607686940009,0.0008983855074234857,0.0009340157913638116,0.0006727107499790576,0.0006345735747188296,0.0007228717671837834,-13.440554492792046,-6.404845254456742,0.8762678000002779
highdim_strong,Strong nonlinear,20,cuda,NVIDIA GeForce RTX 4070 Ti SUPER,0,1,10000,7500,2500,"128,64,32",tanh,1000,2,True,270,271,0.1,750,500,2,1750,0.0012468981088182422,0.0015651934895043456,0.0009179914419518485,0.0005459516957390985,0.0015532713501054225,0.0009503454138676886,0.0008506973755526407,0.0008385302558255774,0.0008534876223266676,0.0005646573097476299,0.0005420326775630534,0.0006317123431825069,-7.910458916778885,3.312737422436222,1.881407500000023
highdim_strong,Strong nonlinear,20,cuda,NVIDIA GeForce RTX 4070 Ti SUPER,0,1,10000,7500,2500,"128,64,32",tanh,1000,2,True,270,271,0.1,750,500,3,2250,0.0012468981088182422,0.0014999324694801584,0.0008561188332682399,0.0005861096077310791,0.0015532713501054225,0.0009503454138676886,0.0008152206139342089,0.0008048923570045592,0.0008804567163375751,0.0005108843641220865,0.0004713351412698246,0.0005950467083907771,-5.016828406320408,-14.72451476142965,2.8955120000000534
highdim_strong,Strong nonlinear,20,cuda,NVIDIA GeForce RTX 4070 Ti SUPER,0,1,10000,7500,2500,"128,64,32",tanh,1000,2,True,270,271,0.1,750,500,4,2750,0.0012468981088182422,0.0014611525678965278,0.000825246488701198,0.0004987367765022571,0.0015532713501054225,0.0009503454138676886,0.0008482958362098566,0.0007721942076981255,0.0008702818622513015,0.0005589758282387241,0.0005244540267449569,0.0005920127388316002,2.7171355233384062,10.776682763953163,3.912090100000114
highdim_strong,Strong nonlinear,20,cuda,NVIDIA GeForce RTX 4070 Ti SUPER,0,1,10000,7500,2500,"128,64,32",tanh,1000,2,True,270,271,0.1,750,500,5,3250,0.0012468981088182422,0.0014255379368015423,0.0007937671318642019,0.000552316891477269,0.0015532713501054225,0.0009503454138676886,0.0007610735109435938,0.0007506789582911072,0.000773725315260453,0.0005212850936528437,0.0004530699399153617,0.0005597529427995145,-4.295724453748746,-5.952941720810319,5.176768600000287
highdim_strong,Strong nonlinear,20,cuda,NVIDIA GeForce RTX 4070 Ti SUPER,1,0,10000,7500,2500,"128,64,32",tanh,1000,2,True,270,271,0.05,375,500,0,375,0.0008294518398087035,0.003495927486057275,0.003111302653461445,0.0016374478665421115,0.007465083400553196,0.004006423070910665,0.0034158480537361097,0.0033494004085153494,0.003769844181765224,0.0022646598944849458,0.0017871018156713344,0.0027276110123226655,8.915660049385568,27.695638955335582,0.5338353000001916
highdim_strong,Strong nonlinear,20,cuda,NVIDIA GeForce RTX 4070 Ti SUPER,1,0,10000,7500,2500,"128,64,32",tanh,1000,2,True,270,271,0.05,375,500,1,875,0.0008294518398087035,0.0019175163902938014,0.001607277293539076,0.0014160600081102133,0.007465083400553196,0.004006423070910665,0.0021413146156028157,0.002018367219398634,0.002338646686142625,0.00097902100173456,0.0007453835566661319,0.0016286528219690132,24.93969443688682,-44.640411758413606,0.8891779000000497
highdim_strong,Strong nonlinear,20,cuda,NVIDIA GeForce RTX 4070 Ti SUPER,1,0,10000,7500,2500,"128,64,32",tanh,1000,2,True,270,271,0.05,375,500,2,1375,0.0008294518398087035,0.0017150946573036845,0.0013928400834189105,0.001168040275530351,0.007465083400553196,0.004006423070910665,0.0017302825806970773,0.0016300340995302445,0.0020300688639399364,0.0016957089302287748,0.0014523592351395982,0.002130421422289954,19.502161152325865,31.117879094216594,1.378771400000005
highdim_strong,Strong nonlinear,20,cuda,NVIDIA GeForce RTX 4070 Ti SUPER,1,0,10000,7500,2500,"128,64,32",tanh,1000,2,True,270,271,0.05,375,500,3,1875,0.0008294518398087035,0.0017152491305249232,0.0013971358316179788,0.0013157148623094508,0.007465083400553196,0.004006423070910665,0.0016759023802590798,0.0016047384061772681,0.0017971882861783756,0.0010891827413933818,0.0006943130342358798,0.0016503138748162598,16.63381781210945,-20.798357548914932,2.2896421999998893
highdim_strong,Strong nonlinear,20,cuda,NVIDIA GeForce RTX 4070 Ti SUPER,1,0,10000,7500,2500,"128,64,32",tanh,1000,2,True,270,271,0.05,375,500,4,2375,0.0008294518398087035,0.0017067683357465124,0.0013870320982805188,0.0006809095097775586,0.007465083400553196,0.004006423070910665,0.0016178860540549725,0.0015255564676277145,0.0017140041651729674,0.0007679658442017278,0.0006503130903061148,0.001077583025685847,14.268863693821656,11.335964363709566,3.130982600000152
highdim_strong,Strong nonlinear,20,cuda,NVIDIA GeForce RTX 4070 Ti SUPER,1,0,10000,7500,2500,"128,64,32",tanh,1000,2,True,270,271,0.05,375,500,5,2875,0.0008294518398087035,0.0017051329716939122,0.0013876836719054727,0.0013246151943884445,0.007465083400553196,0.004006423070910665,0.001523804037288833,0.0015096557891042888,0.0015841523338893718,0.00063847764199832,0.0005265034983516623,0.0008099295197960546,8.932931141562465,-107.46461696648258,3.988798599999882
highdim_strong,Strong nonlinear,20,cuda,NVIDIA GeForce RTX 4070 Ti SUPER,1,0,10000,7500,2500,"128,64,32",tanh,1000,2,True,270,271,0.1,750,500,0,750,0.0008294518398087035,0.002400807408594755,0.0020029751261460456,0.001190345858696851,0.0017525841136695848,0.0010271051066957728,0.002234347792527093,0.002066959919227447,0.0023678794790058006,0.0009472012464859544,0.0009365248525260333,0.0010154862734339137,10.355266407265988,-25.669794366608453,0.3162281999998413
highdim_strong,Strong nonlinear,20,cuda,NVIDIA GeForce RTX 4070 Ti SUPER,1,0,10000,7500,2500,"128,64,32",tanh,1000,2,True,270,271,0.1,750,500,1,1250,0.0008294518398087035,0.0017564583032951796,0.0014812736321857796,0.0013664741445948657,0.0017525841136695848,0.0010271051066957728,0.0016529439032208003,0.0016264698115505025,0.001691758478971368,0.0014326254568711944,0.0009223720857944049,0.0015221200614703833,10.385728801837562,4.617488259687979,0.7560608999997385
highdim_strong,Strong nonlinear,20,cuda,NVIDIA GeForce RTX 4070 Ti SUPER,1,0,10000,7500,2500,"128,64,32",tanh,1000,2,True,270,271,0.1,750,500,2,1750,0.0008294518398087035,0.0017328530613248414,0.0014182120444130553,0.0012059182598868749,0.0017525841136695848,0.0010271051066957728,0.001548750348290794,0.0015346413986240116,0.0015758920869314967,0.0010752963604311265,0.0006249418516567124,0.0014405025199411955,8.428621438038812,-12.14752548807821,1.5775466000000051
highdim_strong,Strong nonlinear,20,cuda,NVIDIA GeForce RTX 4070 Ti SUPER,1,0,10000,7500,2500,"128,64,32",tanh,1000,2,True,270,271,0.1,750,500,3,2250,0.0008294518398087035,0.0016985943664543101,0.0013934925797641688,0.0007450813959151465,0.0017525841136695848,0.0010271051066957728,0.00151686741192078,0.0014909571036872834,0.001566018660023865,0.0007460901539819483,0.0005223112994560815,0.0009133268400347944,8.133527768282917,0.13520592135119794,2.412077699999827
highdim_strong,Strong nonlinear,20,cuda,NVIDIA GeForce RTX 4070 Ti SUPER,1,0,10000,7500,2500,"128,64,32",tanh,1000,2,True,270,271,0.1,750,500,4,2750,0.0008294518398087035,0.0017001560810248272,0.0013876099648829434,0.0005542544714780565,0.0017525841136695848,0.0010271051066957728,0.001559407834168482,0.0015122800732201881,0.001584948207562793,0.0008924563263706431,0.0007397167488633531,0.0014957277862808886,11.01686585902948,37.89561963978158,3.3884965999995984
highdim_strong,Strong nonlinear,20,cuda,NVIDIA GeForce RTX 4070 Ti SUPER,1,0,10000,7500,2500,"128,64,32",tanh,1000,2,True,270,271,0.1,750,500,5,3250,0.0008294518398087035,0.00171786672054604,0.0014005932711760245,0.00047484108525969805,0.0017525841136695848,0.0010271051066957728,0.0014797247200463211,0.0014692019037667794,0.0015095769340276758,0.0010347051282018258,0.000628861831908554,0.0016080227582082375,5.347714192935802,54.10855978988853,4.633488299999954
highdim_strong,Strong nonlinear,20,cuda,NVIDIA GeForce RTX 4070 Ti SUPER,1,1,10000,7500,2500,"128,64,32",tanh,1000,2,True,270,271,0.05,375,500,0,375,0.0009101774298890293,0.004347136918812754,0.004388567496448307,0.0028464743429107943,0.013410374062410616,0.007260847778324983,0.004139313535875168,0.0038962678140633915,0.0046661436824195265,0.002722316043815334,0.002272072433251275,0.003158417863066207,-6.0216255283121365,-4.560759922696266,0.4650946000001568
highdim_strong,Strong nonlinear,20,cuda,NVIDIA GeForce RTX 4070 Ti SUPER,1,1,10000,7500,2500,"128,64,32",tanh,1000,2,True,270,271,0.05,375,500,1,875,0.0009101774298890293,0.0019643061994559555,0.001923443348420068,0.0009292954574817763,0.013410374062410616,0.007260847778324983,0.0023614610244417434,0.002209920680191832,0.0024766699089632856,0.0012556157733889216,0.0011385764097492524,0.0017211295479208006,18.54858799226738,25.988867201500895,0.8369365000003199
highdim_strong,Strong nonlinear,20,cuda,NVIDIA GeForce RTX 4070 Ti SUPER,1,1,10000,7500,2500,"128,64,32",tanh,1000,2,True,270,271,0.05,375,500,2,1375,0.0009101774298890293,0.0017953765818653046,0.001724222993980203,0.0008878864445749806,0.013410374062410616,0.007260847778324983,0.0021330256985564663,0.0020332177486610072,0.0022100651151927097,0.001370179092867192,0.0009379701787405683,0.0018861844453671238,19.16539049918256,35.199241530023755,1.303746300000057
highdim_strong,Strong nonlinear,20,cuda,NVIDIA GeForce RTX 4070 Ti SUPER,1,1,10000,7500,2500,"128,64,32",tanh,1000,2,True,270,271,0.05,375,500,3,1875,0.0009101774298890293,0.0017167330701476622,0.0016468701146948562,0.0014514247746043611,0.013410374062410616,0.007260847778324983,0.0019537271931300004,0.0018984014341147668,0.0020006592436382677,0.0009612197910113128,0.0007961951816607598,0.001071633609045054,15.706239822743056,-50.99821998851031,2.180900300000303
highdim_strong,Strong nonlinear,20,cuda,NVIDIA GeForce RTX 4070 Ti SUPER,1,1,10000,7500,2500,"128,64,32",tanh,1000,2,True,270,271,0.05,375,500,4,2375,0.0009101774298890293,0.0017005637009778034,0.0016455443374754708,0.0014407131166604497,0.013410374062410616,0.007260847778324983,0.0019803003203110537,0.0018993898124472562,0.002249880356550683,0.0012167237779517111,0.0007776010910948944,0.00183774111561457,16.904303827158973,-18.409218490478793,3.0260192000000643
highdim_strong,Strong nonlinear,20,cuda,NVIDIA GeForce RTX 4070 Ti SUPER,1,1,10000,7500,2500,"128,64,32",tanh,1000,2,True,270,271,0.05,375,500,5,2875,0.0009101774298890293,0.0017065462900678564,0.0016541618292909774,0.0005842374082802029,0.013410374062410616,0.007260847778324983,0.0019832887837683186,0.0019242039780082904,0.0020690847034333156,0.001464844947860703,0.0007951622430427582,0.0021242467222637295,16.595009116725222,60.11609220938788,3.8926377000002503
highdim_strong,Strong nonlinear,20,cuda,NVIDIA GeForce RTX 4070 Ti SUPER,1,1,10000,7500,2500,"128,64,32",tanh,1000,2,True,270,271,0.1,750,500,0,750,0.0009101774298890293,0.0022552759700866835,0.0022593743568698325,0.0022900210296948813,0.0014537149701766684,0.0008852753526791028,0.002483792069942083,0.0023730781607161225,0.0027163709144192045,0.0012429676727186434,0.0011235588575349248,0.0019776506395706153,9.035285835238344,-84.23818092437611,0.3264667000003101
highdim_strong,Strong nonlinear,20,cuda,NVIDIA GeForce RTX 4070 Ti SUPER,1,1,10000,7500,2500,"128,64,32",tanh,1000,2,True,270,271,0.1,750,500,1,1250,0.0009101774298890293,0.001785963633270736,0.0016948366578623095,0.0007652222234582833,0.0014537149701766684,0.0008852753526791028,0.002139888386863004,0.0020352878449746217,0.002194259464167769,0.0011080119139559336,0.000926085878975654,0.0017076695642233189,20.797894494540603,30.937365039134704,0.8017146000001958
highdim_strong,Strong nonlinear,20,cuda,NVIDIA GeForce RTX 4070 Ti SUPER,1,1,10000,7500,2500,"128,64,32",tanh,1000,2,True,270,271,0.1,750,500,2,1750,0.0009101774298890293,0.0017398356513344743,0.0016670433583610273,0.0008618185026119589,0.0014537149701766684,0.0008852753526791028,0.0020275596411951894,0.0018885217187810967,0.0021269095875557542,0.0010130478493465146,0.0008874296517962421,0.0014786275909896606,17.78079793606702,14.928154364288813,1.6357914000000164
highdim_strong,Strong nonlinear,20,cuda,NVIDIA GeForce RTX 4070 Ti SUPER,1,1,10000,7500,2500,"128,64,32",tanh,1000,2,True,270,271,0.1,750,500,3,2250,0.0009101774298890293,0.0016965253348480182,0.0016360091369274278,0.001315914806593222,0.0014537149701766684,0.0008852753526791028,0.001938243990190687,0.0018870666965637986,0.0020806351982034783,0.001691411560879591,0.0008407347560891948,0.002109159810108281,15.593230511372555,22.200200292535424,2.7002935000000434
highdim_strong,Strong nonlinear,20,cuda,NVIDIA GeForce RTX 4070 Ti SUPER,1,1,10000,7500,2500,"128,64,32",tanh,1000,2,True,270,271,0.1,750,500,4,2750,0.0009101774298890293,0.001690822997358048,0.0016381808913755894,0.0007397781950766345,0.0014537149701766684,0.0008852753526791028,0.001953990362465115,0.0018560004621474707,0.0020066100087716386,0.0009771501572185051,0.0007555040966301201,0.001474420774741246,16.162283968028717,24.292270782369712,3.7326310000003105
highdim_strong,Strong nonlinear,20,cuda,NVIDIA GeForce RTX 4070 Ti SUPER,1,1,10000,7500,2500,"128,64,32",tanh,1000,2,True,270,271,0.1,750,500,5,3250,0.0009101774298890293,0.001708307471034096,0.001666030138768502,0.001419820337336741,0.0014537149701766684,0.0008852753526791028,0.0018656928936849255,0.0017798513850812185,0.0019127135212094121,0.0008039701921870434,0.0006666487859023752,0.0010972231899219157,10.701801759134645,-76.60111669991122,4.780126999999993
highdim_strong,Strong nonlinear,20,cuda,NVIDIA GeForce RTX 4070 Ti SUPER,2,0,10000,7500,2500,"128,64,32",tanh,1000,2,True,270,271,0.05,375,500,0,375,0.0012743914716162872,0.002875468888212736,0.002808903032334946,0.001944671120129961,0.011968527442367366,0.006423892952820791,0.0028827752609612046,0.0026308188649184117,0.003067027277725484,0.0018007427424537818,0.001779501309350329,0.001964602778979983,2.562538593508927,-7.992722907218561,0.4553709000001618
highdim_strong,Strong nonlinear,20,cuda,NVIDIA GeForce RTX 4070 Ti SUPER,2,0,10000,7500,2500,"128,64,32",tanh,1000,2,True,270,271,0.05,375,500,1,875,0.0012743914716162872,0.0017743974885859853,0.0016140791170846302,0.00102142461820046,0.011968527442367366,0.006423892952820791,0.0013268580903295472,0.0013124413613856268,0.001354414994773273,0.0007808035547782919,0.0007321960159729997,0.0008036424933620901,-21.646702752043883,-30.817106549994133,0.8230781000002025
highdim_strong,Strong nonlinear,20,cuda,NVIDIA GeForce RTX 4070 Ti SUPER,2,0,10000,7500,2500,"128,64,32",tanh,1000,2,True,270,271,0.05,375,500,2,1375,0.0012743914716162872,0.001567144469428928,0.0013146179159309124,0.0008034431558298779,0.011968527442367366,0.006423892952820791,0.0011967694340814547,0.0011710073164869317,0.0012407001456475686,0.0007665779686062246,0.0007174048301169327,0.0008397285670923407,-9.847216890186445,-4.809059056403722,1.3242927000001146
highdim_strong,Strong nonlinear,20,cuda,NVIDIA GeForce RTX 4070 Ti SUPER,2,0,10000,7500,2500,"128,64,32",tanh,1000,2,True,270,271,0.05,375,500,3,1875,0.0012743914716162872,0.0014470927474530542,0.0012009089846562087,0.000778500855338364,0.011968527442367366,0.006423892952820791,0.0011487851116220454,0.0011164670176017186,0.0011966530138590675,0.0007341863532085402,0.0006799724243718842,0.000747616500055901,-4.537304018552792,-6.035865681262082,2.4541863000004014
highdim_strong,Strong nonlinear,20,cuda,NVIDIA GeForce RTX 4070 Ti SUPER,2,0,10000,7500,2500,"128,64,32",tanh,1000,2,True,270,271,0.05,375,500,4,2375,0.0012743914716162872,0.0013656499367042819,0.0011337506758319627,0.0007505535934953394,0.011968527442367366,0.006423892952820791,0.0011289981431517968,0.001098116799548211,0.0011492003499563078,0.0006971278707093396,0.0006661448203398744,0.0007268039562067975,-0.4209513283076179,-7.663690555312077,3.366713300000356
highdim_strong,Strong nonlinear,20,cuda,NVIDIA GeForce RTX 4070 Ti SUPER,2,0,10000,7500,2500,"128,64,32",tanh,1000,2,True,270,271,0.05,375,500,5,2875,0.0012743914716162872,0.0013194557990658046,0.0010843403401473825,0.000671366077743444,0.011968527442367366,0.006423892952820791,0.0010902269767837855,0.0010495169493940106,0.0011233649998603872,0.0007050494010294854,0.0006100009129486641,0.000753597338469406,0.5399459710462119,4.777441585916998,4.25259750000032
highdim_strong,Strong nonlinear,20,cuda,NVIDIA GeForce RTX 4070 Ti SUPER,2,0,10000,7500,2500,"128,64,32",tanh,1000,2,True,270,271,0.1,750,500,0,750,0.0012743914716162872,0.0015491710517033543,0.0014104343613106007,0.0007693413959988719,0.001403991967262498,0.0008167803830987533,0.0015327009557787872,0.0014128544648743517,0.0016975819686474592,0.0009887856673631,0.0008389902181973819,0.001006645508312917,7.9771982921522415,22.193310300445944,0.33741639999971085
highdim_strong,Strong nonlinear,20,cuda,NVIDIA GeForce RTX 4070 Ti SUPER,2,0,10000,7500,2500,"128,64,32",tanh,1000,2,True,270,271,0.1,750,500,1,1250,0.0012743914716162872,0.0016443544337607385,0.0014414023433857405,0.0008823959164858436,0.001403991967262498,0.0008167803830987533,0.0012299868340425197,0.0012115337242094221,0.0012738365201220175,0.0008240608790866851,0.000766426112905276,0.0009017247086253537,-17.1884367776828,-7.078971818661238,0.8095375999996577
highdim_strong,Strong nonlinear,20,cuda,NVIDIA GeForce RTX 4070 Ti SUPER,2,0,10000,7500,2500,"128,64,32",tanh,1000,2,True,270,271,0.1,750,500,2,1750,0.0012743914716162872,0.0014986711584542775,0.0012462010343659204,0.0007574355949132477,0.001403991967262498,0.0008167803830987533,0.0011647268307774805,0.0011525949359244478,0.0011855698723236344,0.0006972212635088587,0.0006386619777081265,0.0008423364421667178,-6.995134089428862,-8.636330323798845,1.6594928999998046
highdim_strong,Strong nonlinear,20,cuda,NVIDIA GeForce RTX 4070 Ti SUPER,2,0,10000,7500,2500,"128,64,32",tanh,1000,2,True,270,271,0.1,750,500,3,2250,0.0012743914716162872,0.0014038690746222607,0.0011637674195008052,0.000722402683696221,0.001403991967262498,0.0008167803830987533,0.0011366753409871215,0.001113718290797765,0.0011557495312811878,0.0007335471530122116,0.0006917453790005151,0.0007678414176614358,-2.3834491289444286,1.5192573879166973,2.5652831999996124
highdim_strong,Strong nonlinear,20,cuda,NVIDIA GeForce RTX 4070 Ti SUPER,2,0,10000,7500,2500,"128,64,32",tanh,1000,2,True,270,271,0.1,750,500,4,2750,0.0012743914716162872,0.0013334750700772515,0.001098969700072571,0.0007191008774393421,0.001403991967262498,0.0008167803830987533,0.0011361687642710715,0.0010991734027132418,0.0011613550600786198,0.0007304252256621277,0.0006807784627859911,0.0007748672532758374,3.2740791129182356,1.5503774821741876,3.4228306999998495
highdim_strong,Strong nonlinear,20,cuda,NVIDIA GeForce RTX 4070 Ti SUPER,2,0,10000,7500,2500,"128,64,32",tanh,1000,2,True,270,271,0.1,750,500,5,3250,0.0012743914716162872,0.0012932364613961519,0.0010666922204095896,0.0007452079038688396,0.001403991967262498,0.0008167803830987533,0.0011118717996330214,0.0011059988966382953,0.0011190997890364685,0.0006856721434265128,0.0006714083924802093,0.0007269736359148918,4.063380260057279,-8.682832023014452,4.5516914999998335
highdim_strong,Strong nonlinear,20,cuda,NVIDIA GeForce RTX 4070 Ti SUPER,2,1,10000,7500,2500,"128,64,32",tanh,1000,2,True,270,271,0.05,375,500,0,375,0.0010438777919211857,0.004278598701357556,0.003929033523088518,0.0025158661247325666,0.020406304373934977,0.010835314019776394,0.0028113142845131705,0.0023442938917513497,0.004215608773709021,0.0016465573792445157,0.0014583647067134566,0.0024179783865295357,-39.75788992118683,-52.79553305861183,0.43612539999958244
highdim_strong,Strong nonlinear,20,cuda,NVIDIA GeForce RTX 4070 Ti SUPER,2,1,10000,7500,2500,"128,64,32",tanh,1000,2,True,270,271,0.05,375,500,1,875,0.0010438777919211857,0.0019359333437667119,0.001716651933071136,0.0009822082443223896,0.020406304373934977,0.010835314019776394,0.0016135031375573363,0.0015573838624170896,0.0017162079829356888,0.0009899159991536544,0.000942003016559298,0.0010307064253308172,-6.392847532354695,0.7786271600675886,0.7634820999996919
highdim_strong,Strong nonlinear,20,cuda,NVIDIA GeForce RTX 4070 Ti SUPER,2,1,10000,7500,2500,"128,64,32",tanh,1000,2,True,270,271,0.05,375,500,2,1375,0.0010438777919211857,0.0015375162451402823,0.001272865842534128,0.0007442494505509709,0.020406304373934977,0.010835314019776394,0.0013144486886115612,0.0012713387972557648,0.0013512802526623254,0.0008828637652814366,0.0007957781353319265,0.000887884621875346,3.1635199181001714,15.700532764109841,1.2422789999995985
highdim_strong,Strong nonlinear,20,cuda,NVIDIA GeForce RTX 4070 Ti SUPER,2,1,10000,7500,2500,"128,64,32",tanh,1000,2,True,270,271,0.05,375,500,3,1875,0.0010438777919211857,0.0013986070918271547,0.0011253552431946554,0.0007074676848111613,0.020406304373934977,0.010835314019776394,0.0011624849232740129,0.0011277696391348983,0.00117309553455414,0.0007084178686868579,0.0006712096324980774,0.000743560070473015,3.1939923981797373,0.13412759865275,2.17079909999984
highdim_strong,Strong nonlinear,20,cuda,NVIDIA GeForce RTX 4070 Ti SUPER,2,1,10000,7500,2500,"128,64,32",tanh,1000,2,True,270,271,0.05,375,500,4,2375,0.0010438777919211857,0.0013113875151841282,0.0010387038484746469,0.00068037206078404,0.020406304373934977,0.010835314019776394,0.0010910325371938155,0.0010467133659925903,0.0011106840704192232,0.000638622125559244,0.0006249472568835083,0.0006937708644064717,4.796253726195955,-6.537502155634733,3.4415006999997786
highdim_strong,Strong nonlinear,20,cuda,NVIDIA GeForce RTX 4070 Ti SUPER,2,1,10000,7500,2500,"128,64,32",tanh,1000,2,True,270,271,0.05,375,500,5,2875,0.0010438777919211857,0.0012619805171830212,0.0009926226768975134,0.0006768637098726257,0.020406304373934977,0.010835314019776394,0.0010573559722062136,0.0010310078882181416,0.0010935587901187095,0.0006978601420515914,0.0006606683092130181,0.0007506545717362513,6.122185622466549,3.008687688802475,4.543153299999631
highdim_strong,Strong nonlinear,20,cuda,NVIDIA GeForce RTX 4070 Ti SUPER,2,1,10000,7500,2500,"128,64,32",tanh,1000,2,True,270,271,0.1,750,500,0,750,0.0010438777919211857,0.001628967078902551,0.0014264512903685068,0.0008068332042469612,0.001064394059582664,0.0006375963198885406,0.001418265566607537,0.0013681146240823296,0.0015706302295849283,0.0008703042629095107,0.0008288758056979046,0.000960700080387781,-0.5771643868186004,7.292973430965355,0.3318464999997559
highdim_strong,Strong nonlinear,20,cuda,NVIDIA GeForce RTX 4070 Ti SUPER,2,1,10000,7500,2500,"128,64,32",tanh,1000,2,True,270,271,0.1,750,500,1,1250,0.0010438777919211857,0.0015873216911210034,0.0013591559097531354,0.000745522996663106,0.001064394059582664,0.0006375963198885406,0.001182593634393232,0.0011416863874452092,0.0012068437622522869,0.0007000650540777123,0.0006134864574870335,0.000846830458040314,-14.93008842809258,-6.493388338785373,0.8116489999997611
highdim_strong,Strong nonlinear,20,cuda,NVIDIA GeForce RTX 4070 Ti SUPER,2,1,10000,7500,2500,"128,64,32",tanh,1000,2,True,270,271,0.1,750,500,2,1750,0.0010438777919211857,0.001412497925794404,0.001141150216305601,0.0007291237791132842,0.001064394059582664,0.0006375963198885406,0.0010758849191684582,0.0010642464376237606,0.0010996779285892383,0.0006361437330341621,0.0005731217440404736,0.000737957302700361,-6.066196855662395,-14.61620090724512,1.6330610999998498
highdim_strong,Strong nonlinear,20,cuda,NVIDIA GeForce RTX 4070 Ti SUPER,2,1,10000,7500,2500,"128,64,32",tanh,1000,2,True,270,271,0.1,750,500,3,2250,0.0010438777919211857,0.0013399083401546548,0.001078271056493475,0.000669854136561803,0.001064394059582664,0.0006375963198885406,0.0010556880634477257,0.0010019953661324506,0.0010937181598589109,0.0006854698735981673,0.0005739213076639352,0.0007286729409055126,-2.1391729079512833,2.2781069800185683,2.5643709999999373
highdim_strong,Strong nonlinear,20,cuda,NVIDIA GeForce RTX 4070 Ti SUPER,2,1,10000,7500,2500,"128,64,32",tanh,1000,2,True,270,271,0.1,750,500,4,2750,0.0010438777919211857,0.0012825333107872032,0.001011081727837158,0.0005941668962085202,0.001064394059582664,0.0006375963198885406,0.0009835135914474519,0.0009702457560114138,0.0010041837290007563,0.0006380767306898087,0.0005918369505429444,0.0006778358574860546,-2.803025461919004,6.881591565612914,3.6170267999996213
highdim_strong,Strong nonlinear,20,cuda,NVIDIA GeForce RTX 4070 Ti SUPER,2,1,10000,7500,2500,"128,64,32",tanh,1000,2,True,270,271,0.1,750,500,5,3250,0.0010438777919211857,0.0012476103874585742,0.0009778899025725688,0.0007186382951965827,0.001064394059582664,0.0006375963198885406,0.000970305824442788,0.0009553308781191821,0.0009816453032513578,0.0006093512038450157,0.0005911808256510038,0.0006384222919338055,-0.7816172941284831,-17.934992277353977,4.736172899999929
highdim_poly2,Quadratic,50,cuda,NVIDIA GeForce RTX 4070 Ti SUPER,0,0,10000,7500,2500,"128,64,32",tanh,1000,2,True,1425,1426,0.05,375,500,0,375,0.04109597010146761,0.0400182860048431,0.04878779664678067,0.011588852988793912,0.03953346367032011,0.00601458862423758,0.049341230550473805,0.048732277182143166,0.05068738458776313,0.011924317338877331,0.011718679512952976,0.012462461578907295,1.1216459288079486,2.813279289286369,0.20088799999984985
highdim_poly2,Quadratic,50,cuda,NVIDIA GeForce RTX 4070 Ti SUPER,0,0,10000,7500,2500,"128,64,32",tanh,1000,2,True,1425,1426,0.05,375,500,1,875,0.04109597010146761,0.030738559753548604,0.04709314618556149,0.011791873963902341,0.03953346367032011,0.00601458862423758,0.05122170134805624,0.050594809887607034,0.0528843079489808,0.013379083099167868,0.012886085606818136,0.013975837735046013,8.060167963654367,11.863362560056496,0.8640356000000793
highdim_poly2,Quadratic,50,cuda,NVIDIA GeForce RTX 4070 Ti SUPER,0,0,10000,7500,2500,"128,64,32",tanh,1000,2,True,1425,1426,0.05,375,500,2,1375,0.04109597010146761,0.5802711385391123,0.6248583227399774,0.14142628941677277,0.03953346367032011,0.00601458862423758,0.5971395028584334,0.5426917619532425,0.868487304799823,0.136955134990817,0.12591686766369575,0.18697111469026673,-4.641933710440764,-3.2646854944544956,11.58735569999999
highdim_poly2,Quadratic,50,cuda,NVIDIA GeForce RTX 4070 Ti SUPER,0,0,10000,7500,2500,"128,64,32",tanh,1000,2,True,1425,1426,0.05,375,500,3,1875,0.04109597010146761,0.021925661371843794,0.04856431815344048,0.013187834850258281,0.03953346367032011,0.00601458862423758,0.05565541663276869,0.05462179044677848,0.05699622386684776,0.014923173347442881,0.014281336679649016,0.014994470250206015,12.741075187914646,11.62848180331534,24.79038410000021
highdim_poly2,Quadratic,50,cuda,NVIDIA GeForce RTX 4070 Ti SUPER,0,0,10000,7500,2500,"128,64,32",tanh,1000,2,True,1425,1426,0.05,375,500,4,2375,0.04109597010146761,0.013361079890900072,0.04124923734448972,0.010754611217610668,0.03953346367032011,0.00601458862423758,0.043051529170465494,0.04275438886977513,0.044263989592673005,0.011398125931329241,0.011235571932064257,0.01167005834223804,4.186359603719238,5.645794033120734,35.375865200000135
highdim_poly2,Quadratic,50,cuda,NVIDIA GeForce RTX 4070 Ti SUPER,0,0,10000,7500,2500,"128,64,32",tanh,1000,2,True,1425,1426,0.05,375,500,5,2875,0.04109597010146761,0.011101646272400189,0.0393755863388195,0.010204168811898043,0.03953346367032011,0.00601458862423758,0.04033667002715489,0.03997945268873649,0.040848445074285686,0.01084361727670137,0.010693030510587056,0.01092828946487317,2.3826550076850244,5.897003264558662,44.475578399999904
highdim_poly2,Quadratic,50,cuda,NVIDIA GeForce RTX 4070 Ti SUPER,0,0,10000,7500,2500,"128,64,32",tanh,1000,2,True,1425,1426,0.1,750,500,0,750,0.04109597010146761,0.032336295678001746,0.04744403435900766,0.012103880445854934,0.03376715179437311,0.005857329099992977,0.05062772798410185,0.04953543293192605,0.05105761296793879,0.013110887265309441,0.012817470190771377,0.013157733705644919,6.288438671579215,7.6806916196967245,0.5848509000002196
highdim_poly2,Quadratic,50,cuda,NVIDIA GeForce RTX 4070 Ti SUPER,0,0,10000,7500,2500,"128,64,32",tanh,1000,2,True,1425,1426,0.1,750,500,1,1250,0.04109597010146761,0.07224093078563319,0.10018306157522669,0.02560412009239292,0.03376715179437311,0.005857329099992977,0.14608496965296414,0.13413190154344665,0.16057852499884473,0.036296370153944234,0.03376914717982494,0.040693865748103415,31.421376331035898,29.458180022415863,4.3776818999999705
highdim_poly2,Quadratic,50,cuda,NVIDIA GeForce RTX 4070 Ti SUPER,0,0,10000,7500,2500,"128,64,32",tanh,1000,2,True,1425,1426,0.1,750,500,2,1750,0.04109597010146761,0.028886033351753052,0.058921302164300506,0.015592917778738336,0.03376715179437311,0.005857329099992977,0.062490650008997395,0.06123578953782774,0.06531688552070546,0.01663798613406372,0.01596931513029145,0.016872441032627337,5.711811037623989,6.281219054424902,17.053700500000105
highdim_poly2,Quadratic,50,cuda,NVIDIA GeForce RTX 4070 Ti SUPER,0,0,10000,7500,2500,"128,64,32",tanh,1000,2,True,1425,1426,0.1,750,500,3,2250,0.04109597010146761,0.014811452236004488,0.04400015895699916,0.012468873301930299,0.03376715179437311,0.005857329099992977,0.045196404701349134,0.04467379461360238,0.04567676411585486,0.011805831941070651,0.011739792374683469,0.01193805932901483,2.6467719108512795,-5.616218866821487,29.091931000000386
highdim_poly2,Quadratic,50,cuda,NVIDIA GeForce RTX 4070 Ti SUPER,0,0,10000,7500,2500,"128,64,32",tanh,1000,2,True,1425,1426,0.1,750,500,4,2750,0.04109597010146761,0.011580904272110504,0.040198933922023714,0.010226576487832812,0.03376715179437311,0.005857329099992977,0.04096915554736462,0.0406922362251151,0.04122234215807852,0.010687722299247547,0.010527962918088345,0.010806283891414149,1.880003663854992,4.31472486375513,38.84460950000039
highdim_poly2,Quadratic,50,cuda,NVIDIA GeForce RTX 4070 Ti SUPER,0,0,10000,7500,2500,"128,64,32",tanh,1000,2,True,1425,1426,0.1,750,500,5,3250,0.04109597010146761,0.010051225864729148,0.038383088637021216,0.010477679024933895,0.03376715179437311,0.005857329099992977,0.038913439725841804,0.03807041634023334,0.039396768418981154,0.010258040656283829,0.010069058318463699,0.01043175907780819,1.3628995343436328,-2.141133731182098,47.85147790000019
highdim_poly2,Quadratic,50,cuda,NVIDIA GeForce RTX 4070 Ti SUPER,0,1,10000,7500,2500,"128,64,32",tanh,1000,2,True,1425,1426,0.05,375,500,0,375,0.03680037033606514,0.03987543980283855,0.047484391393324187,0.011082273307804851,0.04664860655214765,0.006610749806447711,0.046845032917344626,0.04620501025554173,0.048300560743868834,0.011452407457481904,0.01090839454319847,0.011791637710390282,-1.3648372861807405,3.231933120186385,0.22751319999997577
highdim_poly2,Quadratic,50,cuda,NVIDIA GeForce RTX 4070 Ti SUPER,0,1,10000,7500,2500,"128,64,32",tanh,1000,2,True,1425,1426,0.05,375,500,1,875,0.03680037033606514,0.02911880681819621,0.04274495382453492,0.011393401945145536,0.04664860655214765,0.006610749806447711,0.0469011577214825,0.045932926856891064,0.047546421304944735,0.011970142950125124,0.011691144942566473,0.012818576407113334,8.861623249534153,4.818163052710742,0.9357357999997475
highdim_poly2,Quadratic,50,cuda,NVIDIA GeForce RTX 4070 Ti SUPER,0,1,10000,7500,2500,"128,64,32",tanh,1000,2,True,1425,1426,0.05,375,500,2,1375,0.03680037033606514,0.5122507116672043,0.546724518101334,0.12475401496911884,0.04664860655214765,0.006610749806447711,0.7079004954947253,0.5478232004372915,0.8151736914722589,0.1529093370903698,0.12910079855795037,0.174896806756193,22.76816846705996,18.413082325123874,11.69978349999974
highdim_poly2,Quadratic,50,cuda,NVIDIA GeForce RTX 4070 Ti SUPER,0,1,10000,7500,2500,"128,64,32",tanh,1000,2,True,1425,1426,0.05,375,500,3,1875,0.03680037033606514,0.01894415906620753,0.043037628664586,0.011408694762596861,0.04664860655214765,0.006610749806447711,0.05008075318234839,0.048509715287989905,0.050806127338554274,0.013085792941261899,0.012373479426744018,0.013293034582554517,14.06353553054157,12.816175421642507,25.03241479999997
highdim_poly2,Quadratic,50,cuda,NVIDIA GeForce RTX 4070 Ti SUPER,0,1,10000,7500,2500,"128,64,32",tanh,1000,2,True,1425,1426,0.05,375,500,4,2375,0.03680037033606514,0.013397029956527745,0.03637540647790859,0.008829541126492526,0.04664860655214765,0.006610749806447711,0.03811398914846717,0.03744239797620732,0.03863967256716338,0.010196474159651627,0.009729469767336487,0.010393562077336911,4.561534253961721,13.405938285688784,36.02393589999974
highdim_poly2,Quadratic,50,cuda,NVIDIA GeForce RTX 4070 Ti SUPER,0,1,10000,7500,2500,"128,64,32",tanh,1000,2,True,1425,1426,0.05,375,500,5,2875,0.03680037033606514,0.011316688513262218,0.03396771101954692,0.009170338325272965,0.04664860655214765,0.006610749806447711,0.03473725486419671,0.03459300061913874,0.035258378743352796,0.009330439541074747,0.009038723172280869,0.009420323312052996,2.2153271686501403,1.7159021833535228,45.78677569999991
highdim_poly2,Quadratic,50,cuda,NVIDIA GeForce RTX 4070 Ti SUPER,0,1,10000,7500,2500,"128,64,32",tanh,1000,2,True,1425,1426,0.1,750,500,0,750,0.03680037033606514,0.03106810310217329,0.04442390337922844,0.012203773663500738,0.03449522527263842,0.006859258295796826,0.04660708885744349,0.04556986966795479,0.046906679502062384,0.011691345920432347,0.01142546038084781,0.01180762794071425,4.6842348057668435,-4.382966226094192,0.5310359000000062
highdim_poly2,Quadratic,50,cuda,NVIDIA GeForce RTX 4070 Ti SUPER,0,1,10000,7500,2500,"128,64,32",tanh,1000,2,True,1425,1426,0.1,750,500,1,1250,0.03680037033606514,0.09141799279003153,0.11096371576631055,0.028408774961166443,0.03449522527263842,0.006859258295796826,0.14576804952555972,0.13849237898771216,0.15424600307789854,0.03738036586097424,0.035029576633988375,0.03922694556808959,23.876517434738947,24.000810835225927,4.904060899999877
highdim_poly2,Quadratic,50,cuda,NVIDIA GeForce RTX 4070 Ti SUPER,0,1,10000,7500,2500,"128,64,32",tanh,1000,2,True,1425,1426,0.1,750,500,2,1750,0.03680037033606514,0.02701890754524343,0.049210253785093666,0.013351827291930986,0.03449522527263842,0.006859258295796826,0.058503246830637505,0.057293227868892474,0.061087258061795935,0.015321294719141062,0.015230473465728958,0.016083527334475926,15.884576581614956,12.854445158277636,18.39679120000028
highdim_poly2,Quadratic,50,cuda,NVIDIA GeForce RTX 4070 Ti SUPER,0,1,10000,7500,2500,"128,64,32",tanh,1000,2,True,1425,1426,0.1,750,500,3,2250,0.03680037033606514,0.013908124185239498,0.03567059549031486,0.008880434495411987,0.03449522527263842,0.006859258295796826,0.03904643596093652,0.03873057274928385,0.03992444203657027,0.01020576799657524,0.010081077209928464,0.01045483187964727,8.645707060175681,12.986122177262864,30.17980230000012
highdim_poly2,Quadratic,50,cuda,NVIDIA GeForce RTX 4070 Ti SUPER,0,1,10000,7500,2500,"128,64,32",tanh,1000,2,True,1425,1426,0.1,750,500,4,2750,0.03680037033606514,0.01164830468691636,0.03425403110457856,0.009272521458129061,0.03449522527263842,0.006859258295796826,0.03552297689224063,0.035206406765363865,0.035980718929626385,0.009133856935842975,0.008950629725393948,0.009398115309536523,3.5721831295598814,-1.5181376636406505,39.76362229999995
highdim_poly2,Quadratic,50,cuda,NVIDIA GeForce RTX 4070 Ti SUPER,0,1,10000,7500,2500,"128,64,32",tanh,1000,2,True,1425,1426,0.1,750,500,5,3250,0.03680037033606514,0.010271159861692553,0.0326492211977936,0.007540853834330827,0.03449522527263842,0.006859258295796826,0.03368240140060206,0.03323562079201976,0.03423918351682722,0.008932726079932068,0.008665692511125582,0.009271693176762942,3.067418473286146,15.58171865057152,48.60368440000002
highdim_poly2,Quadratic,50,cuda,NVIDIA GeForce RTX 4070 Ti SUPER,1,0,10000,7500,2500,"128,64,32",tanh,1000,2,True,1425,1426,0.05,375,500,0,375,0.04008685246727477,0.03684138502366061,0.04825900498931301,0.01109489702341926,0.04379720065837212,0.005810150930181985,0.049688644074514746,0.049547245610294804,0.05006281224811572,0.012450468274702711,0.012204132832074385,0.012548316399443274,2.877194803419879,10.887712986970513,0.20296579999967435
highdim_poly2,Quadratic,50,cuda,NVIDIA GeForce RTX 4070 Ti SUPER,1,0,10000,7500,2500,"128,64,32",tanh,1000,2,True,1425,1426,0.05,375,500,1,875,0.04008685246727477,0.027238078750910392,0.04541734983626925,0.0117077804904408,0.04379720065837212,0.005810150930181985,0.050531554003058324,0.04996597735765028,0.051021349908778685,0.013091481283365774,0.012601793264768275,0.013313120504301564,10.120813158604909,10.569474629911623,0.8309686999996302
highdim_poly2,Quadratic,50,cuda,NVIDIA GeForce RTX 4070 Ti SUPER,1,0,10000,7500,2500,"128,64,32",tanh,1000,2,True,1425,1426,0.05,375,500,2,1375,0.04008685246727477,0.6868940468757608,0.7200003465925553,0.15672748730482072,0.04379720065837212,0.005810150930181985,0.8540254935292892,0.7127964372101169,0.9459302921495365,0.1811058434845495,0.15983054002756814,0.2074863094627894,15.693342640495485,13.46083357150679,11.037782699999752
highdim_poly2,Quadratic,50,cuda,NVIDIA GeForce RTX 4070 Ti SUPER,1,0,10000,7500,2500,"128,64,32",tanh,1000,2,True,1425,1426,0.05,375,500,3,1875,0.04008685246727477,0.020099118369077216,0.04493946035500076,0.011755390089003163,0.04379720065837212,0.005810150930181985,0.05458965900733205,0.052890196005634924,0.05529964981287158,0.014323268818115022,0.01424938309196735,0.01463166057441279,17.677704583271264,17.92802161099004,24.12439600000016
highdim_poly2,Quadratic,50,cuda,NVIDIA GeForce RTX 4070 Ti SUPER,1,0,10000,7500,2500,"128,64,32",tanh,1000,2,True,1425,1426,0.05,375,500,4,2375,0.04008685246727477,0.013157677371522852,0.03853548940772439,0.010008599258386274,0.04379720065837212,0.005810150930181985,0.04084939155690906,0.04032806721815853,0.04195971969832611,0.011123525005353452,0.010654588017566535,0.011291967589422656,5.6644715159614405,10.023133372115357,34.86175019999973
highdim_poly2,Quadratic,50,cuda,NVIDIA GeForce RTX 4070 Ti SUPER,1,0,10000,7500,2500,"128,64,32",tanh,1000,2,True,1425,1426,0.05,375,500,5,2875,0.04008685246727477,0.010761260010508915,0.036145897750256575,0.009383182088914902,0.04379720065837212,0.005810150930181985,0.03781039050295999,0.03745331597010339,0.03836577070219574,0.01013882409910445,0.010037169883990523,0.010487336806552349,4.4022098967031615,7.452955123822425,44.0995826999997
highdim_poly2,Quadratic,50,cuda,NVIDIA GeForce RTX 4070 Ti SUPER,1,0,10000,7500,2500,"128,64,32",tanh,1000,2,True,1425,1426,0.1,750,500,0,750,0.04008685246727477,0.031247445517556673,0.04718699665180156,0.01302152971357945,0.030299989441911823,0.006453854296798971,0.04831831421601164,0.04758037254571604,0.0489253924807209,0.012463415208292541,0.012077499764730212,0.012856962783394758,2.3413845920874183,-4.478022243177505,0.4680517000006148
highdim_poly2,Quadratic,50,cuda,NVIDIA GeForce RTX 4070 Ti SUPER,1,0,10000,7500,2500,"128,64,32",tanh,1000,2,True,1425,1426,0.1,750,500,1,1250,0.04008685246727477,0.08800661594264578,0.11427292649317516,0.028279606254240343,0.030299989441911823,0.006453854296798971,0.14654828028474726,0.13824633867046365,0.15232622209215055,0.03839442707321376,0.034911162674764795,0.039482166566537684,22.023700127261957,26.344502548991336,4.466764000000694
highdim_poly2,Quadratic,50,cuda,NVIDIA GeForce RTX 4070 Ti SUPER,1,0,10000,7500,2500,"128,64,32",tanh,1000,2,True,1425,1426,0.1,750,500,2,1750,0.04008685246727477,0.03044323599139468,0.053601598173651656,0.014176430485295573,0.030299989441911823,0.006453854296798971,0.06045700119524264,0.05805856601212826,0.06331113261708618,0.016206311912478146,0.01608613448492837,0.017068713876492773,11.339303779643034,12.525252124881378,17.13769930000035
highdim_poly2,Quadratic,50,cuda,NVIDIA GeForce RTX 4070 Ti SUPER,1,0,10000,7500,2500,"128,64,32",tanh,1000,2,True,1425,1426,0.1,750,500,3,2250,0.04008685246727477,0.01462747179379692,0.03898274750794638,0.01088550647491792,0.030299989441911823,0.006453854296798971,0.04273413293408562,0.0420349551281497,0.04360555141952982,0.011504754550439292,0.010842224571691494,0.011688386547312208,8.778428784141921,5.382540521020732,28.314491800000724
highdim_poly2,Quadratic,50,cuda,NVIDIA GeForce RTX 4070 Ti SUPER,1,0,10000,7500,2500,"128,64,32",tanh,1000,2,True,1425,1426,0.1,750,500,4,2750,0.04008685246727477,0.012047800508721227,0.03661405302487068,0.010141979202914318,0.030299989441911823,0.006453854296798971,0.03841885047649578,0.03793227198717469,0.03878009394800891,0.01029049731909811,0.010121666638616774,0.010484745681135763,4.69768727913723,1.4432549912641985,37.19179410000015
highdim_poly2,Quadratic,50,cuda,NVIDIA GeForce RTX 4070 Ti SUPER,1,0,10000,7500,2500,"128,64,32",tanh,1000,2,True,1425,1426,0.1,750,500,5,3250,0.04008685246727477,0.01030177930734418,0.03520640940282377,0.009358581825648488,0.030299989441911823,0.006453854296798971,0.03662351481350666,0.0363082952744415,0.03692684883794372,0.009826597841474308,0.009731648148619081,0.010095455852977104,3.869386698406859,4.762747223158999,45.67711120000058
highdim_poly2,Quadratic,50,cuda,NVIDIA GeForce RTX 4070 Ti SUPER,1,1,10000,7500,2500,"128,64,32",tanh,1000,2,True,1425,1426,0.05,375,500,0,375,0.041307701561174894,0.039102749982993734,0.04860375643947539,0.011292348029791986,0.04089783291075964,0.006078905702483752,0.04855999118201012,0.04705355901524638,0.04896872379379648,0.01229502946182235,0.01198083306602252,0.012432778321298951,-0.09012616435870788,8.155177140028982,0.20496599999933096
highdim_poly2,Quadratic,50,cuda,NVIDIA GeForce RTX 4070 Ti SUPER,1,1,10000,7500,2500,"128,64,32",tanh,1000,2,True,1425,1426,0.05,375,500,1,875,0.041307701561174894,0.028737529435120354,0.04979700493740695,0.012272519430587023,0.04089783291075964,0.006078905702483752,0.05126624790578657,0.0510224007354996,0.052282811798749884,0.01383602698713529,0.013728129953534852,0.014329267374923897,2.8659069629587313,11.300263854660102,0.8794438999993872
highdim_poly2,Quadratic,50,cuda,NVIDIA GeForce RTX 4070 Ti SUPER,1,1,10000,7500,2500,"128,64,32",tanh,1000,2,True,1425,1426,0.05,375,500,2,1375,0.041307701561174894,0.5781782063074825,0.6122265581456743,0.13979505050831578,0.04089783291075964,0.006078905702483752,0.8899930640397096,0.7010102259986936,0.9868450116884186,0.1947961805584718,0.1551492665086283,0.20933751574574322,31.209962989289316,28.235219957840183,11.13668030000008
highdim_poly2,Quadratic,50,cuda,NVIDIA GeForce RTX 4070 Ti SUPER,1,1,10000,7500,2500,"128,64,32",tanh,1000,2,True,1425,1426,0.05,375,500,3,1875,0.041307701561174894,0.022851730527935616,0.050818861505668576,0.01350859846119934,0.04089783291075964,0.006078905702483752,0.05520351280886757,0.05404196788680454,0.057324139958319434,0.014986615135973661,0.014038044887617177,0.01578199582530201,7.942703426102753,9.862244818888497,24.74014029999944
highdim_poly2,Quadratic,50,cuda,NVIDIA GeForce RTX 4070 Ti SUPER,1,1,10000,7500,2500,"128,64,32",tanh,1000,2,True,1425,1426,0.05,375,500,4,2375,0.041307701561174894,0.0136801670980151,0.04058527471230065,0.01062963846617224,0.04089783291075964,0.006078905702483752,0.042986173106577916,0.04232777509136445,0.043994030630391256,0.011443838851193348,0.010822751836284727,0.011762653254161896,5.58528061645449,7.114748779743646,35.6211672999998
highdim_poly2,Quadratic,50,cuda,NVIDIA GeForce RTX 4070 Ti SUPER,1,1,10000,7500,2500,"128,64,32",tanh,1000,2,True,1425,1426,0.05,375,500,5,2875,0.041307701561174894,0.011438140555268062,0.03868445931858471,0.010150870135666505,0.04089783291075964,0.006078905702483752,0.03932319199109431,0.03896331909063498,0.03966488749685724,0.010862452879177822,0.010469876582029063,0.011140012318672192,1.6243154234637311,6.550847689984887,44.944920699999784
highdim_poly2,Quadratic,50,cuda,NVIDIA GeForce RTX 4070 Ti SUPER,1,1,10000,7500,2500,"128,64,32",tanh,1000,2,True,1425,1426,0.1,750,500,0,750,0.041307701561174894,0.032881349003507976,0.05049408319831365,0.013575974194778085,0.02719125358783592,0.0053365772769014466,0.04862224888619626,0.04751262387960338,0.04935901165708999,0.012640538395553465,0.012511348858906684,0.012959750377308534,-3.849748530757078,-7.400284465364837,0.42742080000061833
highdim_poly2,Quadratic,50,cuda,NVIDIA GeForce RTX 4070 Ti SUPER,1,1,10000,7500,2500,"128,64,32",tanh,1000,2,True,1425,1426,0.1,750,500,1,1250,0.041307701561174894,0.09232949992827169,0.1177331280673689,0.03023774999744214,0.02719125358783592,0.0053365772769014466,0.15040960646080537,0.13377844012260048,0.1555458248818284,0.038068248245264905,0.0359729720194988,0.04049707315720548,21.72499427551624,20.56963114607396,3.993514000000687
highdim_poly2,Quadratic,50,cuda,NVIDIA GeForce RTX 4070 Ti SUPER,1,1,10000,7500,2500,"128,64,32",tanh,1000,2,True,1425,1426,0.1,750,500,2,1750,0.041307701561174894,0.028480366730776956,0.05604523087266907,0.015904982372278227,0.02719125358783592,0.0053365772769014466,0.06301037755520672,0.06156935139959224,0.0651736626433284,0.015823650892311587,0.015715371078625744,0.01673843353588966,11.053967541196078,-0.5139868196040475,16.554178700000193
highdim_poly2,Quadratic,50,cuda,NVIDIA GeForce RTX 4070 Ti SUPER,1,1,10000,7500,2500,"128,64,32",tanh,1000,2,True,1425,1426,0.1,750,500,3,2250,0.041307701561174894,0.01497151868563179,0.04171489748475108,0.01098791020573827,0.02719125358783592,0.0053365772769014466,0.04370115969737752,0.04279834301783349,0.04424262006932838,0.011717221443032954,0.011443206682058175,0.012149749050985282,4.545101837985398,6.22426776553183,28.248625700000048
highdim_poly2,Quadratic,50,cuda,NVIDIA GeForce RTX 4070 Ti SUPER,1,1,10000,7500,2500,"128,64,32",tanh,1000,2,True,1425,1426,0.1,750,500,4,2750,0.041307701561174894,0.01195117021040144,0.038631728761673284,0.009658441015582074,0.02719125358783592,0.0053365772769014466,0.04025794424392604,0.03944243439026675,0.04051431269678202,0.010619535124775287,0.010444353648747533,0.01088355023198622,4.039489628182183,9.050246530575413,38.71558499999992
highdim_poly2,Quadratic,50,cuda,NVIDIA GeForce RTX 4070 Ti SUPER,1,1,10000,7500,2500,"128,64,32",tanh,1000,2,True,1425,1426,0.1,750,500,5,3250,0.041307701561174894,0.010304862520871708,0.03707656237412231,0.010325419133243072,0.02719125358783592,0.0053365772769014466,0.037582060416931004,0.03706729655536588,0.03806229599491401,0.0101349350069092,0.009989389796379665,0.01025953204022083,1.3450514346492919,-1.8794804920210595,47.85103470000013
highdim_poly2,Quadratic,50,cuda,NVIDIA GeForce RTX 4070 Ti SUPER,2,0,10000,7500,2500,"128,64,32",tanh,1000,2,True,1425,1426,0.05,375,500,0,375,0.02686392302398275,0.03288591209769612,0.03785281429284984,0.009402965031118395,0.03442376620147785,0.005129159583141692,0.03811586344815157,0.037505768661893646,0.038822769807687646,0.009638509945854344,0.009526965104096372,0.01010853451507578,0.6901303853697369,2.443789714999052,0.29480710000007093
highdim_poly2,Quadratic,50,cuda,NVIDIA GeForce RTX 4070 Ti SUPER,2,0,10000,7500,2500,"128,64,32",tanh,1000,2,True,1425,1426,0.05,375,500,1,875,0.02686392302398275,0.027737731588694386,0.03717804219104469,0.009440726819432432,0.03442376620147785,0.005129159583141692,0.038084713272203,0.03705469420049188,0.0382816981726753,0.010043529995994966,0.009436929036896063,0.01024732298203627,2.380669311274738,6.001905473502969,1.1371509000000515
highdim_poly2,Quadratic,50,cuda,NVIDIA GeForce RTX 4070 Ti SUPER,2,0,10000,7500,2500,"128,64,32",tanh,1000,2,True,1425,1426,0.05,375,500,2,1375,0.02686392302398275,0.7840070955337022,0.7891388426641164,0.1758720834219393,0.03442376620147785,0.005129159583141692,0.6425607221449281,0.5445235345402424,0.7823065974308758,0.15075197113116318,0.12812442631978627,0.17713310596537946,-22.81155935425009,-16.663206525452416,12.37840899999992
highdim_poly2,Quadratic,50,cuda,NVIDIA GeForce RTX 4070 Ti SUPER,2,0,10000,7500,2500,"128,64,32",tanh,1000,2,True,1425,1426,0.05,375,500,3,1875,0.02686392302398275,0.01624351830670408,0.029016121967095597,0.008134120200631818,0.03442376620147785,0.005129159583141692,0.03725397577930773,0.036848890817395945,0.03754334452963353,0.010047473915951576,0.009734311254265406,0.010251445232991109,22.112683652915646,19.04313194863913,26.139787799999795
highdim_poly2,Quadratic,50,cuda,NVIDIA GeForce RTX 4070 Ti SUPER,2,0,10000,7500,2500,"128,64,32",tanh,1000,2,True,1425,1426,0.05,375,500,4,2375,0.02686392302398275,0.011327695031125398,0.02389070729977991,0.0071926964755737975,0.03442376620147785,0.005129159583141692,0.026870384023036726,0.026634406334072668,0.02713015859664254,0.007232472795248617,0.0072098306614721795,0.00729737078969801,11.089073832001272,0.5499684658468506,39.42517559999942
highdim_poly2,Quadratic,50,cuda,NVIDIA GeForce RTX 4070 Ti SUPER,2,0,10000,7500,2500,"128,64,32",tanh,1000,2,True,1425,1426,0.05,375,500,5,2875,0.02686392302398275,0.009766249781745244,0.022230850499603248,0.006018910646217906,0.03442376620147785,0.005129159583141692,0.02348467536387342,0.02324752921510378,0.023973106668976382,0.006409433489159944,0.0063371114546435185,0.006697900029117873,5.338906520287428,6.092938535090754,51.120586099999855
highdim_poly2,Quadratic,50,cuda,NVIDIA GeForce RTX 4070 Ti SUPER,2,0,10000,7500,2500,"128,64,32",tanh,1000,2,True,1425,1426,0.1,750,500,0,750,0.02686392302398275,0.029727243902358227,0.03742786998813166,0.009907655937035607,0.029916410044229163,0.006576323077260914,0.035791448806006175,0.03500336497200415,0.036710686375596505,0.009355906183628153,0.009084512412064783,0.009614719937806698,-4.572100981424588,-5.8973416639529495,0.48344749999978376
highdim_poly2,Quadratic,50,cuda,NVIDIA GeForce RTX 4070 Ti SUPER,2,0,10000,7500,2500,"128,64,32",tanh,1000,2,True,1425,1426,0.1,750,500,1,1250,0.02686392302398275,0.10128527520894667,0.11082628332685177,0.03132175184897747,0.029916410044229163,0.006576323077260914,0.11697549113022962,0.10738352539619181,0.129486195873094,0.030961960530788254,0.028874259093946794,0.032522054730391534,5.2568343539005955,-1.1620430748609734,4.6778574999998455
highdim_poly2,Quadratic,50,cuda,NVIDIA GeForce RTX 4070 Ti SUPER,2,0,10000,7500,2500,"128,64,32",tanh,1000,2,True,1425,1426,0.1,750,500,2,1750,0.02686392302398275,0.025596348843796825,0.03700465290257277,0.009719614592673585,0.029916410044229163,0.006576323077260914,0.042889156390606004,0.04206863657154361,0.04437691070154258,0.011495830923053776,0.011227355295795938,0.011781709089368108,13.720259345838082,15.450960807175417,17.56297309999991
highdim_poly2,Quadratic,50,cuda,NVIDIA GeForce RTX 4070 Ti SUPER,2,0,10000,7500,2500,"128,64,32",tanh,1000,2,True,1425,1426,0.1,750,500,3,2250,0.02686392302398275,0.012096972724020652,0.02379186459824961,0.006940339487577983,0.029916410044229163,0.006576323077260914,0.028522206721055703,0.027942753744036732,0.029336005972900817,0.007644129237572553,0.007416641065581018,0.007921069381891448,16.584769085605338,9.206931595757048,31.351772500000152
highdim_poly2,Quadratic,50,cuda,NVIDIA GeForce RTX 4070 Ti SUPER,2,0,10000,7500,2500,"128,64,32",tanh,1000,2,True,1425,1426,0.1,750,500,4,2750,0.02686392302398275,0.009905096862716652,0.022305687457804632,0.006372784429324277,0.029916410044229163,0.006576323077260914,0.024416190932173388,0.02416556953072228,0.024799563874383417,0.006758652578999101,0.00637083154724965,0.006940350944243456,8.643868653516018,5.709246705087595,41.895966600000065
highdim_poly2,Quadratic,50,cuda,NVIDIA GeForce RTX 4070 Ti SUPER,2,0,10000,7500,2500,"128,64,32",tanh,1000,2,True,1425,1426,0.1,750,500,5,3250,0.02686392302398275,0.009184468020504316,0.021766866523818554,0.0059396268590865605,0.029916410044229163,0.006576323077260914,0.02259167062580219,0.022124226097759266,0.02288817025769215,0.0061306505137485555,0.0060643362030668784,0.006259271419578612,3.650921242812462,3.1158790447050704,52.07151330000033
highdim_poly2,Quadratic,50,cuda,NVIDIA GeForce RTX 4070 Ti SUPER,2,1,10000,7500,2500,"128,64,32",tanh,1000,2,True,1425,1426,0.05,375,500,0,375,0.035944589570348455,0.032408044965516504,0.04242166786206212,0.010436091480362519,0.036668379727252946,0.005975783824136889,0.04269662799050247,0.04170248763305456,0.04372839508724596,0.010701371270968148,0.010415184407343011,0.011146586960904866,0.6439855824247198,2.47893268898454,0.26009849999991275
highdim_poly2,Quadratic,50,cuda,NVIDIA GeForce RTX 4070 Ti SUPER,2,1,10000,7500,2500,"128,64,32",tanh,1000,2,True,1425,1426,0.05,375,500,1,875,0.035944589570348455,0.026868494750592005,0.04131206598947704,0.011593012298654417,0.036668379727252946,0.005975783824136889,0.04521505747013003,0.0446188753921696,0.045766698094412465,0.012138297949329666,0.011794185670155746,0.012355029030565085,8.632061306637475,4.492274394247857,1.1555145000002085
highdim_poly2,Quadratic,50,cuda,NVIDIA GeForce RTX 4070 Ti SUPER,2,1,10000,7500,2500,"128,64,32",tanh,1000,2,True,1425,1426,0.05,375,500,2,1375,0.035944589570348455,0.49129609219897213,0.5230724580865308,0.12842238698009859,0.036668379727252946,0.005975783824136889,0.8143146951011925,0.6634558901298702,1.0222702124394893,0.1812731889033306,0.15457940830315559,0.22201766839417097,35.76531760592505,29.155333032407956,12.44764589999977
highdim_poly2,Quadratic,50,cuda,NVIDIA GeForce RTX 4070 Ti SUPER,2,1,10000,7500,2500,"128,64,32",tanh,1000,2,True,1425,1426,0.05,375,500,3,1875,0.035944589570348455,0.018530836500387064,0.0417418862683511,0.011079369838043033,0.036668379727252946,0.005975783824136889,0.04913108939943768,0.048112758954781926,0.04997405887850692,0.012834549085981134,0.01240114956235326,0.013583699612542828,15.039770583982115,13.675425885084199,26.232199000000037
highdim_poly2,Quadratic,50,cuda,NVIDIA GeForce RTX 4070 Ti SUPER,2,1,10000,7500,2500,"128,64,32",tanh,1000,2,True,1425,1426,0.05,375,500,4,2375,0.035944589570348455,0.011976993923970818,0.03440839686860522,0.008715291936183565,0.036668379727252946,0.005975783824136889,0.03779494892260185,0.03694322086029007,0.03808360840521902,0.010107268190954699,0.009925954617022944,0.01060298094338122,8.960329754464695,13.772032447074634,38.74720629999956
highdim_poly2,Quadratic,50,cuda,NVIDIA GeForce RTX 4070 Ti SUPER,2,1,10000,7500,2500,"128,64,32",tanh,1000,2,True,1425,1426,0.05,375,500,5,2875,0.035944589570348455,0.010077066514336472,0.032626165452146645,0.009046721933660719,0.036668379727252946,0.005975783824136889,0.03446655414430283,0.034021351166933694,0.03477000517793688,0.00957529798714182,0.00928565236091926,0.009654149049060534,5.339636461628681,5.5202047413135205,50.01709269999992
highdim_poly2,Quadratic,50,cuda,NVIDIA GeForce RTX 4070 Ti SUPER,2,1,10000,7500,2500,"128,64,32",tanh,1000,2,True,1425,1426,0.1,750,500,0,750,0.035944589570348455,0.029860560532464605,0.043627792433961886,0.011239801183678223,0.0384341420098059,0.008422916861681324,0.042856021766168,0.041974930092552286,0.04401805314708294,0.011564026847368725,0.010690460555546177,0.012070569889525942,-1.8008453327862308,2.8037436091241603,0.47350099999948725
highdim_poly2,Quadratic,50,cuda,NVIDIA GeForce RTX 4070 Ti SUPER,2,1,10000,7500,2500,"128,64,32",tanh,1000,2,True,1425,1426,0.1,750,500,1,1250,0.035944589570348455,0.07751596779378865,0.09927158347611112,0.025651556922008385,0.0384341420098059,0.008422916861681324,0.1452677714053294,0.13469536502508717,0.15139877443594246,0.03737963099982573,0.035481559110549704,0.039412968417444474,31.663036807303037,31.375574782618976,4.6020394999995915
highdim_poly2,Quadratic,50,cuda,NVIDIA GeForce RTX 4070 Ti SUPER,2,1,10000,7500,2500,"128,64,32",tanh,1000,2,True,1425,1426,0.1,750,500,2,1750,0.035944589570348455,0.02614741493138493,0.046891163901363095,0.012891660111635799,0.0384341420098059,0.008422916861681324,0.05616522164528206,0.054899727035403086,0.059809303288498455,0.015191689776977718,0.014641478806138607,0.01581134176957441,16.512100321601764,15.140051561792054,17.40866559999995
highdim_poly2,Quadratic,50,cuda,NVIDIA GeForce RTX 4070 Ti SUPER,2,1,10000,7500,2500,"128,64,32",tanh,1000,2,True,1425,1426,0.1,750,500,3,2250,0.035944589570348455,0.01370698591578328,0.035979741809401125,0.009881439338587402,0.0384341420098059,0.008422916861681324,0.039780108315936466,0.038427580493135584,0.040170230610735644,0.010919815889232364,0.010357777473067282,0.011104506958498843,9.553434285177302,9.509103094575687,30.540441899999678
highdim_poly2,Quadratic,50,cuda,NVIDIA GeForce RTX 4070 Ti SUPER,2,1,10000,7500,2500,"128,64,32",tanh,1000,2,True,1425,1426,0.1,750,500,4,2750,0.035944589570348455,0.010100121750474277,0.03310811588738849,0.009304699445334363,0.0384341420098059,0.008422916861681324,0.03454129118657859,0.034388667982238524,0.035140268969527,0.009526300608127692,0.00911724426984579,0.009650146714259225,4.149165390050546,2.3262037585110695,41.93882759999997
highdim_poly2,Quadratic,50,cuda,NVIDIA GeForce RTX 4070 Ti SUPER,2,1,10000,7500,2500,"128,64,32",tanh,1000,2,True,1425,1426,0.1,750,500,5,3250,0.035944589570348455,0.009077737856724881,0.03173334655987796,0.00928486743747161,0.0384341420098059,0.008422916861681324,0.032918533865538835,0.03226697119094589,0.033629970423151245,0.008879219077304091,0.008802434633930649,0.009136480814073061,3.6003647990580876,-4.568513927135604,52.68127589999949
highdim_smooth,Smooth,50,cuda,NVIDIA GeForce RTX 4070 Ti SUPER,0,0,10000,7500,2500,"128,64,32",tanh,1000,2,True,1425,1426,0.05,375,500,0,375,0.009570603363621723,0.030520266298462786,0.0321770425771927,0.006601762072524794,0.046022169007994725,0.0053247081081074345,0.03166788471603155,0.030894566496998635,0.033098316137553103,0.00692535147280348,0.006619260111177835,0.007048072942553435,-1.6078050862152988,4.672533972455444,0.20631159999993542
highdim_smooth,Smooth,50,cuda,NVIDIA GeForce RTX 4070 Ti SUPER,0,0,10000,7500,2500,"128,64,32",tanh,1000,2,True,1425,1426,0.05,375,500,1,875,0.009570603363621723,0.02158552350291201,0.02597313082715113,0.006558333801222264,0.046022169007994725,0.0053247081081074345,0.02337782007895932,0.022735425993618035,0.023597824002449294,0.0060437700255700656,0.00578052249534754,0.00621456531579548,-11.101594329266232,-8.513953599742797,0.9864470000002257
highdim_smooth,Smooth,50,cuda,NVIDIA GeForce RTX 4070 Ti SUPER,0,0,10000,7500,2500,"128,64,32",tanh,1000,2,True,1425,1426,0.05,375,500,2,1375,0.009570603363621723,0.18622875929309332,0.19122615360383471,0.04621892454548006,0.046022169007994725,0.0053247081081074345,0.21008217482360642,0.1478200610974296,0.2392718573267815,0.05090121816830745,0.036204919530416615,0.06334777135091772,8.975545514798668,9.198785002247197,11.896441300000333
highdim_smooth,Smooth,50,cuda,NVIDIA GeForce RTX 4070 Ti SUPER,0,0,10000,7500,2500,"128,64,32",tanh,1000,2,True,1425,1426,0.05,375,500,3,1875,0.009570603363621723,0.004807254644118614,0.010756549610263968,0.0026549309778247064,0.046022169007994725,0.0053247081081074345,0.012396023075649836,0.012114248604838715,0.012780680610031125,0.003230533396018887,0.0031544867555420865,0.003443431360327704,13.225801980042876,17.817565944482045,25.966008899999906
highdim_smooth,Smooth,50,cuda,NVIDIA GeForce RTX 4070 Ti SUPER,0,0,10000,7500,2500,"128,64,32",tanh,1000,2,True,1425,1426,0.05,375,500,4,2375,0.009570603363621723,0.003130331031263722,0.009275811213467431,0.0025016270519823687,0.046022169007994725,0.0053247081081074345,0.00978814836963975,0.009743683811070178,0.010008212234296472,0.002600887183593521,0.0025308486749563565,0.002689692893799627,5.234260217810475,3.816395122298594,37.27463710000029
highdim_smooth,Smooth,50,cuda,NVIDIA GeForce RTX 4070 Ti SUPER,0,0,10000,7500,2500,"128,64,32",tanh,1000,2,True,1425,1426,0.05,375,500,5,2875,0.009570603363621723,0.0025189074553537403,0.008761589043915174,0.0022437180166884315,0.046022169007994725,0.0053247081081074345,0.008890572880632155,0.008745917481318765,0.008984881972394165,0.0023699909605004715,0.0023368267123423407,0.0024738476929545613,1.45079331162077,5.3279926344265425,47.00484630000028
highdim_smooth,Smooth,50,cuda,NVIDIA GeForce RTX 4070 Ti SUPER,0,0,10000,7500,2500,"128,64,32",tanh,1000,2,True,1425,1426,0.1,750,500,0,750,0.009570603363621723,0.01865259174876096,0.02216610670834732,0.005240388210909386,0.025268936340700248,0.004917158924011514,0.023468442603117316,0.022690058603834648,0.024021454217889947,0.005883468356634813,0.005724525010112481,0.005969939276892906,5.549306857699226,10.930289868903994,0.4368730999995023
highdim_smooth,Smooth,50,cuda,NVIDIA GeForce RTX 4070 Ti SUPER,0,0,10000,7500,2500,"128,64,32",tanh,1000,2,True,1425,1426,0.1,750,500,1,1250,0.009570603363621723,0.0574878573215253,0.06261555589656835,0.016217068105458712,0.025268936340700248,0.004917158924011514,0.06972815647028717,0.05995179618078891,0.07228266469432001,0.01747208104418446,0.015404806100673695,0.018607816985779332,10.200471278413431,7.182961981185833,4.088605699999789
highdim_smooth,Smooth,50,cuda,NVIDIA GeForce RTX 4070 Ti SUPER,0,0,10000,7500,2500,"128,64,32",tanh,1000,2,True,1425,1426,0.1,750,500,2,1750,0.009570603363621723,0.006577405413729531,0.013399885166535608,0.0033792160241979605,0.025268936340700248,0.004917158924011514,0.01457502408854006,0.01421408156351768,0.015119662714309458,0.00381391244326442,0.003605822967931696,0.004047058475260186,8.062689398423915,11.397650720434273,16.73484240000016
highdim_smooth,Smooth,50,cuda,NVIDIA GeForce RTX 4070 Ti SUPER,0,0,10000,7500,2500,"128,64,32",tanh,1000,2,True,1425,1426,0.1,750,500,3,2250,0.009570603363621723,0.002960350533088536,0.009246880810287465,0.0022847197816518814,0.025268936340700248,0.004917158924011514,0.010200813701229763,0.010125402199578932,0.010317509226392189,0.002582684894733587,0.00253261486268931,0.0026999526186630846,9.351537229106503,11.537029301921166,28.546492800000124
highdim_smooth,Smooth,50,cuda,NVIDIA GeForce RTX 4070 Ti SUPER,0,0,10000,7500,2500,"128,64,32",tanh,1000,2,True,1425,1426,0.1,750,500,4,2750,0.009570603363621723,0.002618822261199458,0.009009420521621373,0.0024729986546237447,0.025268936340700248,0.004917158924011514,0.009137485889629905,0.00905701658187431,0.009287855206724099,0.0024561740813152013,0.0024305881018002163,0.00250201610582646,1.4015383394886838,-0.6849910776492821,38.63665409999976
highdim_smooth,Smooth,50,cuda,NVIDIA GeForce RTX 4070 Ti SUPER,0,0,10000,7500,2500,"128,64,32",tanh,1000,2,True,1425,1426,0.1,750,500,5,3250,0.009570603363621723,0.002343599349349165,0.00869276349567427,0.00237738913740789,0.025268936340700248,0.004917158924011514,0.008670021711921834,0.00861930755323932,0.008739989466937782,0.0022687653622345313,0.0022021936850580228,0.00231918012811685,-0.2623036539939057,-4.787792381772521,47.827593799999704
highdim_smooth,Smooth,50,cuda,NVIDIA GeForce RTX 4070 Ti SUPER,0,1,10000,7500,2500,"128,64,32",tanh,1000,2,True,1425,1426,0.05,375,500,0,375,0.009895357666984664,0.03048609936735466,0.03240459665617891,0.006981479154144574,0.03505587568977471,0.0049285795462193725,0.03195363049642467,0.0312280666834294,0.032609612644792604,0.006844774504468815,0.006447059613978262,0.00702174115552565,-1.4113143099802097,-1.9972118816552291,0.20436829999925976
highdim_smooth,Smooth,50,cuda,NVIDIA GeForce RTX 4070 Ti SUPER,0,1,10000,7500,2500,"128,64,32",tanh,1000,2,True,1425,1426,0.05,375,500,1,875,0.009895357666984664,0.023811444261992443,0.02754455852482273,0.007350759784874726,0.03505587568977471,0.0049285795462193725,0.024415708045170563,0.02410847824269111,0.02473552827995204,0.006232363235179946,0.006102974148907842,0.0063444859554317445,-12.814907820258998,-17.94498342750218,0.8561202000000776
highdim_smooth,Smooth,50,cuda,NVIDIA GeForce RTX 4070 Ti SUPER,0,1,10000,7500,2500,"128,64,32",tanh,1000,2,True,1425,1426,0.05,375,500,2,1375,0.009895357666984664,0.14499496352849398,0.15047001403343588,0.03730034383698988,0.03505587568977471,0.0049285795462193725,0.171729482974811,0.1563567588269594,0.222889503756421,0.042369742484917025,0.03836093890646749,0.055393067588747805,12.379626708882261,11.964667120013235,11.648136899999372
highdim_smooth,Smooth,50,cuda,NVIDIA GeForce RTX 4070 Ti SUPER,0,1,10000,7500,2500,"128,64,32",tanh,1000,2,True,1425,1426,0.05,375,500,3,1875,0.009895357666984664,0.00546688947347743,0.011570378237558245,0.0030651335056066055,0.03505587568977471,0.0049285795462193725,0.012820337266796933,0.012534674868754375,0.013504437348414361,0.0033034583820311736,0.0032556268068176892,0.0033552286361689916,9.749813934114863,7.214405294793847,24.963901999999507
highdim_smooth,Smooth,50,cuda,NVIDIA GeForce RTX 4070 Ti SUPER,0,1,10000,7500,2500,"128,64,32",tanh,1000,2,True,1425,1426,0.05,375,500,4,2375,0.009895357666984664,0.0030667978480607193,0.009541723730514281,0.0025563204968790587,0.03505587568977471,0.0049285795462193725,0.010269250001112933,0.010081931905221189,0.010341974765940202,0.0027220107730197554,0.0026496585969894354,0.0027450292914616846,7.0845122138404095,6.087054385787113,36.63126809999994
highdim_smooth,Smooth,50,cuda,NVIDIA GeForce RTX 4070 Ti SUPER,0,1,10000,7500,2500,"128,64,32",tanh,1000,2,True,1425,1426,0.05,375,500,5,2875,0.009895357666984664,0.00247560995468994,0.008928283962948447,0.0023766306744721277,0.03505587568977471,0.0049285795462193725,0.009295523962072689,0.009164754581443856,0.009491242244672314,0.002487333590038974,0.0023525108472778047,0.002575521743567501,3.950718653651404,4.450666207788862,46.86565399999927
highdim_smooth,Smooth,50,cuda,NVIDIA GeForce RTX 4070 Ti SUPER,0,1,10000,7500,2500,"128,64,32",tanh,1000,2,True,1425,1426,0.1,750,500,0,750,0.009895357666984664,0.018707832405273666,0.022525472769743378,0.005257102771171283,0.0187600023584291,0.004211447175433401,0.023174019545382202,0.022700419982749555,0.023985219776163136,0.005834009131967975,0.005650629926404956,0.006015516653119381,2.798594237692603,9.888677712818144,0.4356235999994169
highdim_smooth,Smooth,50,cuda,NVIDIA GeForce RTX 4070 Ti SUPER,0,1,10000,7500,2500,"128,64,32",tanh,1000,2,True,1425,1426,0.1,750,500,1,1250,0.009895357666984664,0.058689786583174135,0.06535747889238415,0.016518624868755175,0.0187600023584291,0.004211447175433401,0.05834984657783473,0.05648569700821428,0.06996858062756652,0.015116920549539862,0.01440647270081905,0.018068705330421996,-12.009684216053106,-9.272419700968648,4.1834969000001365
highdim_smooth,Smooth,50,cuda,NVIDIA GeForce RTX 4070 Ti SUPER,0,1,10000,7500,2500,"128,64,32",tanh,1000,2,True,1425,1426,0.1,750,500,2,1750,0.009895357666984664,0.006987837911864927,0.012889269753813298,0.0037095527016185355,0.0187600023584291,0.004211447175433401,0.015014318109310927,0.014599824498076546,0.015898513616128193,0.003950729753764865,0.003799285979726625,0.004020952265574205,14.153478966053134,6.104620340495288,16.936081599999852
highdim_smooth,Smooth,50,cuda,NVIDIA GeForce RTX 4070 Ti SUPER,0,1,10000,7500,2500,"128,64,32",tanh,1000,2,True,1425,1426,0.1,750,500,3,2250,0.009895357666984664,0.0031881143251890672,0.009678435668911453,0.002531611838370823,0.0187600023584291,0.004211447175433401,0.010636507140811297,0.010432211896552166,0.010700470231278014,0.002860393531487428,0.002788207960250336,0.0029225191927841634,9.007388038351534,11.49428180064566,28.635996399999385
highdim_smooth,Smooth,50,cuda,NVIDIA GeForce RTX 4070 Ti SUPER,0,1,10000,7500,2500,"128,64,32",tanh,1000,2,True,1425,1426,0.1,750,500,4,2750,0.009895357666984664,0.002619271434509958,0.0091155676477654,0.0023692875565917947,0.0187600023584291,0.004211447175433401,0.009396783998015978,0.009391100009240531,0.009514224833246052,0.002519758292708522,0.0024821823891745887,0.0025376891313044106,2.99268718223121,5.971633729796529,38.84843069999988
highdim_smooth,Smooth,50,cuda,NVIDIA GeForce RTX 4070 Ti SUPER,0,1,10000,7500,2500,"128,64,32",tanh,1000,2,True,1425,1426,0.1,750,500,5,3250,0.009895357666984664,0.002275527467742049,0.008726009512131335,0.002374934604753855,0.0187600023584291,0.004211447175433401,0.009061927107396785,0.008922119309974557,0.009161612863872669,0.0023752531638958517,0.002325135686040233,0.002465684783022907,3.706911248395028,0.01341158689266269,48.047989300000154
highdim_smooth,Smooth,50,cuda,NVIDIA GeForce RTX 4070 Ti SUPER,1,0,10000,7500,2500,"128,64,32",tanh,1000,2,True,1425,1426,0.05,375,500,0,375,0.010229888280385653,0.028917325301069788,0.03063833387059871,0.006705112676019713,0.0382199568718119,0.004638941354471611,0.033160880887968966,0.03208487836868115,0.033737174093384455,0.007044513231845108,0.0068393130204018006,0.007201631505192727,7.606996406073926,4.817941916712083,0.19739349999963451
highdim_smooth,Smooth,50,cuda,NVIDIA GeForce RTX 4070 Ti SUPER,1,0,10000,7500,2500,"128,64,32",tanh,1000,2,True,1425,1426,0.05,375,500,1,875,0.010229888280385653,0.023561129437350548,0.027176413873605067,0.0067678474242774,0.0382199568718119,0.004638941354471611,0.026338709492764623,0.025562768484551652,0.027014238050082285,0.00680707327958574,0.0066181406178192626,0.007071041517519804,-3.1805065509020696,0.5762514034625954,0.8667908999996143
highdim_smooth,Smooth,50,cuda,NVIDIA GeForce RTX 4070 Ti SUPER,1,0,10000,7500,2500,"128,64,32",tanh,1000,2,True,1425,1426,0.05,375,500,2,1375,0.010229888280385653,0.07387078450639901,0.08023316316265311,0.020286159577470503,0.0382199568718119,0.004638941354471611,0.1658998599378152,0.15375778289316117,0.1799496045811497,0.04294821284475314,0.03966952632425726,0.046925583362261485,51.63759439415611,52.76599831802127,11.33152389999941
highdim_smooth,Smooth,50,cuda,NVIDIA GeForce RTX 4070 Ti SUPER,1,0,10000,7500,2500,"128,64,32",tanh,1000,2,True,1425,1426,0.05,375,500,3,1875,0.010229888280385653,0.005097507386039818,0.011751875071596966,0.0030859765885055943,0.0382199568718119,0.004638941354471611,0.012937723460885866,0.012762806696040777,0.013010542776959788,0.0034294697039030427,0.0032150785656917666,0.0034698832117266297,9.16581957308046,10.015925057058313,24.440264500000012
highdim_smooth,Smooth,50,cuda,NVIDIA GeForce RTX 4070 Ti SUPER,1,0,10000,7500,2500,"128,64,32",tanh,1000,2,True,1425,1426,0.05,375,500,4,2375,0.010229888280385653,0.003018477210547224,0.009937799634370225,0.00269748021914684,0.0382199568718119,0.004638941354471611,0.010580104010908961,0.010327898711570528,0.010663014241958327,0.002761733458539916,0.002732055189660728,0.002810714662593582,6.070870152849791,2.326554693190615,35.72711100000015
highdim_smooth,Smooth,50,cuda,NVIDIA GeForce RTX 4070 Ti SUPER,1,0,10000,7500,2500,"128,64,32",tanh,1000,2,True,1425,1426,0.05,375,500,5,2875,0.010229888280385653,0.0024616245851867224,0.009412089117900315,0.0024237132975010317,0.0382199568718119,0.004638941354471611,0.00967048343991954,0.009599247229320117,0.009811687164145657,0.0026448663248609537,0.0026003976371589345,0.0027282034967864165,2.6719897058360065,8.36159564213698,46.09015759999966
highdim_smooth,Smooth,50,cuda,NVIDIA GeForce RTX 4070 Ti SUPER,1,0,10000,7500,2500,"128,64,32",tanh,1000,2,True,1425,1426,0.1,750,500,0,750,0.010229888280385653,0.021221889871988427,0.025239094703601223,0.006402063441467676,0.028962140077197274,0.0052070714668813875,0.026758425286754425,0.025925584498141942,0.027452448471129022,0.0067449202282706296,0.006481564121724436,0.006993702943546729,5.677952147300983,5.083185200114079,0.4206858999996257
highdim_smooth,Smooth,50,cuda,NVIDIA GeForce RTX 4070 Ti SUPER,1,0,10000,7500,2500,"128,64,32",tanh,1000,2,True,1425,1426,0.1,750,500,1,1250,0.010229888280385653,0.06700952167984972,0.07217974277550415,0.018188680888841575,0.028962140077197274,0.0052070714668813875,0.0805392564586915,0.0749056568835237,0.08937745067840078,0.02168595400994655,0.018793008877148895,0.02293604027372276,10.37942743794132,16.126904629147994,4.282441999999719
highdim_smooth,Smooth,50,cuda,NVIDIA GeForce RTX 4070 Ti SUPER,1,0,10000,7500,2500,"128,64,32",tanh,1000,2,True,1425,1426,0.1,750,500,2,1750,0.010229888280385653,0.006226683075600663,0.01318922849967511,0.003513707466975569,0.028962140077197274,0.0052070714668813875,0.015143669035969216,0.014778939925360855,0.015575566343203031,0.0039918073465093715,0.0038587514700149676,0.004115861898369648,12.90599082462726,11.97702789819945,16.772348599999532
highdim_smooth,Smooth,50,cuda,NVIDIA GeForce RTX 4070 Ti SUPER,1,0,10000,7500,2500,"128,64,32",tanh,1000,2,True,1425,1426,0.1,750,500,3,2250,0.010229888280385653,0.0034827182110807975,0.010518517458009656,0.002605937894745658,0.028962140077197274,0.0052070714668813875,0.010985908060767822,0.01079626386032734,0.011184188311994437,0.002942917091166769,0.0028559023255887318,0.002997824653117961,4.25445580076609,11.450516136950032,29.448846299999786
highdim_smooth,Smooth,50,cuda,NVIDIA GeForce RTX 4070 Ti SUPER,1,0,10000,7500,2500,"128,64,32",tanh,1000,2,True,1425,1426,0.1,750,500,4,2750,0.010229888280385653,0.0027234724321644707,0.00958466071411257,0.0025433250528085986,0.028962140077197274,0.0052070714668813875,0.009851144598180239,0.009772027533089471,0.009956670084991109,0.0026017580010455894,0.002570246080465596,0.002668056855951333,2.7051058017856713,2.2459025095150253,40.21205779999946
highdim_smooth,Smooth,50,cuda,NVIDIA GeForce RTX 4070 Ti SUPER,1,0,10000,7500,2500,"128,64,32",tanh,1000,2,True,1425,1426,0.1,750,500,5,3250,0.010229888280385653,0.0023473492913322113,0.00921192233282205,0.0025063836657218752,0.028962140077197274,0.0052070714668813875,0.009414221062728979,0.00937031071175121,0.0095701511821066,0.002490140705061781,0.00242388643813197,0.0026086242895490366,2.1488631779407816,-0.6522908776631197,49.28160399999979
highdim_smooth,Smooth,50,cuda,NVIDIA GeForce RTX 4070 Ti SUPER,1,1,10000,7500,2500,"128,64,32",tanh,1000,2,True,1425,1426,0.05,375,500,0,375,0.007846410918666266,0.031175301890209835,0.031196091629319914,0.0063455735041131126,0.04231618874467978,0.005314003600150995,0.031167009767020706,0.030982105249239805,0.032298874272707334,0.0066061254525259,0.006345787594850613,0.006826272359590619,-0.09330976091899865,3.944096282839484,0.20322549999946204
highdim_smooth,Smooth,50,cuda,NVIDIA GeForce RTX 4070 Ti SUPER,1,1,10000,7500,2500,"128,64,32",tanh,1000,2,True,1425,1426,0.05,375,500,1,875,0.007846410918666266,0.022711197725133192,0.0249292584486154,0.006214320443281967,0.04231618874467978,0.005314003600150995,0.023894576407212785,0.02296546601082045,0.024180298274124858,0.006189070391801478,0.005874550385626209,0.006384208143651511,-4.330196207580764,-0.40797809496459136,0.8356051000000662
highdim_smooth,Smooth,50,cuda,NVIDIA GeForce RTX 4070 Ti SUPER,1,1,10000,7500,2500,"128,64,32",tanh,1000,2,True,1425,1426,0.05,375,500,2,1375,0.007846410918666266,0.11553862457879595,0.11950576216918027,0.031042811654605044,0.04231618874467978,0.005314003600150995,0.16801857611163437,0.14356809298603804,0.1939646141607195,0.0426702311343463,0.03641493180812565,0.04814095826959916,28.87348236436748,27.249487923167273,11.035016099999666
highdim_smooth,Smooth,50,cuda,NVIDIA GeForce RTX 4070 Ti SUPER,1,1,10000,7500,2500,"128,64,32",tanh,1000,2,True,1425,1426,0.05,375,500,3,1875,0.007846410918666266,0.004596435262302832,0.009127654735946768,0.0023225376357497085,0.04231618874467978,0.005314003600150995,0.010271956267541888,0.009968438577107021,0.010486915973117196,0.0027402712920971822,0.0026056762442635906,0.002848890345783559,11.14005455037783,15.244244522511279,24.3653048999995
highdim_smooth,Smooth,50,cuda,NVIDIA GeForce RTX 4070 Ti SUPER,1,1,10000,7500,2500,"128,64,32",tanh,1000,2,True,1425,1426,0.05,375,500,4,2375,0.007846410918666266,0.002907215262867898,0.007384859332727642,0.001947663094634973,0.04231618874467978,0.005314003600150995,0.007786083375900561,0.007771566003072558,0.007846925800979678,0.002092828736366222,0.0020659578972222676,0.0021368599716111865,5.153092046442567,6.936336414383348,35.204185399999915
highdim_smooth,Smooth,50,cuda,NVIDIA GeForce RTX 4070 Ti SUPER,1,1,10000,7500,2500,"128,64,32",tanh,1000,2,True,1425,1426,0.05,375,500,5,2875,0.007846410918666266,0.002433615042043602,0.00678579548501699,0.0018567706833755003,0.04231618874467978,0.005314003600150995,0.007066145343415336,0.006961186512639057,0.007149590987460597,0.0019068237361207386,0.0018536883271667855,0.001975709613354926,3.967507668938531,2.6249438685437556,45.429316099999596
highdim_smooth,Smooth,50,cuda,NVIDIA GeForce RTX 4070 Ti SUPER,1,1,10000,7500,2500,"128,64,32",tanh,1000,2,True,1425,1426,0.1,750,500,0,750,0.007846410918666266,0.022140254478203468,0.024473438508923834,0.0063595617981003225,0.020652476384694484,0.004175739950574946,0.02369051016078785,0.022879306970485236,0.024386134019450036,0.005730029517342283,0.005702935471142982,0.006272676890283686,-3.30481843920725,-10.986545162685845,0.4566458999997849
highdim_smooth,Smooth,50,cuda,NVIDIA GeForce RTX 4070 Ti SUPER,1,1,10000,7500,2500,"128,64,32",tanh,1000,2,True,1425,1426,0.1,750,500,1,1250,0.007846410918666266,0.060474176672444944,0.06377258414321502,0.01622084640106021,0.020652476384694484,0.004175739950574946,0.07062871356400846,0.06448700047247022,0.07678237254880202,0.018476573315799612,0.016132485292174457,0.019858453533928067,9.707283447234193,12.208578269275147,4.264188999999533
highdim_smooth,Smooth,50,cuda,NVIDIA GeForce RTX 4070 Ti SUPER,1,1,10000,7500,2500,"128,64,32",tanh,1000,2,True,1425,1426,0.1,750,500,2,1750,0.007846410918666266,0.006646559903129986,0.011031992131812744,0.003008064617207814,0.020652476384694484,0.004175739950574946,0.011600180751395876,0.011506367634822153,0.01205899202816198,0.0031584059000983227,0.0029719298702759384,0.0032977108204128506,4.898101432727767,4.760036792162419,17.14977529999942
highdim_smooth,Smooth,50,cuda,NVIDIA GeForce RTX 4070 Ti SUPER,1,1,10000,7500,2500,"128,64,32",tanh,1000,2,True,1425,1426,0.1,750,500,3,2250,0.007846410918666266,0.0032681172375190245,0.007861083714142632,0.0022768579886471097,0.020652476384694484,0.004175739950574946,0.008322338898693042,0.008201623140802975,0.008580568522484396,0.0022367788907022585,0.002128133832975637,0.0023620006145788274,5.54237444743865,-1.7918220755502547,28.584624999999505
highdim_smooth,Smooth,50,cuda,NVIDIA GeForce RTX 4070 Ti SUPER,1,1,10000,7500,2500,"128,64,32",tanh,1000,2,True,1425,1426,0.1,750,500,4,2750,0.007846410918666266,0.002577899903022666,0.00713605219617248,0.0018921722522076397,0.020652476384694484,0.004175739950574946,0.00735919766488544,0.007255822416706242,0.007438902787488817,0.0019617757253064154,0.0018921953634045484,0.0019944134796980916,3.032198330229709,3.547983197105989,38.37723399999959
highdim_smooth,Smooth,50,cuda,NVIDIA GeForce RTX 4070 Ti SUPER,1,1,10000,7500,2500,"128,64,32",tanh,1000,2,True,1425,1426,0.1,750,500,5,3250,0.007846410918666266,0.0022669972715389244,0.006724122010518419,0.0018465898296411362,0.020652476384694484,0.004175739950574946,0.0069184589466348406,0.006847064476595149,0.006981530106406622,0.0018340358622981985,0.0017819941947413813,0.0018915948075944274,2.808962770689667,-0.6844995564703179,47.0094253999996
highdim_smooth,Smooth,50,cuda,NVIDIA GeForce RTX 4070 Ti SUPER,2,0,10000,7500,2500,"128,64,32",tanh,1000,2,True,1425,1426,0.05,375,500,0,375,0.013468929792498741,0.029036252002274113,0.030107315401979313,0.006575127836114693,0.039359535891389845,0.005299187123280409,0.03103522282953377,0.028839697368474665,0.031930039035233004,0.007312342911940875,0.006968243712305864,0.007577281388702723,2.9898526350242265,10.081790264818238,0.20778559999962454
highdim_smooth,Smooth,50,cuda,NVIDIA GeForce RTX 4070 Ti SUPER,2,0,10000,7500,2500,"128,64,32",tanh,1000,2,True,1425,1426,0.05,375,500,1,875,0.013468929792498741,0.019315302271603843,0.024473534736327133,0.006165673895759833,0.039359535891389845,0.005299187123280409,0.026007365397110363,0.024951175195253503,0.02670803205604108,0.006871172585282916,0.00678205822096096,0.0069950406918046935,5.8976779745389045,10.26751519870367,0.8777779000001829
highdim_smooth,Smooth,50,cuda,NVIDIA GeForce RTX 4070 Ti SUPER,2,0,10000,7500,2500,"128,64,32",tanh,1000,2,True,1425,1426,0.05,375,500,2,1375,0.013468929792498741,0.31600965146526666,0.3189051940321656,0.08029032901209054,0.039359535891389845,0.005299187123280409,0.25580870520275545,0.21639765903839261,0.37587911156661075,0.06805174098792695,0.05543047663617947,0.09447358651486357,-24.665497125830615,-17.984239413264746,11.08945870000025
highdim_smooth,Smooth,50,cuda,NVIDIA GeForce RTX 4070 Ti SUPER,2,0,10000,7500,2500,"128,64,32",tanh,1000,2,True,1425,1426,0.05,375,500,3,1875,0.013468929792498741,0.006236383131892272,0.015477710461396786,0.004458048414994985,0.039359535891389845,0.005299187123280409,0.017579159471666765,0.016911490044816936,0.01825566428683885,0.004765594769499727,0.004526785791417702,0.004872701438342696,11.954206420716488,6.453472638359201,24.166715999999724
highdim_smooth,Smooth,50,cuda,NVIDIA GeForce RTX 4070 Ti SUPER,2,0,10000,7500,2500,"128,64,32",tanh,1000,2,True,1425,1426,0.05,375,500,4,2375,0.013468929792498741,0.003606141389408092,0.012609757062464111,0.0034992872102374414,0.039359535891389845,0.005299187123280409,0.013557071374029327,0.013445643048060969,0.013819061449703797,0.003580527466991148,0.0035584466307503155,0.0037227572088877016,6.987602893202608,2.2689466147839905,36.75618980000036
highdim_smooth,Smooth,50,cuda,NVIDIA GeForce RTX 4070 Ti SUPER,2,0,10000,7500,2500,"128,64,32",tanh,1000,2,True,1425,1426,0.05,375,500,5,2875,0.013468929792498741,0.0029994115946598283,0.012158605699987774,0.003311449580434069,0.039359535891389845,0.005299187123280409,0.012741302202125292,0.012510603102353527,0.012892161270873422,0.0034999887863826507,0.0034380872784909606,0.003610646844558926,4.573288451162568,5.386851714557718,47.876328499999545
highdim_smooth,Smooth,50,cuda,NVIDIA GeForce RTX 4070 Ti SUPER,2,0,10000,7500,2500,"128,64,32",tanh,1000,2,True,1425,1426,0.1,750,500,0,750,0.013468929792498741,0.020964796836310397,0.024584301785802783,0.006527759470276787,0.02299677902881769,0.004539648244343421,0.025472016986107286,0.025013851545244613,0.02621793106157911,0.0068928717375055,0.006755092660827741,0.007130253840121476,3.4850604912389636,5.296954319374083,0.4433941999996023
highdim_smooth,Smooth,50,cuda,NVIDIA GeForce RTX 4070 Ti SUPER,2,0,10000,7500,2500,"128,64,32",tanh,1000,2,True,1425,1426,0.1,750,500,1,1250,0.013468929792498741,0.053546335602852255,0.06193995911464464,0.01720089968287785,0.02299677902881769,0.004539648244343421,0.06241519225443453,0.059225107247212416,0.06488585758282048,0.016440853939574514,0.015886323612126843,0.017650100806242606,0.7614061939481227,-4.622909163336356,4.4793767999999545
highdim_smooth,Smooth,50,cuda,NVIDIA GeForce RTX 4070 Ti SUPER,2,0,10000,7500,2500,"128,64,32",tanh,1000,2,True,1425,1426,0.1,750,500,2,1750,0.013468929792498741,0.008722587145335239,0.017297212360202884,0.004686638296090211,0.02299677902881769,0.004539648244343421,0.019285186703366756,0.019137037029120337,0.019610824632994253,0.0052191280331754415,0.005089309407630478,0.005328923579413232,10.308297107732004,10.20265710479708,17.30193109999982
highdim_smooth,Smooth,50,cuda,NVIDIA GeForce RTX 4070 Ti SUPER,2,0,10000,7500,2500,"128,64,32",tanh,1000,2,True,1425,1426,0.1,750,500,3,2250,0.013468929792498741,0.004169022626069542,0.013067032009339084,0.003585109796485208,0.02299677902881769,0.004539648244343421,0.014144606957914687,0.013957688104805348,0.014316855345595209,0.0037679919297783733,0.00370450487460151,0.003839946880002085,7.6182742424853345,4.8535701960466255,30.90415429999939
highdim_smooth,Smooth,50,cuda,NVIDIA GeForce RTX 4070 Ti SUPER,2,0,10000,7500,2500,"128,64,32",tanh,1000,2,True,1425,1426,0.1,750,500,4,2750,0.013468929792498741,0.003222871054027879,0.012444012068668606,0.0031312773684402857,0.02299677902881769,0.004539648244343421,0.012823567322570329,0.012704238136780318,0.012937721653673278,0.0035101023179591475,0.003348497838760303,0.0035837685150012237,2.959825798502109,10.792419001025566,43.01571999999942
highdim_smooth,Smooth,50,cuda,NVIDIA GeForce RTX 4070 Ti SUPER,2,0,10000,7500,2500,"128,64,32",tanh,1000,2,True,1425,1426,0.1,750,500,5,3250,0.013468929792498741,0.002855498860116936,0.011934441697567303,0.0032104602701619215,0.02299677902881769,0.004539648244343421,0.01231850457831652,0.012037985673443146,0.012373393098378602,0.003349141794843624,0.003286688892881309,0.0034023727767830726,3.117771952816895,4.140807800231633,54.03373539999939
highdim_smooth,Smooth,50,cuda,NVIDIA GeForce RTX 4070 Ti SUPER,2,1,10000,7500,2500,"128,64,32",tanh,1000,2,True,1425,1426,0.05,375,500,0,375,0.013449067065000682,0.028298751361374722,0.033075775491548186,0.007863844862987303,0.029328967419486096,0.004527529677268915,0.033039718002417215,0.031464014322897964,0.03390122789576099,0.007792329174645431,0.007717216359946772,0.007916379196415024,-0.1091337678134326,-0.9177703705660849,0.21779419999984384
highdim_smooth,Smooth,50,cuda,NVIDIA GeForce RTX 4070 Ti SUPER,2,1,10000,7500,2500,"128,64,32",tanh,1000,2,True,1425,1426,0.05,375,500,1,875,0.013449067065000682,0.019573660759387535,0.025795090406150006,0.006876789367275696,0.029328967419486096,0.004527529677268915,0.025876210187740566,0.025402437532455982,0.02673643001724163,0.006741502930350585,0.006495514611099644,0.007029047021135079,0.3134917401041709,-2.0067696821141365,0.8767084999999497
highdim_smooth,Smooth,50,cuda,NVIDIA GeForce RTX 4070 Ti SUPER,2,1,10000,7500,2500,"128,64,32",tanh,1000,2,True,1425,1426,0.05,375,500,2,1375,0.013449067065000682,0.19025884388419623,0.20026141503626296,0.050465674313524764,0.029328967419486096,0.004527529677268915,0.2357444410774357,0.21943910930812982,0.24802018037294687,0.059170226360815086,0.05399143769337753,0.06304030369485959,15.051479423651612,14.711033880808047,11.460560900000019
highdim_smooth,Smooth,50,cuda,NVIDIA GeForce RTX 4070 Ti SUPER,2,1,10000,7500,2500,"128,64,32",tanh,1000,2,True,1425,1426,0.05,375,500,3,1875,0.013449067065000682,0.006683927857069929,0.015812374242399722,0.00422027605269118,0.029328967419486096,0.004527529677268915,0.017379514659709723,0.016894941521828445,0.01794348657356213,0.004846605219245869,0.004454480075881037,0.005098326911997815,9.017170202934627,12.923048984215514,24.67601459999969
highdim_smooth,Smooth,50,cuda,NVIDIA GeForce RTX 4070 Ti SUPER,2,1,10000,7500,2500,"128,64,32",tanh,1000,2,True,1425,1426,0.05,375,500,4,2375,0.013449067065000682,0.003950414569300661,0.013229329652637312,0.0036906922799429024,0.029328967419486096,0.004527529677268915,0.013747442502979516,0.013579247386347972,0.013935855868243098,0.0035098459232018034,0.003439866148107611,0.0037129570137575145,3.7687944519856127,-5.152544034643113,38.23278969999956
highdim_smooth,Smooth,50,cuda,NVIDIA GeForce RTX 4070 Ti SUPER,2,1,10000,7500,2500,"128,64,32",tanh,1000,2,True,1425,1426,0.05,375,500,5,2875,0.013449067065000682,0.003118341928522399,0.01206450153509266,0.0034572054777866432,0.029328967419486096,0.004527529677268915,0.01261018150185156,0.01252173733586944,0.012792902561452938,0.003355906378438246,0.0032870084737012173,0.003411719538462351,4.327296690208449,-3.0185317444862445,50.26409899999999
highdim_smooth,Smooth,50,cuda,NVIDIA GeForce RTX 4070 Ti SUPER,2,1,10000,7500,2500,"128,64,32",tanh,1000,2,True,1425,1426,0.1,750,500,0,750,0.013449067065000682,0.021336656573219436,0.02598951731444945,0.00672320920443252,0.020745224714199643,0.004496090042301457,0.026050796343425754,0.025439399917355346,0.02671251834379654,0.00685452082478377,0.006728195454366601,0.007002161433731702,0.23522900478153488,1.915693652522999,0.4451765999992858
highdim_smooth,Smooth,50,cuda,NVIDIA GeForce RTX 4070 Ti SUPER,2,1,10000,7500,2500,"128,64,32",tanh,1000,2,True,1425,1426,0.1,750,500,1,1250,0.013449067065000682,0.06968683391048096,0.07856321760853771,0.020928343969697873,0.020745224714199643,0.004496090042301457,0.06946298181666413,0.06155824201212779,0.0715693869203023,0.018542555935179623,0.016901482769487712,0.01979916823292817,-13.100842425526912,-12.866554335111072,4.200884699999733
highdim_smooth,Smooth,50,cuda,NVIDIA GeForce RTX 4070 Ti SUPER,2,1,10000,7500,2500,"128,64,32",tanh,1000,2,True,1425,1426,0.1,750,500,2,1750,0.013449067065000682,0.008315157928369914,0.01675385394652601,0.004627474289230887,0.020745224714199643,0.004496090042301457,0.019855271304972208,0.019220183898965494,0.020415165462622252,0.005237061530909847,0.005110206240261903,0.0052947977788499615,15.620120777042889,11.639871673859345,16.924486199999592
highdim_smooth,Smooth,50,cuda,NVIDIA GeForce RTX 4070 Ti SUPER,2,1,10000,7500,2500,"128,64,32",tanh,1000,2,True,1425,1426,0.1,750,500,3,2250,0.013449067065000682,0.004413357221192137,0.012516198342192019,0.0033343740228265074,0.020745224714199643,0.004496090042301457,0.014354098963596702,0.013949913236517494,0.014478927530290264,0.0038765803960349125,0.003702812293499405,0.003973691188618289,12.804012471042354,13.986718133409298,30.667606399999386
highdim_smooth,Smooth,50,cuda,NVIDIA GeForce RTX 4070 Ti SUPER,2,1,10000,7500,2500,"128,64,32",tanh,1000,2,True,1425,1426,0.1,750,500,4,2750,0.013449067065000682,0.003213999305336825,0.011659896007315573,0.0031972562771295275,0.020745224714199643,0.004496090042301457,0.012723720375480002,0.012575884910814869,0.012765644220252533,0.0035006980130007923,0.0034602070846398306,0.003539446594161266,8.360953689414103,8.668035195962391,42.589369699999224
highdim_smooth,Smooth,50,cuda,NVIDIA GeForce RTX 4070 Ti SUPER,2,1,10000,7500,2500,"128,64,32",tanh,1000,2,True,1425,1426,0.1,750,500,5,3250,0.013449067065000682,0.002905389244117118,0.011550624389225005,0.003269945419224258,0.020745224714199643,0.004496090042301457,0.012194831134564162,0.012082674276919395,0.012308996503372093,0.0033131999475585184,0.003211679478054544,0.0033320115603494003,5.282621286269906,1.3055212187279692,53.27235709999968
highdim_strong,Strong nonlinear,50,cuda,NVIDIA GeForce RTX 4070 Ti SUPER,0,0,10000,7500,2500,"128,64,32",tanh,1000,2,True,1425,1426,0.05,375,500,0,375,0.0027197571380641918,0.0546879842038174,0.05323420665585004,0.012352963406538207,0.0700655789423007,0.010971430360512905,0.0542037231308093,0.052440688577045196,0.057757408611896405,0.012349539928094701,0.012007063148240908,0.013064021975812749,1.7886529171059682,-0.02772150593009289,0.19974850000016886
highdim_strong,Strong nonlinear,50,cuda,NVIDIA GeForce RTX 4070 Ti SUPER,0,0,10000,7500,2500,"128,64,32",tanh,1000,2,True,1425,1426,0.05,375,500,1,875,0.0027197571380641918,0.063591108476523,0.06205941380212278,0.016441993338491008,0.0700655789423007,0.010971430360512905,0.05621389310167724,0.05406323533548981,0.05917621158202418,0.014315164401319184,0.013794806568776938,0.01500222476571282,-10.39871173816839,-14.857174374999353,0.8527377000000342
highdim_strong,Strong nonlinear,50,cuda,NVIDIA GeForce RTX 4070 Ti SUPER,0,0,10000,7500,2500,"128,64,32",tanh,1000,2,True,1425,1426,0.05,375,500,2,1375,0.0027197571380641918,0.26272950454732724,0.2631340471760559,0.06552102453914885,0.0700655789423007,0.010971430360512905,0.3787328906185777,0.35886701179330116,0.5100680126829844,0.08585332640941934,0.08164924728320033,0.11540149220956483,30.52252558622946,23.682602317945534,11.456385800000135
highdim_strong,Strong nonlinear,50,cuda,NVIDIA GeForce RTX 4070 Ti SUPER,0,0,10000,7500,2500,"128,64,32",tanh,1000,2,True,1425,1426,0.05,375,500,3,1875,0.0027197571380641918,0.005580204943972771,0.006170601801852928,0.001713995013962056,0.0700655789423007,0.010971430360512905,0.005628848250586442,0.005404622183934911,0.005893584770769095,0.0014569595105483242,0.0013984481728265231,0.001557418697174522,-9.624589741072585,-17.64191122353132,24.761782399999902
highdim_strong,Strong nonlinear,50,cuda,NVIDIA GeForce RTX 4070 Ti SUPER,0,0,10000,7500,2500,"128,64,32",tanh,1000,2,True,1425,1426,0.05,375,500,4,2375,0.0027197571380641918,0.0031465584591483606,0.003871525141497725,0.0010388448687055798,0.0700655789423007,0.010971430360512905,0.003816430612007156,0.0037225649786713773,0.003967261878600487,0.0010167208872781661,0.0009690911957615628,0.0010718967911112901,-1.4436140753412865,-2.176013270135639,37.589788500000395
highdim_strong,Strong nonlinear,50,cuda,NVIDIA GeForce RTX 4070 Ti SUPER,0,0,10000,7500,2500,"128,64,32",tanh,1000,2,True,1425,1426,0.05,375,500,5,2875,0.0027197571380641918,0.0025080076358218292,0.0032402219515418724,0.0008376240773245482,0.0700655789423007,0.010971430360512905,0.003216442574950175,0.0031511605272517345,0.0032566146667180667,0.0008392872112385219,0.0008067232457323924,0.000871401366083103,-0.7393067352388739,0.19816028311922645,48.9338115999999
highdim_strong,Strong nonlinear,50,cuda,NVIDIA GeForce RTX 4070 Ti SUPER,0,0,10000,7500,2500,"128,64,32",tanh,1000,2,True,1425,1426,0.1,750,500,0,750,0.0027197571380641918,0.053578910335530625,0.051432980503062276,0.013465247848844049,0.05307354961002317,0.011161345302810571,0.05157314628050466,0.050072342572001924,0.05520637724063669,0.013267652998919443,0.012651856736831762,0.014256496430426271,0.27178054385130745,-1.4892976922195504,0.44199179999941407
highdim_strong,Strong nonlinear,50,cuda,NVIDIA GeForce RTX 4070 Ti SUPER,0,0,10000,7500,2500,"128,64,32",tanh,1000,2,True,1425,1426,0.1,750,500,1,1250,0.0027197571380641918,0.2528150290385948,0.2505617930562024,0.06643908947226038,0.05307354961002317,0.011161345302810571,0.2561079358674563,0.21557077822829537,0.2777643969263267,0.06091273272344212,0.05414002225453114,0.06823790355808887,2.165548987175537,-9.072580561947843,4.241733799999565
highdim_strong,Strong nonlinear,50,cuda,NVIDIA GeForce RTX 4070 Ti SUPER,0,0,10000,7500,2500,"128,64,32",tanh,1000,2,True,1425,1426,0.1,750,500,2,1750,0.0027197571380641918,0.007397821443446276,0.007959041397413116,0.0019899790567103073,0.05307354961002317,0.011161345302810571,0.007021278057455994,0.006634102200953511,0.007088925863980432,0.0018253863193337747,0.0017151718518134385,0.0018916114663453361,-13.356020546163936,-9.016871422406913,16.78918959999919
highdim_strong,Strong nonlinear,50,cuda,NVIDIA GeForce RTX 4070 Ti SUPER,0,0,10000,7500,2500,"128,64,32",tanh,1000,2,True,1425,1426,0.1,750,500,3,2250,0.0027197571380641918,0.003702286198305875,0.0042048452392783224,0.0011310857431411714,0.05307354961002317,0.011161345302810571,0.004028941692018191,0.003830505202261685,0.004106095473590648,0.001062747178236748,0.0010361251840449051,0.0011000890541797094,-4.365998833108377,-6.430368981812496,30.247869299999365
highdim_strong,Strong nonlinear,50,cuda,NVIDIA GeForce RTX 4070 Ti SUPER,0,0,10000,7500,2500,"128,64,32",tanh,1000,2,True,1425,1426,0.1,750,500,4,2750,0.0027197571380641918,0.002623555048767942,0.0033066723308023613,0.0008695012552766862,0.05307354961002317,0.011161345302810571,0.003287071072988248,0.0032165164058484087,0.0033427110935949672,0.0008512687825588167,0.0008421066636080938,0.0009021751821658457,-0.5963137814447611,-2.1417997571888945,42.08412099999987
highdim_strong,Strong nonlinear,50,cuda,NVIDIA GeForce RTX 4070 Ti SUPER,0,0,10000,7500,2500,"128,64,32",tanh,1000,2,True,1425,1426,0.1,750,500,5,3250,0.0027197571380641918,0.002289296269258397,0.003018674211743391,0.0007749325291081381,0.05307354961002317,0.011161345302810571,0.0029181561036066127,0.0028827102602010197,0.002959337491106689,0.0007598916459666363,0.0007303560719644042,0.000805262290114764,-3.4445761147782883,-1.9793457687469143,52.587225999999646
highdim_strong,Strong nonlinear,50,cuda,NVIDIA GeForce RTX 4070 Ti SUPER,0,1,10000,7500,2500,"128,64,32",tanh,1000,2,True,1425,1426,0.05,375,500,0,375,0.0036812392855371323,0.05796698853132687,0.05654057483105043,0.01343175150541548,0.05427648440857517,0.007238053621826056,0.054245430313441444,0.05115822397416465,0.055466581119088434,0.012542398252793846,0.012225697920244475,0.012948819582184629,-4.231037535046112,-7.090775102947549,0.19785830000000715
highdim_strong,Strong nonlinear,50,cuda,NVIDIA GeForce RTX 4070 Ti SUPER,0,1,10000,7500,2500,"128,64,32",tanh,1000,2,True,1425,1426,0.05,375,500,1,875,0.0036812392855371323,0.06253707898313829,0.06208467620462966,0.015094290693960462,0.05427648440857517,0.007238053621826056,0.06114058344720835,0.059989078449006326,0.06547792943115546,0.015597116167220816,0.014783610118868482,0.016051854875763275,-1.5441343608316738,3.2238361750302396,0.8716401000001497
highdim_strong,Strong nonlinear,50,cuda,NVIDIA GeForce RTX 4070 Ti SUPER,0,1,10000,7500,2500,"128,64,32",tanh,1000,2,True,1425,1426,0.05,375,500,2,1375,0.0036812392855371323,0.3734107838385659,0.3768105989442509,0.09049899591490118,0.05427648440857517,0.007238053621826056,0.4052033567057655,0.31145007107014944,0.4257411435679781,0.09431107685699086,0.07373070538774418,0.09991065272485766,7.007039130263609,4.042028857193679,11.42591799999991
highdim_strong,Strong nonlinear,50,cuda,NVIDIA GeForce RTX 4070 Ti SUPER,0,1,10000,7500,2500,"128,64,32",tanh,1000,2,True,1425,1426,0.05,375,500,3,1875,0.0036812392855371323,0.006418687650709785,0.00833289666063395,0.0022481480187775257,0.05427648440857517,0.007238053621826056,0.006860606953371911,0.006542270584834149,0.007233953242267395,0.0018106340618813934,0.0016898851111189885,0.001837268034016904,-21.460050360973167,-24.163577064352822,24.70207600000049
highdim_strong,Strong nonlinear,50,cuda,NVIDIA GeForce RTX 4070 Ti SUPER,0,1,10000,7500,2500,"128,64,32",tanh,1000,2,True,1425,1426,0.05,375,500,4,2375,0.0036812392855371323,0.0033727090549363664,0.004994799588159191,0.0013208609819668766,0.05427648440857517,0.007238053621826056,0.004905718695207742,0.004740840258993727,0.004961201855544423,0.001324015587673454,0.0012892056861004697,0.0013466823893888316,-1.815858154249031,0.23826046580921195,36.96327830000064
highdim_strong,Strong nonlinear,50,cuda,NVIDIA GeForce RTX 4070 Ti SUPER,0,1,10000,7500,2500,"128,64,32",tanh,1000,2,True,1425,1426,0.05,375,500,5,2875,0.0036812392855371323,0.002602967807711542,0.004250547298304971,0.0010796549110895807,0.05427648440857517,0.007238053621826056,0.00426636173608629,0.00415039107590196,0.004328985548863725,0.001121611728516837,0.0010967815425990898,0.0011527978685394698,0.37067737710927573,3.7407612955989498,48.12742400000025
highdim_strong,Strong nonlinear,50,cuda,NVIDIA GeForce RTX 4070 Ti SUPER,0,1,10000,7500,2500,"128,64,32",tanh,1000,2,True,1425,1426,0.1,750,500,0,750,0.0036812392855371323,0.05594954613965234,0.05425868583003868,0.014029914312290302,0.0632256194991547,0.013726630418792133,0.05241546016220214,0.049674974206419205,0.05427113595717213,0.013249441735192154,0.012549378753538218,0.013824363368682145,-3.5165687034561754,-5.890607262531796,0.4479032000008374
highdim_strong,Strong nonlinear,50,cuda,NVIDIA GeForce RTX 4070 Ti SUPER,0,1,10000,7500,2500,"128,64,32",tanh,1000,2,True,1425,1426,0.1,750,500,1,1250,0.0036812392855371323,0.24790242908625174,0.24436991105894584,0.061926117033855574,0.0632256194991547,0.013726630418792133,0.2573298121008384,0.25001372128661986,0.3054345954872639,0.06559084263853712,0.06267606387587998,0.07348147638343959,5.036299889269735,5.587251904777912,4.13958090000051
highdim_strong,Strong nonlinear,50,cuda,NVIDIA GeForce RTX 4070 Ti SUPER,0,1,10000,7500,2500,"128,64,32",tanh,1000,2,True,1425,1426,0.1,750,500,2,1750,0.0036812392855371323,0.0066449083093575055,0.00788331772375171,0.0020113907946505286,0.0632256194991547,0.013726630418792133,0.007965965476630896,0.0074416020054348655,0.008401784399931113,0.0021123922232829774,0.001947262274412474,0.0022165159966324195,1.0375108092251089,4.781376655301132,17.054795500000182
highdim_strong,Strong nonlinear,50,cuda,NVIDIA GeForce RTX 4070 Ti SUPER,0,1,10000,7500,2500,"128,64,32",tanh,1000,2,True,1425,1426,0.1,750,500,3,2250,0.0036812392855371323,0.0034913257404618333,0.005004747217088165,0.001343062365410101,0.0632256194991547,0.013726630418792133,0.005025265422607131,0.004782905937600382,0.005176899315567167,0.0012917456375895367,0.0012715293772683402,0.0013394023109521585,0.4083009312634723,-3.9726650764096174,30.587110200000097
highdim_strong,Strong nonlinear,50,cuda,NVIDIA GeForce RTX 4070 Ti SUPER,0,1,10000,7500,2500,"128,64,32",tanh,1000,2,True,1425,1426,0.1,750,500,4,2750,0.0036812392855371323,0.0026581612034847686,0.004162083517875804,0.0011015546865790896,0.0632256194991547,0.013726630418792133,0.00424952313601808,0.004184024297598124,0.004287183814489455,0.00111203111532496,0.0010864030067739105,0.0011493739999407914,2.0576336530834687,0.9420985259759473,42.49207380000007
highdim_strong,Strong nonlinear,50,cuda,NVIDIA GeForce RTX 4070 Ti SUPER,0,1,10000,7500,2500,"128,64,32",tanh,1000,2,True,1425,1426,0.1,750,500,5,3250,0.0036812392855371323,0.0022794137589037286,0.0038132432741177554,0.000995764599802623,0.0632256194991547,0.013726630418792133,0.0038092167990071953,0.003755047284454858,0.0038678383008505933,0.0010003187009783123,0.0009716009381502977,0.0010515199621882873,-0.10570349032403602,0.4552650241603371,52.91836660000081
highdim_strong,Strong nonlinear,50,cuda,NVIDIA GeForce RTX 4070 Ti SUPER,1,0,10000,7500,2500,"128,64,32",tanh,1000,2,True,1425,1426,0.05,375,500,0,375,0.003230950902203155,0.06328146579523575,0.06285852237188701,0.01475716732509742,0.07732083335818178,0.011291651628558993,0.05902850528480749,0.05824506252583039,0.060403203712549314,0.014574146481334024,0.014210854596341064,0.014784308232758765,-6.488419567122715,-1.2557911641535966,0.20192130000032193
highdim_strong,Strong nonlinear,50,cuda,NVIDIA GeForce RTX 4070 Ti SUPER,1,0,10000,7500,2500,"128,64,32",tanh,1000,2,True,1425,1426,0.05,375,500,1,875,0.003230950902203155,0.07068415519982212,0.07118258263442565,0.0183006933112818,0.07732083335818178,0.011291651628558993,0.07505328366660444,0.07353027754465884,0.08049360813434162,0.01993070164184269,0.019063081975111754,0.020626859785576254,5.1572707323145295,8.178379064883677,0.8664404000001014
highdim_strong,Strong nonlinear,50,cuda,NVIDIA GeForce RTX 4070 Ti SUPER,1,0,10000,7500,2500,"128,64,32",tanh,1000,2,True,1425,1426,0.05,375,500,2,1375,0.003230950902203155,0.4226826660508921,0.4224833080893578,0.1042312731551639,0.07732083335818178,0.011291651628558993,0.6213478743882906,0.5064911211246702,0.7134771321399227,0.14230568757033796,0.12437388087833293,0.1556992413143065,32.005350705466334,26.75537082546675,11.454110200000287
highdim_strong,Strong nonlinear,50,cuda,NVIDIA GeForce RTX 4070 Ti SUPER,1,0,10000,7500,2500,"128,64,32",tanh,1000,2,True,1425,1426,0.05,375,500,3,1875,0.003230950902203155,0.004434798684314008,0.00588024076821358,0.0015810228812341053,0.07732083335818178,0.011291651628558993,0.006562826969568248,0.006417083136111943,0.00676792704938859,0.0017579569980166864,0.0016872470875889105,0.0018259936818971405,10.400795335909544,10.064757953817804,24.690446900000097
highdim_strong,Strong nonlinear,50,cuda,NVIDIA GeForce RTX 4070 Ti SUPER,1,0,10000,7500,2500,"128,64,32",tanh,1000,2,True,1425,1426,0.05,375,500,4,2375,0.003230950902203155,0.002900884939735643,0.004411776733675513,0.001085197439905059,0.07732083335818178,0.011291651628558993,0.004566192531860937,0.004507656102336797,0.004687754644851053,0.0012166107016004925,0.001184160600748181,0.0012478337599490146,3.381718950919771,10.80158686115081,37.29534950000016
highdim_strong,Strong nonlinear,50,cuda,NVIDIA GeForce RTX 4070 Ti SUPER,1,0,10000,7500,2500,"128,64,32",tanh,1000,2,True,1425,1426,0.05,375,500,5,2875,0.003230950902203155,0.002375274353034642,0.003769399833682793,0.0009370187249670098,0.07732083335818178,0.011291651628558993,0.003865104077832226,0.00377969100467165,0.003922266772765535,0.0010337184305588974,0.000979482823917908,0.001084990581665615,2.4761104027788465,9.354549820651384,47.88136780000059
highdim_strong,Strong nonlinear,50,cuda,NVIDIA GeForce RTX 4070 Ti SUPER,1,0,10000,7500,2500,"128,64,32",tanh,1000,2,True,1425,1426,0.1,750,500,0,750,0.003230950902203155,0.06523255341048798,0.06533098485588616,0.016668119168239258,0.06128100533404278,0.012714361257712012,0.06157083396045594,0.059568498301069195,0.06815532620440043,0.016339662153009235,0.014911197470877274,0.017149531802880674,-6.107032589237281,-2.0101824147541003,0.42179899999973713
highdim_strong,Strong nonlinear,50,cuda,NVIDIA GeForce RTX 4070 Ti SUPER,1,0,10000,7500,2500,"128,64,32",tanh,1000,2,True,1425,1426,0.1,750,500,1,1250,0.003230950902203155,0.3506425153273768,0.351274933320553,0.08439412936824926,0.06128100533404278,0.012714361257712012,0.32927084137372886,0.2993779964580263,0.3797304650634975,0.08183672888940703,0.07069549908294051,0.09058863140514362,-6.682672493872315,-3.1250033005330224,4.089407499999652
highdim_strong,Strong nonlinear,50,cuda,NVIDIA GeForce RTX 4070 Ti SUPER,1,0,10000,7500,2500,"128,64,32",tanh,1000,2,True,1425,1426,0.1,750,500,2,1750,0.003230950902203155,0.0061377565680354835,0.007725526106209619,0.00200176584392425,0.06128100533404278,0.012714361257712012,0.007029393977598709,0.00679672460219487,0.007515363913651163,0.0019314854516630925,0.0018316735800985317,0.002034459454418702,-9.903159942796579,-3.6386705476162375,16.498131100000137
highdim_strong,Strong nonlinear,50,cuda,NVIDIA GeForce RTX 4070 Ti SUPER,1,0,10000,7500,2500,"128,64,32",tanh,1000,2,True,1425,1426,0.1,750,500,3,2250,0.003230950902203155,0.0033179017201338747,0.0047549674684303,0.0012028234822257537,0.06128100533404278,0.012714361257712012,0.004621834076273819,0.004350813752554453,0.0047072802428344985,0.0012583106897631306,0.001208311852547844,0.001310097849047212,-2.8805316235803793,4.409658758269158,30.22856640000009
highdim_strong,Strong nonlinear,50,cuda,NVIDIA GeForce RTX 4070 Ti SUPER,1,0,10000,7500,2500,"128,64,32",tanh,1000,2,True,1425,1426,0.1,750,500,4,2750,0.003230950902203155,0.002478693978082069,0.003931323955245432,0.0010123801021212717,0.06128100533404278,0.012714361257712012,0.003877153845484602,0.003794636736854269,0.003926634175778414,0.0009920160371726854,0.0009310127862617091,0.001004411109465406,-1.3971617304770423,-2.052795941346409,42.17247679999946
highdim_strong,Strong nonlinear,50,cuda,NVIDIA GeForce RTX 4070 Ti SUPER,1,0,10000,7500,2500,"128,64,32",tanh,1000,2,True,1425,1426,0.1,750,500,5,3250,0.003230950902203155,0.002075973119555363,0.003510427135174406,0.0008220740611252775,0.06128100533404278,0.012714361257712012,0.0035843737323192665,0.003565402130544127,0.0036183913849460415,0.0008969763864583975,0.0008791418343923408,0.0010364654687789602,2.0630269795279816,8.350534803804896,52.7838157999995
highdim_strong,Strong nonlinear,50,cuda,NVIDIA GeForce RTX 4070 Ti SUPER,1,1,10000,7500,2500,"128,64,32",tanh,1000,2,True,1425,1426,0.05,375,500,0,375,0.0037021361938720794,0.057711899433988925,0.05773233164303417,0.014722016960702697,0.06438931561810937,0.008658450033186766,0.058959514038424685,0.05843967037144837,0.06056119236101216,0.014409021203194632,0.013862494849605942,0.01460974416746779,2.0813984229767253,-2.1722208128798535,0.21864100000038889
highdim_strong,Strong nonlinear,50,cuda,NVIDIA GeForce RTX 4070 Ti SUPER,1,1,10000,7500,2500,"128,64,32",tanh,1000,2,True,1425,1426,0.05,375,500,1,875,0.0037021361938720794,0.07008636346245521,0.07160663469571078,0.017539625123497396,0.06438931561810937,0.008658450033186766,0.07399192812095826,0.07230947054735769,0.07647830753113938,0.019093441834800867,0.018591398603623476,0.01985929074975107,3.2237211352948067,8.137960273204332,0.9482106000004933
highdim_strong,Strong nonlinear,50,cuda,NVIDIA GeForce RTX 4070 Ti SUPER,1,1,10000,7500,2500,"128,64,32",tanh,1000,2,True,1425,1426,0.05,375,500,2,1375,0.0037021361938720794,0.7031735911049527,0.7058165284146453,0.1535759876448438,0.06438931561810937,0.008658450033186766,0.5028097536459799,0.2706779375611895,0.6181944684867612,0.11525613541429515,0.06582506020680923,0.14538939159204833,-40.37447032334204,-33.2475595271398,11.2687990000004
highdim_strong,Strong nonlinear,50,cuda,NVIDIA GeForce RTX 4070 Ti SUPER,1,1,10000,7500,2500,"128,64,32",tanh,1000,2,True,1425,1426,0.05,375,500,3,1875,0.0037021361938720794,0.005042427240689593,0.0070768685473251505,0.001756480724316983,0.06438931561810937,0.008658450033186766,0.007272854061179406,0.006819633401205151,0.007684669009940923,0.001975442147676588,0.0018045962235562116,0.0021691599483526537,2.6947538367416817,11.084172908689627,24.515843300000597
highdim_strong,Strong nonlinear,50,cuda,NVIDIA GeForce RTX 4070 Ti SUPER,1,1,10000,7500,2500,"128,64,32",tanh,1000,2,True,1425,1426,0.05,375,500,4,2375,0.0037021361938720794,0.0030900214875613156,0.005296857758409813,0.001353125548854566,0.06438931561810937,0.008658450033186766,0.005265158583905095,0.005196397950655087,0.00546444732192505,0.0013877013404450435,0.0013144827251763253,0.0016073443523978458,-0.6020554556821486,2.491587388637168,37.46425570000065
highdim_strong,Strong nonlinear,50,cuda,NVIDIA GeForce RTX 4070 Ti SUPER,1,1,10000,7500,2500,"128,64,32",tanh,1000,2,True,1425,1426,0.05,375,500,5,2875,0.0037021361938720794,0.0024496829674663574,0.004609865205435386,0.0011525684252814996,0.06438931561810937,0.008658450033186766,0.004721614712456742,0.004690535747375435,0.0048162248754591705,0.001331158452298644,0.001239134990106647,0.001389004650640784,2.3667646308906587,13.416135900933156,48.78653510000004
highdim_strong,Strong nonlinear,50,cuda,NVIDIA GeForce RTX 4070 Ti SUPER,1,1,10000,7500,2500,"128,64,32",tanh,1000,2,True,1425,1426,0.1,750,500,0,750,0.0037021361938720794,0.057713415961143606,0.05885545357491778,0.014278649816994563,0.05807324525844935,0.012772659826713977,0.06386006966047159,0.061718085923715,0.06921963585448221,0.01700194607172458,0.01594799403689425,0.017823471470025897,7.83684720696693,16.017556127054476,0.42638179999994463
highdim_strong,Strong nonlinear,50,cuda,NVIDIA GeForce RTX 4070 Ti SUPER,1,1,10000,7500,2500,"128,64,32",tanh,1000,2,True,1425,1426,0.1,750,500,1,1250,0.0037021361938720794,0.33614532082722975,0.33977740797900186,0.07968196021694329,0.05807324525844935,0.012772659826713977,0.3343542885321297,0.31077073637602254,0.37074751215980345,0.08228975299754607,0.07981971353634762,0.09098656382761791,-1.6219679641857052,3.1690370740091303,4.1457258000000365
highdim_strong,Strong nonlinear,50,cuda,NVIDIA GeForce RTX 4070 Ti SUPER,1,1,10000,7500,2500,"128,64,32",tanh,1000,2,True,1425,1426,0.1,750,500,2,1750,0.0037021361938720794,0.0073639272711960415,0.009517174200772974,0.0025424505127352405,0.05807324525844935,0.012772659826713977,0.007916766229357192,0.007696107395077169,0.008192984628623348,0.0020040346205548285,0.0019541655249672675,0.0021736794281433224,-20.215425402876004,-26.86659634808846,16.578306899999916
highdim_strong,Strong nonlinear,50,cuda,NVIDIA GeForce RTX 4070 Ti SUPER,1,1,10000,7500,2500,"128,64,32",tanh,1000,2,True,1425,1426,0.1,750,500,3,2250,0.0037021361938720794,0.0033350909757713554,0.00560173242172309,0.0014125073452120303,0.05807324525844935,0.012772659826713977,0.005731369850922526,0.0055075022015982494,0.005843968376786652,0.0016090069497773944,0.0013959422765357015,0.0016492245021165106,2.2618925766685454,12.21247705564912,29.58383479999975
highdim_strong,Strong nonlinear,50,cuda,NVIDIA GeForce RTX 4070 Ti SUPER,1,1,10000,7500,2500,"128,64,32",tanh,1000,2,True,1425,1426,0.1,750,500,4,2750,0.0037021361938720794,0.0025297154634536705,0.004784794683030914,0.0010931132265512898,0.05807324525844935,0.012772659826713977,0.00479154890018995,0.004686352251892083,0.004960997755349291,0.0012101135111306127,0.001180570649851953,0.0014316354484530205,0.14096103994197154,9.668537992771371,40.80243700000028
highdim_strong,Strong nonlinear,50,cuda,NVIDIA GeForce RTX 4070 Ti SUPER,1,1,10000,7500,2500,"128,64,32",tanh,1000,2,True,1425,1426,0.1,750,500,5,3250,0.0037021361938720794,0.002127475736114926,0.004340166184656461,0.001244689967122041,0.05807324525844935,0.012772659826713977,0.004471583789620022,0.004398314382916808,0.004544278602444681,0.0011080836266821998,0.0010164543108885234,0.0012709084819707698,2.9389498474483107,-12.328161625207393,51.46194199999991
highdim_strong,Strong nonlinear,50,cuda,NVIDIA GeForce RTX 4070 Ti SUPER,2,0,10000,7500,2500,"128,64,32",tanh,1000,2,True,1425,1426,0.05,375,500,0,375,0.0034186054093013367,0.04244611984497213,0.04208356561943872,0.010582710173070442,0.045431826629959246,0.008396553641575478,0.04098022282852558,0.04045278882790436,0.042270283747586346,0.009867124207353067,0.009577448369512267,0.010780622845292666,-2.692378700647582,-7.252224160552418,0.2157414000002973
highdim_strong,Strong nonlinear,50,cuda,NVIDIA GeForce RTX 4070 Ti SUPER,2,0,10000,7500,2500,"128,64,32",tanh,1000,2,True,1425,1426,0.05,375,500,1,875,0.0034186054093013367,0.052871458086396886,0.053045525995464506,0.013884757437969044,0.045431826629959246,0.008396553641575478,0.045174251241192204,0.042790249827715524,0.048632374664933906,0.012108691530776833,0.011520168659379975,0.012357383901237027,-17.4242506250881,-14.667694710679173,0.8994217999998
highdim_strong,Strong nonlinear,50,cuda,NVIDIA GeForce RTX 4070 Ti SUPER,2,0,10000,7500,2500,"128,64,32",tanh,1000,2,True,1425,1426,0.05,375,500,2,1375,0.0034186054093013367,0.34002750219511435,0.33783380478761904,0.08418965674427585,0.045431826629959246,0.008396553641575478,0.2826463354253903,0.24347665663676799,0.3552140531770102,0.06951700551845061,0.0619287322336985,0.0861762116559843,-19.525273263907746,-21.106563949925825,11.154767699999866
highdim_strong,Strong nonlinear,50,cuda,NVIDIA GeForce RTX 4070 Ti SUPER,2,0,10000,7500,2500,"128,64,32",tanh,1000,2,True,1425,1426,0.05,375,500,3,1875,0.0034186054093013367,0.004418717870514955,0.005957588564122961,0.001523480395221992,0.045431826629959246,0.008396553641575478,0.005965917101677867,0.005866202052363703,0.0065823043867902845,0.0015435157023195056,0.0015244479758998097,0.0017601488642951155,0.13960196584970633,1.2980306625585734,24.500681100000293
highdim_strong,Strong nonlinear,50,cuda,NVIDIA GeForce RTX 4070 Ti SUPER,2,0,10000,7500,2500,"128,64,32",tanh,1000,2,True,1425,1426,0.05,375,500,4,2375,0.0034186054093013367,0.0025238879304096194,0.004256030111018551,0.0011252158598182996,0.045431826629959246,0.008396553641575478,0.004384140036034482,0.004278551725130418,0.004488909565770258,0.0011868451257010483,0.0011235255785104628,0.001260882373239745,2.9221221029200484,5.192696548873244,39.089411400000245
highdim_strong,Strong nonlinear,50,cuda,NVIDIA GeForce RTX 4070 Ti SUPER,2,0,10000,7500,2500,"128,64,32",tanh,1000,2,True,1425,1426,0.05,375,500,5,2875,0.0034186054093013367,0.0020154244728567017,0.0036917400758770327,0.0009773884446146884,0.045431826629959246,0.008396553641575478,0.0037623333468238982,0.0037199115679887444,0.003836749734550682,0.0010598185550372147,0.0009846061484680437,0.0011069428188348431,1.8763162229221189,7.777756865148656,52.06177829999979
highdim_strong,Strong nonlinear,50,cuda,NVIDIA GeForce RTX 4070 Ti SUPER,2,0,10000,7500,2500,"128,64,32",tanh,1000,2,True,1425,1426,0.1,750,500,0,750,0.0034186054093013367,0.040036186307675393,0.03941365805904766,0.0099977541286667,0.03786517567223628,0.008480343578402265,0.03886277155553186,0.03744794404394003,0.03927379754362109,0.01005413874080517,0.009375067155817256,0.010576117630286134,-1.41751728316295,0.5608099668411205,0.4575288999994882
highdim_strong,Strong nonlinear,50,cuda,NVIDIA GeForce RTX 4070 Ti SUPER,2,0,10000,7500,2500,"128,64,32",tanh,1000,2,True,1425,1426,0.1,750,500,1,1250,0.0034186054093013367,0.20345236259994837,0.2055017161820886,0.050336704127729184,0.03786517567223628,0.008480343578402265,0.17829723008948495,0.15276814401057034,0.19546551315387822,0.04484490082877926,0.038974004827295274,0.05105328130214723,-15.257940955644731,-12.24621572900336,4.722442699999192
highdim_strong,Strong nonlinear,50,cuda,NVIDIA GeForce RTX 4070 Ti SUPER,2,0,10000,7500,2500,"128,64,32",tanh,1000,2,True,1425,1426,0.1,750,500,2,1750,0.0034186054093013367,0.005673143743162312,0.0075061651680774335,0.0019775935175338887,0.03786517567223628,0.008480343578402265,0.007624929090795722,0.0071066754885648585,0.007765069379647836,0.002010860459474174,0.0019338994146981554,0.002163487772681767,1.5575741269732253,1.65436352301564,17.222375099999226
highdim_strong,Strong nonlinear,50,cuda,NVIDIA GeForce RTX 4070 Ti SUPER,2,0,10000,7500,2500,"128,64,32",tanh,1000,2,True,1425,1426,0.1,750,500,3,2250,0.0034186054093013367,0.0027054704365941907,0.004314146542101237,0.0010829709015452776,0.03786517567223628,0.008480343578402265,0.0043859049180307395,0.0043485742346033055,0.004477946977231941,0.0012034753165341635,0.001120155710928744,0.0012288398486929274,1.6361133510783457,10.013035858177911,31.649388799999542
highdim_strong,Strong nonlinear,50,cuda,NVIDIA GeForce RTX 4070 Ti SUPER,2,0,10000,7500,2500,"128,64,32",tanh,1000,2,True,1425,1426,0.1,750,500,4,2750,0.0034186054093013367,0.0020507741411022657,0.0037250426977474774,0.0009720938101680603,0.03786517567223628,0.008480343578402265,0.003793165108007382,0.0037226970640308376,0.003861055356727261,0.0009964962005190262,0.0009317771138004629,0.0010459767648833373,1.7959252581992253,2.4488192065615424,44.256715199999235
highdim_strong,Strong nonlinear,50,cuda,NVIDIA GeForce RTX 4070 Ti SUPER,2,0,10000,7500,2500,"128,64,32",tanh,1000,2,True,1425,1426,0.1,750,500,5,3250,0.0034186054093013367,0.001824552881783606,0.0034697566794527042,0.0008534941411452899,0.03786517567223628,0.008480343578402265,0.0034745703303401326,0.0034045509391153936,0.0035128449855764566,0.0009288083976425297,0.0008872233419540904,0.0009875415799697317,0.13853945753796706,8.108696765490057,56.18273809999937
highdim_strong,Strong nonlinear,50,cuda,NVIDIA GeForce RTX 4070 Ti SUPER,2,1,10000,7500,2500,"128,64,32",tanh,1000,2,True,1425,1426,0.05,375,500,0,375,0.002835718716901172,0.045952384462127245,0.044851088665324564,0.010175595601655776,0.05172480095353078,0.008570630117287013,0.04062903039684555,0.0398146324313271,0.04234437617436493,0.00951172619619971,0.009357462231507331,0.009999787734000268,-10.391727853802813,-6.979483973385463,0.20677549999982148
highdim_strong,Strong nonlinear,50,cuda,NVIDIA GeForce RTX 4070 Ti SUPER,2,1,10000,7500,2500,"128,64,32",tanh,1000,2,True,1425,1426,0.05,375,500,1,875,0.002835718716901172,0.05212192340136906,0.051609947415909664,0.013439309715998686,0.05172480095353078,0.008570630117287013,0.04367708232400437,0.04326536324199751,0.04485948324198917,0.011557692949788131,0.011311131610752222,0.012021252416035912,-18.162534376856698,-16.280210716664236,0.9383157000002029
highdim_strong,Strong nonlinear,50,cuda,NVIDIA GeForce RTX 4070 Ti SUPER,2,1,10000,7500,2500,"128,64,32",tanh,1000,2,True,1425,1426,0.05,375,500,2,1375,0.002835718716901172,0.2446380585746002,0.24714080254252327,0.06216139833612237,0.05172480095353078,0.008570630117287013,0.24989297886501077,0.23265333593077384,0.26870889833557754,0.06151176204546967,0.05583298265145917,0.06636917418487791,1.1013419964768987,-1.0561171864536938,11.264940600000045
highdim_strong,Strong nonlinear,50,cuda,NVIDIA GeForce RTX 4070 Ti SUPER,2,1,10000,7500,2500,"128,64,32",tanh,1000,2,True,1425,1426,0.05,375,500,3,1875,0.002835718716901172,0.003932564839977309,0.005232168900163717,0.001494080590920749,0.05172480095353078,0.008570630117287013,0.004995197169400917,0.0048788775222249935,0.005178182829616212,0.001330048006956752,0.0012761870805881198,0.0014679173641438106,-4.7439915327951,-12.332831830582998,24.506103099999564
highdim_strong,Strong nonlinear,50,cuda,NVIDIA GeForce RTX 4070 Ti SUPER,2,1,10000,7500,2500,"128,64,32",tanh,1000,2,True,1425,1426,0.05,375,500,4,2375,0.002835718716901172,0.002419123802200648,0.003587069972558577,0.0010139296931843023,0.05172480095353078,0.008570630117287013,0.00365567721462815,0.003540578072001637,0.003787989429162448,0.0009686881899547022,0.0009199141941897524,0.0010575746282037615,1.8767313972645527,-4.670388645051574,38.75780620000023
highdim_strong,Strong nonlinear,50,cuda,NVIDIA GeForce RTX 4070 Ti SUPER,2,1,10000,7500,2500,"128,64,32",tanh,1000,2,True,1425,1426,0.05,375,500,5,2875,0.002835718716901172,0.0019292576271600509,0.003049451468328705,0.0007332394525767634,0.05172480095353078,0.008570630117287013,0.003154905303269358,0.0030906886800409904,0.0032396129434072115,0.0008563777844978423,0.0008012605762777323,0.0009427748527223361,3.3425356644262294,14.378973176339928,51.940148300000146
highdim_strong,Strong nonlinear,50,cuda,NVIDIA GeForce RTX 4070 Ti SUPER,2,1,10000,7500,2500,"128,64,32",tanh,1000,2,True,1425,1426,0.1,750,500,0,750,0.002835718716901172,0.038860131927075124,0.03813695186586919,0.009593661476965448,0.04622766398426783,0.009071027052725906,0.036461990647929654,0.03494794441155042,0.03861233045137388,0.009683279526242646,0.009043272840129896,0.009888207884181224,-4.59371852215272,0.9254927427667919,0.49061429999983375
highdim_strong,Strong nonlinear,50,cuda,NVIDIA GeForce RTX 4070 Ti SUPER,2,1,10000,7500,2500,"128,64,32",tanh,1000,2,True,1425,1426,0.1,750,500,1,1250,0.002835718716901172,0.20249680375907264,0.20391198674392041,0.05129170745763363,0.04622766398426783,0.009071027052725906,0.16310565669033295,0.15712227473592383,0.18500014225120023,0.04276542773745304,0.038782348411581125,0.04646946528377986,-25.018341412315962,-19.93731893090236,4.602722399999948
highdim_strong,Strong nonlinear,50,cuda,NVIDIA GeForce RTX 4070 Ti SUPER,2,1,10000,7500,2500,"128,64,32",tanh,1000,2,True,1425,1426,0.1,750,500,2,1750,0.002835718716901172,0.004827017154938804,0.006173720033676724,0.0015854664157022615,0.04622766398426783,0.009071027052725906,0.006259669034239844,0.005936558336586853,0.006891730146043832,0.0016432146715125362,0.0015337981103001963,0.0018408675673410935,1.373059823019179,3.514346409597167,17.374088100000336
highdim_strong,Strong nonlinear,50,cuda,NVIDIA GeForce RTX 4070 Ti SUPER,2,1,10000,7500,2500,"128,64,32",tanh,1000,2,True,1425,1426,0.1,750,500,3,2250,0.002835718716901172,0.002667080911335908,0.0039434807408114765,0.0011486604887160625,0.04622766398426783,0.009071027052725906,0.003857966926610515,0.0037153273894835657,0.003944567852763259,0.001010623245695038,0.0009562174916643215,0.0010953604010205493,-2.2165512516741885,-13.658625368951592,32.20376099999976
highdim_strong,Strong nonlinear,50,cuda,NVIDIA GeForce RTX 4070 Ti SUPER,2,1,10000,7500,2500,"128,64,32",tanh,1000,2,True,1425,1426,0.1,750,500,4,2750,0.002835718716901172,0.0020138731196275316,0.0031811554066109218,0.0009137117982703647,0.04622766398426783,0.009071027052725906,0.003249753030703801,0.0032168476943269923,0.0032843841082343993,0.0008630076762942516,0.0008313099095358324,0.0009425903710972116,2.1108565310891585,-5.875280529813628,45.82906139999977
highdim_strong,Strong nonlinear,50,cuda,NVIDIA GeForce RTX 4070 Ti SUPER,2,1,10000,7500,2500,"128,64,32",tanh,1000,2,True,1425,1426,0.1,750,500,5,3250,0.002835718716901172,0.0017956200030607515,0.0028799868694469183,0.0007230263515359907,0.04622766398426783,0.009071027052725906,0.0029219378405423817,0.0029027728442595603,0.0030091538291519616,0.0008204256369854537,0.0007552279798944718,0.0008817454788489423,1.4357242824739997,11.871799351290855,58.49038569999993
highdim_poly2,Quadratic,100,cuda,NVIDIA GeForce RTX 4070 Ti SUPER,0,0,10000,7500,2500,"128,64,32",tanh,1000,2,True,5350,5351,0.05,375,500,0,375,0.10515074806269081,0.05767336564214188,0.08203668376803111,0.00929705672411219,0.07312718235647732,0.00238660279576843,0.08278490285605053,0.08249041399753688,0.08391523953003381,0.009172443643613738,0.008965261671753509,0.009384051949091627,0.90381103583639,-1.3585592383030194,0.5204444000000876
highdim_poly2,Quadratic,100,cuda,NVIDIA GeForce RTX 4070 Ti SUPER,0,0,10000,7500,2500,"128,64,32",tanh,1000,2,True,5350,5351,0.05,375,500,1,875,0.10515074806269081,0.05195802632200556,0.07973272516107047,0.009201614476437307,0.07312718235647732,0.00238660279576843,0.08168460398326055,0.08101563018334357,0.08199850273629616,0.009506847291120665,0.009389914216550034,0.009645230261875658,2.3895308626214047,3.2106628552711003,1.5726070000000618
highdim_poly2,Quadratic,100,cuda,NVIDIA GeForce RTX 4070 Ti SUPER,0,0,10000,7500,2500,"128,64,32",tanh,1000,2,True,5350,5351,0.05,375,500,2,1375,0.10515074806269081,0.04671142300779936,0.08149435234435468,0.010096379061179842,0.07312718235647732,0.00238660279576843,0.08317136153806473,0.08267944407022534,0.08391779610237801,0.009997668190768508,0.009864000151843605,0.010187767195036942,2.016330095717556,-0.9873389327171261,3.3417685000003985
highdim_poly2,Quadratic,100,cuda,NVIDIA GeForce RTX 4070 Ti SUPER,0,0,10000,7500,2500,"128,64,32",tanh,1000,2,True,5350,5351,0.05,375,500,3,1875,0.10515074806269081,0.04157866117146261,0.08433908362770391,0.010966388078609019,0.07312718235647732,0.00238660279576843,0.08651351637161254,0.08480645709513095,0.0868653539256784,0.01056640640876779,0.010429281936845046,0.010833566423716006,2.513402338853636,-3.7854087223952653,6.0783901000004334
highdim_poly2,Quadratic,100,cuda,NVIDIA GeForce RTX 4070 Ti SUPER,0,0,10000,7500,2500,"128,64,32",tanh,1000,2,True,5350,5351,0.05,375,500,4,2375,0.10515074806269081,0.040192930617466684,0.08692646211549608,0.01020463198864818,0.07312718235647732,0.00238660279576843,0.09078469429016398,0.08844517191652887,0.09108304072129902,0.011169945704791408,0.010851946326748463,0.011295560960777933,4.249870757218503,8.642062742786226,10.104477900000347
highdim_poly2,Quadratic,100,cuda,NVIDIA GeForce RTX 4070 Ti SUPER,0,0,10000,7500,2500,"128,64,32",tanh,1000,2,True,5350,5351,0.05,375,500,5,2875,0.10515074806269081,0.038861299548591924,0.09208052170101075,0.01129681657199718,0.07312718235647732,0.00238660279576843,0.09560243784698466,0.0951861516003722,0.09614974485929483,0.0118533718275441,0.011634385982874522,0.012022342202145837,3.68391876325463,4.695332801875273,16.021539800000028
highdim_poly2,Quadratic,100,cuda,NVIDIA GeForce RTX 4070 Ti SUPER,0,0,10000,7500,2500,"128,64,32",tanh,1000,2,True,5350,5351,0.1,750,500,0,750,0.10515074806269081,0.0515232028771388,0.08109192043404562,0.009315779299079459,0.05420427582688909,0.004128109398146366,0.08114945448501115,0.08091412209209328,0.08174787009785266,0.009433085517805213,0.009347956447060584,0.009853375452908236,0.07089887582197148,1.2435614890200568,0.7056640000000698
highdim_poly2,Quadratic,100,cuda,NVIDIA GeForce RTX 4070 Ti SUPER,0,0,10000,7500,2500,"128,64,32",tanh,1000,2,True,5350,5351,0.1,750,500,1,1250,0.10515074806269081,0.0472745649687316,0.08069795708389363,0.009476348984616221,0.05420427582688909,0.004128109398146366,0.08177927870734163,0.08153045070577047,0.08259467481874189,0.010052276693806298,0.009829431545903974,0.010116551292983212,1.3222440213952675,5.729326069435934,2.24734030000036
highdim_poly2,Quadratic,100,cuda,NVIDIA GeForce RTX 4070 Ti SUPER,0,0,10000,7500,2500,"128,64,32",tanh,1000,2,True,5350,5351,0.1,750,500,2,1750,0.10515074806269081,0.0436606530120417,0.08229319521823375,0.009620821796972689,0.05420427582688909,0.004128109398146366,0.08440793082420661,0.08398813420363502,0.0855953778886737,0.010295660999977443,0.010041359596544171,0.010417006681870105,2.5053754846533867,6.554598126397443,4.702391800000441
highdim_poly2,Quadratic,100,cuda,NVIDIA GeForce RTX 4070 Ti SUPER,0,0,10000,7500,2500,"128,64,32",tanh,1000,2,True,5350,5351,0.1,750,500,3,2250,0.10515074806269081,0.03955806113606927,0.08564953165689146,0.010522450197382566,0.05420427582688909,0.004128109398146366,0.0886620194869893,0.08724861901938993,0.08892877592262396,0.010715321603690653,0.0106856461753001,0.011004467957359345,3.3977207461870558,1.7999591000764419,8.337955100000727
highdim_poly2,Quadratic,100,cuda,NVIDIA GeForce RTX 4070 Ti SUPER,0,0,10000,7500,2500,"128,64,32",tanh,1000,2,True,5350,5351,0.1,750,500,4,2750,0.10515074806269081,0.03841716511915365,0.09037432816694452,0.010763909291214412,0.05420427582688909,0.004128109398146366,0.0958481844915352,0.09473013698258713,0.09657789364164496,0.011587556171585462,0.01155324250433414,0.01173547569138178,5.710965057532319,7.108029235627467,13.655530700000782
highdim_poly2,Quadratic,100,cuda,NVIDIA GeForce RTX 4070 Ti SUPER,0,0,10000,7500,2500,"128,64,32",tanh,1000,2,True,5350,5351,0.1,750,500,5,3250,0.10515074806269081,0.037514957598938053,0.09643252433116879,0.011874096134722685,0.05420427582688909,0.004128109398146366,0.10154333302774425,0.10045682049917806,0.10319423297365948,0.012633585171747248,0.012353308783002776,0.01282684720381128,5.033130727724935,6.011666733549427,21.448668800000632
highdim_poly2,Quadratic,100,cuda,NVIDIA GeForce RTX 4070 Ti SUPER,0,1,10000,7500,2500,"128,64,32",tanh,1000,2,True,5350,5351,0.05,375,500,0,375,0.10945495187562729,0.056663381698193044,0.08450331051076163,0.009651094214247119,0.05917411506832427,0.0016892153142047629,0.08376033025237713,0.0834558095947596,0.08443653045784727,0.009630355542474314,0.009308582334086643,0.009852437485902359,-0.8870311950130029,-0.21534689639793653,0.4080991000000722
highdim_poly2,Quadratic,100,cuda,NVIDIA GeForce RTX 4070 Ti SUPER,0,1,10000,7500,2500,"128,64,32",tanh,1000,2,True,5350,5351,0.05,375,500,1,875,0.10945495187562729,0.05077418746670157,0.08287085375639365,0.010069563368332143,0.05917411506832427,0.0016892153142047629,0.08464076435595141,0.0835239606097114,0.08495586748776515,0.009860368239032549,0.009812522596828013,0.010158104347385743,2.0910853216241247,-2.121575221415051,1.4404303999999684
highdim_poly2,Quadratic,100,cuda,NVIDIA GeForce RTX 4070 Ti SUPER,0,1,10000,7500,2500,"128,64,32",tanh,1000,2,True,5350,5351,0.05,375,500,2,1375,0.10945495187562729,0.0462315717774361,0.08412258053301641,0.009558537092984619,0.05917411506832427,0.0016892153142047629,0.08651716604181456,0.08600767455746412,0.08690497283248375,0.010276725184129348,0.010018370447558525,0.010706544911628924,2.7677576813378533,6.98849174495634,3.196147900000142
highdim_poly2,Quadratic,100,cuda,NVIDIA GeForce RTX 4070 Ti SUPER,0,1,10000,7500,2500,"128,64,32",tanh,1000,2,True,5350,5351,0.05,375,500,3,1875,0.10945495187562729,0.04142514705756931,0.08695428373337608,0.010396968694271118,0.05917411506832427,0.0016892153142047629,0.08862129510352923,0.08822796510288167,0.08965831872526007,0.010717478192704612,0.010593593038030607,0.010980604339867918,1.881050562627997,2.9905309128752418,5.891951199999312
highdim_poly2,Quadratic,100,cuda,NVIDIA GeForce RTX 4070 Ti SUPER,0,1,10000,7500,2500,"128,64,32",tanh,1000,2,True,5350,5351,0.05,375,500,4,2375,0.10945495187562729,0.03950741374689687,0.09256608068957624,0.010851914267839862,0.05917411506832427,0.0016892153142047629,0.0935933529099357,0.09260496369417055,0.09473281308272034,0.011638586458143738,0.011506910769787958,0.011916652749127178,1.0975910023738547,6.759172972877872,9.88812710000002
highdim_poly2,Quadratic,100,cuda,NVIDIA GeForce RTX 4070 Ti SUPER,0,1,10000,7500,2500,"128,64,32",tanh,1000,2,True,5350,5351,0.05,375,500,5,2875,0.10945495187562729,0.03872315401311604,0.09735577097409165,0.01265896478937013,0.05917411506832427,0.0016892153142047629,0.0988877311693129,0.09716959144379095,0.10052771312261485,0.012172023451518157,0.011951668530287517,0.012562320144440128,1.549191367934485,-4.000496218163624,15.775001699999848
highdim_poly2,Quadratic,100,cuda,NVIDIA GeForce RTX 4070 Ti SUPER,0,1,10000,7500,2500,"128,64,32",tanh,1000,2,True,5350,5351,0.1,750,500,0,750,0.10945495187562729,0.051231626237313505,0.08348499696361,0.010408992499806138,0.04960692495279448,0.003727569366329871,0.0837151350305369,0.08351324124055022,0.08474728535287261,0.00992730720783792,0.009748892442370819,0.010241812234711748,0.27490616462955175,-4.852124366493989,0.7163940000000366
highdim_poly2,Quadratic,100,cuda,NVIDIA GeForce RTX 4070 Ti SUPER,0,1,10000,7500,2500,"128,64,32",tanh,1000,2,True,5350,5351,0.1,750,500,1,1250,0.10945495187562729,0.046467681727380215,0.08367969042595598,0.010186160167335284,0.04960692495279448,0.003727569366329871,0.08461257744184567,0.08427767406398583,0.08478028706335455,0.010099413447243511,0.009947543363306253,0.010264163427535966,1.102539414463364,-0.8589282986077704,2.277401500000451
highdim_poly2,Quadratic,100,cuda,NVIDIA GeForce RTX 4070 Ti SUPER,0,1,10000,7500,2500,"128,64,32",tanh,1000,2,True,5350,5351,0.1,750,500,2,1750,0.10945495187562729,0.04157572434948962,0.08687861877866654,0.01047651173790331,0.04960692495279448,0.003727569366329871,0.08760857484491001,0.08656334556574248,0.0879620898264416,0.01071828489810185,0.010553464825283736,0.011102713635536806,0.8332016215715016,2.255707536206244,4.760734299999967
highdim_poly2,Quadratic,100,cuda,NVIDIA GeForce RTX 4070 Ti SUPER,0,1,10000,7500,2500,"128,64,32",tanh,1000,2,True,5350,5351,0.1,750,500,3,2250,0.10945495187562729,0.03882362939428341,0.09080807225659343,0.010988472777273842,0.04960692495279448,0.003727569366329871,0.09150241601345005,0.08992878793247168,0.09186533248436701,0.01135092998816967,0.010936952150629412,0.011686242632362584,0.7588255994842329,3.1931939609670223,8.434848800000509
highdim_poly2,Quadratic,100,cuda,NVIDIA GeForce RTX 4070 Ti SUPER,0,1,10000,7500,2500,"128,64,32",tanh,1000,2,True,5350,5351,0.1,750,500,4,2750,0.10945495187562729,0.037661395003282264,0.09667929961854135,0.01206128450411038,0.04960692495279448,0.003727569366329871,0.09667562847924013,0.09608295512061109,0.09881222467551228,0.011807598333217074,0.011675082818287887,0.011926387469584257,-0.0037973782627215348,-2.1484993284336014,13.824066799999855
highdim_poly2,Quadratic,100,cuda,NVIDIA GeForce RTX 4070 Ti SUPER,0,1,10000,7500,2500,"128,64,32",tanh,1000,2,True,5350,5351,0.1,750,500,5,3250,0.10945495187562729,0.038073977835307936,0.10381497712637251,0.011903258297457031,0.04960692495279448,0.003727569366329871,0.10524512195524513,0.10437238402614701,0.10633225827590023,0.012845906148045828,0.012685432544472477,0.01320044137349735,1.3588704182230682,7.338118772821615,21.662108999999873
highdim_poly2,Quadratic,100,cuda,NVIDIA GeForce RTX 4070 Ti SUPER,1,0,10000,7500,2500,"128,64,32",tanh,1000,2,True,5350,5351,0.05,375,500,0,375,0.1206310486407891,0.06310095406816227,0.08840499017895138,0.01018612202621315,0.07043541371298544,0.0018860050169518848,0.08884033220753058,0.08765149388329077,0.08933658446646602,0.010792823677498925,0.010634004083206272,0.010893780242502584,0.49002746586116197,5.621343120342431,0.392149000000245
highdim_poly2,Quadratic,100,cuda,NVIDIA GeForce RTX 4070 Ti SUPER,1,0,10000,7500,2500,"128,64,32",tanh,1000,2,True,5350,5351,0.05,375,500,1,875,0.1206310486407891,0.05593374435380158,0.088588199578097,0.01081312128627519,0.07043541371298544,0.0018860050169518848,0.08896793035085776,0.08850871883625554,0.08934026125423992,0.011258731396337839,0.01098440065174551,0.011503956782600694,0.4268175861383357,3.957906929084337,1.437835300000188
highdim_poly2,Quadratic,100,cuda,NVIDIA GeForce RTX 4070 Ti SUPER,1,0,10000,7500,2500,"128,64,32",tanh,1000,2,True,5350,5351,0.05,375,500,2,1375,0.1206310486407891,0.0506502950614339,0.09138055906554819,0.011228057297296078,0.07043541371298544,0.0018860050169518848,0.09188706459098005,0.09113445804116545,0.09209063542583665,0.011910720261904163,0.011444860974783574,0.012011700784839064,0.5512261466687178,5.7315002753573845,3.246515400000135
highdim_poly2,Quadratic,100,cuda,NVIDIA GeForce RTX 4070 Ti SUPER,1,0,10000,7500,2500,"128,64,32",tanh,1000,2,True,5350,5351,0.05,375,500,3,1875,0.1206310486407891,0.04534496251260573,0.0934709975866335,0.01190571702569847,0.07043541371298544,0.0018860050169518848,0.09549272949320668,0.09433391909324786,0.09649340321731108,0.012210916962516614,0.011713490724474805,0.012364448646401498,2.117157942078723,2.499402278755998,6.033301499999652
highdim_poly2,Quadratic,100,cuda,NVIDIA GeForce RTX 4070 Ti SUPER,1,0,10000,7500,2500,"128,64,32",tanh,1000,2,True,5350,5351,0.05,375,500,4,2375,0.1206310486407891,0.04084438622230905,0.09738975022070065,0.012154496558426986,0.07043541371298544,0.0018860050169518848,0.10086940510454045,0.1002005403505907,0.10147738972444088,0.012945195386319469,0.012642231603755607,0.013359215668500585,3.4496633347183043,6.108048618007702,10.151326799999879
highdim_poly2,Quadratic,100,cuda,NVIDIA GeForce RTX 4070 Ti SUPER,1,0,10000,7500,2500,"128,64,32",tanh,1000,2,True,5350,5351,0.05,375,500,5,2875,0.1206310486407891,0.038141314957999155,0.1039037258301785,0.012848578526406121,0.07043541371298544,0.0018860050169518848,0.10687469829822928,0.10642588998404989,0.10761050796673977,0.013452693983010211,0.013295368544082082,0.013972915654101518,2.7798651274414916,4.490665270220557,16.226015399999596
highdim_poly2,Quadratic,100,cuda,NVIDIA GeForce RTX 4070 Ti SUPER,1,0,10000,7500,2500,"128,64,32",tanh,1000,2,True,5350,5351,0.1,750,500,0,750,0.1206310486407891,0.05946142459463813,0.09115241897156832,0.011225435147229883,0.05629973368279216,0.004093518004162862,0.09017562989557294,0.08982614552778644,0.09050886188365351,0.011182094030078114,0.011017297896026818,0.011490259921558605,-1.083207377787706,-0.3875939250303996,0.7112958999996408
highdim_poly2,Quadratic,100,cuda,NVIDIA GeForce RTX 4070 Ti SUPER,1,0,10000,7500,2500,"128,64,32",tanh,1000,2,True,5350,5351,0.1,750,500,1,1250,0.1206310486407891,0.054053620936455,0.09229511595090832,0.011719734707580143,0.05629973368279216,0.004093518004162862,0.09166700137116987,0.09151230147846158,0.09269011632964938,0.011196397073584987,0.011033022344346933,0.01153045769985991,-0.6852134032345457,-4.674161076600576,2.2718458999997893
highdim_poly2,Quadratic,100,cuda,NVIDIA GeForce RTX 4070 Ti SUPER,1,0,10000,7500,2500,"128,64,32",tanh,1000,2,True,5350,5351,0.1,750,500,2,1750,0.1206310486407891,0.04839160605476485,0.09373460612052079,0.0113100529444644,0.05629973368279216,0.004093518004162862,0.09479744175300298,0.09394060321674477,0.09565355059361358,0.011844738781149044,0.01152894126151942,0.011915819316245309,1.12116488887056,4.514120965973504,4.760881799999879
highdim_poly2,Quadratic,100,cuda,NVIDIA GeForce RTX 4070 Ti SUPER,1,0,10000,7500,2500,"128,64,32",tanh,1000,2,True,5350,5351,0.1,750,500,3,2250,0.1206310486407891,0.044324518882967914,0.09792736259853185,0.012135533195316768,0.05629973368279216,0.004093518004162862,0.10027002551381908,0.09961287228519067,0.10134260941682419,0.012871121287259632,0.012527572304226917,0.012972958964615613,2.33635416295408,5.715027273272447,8.51398319999953
highdim_poly2,Quadratic,100,cuda,NVIDIA GeForce RTX 4070 Ti SUPER,1,0,10000,7500,2500,"128,64,32",tanh,1000,2,True,5350,5351,0.1,750,500,4,2750,0.1206310486407891,0.0399751708197315,0.10182682375875475,0.012647682044839242,0.05629973368279216,0.004093518004162862,0.10551742890485125,0.10476325266736809,0.10623304371133654,0.01345783726817852,0.013031983885063825,0.013667743334644931,3.4976261120088923,6.019951105033162,13.97725949999949
highdim_poly2,Quadratic,100,cuda,NVIDIA GeForce RTX 4070 Ti SUPER,1,0,10000,7500,2500,"128,64,32",tanh,1000,2,True,5350,5351,0.1,750,500,5,3250,0.1206310486407891,0.03963804091076552,0.1080472034424041,0.013695407876630252,0.05629973368279216,0.004093518004162862,0.11348380899186278,0.11296619463548795,0.11383206963608997,0.01434042673632964,0.013932446623871561,0.014753862966172867,4.790644231767467,4.497905617169077,22.09390329999951
highdim_poly2,Quadratic,100,cuda,NVIDIA GeForce RTX 4070 Ti SUPER,1,1,10000,7500,2500,"128,64,32",tanh,1000,2,True,5350,5351,0.05,375,500,0,375,0.11562166531530324,0.06093780527770457,0.08649352370121932,0.010023081897478317,0.05544582370541949,0.0015059859852340762,0.08750454442265967,0.08625035814664983,0.08782163926848138,0.010120647782921453,0.009892319416973303,0.010593762719547085,1.1553922463237751,0.964028069505376,0.4164192999996885
highdim_poly2,Quadratic,100,cuda,NVIDIA GeForce RTX 4070 Ti SUPER,1,1,10000,7500,2500,"128,64,32",tanh,1000,2,True,5350,5351,0.05,375,500,1,875,0.11562166531530324,0.05505294922841305,0.08684035035365899,0.010101573868652361,0.05544582370541949,0.0015059859852340762,0.08703419660964237,0.08593299558435595,0.08784622475516793,0.010537080428764164,0.010146370823918803,0.010692540126187889,0.22272424349799638,4.133085659315604,1.502101400000356
highdim_poly2,Quadratic,100,cuda,NVIDIA GeForce RTX 4070 Ti SUPER,1,1,10000,7500,2500,"128,64,32",tanh,1000,2,True,5350,5351,0.05,375,500,2,1375,0.11562166531530324,0.05048972190937592,0.0894445178542746,0.01144094289599452,0.05544582370541949,0.0015059859852340762,0.08889551576115709,0.08806893954633924,0.08997288272057491,0.010900552486104713,0.010525585214718377,0.011007048673234548,-0.6175813126418612,-4.95745890475424,3.3113210000001345
highdim_poly2,Quadratic,100,cuda,NVIDIA GeForce RTX 4070 Ti SUPER,1,1,10000,7500,2500,"128,64,32",tanh,1000,2,True,5350,5351,0.05,375,500,3,1875,0.11562166531530324,0.04564908075091358,0.09159437293779216,0.01205433726470197,0.05544582370541949,0.0015059859852340762,0.09306452876962218,0.09203504519820736,0.09325555939354066,0.011277868553925815,0.011153542304332936,0.01194483484507855,1.579716623794807,-6.884888816210467,6.082547799999702
highdim_poly2,Quadratic,100,cuda,NVIDIA GeForce RTX 4070 Ti SUPER,1,1,10000,7500,2500,"128,64,32",tanh,1000,2,True,5350,5351,0.05,375,500,4,2375,0.11562166531530324,0.041228365984582266,0.09594125777545219,0.01243388842264104,0.05544582370541949,0.0015059859852340762,0.09790203469435306,0.09690901116758575,0.09817741324988652,0.012169767721005921,0.0121149212567329,0.012470976504143402,2.0027948602113845,-2.170301912823098,10.208954800000356
highdim_poly2,Quadratic,100,cuda,NVIDIA GeForce RTX 4070 Ti SUPER,1,1,10000,7500,2500,"128,64,32",tanh,1000,2,True,5350,5351,0.05,375,500,5,2875,0.11562166531530324,0.03844232596856604,0.10201384711904646,0.013107913040282686,0.05544582370541949,0.0015059859852340762,0.10383269398019258,0.10331381593865513,0.1047747381327612,0.013248197971909279,0.01317361519759665,0.013449477692851264,1.7517092077887277,1.0588982133573557,16.28777319999972
highdim_poly2,Quadratic,100,cuda,NVIDIA GeForce RTX 4070 Ti SUPER,1,1,10000,7500,2500,"128,64,32",tanh,1000,2,True,5350,5351,0.1,750,500,0,750,0.11562166531530324,0.05646893873924334,0.08688606838607008,0.010926071946747258,0.04991257798837161,0.0035866161777547666,0.08723485223433722,0.08651856096514593,0.08801216202121934,0.010553615346229612,0.010312821757108499,0.010819350253780717,0.3998216760088174,-3.5291849124547654,0.7251884999996037
highdim_poly2,Quadratic,100,cuda,NVIDIA GeForce RTX 4070 Ti SUPER,1,1,10000,7500,2500,"128,64,32",tanh,1000,2,True,5350,5351,0.1,750,500,1,1250,0.11562166531530324,0.05098685281978037,0.08888912211926497,0.01087968993042861,0.04991257798837161,0.0035866161777547666,0.08892727399813248,0.08859233913460228,0.08922855791208259,0.010784686594671865,0.01075953326388402,0.011023941988770896,0.042902337103359216,-0.8809095648980761,2.2734158000002935
highdim_poly2,Quadratic,100,cuda,NVIDIA GeForce RTX 4070 Ti SUPER,1,1,10000,7500,2500,"128,64,32",tanh,1000,2,True,5350,5351,0.1,750,500,2,1750,0.11562166531530324,0.04693677949057952,0.09120429018189992,0.011502086854030497,0.04991257798837161,0.0035866161777547666,0.09186196161809881,0.09093208392246929,0.09238712292329108,0.011363192955802147,0.011288924656241282,0.01150288055145722,0.7159344571075645,-1.2223139989665486,4.77000500000031
highdim_poly2,Quadratic,100,cuda,NVIDIA GeForce RTX 4070 Ti SUPER,1,1,10000,7500,2500,"128,64,32",tanh,1000,2,True,5350,5351,0.1,750,500,3,2250,0.11562166531530324,0.04313939642075451,0.09464428855824025,0.011464037162001168,0.04991257798837161,0.0035866161777547666,0.09662651674743902,0.09499424314569384,0.09719791166804417,0.011960540857268748,0.01183364946758989,0.012137764459318202,2.0514329357229024,4.151180964076899,8.53011669999978
highdim_poly2,Quadratic,100,cuda,NVIDIA GeForce RTX 4070 Ti SUPER,1,1,10000,7500,2500,"128,64,32",tanh,1000,2,True,5350,5351,0.1,750,500,4,2750,0.11562166531530324,0.03896732938191317,0.10006784539781449,0.012248750915007624,0.04991257798837161,0.0035866161777547666,0.10200167343537865,0.10082997434753792,0.10269660970323674,0.012834697100401415,0.012379890471342574,0.013079623844166298,1.8958787365280836,4.5653292852190885,14.012163399999736
highdim_poly2,Quadratic,100,cuda,NVIDIA GeForce RTX 4070 Ti SUPER,1,1,10000,7500,2500,"128,64,32",tanh,1000,2,True,5350,5351,0.1,750,500,5,3250,0.11562166531530324,0.03788936134005305,0.10644720105418558,0.013634280158619904,0.04991257798837161,0.0035866161777547666,0.10914462331107022,0.10764632842677149,0.10981289130418279,0.013847568375197915,0.013452706530864398,0.014046321761566607,2.4714201900690895,1.5402575441333615,22.061391399999593
highdim_poly2,Quadratic,100,cuda,NVIDIA GeForce RTX 4070 Ti SUPER,2,0,10000,7500,2500,"128,64,32",tanh,1000,2,True,5350,5351,0.05,375,500,0,375,0.11192964833525135,0.06844675554883052,0.08433609302113465,0.009864756101412232,0.0685349408037973,0.002597589870003607,0.08359918245634995,0.08267978585705325,0.08454006263626494,0.009767473464899935,0.00945769892227503,0.009964243626957357,-0.8814805876474512,-0.9959856749228778,0.4531381999995574
highdim_poly2,Quadratic,100,cuda,NVIDIA GeForce RTX 4070 Ti SUPER,2,0,10000,7500,2500,"128,64,32",tanh,1000,2,True,5350,5351,0.05,375,500,1,875,0.11192964833525135,0.059576360062098196,0.0832067251606982,0.010393685098042754,0.0685349408037973,0.002597589870003607,0.08308477608159698,0.08217663038934783,0.08343366344762979,0.010134969831964439,0.010045098393196778,0.010181017358138728,-0.1467766838312911,-2.55269892626971,1.617662499999824
highdim_poly2,Quadratic,100,cuda,NVIDIA GeForce RTX 4070 Ti SUPER,2,0,10000,7500,2500,"128,64,32",tanh,1000,2,True,5350,5351,0.05,375,500,2,1375,0.11192964833525135,0.05433997992606621,0.08468968372449714,0.011174975667370999,0.0685349408037973,0.002597589870003607,0.08431465601896135,0.08368416629867956,0.08472635467832429,0.010627218711484428,0.010335301573721232,0.010891171449596669,-0.44479539292843373,-5.154283267875454,3.5173422999996546
highdim_poly2,Quadratic,100,cuda,NVIDIA GeForce RTX 4070 Ti SUPER,2,0,10000,7500,2500,"128,64,32",tanh,1000,2,True,5350,5351,0.05,375,500,3,1875,0.11192964833525135,0.04875396543271322,0.08628095081588613,0.011498821044330101,0.0685349408037973,0.002597589870003607,0.08903225800482512,0.08833704042862853,0.09027767627759664,0.011291816525527609,0.011072897631601946,0.011507606825299548,3.090236337474308,-1.8332260211146163,6.407284400000208
highdim_poly2,Quadratic,100,cuda,NVIDIA GeForce RTX 4070 Ti SUPER,2,0,10000,7500,2500,"128,64,32",tanh,1000,2,True,5350,5351,0.05,375,500,4,2375,0.11192964833525135,0.04454350658890637,0.08799589504458373,0.01107888885314267,0.0685349408037973,0.002597589870003607,0.09332096645960791,0.09262874192739179,0.09414801935384394,0.012304426362783751,0.01158281211682214,0.012527498314365091,5.70618974175437,9.960135267645391,10.730240799999592
highdim_poly2,Quadratic,100,cuda,NVIDIA GeForce RTX 4070 Ti SUPER,2,0,10000,7500,2500,"128,64,32",tanh,1000,2,True,5350,5351,0.05,375,500,5,2875,0.11192964833525135,0.04170971464675921,0.09482945661330539,0.01201504005325012,0.0685349408037973,0.002597589870003607,0.09994843065736397,0.09938576553295411,0.10057465199979304,0.012779003141583176,0.012479242891604115,0.01313666789643108,5.121615227363686,5.97826825667725,17.069971400000213
highdim_poly2,Quadratic,100,cuda,NVIDIA GeForce RTX 4070 Ti SUPER,2,0,10000,7500,2500,"128,64,32",tanh,1000,2,True,5350,5351,0.1,750,500,0,750,0.11192964833525135,0.06463076268585624,0.08272062866255257,0.010787788644060102,0.06939426700715938,0.005137227948387913,0.08264088922632278,0.08219185754015626,0.08377951160955825,0.010084761089538354,0.010023704508184903,0.010223355203915197,-0.09648908303905207,-6.971187004628688,0.7466076999999132
highdim_poly2,Quadratic,100,cuda,NVIDIA GeForce RTX 4070 Ti SUPER,2,0,10000,7500,2500,"128,64,32",tanh,1000,2,True,5350,5351,0.1,750,500,1,1250,0.11192964833525135,0.05707785850729924,0.08323590379013285,0.010326523562983931,0.06939426700715938,0.005137227948387913,0.0837068184869591,0.08345345976094022,0.08396754008470995,0.010607638997819527,0.010370303265026084,0.010739994870405134,0.5625762695778688,2.65012256632585,2.381120099999862
highdim_poly2,Quadratic,100,cuda,NVIDIA GeForce RTX 4070 Ti SUPER,2,0,10000,7500,2500,"128,64,32",tanh,1000,2,True,5350,5351,0.1,750,500,2,1750,0.11192964833525135,0.052109510528924194,0.08671430183960303,0.01139351780301949,0.06939426700715938,0.005137227948387913,0.0854251529346376,0.0851976007166981,0.08609920239782086,0.011050159314932095,0.01091884742559153,0.011373989770836857,-1.50909756749493,-3.107271834745537,5.047139299999799
highdim_poly2,Quadratic,100,cuda,NVIDIA GeForce RTX 4070 Ti SUPER,2,0,10000,7500,2500,"128,64,32",tanh,1000,2,True,5350,5351,0.1,750,500,3,2250,0.11192964833525135,0.046536680992594615,0.08844374275533572,0.012173573219011174,0.06939426700715938,0.005137227948387913,0.09090636387395751,0.09014062704857842,0.09132624555799457,0.011770678254889876,0.01137777933321836,0.012018523126641756,2.7089644923387732,-3.4228695695927587,8.950430500000039
highdim_poly2,Quadratic,100,cuda,NVIDIA GeForce RTX 4070 Ti SUPER,2,0,10000,7500,2500,"128,64,32",tanh,1000,2,True,5350,5351,0.1,750,500,4,2750,0.11192964833525135,0.04255188506552894,0.09402354374041474,0.012402612298363222,0.06939426700715938,0.005137227948387913,0.09675333219351413,0.09506823570082587,0.09866035825448433,0.012614583921189661,0.012499867425164854,0.012909480199950748,2.8213896009696087,1.680369516353014,14.706373600000006
highdim_poly2,Quadratic,100,cuda,NVIDIA GeForce RTX 4070 Ti SUPER,2,0,10000,7500,2500,"128,64,32",tanh,1000,2,True,5350,5351,0.1,750,500,5,3250,0.11192964833525135,0.04068457639327419,0.10109208404225194,0.013867329354417333,0.06939426700715938,0.005137227948387913,0.106477664216301,0.10559927578061112,0.10766189560936328,0.013850789735522975,0.013594429105027877,0.014220339540571563,5.057943573131624,-0.11941282201360569,23.148435600000084
highdim_poly2,Quadratic,100,cuda,NVIDIA GeForce RTX 4070 Ti SUPER,2,1,10000,7500,2500,"128,64,32",tanh,1000,2,True,5350,5351,0.05,375,500,0,375,0.1309170270827729,0.0695807599781941,0.10364190904548773,0.012408439691875089,0.06771103529133765,0.0022257454689301737,0.10331926478579938,0.10192209852777942,0.1038774982821786,0.012228314174332493,0.01204591420069194,0.01250512515571805,-0.3122788962515891,-1.4730200334620354,0.4156220000004396
highdim_poly2,Quadratic,100,cuda,NVIDIA GeForce RTX 4070 Ti SUPER,2,1,10000,7500,2500,"128,64,32",tanh,1000,2,True,5350,5351,0.05,375,500,1,875,0.1309170270827729,0.06139915326636939,0.09969800178535108,0.011791915346930555,0.06771103529133765,0.0022257454689301737,0.1011550111390844,0.10069290183808488,0.10133993701423522,0.012479890503430308,0.012239548082383086,0.012766604242509715,1.4403728864504612,5.512669813173851,1.5015321999999287
highdim_poly2,Quadratic,100,cuda,NVIDIA GeForce RTX 4070 Ti SUPER,2,1,10000,7500,2500,"128,64,32",tanh,1000,2,True,5350,5351,0.05,375,500,2,1375,0.1309170270827729,0.05627138786733347,0.09942220040987376,0.012225786054940567,0.06771103529133765,0.0022257454689301737,0.10324129494202994,0.1018478555597093,0.1041751128788301,0.012907329371432975,0.01267486967135258,0.013107854894479402,3.699192783566498,5.280281434522216,3.3108996000000843
highdim_poly2,Quadratic,100,cuda,NVIDIA GeForce RTX 4070 Ti SUPER,2,1,10000,7500,2500,"128,64,32",tanh,1000,2,True,5350,5351,0.05,375,500,3,1875,0.1309170270827729,0.04975535839222805,0.10107038223145416,0.012582481114981474,0.06771103529133765,0.0022257454689301737,0.10631974093410024,0.10541436761814,0.10716271744915662,0.01354241943359458,0.012882364858650994,0.013852035723205806,4.937332104580434,7.088381240295917,6.205628800000341
highdim_poly2,Quadratic,100,cuda,NVIDIA GeForce RTX 4070 Ti SUPER,2,1,10000,7500,2500,"128,64,32",tanh,1000,2,True,5350,5351,0.05,375,500,4,2375,0.1309170270827729,0.044664800803106405,0.10604788735299624,0.01246364770068609,0.06771103529133765,0.0022257454689301737,0.11083117532963203,0.10903443168213499,0.11206303930911406,0.013884018527136274,0.013457660696967317,0.014478146445456738,4.315832582673089,10.230257354339255,10.496049000000312
highdim_poly2,Quadratic,100,cuda,NVIDIA GeForce RTX 4070 Ti SUPER,2,1,10000,7500,2500,"128,64,32",tanh,1000,2,True,5350,5351,0.05,375,500,5,2875,0.1309170270827729,0.041669263499185615,0.11130425065186193,0.014495391612616301,0.06771103529133765,0.0022257454689301737,0.11763209541184833,0.11620317985841591,0.11831879962773637,0.014827701085165738,0.014600528221866447,0.014868156061260835,5.379352240416716,2.241139544429399,16.861165600000277
highdim_poly2,Quadratic,100,cuda,NVIDIA GeForce RTX 4070 Ti SUPER,2,1,10000,7500,2500,"128,64,32",tanh,1000,2,True,5350,5351,0.1,750,500,0,750,0.1309170270827729,0.06310182467616489,0.10253672475845937,0.011946773783663267,0.05543077747506289,0.004743935299181341,0.10116701348349352,0.10062041386514828,0.10204886083282698,0.012246234716184471,0.011978762082206797,0.01240040708602967,-1.3539109516061125,2.445330662537769,0.7370079000002079
highdim_poly2,Quadratic,100,cuda,NVIDIA GeForce RTX 4070 Ti SUPER,2,1,10000,7500,2500,"128,64,32",tanh,1000,2,True,5350,5351,0.1,750,500,1,1250,0.1309170270827729,0.056398241851472554,0.10046196483894175,0.012450757776123512,0.05543077747506289,0.004743935299181341,0.10303239886817868,0.10236146897485311,0.10371647079811605,0.012914520377049165,0.012889959884215369,0.01327651204199355,2.494782279626027,3.5910168352037357,2.359675900000184
highdim_poly2,Quadratic,100,cuda,NVIDIA GeForce RTX 4070 Ti SUPER,2,1,10000,7500,2500,"128,64,32",tanh,1000,2,True,5350,5351,0.1,750,500,2,1750,0.1309170270827729,0.05014671907336858,0.10316251037466549,0.011484751675748032,0.05543077747506289,0.004743935299181341,0.10603127438342216,0.10572879364116355,0.1061760365703573,0.01384195255244488,0.013148499926656641,0.014073366536234509,2.7055828815023646,17.029395728426326,4.950415899999825
highdim_poly2,Quadratic,100,cuda,NVIDIA GeForce RTX 4070 Ti SUPER,2,1,10000,7500,2500,"128,64,32",tanh,1000,2,True,5350,5351,0.1,750,500,3,2250,0.1309170270827729,0.045008197110957125,0.10534687021059681,0.013354501485210066,0.05543077747506289,0.004743935299181341,0.10918969435495042,0.1079640759207169,0.11090930998167471,0.013923642503554655,0.013837539885818803,0.014104203439115216,3.51940186943053,4.08758712527479,8.829441300000326
highdim_poly2,Quadratic,100,cuda,NVIDIA GeForce RTX 4070 Ti SUPER,2,1,10000,7500,2500,"128,64,32",tanh,1000,2,True,5350,5351,0.1,750,500,4,2750,0.1309170270827729,0.04167603171938586,0.11055088949932751,0.014769051772266418,0.05543077747506289,0.004743935299181341,0.11698134683851277,0.11563155969751776,0.11748186450659323,0.014887330885547759,0.014559273243987017,0.015332710085848529,5.4969937626570555,0.7944950924424196,14.569531199999801
highdim_poly2,Quadratic,100,cuda,NVIDIA GeForce RTX 4070 Ti SUPER,2,1,10000,7500,2500,"128,64,32",tanh,1000,2,True,5350,5351,0.1,750,500,5,3250,0.1309170270827729,0.04073220474891307,0.11791815708434975,0.014320643827388001,0.05543077747506289,0.004743935299181341,0.12434583105252273,0.12212434801926486,0.1263272033387103,0.015679756793350222,0.015594579940863874,0.016076006393461736,5.169191370362856,8.667946728221066,22.98761740000009
highdim_smooth,Smooth,100,cuda,NVIDIA GeForce RTX 4070 Ti SUPER,0,0,10000,7500,2500,"128,64,32",tanh,1000,2,True,5350,5351,0.05,375,500,0,375,0.0211039385483898,0.06854117008894886,0.07254060828245443,0.005011714504771459,0.08432069751581488,0.003002722749603776,0.07131291998915242,0.07016043524136129,0.07383313888384876,0.005102095827445396,0.005055352291696272,0.0051904050839675754,-1.7215510085532313,1.771454824265643,0.40874910000002274
highdim_smooth,Smooth,100,cuda,NVIDIA GeForce RTX 4070 Ti SUPER,0,0,10000,7500,2500,"128,64,32",tanh,1000,2,True,5350,5351,0.05,375,500,1,875,0.0211039385483898,0.048228778682205486,0.05282440559478232,0.004587796767145236,0.08432069751581488,0.003002722749603776,0.04846607021271275,0.047037287733059305,0.04867891808166514,0.004615038526211271,0.004545735111641911,0.004666427407965765,-8.992549556713117,0.5902823760043223,1.4521695000003092
highdim_smooth,Smooth,100,cuda,NVIDIA GeForce RTX 4070 Ti SUPER,0,0,10000,7500,2500,"128,64,32",tanh,1000,2,True,5350,5351,0.05,375,500,2,1375,0.0211039385483898,0.038173925213609926,0.043102677302957484,0.004541601995434382,0.08432069751581488,0.003002722749603776,0.039218115353397934,0.038625143500327315,0.039729222165031,0.004361578377547746,0.004262803097916865,0.0044329436343192,-9.905019439499876,-4.127487856537203,3.1959252000006018
highdim_smooth,Smooth,100,cuda,NVIDIA GeForce RTX 4070 Ti SUPER,0,0,10000,7500,2500,"128,64,32",tanh,1000,2,True,5350,5351,0.05,375,500,3,1875,0.0211039385483898,0.0318495218239798,0.038304537779852536,0.003984768525436286,0.08432069751581488,0.003002722749603776,0.03545948981778655,0.03516229721063539,0.036443672814621436,0.004126689150320647,0.0039945697342095195,0.004303715417890342,-8.023375340947247,3.4390917201343676,5.919964300000174
highdim_smooth,Smooth,100,cuda,NVIDIA GeForce RTX 4070 Ti SUPER,0,0,10000,7500,2500,"128,64,32",tanh,1000,2,True,5350,5351,0.05,375,500,4,2375,0.0211039385483898,0.028349597217619725,0.03584419997367498,0.004121001097860402,0.08432069751581488,0.003002722749603776,0.03459470642218897,0.033945341683202936,0.03535872447980473,0.004190953052010407,0.004042961111968752,0.0043970358006895915,-3.6118056220433528,1.6691180569643695,9.916517000000567
highdim_smooth,Smooth,100,cuda,NVIDIA GeForce RTX 4070 Ti SUPER,0,0,10000,7500,2500,"128,64,32",tanh,1000,2,True,5350,5351,0.05,375,500,5,2875,0.0211039385483898,0.02590927733664443,0.03455352106071394,0.004367668937417805,0.08432069751581488,0.003002722749603776,0.035009689203536434,0.03472976975350149,0.035584665539107135,0.00431732871082008,0.004284955516428811,0.004344261431338624,1.3029768421263728,-1.1660040263221514,15.891156600000613
highdim_smooth,Smooth,100,cuda,NVIDIA GeForce RTX 4070 Ti SUPER,0,0,10000,7500,2500,"128,64,32",tanh,1000,2,True,5350,5351,0.1,750,500,0,750,0.0211039385483898,0.04605729636926228,0.05076095617849426,0.004535087263332984,0.05227570386685241,0.0029235927198008674,0.051162716728513205,0.05071930722607735,0.05145869949160291,0.004611545365280556,0.004556653026946356,0.004746768819243247,0.7852603921539709,1.6579713716623086,0.7365288999999393
highdim_smooth,Smooth,100,cuda,NVIDIA GeForce RTX 4070 Ti SUPER,0,0,10000,7500,2500,"128,64,32",tanh,1000,2,True,5350,5351,0.1,750,500,1,1250,0.0211039385483898,0.03655680538207002,0.041932757239562815,0.0040846771879083,0.05227570386685241,0.0029235927198008674,0.03984454739731487,0.03934173708987536,0.04062364654502947,0.004204208050479852,0.00414446409862778,0.0042243630337943415,-5.240892364581534,2.8431243443794183,2.2956444000001284
highdim_smooth,Smooth,100,cuda,NVIDIA GeForce RTX 4070 Ti SUPER,0,0,10000,7500,2500,"128,64,32",tanh,1000,2,True,5350,5351,0.1,750,500,2,1750,0.0211039385483898,0.03128463367244466,0.037383964920471295,0.004147349742265159,0.05227570386685241,0.0029235927198008674,0.036668508501063846,0.035719410636761,0.03704671516282253,0.004175261657008251,0.004015759326515129,0.004282720274368832,-1.9511467704957028,0.6685069592283311,4.731654500000332
highdim_smooth,Smooth,100,cuda,NVIDIA GeForce RTX 4070 Ti SUPER,0,0,10000,7500,2500,"128,64,32",tanh,1000,2,True,5350,5351,0.1,750,500,3,2250,0.0211039385483898,0.02812338934374981,0.0350363021778263,0.004265660800757852,0.05227570386685241,0.0029235927198008674,0.033985320335202754,0.03381298343360972,0.034455336203264963,0.0041360999708111084,0.004077531225462033,0.004272472250374331,-3.0924582503785207,-3.132439516962055,8.388046300000497
highdim_smooth,Smooth,100,cuda,NVIDIA GeForce RTX 4070 Ti SUPER,0,0,10000,7500,2500,"128,64,32",tanh,1000,2,True,5350,5351,0.1,750,500,4,2750,0.0211039385483898,0.025585981487014648,0.033890525087236924,0.0039002631764428653,0.05227570386685241,0.0029235927198008674,0.03476658487643847,0.03411592313806178,0.03498063075032974,0.004372477332690295,0.004232564084348663,0.004504643151586461,2.519832742603528,10.79969363630494,13.792919200000142
highdim_smooth,Smooth,100,cuda,NVIDIA GeForce RTX 4070 Ti SUPER,0,0,10000,7500,2500,"128,64,32",tanh,1000,2,True,5350,5351,0.1,750,500,5,3250,0.0211039385483898,0.02441865427333604,0.034454191613500634,0.004013774725767361,0.05227570386685241,0.0029235927198008674,0.03648710358804966,0.03618865643392533,0.03697583899962831,0.004638153015796588,0.004492725538081504,0.004684422529686006,5.571590437819371,13.461787222256882,21.593458600000304
highdim_smooth,Smooth,100,cuda,NVIDIA GeForce RTX 4070 Ti SUPER,0,1,10000,7500,2500,"128,64,32",tanh,1000,2,True,5350,5351,0.05,375,500,0,375,0.021331836153668866,0.06940533435346455,0.0733745575588234,0.004967877321676847,0.06694475351032068,0.0021156376045929877,0.07133603995323554,0.07020279758098376,0.07289595789528011,0.005095500419658625,0.005056218976297069,0.005168060328709005,-2.857626533410342,2.504623441682057,0.42774889999964216
highdim_smooth,Smooth,100,cuda,NVIDIA GeForce RTX 4070 Ti SUPER,0,1,10000,7500,2500,"128,64,32",tanh,1000,2,True,5350,5351,0.05,375,500,1,875,0.021331836153668866,0.047841928630143415,0.05262723987641687,0.004660583883646872,0.06694475351032068,0.0021156376045929877,0.04872411736469981,0.04854409996893668,0.049509219922093416,0.004507794688393402,0.004473166294092996,0.004661179616664186,-8.010658217781975,-3.3894444138476234,1.488251400000081
highdim_smooth,Smooth,100,cuda,NVIDIA GeForce RTX 4070 Ti SUPER,0,1,10000,7500,2500,"128,64,32",tanh,1000,2,True,5350,5351,0.05,375,500,2,1375,0.021331836153668866,0.03808454475668524,0.04357334293967692,0.004425432311058047,0.06694475351032068,0.0021156376045929877,0.03934639508460987,0.037997099946051896,0.04028140130598359,0.004189923636776999,0.004106128359130609,0.004424276214021801,-10.742910108988363,-5.620834523423625,3.251302699999542
highdim_smooth,Smooth,100,cuda,NVIDIA GeForce RTX 4070 Ti SUPER,0,1,10000,7500,2500,"128,64,32",tanh,1000,2,True,5350,5351,0.05,375,500,3,1875,0.021331836153668866,0.0315215940019815,0.038238380042053356,0.004160732121905453,0.06694475351032068,0.0021156376045929877,0.036516835950072705,0.03569352324075181,0.03673101084550155,0.004341767098107017,0.004140521875836341,0.004370456639409643,-4.714384604225884,4.169615092446902,6.001299499999732
highdim_smooth,Smooth,100,cuda,NVIDIA GeForce RTX 4070 Ti SUPER,0,1,10000,7500,2500,"128,64,32",tanh,1000,2,True,5350,5351,0.05,375,500,4,2375,0.021331836153668866,0.027769806197530198,0.0363674776916276,0.004305003086397903,0.06694475351032068,0.0021156376045929877,0.03534931260852917,0.035001247102389305,0.0356944647766744,0.0041964155954260715,0.004114521036800779,0.004261714990359227,-2.8802966959328082,-2.5876248074711015,10.00060029999986
highdim_smooth,Smooth,100,cuda,NVIDIA GeForce RTX 4070 Ti SUPER,0,1,10000,7500,2500,"128,64,32",tanh,1000,2,True,5350,5351,0.05,375,500,5,2875,0.021331836153668866,0.025398244303365722,0.03540939562477413,0.003975600253336733,0.06694475351032068,0.0021156376045929877,0.03596860678792391,0.03523979827067286,0.036472712039084206,0.004348479176043601,0.004307539651721966,0.00444727664825247,1.5547201103644772,8.574927178244575,15.901780199999848
highdim_smooth,Smooth,100,cuda,NVIDIA GeForce RTX 4070 Ti SUPER,0,1,10000,7500,2500,"128,64,32",tanh,1000,2,True,5350,5351,0.1,750,500,0,750,0.021331836153668866,0.04585421303893769,0.05042580276155472,0.004389707208487718,0.05251171598660509,0.0030524658389652235,0.052471191714077416,0.05200053558749396,0.05268388283160382,0.004636166366700405,0.004556376247075022,0.004723593208198894,3.898117968557479,5.3160119529553,0.7159224000006361
highdim_smooth,Smooth,100,cuda,NVIDIA GeForce RTX 4070 Ti SUPER,0,1,10000,7500,2500,"128,64,32",tanh,1000,2,True,5350,5351,0.1,750,500,1,1250,0.021331836153668866,0.03639562203558673,0.04192210329237464,0.0043647923465133095,0.05251171598660509,0.0030524658389652235,0.04114243903571117,0.04002461063060293,0.04133891066447386,0.004194259091744294,0.004113760958871952,0.004248330911377622,-1.8950365484815517,-4.065873162310882,2.2889721000001373
highdim_smooth,Smooth,100,cuda,NVIDIA GeForce RTX 4070 Ti SUPER,0,1,10000,7500,2500,"128,64,32",tanh,1000,2,True,5350,5351,0.1,750,500,2,1750,0.021331836153668866,0.032173340642495364,0.038310189108700446,0.004229241477772162,0.05251171598660509,0.0030524658389652235,0.0372995965275645,0.03627131052309275,0.03754089683782006,0.004171120132359221,0.004127869817180958,0.004272686924062747,-2.709392795681079,-1.3934229551922999,4.764428400000725
highdim_smooth,Smooth,100,cuda,NVIDIA GeForce RTX 4070 Ti SUPER,0,1,10000,7500,2500,"128,64,32",tanh,1000,2,True,5350,5351,0.1,750,500,3,2250,0.021331836153668866,0.02870709515106287,0.03667434138114796,0.004351167469308802,0.05251171598660509,0.0030524658389652235,0.03507642337831734,0.034512115240582175,0.03524446134004096,0.004091248064769068,0.003996429869615745,0.00422941366542973,-4.555532887707081,-6.353059028074489,8.40215040000021
highdim_smooth,Smooth,100,cuda,NVIDIA GeForce RTX 4070 Ti SUPER,0,1,10000,7500,2500,"128,64,32",tanh,1000,2,True,5350,5351,0.1,750,500,4,2750,0.021331836153668866,0.02654018239627645,0.035943421754911706,0.004300145369034476,0.05251171598660509,0.0030524658389652235,0.03445176310328825,0.034285467189605186,0.035134231534421675,0.0042368551455819236,0.004183394901029696,0.004352497628311227,-4.329701928900948,-1.493801918589298,13.731988100000308
highdim_smooth,Smooth,100,cuda,NVIDIA GeForce RTX 4070 Ti SUPER,0,1,10000,7500,2500,"128,64,32",tanh,1000,2,True,5350,5351,0.1,750,500,5,3250,0.021331836153668866,0.02533072294425976,0.03619853450868018,0.004419459189153603,0.05251171598660509,0.0030524658389652235,0.0365115889253944,0.03580575844693026,0.03730457629403225,0.004509664366451945,0.004383257817947265,0.004787639994298081,0.8574111013188046,2.0002636553041877,21.50714330000028
highdim_smooth,Smooth,100,cuda,NVIDIA GeForce RTX 4070 Ti SUPER,1,0,10000,7500,2500,"128,64,32",tanh,1000,2,True,5350,5351,0.05,375,500,0,375,0.020057002649097353,0.06134405074151478,0.06442598993774473,0.004853619487819377,0.08187327915053128,0.002716337366237694,0.06570057660731282,0.06469093034693393,0.0661248489430227,0.004907875293264322,0.0048479705148050944,0.00502111868536815,1.93999312545793,1.1054845977730239,0.4472565999994913
highdim_smooth,Smooth,100,cuda,NVIDIA GeForce RTX 4070 Ti SUPER,1,0,10000,7500,2500,"128,64,32",tanh,1000,2,True,5350,5351,0.05,375,500,1,875,0.020057002649097353,0.04191508038253523,0.046300275085672644,0.00455520170866402,0.08187327915053128,0.002716337366237694,0.0434512578794989,0.042933462096182894,0.04405719212988071,0.0043355468337535775,0.0042428518753549905,0.0045008449436262045,-6.55681180525263,-5.066370710157275,1.5444756999995661
highdim_smooth,Smooth,100,cuda,NVIDIA GeForce RTX 4070 Ti SUPER,1,0,10000,7500,2500,"128,64,32",tanh,1000,2,True,5350,5351,0.05,375,500,2,1375,0.020057002649097353,0.03318448678493836,0.03951141535974632,0.004345122094397417,0.08187327915053128,0.002716337366237694,0.03707972639101787,0.036646729045628365,0.03739664472341023,0.0041021340048868725,0.004088782854877449,0.004255107970096187,-6.5580013808232795,-5.923455675047978,3.3260912999994616
highdim_smooth,Smooth,100,cuda,NVIDIA GeForce RTX 4070 Ti SUPER,1,0,10000,7500,2500,"128,64,32",tanh,1000,2,True,5350,5351,0.05,375,500,3,1875,0.020057002649097353,0.029153555721402193,0.036181320654027356,0.0043132809326716665,0.08187327915053128,0.002716337366237694,0.03460711510918997,0.03430222694308647,0.035076069986647126,0.004276621302757062,0.00423066468157615,0.004341719628841738,-4.548791599272466,-0.8572101039428178,6.119001000000026
highdim_smooth,Smooth,100,cuda,NVIDIA GeForce RTX 4070 Ti SUPER,1,0,10000,7500,2500,"128,64,32",tanh,1000,2,True,5350,5351,0.05,375,500,4,2375,0.020057002649097353,0.026973983012701767,0.03620500588278844,0.0043945696639141425,0.08187327915053128,0.002716337366237694,0.03415672428389545,0.03396099249573045,0.03468825357435182,0.004179294737798161,0.0041408816339305885,0.004350067087475584,-5.996715556997174,-5.150986939710257,10.260176799999499
highdim_smooth,Smooth,100,cuda,NVIDIA GeForce RTX 4070 Ti SUPER,1,0,10000,7500,2500,"128,64,32",tanh,1000,2,True,5350,5351,0.05,375,500,5,2875,0.020057002649097353,0.02613861189048456,0.037065337862443155,0.004671525132730657,0.08187327915053128,0.002716337366237694,0.035085327757217954,0.03462308016651819,0.03534846010838249,0.004511645921216783,0.0044458476127767375,0.004689950758266807,-5.643413448853593,-3.5437003325552396,16.2960493999999
highdim_smooth,Smooth,100,cuda,NVIDIA GeForce RTX 4070 Ti SUPER,1,0,10000,7500,2500,"128,64,32",tanh,1000,2,True,5350,5351,0.1,750,500,0,750,0.020057002649097353,0.04317283910964963,0.04693375322827265,0.004292530860605459,0.05036873646381193,0.0032050828846118366,0.04624105239596104,0.046156776743779764,0.04642341689623665,0.004538338929627175,0.004363811952692047,0.004580352274491192,-1.4980213390907111,5.41625631829813,0.7076444000003903
highdim_smooth,Smooth,100,cuda,NVIDIA GeForce RTX 4070 Ti SUPER,1,0,10000,7500,2500,"128,64,32",tanh,1000,2,True,5350,5351,0.1,750,500,1,1250,0.020057002649097353,0.035026735297873854,0.04012683241570706,0.004541246329319678,0.05036873646381193,0.0032050828846118366,0.03845884311532832,0.03776383218393499,0.03901367749370429,0.0043395331902221015,0.004302026340260503,0.004411239847207852,-4.337076118948405,-4.6482681490276265,2.2523879999998826
highdim_smooth,Smooth,100,cuda,NVIDIA GeForce RTX 4070 Ti SUPER,1,0,10000,7500,2500,"128,64,32",tanh,1000,2,True,5350,5351,0.1,750,500,2,1750,0.020057002649097353,0.030738469977397563,0.0374595446647742,0.004187351921419439,0.05036873646381193,0.0032050828846118366,0.03547441126570072,0.03505090638234326,0.035975607619228245,0.004341611735761796,0.004237806241965982,0.00443623404273252,-5.595958687531057,3.553054112870595,4.767308700000285
highdim_smooth,Smooth,100,cuda,NVIDIA GeForce RTX 4070 Ti SUPER,1,0,10000,7500,2500,"128,64,32",tanh,1000,2,True,5350,5351,0.1,750,500,3,2250,0.020057002649097353,0.027596506550084113,0.035571339027349685,0.004502218760924288,0.05036873646381193,0.0032050828846118366,0.034881962925220056,0.034148194145851976,0.03530171992960603,0.004416360471610827,0.004261189918473872,0.004457311490642046,-1.976311091229338,-1.944096046175882,8.495644200000243
highdim_smooth,Smooth,100,cuda,NVIDIA GeForce RTX 4070 Ti SUPER,1,0,10000,7500,2500,"128,64,32",tanh,1000,2,True,5350,5351,0.1,750,500,4,2750,0.020057002649097353,0.02571208305256323,0.03658254649748503,0.004311309736782239,0.05036873646381193,0.0032050828846118366,0.03577060185507737,0.035256658555145474,0.03602123051861634,0.004429935339102495,0.004312631926850621,0.00457962016947025,-2.2698657565148412,2.6778179192179707,13.996072500000082
highdim_smooth,Smooth,100,cuda,NVIDIA GeForce RTX 4070 Ti SUPER,1,0,10000,7500,2500,"128,64,32",tanh,1000,2,True,5350,5351,0.1,750,500,5,3250,0.020057002649097353,0.02700452184727826,0.03882278549157815,0.0050194683122292034,0.05036873646381193,0.0032050828846118366,0.037564804249086356,0.03632327499182812,0.038072585102951334,0.004697257676330653,0.004596286704535321,0.004867045473639555,-3.3488294898339372,-6.8595478064182185,22.033829799999694
highdim_smooth,Smooth,100,cuda,NVIDIA GeForce RTX 4070 Ti SUPER,1,1,10000,7500,2500,"128,64,32",tanh,1000,2,True,5350,5351,0.05,375,500,0,375,0.021177811706476944,0.05879311992174379,0.06645935498048881,0.004591050512291699,0.08518847210113561,0.0029722537723161787,0.06801624752010019,0.06668629267187848,0.06849935923539001,0.005018421328434057,0.004933917257897952,0.00510099092059551,2.289000931948326,8.516040965331118,0.4372561999998652
highdim_smooth,Smooth,100,cuda,NVIDIA GeForce RTX 4070 Ti SUPER,1,1,10000,7500,2500,"128,64,32",tanh,1000,2,True,5350,5351,0.05,375,500,1,875,0.021177811706476944,0.04105634342774703,0.04897966143048019,0.00460945987541582,0.08518847210113561,0.0029722537723161787,0.04554167238700853,0.04506901992064145,0.04626886081375858,0.004557176911550897,0.004472843562765095,0.004723407017192257,-7.5491058261013695,-1.1472664958958236,1.5062016000001677
highdim_smooth,Smooth,100,cuda,NVIDIA GeForce RTX 4070 Ti SUPER,1,1,10000,7500,2500,"128,64,32",tanh,1000,2,True,5350,5351,0.05,375,500,2,1375,0.021177811706476944,0.033265219028824754,0.04252284659170083,0.004515445354083188,0.08518847210113561,0.0029722537723161787,0.03914819721765224,0.03871555068969854,0.03945643804210282,0.004384528742375566,0.004348970360554124,0.0044704405640497305,-8.62019100212087,-2.985876462442589,3.273414500000399
highdim_smooth,Smooth,100,cuda,NVIDIA GeForce RTX 4070 Ti SUPER,1,1,10000,7500,2500,"128,64,32",tanh,1000,2,True,5350,5351,0.05,375,500,3,1875,0.021177811706476944,0.02994347201560712,0.03925919451412824,0.00458366944666355,0.08518847210113561,0.0029722537723161787,0.036839765909027856,0.03626411479304374,0.03724485000868685,0.0044457817839504265,0.00431293598648893,0.004593347045367704,-6.567437510528485,-3.101539153606403,6.072311800000534
highdim_smooth,Smooth,100,cuda,NVIDIA GeForce RTX 4070 Ti SUPER,1,1,10000,7500,2500,"128,64,32",tanh,1000,2,True,5350,5351,0.05,375,500,4,2375,0.021177811706476944,0.027496676167184195,0.03824634377608003,0.0042689498178715805,0.08518847210113561,0.0029722537723161787,0.03536589805829136,0.03515519707982688,0.03621446005486234,0.00442729875629512,0.004331747617570237,0.004477422742982493,-8.14469835614245,3.576649039064397,10.178981199999726
highdim_smooth,Smooth,100,cuda,NVIDIA GeForce RTX 4070 Ti SUPER,1,1,10000,7500,2500,"128,64,32",tanh,1000,2,True,5350,5351,0.05,375,500,5,2875,0.021177811706476944,0.026819464497894466,0.039126846640792586,0.00460712133582192,0.08518847210113561,0.0029722537723161787,0.035987221039987534,0.03561545601565898,0.037110951071872324,0.004523910668040093,0.004414419237940526,0.004701465778074076,-8.724279091504252,-1.8393525842515601,16.25138330000027
highdim_smooth,Smooth,100,cuda,NVIDIA GeForce RTX 4070 Ti SUPER,1,1,10000,7500,2500,"128,64,32",tanh,1000,2,True,5350,5351,0.1,750,500,0,750,0.021177811706476944,0.042942660352697275,0.048847901243472464,0.004679754406467474,0.05568047662739372,0.003101850628027866,0.04972389271135107,0.049170720696223844,0.050015037522941425,0.00466591841876295,0.004607036564899546,0.004727081725031873,1.7617113627120156,-0.29653299656687315,0.7221589999999196
highdim_smooth,Smooth,100,cuda,NVIDIA GeForce RTX 4070 Ti SUPER,1,1,10000,7500,2500,"128,64,32",tanh,1000,2,True,5350,5351,0.1,750,500,1,1250,0.021177811706476944,0.035244387130906586,0.04189157209472763,0.004214964183849341,0.05568047662739372,0.003101850628027866,0.03998163458531448,0.03970321368026022,0.04020263201779248,0.004417745042536189,0.004363047386190366,0.0045445285770076916,-4.77703708020653,4.590143992792148,2.3376398000000336
highdim_smooth,Smooth,100,cuda,NVIDIA GeForce RTX 4070 Ti SUPER,1,1,10000,7500,2500,"128,64,32",tanh,1000,2,True,5350,5351,0.1,750,500,2,1750,0.021177811706476944,0.03052436408825435,0.038579532341207826,0.004307187617106828,0.05568047662739372,0.003101850628027866,0.03656044232130749,0.03629250249528764,0.03690766529854552,0.004308984062092262,0.004135719814192462,0.004419210471922929,-5.5226082938378545,0.0416906853111387,4.8306494999997085
highdim_smooth,Smooth,100,cuda,NVIDIA GeForce RTX 4070 Ti SUPER,1,1,10000,7500,2500,"128,64,32",tanh,1000,2,True,5350,5351,0.1,750,500,3,2250,0.021177811706476944,0.027018371903906917,0.03622881938936269,0.004173455635152832,0.05568047662739372,0.003101850628027866,0.03515379007663577,0.03465600219909491,0.03583614057835426,0.004324165597930531,0.004212332232781157,0.004399435847715783,-3.0580751332454894,3.485295818685261,8.583907899999758
highdim_smooth,Smooth,100,cuda,NVIDIA GeForce RTX 4070 Ti SUPER,1,1,10000,7500,2500,"128,64,32",tanh,1000,2,True,5350,5351,0.1,750,500,4,2750,0.021177811706476944,0.025617494263094613,0.03623637606850467,0.004674676316256437,0.05568047662739372,0.003101850628027866,0.03561485476340499,0.03481377211035744,0.03581901579398051,0.004442135098431248,0.004387739299015964,0.004651423568194436,-1.7451181795588864,-5.234897468726495,14.081529799999771
highdim_smooth,Smooth,100,cuda,NVIDIA GeForce RTX 4070 Ti SUPER,1,1,10000,7500,2500,"128,64,32",tanh,1000,2,True,5350,5351,0.1,750,500,5,3250,0.021177811706476944,0.026461926883361304,0.038317007504409716,0.004552827314940411,0.05568047662739372,0.003101850628027866,0.037146927291559745,0.03692751452662028,0.03775422535940774,0.0047771343311547535,0.004673852201723019,0.0049542611219668894,-3.149870791912923,4.695430370284808,22.086811599999237
highdim_smooth,Smooth,100,cuda,NVIDIA GeForce RTX 4070 Ti SUPER,2,0,10000,7500,2500,"128,64,32",tanh,1000,2,True,5350,5351,0.05,375,500,0,375,0.023301379997418853,0.05411346772214676,0.05818742873140372,0.004794025445457562,0.06101121493354023,0.002519861250471553,0.05967948078200355,0.05844597133041701,0.06338654168344376,0.00506200191788622,0.0049333967670304995,0.005142928813807306,2.5001089671841807,5.2938832654682075,0.440426899999693
highdim_smooth,Smooth,100,cuda,NVIDIA GeForce RTX 4070 Ti SUPER,2,0,10000,7500,2500,"128,64,32",tanh,1000,2,True,5350,5351,0.05,375,500,1,875,0.023301379997418853,0.0367587522387994,0.04254187616280678,0.004319183484762474,0.06101121493354023,0.002519861250471553,0.039213798979600714,0.03904756930838366,0.03954685340158199,0.004166578539075462,0.004131841931485523,0.0042893628133175675,-8.48700526296204,-3.6625961626748564,1.5519706999994014
highdim_smooth,Smooth,100,cuda,NVIDIA GeForce RTX 4070 Ti SUPER,2,0,10000,7500,2500,"128,64,32",tanh,1000,2,True,5350,5351,0.05,375,500,2,1375,0.023301379997418853,0.03058761516467456,0.036852871194920075,0.00425416141371373,0.06101121493354023,0.002519861250471553,0.0341312848545132,0.03395532567687181,0.03479671550644869,0.004081744495930453,0.003972682736813311,0.004236383759309672,-7.973876026079332,-4.224098739036187,3.3551306999997905
highdim_smooth,Smooth,100,cuda,NVIDIA GeForce RTX 4070 Ti SUPER,2,0,10000,7500,2500,"128,64,32",tanh,1000,2,True,5350,5351,0.05,375,500,3,1875,0.023301379997418853,0.026065982252928156,0.034029972883720276,0.004130077432906226,0.06101121493354023,0.002519861250471553,0.032871809564414725,0.032540181847888705,0.03311483483188439,0.004082813058780725,0.003990400470454243,0.0041555094581859145,-3.523272173489704,-1.1576423765925588,6.267312399999355
highdim_smooth,Smooth,100,cuda,NVIDIA GeForce RTX 4070 Ti SUPER,2,0,10000,7500,2500,"128,64,32",tanh,1000,2,True,5350,5351,0.05,375,500,4,2375,0.023301379997418853,0.023226261942641685,0.03320138026007905,0.004117361972889019,0.06101121493354023,0.002519861250471553,0.032169391176603744,0.03145714118375207,0.03290482356671362,0.0041692084418573595,0.004001603707406774,0.0042976354759688366,-3.207984502441735,1.2435566532922708,10.572571899999275
highdim_smooth,Smooth,100,cuda,NVIDIA GeForce RTX 4070 Ti SUPER,2,0,10000,7500,2500,"128,64,32",tanh,1000,2,True,5350,5351,0.05,375,500,5,2875,0.023301379997418853,0.02193343652361483,0.0336756617041798,0.004694374752451675,0.06101121493354023,0.002519861250471553,0.03369202653414416,0.03346599531160803,0.034196972592118166,0.0044994019293546125,0.004421273413103402,0.004607799750172732,0.04857181846207609,-4.333305318314365,16.90920619999997
highdim_smooth,Smooth,100,cuda,NVIDIA GeForce RTX 4070 Ti SUPER,2,0,10000,7500,2500,"128,64,32",tanh,1000,2,True,5350,5351,0.1,750,500,0,750,0.023301379997418853,0.038231601983103734,0.04379317469834169,0.004671062272945352,0.04248744021429646,0.0028424337856517417,0.04353688699357607,0.04140560713531553,0.04389718388649613,0.004398957157715218,0.004311421445856224,0.0045353154047750805,-0.5886679605811743,-6.185673228321767,0.7547887999999148
highdim_smooth,Smooth,100,cuda,NVIDIA GeForce RTX 4070 Ti SUPER,2,0,10000,7500,2500,"128,64,32",tanh,1000,2,True,5350,5351,0.1,750,500,1,1250,0.023301379997418853,0.02954422845929771,0.03668232255789546,0.004512194268054786,0.04248744021429646,0.0028424337856517417,0.0355634711259774,0.035249471805985415,0.03582415510382189,0.004168903449564344,0.004085095717659452,0.004219857153429251,-3.1460692572857263,-8.23455910273758,2.3877047000005405
highdim_smooth,Smooth,100,cuda,NVIDIA GeForce RTX 4070 Ti SUPER,2,0,10000,7500,2500,"128,64,32",tanh,1000,2,True,5350,5351,0.1,750,500,2,1750,0.023301379997418853,0.025917174159690047,0.03439646892866333,0.004441438923438091,0.04248744021429646,0.0028424337856517417,0.03276132301404974,0.03241018847086129,0.03333600792340935,0.004104019112440438,0.004034323344150522,0.004143413118766736,-4.991086330403555,-8.22169199882231,4.99977250000029
highdim_smooth,Smooth,100,cuda,NVIDIA GeForce RTX 4070 Ti SUPER,2,0,10000,7500,2500,"128,64,32",tanh,1000,2,True,5350,5351,0.1,750,500,3,2250,0.023301379997418853,0.024239877641086108,0.03378603190052241,0.004202182125616032,0.04248744021429646,0.0028424337856517417,0.03265807617065774,0.032557078587781986,0.03333836019648387,0.004219099829361557,0.004134580289925856,0.004352343154841463,-3.453833973472392,0.40097898674479554,8.908255300000747
highdim_smooth,Smooth,100,cuda,NVIDIA GeForce RTX 4070 Ti SUPER,2,0,10000,7500,2500,"128,64,32",tanh,1000,2,True,5350,5351,0.1,750,500,4,2750,0.023301379997418853,0.02283294568782607,0.03449325792948315,0.004647942269449214,0.04248744021429646,0.0028424337856517417,0.03350949668565314,0.03273913303456083,0.034303451308816686,0.004343016227597274,0.0042380982298598985,0.004540686215176974,-2.935768486941202,-7.02106614095331,14.646966500000417
highdim_smooth,Smooth,100,cuda,NVIDIA GeForce RTX 4070 Ti SUPER,2,0,10000,7500,2500,"128,64,32",tanh,1000,2,True,5350,5351,0.1,750,500,5,3250,0.023301379997418853,0.021843894375102816,0.034968692802503226,0.004929919180637218,0.04248744021429646,0.0028424337856517417,0.03647004558602521,0.035667465931514,0.036668732328832804,0.004737185071712866,0.0046357792459355025,0.0049367959355417134,4.116673723317959,-4.068536609963257,23.070810600000186
highdim_smooth,Smooth,100,cuda,NVIDIA GeForce RTX 4070 Ti SUPER,2,1,10000,7500,2500,"128,64,32",tanh,1000,2,True,5350,5351,0.05,375,500,0,375,0.022880352145536288,0.056307093364429905,0.06211777424021161,0.005372056659262277,0.06615216229000438,0.0020720471534953103,0.06221686476977756,0.05980773581276911,0.0632399107127308,0.005042198408574191,0.004924734657447277,0.005237435928052304,0.1592663499400309,-6.5419530125424235,0.45621269999992364
highdim_smooth,Smooth,100,cuda,NVIDIA GeForce RTX 4070 Ti SUPER,2,1,10000,7500,2500,"128,64,32",tanh,1000,2,True,5350,5351,0.05,375,500,1,875,0.022880352145536288,0.03693447928814375,0.043357614938511736,0.004123112624955159,0.06615216229000438,0.0020720471534953103,0.04086885354678139,0.04047687588328967,0.04163078350559018,0.004484956131340491,0.004387060487612739,0.004564347547280212,-6.089628594258304,8.06793858822387,1.5609650000005786
highdim_smooth,Smooth,100,cuda,NVIDIA GeForce RTX 4070 Ti SUPER,2,1,10000,7500,2500,"128,64,32",tanh,1000,2,True,5350,5351,0.05,375,500,2,1375,0.022880352145536288,0.030502808294504233,0.03705894666172736,0.003953656003228431,0.06615216229000438,0.0020720471534953103,0.034997115952456956,0.034795398336480786,0.03538240966339679,0.004143713390716103,0.003983119032710111,0.004239093556330037,-5.891430345492961,4.586644141785748,3.4263805000000502
highdim_smooth,Smooth,100,cuda,NVIDIA GeForce RTX 4070 Ti SUPER,2,1,10000,7500,2500,"128,64,32",tanh,1000,2,True,5350,5351,0.05,375,500,3,1875,0.022880352145536288,0.026184876548686616,0.03447747644932686,0.004082090480707496,0.06615216229000438,0.0020720471534953103,0.03277984366906167,0.0321688797442452,0.03334581676455648,0.0042186952361079125,0.004063563439920242,0.004366678822047521,-5.178892240622408,3.238080680282679,6.317570300000625
highdim_smooth,Smooth,100,cuda,NVIDIA GeForce RTX 4070 Ti SUPER,2,1,10000,7500,2500,"128,64,32",tanh,1000,2,True,5350,5351,0.05,375,500,4,2375,0.022880352145536288,0.02304348876378279,0.033381253038936964,0.00406649334127704,0.06615216229000438,0.0020720471534953103,0.033392617176596716,0.033044466183525856,0.033743960340431325,0.004265086407713552,0.00419316884524041,0.004443936680243983,0.034031886748056545,4.656249544612973,10.605845099999897
highdim_smooth,Smooth,100,cuda,NVIDIA GeForce RTX 4070 Ti SUPER,2,1,10000,7500,2500,"128,64,32",tanh,1000,2,True,5350,5351,0.05,375,500,5,2875,0.022880352145536288,0.022083748293888955,0.03445135660052324,0.004265853326767134,0.06615216229000438,0.0020720471534953103,0.03429266861328285,0.03412924783456812,0.03466902924353977,0.004511947750016259,0.004364470347942902,0.004582199641619191,-0.4627461018852246,5.454283535270058,16.931078000000525
highdim_smooth,Smooth,100,cuda,NVIDIA GeForce RTX 4070 Ti SUPER,2,1,10000,7500,2500,"128,64,32",tanh,1000,2,True,5350,5351,0.1,750,500,0,750,0.022880352145536288,0.037978731779867346,0.04398871422616162,0.0043518523451311665,0.05157556507543452,0.0030426093260284555,0.04310476217077819,0.04264883250004298,0.04347300610952003,0.004561718595427859,0.004517718547586116,0.004658309424393587,-2.0507062581189412,4.600596154857916,0.7337590999995882
highdim_smooth,Smooth,100,cuda,NVIDIA GeForce RTX 4070 Ti SUPER,2,1,10000,7500,2500,"128,64,32",tanh,1000,2,True,5350,5351,0.1,750,500,1,1250,0.022880352145536288,0.03027353289189466,0.037109072241648014,0.00439181050925937,0.05157556507543452,0.0030426093260284555,0.03559302218282795,0.03543060900390156,0.0357979173539003,0.0041924367270463735,0.004154323744589042,0.004240181739410935,-4.259402449819199,-4.755558525827965,2.3427617999996073
highdim_smooth,Smooth,100,cuda,NVIDIA GeForce RTX 4070 Ti SUPER,2,1,10000,7500,2500,"128,64,32",tanh,1000,2,True,5350,5351,0.1,750,500,2,1750,0.022880352145536288,0.026630123020761037,0.034718560261297396,0.004376932636911924,0.05157556507543452,0.0030426093260284555,0.03340351619814845,0.03261040992320223,0.03397597895768116,0.004160516884793958,0.004082605184024176,0.00420631437853825,-3.9368432213787075,-5.201655421924427,4.9804064999998445
highdim_smooth,Smooth,100,cuda,NVIDIA GeForce RTX 4070 Ti SUPER,2,1,10000,7500,2500,"128,64,32",tanh,1000,2,True,5350,5351,0.1,750,500,3,2250,0.022880352145536288,0.024078979570481027,0.03339869852409754,0.004268902242325859,0.05157556507543452,0.0030426093260284555,0.03300178782630284,0.032467834299717266,0.03322151416868545,0.004152229198960187,0.004073062520686122,0.004428868813386637,-1.2026945324409197,-2.8098892853720403,8.882528000000093
highdim_smooth,Smooth,100,cuda,NVIDIA GeForce RTX 4070 Ti SUPER,2,1,10000,7500,2500,"128,64,32",tanh,1000,2,True,5350,5351,0.1,750,500,4,2750,0.022880352145536288,0.02207636954983808,0.03362762906185119,0.004301449365193678,0.05157556507543452,0.0030426093260284555,0.034144682857104716,0.03335487805909676,0.034667118359009264,0.004472759711714841,0.004315799125814345,0.00460570373073743,1.5143025267430161,3.8300815953174365,14.620214300000043
highdim_smooth,Smooth,100,cuda,NVIDIA GeForce RTX 4070 Ti SUPER,2,1,10000,7500,2500,"128,64,32",tanh,1000,2,True,5350,5351,0.1,750,500,5,3250,0.022880352145536288,0.02225193823654207,0.03522337737482166,0.004591108003527707,0.05157556507543452,0.0030426093260284555,0.03601586997202749,0.035503983880560704,0.03679769041930417,0.004626235050829486,0.00448073071251846,0.004723898525026043,2.2003983183561546,0.7593009632202058,23.04054730000007
highdim_strong,Strong nonlinear,100,cuda,NVIDIA GeForce RTX 4070 Ti SUPER,0,0,10000,7500,2500,"128,64,32",tanh,1000,2,True,5350,5351,0.05,375,500,0,375,0.008999338930469815,0.09334318732651016,0.09273580001880594,0.008221843943014982,0.08665958325992415,0.0036645827996313976,0.09408767012198663,0.09213801093390867,0.09567694814255195,0.008412031319720223,0.008105575730427968,0.008586582105155222,1.4368196187959204,2.2608971540487177,0.4490390999999363
highdim_strong,Strong nonlinear,100,cuda,NVIDIA GeForce RTX 4070 Ti SUPER,0,0,10000,7500,2500,"128,64,32",tanh,1000,2,True,5350,5351,0.05,375,500,1,875,0.008999338930469815,0.07656548421535944,0.07557760580984098,0.0071915871433451215,0.08665958325992415,0.0036645827996313976,0.07234461083983598,0.07169258217996473,0.07333937896724975,0.007959056761592507,0.007631092428890911,0.008020339257143851,-4.468881555203243,9.642720754938106,1.5070979000001898
highdim_strong,Strong nonlinear,100,cuda,NVIDIA GeForce RTX 4070 Ti SUPER,0,0,10000,7500,2500,"128,64,32",tanh,1000,2,True,5350,5351,0.05,375,500,2,1375,0.008999338930469815,0.07174162299530228,0.07177770320879535,0.008093249711454352,0.08665958325992415,0.0036645827996313976,0.06462425293254696,0.06403866506486235,0.06529308263156741,0.007690319987724863,0.007520349985835458,0.007899121224193919,-11.069296667483286,-5.239440288214766,3.25062810000054
highdim_strong,Strong nonlinear,100,cuda,NVIDIA GeForce RTX 4070 Ti SUPER,0,0,10000,7500,2500,"128,64,32",tanh,1000,2,True,5350,5351,0.05,375,500,3,1875,0.008999338930469815,0.0680545890924572,0.06830251614722553,0.007573575579174199,0.08665958325992415,0.0036645827996313976,0.06401363194823986,0.06268300371770452,0.06589136110715048,0.007972818751019066,0.00775460499780602,0.0080759024695107,-6.699954476030315,5.007553593186057,5.981196599999748
highdim_strong,Strong nonlinear,100,cuda,NVIDIA GeForce RTX 4070 Ti SUPER,0,0,10000,7500,2500,"128,64,32",tanh,1000,2,True,5350,5351,0.05,375,500,4,2375,0.008999338930469815,0.067865178235563,0.06914043821203418,0.008333045372541065,0.08665958325992415,0.0036645827996313976,0.06581104425189879,0.06454503020215896,0.06664073573203454,0.008386786144072159,0.007844729442733026,0.008475773015693428,-5.059020105184438,0.6407790851931836,10.011932299999899
highdim_strong,Strong nonlinear,100,cuda,NVIDIA GeForce RTX 4070 Ti SUPER,0,0,10000,7500,2500,"128,64,32",tanh,1000,2,True,5350,5351,0.05,375,500,5,2875,0.008999338930469815,0.0690016062360827,0.06998616138184023,0.00867269690665822,0.08665958325992415,0.0036645827996313976,0.07117497414005663,0.06996853282981938,0.07432439114628656,0.00889729741546512,0.008785012474795408,0.009463089674102294,1.6702679173118948,2.5243677750561058,15.963924700000462
highdim_strong,Strong nonlinear,100,cuda,NVIDIA GeForce RTX 4070 Ti SUPER,0,0,10000,7500,2500,"128,64,32",tanh,1000,2,True,5350,5351,0.1,750,500,0,750,0.008999338930469815,0.07584579132110832,0.07525811810939924,0.007663764411444545,0.07700289939236134,0.004958156505100947,0.07620151607848254,0.07496491495257711,0.07721121459794068,0.007818875862754624,0.007724558430705523,0.007938037803024704,1.2380304456300588,1.9838075707142968,0.722291099999893
highdim_strong,Strong nonlinear,100,cuda,NVIDIA GeForce RTX 4070 Ti SUPER,0,0,10000,7500,2500,"128,64,32",tanh,1000,2,True,5350,5351,0.1,750,500,1,1250,0.008999338930469815,0.0682058668953196,0.06805792149850269,0.007852653484743038,0.07700289939236134,0.004958156505100947,0.06593185626356067,0.06563681003058926,0.06744310987929789,0.007673722494003987,0.0074601366186425044,0.008159743410438881,-3.2246403414506286,-2.331736531766202,2.278331100000287
highdim_strong,Strong nonlinear,100,cuda,NVIDIA GeForce RTX 4070 Ti SUPER,0,0,10000,7500,2500,"128,64,32",tanh,1000,2,True,5350,5351,0.1,750,500,2,1750,0.008999338930469815,0.06806575242141522,0.06829733134496756,0.008370532565858568,0.07700289939236134,0.004958156505100947,0.0638686148559717,0.0632902529611072,0.06444243977648226,0.007929886521134653,0.0076228931222682445,0.007955324008587205,-6.934104487756513,-5.556776172641431,4.785374899999624
highdim_strong,Strong nonlinear,100,cuda,NVIDIA GeForce RTX 4070 Ti SUPER,0,0,10000,7500,2500,"128,64,32",tanh,1000,2,True,5350,5351,0.1,750,500,3,2250,0.008999338930469815,0.06898689255064792,0.06938838094297395,0.008996668899929148,0.07700289939236134,0.004958156505100947,0.06667501752159993,0.06470374238255416,0.0673473275807657,0.008203663090295701,0.00803539105816429,0.008343943942443506,-4.069535370568142,-9.666484360766972,8.482995899999878
highdim_strong,Strong nonlinear,100,cuda,NVIDIA GeForce RTX 4070 Ti SUPER,0,0,10000,7500,2500,"128,64,32",tanh,1000,2,True,5350,5351,0.1,750,500,4,2750,0.008999338930469815,0.07028784685255954,0.07081868648602127,0.008990277719648592,0.07700289939236134,0.004958156505100947,0.07029785300031222,0.0694916474595958,0.0711732392255705,0.00916878776513398,0.008848392815900968,0.009392488766654888,-0.7408952954889553,1.946931808850516,13.860037200000079
highdim_strong,Strong nonlinear,100,cuda,NVIDIA GeForce RTX 4070 Ti SUPER,0,0,10000,7500,2500,"128,64,32",tanh,1000,2,True,5350,5351,0.1,750,500,5,3250,0.008999338930469815,0.07829779292461014,0.07930392698485023,0.010017639602516872,0.07700289939236134,0.004958156505100947,0.08173820882200347,0.07831900468075662,0.08347926532052068,0.010048375724727776,0.009541975143900535,0.010240809900090138,2.9781443369455762,0.30588149819345284,21.714672000000064
highdim_strong,Strong nonlinear,100,cuda,NVIDIA GeForce RTX 4070 Ti SUPER,0,1,10000,7500,2500,"128,64,32",tanh,1000,2,True,5350,5351,0.05,375,500,0,375,0.0093988218602448,0.09163586619869785,0.09251841045325196,0.00898487362503908,0.12316874946850402,0.0046862057399058524,0.09493356104412162,0.09333382772783017,0.0968146292869463,0.008187562068974892,0.008047340704537378,0.0086751462367724,2.5440429752205236,-9.738082586090414,0.4355464000000211
highdim_strong,Strong nonlinear,100,cuda,NVIDIA GeForce RTX 4070 Ti SUPER,0,1,10000,7500,2500,"128,64,32",tanh,1000,2,True,5350,5351,0.05,375,500,1,875,0.0093988218602448,0.07507099656435196,0.07549935158409833,0.008336000420942475,0.12316874946850402,0.0046862057399058524,0.07224972894466862,0.07042831287700188,0.07340467790357061,0.007780329569792396,0.007336143737608431,0.007959603186379546,-4.497764471778692,-7.1419963147513,1.4881278000002567
highdim_strong,Strong nonlinear,100,cuda,NVIDIA GeForce RTX 4070 Ti SUPER,0,1,10000,7500,2500,"128,64,32",tanh,1000,2,True,5350,5351,0.05,375,500,2,1375,0.0093988218602448,0.0699683729824081,0.07080994420203562,0.0072818947174497425,0.12316874946850402,0.0046862057399058524,0.06528972369177448,0.06471338528027605,0.06641825635623635,0.007778516707430709,0.0076938403428891446,0.007853442634109562,-8.45496074745467,6.384533307057759,3.271442300000672
highdim_strong,Strong nonlinear,100,cuda,NVIDIA GeForce RTX 4070 Ti SUPER,0,1,10000,7500,2500,"128,64,32",tanh,1000,2,True,5350,5351,0.05,375,500,3,1875,0.0093988218602448,0.06407296316447918,0.0653045376572621,0.007206763616920844,0.12316874946850402,0.0046862057399058524,0.06272100459917845,0.06139608130642457,0.0633907816308924,0.007657900822177684,0.0074793238615309685,0.007807115578395888,-4.1190874964357445,5.891134081422456,6.022328400000333
highdim_strong,Strong nonlinear,100,cuda,NVIDIA GeForce RTX 4070 Ti SUPER,0,1,10000,7500,2500,"128,64,32",tanh,1000,2,True,5350,5351,0.05,375,500,4,2375,0.0093988218602448,0.06347381787087764,0.06520160404031372,0.008077156942341013,0.12316874946850402,0.0046862057399058524,0.06543144676818183,0.0645803433818921,0.06763704235794071,0.008295095273173191,0.008202195618166784,0.008357302291929141,0.35127257491710473,2.6273155841501112,10.277007000000594
highdim_strong,Strong nonlinear,100,cuda,NVIDIA GeForce RTX 4070 Ti SUPER,0,1,10000,7500,2500,"128,64,32",tanh,1000,2,True,5350,5351,0.05,375,500,5,2875,0.0093988218602448,0.06518346246244124,0.0665305709563602,0.00844384061219284,0.12316874946850402,0.0046862057399058524,0.06994323459702695,0.0693238738067985,0.07145787016931138,0.008943771930226201,0.008725303035647187,0.00905979173842267,4.879190475431362,5.589714517918371,16.570752900000116
highdim_strong,Strong nonlinear,100,cuda,NVIDIA GeForce RTX 4070 Ti SUPER,0,1,10000,7500,2500,"128,64,32",tanh,1000,2,True,5350,5351,0.1,750,500,0,750,0.0093988218602448,0.07746882809483657,0.07809089645881098,0.008094210398909472,0.0775509729278053,0.005056115299785081,0.07513993448094833,0.0745734052214533,0.0778787061771652,0.008004598484049927,0.007649008237679669,0.008262975238474558,-3.9272884628490967,-1.1195054322600635,0.8103332999999111
highdim_strong,Strong nonlinear,100,cuda,NVIDIA GeForce RTX 4070 Ti SUPER,0,1,10000,7500,2500,"128,64,32",tanh,1000,2,True,5350,5351,0.1,750,500,1,1250,0.0093988218602448,0.06818777724245731,0.06871923534628602,0.007297440574363991,0.0775509729278053,0.005056115299785081,0.06780132072941183,0.06707360305901824,0.06832129850406185,0.007827016223026364,0.007678307888161115,0.008337790206507135,-1.3538299947540642,6.765996563344407,2.412655099999938
highdim_strong,Strong nonlinear,100,cuda,NVIDIA GeForce RTX 4070 Ti SUPER,0,1,10000,7500,2500,"128,64,32",tanh,1000,2,True,5350,5351,0.1,750,500,2,1750,0.0093988218602448,0.06589286308626359,0.06611221167501516,0.0077360038383668455,0.0775509729278053,0.005056115299785081,0.06379786770066073,0.06304659362815855,0.06406622436086357,0.007853404307299389,0.007558462060185065,0.00793019297869485,-3.627619633328996,1.4948990824708288,4.961310800000319
highdim_strong,Strong nonlinear,100,cuda,NVIDIA GeForce RTX 4070 Ti SUPER,0,1,10000,7500,2500,"128,64,32",tanh,1000,2,True,5350,5351,0.1,750,500,3,2250,0.0093988218602448,0.06496850819491048,0.06597747370441898,0.008258500986620265,0.0775509729278053,0.005056115299785081,0.06440162628898663,0.06352068547818501,0.06559840995609809,0.008006288940084923,0.007874586598677256,0.008378175691861868,-2.4469062448223196,-3.150174174611618,8.767887800000608
highdim_strong,Strong nonlinear,100,cuda,NVIDIA GeForce RTX 4070 Ti SUPER,0,1,10000,7500,2500,"128,64,32",tanh,1000,2,True,5350,5351,0.1,750,500,4,2750,0.0093988218602448,0.06700357833919993,0.06864960048079335,0.008611069009559477,0.0775509729278053,0.005056115299785081,0.06870370083386068,0.06750500459777747,0.06962976196952458,0.008693984795845214,0.008460662396901587,0.008838978972483296,0.07874445249776608,0.9537144155734212,14.498019999999997
highdim_strong,Strong nonlinear,100,cuda,NVIDIA GeForce RTX 4070 Ti SUPER,0,1,10000,7500,2500,"128,64,32",tanh,1000,2,True,5350,5351,0.1,750,500,5,3250,0.0093988218602448,0.07287287234531854,0.07492816852960588,0.009312887032854468,0.0775509729278053,0.005056115299785081,0.08018580812846705,0.07930202442581154,0.08209517017354587,0.010540674543200547,0.010466835873214755,0.010587133791127473,6.556820616483434,11.64809239972299,23.003441500000008
highdim_strong,Strong nonlinear,100,cuda,NVIDIA GeForce RTX 4070 Ti SUPER,1,0,10000,7500,2500,"128,64,32",tanh,1000,2,True,5350,5351,0.05,375,500,0,375,0.008241021500757154,0.08306425684234008,0.08616807642595845,0.007429091254596719,0.09153958172985491,0.004417288867058375,0.08613641874244508,0.0842610810996978,0.08906892453670266,0.007463502771499734,0.0073547601696583,0.007673816756606911,-0.0367529599855091,0.4610638993050212,0.5443810000006124
highdim_strong,Strong nonlinear,100,cuda,NVIDIA GeForce RTX 4070 Ti SUPER,1,0,10000,7500,2500,"128,64,32",tanh,1000,2,True,5350,5351,0.05,375,500,1,875,0.008241021500757154,0.07034017939060587,0.07316585137943403,0.0072645566701603805,0.09153958172985491,0.004417288867058375,0.06744244009188533,0.06588928354742214,0.06952398073101532,0.007186384806494004,0.006849535028343282,0.007371626812913057,-8.486364490595212,-1.0877773146205043,1.6337650000004942
highdim_strong,Strong nonlinear,100,cuda,NVIDIA GeForce RTX 4070 Ti SUPER,1,0,10000,7500,2500,"128,64,32",tanh,1000,2,True,5350,5351,0.05,375,500,2,1375,0.008241021500757154,0.06259068015883344,0.06626354325848498,0.007403663912918057,0.09153958172985491,0.004417288867058375,0.061737480193140445,0.06086228282949428,0.06221369751275158,0.007127137534911782,0.006977564846968137,0.007434196441957331,-7.331143174592047,-3.879907980612549,3.543936699999904
highdim_strong,Strong nonlinear,100,cuda,NVIDIA GeForce RTX 4070 Ti SUPER,1,0,10000,7500,2500,"128,64,32",tanh,1000,2,True,5350,5351,0.05,375,500,3,1875,0.008241021500757154,0.06156657033081842,0.06522938575772216,0.007849653520510437,0.09153958172985491,0.004417288867058375,0.060805428932268424,0.06008710179354314,0.06158872613584376,0.007479812122622264,0.0072294807592171734,0.00768564528739284,-7.275595128819196,-4.944527908255996,6.571620900000198
highdim_strong,Strong nonlinear,100,cuda,NVIDIA GeForce RTX 4070 Ti SUPER,1,0,10000,7500,2500,"128,64,32",tanh,1000,2,True,5350,5351,0.05,375,500,4,2375,0.008241021500757154,0.06076930569079545,0.0646944307723378,0.007869252328322116,0.09153958172985491,0.004417288867058375,0.06381903326391174,0.06322260581153474,0.06467827492717926,0.007810543160185252,0.0076013860044666665,0.008170090089079103,-1.3716871968367519,-0.7516656259725716,10.921785200000159
highdim_strong,Strong nonlinear,100,cuda,NVIDIA GeForce RTX 4070 Ti SUPER,1,0,10000,7500,2500,"128,64,32",tanh,1000,2,True,5350,5351,0.05,375,500,5,2875,0.008241021500757154,0.0643861384831638,0.06894262177708968,0.008096539568944247,0.09153958172985491,0.004417288867058375,0.06823396062175871,0.06666439015400602,0.07142396469323631,0.008762068701358521,0.00829285885570863,0.008920408214319017,-1.0385754379102963,7.595570807509033,17.195661400000063
highdim_strong,Strong nonlinear,100,cuda,NVIDIA GeForce RTX 4070 Ti SUPER,1,0,10000,7500,2500,"128,64,32",tanh,1000,2,True,5350,5351,0.1,750,500,0,750,0.008241021500757154,0.06831298373094116,0.07147588582657774,0.008328723727182848,0.0665170142625377,0.004680016850361997,0.06920616165851165,0.06784699473459156,0.06995041751136044,0.007116181660600727,0.007023656317179378,0.007274964202355474,-3.279656194871395,-17.03922306108979,0.7955498999999691
highdim_strong,Strong nonlinear,100,cuda,NVIDIA GeForce RTX 4070 Ti SUPER,1,0,10000,7500,2500,"128,64,32",tanh,1000,2,True,5350,5351,0.1,750,500,1,1250,0.008241021500757154,0.06266740693913693,0.06560142903186257,0.007654253375579678,0.0665170142625377,0.004680016850361997,0.062292289925234605,0.06175111504192734,0.06296976878236557,0.0071828797565327935,0.007167595980540312,0.0074336519717246126,-5.312277186469965,-6.5624601138307055,2.4078189000001657
highdim_strong,Strong nonlinear,100,cuda,NVIDIA GeForce RTX 4070 Ti SUPER,1,0,10000,7500,2500,"128,64,32",tanh,1000,2,True,5350,5351,0.1,750,500,2,1750,0.008241021500757154,0.05905888580144612,0.06282005025291314,0.007646025348241239,0.0665170142625377,0.004680016850361997,0.060618152567198616,0.05972181737068792,0.061381486694435924,0.007289065907863461,0.007118721561007879,0.007340838910042778,-3.6324064532873948,-4.8971904615746364,5.032369500000641
highdim_strong,Strong nonlinear,100,cuda,NVIDIA GeForce RTX 4070 Ti SUPER,1,0,10000,7500,2500,"128,64,32",tanh,1000,2,True,5350,5351,0.1,750,500,3,2250,0.008241021500757154,0.06334124182701542,0.06741083137361177,0.008236497173868866,0.0665170142625377,0.004680016850361997,0.06244794172982407,0.06152190742346102,0.06306741366225457,0.007718993839176441,0.007475881599899274,0.008008347635786747,-7.947242945586965,-6.704284852073913,8.927126800000224
highdim_strong,Strong nonlinear,100,cuda,NVIDIA GeForce RTX 4070 Ti SUPER,1,0,10000,7500,2500,"128,64,32",tanh,1000,2,True,5350,5351,0.1,750,500,4,2750,0.008241021500757154,0.06613715141741258,0.07022499400317378,0.008702661845703449,0.0665170142625377,0.004680016850361997,0.06752668088425134,0.06631532918075696,0.06801848526585566,0.00880854619163825,0.008614787538410378,0.008891146168869865,-3.9959214396271907,1.202063809750078,14.69772069999999
highdim_strong,Strong nonlinear,100,cuda,NVIDIA GeForce RTX 4070 Ti SUPER,1,0,10000,7500,2500,"128,64,32",tanh,1000,2,True,5350,5351,0.1,750,500,5,3250,0.008241021500757154,0.07424874460203719,0.07819032816653271,0.009508278627553633,0.0665170142625377,0.004680016850361997,0.07566714835104013,0.07310850444571385,0.07647987458160238,0.00990308875133819,0.0092611166529202,0.009991766745909864,-3.334577647603252,3.986737205916768,23.03689410000061
highdim_strong,Strong nonlinear,100,cuda,NVIDIA GeForce RTX 4070 Ti SUPER,1,1,10000,7500,2500,"128,64,32",tanh,1000,2,True,5350,5351,0.05,375,500,0,375,0.007164210940631091,0.08297741693773425,0.08323315744902055,0.0067694063432822745,0.10352653251825793,0.00497322072811241,0.08546219000869945,0.08478228585199682,0.08707686558986677,0.007591179479124117,0.00748201242024831,0.007698415578649374,2.6082090330846968,10.825368285675946,0.43657729999995354
highdim_strong,Strong nonlinear,100,cuda,NVIDIA GeForce RTX 4070 Ti SUPER,1,1,10000,7500,2500,"128,64,32",tanh,1000,2,True,5350,5351,0.05,375,500,1,875,0.007164210940631091,0.06746833454079718,0.06812418083513723,0.007632545317773959,0.10352653251825793,0.00497322072811241,0.06330507514737282,0.06314980243476702,0.06389992036754726,0.00696925130910624,0.006753135551527398,0.007078846065048713,-7.612510808249786,-9.517435650527323,1.5109016000005795
highdim_strong,Strong nonlinear,100,cuda,NVIDIA GeForce RTX 4070 Ti SUPER,1,1,10000,7500,2500,"128,64,32",tanh,1000,2,True,5350,5351,0.05,375,500,2,1375,0.007164210940631091,0.05980602008395476,0.06113483716479657,0.006676151963464136,0.10352653251825793,0.00497322072811241,0.057617826006262494,0.05712406433733182,0.05913371658736051,0.006836717309831328,0.006741140426093829,0.007081679363637939,-6.104033078498676,2.3485737246484715,3.3140863999997237
highdim_strong,Strong nonlinear,100,cuda,NVIDIA GeForce RTX 4070 Ti SUPER,1,1,10000,7500,2500,"128,64,32",tanh,1000,2,True,5350,5351,0.05,375,500,3,1875,0.007164210940631091,0.06005881758202716,0.06135139144966547,0.007018414388217643,0.10352653251825793,0.00497322072811241,0.058951488843671504,0.05714360536349133,0.059970867250011294,0.0072629658238475515,0.006957062089609151,0.007468937043877917,-4.070978787928606,3.367101561003324,6.183938099999978
highdim_strong,Strong nonlinear,100,cuda,NVIDIA GeForce RTX 4070 Ti SUPER,1,1,10000,7500,2500,"128,64,32",tanh,1000,2,True,5350,5351,0.05,375,500,4,2375,0.007164210940631091,0.060411668453457947,0.0622368170124146,0.007243280964213016,0.10352653251825793,0.00497322072811241,0.06091762489932666,0.059617936152456426,0.06127978657495417,0.007879081633296954,0.007466427313307894,0.008232657445885826,-2.165534383962038,8.069476858788317,10.401296600000023
highdim_strong,Strong nonlinear,100,cuda,NVIDIA GeForce RTX 4070 Ti SUPER,1,1,10000,7500,2500,"128,64,32",tanh,1000,2,True,5350,5351,0.05,375,500,5,2875,0.007164210940631091,0.06470804614379765,0.06743752013723599,0.008068169250246294,0.10352653251825793,0.00497322072811241,0.06673333797510109,0.065170936437975,0.0683670062218244,0.008553546169239446,0.008175327183077726,0.008634872054256101,-1.0552179517794211,5.674569463817014,16.766351500000383
highdim_strong,Strong nonlinear,100,cuda,NVIDIA GeForce RTX 4070 Ti SUPER,1,1,10000,7500,2500,"128,64,32",tanh,1000,2,True,5350,5351,0.1,750,500,0,750,0.007164210940631091,0.062399064017725776,0.06283368196526196,0.007090892161559495,0.07538479551881634,0.005574423775113728,0.06598797487865979,0.06541082060899199,0.06695407690638325,0.006995437954625003,0.006818320012720736,0.007045931837982022,4.780102615966044,-1.364520814188369,0.792759500000102
highdim_strong,Strong nonlinear,100,cuda,NVIDIA GeForce RTX 4070 Ti SUPER,1,1,10000,7500,2500,"128,64,32",tanh,1000,2,True,5350,5351,0.1,750,500,1,1250,0.007164210940631091,0.057168632749546325,0.05813540420269618,0.006956838756753686,0.07538479551881634,0.005574423775113728,0.05665426612388004,0.055915856361816556,0.056999089823711276,0.006838442671224438,0.006604126940998705,0.006939616369276815,-2.614345185546114,-1.7313311117960786,2.393767900000057
highdim_strong,Strong nonlinear,100,cuda,NVIDIA GeForce RTX 4070 Ti SUPER,1,1,10000,7500,2500,"128,64,32",tanh,1000,2,True,5350,5351,0.1,750,500,2,1750,0.007164210940631091,0.0561847710675612,0.05774409155879197,0.007355162111521776,0.07538479551881634,0.005574423775113728,0.05612791956580406,0.05458607488199608,0.057129563584929224,0.007070273400378461,0.006856104059647117,0.007314750608598621,-2.8794439656597564,-4.02938747924608,5.004729600000246
highdim_strong,Strong nonlinear,100,cuda,NVIDIA GeForce RTX 4070 Ti SUPER,1,1,10000,7500,2500,"128,64,32",tanh,1000,2,True,5350,5351,0.1,750,500,3,2250,0.007164210940631091,0.05868080059163237,0.06018238446676672,0.0075949457571590296,0.07538479551881634,0.005574423775113728,0.059259451779077876,0.058411556370813154,0.05964348713339536,0.007410057200400221,0.007261835391235805,0.0076060789738735595,-1.5574438506950465,-2.4951029628870156,8.89882630000011
highdim_strong,Strong nonlinear,100,cuda,NVIDIA GeForce RTX 4070 Ti SUPER,1,1,10000,7500,2500,"128,64,32",tanh,1000,2,True,5350,5351,0.1,750,500,4,2750,0.007164210940631091,0.06169347328751827,0.06430495295447598,0.008249364179810564,0.07538479551881634,0.005574423775113728,0.06451955905888365,0.06365493671154406,0.06698064614329916,0.008290633797547426,0.008098594890695266,0.008458687641107382,0.33262177785779545,0.49778604078581135,14.571035799999663
highdim_strong,Strong nonlinear,100,cuda,NVIDIA GeForce RTX 4070 Ti SUPER,1,1,10000,7500,2500,"128,64,32",tanh,1000,2,True,5350,5351,0.1,750,500,5,3250,0.007164210940631091,0.06987623722689446,0.07278820733084168,0.009241620646621804,0.07538479551881634,0.005574423775113728,0.07399872872181235,0.0734593731945773,0.07574059469868345,0.009456292122777864,0.009079482260969881,0.009771690543802433,1.6358678208127697,2.270144295129906,22.999177700000473
highdim_strong,Strong nonlinear,100,cuda,NVIDIA GeForce RTX 4070 Ti SUPER,2,0,10000,7500,2500,"128,64,32",tanh,1000,2,True,5350,5351,0.05,375,500,0,375,0.008433640920761255,0.07879723499828505,0.08022975905612253,0.008247193401818766,0.06440162820272281,0.0026905077315566885,0.07772598658175056,0.07621668821877307,0.07908992795936512,0.007508917745016342,0.007337791550677408,0.007705952311138435,-3.2212810470260913,-9.83198487281893,0.4232942999997249
highdim_strong,Strong nonlinear,100,cuda,NVIDIA GeForce RTX 4070 Ti SUPER,2,0,10000,7500,2500,"128,64,32",tanh,1000,2,True,5350,5351,0.05,375,500,1,875,0.008433640920761255,0.060645130762513155,0.06209984988646169,0.006968559303739203,0.06440162820272281,0.0026905077315566885,0.058525088933249224,0.05769799903588438,0.059718977298660075,0.006561175241735363,0.006411102276078662,0.006860047281323309,-6.108082906614045,-6.209010535376143,1.5327532000001156
highdim_strong,Strong nonlinear,100,cuda,NVIDIA GeForce RTX 4070 Ti SUPER,2,0,10000,7500,2500,"128,64,32",tanh,1000,2,True,5350,5351,0.05,375,500,2,1375,0.008433640920761255,0.05500951363144544,0.05618472475872995,0.0069891549840659685,0.06440162820272281,0.0026905077315566885,0.05182071132746709,0.05095891088362611,0.05275514470344473,0.006538554251926655,0.0061177722248813874,0.006757489336343239,-8.421369216037297,-6.891442890552434,3.386617600000136
highdim_strong,Strong nonlinear,100,cuda,NVIDIA GeForce RTX 4070 Ti SUPER,2,0,10000,7500,2500,"128,64,32",tanh,1000,2,True,5350,5351,0.05,375,500,3,1875,0.008433640920761255,0.05207727354944034,0.0537482472953938,0.006479357133613688,0.06440162820272281,0.0026905077315566885,0.050363601870632956,0.04977601262625521,0.05133580762218967,0.0063252192272765925,0.006279084241373645,0.006474086320621893,-6.720419705990949,-2.43687848276306,6.363242100000207
highdim_strong,Strong nonlinear,100,cuda,NVIDIA GeForce RTX 4070 Ti SUPER,2,0,10000,7500,2500,"128,64,32",tanh,1000,2,True,5350,5351,0.05,375,500,4,2375,0.008433640920761255,0.05084795420269718,0.052961907287092616,0.006490434579618596,0.06440162820272281,0.0026905077315566885,0.05109710844568071,0.04980356184499481,0.051636426012730954,0.006592843818923269,0.006246138902371279,0.00671399799430505,-3.6495193135914907,1.5533393800522044,10.814108499999747
highdim_strong,Strong nonlinear,100,cuda,NVIDIA GeForce RTX 4070 Ti SUPER,2,0,10000,7500,2500,"128,64,32",tanh,1000,2,True,5350,5351,0.05,375,500,5,2875,0.008433640920761255,0.05213771446553862,0.05508820939803419,0.007337707303289027,0.06440162820272281,0.0026905077315566885,0.055585729790016275,0.05506724540225591,0.0569195581972623,0.007136200943906124,0.0068695610456830465,0.00730265944130383,0.8950505711835529,-2.82372036559561,17.281409299999723
highdim_strong,Strong nonlinear,100,cuda,NVIDIA GeForce RTX 4070 Ti SUPER,2,0,10000,7500,2500,"128,64,32",tanh,1000,2,True,5350,5351,0.1,750,500,0,750,0.008433640920761255,0.05804744721232074,0.05981587843644204,0.006679223815005629,0.07724221912633289,0.005056181180485863,0.06075442587184259,0.06033790546482091,0.06132469284188595,0.0066871589670795106,0.006545266130421867,0.006822020929939096,1.544821503836374,0.11866253087366596,0.767484300000433
highdim_strong,Strong nonlinear,100,cuda,NVIDIA GeForce RTX 4070 Ti SUPER,2,0,10000,7500,2500,"128,64,32",tanh,1000,2,True,5350,5351,0.1,750,500,1,1250,0.008433640920761255,0.05088004520021507,0.052666602517757656,0.00669924542794977,0.07724221912633289,0.005056181180485863,0.052376602530166086,0.052077724699850905,0.052901487132959966,0.006458957433709801,0.006315152345742447,0.006568281540233183,-0.5536823191701788,-3.720228793982863,2.43176560000029
highdim_strong,Strong nonlinear,100,cuda,NVIDIA GeForce RTX 4070 Ti SUPER,2,0,10000,7500,2500,"128,64,32",tanh,1000,2,True,5350,5351,0.1,750,500,2,1750,0.008433640920761255,0.052463229052844645,0.05465096720451138,0.006763107138987495,0.07724221912633289,0.005056181180485863,0.05052829690837107,0.050257298197626324,0.050682872262643036,0.0064324649377369625,0.0061528890770431695,0.006596376842296737,-8.159131711121065,-5.14020992653646,5.16328220000014
highdim_strong,Strong nonlinear,100,cuda,NVIDIA GeForce RTX 4070 Ti SUPER,2,0,10000,7500,2500,"128,64,32",tanh,1000,2,True,5350,5351,0.1,750,500,3,2250,0.008433640920761255,0.05087901737409152,0.05382540571456252,0.006710093386411117,0.07724221912633289,0.005056181180485863,0.051332166422451406,0.05006886128925874,0.05244438017547094,0.006484947461376215,0.006391952793959827,0.006625936932832109,-4.857070071020096,-3.4718234245666904,9.162281700000676
highdim_strong,Strong nonlinear,100,cuda,NVIDIA GeForce RTX 4070 Ti SUPER,2,0,10000,7500,2500,"128,64,32",tanh,1000,2,True,5350,5351,0.1,750,500,4,2750,0.008433640920761255,0.0517408864567362,0.05490050346420546,0.007307610132332915,0.07724221912633289,0.005056181180485863,0.05507449574233175,0.054018304416186776,0.05568883633246303,0.007210669759515618,0.007009792727088952,0.007312360389461255,0.3159216907592228,-1.3444017830572408,15.04881690000002
highdim_strong,Strong nonlinear,100,cuda,NVIDIA GeForce RTX 4070 Ti SUPER,2,0,10000,7500,2500,"128,64,32",tanh,1000,2,True,5350,5351,0.1,750,500,5,3250,0.008433640920761255,0.059423383083456884,0.06334371557055894,0.008519008659975116,0.07724221912633289,0.005056181180485863,0.06011912939641269,0.058948009673649694,0.062319817220361805,0.007873512658265747,0.007553027248826213,0.008155097714261698,-5.363660795691206,-8.198323032245549,23.421380700000554
highdim_strong,Strong nonlinear,100,cuda,NVIDIA GeForce RTX 4070 Ti SUPER,2,1,10000,7500,2500,"128,64,32",tanh,1000,2,True,5350,5351,0.05,375,500,0,375,0.008239173573263946,0.08032874412312249,0.08150493996263743,0.007630125576858833,0.09673157603119155,0.004425225307821934,0.07727898433505404,0.07439179491334474,0.08142923429279124,0.007429371955700357,0.007252116034753441,0.0075287558751473615,-5.46844095318484,-2.70216139877669,0.43738420000045153
highdim_strong,Strong nonlinear,100,cuda,NVIDIA GeForce RTX 4070 Ti SUPER,2,1,10000,7500,2500,"128,64,32",tanh,1000,2,True,5350,5351,0.05,375,500,1,875,0.008239173573263946,0.060608671868224974,0.06247927843630303,0.0071618528601432785,0.09673157603119155,0.004425225307821934,0.059610274481273276,0.05906298903139986,0.060722049233764216,0.006864262852863989,0.006719320276047224,0.006959768490486321,-4.812935320287876,-4.335352734272486,1.5207196000001204
highdim_strong,Strong nonlinear,100,cuda,NVIDIA GeForce RTX 4070 Ti SUPER,2,1,10000,7500,2500,"128,64,32",tanh,1000,2,True,5350,5351,0.05,375,500,2,1375,0.008239173573263946,0.053817815412931166,0.05633373841330274,0.006295248637689202,0.09673157603119155,0.004425225307821934,0.052941133836461436,0.051920759742216556,0.0544492655512156,0.006588498025317999,0.0064341279042680445,0.006880015394124249,-6.40825825023181,4.4509292785990295,3.3550361000006887
highdim_strong,Strong nonlinear,100,cuda,NVIDIA GeForce RTX 4070 Ti SUPER,2,1,10000,7500,2500,"128,64,32",tanh,1000,2,True,5350,5351,0.05,375,500,3,1875,0.008239173573263946,0.04982075669631514,0.05244622280917155,0.006363851090917817,0.09673157603119155,0.004425225307821934,0.05212774338031681,0.05154624639156079,0.05272424351738176,0.006587419549570163,0.006453262987610819,0.006928109382019276,-0.6109595547445015,3.3938700422828636,6.252992400000039
highdim_strong,Strong nonlinear,100,cuda,NVIDIA GeForce RTX 4070 Ti SUPER,2,1,10000,7500,2500,"128,64,32",tanh,1000,2,True,5350,5351,0.05,375,500,4,2375,0.008239173573263946,0.04884915237475115,0.05223891579086485,0.006609218711279762,0.09673157603119155,0.004425225307821934,0.0528914178744656,0.052279706437728654,0.053365706339690136,0.006784031298092172,0.006633271200805462,0.007015936429712027,1.2336634369481692,2.576824591914421,10.556538700000601
highdim_strong,Strong nonlinear,100,cuda,NVIDIA GeForce RTX 4070 Ti SUPER,2,1,10000,7500,2500,"128,64,32",tanh,1000,2,True,5350,5351,0.05,375,500,5,2875,0.008239173573263946,0.05164968935783094,0.05581614726231798,0.007190967726166782,0.09673157603119155,0.004425225307821934,0.056870922172829005,0.05538024517597249,0.05809482098449329,0.007625462701071771,0.007066552226859858,0.007736391635511961,1.8546822703271686,5.69794898929767,16.864450200000647
highdim_strong,Strong nonlinear,100,cuda,NVIDIA GeForce RTX 4070 Ti SUPER,2,1,10000,7500,2500,"128,64,32",tanh,1000,2,True,5350,5351,0.1,750,500,0,750,0.008239173573263946,0.06327898195749676,0.06487482336455759,0.007385988263082533,0.06425301147619332,0.0049197181906588845,0.060671252090305675,0.06020074811089769,0.06264175534585657,0.006861043559829446,0.006735418316964934,0.006932007364327158,-6.928439960321144,-7.651091246914287,0.7330216000000291
highdim_strong,Strong nonlinear,100,cuda,NVIDIA GeForce RTX 4070 Ti SUPER,2,1,10000,7500,2500,"128,64,32",tanh,1000,2,True,5350,5351,0.1,750,500,1,1250,0.008239173573263946,0.05415079672511531,0.05659024376403413,0.006631977691864841,0.06425301147619332,0.0049197181906588845,0.05542367234476751,0.05425987631743734,0.056149906919705374,0.006758691363777475,0.00642224363687516,0.0069786069120187045,-2.104825194566441,1.8748255408102055,2.3569302000005337
highdim_strong,Strong nonlinear,100,cuda,NVIDIA GeForce RTX 4070 Ti SUPER,2,1,10000,7500,2500,"128,64,32",tanh,1000,2,True,5350,5351,0.1,750,500,2,1750,0.008239173573263946,0.051467954444165936,0.054614553930969485,0.006780882990257058,0.06425301147619332,0.0049197181906588845,0.05264324413272946,0.05190328001704022,0.05325667267819918,0.006638347833667516,0.0065259303525164285,0.006774186212774833,-3.7446586560466564,-2.1471480579346913,4.950565300000562
highdim_strong,Strong nonlinear,100,cuda,NVIDIA GeForce RTX 4070 Ti SUPER,2,1,10000,7500,2500,"128,64,32",tanh,1000,2,True,5350,5351,0.1,750,500,3,2250,0.008239173573263946,0.0505940379534302,0.053637464862256116,0.0069932879259434495,0.06425301147619332,0.0049197181906588845,0.054029724135661844,0.052811836791788414,0.05541972609932602,0.007131374312289716,0.006863682424367072,0.00728808953201736,0.7260064338304113,1.9363222332657262,8.839046099999905
highdim_strong,Strong nonlinear,100,cuda,NVIDIA GeForce RTX 4070 Ti SUPER,2,1,10000,7500,2500,"128,64,32",tanh,1000,2,True,5350,5351,0.1,750,500,4,2750,0.008239173573263946,0.05248047954735713,0.05584946818604001,0.007352436141956135,0.06425301147619332,0.0049197181906588845,0.056538537269338565,0.054869114280862864,0.05953932390735188,0.007362449917559461,0.007023086604182717,0.007991795519038494,1.2187600114519506,0.1360114597104853,14.58064110000032
highdim_strong,Strong nonlinear,100,cuda,NVIDIA GeForce RTX 4070 Ti SUPER,2,1,10000,7500,2500,"128,64,32",tanh,1000,2,True,5350,5351,0.1,750,500,5,3250,0.008239173573263946,0.058886830090766035,0.06323564844160662,0.008619446309240112,0.06425301147619332,0.0049197181906588845,0.06221839743435301,0.06039078218381407,0.0639006653911482,0.008183828787701042,0.007972337530701382,0.008509326280479911,-1.6349681914049918,-5.322906097372563,22.999114700000064
highdim_poly2,Quadratic,200,cuda,NVIDIA GeForce RTX 4070 Ti SUPER,0,0,10000,7500,2500,"128,64,32",tanh,1000,2,True,20700,20701,0.05,375,500,0,375,0.12038131831223173,0.06570599593157679,0.07899516005445711,0.003832242443055457,0.0667755662228797,0.0006204739903946555,0.07922254287254668,0.0790082673299811,0.07944785101087755,0.003913614891205128,0.0037766483719194567,0.004019943002341229,0.2870178232670217,2.079214496360779,1.4299762999999075
highdim_poly2,Quadratic,200,cuda,NVIDIA GeForce RTX 4070 Ti SUPER,0,0,10000,7500,2500,"128,64,32",tanh,1000,2,True,20700,20701,0.05,375,500,1,875,0.12038131831223173,0.06293638708414453,0.07709181966407833,0.003812655359476391,0.0667755662228797,0.0006204739903946555,0.07752240426696341,0.07706707275085602,0.07758766918168711,0.003863582109889847,0.0038300386800216545,0.0039611796652236735,0.555432467499699,1.3181226376190134,4.7279568000003565
highdim_poly2,Quadratic,200,cuda,NVIDIA GeForce RTX 4070 Ti SUPER,0,0,10000,7500,2500,"128,64,32",tanh,1000,2,True,20700,20701,0.05,375,500,2,1375,0.12038131831223173,0.05985473961971345,0.07583788932658801,0.003868572565491429,0.0667755662228797,0.0006204739903946555,0.07616359485246091,0.07562627596340782,0.07652623810592293,0.004077270379638872,0.00396548926287479,0.004144870208924084,0.4276393813918994,5.118566950812006,9.822680700000092
highdim_poly2,Quadratic,200,cuda,NVIDIA GeForce RTX 4070 Ti SUPER,0,0,10000,7500,2500,"128,64,32",tanh,1000,2,True,20700,20701,0.05,375,500,3,1875,0.12038131831223173,0.05860330672689422,0.07548536452525675,0.0040762412056279205,0.0667755662228797,0.0006204739903946555,0.07565031646142517,0.07525830601982879,0.07616041622024178,0.003996831403496011,0.0038714866488344744,0.00411168863291117,0.2180452691860551,-1.986818910160934,16.768291999999747
highdim_poly2,Quadratic,200,cuda,NVIDIA GeForce RTX 4070 Ti SUPER,0,0,10000,7500,2500,"128,64,32",tanh,1000,2,True,20700,20701,0.05,375,500,4,2375,0.12038131831223173,0.0569033425317336,0.07521886137898148,0.004367030372986128,0.0667755662228797,0.0006204739903946555,0.07633963235845453,0.07601952894933553,0.07696869514632192,0.00419712964605967,0.004085359479681219,0.0042900885892504384,1.4681377743744495,-4.048021892436976,25.76720149999983
highdim_poly2,Quadratic,200,cuda,NVIDIA GeForce RTX 4070 Ti SUPER,0,0,10000,7500,2500,"128,64,32",tanh,1000,2,True,20700,20701,0.05,375,500,5,2875,0.12038131831223173,0.055176471624210126,0.07594978050349742,0.0042534703334346936,0.0667755662228797,0.0006204739903946555,0.0766953356057846,0.07579540315543723,0.07718606156745189,0.004277813137193234,0.004114119443344173,0.004428920714229422,0.972099667337469,0.5690478517374553,37.14872649999961
highdim_poly2,Quadratic,200,cuda,NVIDIA GeForce RTX 4070 Ti SUPER,0,0,10000,7500,2500,"128,64,32",tanh,1000,2,True,20700,20701,0.1,750,500,0,750,0.12038131831223173,0.0636495213190636,0.07743142574170167,0.0037818174875979566,0.06812422380925716,0.0009867404245902,0.07750988349245327,0.0771299144786279,0.07807219734108828,0.003986521463098349,0.0038879412530627684,0.004029302125993035,0.10122289857298365,5.134902129469424,2.3411566000004314
highdim_poly2,Quadratic,200,cuda,NVIDIA GeForce RTX 4070 Ti SUPER,0,0,10000,7500,2500,"128,64,32",tanh,1000,2,True,20700,20701,0.1,750,500,1,1250,0.12038131831223173,0.061417466891558505,0.07675941272806762,0.0038387359970291027,0.06812422380925716,0.0009867404245902,0.07703940731123161,0.07670919373848138,0.07740795713357006,0.004053414798658916,0.003953702862748468,0.0041388854547690125,0.3634433245739345,5.296245568078556,7.011563400000341
highdim_poly2,Quadratic,200,cuda,NVIDIA GeForce RTX 4070 Ti SUPER,0,0,10000,7500,2500,"128,64,32",tanh,1000,2,True,20700,20701,0.1,750,500,2,1750,0.12038131831223173,0.05873704242740133,0.07543851719552376,0.004083359974677662,0.06812422380925716,0.0009867404245902,0.07644547163744794,0.07592987590043235,0.07667041135066877,0.0040651852977543436,0.003954071324267409,0.004128398211466285,1.3172192156780556,-0.4470811437146214,13.539649199999985
highdim_poly2,Quadratic,200,cuda,NVIDIA GeForce RTX 4070 Ti SUPER,0,0,10000,7500,2500,"128,64,32",tanh,1000,2,True,20700,20701,0.1,750,500,3,2250,0.12038131831223173,0.056951631093581714,0.07538257986838552,0.0039160151530551945,0.06812422380925716,0.0009867404245902,0.07621457290022246,0.07518179356727986,0.07673849605358422,0.004134712944192353,0.0040695362339443954,0.004191632285850323,1.091645600279301,5.289310142904677,21.965455000000475
highdim_poly2,Quadratic,200,cuda,NVIDIA GeForce RTX 4070 Ti SUPER,0,0,10000,7500,2500,"128,64,32",tanh,1000,2,True,20700,20701,0.1,750,500,4,2750,0.12038131831223173,0.05544432612486222,0.07525495553662295,0.0041478829436320894,0.06812422380925716,0.0009867404245902,0.0770676330065519,0.07666229878183833,0.07711140558739502,0.004178381206213409,0.004120821546290647,0.004305828439167301,2.352060650123817,0.7299061784015256,32.75244029999976
highdim_poly2,Quadratic,200,cuda,NVIDIA GeForce RTX 4070 Ti SUPER,0,0,10000,7500,2500,"128,64,32",tanh,1000,2,True,20700,20701,0.1,750,500,5,3250,0.12038131831223173,0.054098981781435074,0.076144198348845,0.004189478577197018,0.06812422380925716,0.0009867404245902,0.07756648512543404,0.07731431169557837,0.07832805385133429,0.004429352964772504,0.004296196637393195,0.004575900733512769,1.8336357181700762,5.415562712731473,45.98667670000032
highdim_poly2,Quadratic,200,cuda,NVIDIA GeForce RTX 4070 Ti SUPER,0,1,10000,7500,2500,"128,64,32",tanh,1000,2,True,20700,20701,0.05,375,500,0,375,0.11994806066588087,0.06530553348426149,0.08764439887081632,0.004373419162293954,0.060957693521496256,0.00040279510380700537,0.08807136762752638,0.08736776203180041,0.08849062223728982,0.004393602696915575,0.004368129757179635,0.004607652136747309,0.48479859937659014,0.45938461016945825,1.5047709000000395
highdim_poly2,Quadratic,200,cuda,NVIDIA GeForce RTX 4070 Ti SUPER,0,1,10000,7500,2500,"128,64,32",tanh,1000,2,True,20700,20701,0.05,375,500,1,875,0.11994806066588087,0.06278726427644458,0.08330626355299299,0.0043852029346166345,0.060957693521496256,0.00040279510380700537,0.08504568440957466,0.0847257036969932,0.08531505049091358,0.0045431109888875295,0.004403381079842365,0.004604799012158236,2.045278215652579,3.475769239561589,4.798240199999782
highdim_poly2,Quadratic,200,cuda,NVIDIA GeForce RTX 4070 Ti SUPER,0,1,10000,7500,2500,"128,64,32",tanh,1000,2,True,20700,20701,0.05,375,500,2,1375,0.11994806066588087,0.0605085916265057,0.08273672862602634,0.004595557888311556,0.060957693521496256,0.00040279510380700537,0.08347355451653175,0.08232690495454748,0.08426184113169655,0.004481602582741529,0.004263782040922387,0.0046805477614707,0.8827057800198136,-2.542735627850285,9.949160799999845
highdim_poly2,Quadratic,200,cuda,NVIDIA GeForce RTX 4070 Ti SUPER,0,1,10000,7500,2500,"128,64,32",tanh,1000,2,True,20700,20701,0.05,375,500,3,1875,0.11994806066588087,0.058533589527430444,0.08179449062578399,0.004515765247486116,0.060957693521496256,0.00040279510380700537,0.08242753554380197,0.08177811728876933,0.08293844435376019,0.0044428138602333345,0.004392952968902176,0.004625782343474625,0.7680017531054054,-1.6420086356926615,16.912011399999756
highdim_poly2,Quadratic,200,cuda,NVIDIA GeForce RTX 4070 Ti SUPER,0,1,10000,7500,2500,"128,64,32",tanh,1000,2,True,20700,20701,0.05,375,500,4,2375,0.11994806066588087,0.056545897843402096,0.08179463799167802,0.004842079389036712,0.060957693521496256,0.00040279510380700537,0.0817706146478625,0.08142858782771098,0.08215336307465798,0.0045950605934653,0.004410655522691606,0.004731154530835535,-0.02937894489233085,-5.375746207192577,25.915225899999314
highdim_poly2,Quadratic,200,cuda,NVIDIA GeForce RTX 4070 Ti SUPER,0,1,10000,7500,2500,"128,64,32",tanh,1000,2,True,20700,20701,0.05,375,500,5,2875,0.11994806066588087,0.05514308203441089,0.08078577995254503,0.004418834281733855,0.060957693521496256,0.00040279510380700537,0.08176213967751439,0.08135434750518096,0.08213826524443134,0.004483996662672898,0.00441933434624955,0.004564855045752749,1.1941464947227518,1.453220995490213,37.19894639999984
highdim_poly2,Quadratic,200,cuda,NVIDIA GeForce RTX 4070 Ti SUPER,0,1,10000,7500,2500,"128,64,32",tanh,1000,2,True,20700,20701,0.1,750,500,0,750,0.11994806066588087,0.06286729780976628,0.08532206804796708,0.004585987263187156,0.06418752777593505,0.0010996999735199907,0.08469370793168382,0.08457431110774674,0.08591381860691072,0.004436656460949756,0.004312506575761436,0.004501040352304364,-0.7419206593128584,-3.3658410010278796,2.3276880000003075
highdim_poly2,Quadratic,200,cuda,NVIDIA GeForce RTX 4070 Ti SUPER,0,1,10000,7500,2500,"128,64,32",tanh,1000,2,True,20700,20701,0.1,750,500,1,1250,0.11994806066588087,0.061063573012818256,0.0825650702026711,0.004340714944020639,0.06418752777593505,0.0010996999735199907,0.08369227648355299,0.08333490107858424,0.0840243043943022,0.0045389676343003706,0.004440313516337205,0.0046394022537279206,1.3468462422615484,4.367792552243868,7.083031900000606
highdim_poly2,Quadratic,200,cuda,NVIDIA GeForce RTX 4070 Ti SUPER,0,1,10000,7500,2500,"128,64,32",tanh,1000,2,True,20700,20701,0.1,750,500,2,1750,0.11994806066588087,0.05851029950673426,0.08207915024431349,0.004565802096784024,0.06418752777593505,0.0010996999735199907,0.08236574170794637,0.08192660285783185,0.08279701145986118,0.004460333617132456,0.004415338641487136,0.004716041785052817,0.34794983653408346,-2.3645872417806744,13.689687800000684
highdim_poly2,Quadratic,200,cuda,NVIDIA GeForce RTX 4070 Ti SUPER,0,1,10000,7500,2500,"128,64,32",tanh,1000,2,True,20700,20701,0.1,750,500,3,2250,0.11994806066588087,0.057037404650660685,0.08122816047433003,0.004412374076970484,0.06418752777593505,0.0010996999735199907,0.08121011762685665,0.08083301686902544,0.08256722392733261,0.0044657157810425036,0.0043570139724442465,0.004509272321086822,-0.022217487180947217,1.194471540227918,22.276859000000513
highdim_poly2,Quadratic,200,cuda,NVIDIA GeForce RTX 4070 Ti SUPER,0,1,10000,7500,2500,"128,64,32",tanh,1000,2,True,20700,20701,0.1,750,500,4,2750,0.11994806066588087,0.05546710527005383,0.08128769206305439,0.004538772923303921,0.06418752777593505,0.0010996999735199907,0.08122808760893177,0.080930018247965,0.08176927813971963,0.004609620395002727,0.0045141002217429695,0.004722426736685729,-0.07337911783616241,1.5369480700755995,33.08961880000061
highdim_poly2,Quadratic,200,cuda,NVIDIA GeForce RTX 4070 Ti SUPER,0,1,10000,7500,2500,"128,64,32",tanh,1000,2,True,20700,20701,0.1,750,500,5,3250,0.11994806066588087,0.054334733285220184,0.0807150398870814,0.004409916211555168,0.06418752777593505,0.0010996999735199907,0.08211861659915748,0.08150384268578577,0.0826727435105038,0.004637899596705956,0.004582820334743061,0.004664276041972499,1.7092064749791251,4.915660212064792,46.224950900000294
highdim_poly2,Quadratic,200,cuda,NVIDIA GeForce RTX 4070 Ti SUPER,1,0,10000,7500,2500,"128,64,32",tanh,1000,2,True,20700,20701,0.05,375,500,0,375,0.11009349526890778,0.05827025364807639,0.07279632392229478,0.0037114495177149875,0.07054459299776047,0.0006244618350481354,0.07286737069088478,0.0723490346644021,0.07312654997540641,0.003692583139918902,0.0035878573316381604,0.0037410661746373865,0.09750148511793337,-0.5109262833415786,1.3983388000006016
highdim_poly2,Quadratic,200,cuda,NVIDIA GeForce RTX 4070 Ti SUPER,1,0,10000,7500,2500,"128,64,32",tanh,1000,2,True,20700,20701,0.05,375,500,1,875,0.11009349526890778,0.05565865375956985,0.07205847795108086,0.003679099122095881,0.07054459299776047,0.0006244618350481354,0.0711405017023087,0.07097596778249546,0.07185268959860472,0.0036941176959699486,0.0036430645670230428,0.003782464276199899,-1.2903707828959066,0.4065537459851872,4.671562900000026
highdim_poly2,Quadratic,200,cuda,NVIDIA GeForce RTX 4070 Ti SUPER,1,0,10000,7500,2500,"128,64,32",tanh,1000,2,True,20700,20701,0.05,375,500,2,1375,0.11009349526890778,0.05354648552251819,0.07143913330536504,0.0037677708257021006,0.07054459299776047,0.0006244618350481354,0.07050899707908351,0.07020985827248379,0.07092706300638327,0.0036567178893822027,0.003598213546030115,0.0037664288832538898,-1.3191738144258163,-3.0369566283020015,9.749740400000519
highdim_poly2,Quadratic,200,cuda,NVIDIA GeForce RTX 4070 Ti SUPER,1,0,10000,7500,2500,"128,64,32",tanh,1000,2,True,20700,20701,0.05,375,500,3,1875,0.11009349526890778,0.051723931588139906,0.0704220884299807,0.003920947334477007,0.07054459299776047,0.0006244618350481354,0.07045823604962045,0.069643150865581,0.07093977649547785,0.0038145910440216665,0.0036322893245565786,0.0038601418095462335,0.051303611424928876,-2.7881439773740633,16.557236300000113
highdim_poly2,Quadratic,200,cuda,NVIDIA GeForce RTX 4070 Ti SUPER,1,0,10000,7500,2500,"128,64,32",tanh,1000,2,True,20700,20701,0.05,375,500,4,2375,0.11009349526890778,0.05066835596760009,0.07009462145852592,0.004128499014163397,0.07054459299776047,0.0006244618350481354,0.07067009335277274,0.07043768088649663,0.07123916341011716,0.0037328794143404315,0.003673721804340652,0.003891690847778624,0.8143075337033565,-10.598242158670644,25.319849800000156
highdim_poly2,Quadratic,200,cuda,NVIDIA GeForce RTX 4070 Ti SUPER,1,0,10000,7500,2500,"128,64,32",tanh,1000,2,True,20700,20701,0.05,375,500,5,2875,0.11009349526890778,0.04925136197073333,0.07045598854426252,0.003804577220836991,0.07054459299776047,0.0006244618350481354,0.07094192732997892,0.07060668691171955,0.07156763342576142,0.0038940963050254607,0.003707649196613028,0.003946118081894286,0.6849810880610936,2.2988410449156675,36.328175500000725
highdim_poly2,Quadratic,200,cuda,NVIDIA GeForce RTX 4070 Ti SUPER,1,0,10000,7500,2500,"128,64,32",tanh,1000,2,True,20700,20701,0.1,750,500,0,750,0.11009349526890778,0.05578355801454795,0.07084279335689762,0.003592192362778257,0.060702751647905014,0.0008345521429989147,0.07142671355230197,0.07121133637631885,0.07171499983730278,0.003639892527301675,0.003553553306447858,0.003702515378978083,0.8175095372080553,1.3104827729289823,2.295268199999555
highdim_poly2,Quadratic,200,cuda,NVIDIA GeForce RTX 4070 Ti SUPER,1,0,10000,7500,2500,"128,64,32",tanh,1000,2,True,20700,20701,0.1,750,500,1,1250,0.11009349526890778,0.05373404492081058,0.07067438460448301,0.0036940581145826715,0.060702751647905014,0.0008345521429989147,0.06992298795813619,0.0697250185707205,0.07027480368254058,0.0037627307889711702,0.00370133945989476,0.003792656457044816,-1.0746060319915043,1.8250754103850095,6.880995800000164
highdim_poly2,Quadratic,200,cuda,NVIDIA GeForce RTX 4070 Ti SUPER,1,0,10000,7500,2500,"128,64,32",tanh,1000,2,True,20700,20701,0.1,750,500,2,1750,0.11009349526890778,0.052381254530979006,0.06993978759409936,0.003836122181903459,0.060702751647905014,0.0008345521429989147,0.07039572770396083,0.06979304779790922,0.07092115422380266,0.0037514172384507352,0.003606700925974104,0.0038538618885695626,0.6476815067227659,-2.2579451462910365,13.238876499999606
highdim_poly2,Quadratic,200,cuda,NVIDIA GeForce RTX 4070 Ti SUPER,1,0,10000,7500,2500,"128,64,32",tanh,1000,2,True,20700,20701,0.1,750,500,3,2250,0.11009349526890778,0.051003554591076576,0.06979522031142318,0.0036265855355720232,0.060702751647905014,0.0008345521429989147,0.06968189360812015,0.06904870042539149,0.07002193755171891,0.003794239919544234,0.0036116681171417587,0.003895955609729915,-0.16263436229269118,4.418655317725657,21.478035799999816
highdim_poly2,Quadratic,200,cuda,NVIDIA GeForce RTX 4070 Ti SUPER,1,0,10000,7500,2500,"128,64,32",tanh,1000,2,True,20700,20701,0.1,750,500,4,2750,0.11009349526890778,0.05001669212096391,0.06902875810549039,0.003888381757767294,0.060702751647905014,0.0008345521429989147,0.07065911150329866,0.07043989232746893,0.07111639757304505,0.0038164954071488893,0.003803985820328857,0.003979129735758806,2.3073505498751734,-1.8835696876183945,31.817466599999534
highdim_poly2,Quadratic,200,cuda,NVIDIA GeForce RTX 4070 Ti SUPER,1,0,10000,7500,2500,"128,64,32",tanh,1000,2,True,20700,20701,0.1,750,500,5,3250,0.11009349526890778,0.04878770869789222,0.07000761062615614,0.003937646595099037,0.060702751647905014,0.0008345521429989147,0.07114364558026566,0.07042055338344734,0.07175198483834659,0.0038693122666852695,0.00379780692200713,0.0040125029362781,1.596818584209077,-1.766058764554245,44.44003429999975
highdim_poly2,Quadratic,200,cuda,NVIDIA GeForce RTX 4070 Ti SUPER,1,1,10000,7500,2500,"128,64,32",tanh,1000,2,True,20700,20701,0.05,375,500,0,375,0.10308758215151385,0.05871874300776429,0.06834759352062379,0.0031608927376176937,0.04874641154463472,0.0002955074361286944,0.068027343986627,0.06747911757642806,0.06823879735416309,0.0034383306852888663,0.0033217221633767557,0.0035646297109296755,-0.47076589387311873,8.068972215447744,1.4265143000002354
highdim_poly2,Quadratic,200,cuda,NVIDIA GeForce RTX 4070 Ti SUPER,1,1,10000,7500,2500,"128,64,32",tanh,1000,2,True,20700,20701,0.05,375,500,1,875,0.10308758215151385,0.055939808085985476,0.06607749456617187,0.003417631792898996,0.04874641154463472,0.0002955074361286944,0.06649232666080461,0.06632045921727497,0.0670867219629682,0.0034525241865548846,0.0033511177858700785,0.003526045606432068,0.6238796496758297,1.0106343003119156,4.692261099999996
highdim_poly2,Quadratic,200,cuda,NVIDIA GeForce RTX 4070 Ti SUPER,1,1,10000,7500,2500,"128,64,32",tanh,1000,2,True,20700,20701,0.05,375,500,2,1375,0.10308758215151385,0.0537567153021485,0.06465481765076146,0.0033317534927958274,0.04874641154463472,0.0002955074361286944,0.06596650648241706,0.06559062558573082,0.0666593853755255,0.0034245020261678824,0.0033357041752203713,0.003488086229382622,1.9884163973504023,2.70838015756245,9.708632500000022
highdim_poly2,Quadratic,200,cuda,NVIDIA GeForce RTX 4070 Ti SUPER,1,1,10000,7500,2500,"128,64,32",tanh,1000,2,True,20700,20701,0.05,375,500,3,1875,0.10308758215151385,0.052033788638595584,0.06483519717202797,0.0031499306842903262,0.04874641154463472,0.0002955074361286944,0.06584580619230584,0.06544159047439924,0.06616281146116626,0.003572866937985163,0.0034951769982270765,0.003694007272154594,1.5348115221284404,11.837447658583729,16.43116629999986
highdim_poly2,Quadratic,200,cuda,NVIDIA GeForce RTX 4070 Ti SUPER,1,1,10000,7500,2500,"128,64,32",tanh,1000,2,True,20700,20701,0.05,375,500,4,2375,0.10308758215151385,0.05086901572601021,0.06480319240165175,0.003293953211623739,0.04874641154463472,0.0002955074361286944,0.06591792782983433,0.06557673137102926,0.06609826312344555,0.0035735786467655634,0.003513264729862152,0.0036136446529101366,1.6910959808388444,7.824801488415894,25.242483199999697
highdim_poly2,Quadratic,200,cuda,NVIDIA GeForce RTX 4070 Ti SUPER,1,1,10000,7500,2500,"128,64,32",tanh,1000,2,True,20700,20701,0.05,375,500,5,2875,0.10308758215151385,0.049642334699933004,0.06555646716119545,0.003696664835078056,0.04874641154463472,0.0002955074361286944,0.06620571295599784,0.06596072657995508,0.06653015622038704,0.003633745156036308,0.003575648367684521,0.003697295722078186,0.9806492005212453,-1.731538023166733,36.21884390000014
highdim_poly2,Quadratic,200,cuda,NVIDIA GeForce RTX 4070 Ti SUPER,1,1,10000,7500,2500,"128,64,32",tanh,1000,2,True,20700,20701,0.1,750,500,0,750,0.10308758215151385,0.056370885237957497,0.06611552650708831,0.0033615966722346695,0.05800549778334982,0.0009658067409008442,0.06639463685191943,0.06590038306521616,0.06688648411413145,0.0034965859929887997,0.0034116604057372723,0.003603881327084126,0.420380859155271,3.8606034865095493,2.273439500000677
highdim_poly2,Quadratic,200,cuda,NVIDIA GeForce RTX 4070 Ti SUPER,1,1,10000,7500,2500,"128,64,32",tanh,1000,2,True,20700,20701,0.1,750,500,1,1250,0.10308758215151385,0.05400187434217601,0.06503350782708389,0.0034142383213080214,0.05800549778334982,0.0009658067409008442,0.0655370916007976,0.06511844391243743,0.06605022725780678,0.003402274420776788,0.0032904812256337765,0.0035153028234507005,0.7683950590623667,-0.35164419595824586,6.82959960000062
highdim_poly2,Quadratic,200,cuda,NVIDIA GeForce RTX 4070 Ti SUPER,1,1,10000,7500,2500,"128,64,32",tanh,1000,2,True,20700,20701,0.1,750,500,2,1750,0.10308758215151385,0.05253314491111166,0.06430897062375461,0.00371542865573513,0.05800549778334982,0.0009658067409008442,0.06527701008982148,0.06467358534594174,0.0660368671055814,0.003567460694781319,0.0034259104752672174,0.003601295037865628,1.4829715159055885,-4.1477110363196665,13.19992000000002
highdim_poly2,Quadratic,200,cuda,NVIDIA GeForce RTX 4070 Ti SUPER,1,1,10000,7500,2500,"128,64,32",tanh,1000,2,True,20700,20701,0.1,750,500,3,2250,0.10308758215151385,0.051086863293888805,0.0643781728888786,0.0033874445180281845,0.05800549778334982,0.0009658067409008442,0.065339273857575,0.06477769823592824,0.06562957271715518,0.003562477970993211,0.0034609975199156725,0.00357770183552511,1.4709391640797729,4.913250113830948,21.373050199999852
highdim_poly2,Quadratic,200,cuda,NVIDIA GeForce RTX 4070 Ti SUPER,1,1,10000,7500,2500,"128,64,32",tanh,1000,2,True,20700,20701,0.1,750,500,4,2750,0.10308758215151385,0.05026223981861266,0.06426795586771397,0.0035797056698641705,0.05800549778334982,0.0009658067409008442,0.0652533094141991,0.06506244128453453,0.06594276368786756,0.003599921184491284,0.0035543962586795973,0.0036699183056823253,1.510043789856759,0.5615543671956886,31.74485210000057
highdim_poly2,Quadratic,200,cuda,NVIDIA GeForce RTX 4070 Ti SUPER,1,1,10000,7500,2500,"128,64,32",tanh,1000,2,True,20700,20701,0.1,750,500,5,3250,0.10308758215151385,0.04866427953860333,0.06451737910051304,0.0037029425058259123,0.05800549778334982,0.0009658067409008442,0.06551824791819,0.06512980609845873,0.06628377697693039,0.0036079353613019277,0.0034406265844510145,0.00368437245796947,1.5276184108688324,-2.6332828892394895,44.361672300000464
highdim_poly2,Quadratic,200,cuda,NVIDIA GeForce RTX 4070 Ti SUPER,2,0,10000,7500,2500,"128,64,32",tanh,1000,2,True,20700,20701,0.05,375,500,0,375,0.11390424263999423,0.06411646050903749,0.07429010099016056,0.0034493579074934863,0.05484010581698129,0.000308594075542603,0.07406109179506816,0.07372715528486672,0.07413374398010289,0.00353693699522779,0.0034114855203214714,0.0036195060514286823,-0.3092166069143108,2.4761280128107948,1.4374809000000823
highdim_poly2,Quadratic,200,cuda,NVIDIA GeForce RTX 4070 Ti SUPER,2,0,10000,7500,2500,"128,64,32",tanh,1000,2,True,20700,20701,0.05,375,500,1,875,0.11390424263999423,0.05966576899600093,0.07155273423312421,0.0036834323990763635,0.05484010581698129,0.000308594075542603,0.07217030218221696,0.07184808032102151,0.07293353662963739,0.00367007088748408,0.0036143966368532747,0.0037074944192009678,0.8557092466282058,-0.36406685325479604,4.684814599999299
highdim_poly2,Quadratic,200,cuda,NVIDIA GeForce RTX 4070 Ti SUPER,2,0,10000,7500,2500,"128,64,32",tanh,1000,2,True,20700,20701,0.05,375,500,2,1375,0.11390424263999423,0.05652047610220113,0.07225632476668553,0.003787097146254086,0.05484010581698129,0.000308594075542603,0.07173456879890508,0.07123337423125288,0.07198168538556415,0.0036252824082112093,0.0035765148569439536,0.0037706224724624446,-0.7273424466286268,-4.463507109856287,9.713374299999487
highdim_poly2,Quadratic,200,cuda,NVIDIA GeForce RTX 4070 Ti SUPER,2,0,10000,7500,2500,"128,64,32",tanh,1000,2,True,20700,20701,0.05,375,500,3,1875,0.11390424263999423,0.05482538471303788,0.07136044955445073,0.0038046049937409273,0.05484010581698129,0.000308594075542603,0.07188671941242541,0.07113232836325312,0.07232784150831272,0.0038356068396383737,0.0037758377665178342,0.003847193873420549,0.7320821735589216,0.8082644335979255,16.503197699999873
highdim_poly2,Quadratic,200,cuda,NVIDIA GeForce RTX 4070 Ti SUPER,2,0,10000,7500,2500,"128,64,32",tanh,1000,2,True,20700,20701,0.05,375,500,4,2375,0.11390424263999423,0.053572708604231876,0.0716003940167263,0.0040872425879920566,0.05484010581698129,0.000308594075542603,0.071383816964837,0.07115626061351905,0.07200945821648255,0.003820889024630331,0.003732344363976869,0.0038985818228030175,-0.3033979704335197,-6.97098402085874,25.26083219999964
highdim_poly2,Quadratic,200,cuda,NVIDIA GeForce RTX 4070 Ti SUPER,2,0,10000,7500,2500,"128,64,32",tanh,1000,2,True,20700,20701,0.05,375,500,5,2875,0.11390424263999423,0.05255691598011211,0.07196497891228608,0.003928115963928076,0.05484010581698129,0.000308594075542603,0.0720646414560581,0.07105240921417776,0.07225092067688774,0.003873405651339236,0.003858120150793073,0.00392023397244359,0.13829603777713606,-1.412460183970753,36.247806200000014
highdim_poly2,Quadratic,200,cuda,NVIDIA GeForce RTX 4070 Ti SUPER,2,0,10000,7500,2500,"128,64,32",tanh,1000,2,True,20700,20701,0.1,750,500,0,750,0.11390424263999423,0.06153823839941568,0.07251749751306517,0.003623659997880069,0.06661115680308509,0.0012832349771602994,0.07205938887124792,0.07130590715025263,0.0728109781485841,0.0036032698375574714,0.003444964378377926,0.0036322051614089785,-0.6357376172531469,-0.5658793607425003,2.2905906000005416
highdim_poly2,Quadratic,200,cuda,NVIDIA GeForce RTX 4070 Ti SUPER,2,0,10000,7500,2500,"128,64,32",tanh,1000,2,True,20700,20701,0.1,750,500,1,1250,0.11390424263999423,0.058348283119931114,0.07008177964040922,0.003735307894774151,0.06661115680308509,0.0012832349771602994,0.0713510475167102,0.07086122190021571,0.07153135777729563,0.0036233291168602235,0.0035467739638683745,0.0037217785644530757,1.7789057350611734,-3.09049424720661,6.846180400000776
highdim_poly2,Quadratic,200,cuda,NVIDIA GeForce RTX 4070 Ti SUPER,2,0,10000,7500,2500,"128,64,32",tanh,1000,2,True,20700,20701,0.1,750,500,2,1750,0.11390424263999423,0.05547241176725151,0.07137175775295239,0.003876012432367543,0.06661115680308509,0.0012832349771602994,0.07116319743452745,0.07107147170006917,0.07136754505121432,0.0037315985624276973,0.003689620016673875,0.0038036465043610823,-0.2930732821790621,-3.870026947536748,13.180193700000018
highdim_poly2,Quadratic,200,cuda,NVIDIA GeForce RTX 4070 Ti SUPER,2,0,10000,7500,2500,"128,64,32",tanh,1000,2,True,20700,20701,0.1,750,500,3,2250,0.11390424263999423,0.05377711930811199,0.07060863380526335,0.0037126596317552385,0.06661115680308509,0.0012832349771602994,0.07111993103937844,0.07098821154905766,0.07138562280074393,0.0038416361889909065,0.0037893975243977504,0.003922057249678233,0.7189225673348807,3.357333981944466,21.375953700000537
highdim_poly2,Quadratic,200,cuda,NVIDIA GeForce RTX 4070 Ti SUPER,2,0,10000,7500,2500,"128,64,32",tanh,1000,2,True,20700,20701,0.1,750,500,4,2750,0.11390424263999423,0.05259836261367898,0.07116121822955176,0.0036662189557076447,0.06661115680308509,0.0012832349771602994,0.07135875507963768,0.07058496680385393,0.07165087032668307,0.0038813948350525556,0.003822388136061538,0.003960627432365924,0.2768221640995022,5.5437771339745,31.755670000000464
highdim_poly2,Quadratic,200,cuda,NVIDIA GeForce RTX 4070 Ti SUPER,2,0,10000,7500,2500,"128,64,32",tanh,1000,2,True,20700,20701,0.1,750,500,5,3250,0.11390424263999423,0.051433964305687835,0.07259134555274468,0.004101487208158037,0.06661115680308509,0.0012832349771602994,0.07202259261889327,0.07171278203134682,0.07250086546156487,0.004002712332204859,0.003847843452833638,0.004107944317632079,-0.7896868373802763,-2.467698594237177,44.379779700000654
highdim_poly2,Quadratic,200,cuda,NVIDIA GeForce RTX 4070 Ti SUPER,2,1,10000,7500,2500,"128,64,32",tanh,1000,2,True,20700,20701,0.05,375,500,0,375,0.1087270756609777,0.06356514664496278,0.07279455924683613,0.0035364788361394494,0.05987740841396437,0.0004208662498493324,0.07212918343024813,0.07159730664770726,0.0726803139492727,0.0034260425717234744,0.0033962565249154256,0.003491612534488762,-0.9224779554470446,-3.223435263982138,1.38507749999917
highdim_poly2,Quadratic,200,cuda,NVIDIA GeForce RTX 4070 Ti SUPER,2,1,10000,7500,2500,"128,64,32",tanh,1000,2,True,20700,20701,0.05,375,500,1,875,0.1087270756609777,0.05957268107256134,0.06974266693394911,0.0036590621283339535,0.05987740841396437,0.0004208662498493324,0.0697900342632822,0.06946637768162348,0.07034166780268139,0.003572640174065024,0.003456081388244224,0.00361994899866204,0.06787119369278756,-2.418994078841054,4.660164599999916
highdim_poly2,Quadratic,200,cuda,NVIDIA GeForce RTX 4070 Ti SUPER,2,1,10000,7500,2500,"128,64,32",tanh,1000,2,True,20700,20701,0.05,375,500,2,1375,0.1087270756609777,0.05636362131030917,0.068712632397486,0.003751398202775027,0.05987740841396437,0.0004208662498493324,0.06899286862363416,0.06848405728101961,0.06921574536243018,0.0036327548055447674,0.0035303871834754556,0.003671746822070868,0.4061814383699381,-3.2659346303574184,9.657029399999374
highdim_poly2,Quadratic,200,cuda,NVIDIA GeForce RTX 4070 Ti SUPER,2,1,10000,7500,2500,"128,64,32",tanh,1000,2,True,20700,20701,0.05,375,500,3,1875,0.1087270756609777,0.054642005221089404,0.06727001360342631,0.003857132775874147,0.05987740841396437,0.0004208662498493324,0.06858950633448836,0.0680449675895435,0.06904534845926058,0.0036592008980141297,0.0035502280075075587,0.0036824113754095468,1.9237530659971798,-5.409155806871284,16.38939759999994
highdim_poly2,Quadratic,200,cuda,NVIDIA GeForce RTX 4070 Ti SUPER,2,1,10000,7500,2500,"128,64,32",tanh,1000,2,True,20700,20701,0.05,375,500,4,2375,0.1087270756609777,0.053281221235682685,0.06743052904432913,0.003597317441284556,0.05987740841396437,0.0004208662498493324,0.06858878750503491,0.06763487617776932,0.06911712774756282,0.003647541100222482,0.003574888408135681,0.003859122469186727,1.6886994257199308,1.3769182459619937,25.127292599999237
highdim_poly2,Quadratic,200,cuda,NVIDIA GeForce RTX 4070 Ti SUPER,2,1,10000,7500,2500,"128,64,32",tanh,1000,2,True,20700,20701,0.05,375,500,5,2875,0.1087270756609777,0.052378991636541854,0.06663491631481402,0.003836620585555054,0.05987740841396437,0.0004208662498493324,0.06873164543013674,0.0680696151399815,0.06903720273658792,0.0036854401280095664,0.0036433621946253417,0.0038329589058469934,3.0506022403522484,-4.102100489884694,36.05411069999991
highdim_poly2,Quadratic,200,cuda,NVIDIA GeForce RTX 4070 Ti SUPER,2,1,10000,7500,2500,"128,64,32",tanh,1000,2,True,20700,20701,0.1,750,500,0,750,0.1087270756609777,0.06074097882905023,0.07164918164755527,0.0035457443938215283,0.061047653522776184,0.0010065829480032375,0.07097068580314392,0.07050814456482486,0.07120629930593278,0.0036051259102033713,0.0034932223663224644,0.003636212767469822,-0.9560226687020277,1.6471412611076637,2.306459100000211
highdim_poly2,Quadratic,200,cuda,NVIDIA GeForce RTX 4070 Ti SUPER,2,1,10000,7500,2500,"128,64,32",tanh,1000,2,True,20700,20701,0.1,750,500,1,1250,0.1087270756609777,0.057896274238738,0.06888622591420081,0.003537407304998975,0.061047653522776184,0.0010065829480032375,0.07022714749743708,0.0699440994010899,0.0703200795974926,0.0036135797297465536,0.0034604348048257213,0.0037760069328312885,1.9094063065642957,2.1079491928885985,6.9153691000001345
highdim_poly2,Quadratic,200,cuda,NVIDIA GeForce RTX 4070 Ti SUPER,2,1,10000,7500,2500,"128,64,32",tanh,1000,2,True,20700,20701,0.1,750,500,2,1750,0.1087270756609777,0.05477981002664726,0.06833496816436482,0.0037578160918291027,0.061047653522776184,0.0010065829480032375,0.06914636858172189,0.06870996777770243,0.06955729557503597,0.003620542852778341,0.0035532735495253016,0.0037412921635252773,1.1734534061584174,-3.7915098545352275,13.359613300000092
highdim_poly2,Quadratic,200,cuda,NVIDIA GeForce RTX 4070 Ti SUPER,2,1,10000,7500,2500,"128,64,32",tanh,1000,2,True,20700,20701,0.1,750,500,3,2250,0.1087270756609777,0.053369021914482256,0.06815551736258912,0.0036070977985718684,0.061047653522776184,0.0010065829480032375,0.06834504763642778,0.06810416113677278,0.06881646254452696,0.003706621761913188,0.0036043987854151556,0.003802692344219652,0.277313836763842,2.6850315390678006,21.58221330000015
highdim_poly2,Quadratic,200,cuda,NVIDIA GeForce RTX 4070 Ti SUPER,2,1,10000,7500,2500,"128,64,32",tanh,1000,2,True,20700,20701,0.1,750,500,4,2750,0.1087270756609777,0.052784957873746575,0.06720100863755914,0.003614929091253762,0.061047653522776184,0.0010065829480032375,0.06905246842554823,0.06823894717038076,0.06977896446443908,0.0036907088307642803,0.003644250399500206,0.0037727797730111867,2.6812362109622745,2.0532570567162702,31.979107799999838
highdim_poly2,Quadratic,200,cuda,NVIDIA GeForce RTX 4070 Ti SUPER,2,1,10000,7500,2500,"128,64,32",tanh,1000,2,True,20700,20701,0.1,750,500,5,3250,0.1087270756609777,0.05165849416177536,0.06724477854937279,0.0037080659729473433,0.061047653522776184,0.0010065829480032375,0.06851798161273706,0.06835827413732815,0.06896992038024949,0.003605497726771161,0.0035412077940376427,0.0037470278423644707,1.858202815372472,-2.8447735638439964,44.63547720000042
highdim_smooth,Smooth,200,cuda,NVIDIA GeForce RTX 4070 Ti SUPER,0,0,10000,7500,2500,"128,64,32",tanh,1000,2,True,20700,20701,0.05,375,500,0,375,0.023556244621883795,0.09175095671280573,0.09311942816555006,0.002552880468523274,0.0905254043830667,0.0007646300697986053,0.09200192993772377,0.0910068977276863,0.09217383163585932,0.002531755503828177,0.0025074639043860757,0.0025778209329074125,-1.214646506418648,-0.8343998724661396,1.4636405000001105
highdim_smooth,Smooth,200,cuda,NVIDIA GeForce RTX 4070 Ti SUPER,0,0,10000,7500,2500,"128,64,32",tanh,1000,2,True,20700,20701,0.05,375,500,1,875,0.023556244621883795,0.07160614989147866,0.07322193003646787,0.0025252530733680667,0.0905254043830667,0.0007646300697986053,0.06988638806703602,0.06915312876160604,0.07074674960489871,0.002439683929957989,0.0023917350259591076,0.0025541018089956613,-4.772806352837053,-3.507386442945965,4.776827400000002
highdim_smooth,Smooth,200,cuda,NVIDIA GeForce RTX 4070 Ti SUPER,0,0,10000,7500,2500,"128,64,32",tanh,1000,2,True,20700,20701,0.05,375,500,2,1375,0.023556244621883795,0.05884661120831593,0.06058427394996215,0.0024135613587697377,0.0905254043830667,0.0007646300697986053,0.05695853772316878,0.05595840076310138,0.05768088985965756,0.0023322719558539744,0.002288638833623027,0.0023808393512761193,-6.365571118442791,-3.4854169862878916,9.89428290000069
highdim_smooth,Smooth,200,cuda,NVIDIA GeForce RTX 4070 Ti SUPER,0,0,10000,7500,2500,"128,64,32",tanh,1000,2,True,20700,20701,0.05,375,500,3,1875,0.023556244621883795,0.05162498892736303,0.05362396176039415,0.0023757582351670355,0.0905254043830667,0.0007646300697986053,0.049457703788810994,0.04889887162716255,0.04989434076673759,0.0021914116607816103,0.0021344935502195404,0.002253904582496032,-8.423880715072142,-8.41222932617208,16.87610829999994
highdim_smooth,Smooth,200,cuda,NVIDIA GeForce RTX 4070 Ti SUPER,0,0,10000,7500,2500,"128,64,32",tanh,1000,2,True,20700,20701,0.05,375,500,4,2375,0.023556244621883795,0.04690735095850726,0.048820205695188114,0.002332590590064929,0.0905254043830667,0.0007646300697986053,0.04501859551790936,0.04452718654230815,0.04521758166116163,0.0021146274914417263,0.0020866301413664076,0.00215289428696229,-8.44453305027339,-10.307399270336653,25.912595600000714
highdim_smooth,Smooth,200,cuda,NVIDIA GeForce RTX 4070 Ti SUPER,0,0,10000,7500,2500,"128,64,32",tanh,1000,2,True,20700,20701,0.05,375,500,5,2875,0.023556244621883795,0.04240597744541956,0.04422622887948107,0.002181732000215812,0.0905254043830667,0.0007646300697986053,0.041257452010203866,0.04086430254868559,0.04194666598325489,0.002056406514298309,0.0020239203941394995,0.0021137565283780597,-7.195734890615548,-6.094392574916881,37.18996860000061
highdim_smooth,Smooth,200,cuda,NVIDIA GeForce RTX 4070 Ti SUPER,0,0,10000,7500,2500,"128,64,32",tanh,1000,2,True,20700,20701,0.1,750,500,0,750,0.023556244621883795,0.07164068421670063,0.07269989386095217,0.00231656354914894,0.08336641372953782,0.00145135036046173,0.07325089165616411,0.07252922545121317,0.0741835000302091,0.0024740501027134794,0.0024493749854829164,0.00252109683697153,0.7522062636428927,6.365536146249093,2.33167130000038
highdim_smooth,Smooth,200,cuda,NVIDIA GeForce RTX 4070 Ti SUPER,0,0,10000,7500,2500,"128,64,32",tanh,1000,2,True,20700,20701,0.1,750,500,1,1250,0.023556244621883795,0.059525675675878964,0.060777338970477705,0.0022434470902165282,0.08336641372953782,0.00145135036046173,0.058001918680688366,0.057887704802095985,0.05859014093934489,0.0023357587411365534,0.0022963804307097524,0.002382797827015493,-4.78504910340735,3.9521055532947473,6.9784865999999965
highdim_smooth,Smooth,200,cuda,NVIDIA GeForce RTX 4070 Ti SUPER,0,0,10000,7500,2500,"128,64,32",tanh,1000,2,True,20700,20701,0.1,750,500,2,1750,0.023556244621883795,0.05081123274564533,0.05223984166321984,0.0022712432828906103,0.08336641372953782,0.00145135036046173,0.0504413105194553,0.05017580932675837,0.051223885049510226,0.002246196873348279,0.0022345386474386226,0.0022748441300552216,-3.5655916256792026,-1.1150585168875302,13.483425500000521
highdim_smooth,Smooth,200,cuda,NVIDIA GeForce RTX 4070 Ti SUPER,0,0,10000,7500,2500,"128,64,32",tanh,1000,2,True,20700,20701,0.1,750,500,3,2250,0.023556244621883795,0.04655984836241918,0.048122639933066265,0.0020678579209573752,0.08336641372953782,0.00145135036046173,0.04439366774618492,0.044130409722271766,0.044632802448974704,0.002079937404829565,0.0020097385811139665,0.002104142273249689,-8.399783969644648,0.580761894283037,21.88098160000027
highdim_smooth,Smooth,200,cuda,NVIDIA GeForce RTX 4070 Ti SUPER,0,0,10000,7500,2500,"128,64,32",tanh,1000,2,True,20700,20701,0.1,750,500,4,2750,0.023556244621883795,0.042968578562394374,0.04458727481046751,0.00205553280419326,0.08336641372953782,0.00145135036046173,0.04140182023422841,0.041174720035736447,0.04187791626871065,0.0021112844470782773,0.0020770470343731413,0.0021752885614283396,-7.693996443193969,2.640650479956407,32.5894629000004
highdim_smooth,Smooth,200,cuda,NVIDIA GeForce RTX 4070 Ti SUPER,0,0,10000,7500,2500,"128,64,32",tanh,1000,2,True,20700,20701,0.1,750,500,5,3250,0.023556244621883795,0.039396327749476594,0.04136615312972975,0.00204019527791334,0.08336641372953782,0.00145135036046173,0.03960573911815297,0.03913579450097002,0.03988865626913636,0.002069919153207021,0.0020313582491572717,0.0020890803259278534,-4.444845749059413,1.4359920892382896,45.65620840000065
highdim_smooth,Smooth,200,cuda,NVIDIA GeForce RTX 4070 Ti SUPER,0,1,10000,7500,2500,"128,64,32",tanh,1000,2,True,20700,20701,0.05,375,500,0,375,0.0228912629639729,0.08832390235071876,0.08722293778112851,0.0026091138250620175,0.09408184648184616,0.001008077996768041,0.08776449328062454,0.08683996459495442,0.08842959407900682,0.0024984370358862125,0.002466079585610988,0.0025490259536177667,0.6170553480715923,-4.429841040062364,1.4210632000003898
highdim_smooth,Smooth,200,cuda,NVIDIA GeForce RTX 4070 Ti SUPER,0,1,10000,7500,2500,"128,64,32",tanh,1000,2,True,20700,20701,0.05,375,500,1,875,0.0228912629639729,0.06915517535529377,0.0685083800556713,0.002371662930703858,0.09408184648184616,0.001008077996768041,0.06552638967039684,0.06471061556652997,0.06598975771844784,0.0024025445822578083,0.002305608067219223,0.0024086736170930816,-4.550823569365127,1.2853726745386453,4.718039399999725
highdim_smooth,Smooth,200,cuda,NVIDIA GeForce RTX 4070 Ti SUPER,0,1,10000,7500,2500,"128,64,32",tanh,1000,2,True,20700,20701,0.05,375,500,2,1375,0.0228912629639729,0.05721577515491826,0.05664619574726025,0.0022721298336090996,0.09408184648184616,0.001008077996768041,0.05448813201558468,0.053893997519830844,0.054821981234352335,0.002255498553235814,0.0022161735083621468,0.00229803977901087,-3.960612434022,-0.7373660404005145,9.854603699999643
highdim_smooth,Smooth,200,cuda,NVIDIA GeForce RTX 4070 Ti SUPER,0,1,10000,7500,2500,"128,64,32",tanh,1000,2,True,20700,20701,0.05,375,500,3,1875,0.0228912629639729,0.05142462642442432,0.05099358452783199,0.0021358297109477934,0.09408184648184616,0.001008077996768041,0.047155809801575,0.046597848681942035,0.04739424679344553,0.0021271298136826674,0.0020886601939980615,0.002159153871718545,-8.13849818804046,-0.40899700663138877,16.78273160000026
highdim_smooth,Smooth,200,cuda,NVIDIA GeForce RTX 4070 Ti SUPER,0,1,10000,7500,2500,"128,64,32",tanh,1000,2,True,20700,20701,0.05,375,500,4,2375,0.0228912629639729,0.04584582565167121,0.04570329654877339,0.00207514717595395,0.09408184648184616,0.001008077996768041,0.04255120513182571,0.0418370355216524,0.04336884604956916,0.0020865948861248395,0.002061390330848773,0.002140270376900454,-7.407760619663644,0.5486311812136094,25.74998779999987
highdim_smooth,Smooth,200,cuda,NVIDIA GeForce RTX 4070 Ti SUPER,0,1,10000,7500,2500,"128,64,32",tanh,1000,2,True,20700,20701,0.05,375,500,5,2875,0.0228912629639729,0.04203582537734971,0.04239534003661178,0.0021766559340475377,0.09408184648184616,0.001008077996768041,0.04016434621104509,0.03934610039034568,0.04042028932349498,0.0020296063535635046,0.001998656853956282,0.0020566807119154137,-5.554662371058774,-7.245226653230024,37.037155600000006
highdim_smooth,Smooth,200,cuda,NVIDIA GeForce RTX 4070 Ti SUPER,0,1,10000,7500,2500,"128,64,32",tanh,1000,2,True,20700,20701,0.1,750,500,0,750,0.0228912629639729,0.06926717825897998,0.0690125182168466,0.0025039132159635656,0.07682750025688458,0.001400634176432885,0.07065538669219724,0.07000753267337326,0.07194701995674418,0.002430373970842749,0.002352431182340555,0.0024380595300262896,2.3251850315498563,-3.0258407143537775,2.3363914000001387
highdim_smooth,Smooth,200,cuda,NVIDIA GeForce RTX 4070 Ti SUPER,0,1,10000,7500,2500,"128,64,32",tanh,1000,2,True,20700,20701,0.1,750,500,1,1250,0.0228912629639729,0.05876843799368963,0.05873961795345043,0.0022533325536291523,0.07682750025688458,0.001400634176432885,0.05640631996785857,0.05594946753151984,0.056889781314719924,0.0022599497877537206,0.0022091157781037414,0.002350230756600532,-4.13658963556109,0.2928044755872854,7.045252799999616
highdim_smooth,Smooth,200,cuda,NVIDIA GeForce RTX 4070 Ti SUPER,0,1,10000,7500,2500,"128,64,32",tanh,1000,2,True,20700,20701,0.1,750,500,2,1750,0.0228912629639729,0.0509839202981781,0.05115334781464509,0.002076349668139221,0.07682750025688458,0.001400634176432885,0.04905184743017242,0.04883130048410701,0.04908285194492438,0.0021547820271241927,0.0021102443690429644,0.002211801000589619,-4.28424309087288,3.6399207900229644,13.535217200000261
highdim_smooth,Smooth,200,cuda,NVIDIA GeForce RTX 4070 Ti SUPER,0,1,10000,7500,2500,"128,64,32",tanh,1000,2,True,20700,20701,0.1,750,500,3,2250,0.0228912629639729,0.045826372657879526,0.046154858227937724,0.0021186215486286896,0.07682750025688458,0.001400634176432885,0.04382856932447926,0.043046550316309135,0.044102956305450663,0.0020790296659918654,0.0020170209785609016,0.0021512227567217967,-5.307699838970509,-1.9043442854354662,21.87876959999994
highdim_smooth,Smooth,200,cuda,NVIDIA GeForce RTX 4070 Ti SUPER,0,1,10000,7500,2500,"128,64,32",tanh,1000,2,True,20700,20701,0.1,750,500,4,2750,0.0228912629639729,0.04259121291244657,0.04299352146652823,0.0020733300863546122,0.07682750025688458,0.001400634176432885,0.04044404057114351,0.04026870678686659,0.040710601442695254,0.0020085997798276324,0.001998609567711922,0.00202176476965896,-6.303724502748517,-3.2226582506413823,32.58822859999964
highdim_smooth,Smooth,200,cuda,NVIDIA GeForce RTX 4070 Ti SUPER,0,1,10000,7500,2500,"128,64,32",tanh,1000,2,True,20700,20701,0.1,750,500,5,3250,0.0228912629639729,0.03930555624571783,0.04019939596366253,0.0020016579490924388,0.07682750025688458,0.001400634176432885,0.03846227281125905,0.0382358534561356,0.038928529631337055,0.0020125772268044665,0.0019801560993552717,0.002037773835356334,-4.516433963556546,0.5425519859113751,45.64152449999983
highdim_smooth,Smooth,200,cuda,NVIDIA GeForce RTX 4070 Ti SUPER,1,0,10000,7500,2500,"128,64,32",tanh,1000,2,True,20700,20701,0.05,375,500,0,375,0.023110945098966287,0.08874836495335164,0.09435168323431237,0.0027611565150303437,0.09453187810761189,0.0009442493138296488,0.09577007361289752,0.09529191821502812,0.09620634602459391,0.0027010191989729343,0.0026593061404208253,0.002732521929453848,1.4810371602284513,-2.2264675527029474,1.4159307999998418
highdim_smooth,Smooth,200,cuda,NVIDIA GeForce RTX 4070 Ti SUPER,1,0,10000,7500,2500,"128,64,32",tanh,1000,2,True,20700,20701,0.05,375,500,1,875,0.023110945098966287,0.069811222380691,0.07497113543056684,0.002520544297894953,0.09453187810761189,0.0009442493138296488,0.07244429286600217,0.07207607909475251,0.0733659052179307,0.002488574454728532,0.0024639650335120675,0.002541923228090463,-3.4879801632386584,-1.2846649255631144,4.641083399999843
highdim_smooth,Smooth,200,cuda,NVIDIA GeForce RTX 4070 Ti SUPER,1,0,10000,7500,2500,"128,64,32",tanh,1000,2,True,20700,20701,0.05,375,500,2,1375,0.023110945098966287,0.056614145598467835,0.06220060364587905,0.0023686821824490892,0.09453187810761189,0.0009442493138296488,0.06015589095408567,0.05946279424408612,0.060623815132477436,0.00229873838074586,0.002256363556277727,0.002334827744287063,-3.399023203486459,-3.0427038713528995,9.647909199999958
highdim_smooth,Smooth,200,cuda,NVIDIA GeForce RTX 4070 Ti SUPER,1,0,10000,7500,2500,"128,64,32",tanh,1000,2,True,20700,20701,0.05,375,500,3,1875,0.023110945098966287,0.046974350552356416,0.05251181076534313,0.0021107040376312216,0.09453187810761189,0.0009442493138296488,0.05088241887232593,0.05055646440372796,0.05148276042438164,0.002174427365759905,0.002120426365003276,0.0021989033369145443,-3.202268935181055,2.930579753185446,16.441160800000034
highdim_smooth,Smooth,200,cuda,NVIDIA GeForce RTX 4070 Ti SUPER,1,0,10000,7500,2500,"128,64,32",tanh,1000,2,True,20700,20701,0.05,375,500,4,2375,0.023110945098966287,0.041243786367909555,0.04657719148160206,0.00214110632787479,0.09453187810761189,0.0009442493138296488,0.04495194553412293,0.0441618328806711,0.04496615607090011,0.0020545564977582313,0.0020445374109711438,0.00207406582436369,-3.6155185902808444,-4.212579708126553,25.20097100000021
highdim_smooth,Smooth,200,cuda,NVIDIA GeForce RTX 4070 Ti SUPER,1,0,10000,7500,2500,"128,64,32",tanh,1000,2,True,20700,20701,0.05,375,500,5,2875,0.023110945098966287,0.035971808246506705,0.04114026541788737,0.0018715044691484382,0.09453187810761189,0.0009442493138296488,0.040126608182167886,0.039856539809219584,0.040467973955352746,0.0019145184073856105,0.0018960230528856786,0.001998007968270083,-2.526147316308564,2.2467236706232807,36.12906269999985
highdim_smooth,Smooth,200,cuda,NVIDIA GeForce RTX 4070 Ti SUPER,1,0,10000,7500,2500,"128,64,32",tanh,1000,2,True,20700,20701,0.1,750,500,0,750,0.023110945098966287,0.07308603342764129,0.07791272432534278,0.0025587788144031754,0.07477278073746778,0.0012568157820768361,0.0794246266941588,0.078802633634024,0.07988527690050977,0.002543586076789755,0.002496674160123974,0.00261147852414372,1.903568744034407,-0.5972959889997079,2.311813500000426
highdim_smooth,Smooth,200,cuda,NVIDIA GeForce RTX 4070 Ti SUPER,1,0,10000,7500,2500,"128,64,32",tanh,1000,2,True,20700,20701,0.1,750,500,1,1250,0.023110945098966287,0.059132586416001456,0.0638091601739729,0.00241993912581667,0.07477278073746778,0.0012568157820768361,0.06243683312891858,0.062179935723757025,0.06290683185103352,0.0024030046792126603,0.002342463382903264,0.0024503772343269768,-2.1979446686873993,-0.7047196682762219,6.93375560000004
highdim_smooth,Smooth,200,cuda,NVIDIA GeForce RTX 4070 Ti SUPER,1,0,10000,7500,2500,"128,64,32",tanh,1000,2,True,20700,20701,0.1,750,500,2,1750,0.023110945098966287,0.04977408919554923,0.05473623744044668,0.002268707377417177,0.07477278073746778,0.0012568157820768361,0.05261105305193737,0.05164480211618913,0.053040587235319014,0.0021779794239951463,0.0021531157283597208,0.0022303605176153198,-4.0394256819215135,-4.165693781238993,13.321127299999716
highdim_smooth,Smooth,200,cuda,NVIDIA GeForce RTX 4070 Ti SUPER,1,0,10000,7500,2500,"128,64,32",tanh,1000,2,True,20700,20701,0.1,750,500,3,2250,0.023110945098966287,0.04254598031554269,0.04775142283437381,0.0020418727966628335,0.07477278073746778,0.0012568157820768361,0.04552852509758015,0.04506448996865392,0.04586671000420692,0.002088531775830878,0.002046530888773792,0.0021098442384567544,-4.882428613774275,2.234056465311968,21.578919900000074
highdim_smooth,Smooth,200,cuda,NVIDIA GeForce RTX 4070 Ti SUPER,1,0,10000,7500,2500,"128,64,32",tanh,1000,2,True,20700,20701,0.1,750,500,4,2750,0.023110945098966287,0.037668003283854376,0.04289125466308167,0.001987298922764894,0.07477278073746778,0.0012568157820768361,0.04153680313814197,0.041223152037257384,0.041624931361885296,0.001972697976584418,0.0019423434462265176,0.0020009775731059435,-3.2608468216369575,-0.7401511206371529,32.20295679999981
highdim_smooth,Smooth,200,cuda,NVIDIA GeForce RTX 4070 Ti SUPER,1,0,10000,7500,2500,"128,64,32",tanh,1000,2,True,20700,20701,0.1,750,500,5,3250,0.023110945098966287,0.03350760637202321,0.038936493476490225,0.0019786132218935423,0.07477278073746778,0.0012568157820768361,0.03787189599523659,0.037413636324396135,0.03825658628234705,0.0018792783973810533,0.001855822928266747,0.001915456525484545,-2.811048808825247,-5.285796114664078,45.23488030000044
highdim_smooth,Smooth,200,cuda,NVIDIA GeForce RTX 4070 Ti SUPER,1,1,10000,7500,2500,"128,64,32",tanh,1000,2,True,20700,20701,0.05,375,500,0,375,0.02426911370205411,0.09369679078754566,0.09656893845905827,0.0025463320181197953,0.0887998700416344,0.0008552104256862942,0.09373569301524413,0.09265336917623082,0.09419841592668807,0.0025859223103373843,0.0025594821013016494,0.0026185314456481337,-3.022589744285956,1.5309931028988921,1.4029011000002356
highdim_smooth,Smooth,200,cuda,NVIDIA GeForce RTX 4070 Ti SUPER,1,1,10000,7500,2500,"128,64,32",tanh,1000,2,True,20700,20701,0.05,375,500,1,875,0.02426911370205411,0.07302199094207958,0.07636962314160613,0.002475403407300869,0.0887998700416344,0.0008552104256862942,0.07457392950700295,0.07402113550300825,0.07515652674290768,0.002508027980847616,0.002477323083047039,0.002562064913764379,-2.407937527865619,1.3008058042367352,4.649619200000416
highdim_smooth,Smooth,200,cuda,NVIDIA GeForce RTX 4070 Ti SUPER,1,1,10000,7500,2500,"128,64,32",tanh,1000,2,True,20700,20701,0.05,375,500,2,1375,0.02426911370205411,0.05967575081912238,0.06400557045040528,0.0023455556416069005,0.0887998700416344,0.0008552104256862942,0.05983643819049559,0.059495693838336444,0.06054347726967482,0.0023118095933077755,0.002281587579246882,0.0023494113500130815,-6.96754751116171,-1.4597243820084929,9.671869499999957
highdim_smooth,Smooth,200,cuda,NVIDIA GeForce RTX 4070 Ti SUPER,1,1,10000,7500,2500,"128,64,32",tanh,1000,2,True,20700,20701,0.05,375,500,3,1875,0.02426911370205411,0.04909230513436537,0.05385229391191405,0.0021827950586713494,0.0887998700416344,0.0008552104256862942,0.05115654513067684,0.05030977794162034,0.05145059968550951,0.002196558734115126,0.0021171126103161353,0.0022188854118692265,-5.269606800754525,0.6266017489088922,16.536344799999824
highdim_smooth,Smooth,200,cuda,NVIDIA GeForce RTX 4070 Ti SUPER,1,1,10000,7500,2500,"128,64,32",tanh,1000,2,True,20700,20701,0.05,375,500,4,2375,0.02426911370205411,0.04240821245276415,0.04753216911548202,0.0020765360940627363,0.0887998700416344,0.0008552104256862942,0.044739234520168925,0.043723872764163035,0.045053003993777596,0.0019780425437108404,0.001973453045324626,0.0020102978715026863,-6.242696428017806,-4.979344385946336,25.254583300000377
highdim_smooth,Smooth,200,cuda,NVIDIA GeForce RTX 4070 Ti SUPER,1,1,10000,7500,2500,"128,64,32",tanh,1000,2,True,20700,20701,0.05,375,500,5,2875,0.02426911370205411,0.03724814555968749,0.04249510239545976,0.0018921771288027097,0.0887998700416344,0.0008552104256862942,0.04021632294362429,0.039215223980967065,0.04102433567864507,0.00189944054874146,0.0018661969391425555,0.0019612800315587505,-5.6663048360485195,0.382397856229974,36.24286209999991
highdim_smooth,Smooth,200,cuda,NVIDIA GeForce RTX 4070 Ti SUPER,1,1,10000,7500,2500,"128,64,32",tanh,1000,2,True,20700,20701,0.1,750,500,0,750,0.02426911370205411,0.07283417719915579,0.07651417012925305,0.0023454191748387802,0.08588535946550598,0.001460192312296862,0.07727748736927013,0.07558998233190195,0.07840267030961,0.002510855835961787,0.002432756886526143,0.0025441572127549283,0.9877614632701254,6.588855431424481,2.3064163000008193
highdim_smooth,Smooth,200,cuda,NVIDIA GeForce RTX 4070 Ti SUPER,1,1,10000,7500,2500,"128,64,32",tanh,1000,2,True,20700,20701,0.1,750,500,1,1250,0.02426911370205411,0.05990389460456742,0.06390967816556238,0.002356605944534765,0.08588535946550598,0.001460192312296862,0.06168894576679694,0.06123744356869801,0.06185143283589186,0.0022628435160665927,0.002229574680707695,0.002303870577112544,-3.599887096726352,-4.143566614414222,6.9477794000004
highdim_smooth,Smooth,200,cuda,NVIDIA GeForce RTX 4070 Ti SUPER,1,1,10000,7500,2500,"128,64,32",tanh,1000,2,True,20700,20701,0.1,750,500,2,1750,0.02426911370205411,0.05029686867390824,0.054895770184702576,0.002265719485749605,0.08588535946550598,0.001460192312296862,0.0517158703656512,0.051122729702079525,0.05199974118117606,0.002125977225137258,0.0020747920550026494,0.0021487483111229952,-6.148789136812846,-6.573083613505065,13.30635490000077
highdim_smooth,Smooth,200,cuda,NVIDIA GeForce RTX 4070 Ti SUPER,1,1,10000,7500,2500,"128,64,32",tanh,1000,2,True,20700,20701,0.1,750,500,3,2250,0.02426911370205411,0.04244479580183088,0.04746780548880506,0.002048855224346095,0.08588535946550598,0.001460192312296862,0.045425890960414654,0.045097821736662144,0.04584984208295619,0.00205239700114727,0.002021322490197216,0.002083214599588046,-4.495045634151207,0.17256782187826797,21.502422900000056
highdim_smooth,Smooth,200,cuda,NVIDIA GeForce RTX 4070 Ti SUPER,1,1,10000,7500,2500,"128,64,32",tanh,1000,2,True,20700,20701,0.1,750,500,4,2750,0.02426911370205411,0.037760536572579224,0.04290796180222086,0.001982354292696582,0.08588535946550598,0.001460192312296862,0.04120243606773996,0.040940243083275346,0.041521383983822324,0.001955901210876402,0.0019314463777968562,0.001967453515456893,-4.139380816408244,-1.352475353718222,31.898221500000545
highdim_smooth,Smooth,200,cuda,NVIDIA GeForce RTX 4070 Ti SUPER,1,1,10000,7500,2500,"128,64,32",tanh,1000,2,True,20700,20701,0.1,750,500,5,3250,0.02426911370205411,0.033619586452705665,0.03912880739698784,0.0019086180517987436,0.08588535946550598,0.001460192312296862,0.03771242828873647,0.037560309689819736,0.03784163182242597,0.0019104951124361796,0.0018404309227154055,0.0019613093712184198,-3.7557356354971096,0.09824995757473853,44.5200489000008
highdim_smooth,Smooth,200,cuda,NVIDIA GeForce RTX 4070 Ti SUPER,2,0,10000,7500,2500,"128,64,32",tanh,1000,2,True,20700,20701,0.05,375,500,0,375,0.027453031599380916,0.09382777935207252,0.09854046208312331,0.0028424384563741634,0.11142584040358708,0.0012126988352427813,0.09951456977623056,0.09790482229222455,0.10064603579593187,0.002851608416888686,0.002830978111245393,0.0028855155826483874,0.978859372348835,0.3215715194349123,1.4555008000006637
highdim_smooth,Smooth,200,cuda,NVIDIA GeForce RTX 4070 Ti SUPER,2,0,10000,7500,2500,"128,64,32",tanh,1000,2,True,20700,20701,0.05,375,500,1,875,0.027453031599380916,0.07185401903950847,0.07669492576650849,0.0025427788707114212,0.11142584040358708,0.0012126988352427813,0.07400600261141653,0.07371568683145868,0.07508417366419012,0.0026721716841112703,0.0025695471194716497,0.0026954745643659747,-3.633385212292437,4.842234283418936,4.7144398000000365
highdim_smooth,Smooth,200,cuda,NVIDIA GeForce RTX 4070 Ti SUPER,2,0,10000,7500,2500,"128,64,32",tanh,1000,2,True,20700,20701,0.05,375,500,2,1375,0.027453031599380916,0.0574578679977946,0.06289034138618019,0.002505650998790147,0.11142584040358708,0.0012126988352427813,0.059734413275728815,0.0594590479673011,0.060520243727340536,0.0024332327343407796,0.002395646442372423,0.0025003231948465,-5.283266273804156,-2.9762161024431166,9.751116000000366
highdim_smooth,Smooth,200,cuda,NVIDIA GeForce RTX 4070 Ti SUPER,2,0,10000,7500,2500,"128,64,32",tanh,1000,2,True,20700,20701,0.05,375,500,3,1875,0.027453031599380916,0.0482649929060845,0.05417399558105519,0.002338439745515234,0.11142584040358708,0.0012126988352427813,0.05120675573074597,0.0510548445191068,0.051815131626336386,0.0022835014803788715,0.002255347796779836,0.0023196640480293075,-5.794625744133227,-2.40587823605209,16.54594989999987
highdim_smooth,Smooth,200,cuda,NVIDIA GeForce RTX 4070 Ti SUPER,2,0,10000,7500,2500,"128,64,32",tanh,1000,2,True,20700,20701,0.05,375,500,4,2375,0.027453031599380916,0.04237072615225402,0.04830559179497832,0.002242500718729945,0.11142584040358708,0.0012126988352427813,0.0460177036248963,0.045752606951464866,0.046435713517715214,0.0021698278146881737,0.0021060997989737398,0.0022681545964708333,-4.971756497741092,-3.349247509402729,25.32785310000054
highdim_smooth,Smooth,200,cuda,NVIDIA GeForce RTX 4070 Ti SUPER,2,0,10000,7500,2500,"128,64,32",tanh,1000,2,True,20700,20701,0.05,375,500,5,2875,0.027453031599380916,0.03797186359545908,0.04420607011384999,0.002129557640077726,0.11142584040358708,0.0012126988352427813,0.04181693378940321,0.04143109358979924,0.04197014890538869,0.002089711432478054,0.0020662155585624816,0.0021181286596988775,-5.713322589549143,-1.9067803803140821,36.1784389000004
highdim_smooth,Smooth,200,cuda,NVIDIA GeForce RTX 4070 Ti SUPER,2,0,10000,7500,2500,"128,64,32",tanh,1000,2,True,20700,20701,0.1,750,500,0,750,0.027453031599380916,0.07613998707283375,0.08118066536037886,0.0025913562777615876,0.08362121209307652,0.0014944824916748054,0.08036994645034667,0.07915624248273295,0.08127078645698409,0.002673214301535171,0.0026373159902355822,0.00270140985726228,-1.0087339183846047,3.062157183828255,2.267410600000403
highdim_smooth,Smooth,200,cuda,NVIDIA GeForce RTX 4070 Ti SUPER,2,0,10000,7500,2500,"128,64,32",tanh,1000,2,True,20700,20701,0.1,750,500,1,1250,0.027453031599380916,0.061316991092495436,0.06661288565078578,0.002472140986519964,0.08362121209307652,0.0014944824916748054,0.06443641803854537,0.06412764176751973,0.06453874952904089,0.002484532806971292,0.002458539386646993,0.002500718110068387,-3.377698013782309,0.4987585761217604,6.855561500000476
highdim_smooth,Smooth,200,cuda,NVIDIA GeForce RTX 4070 Ti SUPER,2,0,10000,7500,2500,"128,64,32",tanh,1000,2,True,20700,20701,0.1,750,500,2,1750,0.027453031599380916,0.050054834273015866,0.05589876926973165,0.002303035079452307,0.08362121209307652,0.0014944824916748054,0.05397095424804795,0.05335907822803622,0.05451635097003786,0.0023448185248485403,0.002328965662803653,0.0024107282562368434,-3.5719491132647927,1.7819479398275557,13.255319300000338
highdim_smooth,Smooth,200,cuda,NVIDIA GeForce RTX 4070 Ti SUPER,2,0,10000,7500,2500,"128,64,32",tanh,1000,2,True,20700,20701,0.1,750,500,3,2250,0.027453031599380916,0.04330437577831105,0.04939328139652364,0.0022324242550703696,0.08362121209307652,0.0014944824916748054,0.047391155135516824,0.04711808799379898,0.04751872626684931,0.0022178595026035317,0.002194616953145849,0.002245961188658917,-4.2246833935185935,-0.6567031162136463,21.44986770000014
highdim_smooth,Smooth,200,cuda,NVIDIA GeForce RTX 4070 Ti SUPER,2,0,10000,7500,2500,"128,64,32",tanh,1000,2,True,20700,20701,0.1,750,500,4,2750,0.027453031599380916,0.03923670808139153,0.04529358641036155,0.002195903103572847,0.08362121209307652,0.0014944824916748054,0.04281444347139783,0.042657404868273546,0.04311799869553255,0.0020959011326114356,0.0020804471008783435,0.0021172756986598757,-5.790435978970289,-4.771311461472019,31.78752590000022
highdim_smooth,Smooth,200,cuda,NVIDIA GeForce RTX 4070 Ti SUPER,2,0,10000,7500,2500,"128,64,32",tanh,1000,2,True,20700,20701,0.1,750,500,5,3250,0.027453031599380916,0.035294910781798534,0.041789061144133006,0.002098722444253945,0.08362121209307652,0.0014944824916748054,0.04017739788305011,0.03947124011857992,0.04034181281009097,0.002077311267641208,0.002054684301742725,0.0020897362853241766,-4.011367948153805,-1.0307158559366851,44.36114929999985
highdim_smooth,Smooth,200,cuda,NVIDIA GeForce RTX 4070 Ti SUPER,2,1,10000,7500,2500,"128,64,32",tanh,1000,2,True,20700,20701,0.05,375,500,0,375,0.024244710117301404,0.09676106846782626,0.09631169296509604,0.002660170888991056,0.0918481464543152,0.0009311441596503632,0.0953756865551299,0.09394538834231149,0.09620750794975987,0.0026582887889968435,0.002556694535667841,0.0027058133981415523,-0.9813889092427082,-0.07080118616167114,1.43966090000049
highdim_smooth,Smooth,200,cuda,NVIDIA GeForce RTX 4070 Ti SUPER,2,1,10000,7500,2500,"128,64,32",tanh,1000,2,True,20700,20701,0.05,375,500,1,875,0.024244710117301404,0.07243452601905355,0.07295106079252989,0.0024462178064706542,0.0918481464543152,0.0009311441596503632,0.0704052936996131,0.06930970030132654,0.07131865347151205,0.002451822479975028,0.0024105559319336427,0.0025489634256202105,-3.6158745445738827,0.2285921411582232,4.7062574000001405
highdim_smooth,Smooth,200,cuda,NVIDIA GeForce RTX 4070 Ti SUPER,2,1,10000,7500,2500,"128,64,32",tanh,1000,2,True,20700,20701,0.05,375,500,2,1375,0.024244710117301404,0.05811384058820561,0.058869571978015574,0.0022577976736425495,0.0918481464543152,0.0009311441596503632,0.05569177525753004,0.055482998614134124,0.05589893147711382,0.0022510653220650587,0.0022327015780827025,0.0022914990850991497,-5.70604313795127,-0.29907402115344967,9.689999299999727
highdim_smooth,Smooth,200,cuda,NVIDIA GeForce RTX 4070 Ti SUPER,2,1,10000,7500,2500,"128,64,32",tanh,1000,2,True,20700,20701,0.05,375,500,3,1875,0.024244710117301404,0.04812424522032892,0.049374165135989745,0.002041791898821598,0.0918481464543152,0.0009311441596503632,0.04691236841905734,0.046499081455811324,0.0476505719256355,0.002090310147019842,0.002058423398528703,0.002108490001892889,-5.247649606904822,2.3211028405242247,16.4415254000005
highdim_smooth,Smooth,200,cuda,NVIDIA GeForce RTX 4070 Ti SUPER,2,1,10000,7500,2500,"128,64,32",tanh,1000,2,True,20700,20701,0.05,375,500,4,2375,0.024244710117301404,0.042551840730872446,0.0439220100907635,0.0021272631966911433,0.0918481464543152,0.0009311441596503632,0.041172170391115946,0.0409185331513339,0.04170544256568685,0.0019288220259096383,0.0019194191543846625,0.001956348675730485,-6.67887962554655,-10.28820534584675,25.257823500000086
highdim_smooth,Smooth,200,cuda,NVIDIA GeForce RTX 4070 Ti SUPER,2,1,10000,7500,2500,"128,64,32",tanh,1000,2,True,20700,20701,0.05,375,500,5,2875,0.024244710117301404,0.03789425799896945,0.03950212150670195,0.0017607517875088455,0.0918481464543152,0.0009311441596503632,0.03724767847040948,0.03678033287672949,0.038182920726952174,0.0018187420412744857,0.0017982556644198266,0.0018504621266689373,-6.052573284757757,3.1884815135742635,36.17311359999985
highdim_smooth,Smooth,200,cuda,NVIDIA GeForce RTX 4070 Ti SUPER,2,1,10000,7500,2500,"128,64,32",tanh,1000,2,True,20700,20701,0.1,750,500,0,750,0.024244710117301404,0.07707328337804864,0.07698459053436624,0.002525464523368825,0.08626809621824089,0.0015491354629005455,0.07568376473836799,0.07449902515188224,0.07698597870169784,0.002517710021469551,0.002456140382433895,0.0025290111091677637,-1.7187646524919624,-0.30799821397811844,2.3056022999999186
highdim_smooth,Smooth,200,cuda,NVIDIA GeForce RTX 4070 Ti SUPER,2,1,10000,7500,2500,"128,64,32",tanh,1000,2,True,20700,20701,0.1,750,500,1,1250,0.024244710117301404,0.06141563345441949,0.06228161749857603,0.0023399472908591425,0.08626809621824089,0.0015491354629005455,0.059697202211148714,0.058852898100696605,0.060291859884500414,0.002265835071507207,0.002251713028541949,0.0022744251249026855,-4.329206716063934,-3.270856748749889,6.912784799999827
highdim_smooth,Smooth,200,cuda,NVIDIA GeForce RTX 4070 Ti SUPER,2,1,10000,7500,2500,"128,64,32",tanh,1000,2,True,20700,20701,0.1,750,500,2,1750,0.024244710117301404,0.050124601961154966,0.051182347707814276,0.002051936398575916,0.08626809621824089,0.0015491354629005455,0.049600368638896705,0.04861119822149046,0.050208215865381704,0.0020784673449358105,0.0020649745062620924,0.002113856800459486,-3.189450224523088,1.2764668362260825,13.299878900000294
highdim_smooth,Smooth,200,cuda,NVIDIA GeForce RTX 4070 Ti SUPER,2,1,10000,7500,2500,"128,64,32",tanh,1000,2,True,20700,20701,0.1,750,500,3,2250,0.024244710117301404,0.04279200656868966,0.044083390511751704,0.0020420661783811358,0.08626809621824089,0.0015491354629005455,0.043368888261121535,0.04275107126751446,0.043772630570268645,0.0020281040133601678,0.0019789292498640634,0.002055792266145253,-1.6474995769506289,-0.6884343667283335,21.483054999999695
highdim_smooth,Smooth,200,cuda,NVIDIA GeForce RTX 4070 Ti SUPER,2,1,10000,7500,2500,"128,64,32",tanh,1000,2,True,20700,20701,0.1,750,500,4,2750,0.024244710117301404,0.03892579076087612,0.04037860402854568,0.001934459011055237,0.08626809621824089,0.0015491354629005455,0.03829602831965678,0.03746182698104298,0.03881000638559381,0.001892555608152832,0.0018771551392437334,0.001918370852612715,-5.438098414555276,-2.2141173935334613,31.80975370000033
highdim_smooth,Smooth,200,cuda,NVIDIA GeForce RTX 4070 Ti SUPER,2,1,10000,7500,2500,"128,64,32",tanh,1000,2,True,20700,20701,0.1,750,500,5,3250,0.024244710117301404,0.035612443311269906,0.03736175804413655,0.0018507259895228874,0.08626809621824089,0.0015491354629005455,0.03554244283158804,0.035393142091095606,0.03597801620004647,0.0018210651425693454,0.0017894556249164226,0.0018424547888465275,-5.118711792459036,-1.6287636427817946,44.48322310000003
highdim_strong,Strong nonlinear,200,cuda,NVIDIA GeForce RTX 4070 Ti SUPER,0,0,10000,7500,2500,"128,64,32",tanh,1000,2,True,20700,20701,0.05,375,500,0,375,0.011887201985223597,0.12146466266023813,0.12184514670367778,0.005180977445679842,0.11348625213688185,0.001381390243475184,0.12219349387204745,0.12044760725012084,0.12435188890131221,0.005380502641778743,0.005045872020157952,0.0055891859600991165,0.28507832727528787,3.708300309149923,1.4814970999996149
highdim_strong,Strong nonlinear,200,cuda,NVIDIA GeForce RTX 4070 Ti SUPER,0,0,10000,7500,2500,"128,64,32",tanh,1000,2,True,20700,20701,0.05,375,500,1,875,0.011887201985223597,0.11028569223264476,0.11078397979351666,0.0054913249709005185,0.11348625213688185,0.001381390243475184,0.10731231278605768,0.1065146984430319,0.1078659560464478,0.0051498661568063694,0.005042544982577529,0.005288179343846374,-3.2351059420182624,-6.630440553156062,4.734001200000421
highdim_strong,Strong nonlinear,200,cuda,NVIDIA GeForce RTX 4070 Ti SUPER,0,0,10000,7500,2500,"128,64,32",tanh,1000,2,True,20700,20701,0.05,375,500,2,1375,0.011887201985223597,0.10096303925121823,0.10164799119685805,0.0049098336136991355,0.11348625213688185,0.001381390243475184,0.09891795426547301,0.0981789060116102,0.0994947483729251,0.005132490891914413,0.005106872881227467,0.0053016369664441836,-2.7599003150209245,4.338191394865321,9.826865400000315
highdim_strong,Strong nonlinear,200,cuda,NVIDIA GeForce RTX 4070 Ti SUPER,0,0,10000,7500,2500,"128,64,32",tanh,1000,2,True,20700,20701,0.05,375,500,3,1875,0.011887201985223597,0.09679160467982871,0.09733884427172343,0.004905957307499924,0.11348625213688185,0.001381390243475184,0.09263534365560652,0.0923356584362298,0.09382222223359923,0.005178559742032039,0.005043606197453063,0.005235960553115305,-5.077436354749508,5.264058891114534,16.932921700000406
highdim_strong,Strong nonlinear,200,cuda,NVIDIA GeForce RTX 4070 Ti SUPER,0,0,10000,7500,2500,"128,64,32",tanh,1000,2,True,20700,20701,0.05,375,500,4,2375,0.011887201985223597,0.09297634329097763,0.09303815579035879,0.005153923575260366,0.11348625213688185,0.001381390243475184,0.08983230934474637,0.08836192867277481,0.09076904439754802,0.004929572675649752,0.004654908090115272,0.005219825627994111,-3.5687009150677107,-4.551122670709836,26.14750120000008
highdim_strong,Strong nonlinear,200,cuda,NVIDIA GeForce RTX 4070 Ti SUPER,0,0,10000,7500,2500,"128,64,32",tanh,1000,2,True,20700,20701,0.05,375,500,5,2875,0.011887201985223597,0.08977399733531544,0.08970896308964206,0.005183975071669663,0.11348625213688185,0.001381390243475184,0.0854409148787886,0.08486439576683702,0.08614213396413314,0.004796127930631697,0.004738543742501872,0.004914854277748397,-4.995321289464602,-8.08667213734814,37.500920499999665
highdim_strong,Strong nonlinear,200,cuda,NVIDIA GeForce RTX 4070 Ti SUPER,0,0,10000,7500,2500,"128,64,32",tanh,1000,2,True,20700,20701,0.1,750,500,0,750,0.011887201985223597,0.11119208451043597,0.11120129407189143,0.005284692944858397,0.11360241508327092,0.0026647976323703323,0.11121095964860374,0.10941518684600875,0.1123973729507734,0.005203988728449018,0.005129420702483494,0.005255168732370333,0.008691208800687824,-1.5508145889745617,2.340135299999929
highdim_strong,Strong nonlinear,200,cuda,NVIDIA GeForce RTX 4070 Ti SUPER,0,0,10000,7500,2500,"128,64,32",tanh,1000,2,True,20700,20701,0.1,750,500,1,1250,0.011887201985223597,0.102108958984255,0.10233346656039305,0.004791737257173067,0.11360241508327092,0.0026647976323703323,0.10239461121540994,0.10214497683297499,0.10253480633337408,0.005255070248305755,0.005073227994064452,0.005301450610798253,0.059714719643063637,8.816875307843276,6.99577170000066
highdim_strong,Strong nonlinear,200,cuda,NVIDIA GeForce RTX 4070 Ti SUPER,0,0,10000,7500,2500,"128,64,32",tanh,1000,2,True,20700,20701,0.1,750,500,2,1750,0.011887201985223597,0.09550796146644532,0.09612080830280577,0.004697545187056384,0.11360241508327092,0.0026647976323703323,0.09484791001394552,0.09401598150673884,0.09551111286608954,0.005041979794524571,0.004897938669786293,0.005159715517888979,-1.342041473210211,6.831336528603944,13.501195100000587
highdim_strong,Strong nonlinear,200,cuda,NVIDIA GeForce RTX 4070 Ti SUPER,0,0,10000,7500,2500,"128,64,32",tanh,1000,2,True,20700,20701,0.1,750,500,3,2250,0.011887201985223597,0.09196159182409049,0.09232307546082748,0.0046747876208055195,0.11360241508327092,0.0026647976323703323,0.08973264494610522,0.08923717586414462,0.09115377472690457,0.005057999132268597,0.004952998185163988,0.005193135669769415,-2.886831783770675,7.576345931305064,21.915984400000525
highdim_strong,Strong nonlinear,200,cuda,NVIDIA GeForce RTX 4070 Ti SUPER,0,0,10000,7500,2500,"128,64,32",tanh,1000,2,True,20700,20701,0.1,750,500,4,2750,0.011887201985223597,0.0886723907935434,0.08891767899000344,0.004806232871082309,0.11360241508327092,0.0026647976323703323,0.08695174600487758,0.08684066296377627,0.08766564552722905,0.004902333724685333,0.0046667802327044336,0.00495516579729925,-2.260947106243939,1.96030827357009,32.59403620000012
highdim_strong,Strong nonlinear,200,cuda,NVIDIA GeForce RTX 4070 Ti SUPER,0,0,10000,7500,2500,"128,64,32",tanh,1000,2,True,20700,20701,0.1,750,500,5,3250,0.011887201985223597,0.08617501383738248,0.08620957540246682,0.005271816672020093,0.11360241508327092,0.0026647976323703323,0.08462719709352609,0.08428391272623771,0.084774413653559,0.004936722519468851,0.004879757990524345,0.005076068844800394,-1.8698224250437572,-6.7877858483991735,45.65428830000019
highdim_strong,Strong nonlinear,200,cuda,NVIDIA GeForce RTX 4070 Ti SUPER,0,1,10000,7500,2500,"128,64,32",tanh,1000,2,True,20700,20701,0.05,375,500,0,375,0.01141114012420528,0.12001283480605116,0.11928554941335938,0.0051219217789316256,0.1765408380747999,0.0023143591244583948,0.12044315423731644,0.11930001601255404,0.12174476048981726,0.005125677218723171,0.004959924214188772,0.005176042886851263,0.9611213117817913,0.07326719243707944,1.4127232000000731
highdim_strong,Strong nonlinear,200,cuda,NVIDIA GeForce RTX 4070 Ti SUPER,0,1,10000,7500,2500,"128,64,32",tanh,1000,2,True,20700,20701,0.05,375,500,1,875,0.01141114012420528,0.108295533254972,0.10743810831463711,0.004874920201313449,0.1765408380747999,0.0023143591244583948,0.10519185848983853,0.10482795175056114,0.10627257569940385,0.00505889119930076,0.005038021582349444,0.005196981249915046,-2.1353837236515494,3.636587361529729,4.710107300000345
highdim_strong,Strong nonlinear,200,cuda,NVIDIA GeForce RTX 4070 Ti SUPER,0,1,10000,7500,2500,"128,64,32",tanh,1000,2,True,20700,20701,0.05,375,500,2,1375,0.01141114012420528,0.10023563136303701,0.09913105814419725,0.005107735798023391,0.1765408380747999,0.0023143591244583948,0.09648668199014096,0.09572435690823146,0.09730881641882104,0.00503986006403682,0.0048617307640577735,0.005061554001471894,-2.740664410375816,-1.3467781470940985,9.820459200000187
highdim_strong,Strong nonlinear,200,cuda,NVIDIA GeForce RTX 4070 Ti SUPER,0,1,10000,7500,2500,"128,64,32",tanh,1000,2,True,20700,20701,0.05,375,500,3,1875,0.01141114012420528,0.09652476058867755,0.09512319743239298,0.005192301197671742,0.1765408380747999,0.0023143591244583948,0.09123942342315283,0.09006628117148609,0.09202416344302328,0.004795207375955096,0.004690322550138071,0.004903195893070481,-4.256684077482454,-8.281056283567997,16.757050500000332
highdim_strong,Strong nonlinear,200,cuda,NVIDIA GeForce RTX 4070 Ti SUPER,0,1,10000,7500,2500,"128,64,32",tanh,1000,2,True,20700,20701,0.05,375,500,4,2375,0.01141114012420528,0.09243506120216453,0.09060129682556818,0.004750093010065465,0.1765408380747999,0.0023143591244583948,0.0871730029859975,0.08650803676566292,0.08788842282855037,0.004829193578048653,0.004675939411721864,0.004916821752003268,-3.9327472062897253,1.6379663955229178,25.82442390000051
highdim_strong,Strong nonlinear,200,cuda,NVIDIA GeForce RTX 4070 Ti SUPER,0,1,10000,7500,2500,"128,64,32",tanh,1000,2,True,20700,20701,0.05,375,500,5,2875,0.01141114012420528,0.0889267243955137,0.08711442783706684,0.004723759627895008,0.1765408380747999,0.0023143591244583948,0.08547439333985685,0.08503795468158745,0.08567194953352225,0.004975717558440696,0.00476773322844436,0.0051679943526724914,-1.9187436530716424,5.06375065679265,37.08919330000026
highdim_strong,Strong nonlinear,200,cuda,NVIDIA GeForce RTX 4070 Ti SUPER,0,1,10000,7500,2500,"128,64,32",tanh,1000,2,True,20700,20701,0.1,750,500,0,750,0.01141114012420528,0.10833353339480009,0.10745267878784057,0.005325532144397346,0.12202618434010369,0.0027202542523144958,0.10872484247396927,0.10816635593316637,0.11125583568509867,0.005165709079680331,0.005088358453194131,0.005200046680849695,1.1700763663403622,-3.093923065580475,2.331088500000078
highdim_strong,Strong nonlinear,200,cuda,NVIDIA GeForce RTX 4070 Ti SUPER,0,1,10000,7500,2500,"128,64,32",tanh,1000,2,True,20700,20701,0.1,750,500,1,1250,0.01141114012420528,0.10221169951977883,0.10161273149653491,0.005229301411815178,0.12202618434010369,0.0027202542523144958,0.09875838815181578,0.09777348594692041,0.09910819869215723,0.0050627573327182845,0.004869486415649465,0.005155752783964334,-2.890228767536485,-3.289592373321849,6.995061599999644
highdim_strong,Strong nonlinear,200,cuda,NVIDIA GeForce RTX 4070 Ti SUPER,0,1,10000,7500,2500,"128,64,32",tanh,1000,2,True,20700,20701,0.1,750,500,2,1750,0.01141114012420528,0.09507712940409643,0.09420976010100121,0.005278903337355527,0.12202618434010369,0.0027202542523144958,0.09223752548125644,0.0914247913486301,0.0926388614314324,0.004761839759981788,0.004665255041620801,0.004927218574386483,-2.138212847162243,-10.858483347531134,13.5230332000001
highdim_strong,Strong nonlinear,200,cuda,NVIDIA GeForce RTX 4070 Ti SUPER,0,1,10000,7500,2500,"128,64,32",tanh,1000,2,True,20700,20701,0.1,750,500,3,2250,0.01141114012420528,0.0920088381076228,0.09079183313626052,0.004879338529039807,0.12202618434010369,0.0027202542523144958,0.08740893518966816,0.08654790600185949,0.08807060357061185,0.004806745375990977,0.004680593745619616,0.004921794699945691,-3.8701969532655034,-1.5102350420187118,21.937372600000344
highdim_strong,Strong nonlinear,200,cuda,NVIDIA GeForce RTX 4070 Ti SUPER,0,1,10000,7500,2500,"128,64,32",tanh,1000,2,True,20700,20701,0.1,750,500,4,2750,0.01141114012420528,0.08941679498561919,0.08780715685402203,0.0044859628317518545,0.12202618434010369,0.0027202542523144958,0.08462970402678094,0.08392133810905035,0.08500713120188785,0.004863082803996479,0.004707579610670313,0.0049771305000659545,-3.7545361451761576,7.754751202975767,32.60102000000006
highdim_strong,Strong nonlinear,200,cuda,NVIDIA GeForce RTX 4070 Ti SUPER,0,1,10000,7500,2500,"128,64,32",tanh,1000,2,True,20700,20701,0.1,750,500,5,3250,0.01141114012420528,0.08590750046181593,0.08445383192858757,0.004795603606729981,0.12202618434010369,0.0027202542523144958,0.08244150415709076,0.08211639410733043,0.08410394168886356,0.004581652124001714,0.0044228948801816725,0.0047520127282059755,-2.4409158858411484,-4.669745256464336,45.64431640000021
highdim_strong,Strong nonlinear,200,cuda,NVIDIA GeForce RTX 4070 Ti SUPER,1,0,10000,7500,2500,"128,64,32",tanh,1000,2,True,20700,20701,0.05,375,500,0,375,0.010749863260294316,0.11362784286794042,0.11663202783784159,0.003545339136592301,0.1235911304635545,0.0013722806560034695,0.11693240665609848,0.11605402032318532,0.1175368537266143,0.003489158426894428,0.00342571216511159,0.0036129977308566328,0.2568824390490134,-1.610150724737301,1.4161716999997225
highdim_strong,Strong nonlinear,200,cuda,NVIDIA GeForce RTX 4070 Ti SUPER,1,0,10000,7500,2500,"128,64,32",tanh,1000,2,True,20700,20701,0.05,375,500,1,875,0.010749863260294316,0.09138626457810257,0.09402359706574921,0.0031525126788181017,0.1235911304635545,0.0013722806560034695,0.09087494782988836,0.09042650299807097,0.09145754783490462,0.0032935903830083463,0.003274655869240989,0.003303524827050445,-3.464815453599932,4.283401631182353,4.650714700000208
highdim_strong,Strong nonlinear,200,cuda,NVIDIA GeForce RTX 4070 Ti SUPER,1,0,10000,7500,2500,"128,64,32",tanh,1000,2,True,20700,20701,0.05,375,500,2,1375,0.010749863260294316,0.07742375123678089,0.08016035090743699,0.0030426335849700822,0.1235911304635545,0.0013722806560034695,0.07523598332275105,0.07451067925211853,0.07656134515033945,0.0030906605617319503,0.003047068005090567,0.0031391013742409803,-6.545229246969686,1.5539389008463165,9.705968799999937
highdim_strong,Strong nonlinear,200,cuda,NVIDIA GeForce RTX 4070 Ti SUPER,1,0,10000,7500,2500,"128,64,32",tanh,1000,2,True,20700,20701,0.05,375,500,3,1875,0.010749863260294316,0.06685245752918759,0.0696396460733052,0.003071507905201073,0.1235911304635545,0.0013722806560034695,0.06629456382257665,0.06481707686134373,0.06689075224071611,0.0029441321606823753,0.0028245541839213577,0.002964285470490869,-5.045786649537287,-4.326427536771155,16.498372000000018
highdim_strong,Strong nonlinear,200,cuda,NVIDIA GeForce RTX 4070 Ti SUPER,1,0,10000,7500,2500,"128,64,32",tanh,1000,2,True,20700,20701,0.05,375,500,4,2375,0.010749863260294316,0.06036238599966619,0.06294419950406287,0.0028627701204328613,0.1235911304635545,0.0013722806560034695,0.05836602221125045,0.057836042869182036,0.059153088627492856,0.002706629946385303,0.0026640228461846565,0.002792449947470344,-7.843908355176449,-5.768803905243241,25.250425299999733
highdim_strong,Strong nonlinear,200,cuda,NVIDIA GeForce RTX 4070 Ti SUPER,1,0,10000,7500,2500,"128,64,32",tanh,1000,2,True,20700,20701,0.05,375,500,5,2875,0.010749863260294316,0.055224410726164706,0.05759872850548247,0.002707679417804894,0.1235911304635545,0.0013722806560034695,0.05400274169533642,0.05343498521563811,0.05443237964091579,0.002576780767801594,0.0025657605123651146,0.0026860838745701864,-6.658896747193473,-5.079929640850966,36.13212139999996
highdim_strong,Strong nonlinear,200,cuda,NVIDIA GeForce RTX 4070 Ti SUPER,1,0,10000,7500,2500,"128,64,32",tanh,1000,2,True,20700,20701,0.1,750,500,0,750,0.010749863260294316,0.09668052515037305,0.09907785937882846,0.0033303820462483747,0.10894027948780537,0.0020987780865363323,0.09702067032312234,0.09592730765197857,0.09835073779351593,0.003403080119445681,0.0033822873879247196,0.003453993849567007,-2.1203616186682273,2.136243363237297,2.2812087000002066
highdim_strong,Strong nonlinear,200,cuda,NVIDIA GeForce RTX 4070 Ti SUPER,1,0,10000,7500,2500,"128,64,32",tanh,1000,2,True,20700,20701,0.1,750,500,1,1250,0.010749863260294316,0.07943417286279587,0.08169673437278015,0.003080878358495,0.10894027948780537,0.0020987780865363323,0.080092197061416,0.0794659123198312,0.08068155673220048,0.003115772345977064,0.003073489291136497,0.003186170140910073,-2.003362837123522,1.1199145382722606,6.837628700000096
highdim_strong,Strong nonlinear,200,cuda,NVIDIA GeForce RTX 4070 Ti SUPER,1,0,10000,7500,2500,"128,64,32",tanh,1000,2,True,20700,20701,0.1,750,500,2,1750,0.010749863260294316,0.06836776038382376,0.07071047142461036,0.003094912496577818,0.10894027948780537,0.0020987780865363323,0.06838621105621627,0.0680833619922332,0.06884707083924013,0.0029583327105900835,0.002948006382986769,0.0030405019944439175,-3.3987266328930703,-4.6167824700316284,13.192871400000513
highdim_strong,Strong nonlinear,200,cuda,NVIDIA GeForce RTX 4070 Ti SUPER,1,0,10000,7500,2500,"128,64,32",tanh,1000,2,True,20700,20701,0.1,750,500,3,2250,0.010749863260294316,0.060369556101546026,0.06279401378980214,0.002814266921062649,0.10894027948780537,0.0020987780865363323,0.06007124383232375,0.05965267280752699,0.06028240485246482,0.002762626007106184,0.00271632489274381,0.002842408198839446,-4.532567970589103,-1.8692690875866451,21.372639799999888
highdim_strong,Strong nonlinear,200,cuda,NVIDIA GeForce RTX 4070 Ti SUPER,1,0,10000,7500,2500,"128,64,32",tanh,1000,2,True,20700,20701,0.1,750,500,4,2750,0.010749863260294316,0.055865343340105754,0.05801241371174515,0.0026239555198612798,0.10894027948780537,0.0020987780865363323,0.054619233887043456,0.05410286836586035,0.05575748127512102,0.002658298220219708,0.0026251731565599757,0.002725629376972888,-6.2124266182843835,1.2919054791222655,31.672936100000697
highdim_strong,Strong nonlinear,200,cuda,NVIDIA GeForce RTX 4070 Ti SUPER,1,0,10000,7500,2500,"128,64,32",tanh,1000,2,True,20700,20701,0.1,750,500,5,3250,0.010749863260294316,0.051439592871914214,0.053526433793865874,0.0026797247858873796,0.10894027948780537,0.0020987780865363323,0.051081631481733974,0.049843468767292474,0.051499744693672134,0.002614325042468952,0.0025581890037103755,0.002641552775561564,-4.786069358427058,-2.5015918968004165,44.30351590000009
highdim_strong,Strong nonlinear,200,cuda,NVIDIA GeForce RTX 4070 Ti SUPER,1,1,10000,7500,2500,"128,64,32",tanh,1000,2,True,20700,20701,0.05,375,500,0,375,0.009791308562730788,0.11211499586653509,0.11010339012210607,0.0032994532054775325,0.13463794752518626,0.0017084613762700688,0.11263623256091804,0.11129696583974177,0.11313350214763568,0.0033653320377972753,0.003290842128092927,0.003389998441603704,2.2486924333536344,1.9575730293425282,1.394285100000161
highdim_strong,Strong nonlinear,200,cuda,NVIDIA GeForce RTX 4070 Ti SUPER,1,1,10000,7500,2500,"128,64,32",tanh,1000,2,True,20700,20701,0.05,375,500,1,875,0.009791308562730788,0.0905484478545655,0.08867436266892553,0.0031372308335358085,0.13463794752518626,0.0017084613762700688,0.0869748218683398,0.08619191977122999,0.08794718627770609,0.0031618065228038944,0.003139017060771802,0.00317605691887956,-1.9540606856987373,0.7772673340648371,4.6117447000005996
highdim_strong,Strong nonlinear,200,cuda,NVIDIA GeForce RTX 4070 Ti SUPER,1,1,10000,7500,2500,"128,64,32",tanh,1000,2,True,20700,20701,0.05,375,500,2,1375,0.009791308562730788,0.07708879690931678,0.07534791340278685,0.0030395401354721087,0.13463794752518626,0.0017084613762700688,0.07200099092930087,0.07121753239202863,0.0731006965952829,0.002944495148268054,0.0029394821884802715,0.002998265689120178,-4.648439459357415,-3.2278873768890306,9.60005850000016
highdim_strong,Strong nonlinear,200,cuda,NVIDIA GeForce RTX 4070 Ti SUPER,1,1,10000,7500,2500,"128,64,32",tanh,1000,2,True,20700,20701,0.05,375,500,3,1875,0.009791308562730788,0.06701798539328373,0.06559776990057639,0.002719819279707181,0.13463794752518626,0.0017084613762700688,0.06141763859703664,0.061213742605095815,0.061511416238648385,0.0027313119970899134,0.002687403643810054,0.0027704841792443894,-6.8060762331905105,0.42077643985664287,16.36709090000022
highdim_strong,Strong nonlinear,200,cuda,NVIDIA GeForce RTX 4070 Ti SUPER,1,1,10000,7500,2500,"128,64,32",tanh,1000,2,True,20700,20701,0.05,375,500,4,2375,0.009791308562730788,0.060352508659502174,0.05929092742305886,0.0025611512803519632,0.13463794752518626,0.0017084613762700688,0.055218761043859615,0.054490900146719354,0.05548385412801024,0.0025845617288172925,0.0025611073145627586,0.0026178504532562144,-7.37460656888837,0.9057802026667795,25.103814600000078
highdim_strong,Strong nonlinear,200,cuda,NVIDIA GeForce RTX 4070 Ti SUPER,1,1,10000,7500,2500,"128,64,32",tanh,1000,2,True,20700,20701,0.05,375,500,5,2875,0.009791308562730788,0.054927900822334695,0.05383740314536635,0.0026481198188308677,0.13463794752518626,0.0017084613762700688,0.05091063619121754,0.05052069021340859,0.05147257662784411,0.0025816901682377577,0.0025088221739419094,0.00262059940863368,-5.748832018433315,-2.5731070060376133,36.074535200000355
highdim_strong,Strong nonlinear,200,cuda,NVIDIA GeForce RTX 4070 Ti SUPER,1,1,10000,7500,2500,"128,64,32",tanh,1000,2,True,20700,20701,0.1,750,500,0,750,0.009791308562730788,0.09570582287813045,0.0940141121855227,0.0032563553111064117,0.1030064739527864,0.0018612281287184464,0.09230051141110455,0.09092538616483017,0.09365044484818491,0.0031629867138194758,0.003143494569016374,0.003236947265902481,-1.8565452652649,-2.951912408578802,2.3292968999994628
highdim_strong,Strong nonlinear,200,cuda,NVIDIA GeForce RTX 4070 Ti SUPER,1,1,10000,7500,2500,"128,64,32",tanh,1000,2,True,20700,20701,0.1,750,500,1,1250,0.009791308562730788,0.08170826054142964,0.08013713451257803,0.003076077462669452,0.1030064739527864,0.0018612281287184464,0.07688952891658724,0.07624462568021691,0.07727038249687873,0.003070804862957046,0.0030348086212757417,0.0031163470356471348,-4.223729344881185,-0.17170090408574312,6.872845099999722
highdim_strong,Strong nonlinear,200,cuda,NVIDIA GeForce RTX 4070 Ti SUPER,1,1,10000,7500,2500,"128,64,32",tanh,1000,2,True,20700,20701,0.1,750,500,2,1750,0.009791308562730788,0.06994263845700703,0.06864226657482507,0.0028599556181876807,0.1030064739527864,0.0018612281287184464,0.06536115761389333,0.06488294147111147,0.0659928298431842,0.002791873838853298,0.0027457536755860156,0.0028425754817420325,-5.019967639364914,-2.438569336010755,13.252759400000286
highdim_strong,Strong nonlinear,200,cuda,NVIDIA GeForce RTX 4070 Ti SUPER,1,1,10000,7500,2500,"128,64,32",tanh,1000,2,True,20700,20701,0.1,750,500,3,2250,0.009791308562730788,0.061771629355594396,0.06081159493164419,0.0028315184099297606,0.1030064739527864,0.0018612281287184464,0.05782412411093017,0.05749741962237098,0.05840661955710853,0.0027044498355896307,0.002660804107437292,0.0027596787888459237,-5.166478293701143,-4.698499956181515,21.460928599999534
highdim_strong,Strong nonlinear,200,cuda,NVIDIA GeForce RTX 4070 Ti SUPER,1,1,10000,7500,2500,"128,64,32",tanh,1000,2,True,20700,20701,0.1,750,500,4,2750,0.009791308562730788,0.05717361335050207,0.05612712070431815,0.0026512975651132526,0.1030064739527864,0.0018612281287184464,0.051683054762122455,0.05136656294026141,0.05257651258140426,0.002563465430187011,0.0025433713535726087,0.0025993658488072256,-8.598690543061062,-3.4263046379304587,31.822468999999728
highdim_strong,Strong nonlinear,200,cuda,NVIDIA GeForce RTX 4070 Ti SUPER,1,1,10000,7500,2500,"128,64,32",tanh,1000,2,True,20700,20701,0.1,750,500,5,3250,0.009791308562730788,0.05254210381309473,0.05180966247816986,0.0026549811501133933,0.1030064739527864,0.0018612281287184464,0.04923938174102454,0.04883769527887684,0.04958575605271193,0.0025351632375541066,0.002471119575500084,0.0025997512954467183,-5.219969557424093,-4.726240534904788,44.44822169999952
highdim_strong,Strong nonlinear,200,cuda,NVIDIA GeForce RTX 4070 Ti SUPER,2,0,10000,7500,2500,"128,64,32",tanh,1000,2,True,20700,20701,0.05,375,500,0,375,0.00982639662679079,0.10525577757254173,0.10208489730673237,0.0031806228994364426,0.11616415979518149,0.0013750185115446777,0.09949634570217107,0.09865802193988849,0.10008501541453349,0.003344621162386003,0.0032964806782666933,0.0033823426689713115,-2.601654951539406,4.903343457665814,1.467859800000042
highdim_strong,Strong nonlinear,200,cuda,NVIDIA GeForce RTX 4070 Ti SUPER,2,0,10000,7500,2500,"128,64,32",tanh,1000,2,True,20700,20701,0.05,375,500,1,875,0.00982639662679079,0.08547195132176369,0.08273252863435146,0.0032991327435296825,0.11616415979518149,0.0013750185115446777,0.07996200157131311,0.07898389102679387,0.0804146025196377,0.0032081332754086327,0.0031473048018880443,0.0032305093681992128,-3.4648045429021526,-2.836523931801393,4.696981799999776
highdim_strong,Strong nonlinear,200,cuda,NVIDIA GeForce RTX 4070 Ti SUPER,2,0,10000,7500,2500,"128,64,32",tanh,1000,2,True,20700,20701,0.05,375,500,2,1375,0.00982639662679079,0.07202526355642326,0.06955531427194413,0.0029219203905351252,0.11616415979518149,0.0013750185115446777,0.06817590170986748,0.0675252160551863,0.06862720233603549,0.003044869850550184,0.002965077690828472,0.0031054504192676085,-2.023313997293263,4.037921686302711,9.732159299999694
highdim_strong,Strong nonlinear,200,cuda,NVIDIA GeForce RTX 4070 Ti SUPER,2,0,10000,7500,2500,"128,64,32",tanh,1000,2,True,20700,20701,0.05,375,500,3,1875,0.00982639662679079,0.06272807220247892,0.060450952646476264,0.00281847119452148,0.11616415979518149,0.0013750185115446777,0.05880621947305731,0.058099098198538195,0.05967905991373533,0.0027867700512911016,0.00270182305738521,0.002881152049399911,-2.7968694266641423,-1.1375586304902099,16.48440479999954
highdim_strong,Strong nonlinear,200,cuda,NVIDIA GeForce RTX 4070 Ti SUPER,2,0,10000,7500,2500,"128,64,32",tanh,1000,2,True,20700,20701,0.05,375,500,4,2375,0.00982639662679079,0.058972175868366825,0.056576494641307054,0.0028622758689895284,0.11616415979518149,0.0013750185115446777,0.054019378340148035,0.053717540541285455,0.05488305270423078,0.0027875475294728298,0.00271187582342453,0.002849389322269404,-4.7337018302162335,-2.6807915820840185,25.261058000000048
highdim_strong,Strong nonlinear,200,cuda,NVIDIA GeForce RTX 4070 Ti SUPER,2,0,10000,7500,2500,"128,64,32",tanh,1000,2,True,20700,20701,0.05,375,500,5,2875,0.00982639662679079,0.05453287465313165,0.052036372398617345,0.0026967504129927025,0.11616415979518149,0.0013750185115446777,0.051025195071374506,0.050558069957831554,0.05145953179804359,0.0027770003576067914,0.002653249744961646,0.002822161021037717,-1.9817216295369278,2.8898067799763627,36.23010299999987
highdim_strong,Strong nonlinear,200,cuda,NVIDIA GeForce RTX 4070 Ti SUPER,2,0,10000,7500,2500,"128,64,32",tanh,1000,2,True,20700,20701,0.1,750,500,0,750,0.00982639662679079,0.08401294741568119,0.08051323240561996,0.003225762137459336,0.09220446624884968,0.0018146856361971023,0.08393772519956183,0.08296517312468477,0.08519168506979019,0.0032060934676888557,0.003162797213842999,0.0032621423127331744,4.079801764701324,-0.613477740705382,2.2611267000002044
highdim_strong,Strong nonlinear,200,cuda,NVIDIA GeForce RTX 4070 Ti SUPER,2,0,10000,7500,2500,"128,64,32",tanh,1000,2,True,20700,20701,0.1,750,500,1,1250,0.00982639662679079,0.07166297401464293,0.06878564576799971,0.002893984452750779,0.09220446624884968,0.0018146856361971023,0.06784512361114292,0.06684257939021122,0.06849580609614657,0.0029947455075179895,0.002942825007866117,0.0030366114607557034,-1.3862781977484948,3.364594905118328,6.881441999999879
highdim_strong,Strong nonlinear,200,cuda,NVIDIA GeForce RTX 4070 Ti SUPER,2,0,10000,7500,2500,"128,64,32",tanh,1000,2,True,20700,20701,0.1,750,500,2,1750,0.00982639662679079,0.06360870917567901,0.060901546359518895,0.0030823924043535626,0.09220446624884968,0.0018146856361971023,0.05955603476546882,0.058556330071825854,0.05993273331041875,0.0028774977877744617,0.0028436267796150575,0.0029078646654621208,-2.2592363634494594,-7.120582940137451,13.27637229999982
highdim_strong,Strong nonlinear,200,cuda,NVIDIA GeForce RTX 4070 Ti SUPER,2,0,10000,7500,2500,"128,64,32",tanh,1000,2,True,20700,20701,0.1,750,500,3,2250,0.00982639662679079,0.05853248744673035,0.05607022193023666,0.0026685749771543734,0.09220446624884968,0.0018146856361971023,0.054391611579382104,0.05389535205988693,0.05514190088854738,0.002794993411187003,0.0027395150107566773,0.0028633026922380844,-3.0861566740023902,4.523031558022202,21.514171599999827
highdim_strong,Strong nonlinear,200,cuda,NVIDIA GeForce RTX 4070 Ti SUPER,2,0,10000,7500,2500,"128,64,32",tanh,1000,2,True,20700,20701,0.1,750,500,4,2750,0.00982639662679079,0.05508316779676256,0.05239415996571721,0.002702766643769768,0.09220446624884968,0.0018146856361971023,0.0509254537114257,0.05043624050710317,0.051232705899540765,0.00272138830875,0.002637997290098548,0.002783183649175087,-2.8840317508295286,0.6842707790122463,31.926211899999544
highdim_strong,Strong nonlinear,200,cuda,NVIDIA GeForce RTX 4070 Ti SUPER,2,0,10000,7500,2500,"128,64,32",tanh,1000,2,True,20700,20701,0.1,750,500,5,3250,0.00982639662679079,0.05202538529558856,0.04937114828708279,0.002679539219762074,0.09220446624884968,0.0018146856361971023,0.04827028340063791,0.04797783676971034,0.048431989247675486,0.0026977078913553994,0.0026378937011030568,0.002732519061309607,-2.2806265239999286,0.6734855041772914,44.64076289999957
highdim_strong,Strong nonlinear,200,cuda,NVIDIA GeForce RTX 4070 Ti SUPER,2,1,10000,7500,2500,"128,64,32",tanh,1000,2,True,20700,20701,0.05,375,500,0,375,0.010342644717904572,0.10046908338017188,0.09751800465240719,0.003338796853918448,0.10900189194671024,0.0012017497926187066,0.10016512245022388,0.099572715595755,0.10204057393356342,0.003308220178525915,0.0032529121961142235,0.0034132859847780333,2.642754017629392,-0.9242636143449549,1.4314011000005848
highdim_strong,Strong nonlinear,200,cuda,NVIDIA GeForce RTX 4070 Ti SUPER,2,1,10000,7500,2500,"128,64,32",tanh,1000,2,True,20700,20701,0.05,375,500,1,875,0.010342644717904572,0.08303600494578621,0.0804607767519461,0.0030688956210996694,0.10900189194671024,0.0012017497926187066,0.07808784303762781,0.07770487754838865,0.07823711061379449,0.0030868971275096646,0.003026178970732059,0.003182995001115312,-3.0388004355234384,0.5831586109420444,4.721334200000456
highdim_strong,Strong nonlinear,200,cuda,NVIDIA GeForce RTX 4070 Ti SUPER,2,1,10000,7500,2500,"128,64,32",tanh,1000,2,True,20700,20701,0.05,375,500,2,1375,0.010342644717904572,0.07069043242033526,0.06821004683201472,0.003120780005498202,0.10900189194671024,0.0012017497926187066,0.06580445746566883,0.06479814405785012,0.06767833449450664,0.0029709356960210013,0.0028488967530555754,0.0030282712967328613,-3.655663246826274,-5.043673940095311,9.789637600000788
highdim_strong,Strong nonlinear,200,cuda,NVIDIA GeForce RTX 4070 Ti SUPER,2,1,10000,7500,2500,"128,64,32",tanh,1000,2,True,20700,20701,0.05,375,500,3,1875,0.010342644717904572,0.06305414098733463,0.06061329452386275,0.002905886344056226,0.10900189194671024,0.0012017497926187066,0.059403921295702926,0.05824200164703684,0.06018750454518593,0.002851189983042338,0.0027553342298515565,0.002932016759217655,-2.0358474689570802,-1.9183695698707766,16.584140000000843
highdim_strong,Strong nonlinear,200,cuda,NVIDIA GeForce RTX 4070 Ti SUPER,2,1,10000,7500,2500,"128,64,32",tanh,1000,2,True,20700,20701,0.05,375,500,4,2375,0.010342644717904572,0.05826365980381255,0.05588212062141116,0.0029371496595457305,0.10900189194671024,0.0012017497926187066,0.05415424126319595,0.05352288106318685,0.05492599740532736,0.002722351208601457,0.0026680068788201643,0.0028349637004785036,-3.1906630356383596,-7.8901814823011485,25.36036850000073
highdim_strong,Strong nonlinear,200,cuda,NVIDIA GeForce RTX 4070 Ti SUPER,2,1,10000,7500,2500,"128,64,32",tanh,1000,2,True,20700,20701,0.05,375,500,5,2875,0.010342644717904572,0.0549337302624272,0.05225635105391235,0.002838517920614866,0.10900189194671024,0.0012017497926187066,0.051350778945499935,0.05087346602093854,0.05187690005516862,0.0026721349599720234,0.002594458757180269,0.0027711121460388052,-1.763502184404112,-6.2265927108930414,36.272567300000446
highdim_strong,Strong nonlinear,200,cuda,NVIDIA GeForce RTX 4070 Ti SUPER,2,1,10000,7500,2500,"128,64,32",tanh,1000,2,True,20700,20701,0.1,750,500,0,750,0.010342644717904572,0.08819839653901979,0.08590585550034091,0.00310638092426276,0.08213978124994475,0.0015047679377622584,0.08433163105056529,0.08267348191738239,0.08563591846140484,0.0032140640257021366,0.003169134940527769,0.0032819452973904236,-1.86670698783439,3.3503720080950345,2.2912435000007463
highdim_strong,Strong nonlinear,200,cuda,NVIDIA GeForce RTX 4070 Ti SUPER,2,1,10000,7500,2500,"128,64,32",tanh,1000,2,True,20700,20701,0.1,750,500,1,1250,0.010342644717904572,0.07498157051942,0.07297916942764264,0.0030155049715042265,0.08213978124994475,0.0015047679377622584,0.07156408943896403,0.07123260989342284,0.07181003637416897,0.0030818312223320097,0.0030548829217628796,0.0032076360748924315,-1.9773604328264556,2.1521701236317035,6.856207100000574
highdim_strong,Strong nonlinear,200,cuda,NVIDIA GeForce RTX 4070 Ti SUPER,2,1,10000,7500,2500,"128,64,32",tanh,1000,2,True,20700,20701,0.1,750,500,2,1750,0.010342644717904572,0.06525495910864332,0.06334899213658082,0.003020526801085493,0.08213978124994475,0.0015047679377622584,0.06210725326607218,0.06168894554869124,0.06262883600575155,0.0029308622701053858,0.0028470162886921986,0.0030172165763379067,-1.9993459784623546,-3.059322571882,13.234656200000245
highdim_strong,Strong nonlinear,200,cuda,NVIDIA GeForce RTX 4070 Ti SUPER,2,1,10000,7500,2500,"128,64,32",tanh,1000,2,True,20700,20701,0.1,750,500,3,2250,0.010342644717904572,0.05887909798095275,0.056863084239178546,0.0028364905537762225,0.08213978124994475,0.0015047679377622584,0.05723910995887405,0.05638750625386843,0.05752054391511993,0.002799467573981083,0.0027654646395892848,0.0028830497700167664,0.656938446397365,-1.3225007547592178,21.386093200000687
highdim_strong,Strong nonlinear,200,cuda,NVIDIA GeForce RTX 4070 Ti SUPER,2,1,10000,7500,2500,"128,64,32",tanh,1000,2,True,20700,20701,0.1,750,500,4,2750,0.010342644717904572,0.0550357101413067,0.05298308420122478,0.0026893607956775065,0.08213978124994475,0.0015047679377622584,0.052301660822616364,0.051774114797510186,0.05320428272855274,0.0028135338337194294,0.0027062837873713026,0.002845523932596558,-1.3028713962248666,4.413419044539048,31.743849200000113
highdim_strong,Strong nonlinear,200,cuda,NVIDIA GeForce RTX 4070 Ti SUPER,2,1,10000,7500,2500,"128,64,32",tanh,1000,2,True,20700,20701,0.1,750,500,5,3250,0.010342644717904572,0.05220652498513736,0.04988704682464372,0.002698091978160391,0.08213978124994475,0.0015047679377622584,0.05001059524793548,0.049570355373806226,0.05024804930546356,0.0027149991500106754,0.0026628044726311247,0.0027718130366372875,0.24704449662966996,0.6227321231469995,44.415187500000684
