case,case_label,p,device,cuda_name,data_seed,init_seed,n_original,n_train_pool,n_eval,hidden,activation,epochs,degree,include_special,n_fullpr_features,n_design_params,initial_fraction,initial_n,batch_size,iteration,selected_n,oracle_mse_vs_y,surrogate_mse_vs_y,dopt_mse_vs_nn,dopt_shape_vs_nn,pilot_mse_fullpr_vs_nn,pilot_shape_fullpr_vs_nn,random_mse_median,random_mse_q25,random_mse_q75,random_shape_median,random_shape_q25,random_shape_q75,mse_gain_vs_random_median_pct,shape_gain_vs_random_median_pct,elapsed_sec_path
highdim_poly2,Quadratic,10,cuda,NVIDIA GeForce RTX 4070 Ti SUPER,0,0,10000,7500,2500,"128,64,32",tanh,1000,2,True,85,86,0.05,375,500,0,375,0.00374050310380198,0.0029726211318348676,0.0014352507122123363,0.0020306252058985737,0.0011194585367565472,0.0010530626551179005,0.0014177926302692593,0.0013537489733682672,0.001483033923051279,0.0018281192053452508,0.0017382432841730388,0.0019737867681602368,-1.2313565164858764,-11.077286424277702,0.1754131999987294
highdim_poly2,Quadratic,10,cuda,NVIDIA GeForce RTX 4070 Ti SUPER,0,0,10000,7500,2500,"128,64,32",tanh,1000,2,True,85,86,0.05,375,500,1,875,0.00374050310380198,0.0026967872946276387,0.0011915500254892739,0.0016001762747728135,0.0011194585367565472,0.0010530626551179005,0.0012201084816870424,0.0012045426626776322,0.0012287369171120213,0.0017064912827059763,0.0016197164385850062,0.0017267127775339004,2.3406489362553047,6.230035219668956,0.3357575999980327
highdim_poly2,Quadratic,10,cuda,NVIDIA GeForce RTX 4070 Ti SUPER,0,0,10000,7500,2500,"128,64,32",tanh,1000,2,True,85,86,0.05,375,500,2,1375,0.00374050310380198,0.0026846462058147174,0.0011462942042981211,0.0015188143827009155,0.0011194585367565472,0.0010530626551179005,0.0011805140896034216,0.0011705795904287824,0.0011909411214616914,0.0015778924340235693,0.0015183390250152755,0.001675819055871888,2.8987273939946108,3.744111452008604,0.48096049999730894
highdim_poly2,Quadratic,10,cuda,NVIDIA GeForce RTX 4070 Ti SUPER,0,0,10000,7500,2500,"128,64,32",tanh,1000,2,True,85,86,0.05,375,500,3,1875,0.00374050310380198,0.002650465422455945,0.0011212345715658923,0.001447424152165109,0.0011194585367565472,0.0010530626551179005,0.0011625119337175774,0.0011585169229543645,0.001174598380461076,0.0015773150086624652,0.0015421839783991609,0.0016141946891552288,3.5507043802711697,8.234934416017595,0.6666561999991245
highdim_poly2,Quadratic,10,cuda,NVIDIA GeForce RTX 4070 Ti SUPER,0,0,10000,7500,2500,"128,64,32",tanh,1000,2,True,85,86,0.05,375,500,4,2375,0.00374050310380198,0.0026478950574816123,0.0011092402409703564,0.0014065963812180124,0.0011194585367565472,0.0010530626551179005,0.0011354131373286576,0.00113372982202387,0.001143363291409699,0.001510679202633355,0.0014816950146562197,0.0015599287950001557,2.305142991376647,6.889803025944197,0.8701678999968863
highdim_poly2,Quadratic,10,cuda,NVIDIA GeForce RTX 4070 Ti SUPER,0,0,10000,7500,2500,"128,64,32",tanh,1000,2,True,85,86,0.05,375,500,5,2875,0.00374050310380198,0.002643928960104733,0.0011047501205961015,0.0016161017531872613,0.0011194585367565472,0.0010530626551179005,0.001129659487458136,0.0011245385454400306,0.0011374402434280557,0.0015329088637084651,0.0014469402928141673,0.0015588442165173203,2.205033210324595,-5.427125607293643,1.0875621999985015
highdim_poly2,Quadratic,10,cuda,NVIDIA GeForce RTX 4070 Ti SUPER,0,0,10000,7500,2500,"128,64,32",tanh,1000,2,True,85,86,0.1,750,500,0,750,0.00374050310380198,0.002742303039584389,0.001302794488670805,0.0017570454196746633,0.0007087368929997472,0.0009079452769296575,0.001227645054195448,0.001200353333444359,0.001238588320650453,0.0016365803671216427,0.0015753297172557772,0.001683427704093245,-6.121430149417829,-7.36077830170297,0.15055389999906765
highdim_poly2,Quadratic,10,cuda,NVIDIA GeForce RTX 4070 Ti SUPER,0,0,10000,7500,2500,"128,64,32",tanh,1000,2,True,85,86,0.1,750,500,1,1250,0.00374050310380198,0.0026762217065643317,0.00114414231404239,0.0015225809322639897,0.0007087368929997472,0.0009079452769296575,0.0012213954288274086,0.0012057577495688785,0.0012309663207372666,0.00161770668807235,0.0015792236678208666,0.001691264292081605,6.324988039228605,5.880284510767003,0.320021599996835
highdim_poly2,Quadratic,10,cuda,NVIDIA GeForce RTX 4070 Ti SUPER,0,0,10000,7500,2500,"128,64,32",tanh,1000,2,True,85,86,0.1,750,500,2,1750,0.00374050310380198,0.002662631180759407,0.001129015486672441,0.0015928053403868507,0.0007087368929997472,0.0009079452769296575,0.0011744872529397135,0.001169953182477273,0.0011895159049104976,0.0016122780582974062,0.001493494383537017,0.001658493638074898,3.8716270571228266,1.2077766493404338,0.48249029999715276
highdim_poly2,Quadratic,10,cuda,NVIDIA GeForce RTX 4070 Ti SUPER,0,0,10000,7500,2500,"128,64,32",tanh,1000,2,True,85,86,0.1,750,500,3,2250,0.00374050310380198,0.0026429717693730423,0.0011159340190623418,0.001500907056711506,0.0007087368929997472,0.0009079452769296575,0.0011500356569258754,0.0011461735183795993,0.0011569327377278138,0.00152721562931976,0.0014493799297230858,0.0015620160890917453,2.9652678730579227,1.7226495134791286,0.679267899999104
highdim_poly2,Quadratic,10,cuda,NVIDIA GeForce RTX 4070 Ti SUPER,0,0,10000,7500,2500,"128,64,32",tanh,1000,2,True,85,86,0.1,750,500,4,2750,0.00374050310380198,0.002645181649654348,0.0011066573423496354,0.0015042175725789473,0.0007087368929997472,0.0009079452769296575,0.0011422869713490207,0.001135684378805097,0.001148683534198264,0.0014879010407067431,0.0014204990576162822,0.0015429783324763789,3.1191486809402456,-1.0966140506531243,0.8904736999975285
highdim_poly2,Quadratic,10,cuda,NVIDIA GeForce RTX 4070 Ti SUPER,0,0,10000,7500,2500,"128,64,32",tanh,1000,2,True,85,86,0.1,750,500,5,3250,0.00374050310380198,0.002640486812776448,0.001104257692488194,0.0016327288115518816,0.0007087368929997472,0.0009079452769296575,0.00113098386963249,0.0011249868252628632,0.0011366966715557953,0.0015084436828180243,0.0014544205599413343,0.0015812885240758796,2.363090921268462,-8.23929525175723,1.1303672999965784
highdim_poly2,Quadratic,10,cuda,NVIDIA GeForce RTX 4070 Ti SUPER,0,1,10000,7500,2500,"128,64,32",tanh,1000,2,True,85,86,0.05,375,500,0,375,0.0032451574138624762,0.002722723363899599,0.0007592559165756481,0.0009635843351498096,0.0005894188837140543,0.000717813608624831,0.000800811950257576,0.0007572929327828147,0.0008379566749356806,0.0011108312660567043,0.0010437014753099283,0.0011846159919968958,5.189237456878817,13.25556233482703,0.1487331999996968
highdim_poly2,Quadratic,10,cuda,NVIDIA GeForce RTX 4070 Ti SUPER,0,1,10000,7500,2500,"128,64,32",tanh,1000,2,True,85,86,0.05,375,500,1,875,0.0032451574138624762,0.0026668203872241146,0.0006220354850283223,0.0007964047338779256,0.0005894188837140543,0.000717813608624831,0.000663698854283656,0.0006587176951928657,0.0006774636663867833,0.0008800328028994507,0.0008444356717052387,0.0008851359222788774,6.277450832772924,9.50283543363328,0.3263671999993676
highdim_poly2,Quadratic,10,cuda,NVIDIA GeForce RTX 4070 Ti SUPER,0,1,10000,7500,2500,"128,64,32",tanh,1000,2,True,85,86,0.05,375,500,2,1375,0.0032451574138624762,0.0026500490607917495,0.0006068564605687432,0.000782085197445882,0.0005894188837140543,0.000717813608624831,0.0006456109461369913,0.0006356041982405165,0.0006517501274012536,0.0008326161256234786,0.0007780823098079188,0.0008548948226554745,6.002761539304011,6.068934605339062,0.4950003999983892
highdim_poly2,Quadratic,10,cuda,NVIDIA GeForce RTX 4070 Ti SUPER,0,1,10000,7500,2500,"128,64,32",tanh,1000,2,True,85,86,0.05,375,500,3,1875,0.0032451574138624762,0.002637495256538222,0.0005986221586381902,0.0008929269194310672,0.0005894188837140543,0.000717813608624831,0.000625735415685539,0.0006212479315894483,0.0006315551903483096,0.0008463490752117995,0.0008370012403532622,0.0008710172367161983,4.333022611105411,-5.503384547045391,0.6927290999992692
highdim_poly2,Quadratic,10,cuda,NVIDIA GeForce RTX 4070 Ti SUPER,0,1,10000,7500,2500,"128,64,32",tanh,1000,2,True,85,86,0.05,375,500,4,2375,0.0032451574138624762,0.002636535362672391,0.0005937242080596922,0.0008269590167829412,0.0005894188837140543,0.000717813608624831,0.0006150768315136157,0.0006089825938836221,0.0006241937010623008,0.0008311828915922078,0.0007995582902522893,0.0008769852119772285,3.471537596592236,0.5081763414518063,0.911789999998291
highdim_poly2,Quadratic,10,cuda,NVIDIA GeForce RTX 4070 Ti SUPER,0,1,10000,7500,2500,"128,64,32",tanh,1000,2,True,85,86,0.05,375,500,5,2875,0.0032451574138624762,0.002633124216184948,0.0005927529540226554,0.0007553109684009194,0.0005894188837140543,0.000717813608624831,0.0006058483610440785,0.0006012241951807958,0.000611356244596342,0.0008217516919284233,0.0007795864747585915,0.0008557588291956485,2.1614991247736324,8.085255458566321,1.1254267000003892
highdim_poly2,Quadratic,10,cuda,NVIDIA GeForce RTX 4070 Ti SUPER,0,1,10000,7500,2500,"128,64,32",tanh,1000,2,True,85,86,0.1,750,500,0,750,0.0032451574138624762,0.0027349767474740987,0.000704757371170164,0.0009512108069429198,0.0005864151220464854,0.0007876951205681242,0.0006743062695410858,0.0006685388244333781,0.0006859311559380268,0.000885357155289752,0.0008385268459361794,0.0009264981771995175,-4.515915542325063,-7.438088827735941,0.13917799999762792
highdim_poly2,Quadratic,10,cuda,NVIDIA GeForce RTX 4070 Ti SUPER,0,1,10000,7500,2500,"128,64,32",tanh,1000,2,True,85,86,0.1,750,500,1,1250,0.0032451574138624762,0.002656502528644625,0.0006113240917517897,0.0007878766927582591,0.0005864151220464854,0.0007876951205681242,0.0006551206324119138,0.0006481656183703579,0.0006654189200527865,0.0009098696002072795,0.0008350231046224585,0.0009670125739058896,6.68526352144968,13.407735286598088,0.3019684999999299
highdim_poly2,Quadratic,10,cuda,NVIDIA GeForce RTX 4070 Ti SUPER,0,1,10000,7500,2500,"128,64,32",tanh,1000,2,True,85,86,0.1,750,500,2,1750,0.0032451574138624762,0.0026488241644294424,0.0006037297692243858,0.0008278934727670309,0.0005864151220464854,0.0007876951205681242,0.0006262343515658331,0.0006185054888286747,0.0006328877939875164,0.0008405162645333611,0.0007919704922533277,0.000890301443746541,3.5936358785136875,1.5017903042409377,0.46927149999828544
highdim_poly2,Quadratic,10,cuda,NVIDIA GeForce RTX 4070 Ti SUPER,0,1,10000,7500,2500,"128,64,32",tanh,1000,2,True,85,86,0.1,750,500,3,2250,0.0032451574138624762,0.0026393418489377013,0.0005995295826578881,0.0007909866651185698,0.0005864151220464854,0.0007876951205681242,0.0006180169546450575,0.0006114760027688439,0.0006259848076978269,0.0008418312072015669,0.0007742914580158937,0.0008804461744525865,2.991402072098039,6.03975495895615,0.6424473999977636
highdim_poly2,Quadratic,10,cuda,NVIDIA GeForce RTX 4070 Ti SUPER,0,1,10000,7500,2500,"128,64,32",tanh,1000,2,True,85,86,0.1,750,500,4,2750,0.0032451574138624762,0.0026403027152479205,0.0005944006310729903,0.0007262365794327133,0.0005864151220464854,0.0007876951205681242,0.0006103306581678974,0.0006028817163435023,0.0006156108060580241,0.0008098558684713139,0.0007648693689581109,0.0008508448437112031,2.610065033063579,10.325206285958092,0.8685289999993984
highdim_poly2,Quadratic,10,cuda,NVIDIA GeForce RTX 4070 Ti SUPER,0,1,10000,7500,2500,"128,64,32",tanh,1000,2,True,85,86,0.1,750,500,5,3250,0.0032451574138624762,0.0026324845864269873,0.0005919801104417483,0.0007915410988662067,0.0005864151220464854,0.0007876951205681242,0.0006094165069365437,0.0006051670323788088,0.0006148286307292726,0.0008223029282074996,0.0007678475100576763,0.0008845085192708125,2.8611624884343736,3.7409363734541516,1.1344014999995125
highdim_poly2,Quadratic,10,cuda,NVIDIA GeForce RTX 4070 Ti SUPER,1,0,10000,7500,2500,"128,64,32",tanh,1000,2,True,85,86,0.05,375,500,0,375,0.006259438590831428,0.00540876474035082,0.0027521801022225324,0.003942520567607169,0.002595424989844613,0.003520643723700722,0.0024880409032692736,0.0023748083234599276,0.0026338820193474405,0.0033877476173463173,0.003066401698107134,0.0035308192864759937,-10.616352753935082,-16.375864229679998,0.15148209999824758
highdim_poly2,Quadratic,10,cuda,NVIDIA GeForce RTX 4070 Ti SUPER,1,0,10000,7500,2500,"128,64,32",tanh,1000,2,True,85,86,0.05,375,500,1,875,0.006259438590831428,0.004611097132366777,0.00203434219349463,0.0025783755102322557,0.002595424989844613,0.003520643723700722,0.0021425682955491746,0.002067722103818751,0.002203872164564947,0.0028006751364058266,0.002749341124937084,0.0029098363645678827,5.051232312144559,7.937358506308352,0.291648599999462
highdim_poly2,Quadratic,10,cuda,NVIDIA GeForce RTX 4070 Ti SUPER,1,0,10000,7500,2500,"128,64,32",tanh,1000,2,True,85,86,0.05,375,500,2,1375,0.006259438590831428,0.004542462397069751,0.001968782441350958,0.0024455558386189853,0.002595424989844613,0.003520643723700722,0.001989076658559001,0.0019746366119630927,0.0020421691914095917,0.0027069402051868065,0.0026252124021715565,0.002801968506100349,1.0202833118933277,9.65608202453009,0.4388322999984666
highdim_poly2,Quadratic,10,cuda,NVIDIA GeForce RTX 4070 Ti SUPER,1,0,10000,7500,2500,"128,64,32",tanh,1000,2,True,85,86,0.05,375,500,3,1875,0.006259438590831428,0.004515651326599631,0.0019378704420707094,0.0023762884039566076,0.002595424989844613,0.003520643723700722,0.001973704304862082,0.0019642246698178918,0.002004979449098338,0.0026427642464862703,0.002591868640872897,0.0027506664591821026,1.8155638969372616,10.08322414244706,0.5899807999994664
highdim_poly2,Quadratic,10,cuda,NVIDIA GeForce RTX 4070 Ti SUPER,1,0,10000,7500,2500,"128,64,32",tanh,1000,2,True,85,86,0.05,375,500,4,2375,0.006259438590831428,0.004492909204129627,0.0019208529579493963,0.0024517254981913953,0.002595424989844613,0.003520643723700722,0.001966743934399147,0.001957147746882159,0.0019774043246276007,0.0025863238310621928,0.0025260919096209795,0.0026627194165193702,2.3333478063462656,5.204233563262588,0.8022703999995429
highdim_poly2,Quadratic,10,cuda,NVIDIA GeForce RTX 4070 Ti SUPER,1,0,10000,7500,2500,"128,64,32",tanh,1000,2,True,85,86,0.05,375,500,5,2875,0.006259438590831428,0.004485245395939625,0.001920186667479238,0.002300299812415258,0.002595424989844613,0.003520643723700722,0.0019365101373949882,0.0019256137441903676,0.0019449775652815805,0.002566986883660254,0.0025393933597343396,0.0027025227534922033,0.8429323245221233,10.389109229289417,1.0124924999981886
highdim_poly2,Quadratic,10,cuda,NVIDIA GeForce RTX 4070 Ti SUPER,1,0,10000,7500,2500,"128,64,32",tanh,1000,2,True,85,86,0.1,750,500,0,750,0.006259438590831428,0.004709064908183361,0.0022222636068162066,0.0028199044866013007,0.0021543636112295204,0.0027189278974389768,0.002158716005284797,0.002132812709208363,0.0022228403981358704,0.0028065505993085387,0.002730886131883858,0.002998579265329717,-2.9437684890387295,-0.47581138555107905,0.14034320000064326
highdim_poly2,Quadratic,10,cuda,NVIDIA GeForce RTX 4070 Ti SUPER,1,0,10000,7500,2500,"128,64,32",tanh,1000,2,True,85,86,0.1,750,500,1,1250,0.006259438590831428,0.004543302491330651,0.002006293155992573,0.0025405720314701456,0.0021543636112295204,0.0027189278974389768,0.0020413121471899564,0.0020341135812160104,0.0020714728401373906,0.0026655617899000793,0.002540847895651838,0.0027150097126972974,1.7155137809565242,4.689058753150084,0.29497600000104285
highdim_poly2,Quadratic,10,cuda,NVIDIA GeForce RTX 4070 Ti SUPER,1,0,10000,7500,2500,"128,64,32",tanh,1000,2,True,85,86,0.1,750,500,2,1750,0.006259438590831428,0.004506942398733723,0.0019689696981387175,0.0026474022569502416,0.0021543636112295204,0.0027189278974389768,0.001986136481937407,0.0019621708596724496,0.0020053032937541195,0.0025779805222439747,0.002490918913963953,0.0026952480793406676,0.8643305208282496,-2.6928727392338647,0.44890940000186674
highdim_poly2,Quadratic,10,cuda,NVIDIA GeForce RTX 4070 Ti SUPER,1,0,10000,7500,2500,"128,64,32",tanh,1000,2,True,85,86,0.1,750,500,3,2250,0.006259438590831428,0.004491843749632546,0.0019297338380076649,0.0025633238102431228,0.0021543636112295204,0.0027189278974389768,0.001958150622481793,0.0019466202283547963,0.001975700532476062,0.0025454260391358525,0.002522663176204673,0.0026423109183547244,1.4512052417148789,-0.7031345964130388,0.6247763999999734
highdim_poly2,Quadratic,10,cuda,NVIDIA GeForce RTX 4070 Ti SUPER,1,0,10000,7500,2500,"128,64,32",tanh,1000,2,True,85,86,0.1,750,500,4,2750,0.006259438590831428,0.004470062868171625,0.0019241559300103787,0.002418504703832644,0.0021543636112295204,0.0027189278974389768,0.0019735970632404334,0.00195653323261311,0.0019848812764850505,0.0025545540025061187,0.0024961007322424384,0.0026030049110302915,2.505128029977796,5.325755436761357,0.8472457000025315
highdim_poly2,Quadratic,10,cuda,NVIDIA GeForce RTX 4070 Ti SUPER,1,0,10000,7500,2500,"128,64,32",tanh,1000,2,True,85,86,0.1,750,500,5,3250,0.006259438590831428,0.004463455940628073,0.001919740876443119,0.002685041454587338,0.0021543636112295204,0.0027189278974389768,0.0019448117206900882,0.0019142239600511315,0.001955756179341461,0.0027153600638306977,0.0025348850339768415,0.002805322105106747,1.2891142098872825,1.1165594444439106,1.081703899999411
highdim_poly2,Quadratic,10,cuda,NVIDIA GeForce RTX 4070 Ti SUPER,1,1,10000,7500,2500,"128,64,32",tanh,1000,2,True,85,86,0.05,375,500,0,375,0.0056856283149976485,0.004693642796839735,0.0017756059116496188,0.002372138379722138,0.0027493154539393262,0.0032333162815607,0.0018216805761122959,0.001793192040902369,0.0019206695050574345,0.002375754549982975,0.0022074134336277037,0.00253388775940229,2.529239487254478,0.1522114420811155,0.14491419999831123
highdim_poly2,Quadratic,10,cuda,NVIDIA GeForce RTX 4070 Ti SUPER,1,1,10000,7500,2500,"128,64,32",tanh,1000,2,True,85,86,0.05,375,500,1,875,0.0056856283149976485,0.004534571124380144,0.0014436784476405996,0.0019780034054808675,0.0027493154539393262,0.0032333162815607,0.0015185044530542768,0.0014909458564145066,0.0015248027720809066,0.0020461130635474082,0.0018979508192516381,0.0020580076600247386,4.927611852778848,3.328733845648634,0.28853439999875263
highdim_poly2,Quadratic,10,cuda,NVIDIA GeForce RTX 4070 Ti SUPER,1,1,10000,7500,2500,"128,64,32",tanh,1000,2,True,85,86,0.05,375,500,2,1375,0.0056856283149976485,0.004514081661323377,0.0014098625391441538,0.001753862331785607,0.0027493154539393262,0.0032333162815607,0.001453144612564577,0.0014321667029821002,0.0014652270384689786,0.001910199131660462,0.0018747325063141512,0.001990399355889458,2.9785110887234354,8.184319492332595,0.450381999999081
highdim_poly2,Quadratic,10,cuda,NVIDIA GeForce RTX 4070 Ti SUPER,1,1,10000,7500,2500,"128,64,32",tanh,1000,2,True,85,86,0.05,375,500,3,1875,0.0056856283149976485,0.004497159911184881,0.0013758004156022856,0.0018149622030311926,0.0027493154539393262,0.0032333162815607,0.0014140746553083765,0.0013995286592948797,0.0014252805896420564,0.0019303583378800112,0.0018952557801304973,0.001990948178637011,2.7066632983209953,5.9779644320106256,0.6240145999981905
highdim_poly2,Quadratic,10,cuda,NVIDIA GeForce RTX 4070 Ti SUPER,1,1,10000,7500,2500,"128,64,32",tanh,1000,2,True,85,86,0.05,375,500,4,2375,0.0056856283149976485,0.00448585744623969,0.001359989144263454,0.0018900994551466137,0.0027493154539393262,0.0032333162815607,0.0013967635897654271,0.0013910214869291002,0.0014015508061100846,0.0018447971195451147,0.0017802954249412203,0.0019031286997246194,2.6328324829937,-2.455681176078022,0.8014105999973253
highdim_poly2,Quadratic,10,cuda,NVIDIA GeForce RTX 4070 Ti SUPER,1,1,10000,7500,2500,"128,64,32",tanh,1000,2,True,85,86,0.05,375,500,5,2875,0.0056856283149976485,0.004481490948416454,0.001356692282520838,0.0018151584211959929,0.0027493154539393262,0.0032333162815607,0.0013781949284861804,0.0013678592585520436,0.001387520255635707,0.001778154712264069,0.0017712247613098893,0.0018376924473864477,1.5602035329618538,-2.081017398357211,1.0207282999981544
highdim_poly2,Quadratic,10,cuda,NVIDIA GeForce RTX 4070 Ti SUPER,1,1,10000,7500,2500,"128,64,32",tanh,1000,2,True,85,86,0.1,750,500,0,750,0.0056856283149976485,0.004627791862597553,0.0015247332753581117,0.0019558532405985376,0.0013787580411798938,0.0017756081239762801,0.0015376485833208996,0.0015279043751111397,0.0015509076011117145,0.002042522289894439,0.002009153322226181,0.0020915594290599844,0.8399388587797091,4.243236400635828,0.15212290000272333
highdim_poly2,Quadratic,10,cuda,NVIDIA GeForce RTX 4070 Ti SUPER,1,1,10000,7500,2500,"128,64,32",tanh,1000,2,True,85,86,0.1,750,500,1,1250,0.0056856283149976485,0.004553217086929689,0.0014403167743451209,0.0018386403170446818,0.0013787580411798938,0.0017756081239762801,0.0014475577007076602,0.0014262260454751467,0.0014533890312102065,0.0019189104770855664,0.0018318278681279847,0.002043957372075138,0.5002167691829842,4.18311124981706,0.31254270000135875
highdim_poly2,Quadratic,10,cuda,NVIDIA GeForce RTX 4070 Ti SUPER,1,1,10000,7500,2500,"128,64,32",tanh,1000,2,True,85,86,0.1,750,500,2,1750,0.0056856283149976485,0.004517631979699369,0.0014088305124978517,0.001915194772758528,0.0013787580411798938,0.0017756081239762801,0.0013967743650773906,0.0013937654525283116,0.0014048392152786234,0.0018642570384255091,0.0018111296419243985,0.0019519732738422452,-0.8631420880775641,-2.7323342909859285,0.4963943000002473
highdim_poly2,Quadratic,10,cuda,NVIDIA GeForce RTX 4070 Ti SUPER,1,1,10000,7500,2500,"128,64,32",tanh,1000,2,True,85,86,0.1,750,500,3,2250,0.0056856283149976485,0.004504178382991262,0.001370903212143406,0.0019443274064004793,0.0013787580411798938,0.0017756081239762801,0.0013814318156916072,0.001378880428897532,0.0013832037150247885,0.0018255648728349003,0.0017542728509721806,0.001878598141436247,0.7621515176215922,-6.5055225006139565,0.7108449000006658
highdim_poly2,Quadratic,10,cuda,NVIDIA GeForce RTX 4070 Ti SUPER,1,1,10000,7500,2500,"128,64,32",tanh,1000,2,True,85,86,0.1,750,500,4,2750,0.0056856283149976485,0.004491425339385673,0.0013596321701130098,0.0017319138663589874,0.0013787580411798938,0.0017756081239762801,0.0013771027263204082,0.001370259269359486,0.0013823383453762876,0.0018543019230983606,0.0018051894229685428,0.00187293013605311,1.2686458223838817,6.600222715342626,0.9433324000019638
highdim_poly2,Quadratic,10,cuda,NVIDIA GeForce RTX 4070 Ti SUPER,1,1,10000,7500,2500,"128,64,32",tanh,1000,2,True,85,86,0.1,750,500,5,3250,0.0056856283149976485,0.004482303598185933,0.0013571082568168858,0.0018322310518507352,0.0013787580411798938,0.0017756081239762801,0.0013706231803736401,0.0013639319506891859,0.001374089663896592,0.00187116512230538,0.0018188816627584229,0.0019199204824594629,0.9860422434319333,2.080739427564564,1.194953500002157
highdim_poly2,Quadratic,10,cuda,NVIDIA GeForce RTX 4070 Ti SUPER,2,0,10000,7500,2500,"128,64,32",tanh,1000,2,True,85,86,0.05,375,500,0,375,0.0060884491629224465,0.005019698952307036,0.002776497157014322,0.00366330896226395,0.0024918927936711526,0.0027328618536437243,0.0025449959403239793,0.0024797433870674688,0.0026339051495240027,0.0035660595630197904,0.0033631357590369086,0.003678686503612337,-9.09632950773479,-2.727082863467582,0.1560605000013311
highdim_poly2,Quadratic,10,cuda,NVIDIA GeForce RTX 4070 Ti SUPER,2,0,10000,7500,2500,"128,64,32",tanh,1000,2,True,85,86,0.05,375,500,1,875,0.0060884491629224465,0.004279885767751816,0.0020473009780486644,0.002690473034693791,0.0024918927936711526,0.0027328618536437243,0.0021021942661031234,0.0020790814536450464,0.002150838057450623,0.0028302805869207404,0.0027881016988337832,0.0029353026275069035,2.6112376453302657,4.9397064331016,0.32595579999906477
highdim_poly2,Quadratic,10,cuda,NVIDIA GeForce RTX 4070 Ti SUPER,2,0,10000,7500,2500,"128,64,32",tanh,1000,2,True,85,86,0.05,375,500,2,1375,0.0060884491629224465,0.004235172860967259,0.0019655853588881845,0.002757819568220199,0.0024918927936711526,0.0027328618536437243,0.0020109679938973626,0.0019946607847661337,0.0020294871052176583,0.002751273936055076,0.0026798303885640015,0.0028254202122110035,2.2567557090366295,-0.23791277485470627,0.5277062000022852
highdim_poly2,Quadratic,10,cuda,NVIDIA GeForce RTX 4070 Ti SUPER,2,0,10000,7500,2500,"128,64,32",tanh,1000,2,True,85,86,0.05,375,500,3,1875,0.0060884491629224465,0.004234366406696112,0.001966616839914974,0.0027034492183672047,0.0024918927936711526,0.0027328618536437243,0.001998289602768798,0.001983151355446899,0.0020147326437590916,0.002804626067561657,0.0027238986147665265,0.002874430785511042,1.5849936270467817,3.6074987095308395,0.7286826999988989
highdim_poly2,Quadratic,10,cuda,NVIDIA GeForce RTX 4070 Ti SUPER,2,0,10000,7500,2500,"128,64,32",tanh,1000,2,True,85,86,0.05,375,500,4,2375,0.0060884491629224465,0.004207210167952622,0.0019522681749607471,0.0024508319713865342,0.0024918927936711526,0.0027328618536437243,0.0019579288225036193,0.0019517771242149047,0.001975454689841396,0.0027439837451983893,0.002640819855783933,0.002788751526357172,0.28911406164570724,10.68343696732286,0.9562642999990203
highdim_poly2,Quadratic,10,cuda,NVIDIA GeForce RTX 4070 Ti SUPER,2,0,10000,7500,2500,"128,64,32",tanh,1000,2,True,85,86,0.05,375,500,5,2875,0.0060884491629224465,0.004196171867226502,0.0019308939064209632,0.0027977245657036113,0.0024918927936711526,0.0027328618536437243,0.001953572403461306,0.0019436668914162344,0.001963281714270201,0.002619823413192957,0.0026072139021199115,0.002695110997169201,1.1608731265941954,-6.790578006699844,1.2120303000010608
highdim_poly2,Quadratic,10,cuda,NVIDIA GeForce RTX 4070 Ti SUPER,2,0,10000,7500,2500,"128,64,32",tanh,1000,2,True,85,86,0.1,750,500,0,750,0.0060884491629224465,0.004360801617910908,0.0021351527266817725,0.00298764727960782,0.0015871781936808934,0.0020255629484926506,0.002183344157178804,0.002126301471478249,0.0022362735137826306,0.002981454394167385,0.0028887759572017186,0.0031135193397732693,2.2072301491534856,-0.2077135726962652,0.16725550000046496
highdim_poly2,Quadratic,10,cuda,NVIDIA GeForce RTX 4070 Ti SUPER,2,0,10000,7500,2500,"128,64,32",tanh,1000,2,True,85,86,0.1,750,500,1,1250,0.0060884491629224465,0.004236982774502866,0.0019683226543275424,0.002812939934612933,0.0015871781936808934,0.0020255629484926506,0.002032366053936986,0.0020142144889402367,0.0020422189621554145,0.002636299658503486,0.0025805621641924116,0.002792756445096813,3.151174439534752,-6.700311003708814,0.3442289000013261
highdim_poly2,Quadratic,10,cuda,NVIDIA GeForce RTX 4070 Ti SUPER,2,0,10000,7500,2500,"128,64,32",tanh,1000,2,True,85,86,0.1,750,500,2,1750,0.0060884491629224465,0.004228394640717362,0.0019406859805129791,0.002739241382168644,0.0015871781936808934,0.0020255629484926506,0.0020012088662325995,0.001991069814622828,0.002010779657716012,0.002726713971662739,0.0026943879594659203,0.002746998693586219,3.0243162890617463,-0.4594325123975412,0.5287296000024071
highdim_poly2,Quadratic,10,cuda,NVIDIA GeForce RTX 4070 Ti SUPER,2,0,10000,7500,2500,"128,64,32",tanh,1000,2,True,85,86,0.1,750,500,3,2250,0.0060884491629224465,0.004218097818026595,0.0019445514536906578,0.002659054566829899,0.0015871781936808934,0.0020255629484926506,0.001969615468887305,0.0019430798357711566,0.0019787290257603503,0.0026573605024144222,0.0026388461975974187,0.0027469630897740444,1.272533425562834,-0.06374989068805939,0.7330727000007755
highdim_poly2,Quadratic,10,cuda,NVIDIA GeForce RTX 4070 Ti SUPER,2,0,10000,7500,2500,"128,64,32",tanh,1000,2,True,85,86,0.1,750,500,4,2750,0.0060884491629224465,0.0041965963112576615,0.0019292673820205906,0.0027420781063926774,0.0015871781936808934,0.0020255629484926506,0.0019474815224729317,0.0019423975385564531,0.0019594292273717767,0.002712234265726363,0.002600361824498422,0.002740666226536495,0.9352664064926566,-1.100341553952095,0.972417700002552
highdim_poly2,Quadratic,10,cuda,NVIDIA GeForce RTX 4070 Ti SUPER,2,0,10000,7500,2500,"128,64,32",tanh,1000,2,True,85,86,0.1,750,500,5,3250,0.0060884491629224465,0.004192391508825412,0.0019234226735287774,0.002516300660221015,0.0015871781936808934,0.0020255629484926506,0.00194333631580714,0.0019348998007730337,0.0019521567089909517,0.002663798502245852,0.0026396846553156743,0.002752567345109366,1.0247141535093298,5.537124594840086,1.2388742000002821
highdim_poly2,Quadratic,10,cuda,NVIDIA GeForce RTX 4070 Ti SUPER,2,1,10000,7500,2500,"128,64,32",tanh,1000,2,True,85,86,0.05,375,500,0,375,0.005102507095566655,0.004339544529893469,0.0012439626485824396,0.001610705928709034,0.0015858108082376693,0.001853175343275621,0.0013944590612527754,0.001283413013187208,0.001415463226206832,0.0018135884909184696,0.0017664952753795311,0.001947604586680625,10.792458298139676,11.186802476160855,0.17522440000175266
highdim_poly2,Quadratic,10,cuda,NVIDIA GeForce RTX 4070 Ti SUPER,2,1,10000,7500,2500,"128,64,32",tanh,1000,2,True,85,86,0.05,375,500,1,875,0.005102507095566655,0.0042669558406427,0.0011099798559518878,0.001509116680268311,0.0015858108082376693,0.001853175343275621,0.001093424020207576,0.0010799583394274204,0.0011102385778531468,0.0014954845601916913,0.001472976292105176,0.0015317206190051862,-1.5141276795043161,-0.911552044032636,0.37063970000235713
highdim_poly2,Quadratic,10,cuda,NVIDIA GeForce RTX 4070 Ti SUPER,2,1,10000,7500,2500,"128,64,32",tanh,1000,2,True,85,86,0.05,375,500,2,1375,0.005102507095566655,0.004237139946691706,0.0010689215245760263,0.0013395671164441038,0.0015858108082376693,0.001853175343275621,0.0010703181706059957,0.001054729630365199,0.0010804196135982404,0.0014437729585385069,0.0013967804915519819,0.0015127484914741521,0.13048886474370916,7.217605890048525,0.5516150000003108
highdim_poly2,Quadratic,10,cuda,NVIDIA GeForce RTX 4070 Ti SUPER,2,1,10000,7500,2500,"128,64,32",tanh,1000,2,True,85,86,0.05,375,500,3,1875,0.005102507095566655,0.00422739483574068,0.001051251348099866,0.001438059978484139,0.0015858108082376693,0.001853175343275621,0.0010481070620168024,0.0010420943817889177,0.0010554904733094611,0.0014584467354906323,0.0014451021426198972,0.001466515322746885,-0.29999665082050037,1.397840353740111,0.7538302000029944
highdim_poly2,Quadratic,10,cuda,NVIDIA GeForce RTX 4070 Ti SUPER,2,1,10000,7500,2500,"128,64,32",tanh,1000,2,True,85,86,0.05,375,500,4,2375,0.005102507095566655,0.004211952916302783,0.0010350695118306206,0.0013788119657105699,0.0015858108082376693,0.001853175343275621,0.0010365672069546019,0.0010200905722100647,0.0010419059558024872,0.0014123900804534188,0.0013829370890955561,0.001463171399056105,0.1444860607139388,2.3773966701939293,0.9709060000022873
highdim_poly2,Quadratic,10,cuda,NVIDIA GeForce RTX 4070 Ti SUPER,2,1,10000,7500,2500,"128,64,32",tanh,1000,2,True,85,86,0.05,375,500,5,2875,0.005102507095566655,0.004210553139392608,0.001023315664011417,0.0014140206260237977,0.0015858108082376693,0.001853175343275621,0.0010256192569684697,0.0010176217167853125,0.0010361866630604166,0.0013585327052020191,0.0013075424582619096,0.0013939932092204659,0.22460508043323288,-4.084400810470534,1.223671200001263
highdim_poly2,Quadratic,10,cuda,NVIDIA GeForce RTX 4070 Ti SUPER,2,1,10000,7500,2500,"128,64,32",tanh,1000,2,True,85,86,0.1,750,500,0,750,0.005102507095566655,0.00429983241405842,0.001133674384502587,0.0014573928044979774,0.0008564967809403563,0.0010514133158415662,0.0011532794198823356,0.001143503495397668,0.0011804073315968705,0.0015731387918813237,0.0015344633520605574,0.0016052394000965451,1.6999380238441126,7.357646253508578,0.16350560000137193
highdim_poly2,Quadratic,10,cuda,NVIDIA GeForce RTX 4070 Ti SUPER,2,1,10000,7500,2500,"128,64,32",tanh,1000,2,True,85,86,0.1,750,500,1,1250,0.005102507095566655,0.004220905870196872,0.0010525612229068603,0.0015170442606878892,0.0008564967809403563,0.0010514133158415662,0.0010808827427391731,0.0010744972235612838,0.001088116125261586,0.001463208565952645,0.0014284544332302605,0.0015647502246773537,2.620221298060548,-3.6792905664951263,0.32015600000158884
highdim_poly2,Quadratic,10,cuda,NVIDIA GeForce RTX 4070 Ti SUPER,2,1,10000,7500,2500,"128,64,32",tanh,1000,2,True,85,86,0.1,750,500,2,1750,0.005102507095566655,0.004224899967838145,0.0010392865684547342,0.0014646560732770044,0.0008564967809403563,0.0010514133158415662,0.0010594886245516872,0.00104694677952268,0.0010695486229683425,0.0014131612452180733,0.0014032000782267981,0.0014575125693903385,1.9067742332298594,-3.643945673799217,0.5088278000002902
highdim_poly2,Quadratic,10,cuda,NVIDIA GeForce RTX 4070 Ti SUPER,2,1,10000,7500,2500,"128,64,32",tanh,1000,2,True,85,86,0.1,750,500,3,2250,0.005102507095566655,0.0042213098266216074,0.0010340936735263261,0.0014529516263867785,0.0008564967809403563,0.0010514133158415662,0.0010378651255038122,0.0010267545799873855,0.001044249960757148,0.0014392864499862337,0.0013950305154190373,0.0014619802151431987,0.36338555798908123,-0.94944105120113,0.6908481000027678
highdim_poly2,Quadratic,10,cuda,NVIDIA GeForce RTX 4070 Ti SUPER,2,1,10000,7500,2500,"128,64,32",tanh,1000,2,True,85,86,0.1,750,500,4,2750,0.005102507095566655,0.004211079556524076,0.0010237927746267637,0.001442940324346236,0.0008564967809403563,0.0010514133158415662,0.0010264036738808911,0.0010123419972454095,0.0010341449618677168,0.0014205735703080975,0.0013870508729115238,0.0014566078841053685,0.25437352969085525,-1.5744875524671083,0.8922244999994291
highdim_poly2,Quadratic,10,cuda,NVIDIA GeForce RTX 4070 Ti SUPER,2,1,10000,7500,2500,"128,64,32",tanh,1000,2,True,85,86,0.1,750,500,5,3250,0.005102507095566655,0.004212094883303384,0.0010179041463265729,0.0013304137878137336,0.0008564967809403563,0.0010514133158415662,0.001023521381589819,0.0010203921547008057,0.0010281418303085383,0.001445785003450513,0.0013559970381610545,0.001483732707171448,0.5488146475768866,7.979832088549425,1.144503800001985
highdim_smooth,Smooth,10,cuda,NVIDIA GeForce RTX 4070 Ti SUPER,0,0,10000,7500,2500,"128,64,32",tanh,1000,2,True,85,86,0.05,375,500,0,375,0.0012556585283535157,0.0010257088274750108,0.0004730688569811475,0.0005946481190171207,0.0004467241091094045,0.000543036830553738,0.0004987680460893219,0.0004815268595896366,0.0005254154092214701,0.0006168010583898493,0.0006041591508043693,0.0006455639974850299,5.152533188457727,3.59158582356498,0.1821596000008867
highdim_smooth,Smooth,10,cuda,NVIDIA GeForce RTX 4070 Ti SUPER,0,0,10000,7500,2500,"128,64,32",tanh,1000,2,True,85,86,0.05,375,500,1,875,0.0012556585283535157,0.0009661144415521051,0.0003910013613940291,0.0004895372003966423,0.0004467241091094045,0.000543036830553738,0.0004058342474968626,0.00039865387896226013,0.0004123779286264739,0.0005275610938219098,0.0004917965142307843,0.0005438651834621094,3.654912367381757,7.20748627420645,0.3563164000006509
highdim_smooth,Smooth,10,cuda,NVIDIA GeForce RTX 4070 Ti SUPER,0,0,10000,7500,2500,"128,64,32",tanh,1000,2,True,85,86,0.05,375,500,2,1375,0.0012556585283535157,0.0009528412611636131,0.00037247322806017075,0.0004853092864650215,0.0004467241091094045,0.000543036830553738,0.0003908723642320731,0.00038478136667958877,0.0003933877036990143,0.00048445613694716674,0.00047628006406151796,0.0005096712863991838,4.707198015405925,-0.17610459498581543,0.5739099999991595
highdim_smooth,Smooth,10,cuda,NVIDIA GeForce RTX 4070 Ti SUPER,0,0,10000,7500,2500,"128,64,32",tanh,1000,2,True,85,86,0.05,375,500,3,1875,0.0012556585283535157,0.0009441379061820561,0.00036758062443905325,0.0005090840063657991,0.0004467241091094045,0.000543036830553738,0.00037826501838594053,0.0003764872564200209,0.00038369370515481675,0.0005059721147646619,0.0004746866013200723,0.0005248216086544692,2.82457891360868,-0.6150322340559412,0.7777540999995836
highdim_smooth,Smooth,10,cuda,NVIDIA GeForce RTX 4070 Ti SUPER,0,0,10000,7500,2500,"128,64,32",tanh,1000,2,True,85,86,0.05,375,500,4,2375,0.0012556585283535157,0.0009465005838772988,0.0003656041652851568,0.0004451144178294113,0.0004467241091094045,0.000543036830553738,0.00037642754367532024,0.00037098575676185473,0.00037918461941069935,0.00048718588861846587,0.00047949628566882116,0.0004998675903873286,2.8752886370873263,8.63560948129234,1.0014512000016111
highdim_smooth,Smooth,10,cuda,NVIDIA GeForce RTX 4070 Ti SUPER,0,0,10000,7500,2500,"128,64,32",tanh,1000,2,True,85,86,0.05,375,500,5,2875,0.0012556585283535157,0.0009423148403818353,0.0003644018241432838,0.00046770938501835456,0.0004467241091094045,0.000543036830553738,0.0003702900549525243,0.0003677994449541846,0.0003745140300409898,0.0004622971263076372,0.0004582537252134574,0.0004843954039901509,1.5901671488302414,-1.1707316361546523,1.2467849000022397
highdim_smooth,Smooth,10,cuda,NVIDIA GeForce RTX 4070 Ti SUPER,0,0,10000,7500,2500,"128,64,32",tanh,1000,2,True,85,86,0.1,750,500,0,750,0.0012556585283535157,0.0009794439113146865,0.0004397193591748971,0.0004934800830948276,0.00034752054885630685,0.00041541209382547765,0.0004259726280955856,0.0004128447228556291,0.00044457442788285056,0.0005382087307175108,0.0005150520918935095,0.0005604271269314207,-3.227139532596165,8.310650695512386,0.15419779999865568
highdim_smooth,Smooth,10,cuda,NVIDIA GeForce RTX 4070 Ti SUPER,0,0,10000,7500,2500,"128,64,32",tanh,1000,2,True,85,86,0.1,750,500,1,1250,0.0012556585283535157,0.000949688572044721,0.00037883034668289477,0.0004684146551188746,0.00034752054885630685,0.00041541209382547765,0.0003972917808598848,0.00039171733895678417,0.00040294080122616334,0.0005031653691516438,0.0004976963580995387,0.0005248461747841711,4.6468200618277935,6.906420068487664,0.35291399999914574
highdim_smooth,Smooth,10,cuda,NVIDIA GeForce RTX 4070 Ti SUPER,0,0,10000,7500,2500,"128,64,32",tanh,1000,2,True,85,86,0.1,750,500,2,1750,0.0012556585283535157,0.0009436866492002425,0.0003683933031648238,0.0005194782256977746,0.00034752054885630685,0.00041541209382547765,0.0003770292402703122,0.0003759376929713126,0.0003856981945340782,0.0004754260533814934,0.00046466962851213835,0.000494569656024333,2.2905218436895796,-9.265830512012908,0.5390514999999141
highdim_smooth,Smooth,10,cuda,NVIDIA GeForce RTX 4070 Ti SUPER,0,0,10000,7500,2500,"128,64,32",tanh,1000,2,True,85,86,0.1,750,500,3,2250,0.0012556585283535157,0.0009392408589394226,0.00036551562335647924,0.0004932166363162268,0.00034752054885630685,0.00041541209382547765,0.00037711897304172127,0.0003753496042737028,0.0003794371352401721,0.00047379719802300596,0.00045552149795233645,0.0004932651841734079,3.0768406032857785,-4.098681540171942,0.7754452000008314
highdim_smooth,Smooth,10,cuda,NVIDIA GeForce RTX 4070 Ti SUPER,0,0,10000,7500,2500,"128,64,32",tanh,1000,2,True,85,86,0.1,750,500,4,2750,0.0012556585283535157,0.0009415032944754666,0.00036338356481798286,0.00048555280122153507,0.00034752054885630685,0.00041541209382547765,0.0003710319831857447,0.00036848653320206,0.0003749239149568107,0.0004713940384050239,0.00044545822702628387,0.0004905341263636452,2.0613905847391374,-3.00359394964302,0.9919246999997995
highdim_smooth,Smooth,10,cuda,NVIDIA GeForce RTX 4070 Ti SUPER,0,0,10000,7500,2500,"128,64,32",tanh,1000,2,True,85,86,0.1,750,500,5,3250,0.0012556585283535157,0.0009387794452268242,0.00036312042545110065,0.0004775153102279465,0.00034752054885630685,0.00041541209382547765,0.00037130903123514577,0.00036790273431614633,0.00037353803995362345,0.0004672737625527795,0.00045513741195094047,0.0004881927884103282,2.2053343967438717,-2.1917660472131075,1.2336634999992384
highdim_smooth,Smooth,10,cuda,NVIDIA GeForce RTX 4070 Ti SUPER,0,1,10000,7500,2500,"128,64,32",tanh,1000,2,True,85,86,0.05,375,500,0,375,0.0012256075424443389,0.0010196897170781888,0.00041743215684368173,0.0005052798602928348,0.00022917568287693246,0.00027522744772103935,0.00041737481743325046,0.00040801043971097417,0.00044903925996739633,0.0005402584345599796,0.000521443883957366,0.0005660837031330074,-0.013738109736445353,6.474415211237491,0.1717294000009133
highdim_smooth,Smooth,10,cuda,NVIDIA GeForce RTX 4070 Ti SUPER,0,1,10000,7500,2500,"128,64,32",tanh,1000,2,True,85,86,0.05,375,500,1,875,0.0012256075424443389,0.0009635094592281398,0.0003518065645164267,0.00044655642077105816,0.00022917568287693246,0.00027522744772103935,0.0003569128063367,0.0003516826423702789,0.00036262531631727933,0.0004683330125212626,0.0004498649858231835,0.00048326771729679825,1.4306692642057428,4.649809252815755,0.32849029999852064
highdim_smooth,Smooth,10,cuda,NVIDIA GeForce RTX 4070 Ti SUPER,0,1,10000,7500,2500,"128,64,32",tanh,1000,2,True,85,86,0.05,375,500,2,1375,0.0012256075424443389,0.0009540390140936055,0.00034446627701391737,0.0004052628347842408,0.00022917568287693246,0.00027522744772103935,0.000345597672232778,0.00033930451970529845,0.0003519172020463084,0.00044434368799557537,0.000435280078465639,0.00045816185057508905,0.3273735067574748,8.795185858862416,0.5003723000008904
highdim_smooth,Smooth,10,cuda,NVIDIA GeForce RTX 4070 Ti SUPER,0,1,10000,7500,2500,"128,64,32",tanh,1000,2,True,85,86,0.05,375,500,3,1875,0.0012256075424443389,0.0009442254579830607,0.0003347760026594678,0.00041859742152515293,0.00022917568287693246,0.00027522744772103935,0.0003341329832867809,0.0003297648421797699,0.00033581324802185915,0.00043899454567008405,0.00042770819260274745,0.00044239695752061744,-0.19244414794424342,4.646327464911167,0.6791239000012865
highdim_smooth,Smooth,10,cuda,NVIDIA GeForce RTX 4070 Ti SUPER,0,1,10000,7500,2500,"128,64,32",tanh,1000,2,True,85,86,0.05,375,500,4,2375,0.0012256075424443389,0.000943211049759152,0.00033115016082326925,0.00046410625087126044,0.00022917568287693246,0.00027522744772103935,0.00032693960638575253,0.00032485913189161063,0.0003308550001138272,0.00044458345711256657,0.0004315828812244473,0.0004604702419304356,-1.287869182955072,-4.391255105506723,0.8947881999993115
highdim_smooth,Smooth,10,cuda,NVIDIA GeForce RTX 4070 Ti SUPER,0,1,10000,7500,2500,"128,64,32",tanh,1000,2,True,85,86,0.05,375,500,5,2875,0.0012256075424443389,0.0009413684416214348,0.0003299106874605494,0.00041966661028952873,0.00022917568287693246,0.00027522744772103935,0.0003271765719230032,0.0003218178997919049,0.0003308287256769775,0.0004218637338637833,0.0004145473019234617,0.0004320207649489488,-0.8356697184875641,0.5208135703279019,1.1233338999991247
highdim_smooth,Smooth,10,cuda,NVIDIA GeForce RTX 4070 Ti SUPER,0,1,10000,7500,2500,"128,64,32",tanh,1000,2,True,85,86,0.1,750,500,0,750,0.0012256075424443389,0.0009813977057363424,0.0003657297977610716,0.00048076826533968335,0.0002907649368198593,0.0003544330497531333,0.0003602407358868913,0.0003557881497821406,0.0003671585031150851,0.00046614256288753455,0.00045403610825657184,0.0004884536053329537,-1.523720481157282,-3.1376028744402626,0.16186129999914556
highdim_smooth,Smooth,10,cuda,NVIDIA GeForce RTX 4070 Ti SUPER,0,1,10000,7500,2500,"128,64,32",tanh,1000,2,True,85,86,0.1,750,500,1,1250,0.0012256075424443389,0.0009662173679133829,0.0003463152407665456,0.00041525770140105804,0.0002907649368198593,0.0003544330497531333,0.0003420777201803655,0.00033917906125030214,0.00034496016089573787,0.00042070932127589663,0.0004090266433256502,0.00043502343613964115,-1.2387595964875484,1.295816279588319,0.3176002000000153
highdim_smooth,Smooth,10,cuda,NVIDIA GeForce RTX 4070 Ti SUPER,0,1,10000,7500,2500,"128,64,32",tanh,1000,2,True,85,86,0.1,750,500,2,1750,0.0012256075424443389,0.0009544697900819966,0.0003424714972006321,0.0004601964465250078,0.0002907649368198593,0.0003544330497531333,0.0003360630978957181,0.0003333887179398158,0.00034177879119935093,0.00041992022388566283,0.00040758588228954467,0.000432527710931946,-1.906903597878073,-9.591398639164254,0.5050940000000992
highdim_smooth,Smooth,10,cuda,NVIDIA GeForce RTX 4070 Ti SUPER,0,1,10000,7500,2500,"128,64,32",tanh,1000,2,True,85,86,0.1,750,500,3,2250,0.0012256075424443389,0.0009449333478715453,0.0003342494901720545,0.0004337604513645053,0.0002907649368198593,0.0003544330497531333,0.000333177754308295,0.0003312414533936447,0.0003345239587370801,0.00044207929947407266,0.00042805690264040264,0.0004604849454848683,-0.3216708948604579,1.8817547257842753,0.7118029000012029
highdim_smooth,Smooth,10,cuda,NVIDIA GeForce RTX 4070 Ti SUPER,0,1,10000,7500,2500,"128,64,32",tanh,1000,2,True,85,86,0.1,750,500,4,2750,0.0012256075424443389,0.0009429036981641538,0.00033123140467539695,0.00042375228721720846,0.0002907649368198593,0.0003544330497531333,0.00032864168070973973,0.00032701536156680856,0.00033078349602483245,0.0004241918240131914,0.00039106220704661175,0.00043109949640398844,-0.7880083743682225,0.10361746056880483,0.9556178999991971
highdim_smooth,Smooth,10,cuda,NVIDIA GeForce RTX 4070 Ti SUPER,0,1,10000,7500,2500,"128,64,32",tanh,1000,2,True,85,86,0.1,750,500,5,3250,0.0012256075424443389,0.0009414702202845895,0.0003300289818278086,0.00043758279586549287,0.0002907649368198593,0.0003544330497531333,0.0003262383080663957,0.00032313177778450016,0.0003285275191405187,0.00042094394703673876,0.00040380107217871994,0.0004292372289805147,-1.1619339812911982,-3.9527469027371285,1.2139433000011195
highdim_smooth,Smooth,10,cuda,NVIDIA GeForce RTX 4070 Ti SUPER,1,0,10000,7500,2500,"128,64,32",tanh,1000,2,True,85,86,0.05,375,500,0,375,0.0016375633590451073,0.0014770096326815504,0.0006234744488909225,0.0008390746531956407,0.000603679773339009,0.000688437630160096,0.0005551256152890552,0.0005276683251618748,0.0005871272496145848,0.0006822195314743098,0.0006492310810742798,0.0007327295324801082,-12.312318458999215,-22.991883768317106,0.14033950000157347
highdim_smooth,Smooth,10,cuda,NVIDIA GeForce RTX 4070 Ti SUPER,1,0,10000,7500,2500,"128,64,32",tanh,1000,2,True,85,86,0.05,375,500,1,875,0.0016375633590451073,0.0013747882267697872,0.00046192341415638127,0.0006028101584534733,0.000603679773339009,0.000688437630160096,0.0004711306130436322,0.0004657891206305322,0.0004834533292318041,0.0006025268474209701,0.0005860865044211329,0.0006279277485513588,1.9542773558631439,-0.04702048277447244,0.29735860000073444
highdim_smooth,Smooth,10,cuda,NVIDIA GeForce RTX 4070 Ti SUPER,1,0,10000,7500,2500,"128,64,32",tanh,1000,2,True,85,86,0.05,375,500,2,1375,0.0016375633590451073,0.0013555060963762258,0.0004390886990543636,0.0004854837346430207,0.000603679773339009,0.000688437630160096,0.00044192179796005254,0.0004386160118286279,0.00046188388179794766,0.0005567870737424725,0.000536273153278248,0.0005929288363433088,0.6410860289686394,12.806213086123353,0.47043639999901643
highdim_smooth,Smooth,10,cuda,NVIDIA GeForce RTX 4070 Ti SUPER,1,0,10000,7500,2500,"128,64,32",tanh,1000,2,True,85,86,0.05,375,500,3,1875,0.0016375633590451073,0.0013410048263696281,0.00042817685672375043,0.0005451786419172864,0.000603679773339009,0.000688437630160096,0.0004387627101473679,0.0004331930389765972,0.0004441616142613651,0.0005762798405108444,0.0005499749503751086,0.0005918740705106188,2.4126602326943436,5.396891650068531,0.6402938999999606
highdim_smooth,Smooth,10,cuda,NVIDIA GeForce RTX 4070 Ti SUPER,1,0,10000,7500,2500,"128,64,32",tanh,1000,2,True,85,86,0.05,375,500,4,2375,0.0016375633590451073,0.0013330140816727582,0.00042126817440415624,0.0005530279409439291,0.000603679773339009,0.000688437630160096,0.0004206407321337869,0.00041786491435488564,0.00042893395265205354,0.0005456204490628624,0.0005222900825120915,0.000589040609304762,-0.14916346003548858,-1.3576272468873727,0.8285414000019955
highdim_smooth,Smooth,10,cuda,NVIDIA GeForce RTX 4070 Ti SUPER,1,0,10000,7500,2500,"128,64,32",tanh,1000,2,True,85,86,0.05,375,500,5,2875,0.0016375633590451073,0.0013232687802977755,0.000416108088996603,0.0005675872412371546,0.000603679773339009,0.000688437630160096,0.0004199362046044504,0.00041393031619636506,0.00042459442885362496,0.0005189669575622318,0.0005065883806994479,0.000546986658273362,0.9115945626677283,-9.368666533859729,1.048779500000819
highdim_smooth,Smooth,10,cuda,NVIDIA GeForce RTX 4070 Ti SUPER,1,0,10000,7500,2500,"128,64,32",tanh,1000,2,True,85,86,0.1,750,500,0,750,0.0016375633590451073,0.0013710880462664164,0.00046781741184599176,0.0005329197198393364,0.0005270370889414056,0.0005995094709219284,0.0004829642769723088,0.0004643602976824078,0.00048816356062115807,0.0005652760096022402,0.0005465247807186959,0.00063344381771729,3.136228878308015,5.72398071265601,0.16078809999817167
highdim_smooth,Smooth,10,cuda,NVIDIA GeForce RTX 4070 Ti SUPER,1,0,10000,7500,2500,"128,64,32",tanh,1000,2,True,85,86,0.1,750,500,1,1250,0.0016375633590451073,0.0013548612197774247,0.0004390909468202599,0.0005853862760479802,0.0005270370889414056,0.0005995094709219284,0.0004405239472721318,0.000438704627805931,0.0004459241432939304,0.000537035426696982,0.0005308207656643633,0.0005593148689625125,0.32529456360897124,-9.003288600228547,0.3315313999992213
highdim_smooth,Smooth,10,cuda,NVIDIA GeForce RTX 4070 Ti SUPER,1,0,10000,7500,2500,"128,64,32",tanh,1000,2,True,85,86,0.1,750,500,2,1750,0.0016375633590451073,0.0013417539337439676,0.0004295740524840008,0.0005976758754196878,0.0005270370889414056,0.0005995094709219284,0.000426173273111359,0.00042347059558166077,0.00042897605704459774,0.0005360621825718252,0.000513997444429559,0.0005591096647891619,-0.7979804429812724,-11.493758532314894,0.5050315000007686
highdim_smooth,Smooth,10,cuda,NVIDIA GeForce RTX 4070 Ti SUPER,1,0,10000,7500,2500,"128,64,32",tanh,1000,2,True,85,86,0.1,750,500,3,2250,0.0016375633590451073,0.0013349516650763935,0.0004223654074974914,0.0005638150009991791,0.0005270370889414056,0.0005995094709219284,0.0004212574717099881,0.0004186389109624561,0.0004266403842693614,0.0005327568649953578,0.0005272853357021825,0.000560488211478837,-0.26300679795800486,-5.829701697807674,0.68648100000064
highdim_smooth,Smooth,10,cuda,NVIDIA GeForce RTX 4070 Ti SUPER,1,0,10000,7500,2500,"128,64,32",tanh,1000,2,True,85,86,0.1,750,500,4,2750,0.0016375633590451073,0.001326077657654411,0.00041655228106609156,0.0005382930713707407,0.0005270370889414056,0.0005995094709219284,0.0004188247602741457,0.00041600175441996827,0.00042291342503446695,0.0005173610114221429,0.0005096317723194124,0.0005564082023894023,0.5425847331868998,-4.045929145503047,0.8944271000000299
highdim_smooth,Smooth,10,cuda,NVIDIA GeForce RTX 4070 Ti SUPER,1,0,10000,7500,2500,"128,64,32",tanh,1000,2,True,85,86,0.1,750,500,5,3250,0.0016375633590451073,0.0013199668871260325,0.00041455797648591683,0.0004821334240341189,0.0005270370889414056,0.0005995094709219284,0.00041613694170960656,0.0004116508776103285,0.0004205418655260631,0.0005185452976490853,0.0004949785700847824,0.0005437272610106967,0.3794340433230706,7.021927260751557,1.1277167999978701
highdim_smooth,Smooth,10,cuda,NVIDIA GeForce RTX 4070 Ti SUPER,1,1,10000,7500,2500,"128,64,32",tanh,1000,2,True,85,86,0.05,375,500,0,375,0.0014939682970050408,0.0015239356172941194,0.0005534340173031238,0.0006700717099340431,0.00027535880509810615,0.00033204983989686945,0.0003995743112429534,0.0003947008432619748,0.00042024470222559935,0.0004988009990325467,0.00047453976467622203,0.0005397101566686092,-38.50590534250311,-34.336481128483285,0.15057810000143945
highdim_smooth,Smooth,10,cuda,NVIDIA GeForce RTX 4070 Ti SUPER,1,1,10000,7500,2500,"128,64,32",tanh,1000,2,True,85,86,0.05,375,500,1,875,0.0014939682970050408,0.0013496353469392738,0.00030436120051640796,0.0003779080408289625,0.00027535880509810615,0.00033204983989686945,0.00033605685677438966,0.00031587745813198065,0.00034408735913740284,0.0004227134457323922,0.0004082940015194805,0.0004468459974041601,9.43163504003742,10.599474740104373,0.3168375000022934
highdim_smooth,Smooth,10,cuda,NVIDIA GeForce RTX 4070 Ti SUPER,1,1,10000,7500,2500,"128,64,32",tanh,1000,2,True,85,86,0.05,375,500,2,1375,0.0014939682970050408,0.0013356934743731206,0.00028800179722117386,0.00032042588525792246,0.00027535880509810615,0.00033204983989686945,0.0002972572393305272,0.0002955054765550189,0.0002981054000812836,0.00036999142458438356,0.00035299294704152105,0.00038288223300200644,3.1136136937146115,13.396402195574872,0.4777542000010726
highdim_smooth,Smooth,10,cuda,NVIDIA GeForce RTX 4070 Ti SUPER,1,1,10000,7500,2500,"128,64,32",tanh,1000,2,True,85,86,0.05,375,500,3,1875,0.0014939682970050408,0.0013300898894166287,0.0002819740122807922,0.00035834705006372076,0.00027535880509810615,0.00033204983989686945,0.00028988589712421675,0.00028711177691230277,0.0002955101778256773,0.0003748665465973576,0.00034955360916044236,0.00038277370165857455,2.729310022292763,4.4067673372253084,0.6480121000022336
highdim_smooth,Smooth,10,cuda,NVIDIA GeForce RTX 4070 Ti SUPER,1,1,10000,7500,2500,"128,64,32",tanh,1000,2,True,85,86,0.05,375,500,4,2375,0.0014939682970050408,0.0013238631205138688,0.00027434135610393355,0.0003583225741853849,0.00027535880509810615,0.00033204983989686945,0.0002789947274484697,0.00027500333077216314,0.00028010256330246577,0.00034784694100833784,0.000336413657286742,0.000371150304909066,1.6679065540389553,-3.0115639788811484,0.8382124000017939
highdim_smooth,Smooth,10,cuda,NVIDIA GeForce RTX 4070 Ti SUPER,1,1,10000,7500,2500,"128,64,32",tanh,1000,2,True,85,86,0.05,375,500,5,2875,0.0014939682970050408,0.0013197066015368283,0.00027178905545786555,0.00031678228801863226,0.00027535880509810615,0.00033204983989686945,0.0002765563826356756,0.0002748808846568703,0.0002811638865709594,0.0003530660136985628,0.0003334545861992818,0.00035817689121999665,1.723817448136909,10.276753998448719,1.059230300001218
highdim_smooth,Smooth,10,cuda,NVIDIA GeForce RTX 4070 Ti SUPER,1,1,10000,7500,2500,"128,64,32",tanh,1000,2,True,85,86,0.1,750,500,0,750,0.0014939682970050408,0.0013665753477342996,0.00032823010019258274,0.0004011489896720109,0.0002742885373115324,0.00032568271140388794,0.000315322320276026,0.00031211004558936127,0.00032734940664931535,0.000403128793512381,0.00038568072755132085,0.00042001824294886185,-4.09351926157893,0.491109509474748,0.1691532000004372
highdim_smooth,Smooth,10,cuda,NVIDIA GeForce RTX 4070 Ti SUPER,1,1,10000,7500,2500,"128,64,32",tanh,1000,2,True,85,86,0.1,750,500,1,1250,0.0014939682970050408,0.001340074769121541,0.00029430049027607733,0.00037626781073541766,0.0002742885373115324,0.00032568271140388794,0.00029853638017615614,0.0002929565444335367,0.0003017348497414057,0.0003720409904604743,0.0003613602447881747,0.00038514052259540083,1.4188856639781589,-1.1361168213512831,0.35755860000062967
highdim_smooth,Smooth,10,cuda,NVIDIA GeForce RTX 4070 Ti SUPER,1,1,10000,7500,2500,"128,64,32",tanh,1000,2,True,85,86,0.1,750,500,2,1750,0.0014939682970050408,0.00132926777285359,0.00028479286784635925,0.0003093314625576351,0.0002742885373115324,0.00032568271140388794,0.00028826164810073155,0.00028554827769907993,0.00029143586329913817,0.0003554191835860777,0.0003451331789623012,0.00037622758026324113,1.2033443495612555,12.96714503798887,0.5659483000017644
highdim_smooth,Smooth,10,cuda,NVIDIA GeForce RTX 4070 Ti SUPER,1,1,10000,7500,2500,"128,64,32",tanh,1000,2,True,85,86,0.1,750,500,3,2250,0.0014939682970050408,0.001323094268493548,0.0002761334086220088,0.0003237287715356221,0.0002742885373115324,0.00032568271140388794,0.00028373423777073,0.0002817475392411406,0.0002863737556166612,0.0003560692973143666,0.00035231284632468245,0.000365941512326687,2.678855117535367,9.08264936703927,0.7734366000004229
highdim_smooth,Smooth,10,cuda,NVIDIA GeForce RTX 4070 Ti SUPER,1,1,10000,7500,2500,"128,64,32",tanh,1000,2,True,85,86,0.1,750,500,4,2750,0.0014939682970050408,0.0013168027951560844,0.00027181886963522457,0.0003310515601463132,0.0002742885373115324,0.00032568271140388794,0.0002768549916654651,0.0002738818039798669,0.00027888842212944596,0.0003326175048684969,0.0003285736322799613,0.00034894266129299517,1.8190468591319087,0.47079444084063277,0.993687599999248
highdim_smooth,Smooth,10,cuda,NVIDIA GeForce RTX 4070 Ti SUPER,1,1,10000,7500,2500,"128,64,32",tanh,1000,2,True,85,86,0.1,750,500,5,3250,0.0014939682970050408,0.0013145758485918224,0.0002705585960429371,0.0003455629849489812,0.0002742885373115324,0.00032568271140388794,0.0002731354296333627,0.00027035530543423043,0.0002768148995509394,0.0003461360935430156,0.00033857847487947377,0.0003529498037305545,0.943427073479483,0.16557319641766088,1.2449349999988044
highdim_smooth,Smooth,10,cuda,NVIDIA GeForce RTX 4070 Ti SUPER,2,0,10000,7500,2500,"128,64,32",tanh,1000,2,True,85,86,0.05,375,500,0,375,0.0014161166477841165,0.0012608657546314226,0.00047231217733559436,0.0005993537106227253,0.0004062874574659927,0.0004619451152706234,0.0004790456486596156,0.0004510634387167669,0.00048823408996092514,0.0005882651132808382,0.0005609288545607902,0.0006107086251713814,1.4056011870396272,-1.8849659943362018,0.16802869999810355
highdim_smooth,Smooth,10,cuda,NVIDIA GeForce RTX 4070 Ti SUPER,2,0,10000,7500,2500,"128,64,32",tanh,1000,2,True,85,86,0.05,375,500,1,875,0.0014161166477841165,0.0011710529603967783,0.00035826166366141734,0.00046839511168180067,0.0004062874574659927,0.0004619451152706234,0.00037166602115141015,0.0003637485953092555,0.0003741586595224152,0.0004846292899330229,0.00046981470524000733,0.0005016147979687738,3.6065598486691113,3.3498136799502625,0.33905049999884795
highdim_smooth,Smooth,10,cuda,NVIDIA GeForce RTX 4070 Ti SUPER,2,0,10000,7500,2500,"128,64,32",tanh,1000,2,True,85,86,0.05,375,500,2,1375,0.0014161166477841165,0.0011582318862627652,0.0003432100738316474,0.0004557939134786302,0.0004062874574659927,0.0004619451152706234,0.00035094562415862465,0.000348843663902042,0.0003520491420924947,0.0004678252949616443,0.00045761053162200223,0.0004795765346424825,2.20420196021047,2.571768053713408,0.5171150999995007
highdim_smooth,Smooth,10,cuda,NVIDIA GeForce RTX 4070 Ti SUPER,2,0,10000,7500,2500,"128,64,32",tanh,1000,2,True,85,86,0.05,375,500,3,1875,0.0014161166477841165,0.0011505787598559082,0.00033648010441599327,0.00040566358043330104,0.0004062874574659927,0.0004619451152706234,0.00034525017110299545,0.0003403171158369313,0.0003487350377769908,0.00046161865848562633,0.0004323350595345077,0.0004730992751949052,2.540206326034197,12.121494013238115,0.6978301999988616
highdim_smooth,Smooth,10,cuda,NVIDIA GeForce RTX 4070 Ti SUPER,2,0,10000,7500,2500,"128,64,32",tanh,1000,2,True,85,86,0.05,375,500,4,2375,0.0014161166477841165,0.0011447741493902967,0.0003344099139065264,0.00045757902220411664,0.0004062874574659927,0.0004619451152706234,0.00033762343431930166,0.00033584321970187806,0.00033962283550916634,0.00043945035999439354,0.0004336448529963971,0.00045588261811489137,0.9518060910831633,-4.12530375670972,0.9203603999994812
highdim_smooth,Smooth,10,cuda,NVIDIA GeForce RTX 4070 Ti SUPER,2,0,10000,7500,2500,"128,64,32",tanh,1000,2,True,85,86,0.05,375,500,5,2875,0.0014161166477841165,0.0011442292857997,0.00033349102417464394,0.0004151547095315749,0.0004062874574659927,0.0004619451152706234,0.0003367916327408364,0.0003332170128771681,0.0003381406954257061,0.00045381053478812055,0.00044838647147636175,0.0004592049087423646,0.980015013832697,8.518053745621756,1.1665333999990253
highdim_smooth,Smooth,10,cuda,NVIDIA GeForce RTX 4070 Ti SUPER,2,0,10000,7500,2500,"128,64,32",tanh,1000,2,True,85,86,0.1,750,500,0,750,0.0014161166477841165,0.0012176270789521649,0.00039103288506606366,0.0004515036637328556,0.0003134603656648222,0.0004261242401191603,0.00038554129741989843,0.00036613955202175353,0.0004022711340868644,0.00048673852851419054,0.00044873845394426153,0.0005116015362923489,-1.4243837645709487,7.238971792286977,0.16813399999955436
highdim_smooth,Smooth,10,cuda,NVIDIA GeForce RTX 4070 Ti SUPER,2,0,10000,7500,2500,"128,64,32",tanh,1000,2,True,85,86,0.1,750,500,1,1250,0.0014161166477841165,0.001157736238043822,0.0003463157835577653,0.00045406431257726204,0.0003134603656648222,0.0004261242401191603,0.0003520632350404963,0.0003502611180732842,0.00035374463564079225,0.0004740476928011934,0.0004441560520471167,0.0004806637133953829,1.6325054452419272,4.21547884894189,0.3375593000018853
highdim_smooth,Smooth,10,cuda,NVIDIA GeForce RTX 4070 Ti SUPER,2,0,10000,7500,2500,"128,64,32",tanh,1000,2,True,85,86,0.1,750,500,2,1750,0.0014161166477841165,0.0011544208983268504,0.00034017317997684103,0.00046887074479737414,0.0003134603656648222,0.0004261242401191603,0.0003438432402046172,0.00034190341067881914,0.00034530861795705554,0.0004402890893032403,0.00042288454090252475,0.00045466203164312507,1.0673643680161193,-6.491565698201703,0.523560699999507
highdim_smooth,Smooth,10,cuda,NVIDIA GeForce RTX 4070 Ti SUPER,2,0,10000,7500,2500,"128,64,32",tanh,1000,2,True,85,86,0.1,750,500,3,2250,0.0014161166477841165,0.001148307428244269,0.0003357860164065303,0.00042890928696363774,0.0003134603656648222,0.0004261242401191603,0.00034042074763688087,0.00033641712090809694,0.00034295762759889144,0.0004574033996425098,0.00042966153333841165,0.0004642968134733158,1.361471432785388,6.229536706797988,0.7341083999999682
highdim_smooth,Smooth,10,cuda,NVIDIA GeForce RTX 4070 Ti SUPER,2,0,10000,7500,2500,"128,64,32",tanh,1000,2,True,85,86,0.1,750,500,4,2750,0.0014161166477841165,0.0011448152351502786,0.00033314935378628627,0.0004713120869803086,0.0003134603656648222,0.0004261242401191603,0.0003353930545486849,0.0003307113741237983,0.00033679670859611667,0.000432265796602433,0.0004187539495276555,0.00045236233023857617,0.6689765133681278,-9.032935449618183,0.9855698999999731
highdim_smooth,Smooth,10,cuda,NVIDIA GeForce RTX 4070 Ti SUPER,2,0,10000,7500,2500,"128,64,32",tanh,1000,2,True,85,86,0.1,750,500,5,3250,0.0014161166477841165,0.0011434978414091058,0.00033230737609623386,0.00043463589999838273,0.0003134603656648222,0.0004261242401191603,0.0003319456461148223,0.00033153594582642146,0.0003325711053205861,0.0004378445719194627,0.00042272351934099784,0.00044634074496518837,-0.10897265430209863,0.732833550274129,1.279945400001452
highdim_smooth,Smooth,10,cuda,NVIDIA GeForce RTX 4070 Ti SUPER,2,1,10000,7500,2500,"128,64,32",tanh,1000,2,True,85,86,0.05,375,500,0,375,0.0015123950478298173,0.0012200825554394938,0.0005428521562360246,0.0007670209924776348,0.0006110878957866006,0.0006582488018192219,0.0005894115655308769,0.0005523079481749422,0.0006208039615255568,0.0007531366841023097,0.0007265125470825412,0.0007823729512497822,7.899303647514401,-1.843531017463887,0.1815098000006401
highdim_smooth,Smooth,10,cuda,NVIDIA GeForce RTX 4070 Ti SUPER,2,1,10000,7500,2500,"128,64,32",tanh,1000,2,True,85,86,0.05,375,500,1,875,0.0015123950478298173,0.0011620859398585807,0.00044065048348420596,0.0005364658305638738,0.0006110878957866006,0.0006582488018192219,0.00047742954118493625,0.00047407639476697663,0.0004896414409590927,0.0005754455985236017,0.0005594221287843996,0.000662442623951277,7.703557180280056,6.773840665344693,0.3673721999984991
highdim_smooth,Smooth,10,cuda,NVIDIA GeForce RTX 4070 Ti SUPER,2,1,10000,7500,2500,"128,64,32",tanh,1000,2,True,85,86,0.05,375,500,2,1375,0.0015123950478298173,0.001162477841239606,0.00043865532432121055,0.0006510924866203824,0.0006110878957866006,0.0006582488018192219,0.0004571733937310915,0.00045336298271001234,0.0004601638024688144,0.0005799561697441604,0.0005635306098855226,0.0005944813839614353,4.050557111110728,-12.265809139956687,0.5304610999992292
highdim_smooth,Smooth,10,cuda,NVIDIA GeForce RTX 4070 Ti SUPER,2,1,10000,7500,2500,"128,64,32",tanh,1000,2,True,85,86,0.05,375,500,3,1875,0.0015123950478298173,0.0011550573093319523,0.0004380174767728148,0.0005533336445205306,0.0006110878957866006,0.0006582488018192219,0.00044888311952389026,0.0004441774041557738,0.00045112519911205603,0.0006224239461464812,0.0005735678899281631,0.0006278027017630585,2.420595090009205,11.100199800103917,0.7436139999990701
highdim_smooth,Smooth,10,cuda,NVIDIA GeForce RTX 4070 Ti SUPER,2,1,10000,7500,2500,"128,64,32",tanh,1000,2,True,85,86,0.05,375,500,4,2375,0.0015123950478298173,0.0011475640191613977,0.00043517387222093796,0.0005956299333040365,0.0006110878957866006,0.0006582488018192219,0.00044583836564854654,0.00044310246657767993,0.000450463590162597,0.000606986283552423,0.0005720141511593153,0.0006128360350882713,2.3920089093488595,1.8709401770865084,0.9706519999999728
highdim_smooth,Smooth,10,cuda,NVIDIA GeForce RTX 4070 Ti SUPER,2,1,10000,7500,2500,"128,64,32",tanh,1000,2,True,85,86,0.05,375,500,5,2875,0.0015123950478298173,0.0011463327395207972,0.00043424872089039684,0.0005387064178653244,0.0006110878957866006,0.0006582488018192219,0.00043891156255444785,0.00043534976573244704,0.00044220012374408254,0.0005799203659639932,0.0005564863231520233,0.0006002600511267901,1.062364736283879,7.10682888850773,1.1931862999990699
highdim_smooth,Smooth,10,cuda,NVIDIA GeForce RTX 4070 Ti SUPER,2,1,10000,7500,2500,"128,64,32",tanh,1000,2,True,85,86,0.1,750,500,0,750,0.0015123950478298173,0.0011724317622741282,0.000465645537018848,0.0006018857569222136,0.00035847224494597386,0.00041786627562550053,0.00047964721700784234,0.0004736085304075882,0.0004921632668018357,0.0006611994622867383,0.000597455816357709,0.0007186079706843223,2.919162145115795,8.970622141674166,0.16456950000065262
highdim_smooth,Smooth,10,cuda,NVIDIA GeForce RTX 4070 Ti SUPER,2,1,10000,7500,2500,"128,64,32",tanh,1000,2,True,85,86,0.1,750,500,1,1250,0.0015123950478298173,0.001157315943684468,0.00043930495488219215,0.0005957368241717215,0.00035847224494597386,0.00041786627562550053,0.0004554935411865039,0.0004527759488786072,0.0004564033516194796,0.0005787319004388874,0.0005500609709031986,0.0005990372595968104,3.554075928748074,-2.938307655053786,0.3180657000011706
highdim_smooth,Smooth,10,cuda,NVIDIA GeForce RTX 4070 Ti SUPER,2,1,10000,7500,2500,"128,64,32",tanh,1000,2,True,85,86,0.1,750,500,2,1750,0.0015123950478298173,0.0011549687308264932,0.00043537256841401736,0.0005145025361395555,0.00035847224494597386,0.00041786627562550053,0.00045104801511238997,0.0004446343868751671,0.00045394387608478865,0.000626599376034563,0.0005872879890955313,0.0006455051641366169,3.475338804997664,17.88971457399349,0.486502499999915
highdim_smooth,Smooth,10,cuda,NVIDIA GeForce RTX 4070 Ti SUPER,2,1,10000,7500,2500,"128,64,32",tanh,1000,2,True,85,86,0.1,750,500,3,2250,0.0015123950478298173,0.0011499461414252925,0.0004353244795650311,0.0005888784749454475,0.00035847224494597386,0.00041786627562550053,0.00044246479177887537,0.000439438252712863,0.0004444607057965737,0.0005610574202337415,0.0005466270518523647,0.0005750294672223481,1.6137582800967138,-4.958682250404158,0.6756354999997711
highdim_smooth,Smooth,10,cuda,NVIDIA GeForce RTX 4070 Ti SUPER,2,1,10000,7500,2500,"128,64,32",tanh,1000,2,True,85,86,0.1,750,500,4,2750,0.0015123950478298173,0.001146298553208146,0.0004338080434877044,0.0005980094421185693,0.00035847224494597386,0.00041786627562550053,0.00043869030351057284,0.0004367533777964702,0.0004423070428802963,0.0005607182954755814,0.0005391918394896541,0.0006221461205595871,1.1129172411148924,-6.650602797142357,0.8953963999992993
highdim_smooth,Smooth,10,cuda,NVIDIA GeForce RTX 4070 Ti SUPER,2,1,10000,7500,2500,"128,64,32",tanh,1000,2,True,85,86,0.1,750,500,5,3250,0.0015123950478298173,0.0011451374522176924,0.0004329760335807824,0.0005391737569291418,0.00035847224494597386,0.00041786627562550053,0.0004387473597149763,0.00043670614200850216,0.00044066694885987526,0.0005571302995463036,0.0005504045173491542,0.0006140646486329284,1.3154098837069035,3.223041832724716,1.1632520000021032
highdim_strong,Strong nonlinear,10,cuda,NVIDIA GeForce RTX 4070 Ti SUPER,0,0,10000,7500,2500,"128,64,32",tanh,1000,2,True,85,86,0.05,375,500,0,375,0.0006490245853702909,0.001195666769150554,0.0008459296904030664,0.000893587154613052,0.0007690567896446613,0.000940941933862279,0.0008758029491050917,0.0007319696465116965,0.0009437659647574159,0.0009384263927433523,0.0008151963155026822,0.001081178802673157,3.410956623581853,4.778130546735724,0.17878079999718466
highdim_strong,Strong nonlinear,10,cuda,NVIDIA GeForce RTX 4070 Ti SUPER,0,0,10000,7500,2500,"128,64,32",tanh,1000,2,True,85,86,0.05,375,500,1,875,0.0006490245853702909,0.0014060720566634098,0.0009114543466248567,0.0011326578740381175,0.0007690567896446613,0.000940941933862279,0.0007021558909876581,0.0006535148728129565,0.0007883103705221992,0.0008974725738886669,0.000801787864298474,0.0010608908511153673,-29.807975454396267,-26.205291057576737,0.3546801999982563
highdim_strong,Strong nonlinear,10,cuda,NVIDIA GeForce RTX 4070 Ti SUPER,0,0,10000,7500,2500,"128,64,32",tanh,1000,2,True,85,86,0.05,375,500,2,1375,0.0006490245853702909,0.0012762576973706177,0.0007955770253892594,0.001061253138958928,0.0007690567896446613,0.000940941933862279,0.0006044111346907364,0.0005770143154525756,0.0007432957298172768,0.0008607877533522133,0.0007226049594616438,0.0011045163194766169,-31.62845284052191,-23.288596384652458,0.5436475999995309
highdim_strong,Strong nonlinear,10,cuda,NVIDIA GeForce RTX 4070 Ti SUPER,0,0,10000,7500,2500,"128,64,32",tanh,1000,2,True,85,86,0.05,375,500,3,1875,0.0006490245853702909,0.0011804824063815318,0.0007085515599631945,0.0009055253705589067,0.0007690567896446613,0.000940941933862279,0.0005806685796657624,0.000548635907388496,0.0006520261784863134,0.0007420285022646636,0.0007043074179616075,0.0007894797107681482,-22.0234028111255,-22.033771990597703,0.7344252000002598
highdim_strong,Strong nonlinear,10,cuda,NVIDIA GeForce RTX 4070 Ti SUPER,0,0,10000,7500,2500,"128,64,32",tanh,1000,2,True,85,86,0.05,375,500,4,2375,0.0006490245853702909,0.0011378263461952506,0.0006692800091587419,0.0007630267101399594,0.0007690567896446613,0.000940941933862279,0.0005711573387792766,0.0005545484944964782,0.0005926393951212116,0.0006908152554712671,0.0006629806284895031,0.0007651354623803085,-17.179621746466726,-10.453077591552377,0.9718566999981704
highdim_strong,Strong nonlinear,10,cuda,NVIDIA GeForce RTX 4070 Ti SUPER,0,0,10000,7500,2500,"128,64,32",tanh,1000,2,True,85,86,0.05,375,500,5,2875,0.0006490245853702909,0.0010983991685647766,0.0006382016872265913,0.0007979540512901581,0.0007690567896446613,0.000940941933862279,0.0005645589579791661,0.0005602483044888655,0.0005750518855868099,0.000720451741507909,0.0006572483113227515,0.000759612731610239,-13.044293816721767,-10.75746025959163,1.2106658999982756
highdim_strong,Strong nonlinear,10,cuda,NVIDIA GeForce RTX 4070 Ti SUPER,0,0,10000,7500,2500,"128,64,32",tanh,1000,2,True,85,86,0.1,750,500,0,750,0.0006490245853702909,0.001141591245762556,0.0007677074193380141,0.0008454397026994439,0.00042621923713109577,0.000508410726993213,0.0007121647967602607,0.0006939709132546038,0.0007311408642587316,0.000835041194223667,0.0007582335117664049,0.0010074029659222965,-7.799124982086278,-1.2452689217858683,0.19003770000199438
highdim_strong,Strong nonlinear,10,cuda,NVIDIA GeForce RTX 4070 Ti SUPER,0,0,10000,7500,2500,"128,64,32",tanh,1000,2,True,85,86,0.1,750,500,1,1250,0.0006490245853702909,0.001286987367371751,0.0007867739702970141,0.0009404922459579696,0.00042621923713109577,0.000508410726993213,0.000682851744262535,0.0006401746456417116,0.0007176727877453294,0.0008490266917995264,0.0007972557069947221,0.0009337293799595922,-15.21885634878371,-10.772989240724625,0.3570017000020016
highdim_strong,Strong nonlinear,10,cuda,NVIDIA GeForce RTX 4070 Ti SUPER,0,0,10000,7500,2500,"128,64,32",tanh,1000,2,True,85,86,0.1,750,500,2,1750,0.0006490245853702909,0.0012048289704948325,0.0007198597196969738,0.0008758883172143514,0.00042621923713109577,0.000508410726993213,0.0006542725029178159,0.000568409465073597,0.0006912390482837219,0.0007064204958944068,0.0006380793984255755,0.0008408431070513749,-10.024449520140749,-23.9896523819541,0.5454314000016893
highdim_strong,Strong nonlinear,10,cuda,NVIDIA GeForce RTX 4070 Ti SUPER,0,0,10000,7500,2500,"128,64,32",tanh,1000,2,True,85,86,0.1,750,500,3,2250,0.0006490245853702909,0.0011375758007277528,0.0006647537028373987,0.0008218649573605348,0.00042621923713109577,0.000508410726993213,0.00059163300357358,0.0005744164075213283,0.0006314466193757799,0.0007217979884479954,0.000644613844257759,0.000785483124659015,-12.359131221915488,-13.863569934255795,0.7815596000000369
highdim_strong,Strong nonlinear,10,cuda,NVIDIA GeForce RTX 4070 Ti SUPER,0,0,10000,7500,2500,"128,64,32",tanh,1000,2,True,85,86,0.1,750,500,4,2750,0.0006490245853702909,0.00109986450264275,0.0006323540949157699,0.0007128704241670104,0.00042621923713109577,0.000508410726993213,0.0006018749548003029,0.0005580399125561459,0.0006246795328838563,0.0007127498686660531,0.0006469957297414084,0.0007782987382066802,-5.064031967500579,-0.016914138642069646,1.0292813000014576
highdim_strong,Strong nonlinear,10,cuda,NVIDIA GeForce RTX 4070 Ti SUPER,0,0,10000,7500,2500,"128,64,32",tanh,1000,2,True,85,86,0.1,750,500,5,3250,0.0006490245853702909,0.0010715939668342327,0.0006106240171161098,0.0007615444528907458,0.00042621923713109577,0.000508410726993213,0.0005987290464906619,0.000578461074658273,0.0006197030751283305,0.0007732203360207102,0.0007249052013565817,0.0007858544176326679,-1.9867034504452437,1.5100331155350863,1.3150610000011511
highdim_strong,Strong nonlinear,10,cuda,NVIDIA GeForce RTX 4070 Ti SUPER,0,1,10000,7500,2500,"128,64,32",tanh,1000,2,True,85,86,0.05,375,500,0,375,0.000651199628747928,0.0013604417923966192,0.0011258946278411932,0.0008593413852329779,0.0004906638707910707,0.0006238939001140884,0.0009374390155150829,0.0009146992944617269,0.000971083721100942,0.0010764633347503392,0.0009400462438560202,0.0012570826816310767,-20.103239699551224,20.169934498300183,0.19930870000098366
highdim_strong,Strong nonlinear,10,cuda,NVIDIA GeForce RTX 4070 Ti SUPER,0,1,10000,7500,2500,"128,64,32",tanh,1000,2,True,85,86,0.05,375,500,1,875,0.000651199628747928,0.0014629152412532836,0.0009965639785460146,0.001203703670840891,0.0004906638707910707,0.0006238939001140884,0.0008051431461867421,0.0007058588959379578,0.0009336056922360487,0.0008860493887989462,0.0008106240895997688,0.0009695780583100663,-23.77475772673038,-35.85062932807054,0.3552404000001843
highdim_strong,Strong nonlinear,10,cuda,NVIDIA GeForce RTX 4070 Ti SUPER,0,1,10000,7500,2500,"128,64,32",tanh,1000,2,True,85,86,0.05,375,500,2,1375,0.000651199628747928,0.0013224486945043446,0.0008817573853028697,0.0010171192462686298,0.0004906638707910707,0.0006238939001140884,0.0007677796959164851,0.0007009828111921727,0.0008121284169457669,0.0010265399416162862,0.0008167298318561206,0.0010982204153302786,-14.845103353551362,0.917713472777643,0.5147135999977763
highdim_strong,Strong nonlinear,10,cuda,NVIDIA GeForce RTX 4070 Ti SUPER,0,1,10000,7500,2500,"128,64,32",tanh,1000,2,True,85,86,0.05,375,500,3,1875,0.000651199628747928,0.0012152855019225968,0.0007902346907764149,0.0009980371250968194,0.0004906638707910707,0.0006238939001140884,0.0007291718674605002,0.000695048888446595,0.0007592335875826837,0.0009664062811936049,0.0008369153162150605,0.0010490910474989083,-8.374270325126412,-3.2730379053566745,0.6885861999980989
highdim_strong,Strong nonlinear,10,cuda,NVIDIA GeForce RTX 4070 Ti SUPER,0,1,10000,7500,2500,"128,64,32",tanh,1000,2,True,85,86,0.05,375,500,4,2375,0.000651199628747928,0.0011585381782559052,0.0007427304335848725,0.0009008772747229881,0.0004906638707910707,0.0006238939001140884,0.0007169084514913179,0.0006972756197272509,0.0007197270010230041,0.0008411654401349938,0.0007852880074634813,0.0008816149476105041,-3.601852096992232,-7.098702792450846,0.8936862000009569
highdim_strong,Strong nonlinear,10,cuda,NVIDIA GeForce RTX 4070 Ti SUPER,0,1,10000,7500,2500,"128,64,32",tanh,1000,2,True,85,86,0.05,375,500,5,2875,0.000651199628747928,0.00112024176074951,0.0007101937180261472,0.0008476985954454984,0.0004906638707910707,0.0006238939001140884,0.0006823946606334737,0.0006512850630462703,0.000686110622579396,0.0007497842907122877,0.0006452294127849465,0.0008175162478316741,-4.073750718809461,-13.058996560223088,1.137102299999242
highdim_strong,Strong nonlinear,10,cuda,NVIDIA GeForce RTX 4070 Ti SUPER,0,1,10000,7500,2500,"128,64,32",tanh,1000,2,True,85,86,0.1,750,500,0,750,0.000651199628747928,0.0010823231295214732,0.0008105067310794892,0.0012232907589244152,0.0007194720415302994,0.0008347314565978147,0.0007865088160087855,0.0007230337406533805,0.000812076523174813,0.001000833762671852,0.0008567246269040093,0.0010738616201201414,-3.051194669690213,-22.22716744274157,0.1771418000025733
highdim_strong,Strong nonlinear,10,cuda,NVIDIA GeForce RTX 4070 Ti SUPER,0,1,10000,7500,2500,"128,64,32",tanh,1000,2,True,85,86,0.1,750,500,1,1250,0.000651199628747928,0.00132386141281916,0.0008795515083708157,0.0011745533770387122,0.0007194720415302994,0.0008347314565978147,0.0007463629515010091,0.0006783662894221727,0.0007794071092919333,0.0009122739463887996,0.0008230406288034266,0.0011216023226247901,-17.845011813883758,-28.750073559388092,0.3630722000016249
highdim_strong,Strong nonlinear,10,cuda,NVIDIA GeForce RTX 4070 Ti SUPER,0,1,10000,7500,2500,"128,64,32",tanh,1000,2,True,85,86,0.1,750,500,2,1750,0.000651199628747928,0.0012279251452575724,0.0007998794858799432,0.0010166107510263913,0.0007194720415302994,0.0008347314565978147,0.0007159528041498899,0.0006575120621225955,0.0007482468471640034,0.00093318174866856,0.0008415622911221271,0.0009966251895489255,-11.72237628564169,-8.940273690185823,0.5824022000015248
highdim_strong,Strong nonlinear,10,cuda,NVIDIA GeForce RTX 4070 Ti SUPER,0,1,10000,7500,2500,"128,64,32",tanh,1000,2,True,85,86,0.1,750,500,3,2250,0.000651199628747928,0.0011699763773642452,0.0007510040665211209,0.0008701008013075277,0.0007194720415302994,0.0008347314565978147,0.0006298758021891172,0.0006080803608745679,0.0007133577244923198,0.0008029165179770767,0.0007059380516420485,0.0008578532987318024,-19.230499712963326,-8.36753035044287,0.8153425000018615
highdim_strong,Strong nonlinear,10,cuda,NVIDIA GeForce RTX 4070 Ti SUPER,0,1,10000,7500,2500,"128,64,32",tanh,1000,2,True,85,86,0.1,750,500,4,2750,0.000651199628747928,0.0011323392787862296,0.0007183369267983579,0.0008861202360560169,0.0007194720415302994,0.0008347314565978147,0.0006607016621242915,0.0006329625180656447,0.0006866383149740428,0.0006858370596526876,0.0006495157507947713,0.0007792147954188642,-8.723341861855955,-29.202734612322338,1.0683889000029012
highdim_strong,Strong nonlinear,10,cuda,NVIDIA GeForce RTX 4070 Ti SUPER,0,1,10000,7500,2500,"128,64,32",tanh,1000,2,True,85,86,0.1,750,500,5,3250,0.000651199628747928,0.0010963007456431435,0.0006902753396115795,0.0008403383513663138,0.0007194720415302994,0.0008347314565978147,0.0006612324055593748,0.0006453996721607451,0.0006881920256751387,0.0007871022851261964,0.0006793837314885708,0.000820143422298955,-4.392243000800237,-6.7635512240422475,1.3466798000008566
highdim_strong,Strong nonlinear,10,cuda,NVIDIA GeForce RTX 4070 Ti SUPER,1,0,10000,7500,2500,"128,64,32",tanh,1000,2,True,85,86,0.05,375,500,0,375,0.0004996514343610693,0.001326032105463491,0.0009626211542416224,0.0011016922678589824,0.0008297538951259515,0.0008944659563236178,0.0009437242028341511,0.0008933014903266385,0.001003664758503987,0.0011789705075644064,0.0010782975256061669,0.0012810771519984002,-2.0023807115172816,6.554722040084817,0.18160839999836753
highdim_strong,Strong nonlinear,10,cuda,NVIDIA GeForce RTX 4070 Ti SUPER,1,0,10000,7500,2500,"128,64,32",tanh,1000,2,True,85,86,0.05,375,500,1,875,0.0004996514343610693,0.0012221745293595967,0.0008247862943608579,0.001038229839675091,0.0008297538951259515,0.0008944659563236178,0.000766317287723945,0.000734562198202662,0.0007839848066093729,0.0009715594890922483,0.0008157732795991037,0.0010807481071732552,-7.629869190420192,-6.862199518542549,0.33188430000154767
highdim_strong,Strong nonlinear,10,cuda,NVIDIA GeForce RTX 4070 Ti SUPER,1,0,10000,7500,2500,"128,64,32",tanh,1000,2,True,85,86,0.05,375,500,2,1375,0.0004996514343610693,0.0011574930560007528,0.0007662443086919184,0.0009160372275871502,0.0008297538951259515,0.0008944659563236178,0.0006953707116754174,0.0006811094417663229,0.0007091159999491086,0.0008786393180930115,0.0007745228401546459,0.0010116057034388693,-10.192203356643969,-4.256343726491391,0.5103851999992912
highdim_strong,Strong nonlinear,10,cuda,NVIDIA GeForce RTX 4070 Ti SUPER,1,0,10000,7500,2500,"128,64,32",tanh,1000,2,True,85,86,0.05,375,500,3,1875,0.0004996514343610693,0.0011106834821342356,0.0007216254918040276,0.0009617664437878786,0.0008297538951259515,0.0008944659563236178,0.0006802811019254622,0.0006596790838830538,0.0006990774556074424,0.0007096387471722071,0.0006395537362836949,0.0008730856396603673,-6.0775449680351965,-35.529020592570326,0.6794742999991286
highdim_strong,Strong nonlinear,10,cuda,NVIDIA GeForce RTX 4070 Ti SUPER,1,0,10000,7500,2500,"128,64,32",tanh,1000,2,True,85,86,0.05,375,500,4,2375,0.0004996514343610693,0.0010709713702790602,0.0006807121514385356,0.0008643323998674612,0.0008297538951259515,0.0008944659563236178,0.000664943691943621,0.0006398606530178993,0.0006801650167324858,0.0007500288467128996,0.0006801631079800801,0.0008268894238930792,-2.3713977117105465,-15.239887593058857,0.9006243000003451
highdim_strong,Strong nonlinear,10,cuda,NVIDIA GeForce RTX 4070 Ti SUPER,1,0,10000,7500,2500,"128,64,32",tanh,1000,2,True,85,86,0.05,375,500,5,2875,0.0004996514343610693,0.0010472150389364667,0.0006605256227504612,0.0009115011230524477,0.0008297538951259515,0.0008944659563236178,0.0006585476815836699,0.0006545046940124012,0.0006718268497415233,0.0008560076423347971,0.0007933718822204185,0.0009932862939465907,-0.3003489682075544,-6.482825382994217,1.1773623000008229
highdim_strong,Strong nonlinear,10,cuda,NVIDIA GeForce RTX 4070 Ti SUPER,1,0,10000,7500,2500,"128,64,32",tanh,1000,2,True,85,86,0.1,750,500,0,750,0.0004996514343610693,0.0011558579510352488,0.0007933150745070182,0.0006865026337095738,0.0004033739883367111,0.00045623335745109114,0.000767911535988711,0.0007512882843929769,0.00084263926840118,0.0009339168901888791,0.0008954278971285002,0.0011480965559229211,-3.3081334669102658,26.49210642600834,0.165166800001316
highdim_strong,Strong nonlinear,10,cuda,NVIDIA GeForce RTX 4070 Ti SUPER,1,0,10000,7500,2500,"128,64,32",tanh,1000,2,True,85,86,0.1,750,500,1,1250,0.0004996514343610693,0.0011776062807053872,0.0007851896807474227,0.001074922880783814,0.0004033739883367111,0.00045623335745109114,0.0007649285556978455,0.0007519420954733322,0.0007881532402846318,0.0008969584290943192,0.0007680177605129602,0.0009923331275689922,-2.6487604494112427,-19.840880682640982,0.35964919999969425
highdim_strong,Strong nonlinear,10,cuda,NVIDIA GeForce RTX 4070 Ti SUPER,1,0,10000,7500,2500,"128,64,32",tanh,1000,2,True,85,86,0.1,750,500,2,1750,0.0004996514343610693,0.001116067851320074,0.0007293568560519715,0.0008301973208529499,0.0004033739883367111,0.00045623335745109114,0.0007377468021404107,0.0007020964983522639,0.000754921327410419,0.0008108480736763099,0.000724274606508156,0.0009552536096231199,1.13723923493773,-2.386297483437587,0.5586662999994587
highdim_strong,Strong nonlinear,10,cuda,NVIDIA GeForce RTX 4070 Ti SUPER,1,0,10000,7500,2500,"128,64,32",tanh,1000,2,True,85,86,0.1,750,500,3,2250,0.0004996514343610693,0.001076236572649117,0.0006891942008432238,0.0007815023710864223,0.0004033739883367111,0.00045623335745109114,0.000705654009112378,0.0006796890790268358,0.0007247895387582533,0.0008302546551757909,0.0007701851148531167,0.0010237259576887014,2.332560724746456,5.871967568678814,0.7467123999995238
highdim_strong,Strong nonlinear,10,cuda,NVIDIA GeForce RTX 4070 Ti SUPER,1,0,10000,7500,2500,"128,64,32",tanh,1000,2,True,85,86,0.1,750,500,4,2750,0.0004996514343610693,0.0010511303973173532,0.0006631378190971679,0.0007981352305503225,0.0004033739883367111,0.00045623335745109114,0.0006760321783822677,0.0006702719124644951,0.0006997328576167756,0.0007032707419293457,0.0005930316744273721,0.000764951581040464,1.9073588059011986,-13.489042407867911,0.9810251999988395
highdim_strong,Strong nonlinear,10,cuda,NVIDIA GeForce RTX 4070 Ti SUPER,1,0,10000,7500,2500,"128,64,32",tanh,1000,2,True,85,86,0.1,750,500,5,3250,0.0004996514343610693,0.001033801232614558,0.0006492504492415671,0.0008036699557238407,0.0004033739883367111,0.00045623335745109114,0.0006699961077052695,0.0006458053190149722,0.000678755387403583,0.0008098073644922507,0.0006487738432752726,0.0010044881681339408,3.096384923004412,0.757885027664344,1.224318000000494
highdim_strong,Strong nonlinear,10,cuda,NVIDIA GeForce RTX 4070 Ti SUPER,1,1,10000,7500,2500,"128,64,32",tanh,1000,2,True,85,86,0.05,375,500,0,375,0.0005171099780137913,0.0012716295512128972,0.0009042136082882209,0.001084536054431061,0.000571218002518767,0.0006523321400073425,0.0010073110984481297,0.0009293641853128482,0.0011082161571357796,0.0012644991498718995,0.0009280055914912441,0.0014467299262268126,10.234920504573173,14.23196650302767,0.16067570000086562
highdim_strong,Strong nonlinear,10,cuda,NVIDIA GeForce RTX 4070 Ti SUPER,1,1,10000,7500,2500,"128,64,32",tanh,1000,2,True,85,86,0.05,375,500,1,875,0.0005171099780137913,0.001204879460912124,0.0008308370801735993,0.0009541174124462705,0.000571218002518767,0.0006523321400073425,0.0007325219529523815,0.000684979070537127,0.0007707981051250038,0.0009903981267151843,0.000751695457044708,0.0010519149573105916,-13.421458131727677,3.6632454454699652,0.33365889999913634
highdim_strong,Strong nonlinear,10,cuda,NVIDIA GeForce RTX 4070 Ti SUPER,1,1,10000,7500,2500,"128,64,32",tanh,1000,2,True,85,86,0.05,375,500,2,1375,0.0005171099780137913,0.0011353855575809873,0.0007696214388958348,0.0008834036199244304,0.000571218002518767,0.0006523321400073425,0.0007327078086234835,0.0007072144509965804,0.0007478660866307443,0.0008587667015440224,0.0007592159925632403,0.0009272895385365427,-5.03797418806002,-2.868872108817449,0.47163480000017444
highdim_strong,Strong nonlinear,10,cuda,NVIDIA GeForce RTX 4070 Ti SUPER,1,1,10000,7500,2500,"128,64,32",tanh,1000,2,True,85,86,0.05,375,500,3,1875,0.0005171099780137913,0.001097775013756927,0.0007308846210357492,0.0010443482862917538,0.000571218002518767,0.0006523321400073425,0.0007066024836403378,0.000699018961337729,0.0007165224591593131,0.000846198266640499,0.0007709991862371622,0.0009828726172926227,-3.43646363515629,-23.416500300565772,0.6542693000010331
highdim_strong,Strong nonlinear,10,cuda,NVIDIA GeForce RTX 4070 Ti SUPER,1,1,10000,7500,2500,"128,64,32",tanh,1000,2,True,85,86,0.05,375,500,4,2375,0.0005171099780137913,0.0010674068599031247,0.0006968179287066571,0.0008220867324454477,0.000571218002518767,0.0006523321400073425,0.0006669555742323632,0.0006561584422733154,0.0006802383449693702,0.0007485091257076744,0.0006623211274827502,0.0008198149263315696,-4.477412833480585,-9.829887734262387,0.8473511000011058
highdim_strong,Strong nonlinear,10,cuda,NVIDIA GeForce RTX 4070 Ti SUPER,1,1,10000,7500,2500,"128,64,32",tanh,1000,2,True,85,86,0.05,375,500,5,2875,0.0005171099780137913,0.0010449083136572642,0.000678835257123324,0.0008382910230470467,0.000571218002518767,0.0006523321400073425,0.0006561162918037628,0.0006506180296221161,0.0006710549134181082,0.0007721141390838679,0.0007310196828036725,0.0008951531241987313,-3.46264307156637,-8.57086803794311,1.0711828999992576
highdim_strong,Strong nonlinear,10,cuda,NVIDIA GeForce RTX 4070 Ti SUPER,1,1,10000,7500,2500,"128,64,32",tanh,1000,2,True,85,86,0.1,750,500,0,750,0.0005171099780137913,0.001251312709979859,0.0008738252226825523,0.0010222719332078547,0.0012055929673118236,0.0014256176508530207,0.0008485616631428286,0.000783076336081185,0.0008985069049126985,0.0009633568802701735,0.0008377673014156926,0.0014037222541609926,-2.9772214132505943,-6.115599955144184,0.17591040000115754
highdim_strong,Strong nonlinear,10,cuda,NVIDIA GeForce RTX 4070 Ti SUPER,1,1,10000,7500,2500,"128,64,32",tanh,1000,2,True,85,86,0.1,750,500,1,1250,0.0005171099780137913,0.0011388507188192878,0.0007681879628524322,0.0009562637494112909,0.0012055929673118236,0.0014256176508530207,0.00074660001299904,0.0007212158712661164,0.0007704964019862163,0.0008615190495551098,0.0008535716368023212,0.0009550624393666702,-2.8915014033652144,-10.997400452736061,0.3335274000019126
highdim_strong,Strong nonlinear,10,cuda,NVIDIA GeForce RTX 4070 Ti SUPER,1,1,10000,7500,2500,"128,64,32",tanh,1000,2,True,85,86,0.1,750,500,2,1750,0.0005171099780137913,0.0011020771175180453,0.0007374569478346376,0.0010162593349910337,0.0012055929673118236,0.0014256176508530207,0.000693650510833393,0.000682148652332763,0.0007028766948361555,0.0008638461729448736,0.0008224365114921971,0.0009002529867848267,-6.315347039622728,-17.643553542244643,0.5008343000008608
highdim_strong,Strong nonlinear,10,cuda,NVIDIA GeForce RTX 4070 Ti SUPER,1,1,10000,7500,2500,"128,64,32",tanh,1000,2,True,85,86,0.1,750,500,3,2250,0.0005171099780137913,0.001070738389955264,0.000703158989550114,0.0009913245834976916,0.0012055929673118236,0.0014256176508530207,0.0006751091254091842,0.0006555461789814379,0.0006801098315851149,0.0008409447325927631,0.0007863184634211228,0.0009046108225359774,-4.154863722798696,-17.882251362855214,0.7046183000020392
highdim_strong,Strong nonlinear,10,cuda,NVIDIA GeForce RTX 4070 Ti SUPER,1,1,10000,7500,2500,"128,64,32",tanh,1000,2,True,85,86,0.1,750,500,4,2750,0.0005171099780137913,0.0010503823211097355,0.0006817503768900661,0.0008687647018466441,0.0012055929673118236,0.0014256176508530207,0.0006502414361913478,0.0006487151093883428,0.0006526304899489365,0.0007588441458151477,0.0007104289271933216,0.0007836789920879097,-4.845729439095009,-14.485261122153112,0.9420017000011285
highdim_strong,Strong nonlinear,10,cuda,NVIDIA GeForce RTX 4070 Ti SUPER,1,1,10000,7500,2500,"128,64,32",tanh,1000,2,True,85,86,0.1,750,500,5,3250,0.0005171099780137913,0.0010315312865007904,0.000666914985727317,0.0008110666069371505,0.0012055929673118236,0.0014256176508530207,0.000635125132075154,0.000628443279414414,0.0006418514461563839,0.0007883434160983495,0.0007078095987179668,0.0008274227518413361,-5.0052898313589855,-2.8823974900763556,1.1932100000012724
highdim_strong,Strong nonlinear,10,cuda,NVIDIA GeForce RTX 4070 Ti SUPER,2,0,10000,7500,2500,"128,64,32",tanh,1000,2,True,85,86,0.05,375,500,0,375,0.0006072641846757182,0.000998814184126017,0.0006273881314714707,0.0008266611980821399,0.0006879966674338636,0.0008026360310935523,0.0006960669646547158,0.0006340342132047236,0.0007785947096429715,0.0008413794436472458,0.000719400741350832,0.0009897144730653619,9.866699135378903,1.7492994006728637,0.181641999999556
highdim_strong,Strong nonlinear,10,cuda,NVIDIA GeForce RTX 4070 Ti SUPER,2,0,10000,7500,2500,"128,64,32",tanh,1000,2,True,85,86,0.05,375,500,1,875,0.0006072641846757182,0.0012354253792933039,0.0008277694032974226,0.0010185979327734988,0.0006879966674338636,0.0008026360310935523,0.0005537523277303808,0.000524021668557918,0.0006047381738053536,0.0007335276618712167,0.0006199999333172334,0.0008217544424411222,-49.48368825646892,-38.86292033964646,0.33924999999726424
highdim_strong,Strong nonlinear,10,cuda,NVIDIA GeForce RTX 4070 Ti SUPER,2,0,10000,7500,2500,"128,64,32",tanh,1000,2,True,85,86,0.05,375,500,2,1375,0.0006072641846757182,0.0011349855080392927,0.0007317381683472003,0.0009239603577707586,0.0006879966674338636,0.0008026360310935523,0.0005748537489626915,0.0005036805592315414,0.0006369783769451375,0.0007279113702462365,0.0006554143537950089,0.0008178737945938186,-27.291188353142456,-26.933084924638976,0.5145243999977538
highdim_strong,Strong nonlinear,10,cuda,NVIDIA GeForce RTX 4070 Ti SUPER,2,0,10000,7500,2500,"128,64,32",tanh,1000,2,True,85,86,0.05,375,500,3,1875,0.0006072641846757182,0.0010723889388132395,0.0006771916216786686,0.0008848045642096544,0.0006879966674338636,0.0008026360310935523,0.0005757068526559897,0.0005693421170180205,0.0006247380563504924,0.0007281402077738406,0.0006739300337338933,0.0007761846279242219,-17.627854967243284,-21.515685408279705,0.7215651999977126
highdim_strong,Strong nonlinear,10,cuda,NVIDIA GeForce RTX 4070 Ti SUPER,2,0,10000,7500,2500,"128,64,32",tanh,1000,2,True,85,86,0.05,375,500,4,2375,0.0006072641846757182,0.00101662944791103,0.0006248851427257089,0.0008217962379101636,0.0006879966674338636,0.0008026360310935523,0.0005119972739604227,0.0004943950854812384,0.0005588922246289936,0.0006296524384364005,0.0006103542935798658,0.0006892357279316141,-22.048529261117192,-30.515850927363797,0.949364299998706
highdim_strong,Strong nonlinear,10,cuda,NVIDIA GeForce RTX 4070 Ti SUPER,2,0,10000,7500,2500,"128,64,32",tanh,1000,2,True,85,86,0.05,375,500,5,2875,0.0006072641846757182,0.0009804104364945071,0.0005900541108515774,0.0006699602088281779,0.0006879966674338636,0.0008026360310935523,0.0005246728242951207,0.0005082243963179489,0.0005390372838360755,0.0006847246416202494,0.0006160473235879075,0.0007168498754890679,-12.46134419946262,2.1562584277870798,1.1979065999985323
highdim_strong,Strong nonlinear,10,cuda,NVIDIA GeForce RTX 4070 Ti SUPER,2,0,10000,7500,2500,"128,64,32",tanh,1000,2,True,85,86,0.1,750,500,0,750,0.0006072641846757182,0.0009502120828123593,0.000599847015378576,0.0009384451170723726,0.0005769435901474699,0.00072361820791992,0.000563026297877095,0.0005504804691650396,0.0006044345565900346,0.0007070924032549404,0.0006629359683614203,0.0007388726383942398,-6.5397864434245,-32.7188798454703,0.19154210000124294
highdim_strong,Strong nonlinear,10,cuda,NVIDIA GeForce RTX 4070 Ti SUPER,2,0,10000,7500,2500,"128,64,32",tanh,1000,2,True,85,86,0.1,750,500,1,1250,0.0006072641846757182,0.001110815447252983,0.0007110225212451998,0.0009807962712450784,0.0005769435901474699,0.00072361820791992,0.000552351370045002,0.0005324425313481733,0.000562164218470782,0.0006954210377824899,0.0006496314745360375,0.0007887265849328711,-28.726488211167172,-41.03632446504252,0.39011780000146246
highdim_strong,Strong nonlinear,10,cuda,NVIDIA GeForce RTX 4070 Ti SUPER,2,0,10000,7500,2500,"128,64,32",tanh,1000,2,True,85,86,0.1,750,500,2,1750,0.0006072641846757182,0.0010775138810840356,0.0006823371592146669,0.0009003749005025437,0.0005769435901474699,0.00072361820791992,0.0005292773743322506,0.0005227541648023126,0.000539065085048487,0.0006638355426367175,0.0005961951763080624,0.0007358042444775399,-28.91863365131002,-35.632222542093075,0.598301400001219
highdim_strong,Strong nonlinear,10,cuda,NVIDIA GeForce RTX 4070 Ti SUPER,2,0,10000,7500,2500,"128,64,32",tanh,1000,2,True,85,86,0.1,750,500,3,2250,0.0006072641846757182,0.0010278542607990444,0.0006348407819079289,0.0008099775601140177,0.0005769435901474699,0.00072361820791992,0.0005055663030673743,0.0004968592845107308,0.0005573191093692404,0.0006658045773568821,0.0006250893475248702,0.0006967504272479083,-25.57023244156501,-21.65394887032393,0.8576027000017348
highdim_strong,Strong nonlinear,10,cuda,NVIDIA GeForce RTX 4070 Ti SUPER,2,0,10000,7500,2500,"128,64,32",tanh,1000,2,True,85,86,0.1,750,500,4,2750,0.0006072641846757182,0.0009905575474399141,0.000599100675815573,0.0008081800424545028,0.0005769435901474699,0.00072361820791992,0.0005386885151133098,0.0005225376021667568,0.000573931094259715,0.000674549394180693,0.0006406377964196385,0.0007504237041621702,-11.214673973428937,-19.810357762772515,1.0897528999994393
highdim_strong,Strong nonlinear,10,cuda,NVIDIA GeForce RTX 4070 Ti SUPER,2,0,10000,7500,2500,"128,64,32",tanh,1000,2,True,85,86,0.1,750,500,5,3250,0.0006072641846757182,0.0009650792752683154,0.000574420920241962,0.000712160218342786,0.0005769435901474699,0.00072361820791992,0.0005203260056886878,0.00048528846381965267,0.0005385484100021297,0.0006931740542029821,0.0006140565759190826,0.0007052784597910331,-10.39635035763316,-2.739018291969157,1.3469800000020768
highdim_strong,Strong nonlinear,10,cuda,NVIDIA GeForce RTX 4070 Ti SUPER,2,1,10000,7500,2500,"128,64,32",tanh,1000,2,True,85,86,0.05,375,500,0,375,0.0006158708133172297,0.0010670762652236253,0.0007069996505633423,0.0008991402778693461,0.0006971462893464054,0.000754389297603853,0.0006905759463687936,0.0006665861698118765,0.0007156811752584476,0.0008979090712945037,0.0008523223014616217,0.000970593392994497,-2.3782618379496565,-0.1371192935012195,0.1683314000001701
highdim_strong,Strong nonlinear,10,cuda,NVIDIA GeForce RTX 4070 Ti SUPER,2,1,10000,7500,2500,"128,64,32",tanh,1000,2,True,85,86,0.05,375,500,1,875,0.0006158708133172297,0.0012941630071180172,0.0008596274430969151,0.0011681928911152278,0.0006971462893464054,0.000754389297603853,0.0005478279731852086,0.0005420612739211494,0.0005576739945915077,0.0007441039885472873,0.0007044550133713114,0.0007932675195976256,-56.91558028678721,-56.99323066334967,0.3670268000023498
highdim_strong,Strong nonlinear,10,cuda,NVIDIA GeForce RTX 4070 Ti SUPER,2,1,10000,7500,2500,"128,64,32",tanh,1000,2,True,85,86,0.05,375,500,2,1375,0.0006158708133172297,0.0011684489006903295,0.0007426765271599689,0.0009096322406695039,0.0006971462893464054,0.000754389297603853,0.0005216329279479524,0.0005094875755094376,0.000547433444370169,0.0006897973268978149,0.0006080873952610422,0.0007131499631675897,-42.37531554642806,-31.86949342937289,0.5736213000018324
highdim_strong,Strong nonlinear,10,cuda,NVIDIA GeForce RTX 4070 Ti SUPER,2,1,10000,7500,2500,"128,64,32",tanh,1000,2,True,85,86,0.05,375,500,3,1875,0.0006158708133172297,0.0010991760653467286,0.0006799071943457283,0.0008876338832069009,0.0006971462893464054,0.000754389297603853,0.0005741411424863318,0.0004932747864706241,0.0005861028624452757,0.0007091922984433345,0.0006199438465337263,0.0007439058563882697,-18.421611696624655,-25.161241197238436,0.7688275000000431
highdim_strong,Strong nonlinear,10,cuda,NVIDIA GeForce RTX 4070 Ti SUPER,2,1,10000,7500,2500,"128,64,32",tanh,1000,2,True,85,86,0.05,375,500,4,2375,0.0006158708133172297,0.001033477459934964,0.0006172977997999022,0.0008044751831635417,0.0006971462893464054,0.000754389297603853,0.0005393775543536879,0.0005058689172898832,0.0005808369579450732,0.0006930038448934383,0.0006501705537935903,0.0007052781054741672,-14.446327033312073,-16.085240953784908,0.9688650999996753
highdim_strong,Strong nonlinear,10,cuda,NVIDIA GeForce RTX 4070 Ti SUPER,2,1,10000,7500,2500,"128,64,32",tanh,1000,2,True,85,86,0.05,375,500,5,2875,0.0006158708133172297,0.0009929505062361802,0.0005795062981878936,0.0007562735493404288,0.0006971462893464054,0.000754389297603853,0.0004857623089802066,0.00047154041226794667,0.00053045023822759,0.000627636759792717,0.0005689259436608195,0.000687487081747102,-19.29832501918274,-20.495419928908458,1.215475700002571
highdim_strong,Strong nonlinear,10,cuda,NVIDIA GeForce RTX 4070 Ti SUPER,2,1,10000,7500,2500,"128,64,32",tanh,1000,2,True,85,86,0.1,750,500,0,750,0.0006158708133172297,0.0009659302948464393,0.0005323996010776803,0.0006917723308352773,0.0005043839300122099,0.0006421608669484649,0.0005360118249290995,0.0005234793234891368,0.0005833517659109634,0.000668929978450391,0.0006346990501499051,0.0007747518291440702,0.6739074929731327,-3.414759858393803,0.18455420000100276
highdim_strong,Strong nonlinear,10,cuda,NVIDIA GeForce RTX 4070 Ti SUPER,2,1,10000,7500,2500,"128,64,32",tanh,1000,2,True,85,86,0.1,750,500,1,1250,0.0006158708133172297,0.0011554548452550623,0.000719468391619485,0.000931621009161522,0.0005043839300122099,0.0006421608669484649,0.0004967536799895663,0.0004920617644805143,0.0005015957790878063,0.000608493226911329,0.0006034724039039305,0.0006257238376320033,-44.83403356661525,-53.10293820201879,0.3717004000027373
highdim_strong,Strong nonlinear,10,cuda,NVIDIA GeForce RTX 4070 Ti SUPER,2,1,10000,7500,2500,"128,64,32",tanh,1000,2,True,85,86,0.1,750,500,2,1750,0.0006158708133172297,0.0010995737918537446,0.0006737965057055609,0.0008494205061621451,0.0005043839300122099,0.0006421608669484649,0.0004876351796424143,0.00047686799628348536,0.0005591180912608867,0.0006116823723735638,0.0005880144114130224,0.0007094335193806051,-38.176352698683424,-38.86627186362515,0.5519518000000971
highdim_strong,Strong nonlinear,10,cuda,NVIDIA GeForce RTX 4070 Ti SUPER,2,1,10000,7500,2500,"128,64,32",tanh,1000,2,True,85,86,0.1,750,500,3,2250,0.0006158708133172297,0.0010500480500670814,0.0006333152912549271,0.0008319817232650178,0.0005043839300122099,0.0006421608669484649,0.0005399412267858637,0.0004938135797212355,0.0005879287095477685,0.0006946066123296242,0.0006057735081328306,0.0007449509203430523,-17.2933756188421,-19.777397522124723,0.750970299999608
highdim_strong,Strong nonlinear,10,cuda,NVIDIA GeForce RTX 4070 Ti SUPER,2,1,10000,7500,2500,"128,64,32",tanh,1000,2,True,85,86,0.1,750,500,4,2750,0.0006158708133172297,0.0010054142158579624,0.0005890324070347015,0.0006646053824705331,0.0005043839300122099,0.0006421608669484649,0.0004905117515089928,0.00047116454701435107,0.0005344801336511747,0.0006527639067763287,0.0006459904744641963,0.0006838331424766416,-20.085279348073357,-1.8140518449746141,1.0120213000009244
highdim_strong,Strong nonlinear,10,cuda,NVIDIA GeForce RTX 4070 Ti SUPER,2,1,10000,7500,2500,"128,64,32",tanh,1000,2,True,85,86,0.1,750,500,5,3250,0.0006158708133172297,0.000978285796467107,0.0005645366956092782,0.0006548183611332756,0.0005043839300122099,0.0006421608669484649,0.00046880626288382766,0.0004595439864871866,0.0004992383534652248,0.0006301609406224226,0.0006082367575728762,0.0006727574191756653,-20.420041348545933,-3.9128766829785384,1.281883999999991
highdim_poly2,Quadratic,20,cuda,NVIDIA GeForce RTX 4070 Ti SUPER,0,0,10000,7500,2500,"128,64,32",tanh,1000,2,True,270,271,0.05,375,500,0,375,0.006592194726335981,0.00871622153743999,0.005991915381182757,0.0040936353453417595,0.022387218369055217,0.012525339536059553,0.006695022059422882,0.006023582472705029,0.006920330825141518,0.0042807140096941965,0.0038408448935988784,0.004651425809555712,10.501932211717515,4.370267762078352,0.9174087999999756
highdim_poly2,Quadratic,20,cuda,NVIDIA GeForce RTX 4070 Ti SUPER,0,0,10000,7500,2500,"128,64,32",tanh,1000,2,True,270,271,0.05,375,500,1,875,0.006592194726335981,0.005120363608602351,0.00258515073764018,0.0017607699176842536,0.022387218369055217,0.012525339536059553,0.0029597200985273424,0.0028895698673933505,0.002996460037582356,0.00202694829219583,0.0019434643290653368,0.0021198185160712204,12.655567027217732,13.13197655492338,1.615278200002649
highdim_poly2,Quadratic,20,cuda,NVIDIA GeForce RTX 4070 Ti SUPER,0,0,10000,7500,2500,"128,64,32",tanh,1000,2,True,270,271,0.05,375,500,2,1375,0.006592194726335981,0.004835913447422291,0.00241143179888555,0.001615770605164651,0.022387218369055217,0.012525339536059553,0.0025329560129216397,0.0025214304526550886,0.0025577789753270684,0.0017019594600424922,0.001629761694767637,0.001721006377168253,4.79772303254163,5.064095643952029,2.36885710000206
highdim_poly2,Quadratic,20,cuda,NVIDIA GeForce RTX 4070 Ti SUPER,0,0,10000,7500,2500,"128,64,32",tanh,1000,2,True,270,271,0.05,375,500,3,1875,0.006592194726335981,0.004839329438902544,0.0023671544871831963,0.0016270699041093766,0.022387218369055217,0.012525339536059553,0.0024142065581101695,0.002402661415935289,0.002441067339028827,0.0016515966499341585,0.0015962041599761308,0.0017250056745686643,1.9489662460284813,1.4850324276063207,4.13331560000006
highdim_poly2,Quadratic,20,cuda,NVIDIA GeForce RTX 4070 Ti SUPER,0,0,10000,7500,2500,"128,64,32",tanh,1000,2,True,270,271,0.05,375,500,4,2375,0.006592194726335981,0.004769654933597248,0.0023024769197670623,0.0016702174044048155,0.022387218369055217,0.012525339536059553,0.002334288404763101,0.00231800057936674,0.0023535238060631326,0.0016436689582099684,0.0016041395248288408,0.0016739266520249896,1.3627915441437097,-1.6151942313103942,5.740961800001969
highdim_poly2,Quadratic,20,cuda,NVIDIA GeForce RTX 4070 Ti SUPER,0,0,10000,7500,2500,"128,64,32",tanh,1000,2,True,270,271,0.05,375,500,5,2875,0.006592194726335981,0.004732025654885177,0.002272006814669687,0.0016415379874569064,0.022387218369055217,0.012525339536059553,0.002317307903609697,0.0022859572910857964,0.0023228120270530972,0.0015684814640159312,0.001532195841596393,0.0016026071056929386,1.9549015851300386,-4.657786854166684,7.205706100001407
highdim_poly2,Quadratic,20,cuda,NVIDIA GeForce RTX 4070 Ti SUPER,0,0,10000,7500,2500,"128,64,32",tanh,1000,2,True,270,271,0.1,750,500,0,750,0.006592194726335981,0.005974777471348917,0.0036644079476022186,0.0023437214326439064,0.003110716941512776,0.0020393654832512745,0.0030242504738683656,0.002959979116716214,0.0031054392876069628,0.002030954550116682,0.0019592464527031137,0.002148411845564754,-21.167475355142052,-15.39999418053227,0.6368701999999757
highdim_poly2,Quadratic,20,cuda,NVIDIA GeForce RTX 4070 Ti SUPER,0,0,10000,7500,2500,"128,64,32",tanh,1000,2,True,270,271,0.1,750,500,1,1250,0.006592194726335981,0.004895017909996922,0.002459226183673197,0.001631696336546803,0.003110716941512776,0.0020393654832512745,0.0026894710856471553,0.00266462570413359,0.002763546889380027,0.0019333649313690755,0.0018889396209074941,0.0020166554766185125,8.560973315634495,15.603292990767743,1.3831128000019817
highdim_poly2,Quadratic,20,cuda,NVIDIA GeForce RTX 4070 Ti SUPER,0,0,10000,7500,2500,"128,64,32",tanh,1000,2,True,270,271,0.1,750,500,2,1750,0.006592194726335981,0.0048056469587910555,0.0023768553860505845,0.0015577977273080112,0.003110716941512776,0.0020393654832512745,0.0024646793157806703,0.0024276200280123426,0.0024874004981172426,0.001767869689590095,0.0016664558942078409,0.0018531145243001913,3.5633004735250173,11.882774138788012,3.0382062000026053
highdim_poly2,Quadratic,20,cuda,NVIDIA GeForce RTX 4070 Ti SUPER,0,0,10000,7500,2500,"128,64,32",tanh,1000,2,True,270,271,0.1,750,500,3,2250,0.006592194726335981,0.004795689803219382,0.0023288490673750856,0.0016614966088817303,0.003110716941512776,0.0020393654832512745,0.0023792233008207513,0.002357191571758028,0.0024082640652958367,0.0016752447831029416,0.001595524168964941,0.0017229674742690224,2.1172553844899022,0.8206665891384838,4.603813600002468
highdim_poly2,Quadratic,20,cuda,NVIDIA GeForce RTX 4070 Ti SUPER,0,0,10000,7500,2500,"128,64,32",tanh,1000,2,True,270,271,0.1,750,500,4,2750,0.006592194726335981,0.004737349682686218,0.002280592804838561,0.0016081696385574513,0.003110716941512776,0.0020393654832512745,0.002341251681401939,0.002327903333596433,0.0023542344953394094,0.0016106401313471007,0.0015470232409500178,0.001646754186253446,2.5908738067432258,0.15338577138166673,6.188151400001516
highdim_poly2,Quadratic,20,cuda,NVIDIA GeForce RTX 4070 Ti SUPER,0,0,10000,7500,2500,"128,64,32",tanh,1000,2,True,270,271,0.1,750,500,5,3250,0.006592194726335981,0.004702335915365081,0.002245806667820661,0.0015225203908298185,0.003110716941512776,0.0020393654832512745,0.0022934030836446904,0.0022873261509871448,0.002305483429379087,0.0015857247234628722,0.0015537014889799143,0.001683977186822317,2.0753619877578946,3.985832578496316,7.8255919000002905
highdim_poly2,Quadratic,20,cuda,NVIDIA GeForce RTX 4070 Ti SUPER,0,1,10000,7500,2500,"128,64,32",tanh,1000,2,True,270,271,0.05,375,500,0,375,0.007822400222318237,0.011693124220447992,0.010595690518281435,0.0070714561924539975,0.05837109187963511,0.029503579547667587,0.009654182587530258,0.009055551824464573,0.01028621942597374,0.00664619934555905,0.006053521127956155,0.006957295590475216,-9.752331926757504,-6.398496716459477,0.921151499998814
highdim_poly2,Quadratic,20,cuda,NVIDIA GeForce RTX 4070 Ti SUPER,0,1,10000,7500,2500,"128,64,32",tanh,1000,2,True,270,271,0.05,375,500,1,875,0.007822400222318237,0.005147062796807101,0.004023419834232151,0.002748942621000887,0.05837109187963511,0.029503579547667587,0.004471070182009006,0.004414050788892242,0.0045825880011985285,0.003012822753274288,0.0028738345096843876,0.003122209020088063,10.0121521146803,8.758568089895778,1.6159669999979087
highdim_poly2,Quadratic,20,cuda,NVIDIA GeForce RTX 4070 Ti SUPER,0,1,10000,7500,2500,"128,64,32",tanh,1000,2,True,270,271,0.05,375,500,2,1375,0.007822400222318237,0.004859306288033598,0.0036929563272887008,0.002319014634993389,0.05837109187963511,0.029503579547667587,0.003830400784980047,0.0038145760522335045,0.0038992790911940673,0.0026686510125474927,0.0026369299130853847,0.002691730420986194,3.588252650487648,13.101614857475916,2.370634599999903
highdim_poly2,Quadratic,20,cuda,NVIDIA GeForce RTX 4070 Ti SUPER,0,1,10000,7500,2500,"128,64,32",tanh,1000,2,True,270,271,0.05,375,500,3,1875,0.007822400222318237,0.004809730493392254,0.0035445316169882475,0.0024803261761342944,0.05837109187963511,0.029503579547667587,0.003697747659616612,0.003633431248377941,0.003718757626182369,0.0024400000143214077,0.002423533819510533,0.0026057039152070595,4.14349643978276,-1.6527115400079972,4.086647500000254
highdim_poly2,Quadratic,20,cuda,NVIDIA GeForce RTX 4070 Ti SUPER,0,1,10000,7500,2500,"128,64,32",tanh,1000,2,True,270,271,0.05,375,500,4,2375,0.007822400222318237,0.004755884220365553,0.003489983602642145,0.0022170658912978114,0.05837109187963511,0.029503579547667587,0.0035591178809283087,0.0035223292224276833,0.003633820008676732,0.002389492901066128,0.0023393991810889267,0.00244644704786342,1.9424554229187787,7.21605030470625,5.731649800000014
highdim_poly2,Quadratic,20,cuda,NVIDIA GeForce RTX 4070 Ti SUPER,0,1,10000,7500,2500,"128,64,32",tanh,1000,2,True,270,271,0.05,375,500,5,2875,0.007822400222318237,0.004744028085273282,0.0034405817463789108,0.0022648953487759372,0.05837109187963511,0.029503579547667587,0.0034798651004929195,0.003473423788003248,0.0035072353986601986,0.0024656436810273877,0.0024124346127662446,0.002557585220077797,1.128875774766219,8.141822510534142,7.36942949999866
highdim_poly2,Quadratic,20,cuda,NVIDIA GeForce RTX 4070 Ti SUPER,0,1,10000,7500,2500,"128,64,32",tanh,1000,2,True,270,271,0.1,750,500,0,750,0.007822400222318237,0.006096146876351715,0.004798546715250147,0.002970021285750099,0.003974600189230237,0.0026253969741202943,0.004980620678184892,0.004861426470913357,0.005059844257417836,0.003406485093540976,0.003332504045490695,0.0035046032518212273,3.6556480547139065,12.812732062689909,0.6307650999988255
highdim_poly2,Quadratic,20,cuda,NVIDIA GeForce RTX 4070 Ti SUPER,0,1,10000,7500,2500,"128,64,32",tanh,1000,2,True,270,271,0.1,750,500,1,1250,0.007822400222318237,0.005059872101906321,0.0038288075987352593,0.002698555386958907,0.003974600189230237,0.0026253969741202943,0.0040485071294756245,0.00399224802622392,0.004119266736684104,0.0027714206137881567,0.0027082101120394493,0.002849177465214842,5.426680099951345,2.629165218254367,1.385603099999571
highdim_poly2,Quadratic,20,cuda,NVIDIA GeForce RTX 4070 Ti SUPER,0,1,10000,7500,2500,"128,64,32",tanh,1000,2,True,270,271,0.1,750,500,2,1750,0.007822400222318237,0.004879845673540938,0.003668434900578847,0.002556740242161199,0.003974600189230237,0.0026253969741202943,0.003770953079916568,0.003696698428942475,0.003823827696255367,0.0026033772845632684,0.00251033632042274,0.0026659788095176372,2.718627815437812,1.791405443944053,3.0457213999980013
highdim_poly2,Quadratic,20,cuda,NVIDIA GeForce RTX 4070 Ti SUPER,0,1,10000,7500,2500,"128,64,32",tanh,1000,2,True,270,271,0.1,750,500,3,2250,0.007822400222318237,0.004782963195132917,0.003500151160719476,0.0024723445252642275,0.003974600189230237,0.0026253969741202943,0.0035917749112488063,0.003581266222137164,0.003662542132078152,0.002512949294562492,0.002422000654497506,0.0025528442413417316,2.55093241623747,1.615821273677304,4.690817099999549
highdim_poly2,Quadratic,20,cuda,NVIDIA GeForce RTX 4070 Ti SUPER,0,1,10000,7500,2500,"128,64,32",tanh,1000,2,True,270,271,0.1,750,500,4,2750,0.007822400222318237,0.004738104792147726,0.0034522545814787355,0.0023821289185122652,0.003974600189230237,0.0026253969741202943,0.0035367375171331916,0.0035127583403002896,0.0035570966689181163,0.0024550503254845827,0.0024341710378618484,0.0024902330741185382,2.3887250678115435,2.970261188349535,6.296475599996484
highdim_poly2,Quadratic,20,cuda,NVIDIA GeForce RTX 4070 Ti SUPER,0,1,10000,7500,2500,"128,64,32",tanh,1000,2,True,270,271,0.1,750,500,5,3250,0.007822400222318237,0.004722978062416891,0.003404523148306002,0.0025990102384223362,0.003974600189230237,0.0026253969741202943,0.003463610263108739,0.003450478431928925,0.0034925855117313087,0.0023528083888764988,0.002333441139738167,0.0023877247857753857,1.7059400542861234,-10.464169148232362,7.804361199996492
highdim_poly2,Quadratic,20,cuda,NVIDIA GeForce RTX 4070 Ti SUPER,1,0,10000,7500,2500,"128,64,32",tanh,1000,2,True,270,271,0.05,375,500,0,375,0.009210539183342064,0.01312919946700707,0.01285662132032599,0.008038628860836257,0.04223448804680301,0.023548872682747857,0.01318767283072991,0.011895219741347832,0.013870833774142074,0.008591654832805853,0.007795412200624357,0.009275137747634976,2.510310307611691,6.436780605500522,0.8343105999992986
highdim_poly2,Quadratic,20,cuda,NVIDIA GeForce RTX 4070 Ti SUPER,1,0,10000,7500,2500,"128,64,32",tanh,1000,2,True,270,271,0.05,375,500,1,875,0.009210539183342064,0.005934863624930471,0.004858385042804654,0.003550204106478029,0.04223448804680301,0.023548872682747857,0.005411018924619924,0.005316422614226311,0.005767161839614587,0.003803385040262227,0.00360707229871036,0.003935222303551611,10.2131204771953,6.656726339932762,1.3614981999999145
highdim_poly2,Quadratic,20,cuda,NVIDIA GeForce RTX 4070 Ti SUPER,1,0,10000,7500,2500,"128,64,32",tanh,1000,2,True,270,271,0.05,375,500,2,1375,0.009210539183342064,0.0054206121944695845,0.004341561072925137,0.0030030017643922547,0.04223448804680301,0.023548872682747857,0.00464661345774828,0.004614967341432241,0.004823919614278997,0.003131875948633145,0.0030441511248047066,0.0032039590795835725,6.565047589970385,4.11491982296218,1.979967499999475
highdim_poly2,Quadratic,20,cuda,NVIDIA GeForce RTX 4070 Ti SUPER,1,0,10000,7500,2500,"128,64,32",tanh,1000,2,True,270,271,0.05,375,500,3,1875,0.009210539183342064,0.0052991191159519144,0.0041771426094626704,0.0027686033379572604,0.04223448804680301,0.023548872682747857,0.004439334267768793,0.004338027609917045,0.004480418144955858,0.003029102162522381,0.002965011721665603,0.003069008211588261,5.906103088693518,8.599869221584761,3.38097850000122
highdim_poly2,Quadratic,20,cuda,NVIDIA GeForce RTX 4070 Ti SUPER,1,0,10000,7500,2500,"128,64,32",tanh,1000,2,True,270,271,0.05,375,500,4,2375,0.009210539183342064,0.0052508631594815934,0.004142990106498141,0.0030406997536488673,0.04223448804680301,0.023548872682747857,0.00427049480450798,0.004266381937417015,0.00428342774518079,0.0028999773365659767,0.0028386097525375784,0.0029379194338392004,2.985712519196686,-4.8525350632404525,4.747794999999314
highdim_poly2,Quadratic,20,cuda,NVIDIA GeForce RTX 4070 Ti SUPER,1,0,10000,7500,2500,"128,64,32",tanh,1000,2,True,270,271,0.05,375,500,5,2875,0.009210539183342064,0.005206669105689109,0.004094532364990683,0.0030987772073516728,0.04223448804680301,0.023548872682747857,0.004230282325781204,0.004183082424883616,0.004255372594105553,0.0029774417426960778,0.002933531420097586,0.003094465056058364,3.20900475042058,-4.075158311770211,6.006356800000503
highdim_poly2,Quadratic,20,cuda,NVIDIA GeForce RTX 4070 Ti SUPER,1,0,10000,7500,2500,"128,64,32",tanh,1000,2,True,270,271,0.1,750,500,0,750,0.009210539183342064,0.006422463797067317,0.005451988312605201,0.0036644427539090875,0.00621629099244835,0.003969524226924273,0.0056603273454406645,0.005491052109880393,0.0058041030742423715,0.003962280071627734,0.003840338052213239,0.004169322423010541,3.680688767996405,7.516816386891408,0.516623299998173
highdim_poly2,Quadratic,20,cuda,NVIDIA GeForce RTX 4070 Ti SUPER,1,0,10000,7500,2500,"128,64,32",tanh,1000,2,True,270,271,0.1,750,500,1,1250,0.009210539183342064,0.0054950010575096145,0.0044220063415688435,0.0029411492502405667,0.00621629099244835,0.003969524226924273,0.004756456051613834,0.004729901333172162,0.004793185847014379,0.003247740897925968,0.003163972129679566,0.0033833411752910384,7.031489546329642,9.440151087212435,1.14427330000035
highdim_poly2,Quadratic,20,cuda,NVIDIA GeForce RTX 4070 Ti SUPER,1,0,10000,7500,2500,"128,64,32",tanh,1000,2,True,270,271,0.1,750,500,2,1750,0.009210539183342064,0.005317650623342756,0.004250862139526812,0.0029096257859818984,0.00621629099244835,0.003969524226924273,0.004457881205556763,0.004391112155288226,0.0044867384857598,0.0029812587782009057,0.002933947156152739,0.0030024450915315895,4.643889248818493,2.4027767311845216,2.534151899999415
highdim_poly2,Quadratic,20,cuda,NVIDIA GeForce RTX 4070 Ti SUPER,1,0,10000,7500,2500,"128,64,32",tanh,1000,2,True,270,271,0.1,750,500,3,2250,0.009210539183342064,0.005226684047885119,0.0041518659384639535,0.003087186595427987,0.00621629099244835,0.003969524226924273,0.004316740743191562,0.0042762065926549115,0.004363715285824833,0.002908778826742383,0.0028317990695422347,0.0030613352270677844,3.819428002194746,-6.133425032023048,3.888875699998607
highdim_poly2,Quadratic,20,cuda,NVIDIA GeForce RTX 4070 Ti SUPER,1,0,10000,7500,2500,"128,64,32",tanh,1000,2,True,270,271,0.1,750,500,4,2750,0.009210539183342064,0.005219489587604999,0.0041114997030025765,0.002772570315649455,0.00621629099244835,0.003969524226924273,0.004226826669477232,0.004205805933063204,0.004270047179289681,0.002908960492102126,0.002809415541512684,0.0030013424472927017,2.728452702057896,4.688622510445647,5.230452699997841
highdim_poly2,Quadratic,20,cuda,NVIDIA GeForce RTX 4070 Ti SUPER,1,0,10000,7500,2500,"128,64,32",tanh,1000,2,True,270,271,0.1,750,500,5,3250,0.009210539183342064,0.0051955882251498,0.0040891778462758014,0.0027287386692157823,0.00621629099244835,0.003969524226924273,0.0041557606638308025,0.004147265824569621,0.004170520026401472,0.0028938393102086487,0.0027775657848209206,0.002938944136650585,1.602181235663958,5.705245637186487,6.595015799997782
highdim_poly2,Quadratic,20,cuda,NVIDIA GeForce RTX 4070 Ti SUPER,1,1,10000,7500,2500,"128,64,32",tanh,1000,2,True,270,271,0.05,375,500,0,375,0.009062854825426493,0.014206291140750154,0.01282488779558135,0.008635258357938994,0.03202412604526551,0.017526438827524582,0.013271890815038805,0.012313053338251886,0.014789220288956427,0.008978758787030697,0.00823034480802161,0.009862898832052349,3.368043225242199,3.8257006033826175,0.8962731000028725
highdim_poly2,Quadratic,20,cuda,NVIDIA GeForce RTX 4070 Ti SUPER,1,1,10000,7500,2500,"128,64,32",tanh,1000,2,True,270,271,0.05,375,500,1,875,0.009062854825426493,0.005648853515833034,0.004597908797978425,0.0031188683957201536,0.03202412604526551,0.017526438827524582,0.005292320930507612,0.005162951425657133,0.0054225865128869725,0.0035300284567585547,0.003351772844898442,0.0036322604924763336,13.121126659689972,11.647499901911512,1.4609409000004234
highdim_poly2,Quadratic,20,cuda,NVIDIA GeForce RTX 4070 Ti SUPER,1,1,10000,7500,2500,"128,64,32",tanh,1000,2,True,270,271,0.05,375,500,2,1375,0.009062854825426493,0.005331647111246519,0.004308866469187915,0.0029809545795779603,0.03202412604526551,0.017526438827524582,0.004590623348146767,0.004523406865142052,0.004707524346270958,0.003070444471123493,0.0029958539996515284,0.0031694078587221324,6.137660565696318,2.9145582141984723,2.1533637000029557
highdim_poly2,Quadratic,20,cuda,NVIDIA GeForce RTX 4070 Ti SUPER,1,1,10000,7500,2500,"128,64,32",tanh,1000,2,True,270,271,0.05,375,500,3,1875,0.009062854825426493,0.0052316828916345315,0.004193622240650371,0.0025998099461995447,0.03202412604526551,0.017526438827524582,0.0043758139070922165,0.004277119104012154,0.004421844351828682,0.0030423695830931775,0.0029901038892928,0.003096901486779902,4.163606366956174,14.54654422503404,3.612866800001939
highdim_poly2,Quadratic,20,cuda,NVIDIA GeForce RTX 4070 Ti SUPER,1,1,10000,7500,2500,"128,64,32",tanh,1000,2,True,270,271,0.05,375,500,4,2375,0.009062854825426493,0.005239646401347244,0.004167111138805392,0.0028745248268514044,0.03202412604526551,0.017526438827524582,0.004227665102971718,0.0042182780464513035,0.004258790823600946,0.002914541765876105,0.0028515712036635936,0.002962869623494494,1.4323264187544464,1.373009626872558,4.975428500001726
highdim_poly2,Quadratic,20,cuda,NVIDIA GeForce RTX 4070 Ti SUPER,1,1,10000,7500,2500,"128,64,32",tanh,1000,2,True,270,271,0.05,375,500,5,2875,0.009062854825426493,0.005201177105997253,0.0041009236081470815,0.0028991326444783895,0.03202412604526551,0.017526438827524582,0.004163785636095617,0.00414817421672668,0.004179740199957108,0.0028586750516677653,0.0028078202954656037,0.002951268127163225,1.5097325713309548,-1.4152567913243945,6.4441444000003685
highdim_poly2,Quadratic,20,cuda,NVIDIA GeForce RTX 4070 Ti SUPER,1,1,10000,7500,2500,"128,64,32",tanh,1000,2,True,270,271,0.1,750,500,0,750,0.009062854825426493,0.006865646632417306,0.005745836854523286,0.004379100592796241,0.006744343765809752,0.004167712471612448,0.005712130243022889,0.005507439140790704,0.005850088548440108,0.0037792686353135393,0.003728632506799019,0.0039987899019812,-0.5900882869673354,-15.871641192104306,0.6288419000011345
highdim_poly2,Quadratic,20,cuda,NVIDIA GeForce RTX 4070 Ti SUPER,1,1,10000,7500,2500,"128,64,32",tanh,1000,2,True,270,271,0.1,750,500,1,1250,0.009062854825426493,0.005519651998410533,0.004483382345919702,0.0029596845864699518,0.006744343765809752,0.004167712471612448,0.004767955735861492,0.004727023807139647,0.004877791543610708,0.0032762386572374926,0.0032408806676821078,0.0034278079858921584,5.968457043370027,9.662118785768117,1.3420049000014842
highdim_poly2,Quadratic,20,cuda,NVIDIA GeForce RTX 4070 Ti SUPER,1,1,10000,7500,2500,"128,64,32",tanh,1000,2,True,270,271,0.1,750,500,2,1750,0.009062854825426493,0.005301292260665321,0.004246570168026222,0.003169353897950888,0.006744343765809752,0.004167712471612448,0.004429923616683576,0.004409192524403323,0.004519523262799644,0.003083397773483549,0.0030099187803810717,0.003121418209696453,4.138975398285086,-2.7877079372158957,3.0341781999995874
highdim_poly2,Quadratic,20,cuda,NVIDIA GeForce RTX 4070 Ti SUPER,1,1,10000,7500,2500,"128,64,32",tanh,1000,2,True,270,271,0.1,750,500,3,2250,0.009062854825426493,0.005259363696531271,0.004158604254516239,0.002794808350998474,0.006744343765809752,0.004167712471612448,0.004263041168268188,0.004188498342231839,0.004337132822763717,0.0028671436704394474,0.0028325120620135156,0.002965020698416274,2.449821843835857,2.5229052937513448,4.547255199999199
highdim_poly2,Quadratic,20,cuda,NVIDIA GeForce RTX 4070 Ti SUPER,1,1,10000,7500,2500,"128,64,32",tanh,1000,2,True,270,271,0.1,750,500,4,2750,0.009062854825426493,0.005228562887671876,0.004125556443209352,0.002874517399256417,0.006744343765809752,0.004167712471612448,0.004198170339710439,0.004154722485591299,0.004220296201799105,0.0027875156870087927,0.0027713768122005857,0.002889982970294586,1.729655793483009,-3.1211200946095308,6.044621100001677
highdim_poly2,Quadratic,20,cuda,NVIDIA GeForce RTX 4070 Ti SUPER,1,1,10000,7500,2500,"128,64,32",tanh,1000,2,True,270,271,0.1,750,500,5,3250,0.009062854825426493,0.005211010458968759,0.0040934709726248774,0.0028544671686294553,0.006744343765809752,0.004167712471612448,0.004133346598446344,0.004113052361600976,0.0041756520930091795,0.002857712380008787,0.002807553456179223,0.0029530410268371076,0.9647297866686345,0.11355976206821201,7.495562700001756
highdim_poly2,Quadratic,20,cuda,NVIDIA GeForce RTX 4070 Ti SUPER,2,0,10000,7500,2500,"128,64,32",tanh,1000,2,True,270,271,0.05,375,500,0,375,0.007981895241869395,0.011604332571257606,0.012188218615157245,0.007530653874834402,0.0362773320534157,0.015715394522236945,0.011287002402446806,0.010744734299316898,0.011822284463971313,0.006944091347930366,0.006387349235649114,0.007441205466999739,-7.984548780773475,-8.446929879153393,0.8798987999980454
highdim_poly2,Quadratic,20,cuda,NVIDIA GeForce RTX 4070 Ti SUPER,2,0,10000,7500,2500,"128,64,32",tanh,1000,2,True,270,271,0.05,375,500,1,875,0.007981895241869395,0.004630768055280643,0.004691999062886309,0.0030724032784540034,0.0362773320534157,0.015715394522236945,0.0050652311665299425,0.004964081013110154,0.005263268703734163,0.003338333047004916,0.003297086128725121,0.003395457144790048,7.368510762349379,7.965944823554964,1.5026828000009118
highdim_poly2,Quadratic,20,cuda,NVIDIA GeForce RTX 4070 Ti SUPER,2,0,10000,7500,2500,"128,64,32",tanh,1000,2,True,270,271,0.05,375,500,2,1375,0.007981895241869395,0.004413598430924131,0.004277425716876382,0.0027696122503233513,0.0362773320534157,0.015715394522236945,0.004449737448030357,0.004410458215694276,0.004476128989714228,0.002964785316976533,0.0029323434397555523,0.0030421162118294187,3.8724022072414193,6.583042135820399,2.1807669999980135
highdim_poly2,Quadratic,20,cuda,NVIDIA GeForce RTX 4070 Ti SUPER,2,0,10000,7500,2500,"128,64,32",tanh,1000,2,True,270,271,0.05,375,500,3,1875,0.007981895241869395,0.004274984151308106,0.004076366706651629,0.0024599606473390007,0.0362773320534157,0.015715394522236945,0.0042204022075915055,0.004189329547409822,0.004298719754834876,0.002755774265969283,0.0026604333005404712,0.0029399486040916863,3.4128382522592373,10.734319653218632,3.797876199998427
highdim_poly2,Quadratic,20,cuda,NVIDIA GeForce RTX 4070 Ti SUPER,2,0,10000,7500,2500,"128,64,32",tanh,1000,2,True,270,271,0.05,375,500,4,2375,0.007981895241869395,0.00424040040595313,0.004045557077242714,0.002629471412043751,0.0362773320534157,0.015715394522236945,0.004166383156428314,0.0041394513075539196,0.004186073198701191,0.002701749098289262,0.002657662131531523,0.002843820157603469,2.9000232251605906,2.675218298075008,5.358146800001123
highdim_poly2,Quadratic,20,cuda,NVIDIA GeForce RTX 4070 Ti SUPER,2,0,10000,7500,2500,"128,64,32",tanh,1000,2,True,270,271,0.05,375,500,5,2875,0.007981895241869395,0.00420933554996347,0.003989334256821231,0.0026745058908023527,0.0362773320534157,0.015715394522236945,0.004058385559231714,0.004006938511830609,0.004077343450872625,0.0026827424822188635,0.0026039532099415962,0.0027534669169103788,1.701447568317177,0.30702132131960874,6.902223900000536
highdim_poly2,Quadratic,20,cuda,NVIDIA GeForce RTX 4070 Ti SUPER,2,0,10000,7500,2500,"128,64,32",tanh,1000,2,True,270,271,0.1,750,500,0,750,0.007981895241869395,0.005644438295830875,0.005898806050210638,0.0038556032551713944,0.004715138804912331,0.002949078912428579,0.005428180318884242,0.005244845693187861,0.00563076484463117,0.00361075238309384,0.00351326243744614,0.0037804297364342453,-8.670046013193838,-6.781159329118992,0.6311002999973425
highdim_poly2,Quadratic,20,cuda,NVIDIA GeForce RTX 4070 Ti SUPER,2,0,10000,7500,2500,"128,64,32",tanh,1000,2,True,270,271,0.1,750,500,1,1250,0.007981895241869395,0.004485797190696895,0.004357157733027763,0.002882772433579323,0.004715138804912331,0.002949078912428579,0.004679979993660121,0.004648428384222634,0.004743967562129605,0.003144195164832462,0.0030245742239926416,0.003225310290587697,6.897941039698443,8.314456245500553,1.3386722999966878
highdim_poly2,Quadratic,20,cuda,NVIDIA GeForce RTX 4070 Ti SUPER,2,0,10000,7500,2500,"128,64,32",tanh,1000,2,True,270,271,0.1,750,500,2,1750,0.007981895241869395,0.004302301691826194,0.004183495177196319,0.002598262919101105,0.004715138804912331,0.002949078912428579,0.004342610465891352,0.00429493490554454,0.004414458748678843,0.002878239086744461,0.00284929754165466,0.002937607532291288,3.6640470045561226,9.727342281354158,3.0159719999974186
highdim_poly2,Quadratic,20,cuda,NVIDIA GeForce RTX 4070 Ti SUPER,2,0,10000,7500,2500,"128,64,32",tanh,1000,2,True,270,271,0.1,750,500,3,2250,0.007981895241869395,0.004219531454815919,0.004065058769578629,0.0026204811603110748,0.004715138804912331,0.002949078912428579,0.004191031968889824,0.0041710809108409085,0.004211584299706103,0.002695259056111958,0.0026320716643032545,0.00272152045689021,3.0057799665165597,2.7744233205083493,4.547977700000047
highdim_poly2,Quadratic,20,cuda,NVIDIA GeForce RTX 4070 Ti SUPER,2,0,10000,7500,2500,"128,64,32",tanh,1000,2,True,270,271,0.1,750,500,4,2750,0.007981895241869395,0.004187532150781507,0.00403270264000375,0.002443494785892924,0.004715138804912331,0.002949078912428579,0.004088442919816327,0.004079672350492644,0.004121234665566409,0.002693566829204734,0.002627972160271949,0.002736422138883243,1.3633620648684803,9.284048221875482,6.012438799996744
highdim_poly2,Quadratic,20,cuda,NVIDIA GeForce RTX 4070 Ti SUPER,2,0,10000,7500,2500,"128,64,32",tanh,1000,2,True,270,271,0.1,750,500,5,3250,0.007981895241869395,0.004153993351773212,0.00395134986079849,0.0025318493422852,0.004715138804912331,0.002949078912428579,0.004039191776112613,0.003992274028015937,0.0040724855136340795,0.0027160189864954692,0.002607996611065859,0.0028489157062460304,2.174739903007617,6.780867332886617,7.40535909999744
highdim_poly2,Quadratic,20,cuda,NVIDIA GeForce RTX 4070 Ti SUPER,2,1,10000,7500,2500,"128,64,32",tanh,1000,2,True,270,271,0.05,375,500,0,375,0.007373621389515796,0.009362204415682203,0.008808569823169587,0.005617163462252411,0.03994835383282079,0.022822556969212312,0.009881948911819866,0.008907242106756093,0.010473188622332465,0.006140087753264698,0.005477831930414981,0.006363705644280801,10.862018193257438,8.516560544826847,0.7558739999985846
highdim_poly2,Quadratic,20,cuda,NVIDIA GeForce RTX 4070 Ti SUPER,2,1,10000,7500,2500,"128,64,32",tanh,1000,2,True,270,271,0.05,375,500,1,875,0.007373621389515796,0.004574283364295905,0.003824508910497377,0.0025048492152695513,0.03994835383282079,0.022822556969212312,0.004233501664979779,0.00407004557753151,0.00431354731698509,0.002690651635618329,0.0026167913727830924,0.0028271877018386073,9.660862020337856,6.905480363535765,1.3304668000018864
highdim_poly2,Quadratic,20,cuda,NVIDIA GeForce RTX 4070 Ti SUPER,2,1,10000,7500,2500,"128,64,32",tanh,1000,2,True,270,271,0.05,375,500,2,1375,0.007373621389515796,0.004322726581580457,0.0035856353244695244,0.0025245278504740145,0.03994835383282079,0.022822556969212312,0.0037526973209019996,0.003737039928615637,0.003772854868172794,0.0024247268027016455,0.0023867828743417766,0.002510034171486197,4.45178446718746,-4.115970824472682,1.9862543999988702
highdim_poly2,Quadratic,20,cuda,NVIDIA GeForce RTX 4070 Ti SUPER,2,1,10000,7500,2500,"128,64,32",tanh,1000,2,True,270,271,0.05,375,500,3,1875,0.007373621389515796,0.0042704470058777776,0.0034993938938991894,0.00220023441730383,0.03994835383282079,0.022822556969212312,0.003536741111932589,0.00349339721706884,0.0036188938569096723,0.002394119332709814,0.0022804276424669098,0.002498681632661807,1.0559782820233583,8.098381428069112,3.470549599998776
highdim_poly2,Quadratic,20,cuda,NVIDIA GeForce RTX 4070 Ti SUPER,2,1,10000,7500,2500,"128,64,32",tanh,1000,2,True,270,271,0.05,375,500,4,2375,0.007373621389515796,0.004203988575931907,0.0034098824942252015,0.002137727440871794,0.03994835383282079,0.022822556969212312,0.0034912554074286763,0.003453447364730538,0.0035423832520455343,0.0023381701973071473,0.0022988316976007062,0.0023728361298754894,2.3307636854734226,8.572633278201984,4.76967650000006
highdim_poly2,Quadratic,20,cuda,NVIDIA GeForce RTX 4070 Ti SUPER,2,1,10000,7500,2500,"128,64,32",tanh,1000,2,True,270,271,0.05,375,500,5,2875,0.007373621389515796,0.004175364081471483,0.0033459557312878973,0.0022347414267964135,0.03994835383282079,0.022822556969212312,0.003422725011768062,0.0034016414907382716,0.0034514407854933,0.002291697815422259,0.0021987829149792085,0.0023444967957670622,2.2429286669602564,2.48533590434788,6.127661599999556
highdim_poly2,Quadratic,20,cuda,NVIDIA GeForce RTX 4070 Ti SUPER,2,1,10000,7500,2500,"128,64,32",tanh,1000,2,True,270,271,0.1,750,500,0,750,0.007373621389515796,0.0053398268622943945,0.004709185107204261,0.00331325790066706,0.004107316113895949,0.0025663469017229157,0.004828456963939132,0.004549101030274729,0.004932875919100137,0.0032774694771964515,0.003026423555028419,0.0033439433052083753,2.470185767951144,-1.0919529142715914,0.5878584000020055
highdim_poly2,Quadratic,20,cuda,NVIDIA GeForce RTX 4070 Ti SUPER,2,1,10000,7500,2500,"128,64,32",tanh,1000,2,True,270,271,0.1,750,500,1,1250,0.007373621389515796,0.004457546690536865,0.0036744194521902314,0.0023562365332696882,0.004107316113895949,0.0025663469017229157,0.003933786637094258,0.0038589949318631406,0.003976529833651728,0.0026217775928325765,0.0025850466158460336,0.002707381645547992,6.593321113511428,10.128283203305468,1.2499825000013516
highdim_poly2,Quadratic,20,cuda,NVIDIA GeForce RTX 4070 Ti SUPER,2,1,10000,7500,2500,"128,64,32",tanh,1000,2,True,270,271,0.1,750,500,2,1750,0.007373621389515796,0.004268382553909661,0.0035426445666314273,0.0024326547213764254,0.004107316113895949,0.0025663469017229157,0.00365050176737273,0.0035667620843470647,0.0036978697026707804,0.002533260895827635,0.0024157968597322155,0.002604539195767394,2.954585632728722,3.9714099174274278,2.70679420000306
highdim_poly2,Quadratic,20,cuda,NVIDIA GeForce RTX 4070 Ti SUPER,2,1,10000,7500,2500,"128,64,32",tanh,1000,2,True,270,271,0.1,750,500,3,2250,0.007373621389515796,0.004192902811957838,0.0034040792664164266,0.0022134180488630694,0.004107316113895949,0.0025663469017229157,0.003496821818504734,0.0034335918761709233,0.0035229811989190498,0.0022958664123890757,0.002250531769925236,0.0023618373550100503,2.652195533599266,3.5911655434782315,4.043494200002897
highdim_poly2,Quadratic,20,cuda,NVIDIA GeForce RTX 4070 Ti SUPER,2,1,10000,7500,2500,"128,64,32",tanh,1000,2,True,270,271,0.1,750,500,4,2750,0.007373621389515796,0.004176889808717749,0.0033647412717012536,0.0021097597923634545,0.004107316113895949,0.0025663469017229157,0.0034156919245586317,0.0033760154520822757,0.0034353958024937233,0.0021661230846049097,0.0021292932628874882,0.002249355580953117,1.4916641776457,2.602035527991967,5.326916200003325
highdim_poly2,Quadratic,20,cuda,NVIDIA GeForce RTX 4070 Ti SUPER,2,1,10000,7500,2500,"128,64,32",tanh,1000,2,True,270,271,0.1,750,500,5,3250,0.007373621389515796,0.004144726683015851,0.0033137296527251557,0.0021170986648619905,0.004107316113895949,0.0025663469017229157,0.003370229945036082,0.0033214786462500857,0.003394225137971722,0.0021555121022850936,0.0021205579402932616,0.002226552319465741,1.676452148143309,1.7821026095089143,6.597331900000427
highdim_smooth,Smooth,20,cuda,NVIDIA GeForce RTX 4070 Ti SUPER,0,0,10000,7500,2500,"128,64,32",tanh,1000,2,True,270,271,0.05,375,500,0,375,0.001870976515742627,0.0025205878333444645,0.002170175563768354,0.001441629831939531,0.006724308266725595,0.003622243798187697,0.0021248470036504576,0.002028948224346636,0.002278249294959496,0.0014479714276954547,0.0013509211021356198,0.0015268205849927913,-2.1332623026515574,0.4379641500258626,1.0229102000012062
highdim_smooth,Smooth,20,cuda,NVIDIA GeForce RTX 4070 Ti SUPER,0,0,10000,7500,2500,"128,64,32",tanh,1000,2,True,270,271,0.05,375,500,1,875,0.001870976515742627,0.0013377000540833667,0.0008968773129608062,0.0005996564432474495,0.006724308266725595,0.003622243798187697,0.0009709190579844921,0.0009537331664462646,0.000988936003796217,0.0006755151361363166,0.0006636510106799169,0.0006838863848158376,7.625944141768875,11.22975472063428,1.787185799999861
highdim_smooth,Smooth,20,cuda,NVIDIA GeForce RTX 4070 Ti SUPER,0,0,10000,7500,2500,"128,64,32",tanh,1000,2,True,270,271,0.05,375,500,2,1375,0.001870976515742627,0.0012659968593305645,0.0008120183317873383,0.0005610851183380075,0.006724308266725595,0.003622243798187697,0.0008590373344274998,0.0008406142375342739,0.0008825455582395614,0.0005898692882901034,0.0005656516683727213,0.0006086020376541159,5.473452754122378,4.879753959650055,2.6048854000000574
highdim_smooth,Smooth,20,cuda,NVIDIA GeForce RTX 4070 Ti SUPER,0,0,10000,7500,2500,"128,64,32",tanh,1000,2,True,270,271,0.05,375,500,3,1875,0.001870976515742627,0.001245658058476843,0.0007866022019729631,0.0005468884709884307,0.006724308266725595,0.003622243798187697,0.0008175830894284119,0.0008089432210353562,0.0008327053452320712,0.0005495382751043407,0.000531010796245118,0.0005731493619355939,3.7893258625381065,0.48218736272862595,4.513296900000569
highdim_smooth,Smooth,20,cuda,NVIDIA GeForce RTX 4070 Ti SUPER,0,0,10000,7500,2500,"128,64,32",tanh,1000,2,True,270,271,0.05,375,500,4,2375,0.001870976515742627,0.0012305118859979216,0.0007800210272622451,0.0005577490886700127,0.006724308266725595,0.003622243798187697,0.0007893623423417807,0.0007787576852578749,0.000797406064629689,0.0005309996041537618,0.0005174085765434418,0.0005380248961769401,1.183400141919998,-5.03757146088286,6.47652300000118
highdim_smooth,Smooth,20,cuda,NVIDIA GeForce RTX 4070 Ti SUPER,0,0,10000,7500,2500,"128,64,32",tanh,1000,2,True,270,271,0.05,375,500,5,2875,0.001870976515742627,0.0012138323332756616,0.0007682230741335624,0.0005148941886868498,0.006724308266725595,0.003622243798187697,0.0007724677154961927,0.0007644954131582287,0.0007827554449738241,0.0005352869318077782,0.0005179003541970429,0.0005419886387352628,0.5494911020201945,3.809684471850975,8.253770800001803
highdim_smooth,Smooth,20,cuda,NVIDIA GeForce RTX 4070 Ti SUPER,0,0,10000,7500,2500,"128,64,32",tanh,1000,2,True,270,271,0.1,750,500,0,750,0.001870976515742627,0.001471420684048609,0.001082900400688169,0.000659786620476115,0.000918997282541957,0.000587366933859458,0.0010355478988677649,0.0010051557452021133,0.0010721194252651207,0.0006877472108401091,0.0006626231928609954,0.0007215888175065253,-4.572700294421708,4.0655330800744585,0.6637157999975898
highdim_smooth,Smooth,20,cuda,NVIDIA GeForce RTX 4070 Ti SUPER,0,0,10000,7500,2500,"128,64,32",tanh,1000,2,True,270,271,0.1,750,500,1,1250,0.001870976515742627,0.001255439596395368,0.000857028639376587,0.0005884190211430992,0.000918997282541957,0.000587366933859458,0.0008995522482016323,0.0008892545423039358,0.0009098882307129447,0.0006034291534705723,0.000590946993627489,0.0006153835439669399,4.727197215065352,2.4874721814721177,1.4399040999996942
highdim_smooth,Smooth,20,cuda,NVIDIA GeForce RTX 4070 Ti SUPER,0,0,10000,7500,2500,"128,64,32",tanh,1000,2,True,270,271,0.1,750,500,2,1750,0.001870976515742627,0.001230740417626494,0.0007950180264939093,0.000555556530878172,0.000918997282541957,0.000587366933859458,0.0008408458731984795,0.0008320817145643956,0.0008482113519574692,0.0005826373106452057,0.0005604253726083372,0.0005889703944142882,5.4502077212136895,4.6479652559574065,3.2130962000010186
highdim_smooth,Smooth,20,cuda,NVIDIA GeForce RTX 4070 Ti SUPER,0,0,10000,7500,2500,"128,64,32",tanh,1000,2,True,270,271,0.1,750,500,3,2250,0.001870976515742627,0.0012297162064450443,0.0007787862734860824,0.0005098259680986427,0.000918997282541957,0.000587366933859458,0.0008178547393102376,0.000813932143711911,0.0008206018141284183,0.0005734771829950325,0.0005652965515782152,0.0005806701481028601,4.776944357760256,11.099171298144075,4.950021299999207
highdim_smooth,Smooth,20,cuda,NVIDIA GeForce RTX 4070 Ti SUPER,0,0,10000,7500,2500,"128,64,32",tanh,1000,2,True,270,271,0.1,750,500,4,2750,0.001870976515742627,0.0012123457274884725,0.0007745811289367948,0.0005327241352491143,0.000918997282541957,0.000587366933859458,0.0007934565498964613,0.0007857528344854418,0.0007968433749557132,0.000549700615455292,0.0005333448561650245,0.0005585497134138083,2.3788852662605797,3.088313843730529,6.713307999998506
highdim_smooth,Smooth,20,cuda,NVIDIA GeForce RTX 4070 Ti SUPER,0,0,10000,7500,2500,"128,64,32",tanh,1000,2,True,270,271,0.1,750,500,5,3250,0.001870976515742627,0.001204038296720066,0.0007627483774267592,0.0005169994833621958,0.000918997282541957,0.000587366933859458,0.0007809751898184862,0.000777697713063787,0.000783316030430926,0.0005179443656894789,0.000507839830271163,0.0005472217440518961,2.333852935323499,0.18242930899060286,8.343664799998805
highdim_smooth,Smooth,20,cuda,NVIDIA GeForce RTX 4070 Ti SUPER,0,1,10000,7500,2500,"128,64,32",tanh,1000,2,True,270,271,0.05,375,500,0,375,0.00202012286262704,0.0031000138233086426,0.0027851309799574297,0.0017738405793553472,0.007041978855378518,0.00467539780861684,0.002673438244248208,0.002537377915964129,0.002907697712688495,0.0018064024152048546,0.0017195343796217123,0.0019613202767679245,-4.17786855370698,1.8025792910498706,1.038399400000344
highdim_smooth,Smooth,20,cuda,NVIDIA GeForce RTX 4070 Ti SUPER,0,1,10000,7500,2500,"128,64,32",tanh,1000,2,True,270,271,0.05,375,500,1,875,0.00202012286262704,0.0014026922151819854,0.0011277984824321027,0.0007811267799696618,0.007041978855378518,0.00467539780861684,0.0011969701002296986,0.0011802282754198414,0.0012293792739899642,0.0008142766628555164,0.0007920959435778793,0.0008478850096872415,5.77889270453137,4.071083502455313,1.806731900000159
highdim_smooth,Smooth,20,cuda,NVIDIA GeForce RTX 4070 Ti SUPER,0,1,10000,7500,2500,"128,64,32",tanh,1000,2,True,270,271,0.05,375,500,2,1375,0.00202012286262704,0.0012860436279824002,0.0010200927599088995,0.0006946683703554954,0.007041978855378518,0.00467539780861684,0.0010639631501009128,0.0010471640214563347,0.0010779807964174603,0.0007060876012308726,0.0006953326206608277,0.000715457751408747,4.123299776674823,1.6172541275998742,2.618787200000952
highdim_smooth,Smooth,20,cuda,NVIDIA GeForce RTX 4070 Ti SUPER,0,1,10000,7500,2500,"128,64,32",tanh,1000,2,True,270,271,0.05,375,500,3,1875,0.00202012286262704,0.0012579888177119546,0.0009838219021940946,0.0006452507906410115,0.007041978855378518,0.00467539780861684,0.0010044882683537904,0.0009957241248966671,0.0010188529976760622,0.0006820675815904418,0.0006710810378531685,0.0006875451040583053,2.0574024416994887,5.397821556564973,4.32356609999988
highdim_smooth,Smooth,20,cuda,NVIDIA GeForce RTX 4070 Ti SUPER,0,1,10000,7500,2500,"128,64,32",tanh,1000,2,True,270,271,0.05,375,500,4,2375,0.00202012286262704,0.0012390214833661111,0.0009647447772136007,0.0005992249861858354,0.007041978855378518,0.00467539780861684,0.0009829495767096244,0.0009757457344428316,0.0009907679978814713,0.0006615688337010741,0.0006260785701747259,0.0007023852208929587,1.8520583280541598,9.42363732077021,6.097603300000628
highdim_smooth,Smooth,20,cuda,NVIDIA GeForce RTX 4070 Ti SUPER,0,1,10000,7500,2500,"128,64,32",tanh,1000,2,True,270,271,0.05,375,500,5,2875,0.00202012286262704,0.0012275482532787304,0.0009524550879915575,0.0006354573842289322,0.007041978855378518,0.00467539780861684,0.0009687327528711074,0.0009647112029413927,0.0009741094593581976,0.0006410169690323468,0.0006362380017587893,0.0006567662067497848,1.68030499963035,0.8673069625297325,7.790967900000396
highdim_smooth,Smooth,20,cuda,NVIDIA GeForce RTX 4070 Ti SUPER,0,1,10000,7500,2500,"128,64,32",tanh,1000,2,True,270,271,0.1,750,500,0,750,0.00202012286262704,0.0014868322472099925,0.0012737763367104966,0.0007583082526642157,0.0010787699899110087,0.0006588489175492502,0.0012992361731864405,0.0012762419783682697,0.0013474215511480232,0.0008549393840901211,0.0008473315889537257,0.0008768785206631041,1.9596003406757356,11.302688029601796,0.6373778000015591
highdim_smooth,Smooth,20,cuda,NVIDIA GeForce RTX 4070 Ti SUPER,0,1,10000,7500,2500,"128,64,32",tanh,1000,2,True,270,271,0.1,750,500,1,1250,0.00202012286262704,0.001281224835611672,0.0010648138912622259,0.0007299058732197445,0.0010787699899110087,0.0006588489175492502,0.001094669428234751,0.0010868485479249457,0.0011109381491358915,0.0007102302773162188,0.00070258487980103,0.0007320272188278143,2.7273564240000514,-2.770312183518125,1.4332690000010189
highdim_smooth,Smooth,20,cuda,NVIDIA GeForce RTX 4070 Ti SUPER,0,1,10000,7500,2500,"128,64,32",tanh,1000,2,True,270,271,0.1,750,500,2,1750,0.00202012286262704,0.0012520109074034636,0.0010073934340336331,0.0007261906330588045,0.0010787699899110087,0.0006588489175492502,0.0010365575956712944,0.0010282212401643424,0.001041885572675793,0.0007048198627365599,0.0006983466637853533,0.0007233233725110084,2.813559203989435,-3.032089680229736,3.326232900002651
highdim_smooth,Smooth,20,cuda,NVIDIA GeForce RTX 4070 Ti SUPER,0,1,10000,7500,2500,"128,64,32",tanh,1000,2,True,270,271,0.1,750,500,3,2250,0.00202012286262704,0.0012468484733601651,0.000988206480245906,0.0006770382499037087,0.0010787699899110087,0.0006588489175492502,0.0010036384209766588,0.0009959730552015415,0.0010099233716088366,0.0006701632891632546,0.000660059616038633,0.0006871397123523306,1.5375996382975992,-1.025863524848979,5.017377000000124
highdim_smooth,Smooth,20,cuda,NVIDIA GeForce RTX 4070 Ti SUPER,0,1,10000,7500,2500,"128,64,32",tanh,1000,2,True,270,271,0.1,750,500,4,2750,0.00202012286262704,0.0012295495511126034,0.0009638777077010831,0.0006131888155467835,0.0010787699899110087,0.0006588489175492502,0.0009749199119027637,0.0009730348497082486,0.0009847449881902957,0.0006633731711308574,0.0006434069578262573,0.0006697401404053363,1.1326268000957507,7.56502640866893,6.683946000001015
highdim_smooth,Smooth,20,cuda,NVIDIA GeForce RTX 4070 Ti SUPER,0,1,10000,7500,2500,"128,64,32",tanh,1000,2,True,270,271,0.1,750,500,5,3250,0.00202012286262704,0.001224853456897875,0.0009565075246094006,0.00066066900889853,0.0010787699899110087,0.0006588489175492502,0.0009645163647236636,0.0009566695418806059,0.000971935711422561,0.0006626631060700779,0.0006363435201970823,0.0006780854413713511,0.8303477688071716,0.30092171320263744,8.332007400000293
highdim_smooth,Smooth,20,cuda,NVIDIA GeForce RTX 4070 Ti SUPER,1,0,10000,7500,2500,"128,64,32",tanh,1000,2,True,270,271,0.05,375,500,0,375,0.002561489528667711,0.004084596530475148,0.004076651458144792,0.0026619911353752243,0.01491804778919332,0.008511726258696797,0.0031629551802066854,0.002948220570190487,0.0034100386761173056,0.002091572896491864,0.0019699418207114973,0.002218538005766483,-28.887424129683694,-27.272214123643817,0.9288519999972777
highdim_smooth,Smooth,20,cuda,NVIDIA GeForce RTX 4070 Ti SUPER,1,0,10000,7500,2500,"128,64,32",tanh,1000,2,True,270,271,0.05,375,500,1,875,0.002561489528667711,0.0016037371283378603,0.0013542952261907098,0.0008405440393086141,0.01491804778919332,0.008511726258696797,0.001548498135278944,0.0015003835732764327,0.0016298878349547226,0.0010109481137499285,0.0009252774885614857,0.0010919199499757975,12.541371840480187,16.855867489502643,1.6146324000001187
highdim_smooth,Smooth,20,cuda,NVIDIA GeForce RTX 4070 Ti SUPER,1,0,10000,7500,2500,"128,64,32",tanh,1000,2,True,270,271,0.05,375,500,2,1375,0.002561489528667711,0.001517124709858695,0.0012439273733318653,0.0008493187993188834,0.01491804778919332,0.008511726258696797,0.0013768862587079185,0.0013748172759753291,0.001384739185745806,0.000882730704858788,0.0008469871035616529,0.0009312034310944186,9.656490108400302,3.7850621209839455,2.388504999998986
highdim_smooth,Smooth,20,cuda,NVIDIA GeForce RTX 4070 Ti SUPER,1,0,10000,7500,2500,"128,64,32",tanh,1000,2,True,270,271,0.05,375,500,3,1875,0.002561489528667711,0.0014777630487069913,0.0012147023761815475,0.0007812234141804405,0.01491804778919332,0.008511726258696797,0.0012649422674226986,0.0012536938244551356,0.0012846530017026846,0.000842786636367839,0.0008239260731784366,0.0008453597025121498,3.971714167122751,7.304722159895378,4.074585700000171
highdim_smooth,Smooth,20,cuda,NVIDIA GeForce RTX 4070 Ti SUPER,1,0,10000,7500,2500,"128,64,32",tanh,1000,2,True,270,271,0.05,375,500,4,2375,0.002561489528667711,0.0014672793557085656,0.0011958018465995839,0.0007818914597687512,0.01491804778919332,0.008511726258696797,0.0012541621887820122,0.001248360469520889,0.0012630653037985868,0.0008391232016321821,0.0008214743975543135,0.0008529132752785522,4.65333293448317,6.820421810779294,5.680899999999383
highdim_smooth,Smooth,20,cuda,NVIDIA GeForce RTX 4070 Ti SUPER,1,0,10000,7500,2500,"128,64,32",tanh,1000,2,True,270,271,0.05,375,500,5,2875,0.002561489528667711,0.0014569138164555624,0.0011844208725149943,0.000795693931650714,0.01491804778919332,0.008511726258696797,0.0012374140851118115,0.0012294645347569494,0.0012489843046669066,0.0007621200767277535,0.0007365183788776036,0.000793385164441464,4.282577128740924,-4.405323511107797,7.226534299999912
highdim_smooth,Smooth,20,cuda,NVIDIA GeForce RTX 4070 Ti SUPER,1,0,10000,7500,2500,"128,64,32",tanh,1000,2,True,270,271,0.1,750,500,0,750,0.002561489528667711,0.0018750626912156867,0.0016122200296581398,0.0011356668694114712,0.0015070859105519292,0.0009332182781855977,0.0016510322469597898,0.0016136642675640073,0.0017254190984785339,0.0010927561606941386,0.0010090152983834415,0.0011774815546367937,2.3507849330695287,-3.9268329258445855,0.6619314999989001
highdim_smooth,Smooth,20,cuda,NVIDIA GeForce RTX 4070 Ti SUPER,1,0,10000,7500,2500,"128,64,32",tanh,1000,2,True,270,271,0.1,750,500,1,1250,0.002561489528667711,0.0015355068791306956,0.0012743441854647635,0.000958256818151546,0.0015070859105519292,0.0009332182781855977,0.0013669984198452921,0.00136148551467683,0.0013780228915572642,0.0008827077934830351,0.0008198239920687839,0.0009267182846695512,6.777932807780028,-8.558780745597087,1.4083704999975453
highdim_smooth,Smooth,20,cuda,NVIDIA GeForce RTX 4070 Ti SUPER,1,0,10000,7500,2500,"128,64,32",tanh,1000,2,True,270,271,0.1,750,500,2,1750,0.002561489528667711,0.001478803756919368,0.0012251426906640212,0.000835857769609044,0.0015070859105519292,0.0009332182781855977,0.001298510490925282,0.0012820001527079536,0.0013075364659080953,0.000843279703182086,0.0007671239066510942,0.0008613806396720856,5.650150751495357,0.8801271446514807,2.9641536999988602
highdim_smooth,Smooth,20,cuda,NVIDIA GeForce RTX 4070 Ti SUPER,1,0,10000,7500,2500,"128,64,32",tanh,1000,2,True,270,271,0.1,750,500,3,2250,0.002561489528667711,0.0014575553212907767,0.0011937761172278484,0.0007286421716336036,0.0015070859105519292,0.0009332182781855977,0.0012543921064055723,0.0012500859715851155,0.0012644051717633814,0.0008499215719208223,0.0008055949273399668,0.0008913924464689016,4.832299953753487,14.26948136086572,4.44663799999762
highdim_smooth,Smooth,20,cuda,NVIDIA GeForce RTX 4070 Ti SUPER,1,0,10000,7500,2500,"128,64,32",tanh,1000,2,True,270,271,0.1,750,500,4,2750,0.002561489528667711,0.0014511533278352806,0.001183031067631903,0.0008483935910325615,0.0015070859105519292,0.0009332182781855977,0.001235226245264496,0.0012295883864419047,0.001245771708852276,0.0007663804204031434,0.0007385115838821842,0.0008063825787238213,4.2255560738524105,-10.70136559416226,5.900337499999296
highdim_smooth,Smooth,20,cuda,NVIDIA GeForce RTX 4070 Ti SUPER,1,0,10000,7500,2500,"128,64,32",tanh,1000,2,True,270,271,0.1,750,500,5,3250,0.002561489528667711,0.0014499367205168074,0.0011787222468240502,0.0009112129020659786,0.0015070859105519292,0.0009332182781855977,0.001233072549579593,0.0012234758009723316,0.0012342649522558175,0.000774625809143483,0.0007549371018076979,0.0008169608508713482,4.407713299113915,-17.632654542394114,7.429945399999269
highdim_smooth,Smooth,20,cuda,NVIDIA GeForce RTX 4070 Ti SUPER,1,1,10000,7500,2500,"128,64,32",tanh,1000,2,True,270,271,0.05,375,500,0,375,0.0021684122675050465,0.002635785978251366,0.0020877084666772556,0.0013122270780285667,0.005210891926523208,0.0029536399472551837,0.002360935947656599,0.0019752906529046823,0.002554289185833511,0.0014342081432754394,0.0011650020635663085,0.0015271536423181575,11.572845982989984,8.505115928870186,0.886432600000262
highdim_smooth,Smooth,20,cuda,NVIDIA GeForce RTX 4070 Ti SUPER,1,1,10000,7500,2500,"128,64,32",tanh,1000,2,True,270,271,0.05,375,500,1,875,0.0021684122675050465,0.0016399046075823193,0.0009680694498019978,0.0005681487113440463,0.005210891926523208,0.0029536399472551837,0.001048030582033704,0.0010412698878923053,0.001079520928028818,0.0006976695166316608,0.0006439275004065689,0.0007526790550933294,7.629656386223144,18.564779197024297,1.5447031000003335
highdim_smooth,Smooth,20,cuda,NVIDIA GeForce RTX 4070 Ti SUPER,1,1,10000,7500,2500,"128,64,32",tanh,1000,2,True,270,271,0.05,375,500,2,1375,0.0021684122675050465,0.0014998436390651515,0.0008693613192773011,0.0005023778792422105,0.005210891926523208,0.0029536399472551837,0.0009373225907652548,0.0009317538704997131,0.0009456505541268817,0.0006400688080118304,0.0006176341332772845,0.0006579735281599735,7.250574365488016,21.511894822263383,2.24367920000077
highdim_smooth,Smooth,20,cuda,NVIDIA GeForce RTX 4070 Ti SUPER,1,1,10000,7500,2500,"128,64,32",tanh,1000,2,True,270,271,0.05,375,500,3,1875,0.0021684122675050465,0.0014640853677727833,0.0008299126912363111,0.0005884152056453065,0.005210891926523208,0.0029536399472551837,0.0008912042750161039,0.0008877410779600921,0.0009052848550711237,0.0006091571038348813,0.0005588575628762405,0.0006415702048806649,6.877388888050982,3.40501621978903,3.923228999999992
highdim_smooth,Smooth,20,cuda,NVIDIA GeForce RTX 4070 Ti SUPER,1,1,10000,7500,2500,"128,64,32",tanh,1000,2,True,270,271,0.05,375,500,4,2375,0.0021684122675050465,0.0014705931662999754,0.0008232575822162744,0.0005731115577985097,0.005210891926523208,0.0029536399472551837,0.0008644741225876167,0.0008522558117686329,0.0008764855557108443,0.0005614527340761909,0.000525367884028115,0.0006210939678036938,4.767816559733382,-2.0765458986502368,5.463899300000776
highdim_smooth,Smooth,20,cuda,NVIDIA GeForce RTX 4070 Ti SUPER,1,1,10000,7500,2500,"128,64,32",tanh,1000,2,True,270,271,0.05,375,500,5,2875,0.0021684122675050465,0.001460143248401716,0.0008196151867012794,0.0005529326496070664,0.005210891926523208,0.0029536399472551837,0.0008487649064197597,0.0008418985576071669,0.0008527012029028661,0.0005545300385342469,0.0005162531003732077,0.0005654909429580946,3.4343691048018132,0.28806174890052233,7.0547933999987436
highdim_smooth,Smooth,20,cuda,NVIDIA GeForce RTX 4070 Ti SUPER,1,1,10000,7500,2500,"128,64,32",tanh,1000,2,True,270,271,0.1,750,500,0,750,0.0021684122675050465,0.0017951903249922175,0.001284902990727653,0.0007708426492015249,0.0012233591351145895,0.0007349508913461997,0.0011221559257707004,0.0011044189026761188,0.0011582238632910108,0.0007191436194329062,0.0007036810400985966,0.0007588767129932977,-14.50307049309367,-7.18897148936493,0.5318044000014197
highdim_smooth,Smooth,20,cuda,NVIDIA GeForce RTX 4070 Ti SUPER,1,1,10000,7500,2500,"128,64,32",tanh,1000,2,True,270,271,0.1,750,500,1,1250,0.0021684122675050465,0.0015422107524791385,0.0008960068097929358,0.0006503370840745739,0.0012233591351145895,0.0007349508913461997,0.0009900146002336737,0.0009775014377537664,0.001012825203314859,0.0006630582062076573,0.0006218773763095758,0.0006765427034421117,9.495596369846387,1.9185528531260505,1.2136228000017582
highdim_smooth,Smooth,20,cuda,NVIDIA GeForce RTX 4070 Ti SUPER,1,1,10000,7500,2500,"128,64,32",tanh,1000,2,True,270,271,0.1,750,500,2,1750,0.0021684122675050465,0.0014726779679312446,0.0008525737486282404,0.0005609067439387254,0.0012233591351145895,0.0007349508913461997,0.0009377636261145232,0.0009214819681827963,0.0009453448820438718,0.0006441576000885811,0.0005939212123275384,0.0006987213720049301,9.08436573076029,12.923988809323594,2.838466700002755
highdim_smooth,Smooth,20,cuda,NVIDIA GeForce RTX 4070 Ti SUPER,1,1,10000,7500,2500,"128,64,32",tanh,1000,2,True,270,271,0.1,750,500,3,2250,0.0021684122675050465,0.0014547302918393394,0.0008331066577679072,0.0005222387528533543,0.0012233591351145895,0.0007349508913461997,0.0008938335698861896,0.000872670975003732,0.00090695182770707,0.0005773570925529227,0.0005215414579799967,0.0006098126658211212,6.79398426778876,9.546663652445924,4.413664900002914
highdim_smooth,Smooth,20,cuda,NVIDIA GeForce RTX 4070 Ti SUPER,1,1,10000,7500,2500,"128,64,32",tanh,1000,2,True,270,271,0.1,750,500,4,2750,0.0021684122675050465,0.001460696376700176,0.0008244526440204247,0.0005497422397312704,0.0012233591351145895,0.0007349508913461997,0.0008757477471633939,0.0008470268888210871,0.0008800285954795014,0.0005379982901565918,0.0005184349377516926,0.0006054112565057111,5.857292046610173,-2.1828971930859384,6.034461700000975
highdim_smooth,Smooth,20,cuda,NVIDIA GeForce RTX 4070 Ti SUPER,1,1,10000,7500,2500,"128,64,32",tanh,1000,2,True,270,271,0.1,750,500,5,3250,0.0021684122675050465,0.0014548007316497458,0.0008187654351950696,0.0005524100377623805,0.0012233591351145895,0.0007349508913461997,0.000851774783629802,0.0008437410109483007,0.0008712120995173943,0.0005593670263917751,0.0005454417377776043,0.0005830797603321524,3.8753610777328356,1.2437251931475162,7.509204800000589
highdim_smooth,Smooth,20,cuda,NVIDIA GeForce RTX 4070 Ti SUPER,2,0,10000,7500,2500,"128,64,32",tanh,1000,2,True,270,271,0.05,375,500,0,375,0.001736017335061226,0.002307851301248943,0.0017234392613147864,0.001136356138476428,0.005738322843004306,0.0030317839288895934,0.0020035318154805943,0.0017748463132594254,0.002234076524350517,0.0011997746390387649,0.001110761316452909,0.0014066189753904699,13.979940423288017,5.285867737056553,0.9617156999993313
highdim_smooth,Smooth,20,cuda,NVIDIA GeForce RTX 4070 Ti SUPER,2,0,10000,7500,2500,"128,64,32",tanh,1000,2,True,270,271,0.05,375,500,1,875,0.001736017335061226,0.001163807928111276,0.000818698469383417,0.0005427959694925806,0.005738322843004306,0.0030317839288895934,0.0008470347072785781,0.0008357153570520195,0.0008776509266551604,0.0005425534158322457,0.0005179500056820486,0.000569786329177087,3.345345550975369,-0.044705950281940535,1.6067613999985042
highdim_smooth,Smooth,20,cuda,NVIDIA GeForce RTX 4070 Ti SUPER,2,0,10000,7500,2500,"128,64,32",tanh,1000,2,True,270,271,0.05,375,500,2,1375,0.001736017335061226,0.0011071238385362218,0.0007273889005860331,0.00046414641886225816,0.005738322843004306,0.0030317839288895934,0.0007681677060725003,0.0007534983635554549,0.0007759351042401865,0.00048769942119263477,0.00047565395616277887,0.0005308835513669109,5.308581077296485,4.8294095311369025,2.3487929999973858
highdim_smooth,Smooth,20,cuda,NVIDIA GeForce RTX 4070 Ti SUPER,2,0,10000,7500,2500,"128,64,32",tanh,1000,2,True,270,271,0.05,375,500,3,1875,0.001736017335061226,0.0010815928634495724,0.0007093791670478519,0.00046275623969698756,0.005738322843004306,0.0030317839288895934,0.0007297087970431738,0.0007183276076441598,0.0007366942023483574,0.00047949962849445113,0.0004620406229125125,0.0004997851522702008,2.785992176289889,3.491846041682038,4.074355999997351
highdim_smooth,Smooth,20,cuda,NVIDIA GeForce RTX 4070 Ti SUPER,2,0,10000,7500,2500,"128,64,32",tanh,1000,2,True,270,271,0.05,375,500,4,2375,0.001736017335061226,0.0010755391739541637,0.0006951145532245484,0.00047486054485781063,0.005738322843004306,0.0030317839288895934,0.0007199285257143489,0.0007067178691436899,0.0007306695730682614,0.00048190735427334173,0.0004671310439328205,0.000491190247815918,3.446727224091987,1.4622747200355224,5.643475499997294
highdim_smooth,Smooth,20,cuda,NVIDIA GeForce RTX 4070 Ti SUPER,2,0,10000,7500,2500,"128,64,32",tanh,1000,2,True,270,271,0.05,375,500,5,2875,0.001736017335061226,0.001067589137141741,0.0006825684344469446,0.00046609492337331554,0.005738322843004306,0.0030317839288895934,0.0007023368819772021,0.0006956247580430591,0.0007105749677158525,0.0004537222878444858,0.0004352737018844349,0.0004698478056805976,2.814667439164785,-2.726918174465009,7.175623699997232
highdim_smooth,Smooth,20,cuda,NVIDIA GeForce RTX 4070 Ti SUPER,2,0,10000,7500,2500,"128,64,32",tanh,1000,2,True,270,271,0.1,750,500,0,750,0.001736017335061226,0.0012861246184960936,0.0008673017105920439,0.0006257580213621739,0.0007833339205422085,0.0004635413534125469,0.0009678538182821203,0.0009294962748592163,0.000982365290709521,0.0006273531549349576,0.0006101324435228475,0.0006507699001337513,10.38918334470696,0.2542640552989872,0.6142505999996501
highdim_smooth,Smooth,20,cuda,NVIDIA GeForce RTX 4070 Ti SUPER,2,0,10000,7500,2500,"128,64,32",tanh,1000,2,True,270,271,0.1,750,500,1,1250,0.001736017335061226,0.0010892141567521215,0.0007224238055040324,0.0004689498998283303,0.0007833339205422085,0.0004635413534125469,0.0007725394396836549,0.000761806490537943,0.0007791420025685971,0.0005019274663907381,0.00048185051465684885,0.0005189953607229956,6.4871295373792375,6.570185688291376,1.3145737999984703
highdim_smooth,Smooth,20,cuda,NVIDIA GeForce RTX 4070 Ti SUPER,2,0,10000,7500,2500,"128,64,32",tanh,1000,2,True,270,271,0.1,750,500,2,1750,0.001736017335061226,0.0010842379845235808,0.0006999118752568921,0.0004702267862115423,0.0007833339205422085,0.0004635413534125469,0.0007361108624914267,0.0007272479459762519,0.0007383821264926127,0.0004952988314278753,0.00048675599902819216,0.0005145166255357778,4.917599926730623,5.062003708761813,3.0362132000009296
highdim_smooth,Smooth,20,cuda,NVIDIA GeForce RTX 4070 Ti SUPER,2,0,10000,7500,2500,"128,64,32",tanh,1000,2,True,270,271,0.1,750,500,3,2250,0.001736017335061226,0.0010753926929490225,0.0006864352860794092,0.00038937039185839805,0.0007833339205422085,0.0004635413534125469,0.0007163372215095314,0.0007091510264232496,0.000730104479814227,0.0004606263253954929,0.00044969111332964184,0.0004679438365619876,4.174281962775868,15.469357613443965,4.667153999998845
highdim_smooth,Smooth,20,cuda,NVIDIA GeForce RTX 4070 Ti SUPER,2,0,10000,7500,2500,"128,64,32",tanh,1000,2,True,270,271,0.1,750,500,4,2750,0.001736017335061226,0.0010663004691348135,0.000681918017583234,0.0004787213748388568,0.0007833339205422085,0.0004635413534125469,0.0007019771470200513,0.0006943773053061049,0.0007068810538650083,0.0004397991317637687,0.0004347451823018642,0.00045701836126494364,2.8575188696626204,-8.850004527974974,6.2023158999982115
highdim_smooth,Smooth,20,cuda,NVIDIA GeForce RTX 4070 Ti SUPER,2,0,10000,7500,2500,"128,64,32",tanh,1000,2,True,270,271,0.1,750,500,5,3250,0.001736017335061226,0.0010622735207193165,0.0006757668367758214,0.0004653794222802516,0.0007833339205422085,0.0004635413534125469,0.0006907042558207334,0.0006870988693031514,0.0006945080606776524,0.00045057215723238726,0.00044207058616175035,0.0004622002143760625,2.1626360224409633,-3.286324911600637,7.608140500000445
highdim_smooth,Smooth,20,cuda,NVIDIA GeForce RTX 4070 Ti SUPER,2,1,10000,7500,2500,"128,64,32",tanh,1000,2,True,270,271,0.05,375,500,0,375,0.0018126331875032672,0.002593777007419427,0.002317120816353757,0.0014131657249459512,0.006741269132368017,0.003708020501879251,0.0023836244692322342,0.0022521655078628516,0.0024864868075695464,0.0014472695174178837,0.0013641214123521113,0.001499790507358078,2.790022242887032,2.35642304778021,0.8645705999988422
highdim_smooth,Smooth,20,cuda,NVIDIA GeForce RTX 4070 Ti SUPER,2,1,10000,7500,2500,"128,64,32",tanh,1000,2,True,270,271,0.05,375,500,1,875,0.0018126331875032672,0.001193352456215027,0.0009448033450319583,0.0006314214510549591,0.006741269132368017,0.003708020501879251,0.0010325250716614227,0.0010208318908362215,0.001059924009321008,0.0006904249959316195,0.0006751848165456005,0.000724676053458654,8.495844705089098,8.545974613367596,1.4604278000006161
highdim_smooth,Smooth,20,cuda,NVIDIA GeForce RTX 4070 Ti SUPER,2,1,10000,7500,2500,"128,64,32",tanh,1000,2,True,270,271,0.05,375,500,2,1375,0.0018126331875032672,0.001120840853349725,0.0008985373815665982,0.0005758962505487697,0.006741269132368017,0.003708020501879251,0.0009163342117487702,0.0009037270703670416,0.0009362390710038209,0.0005852212291595479,0.0005669147204469046,0.0006220609283695131,1.9421767684748732,1.5934108583466982,2.1734657999986666
highdim_smooth,Smooth,20,cuda,NVIDIA GeForce RTX 4070 Ti SUPER,2,1,10000,7500,2500,"128,64,32",tanh,1000,2,True,270,271,0.05,375,500,3,1875,0.0018126331875032672,0.0010999513561385018,0.0008599161324968812,0.000538469006968966,0.006741269132368017,0.003708020501879251,0.0008771544246045645,0.000872406245449905,0.0008882823167141034,0.0005767053884010621,0.0005700670329609825,0.0005874888880567219,1.965251684782261,6.630141177995235,3.7046879999979865
highdim_smooth,Smooth,20,cuda,NVIDIA GeForce RTX 4070 Ti SUPER,2,1,10000,7500,2500,"128,64,32",tanh,1000,2,True,270,271,0.05,375,500,4,2375,0.0018126331875032672,0.0010898579151150003,0.000838289010069661,0.0005372997625548532,0.006741269132368017,0.003708020501879251,0.0008555457557839631,0.000853571337051163,0.0008623594393260552,0.0005668444169710002,0.0005271700556173438,0.0005770310515485616,2.0170453301459204,5.212127619430798,5.241360899999563
highdim_smooth,Smooth,20,cuda,NVIDIA GeForce RTX 4070 Ti SUPER,2,1,10000,7500,2500,"128,64,32",tanh,1000,2,True,270,271,0.05,375,500,5,2875,0.0018126331875032672,0.0010813183170062012,0.0008229640998839734,0.0004952488177059922,0.006741269132368017,0.003708020501879251,0.0008460168827883212,0.000825081326649229,0.0008546866392847247,0.0005631620956164725,0.0005480109943522286,0.0005822584188097807,2.724860859557541,12.05927714935043,6.746514300000854
highdim_smooth,Smooth,20,cuda,NVIDIA GeForce RTX 4070 Ti SUPER,2,1,10000,7500,2500,"128,64,32",tanh,1000,2,True,270,271,0.1,750,500,0,750,0.0018126331875032672,0.0014034143474397516,0.0011536410056751792,0.0006892981090648291,0.0010433467970341517,0.0006186939302996855,0.001145902329726443,0.0010941362247613561,0.0011759168528342459,0.0007192476680792585,0.0006779675003774248,0.0007616317725976259,-0.6753346902247435,4.164011973011926,0.6660985000016808
highdim_smooth,Smooth,20,cuda,NVIDIA GeForce RTX 4070 Ti SUPER,2,1,10000,7500,2500,"128,64,32",tanh,1000,2,True,270,271,0.1,750,500,1,1250,0.0018126331875032672,0.0011723747736918913,0.0009216491929593786,0.0006203406942206418,0.0010433467970341517,0.0006186939302996855,0.0009494199694654165,0.0009373648657685947,0.0009824021141863273,0.0006122560883621698,0.00057670087850934,0.0006755283557370259,2.925025531290926,-1.3204614886066586,1.3844181000022218
highdim_smooth,Smooth,20,cuda,NVIDIA GeForce RTX 4070 Ti SUPER,2,1,10000,7500,2500,"128,64,32",tanh,1000,2,True,270,271,0.1,750,500,2,1750,0.0018126331875032672,0.0011190735746964048,0.0008798199962508317,0.0005555764921010837,0.0010433467970341517,0.0006186939302996855,0.0008851273194320228,0.0008761948068821732,0.0008928125387614079,0.000543787911035108,0.0005213522242593362,0.0005797038027568803,0.5996112722627002,-2.167863762093566,2.931099000001268
highdim_smooth,Smooth,20,cuda,NVIDIA GeForce RTX 4070 Ti SUPER,2,1,10000,7500,2500,"128,64,32",tanh,1000,2,True,270,271,0.1,750,500,3,2250,0.0018126331875032672,0.0011086334787375656,0.0008587251883502619,0.0005374342914449762,0.0010433467970341517,0.0006186939302996855,0.0008633304760626506,0.0008530675786999182,0.0008708608553325579,0.0005651277880241016,0.0005538144381647647,0.0005698438329886355,0.5334327745954053,4.900395479746674,4.482481400002143
highdim_smooth,Smooth,20,cuda,NVIDIA GeForce RTX 4070 Ti SUPER,2,1,10000,7500,2500,"128,64,32",tanh,1000,2,True,270,271,0.1,750,500,4,2750,0.0018126331875032672,0.0010929222194071442,0.0008420703741090943,0.0005685689287541513,0.0010433467970341517,0.0006186939302996855,0.0008448962285176273,0.0008441821011144807,0.0008476943037199603,0.0005426429330357968,0.000529046183364345,0.0005507657653994888,0.3344617141315641,-4.777726593307383,6.015835300000617
highdim_smooth,Smooth,20,cuda,NVIDIA GeForce RTX 4070 Ti SUPER,2,1,10000,7500,2500,"128,64,32",tanh,1000,2,True,270,271,0.1,750,500,5,3250,0.0018126331875032672,0.0010840576706620335,0.000821797973638011,0.0005203731733772533,0.0010433467970341517,0.0006186939302996855,0.0008355527759800175,0.0008290162408417956,0.0008414115311557687,0.0005513306524997186,0.0005342583955942474,0.0005759138240457855,1.6461919267605203,5.615047699979116,7.5520160000014585
highdim_strong,Strong nonlinear,20,cuda,NVIDIA GeForce RTX 4070 Ti SUPER,0,0,10000,7500,2500,"128,64,32",tanh,1000,2,True,270,271,0.05,375,500,0,375,0.0011175876839952601,0.0038435557612001275,0.0030687445546851147,0.001855137695737028,0.010048234841631998,0.005772398766300124,0.0026587146905065672,0.0025904653726126236,0.0027084913588549574,0.001710042324120239,0.0016550094024034108,0.0018955361266104259,-15.422108496358595,-8.48489944197351,1.1901608999978635
highdim_strong,Strong nonlinear,20,cuda,NVIDIA GeForce RTX 4070 Ti SUPER,0,0,10000,7500,2500,"128,64,32",tanh,1000,2,True,270,271,0.05,375,500,1,875,0.0011175876839952601,0.001984517966893245,0.0012931563749022596,0.0008409483472322295,0.010048234841631998,0.005772398766300124,0.001115060372770899,0.0010794932552240575,0.0011441120521834503,0.0007333228333474863,0.0007039597700765052,0.0007749278219016311,-15.971870804519417,-14.676416578146377,1.9824792999970668
highdim_strong,Strong nonlinear,20,cuda,NVIDIA GeForce RTX 4070 Ti SUPER,0,0,10000,7500,2500,"128,64,32",tanh,1000,2,True,270,271,0.05,375,500,2,1375,0.0011175876839952601,0.001670894705647489,0.0010138287378422249,0.0006304498492062799,0.010048234841631998,0.005772398766300124,0.0009545094960468402,0.0009273705890061198,0.0009727447691883816,0.0006441036166563753,0.000578224819559181,0.0006597762538044908,-6.21463086968322,2.1198091575659643,2.8562010999994527
highdim_strong,Strong nonlinear,20,cuda,NVIDIA GeForce RTX 4070 Ti SUPER,0,0,10000,7500,2500,"128,64,32",tanh,1000,2,True,270,271,0.05,375,500,3,1875,0.0011175876839952601,0.001577961267291668,0.0009239191342910956,0.0005375349871190095,0.010048234841631998,0.005772398766300124,0.0008930197126613862,0.0008786054521956397,0.0008966964691179332,0.0005669993828832215,0.0005168154918385257,0.0006598351150344252,-3.4601052128650904,5.196548118691785,4.928952399997797
highdim_strong,Strong nonlinear,20,cuda,NVIDIA GeForce RTX 4070 Ti SUPER,0,0,10000,7500,2500,"128,64,32",tanh,1000,2,True,270,271,0.05,375,500,4,2375,0.0011175876839952601,0.0015141786219673445,0.000878225355276804,0.0005464613913043654,0.010048234841631998,0.005772398766300124,0.000863959975735457,0.0008527168746971325,0.000884611760460936,0.0006280457724373462,0.0005144319272240342,0.0006496272546196033,-1.6511620841235612,12.990196688430016,6.8547894000003
highdim_strong,Strong nonlinear,20,cuda,NVIDIA GeForce RTX 4070 Ti SUPER,0,0,10000,7500,2500,"128,64,32",tanh,1000,2,True,270,271,0.05,375,500,5,2875,0.0011175876839952601,0.0014772288184423845,0.0008500051687853191,0.0005600860962473111,0.010048234841631998,0.005772398766300124,0.0008472842757667291,0.0008391090053541431,0.0008640521377302275,0.0005669000579086154,0.00047502768690304214,0.0006539842261863954,-0.32113106502864724,1.20196877143425,8.708513599998696
highdim_strong,Strong nonlinear,20,cuda,NVIDIA GeForce RTX 4070 Ti SUPER,0,0,10000,7500,2500,"128,64,32",tanh,1000,2,True,270,271,0.1,750,500,0,750,0.0011175876839952601,0.0018340395582031534,0.0013679163677983398,0.001271757772825665,0.0009981885705845773,0.000608899652191861,0.0012945565043848948,0.0012011852493696682,0.0013952853338827932,0.0009259915062801638,0.0008491390576901084,0.0010397278989028433,-5.666795011647769,-37.34011210691256,0.7136895000003278
highdim_strong,Strong nonlinear,20,cuda,NVIDIA GeForce RTX 4070 Ti SUPER,0,0,10000,7500,2500,"128,64,32",tanh,1000,2,True,270,271,0.1,750,500,1,1250,0.0011175876839952601,0.0017421723527440165,0.0010916188910148096,0.0007275022629764856,0.0009981885705845773,0.000608899652191861,0.0010624064755572944,0.001027965845885011,0.001119117532143536,0.0005503984592075127,0.0005240159291228965,0.0006345432317638014,-2.7496458398553707,-32.17738000647286,1.5501513999988674
highdim_strong,Strong nonlinear,20,cuda,NVIDIA GeForce RTX 4070 Ti SUPER,0,0,10000,7500,2500,"128,64,32",tanh,1000,2,True,270,271,0.1,750,500,2,1750,0.0011175876839952601,0.0016000257528428986,0.0009438550390698445,0.0006609319967282401,0.0009981885705845773,0.000608899652191861,0.0009720972429027274,0.0009289957454258391,0.0010203874057285096,0.000697154111458801,0.0005109698431192398,0.0008814694373121753,2.9052858691945653,5.195711268885129,3.4303846999973757
highdim_strong,Strong nonlinear,20,cuda,NVIDIA GeForce RTX 4070 Ti SUPER,0,0,10000,7500,2500,"128,64,32",tanh,1000,2,True,270,271,0.1,750,500,3,2250,0.0011175876839952601,0.0015336353978016742,0.0008943513715633378,0.0005851129228839659,0.0009981885705845773,0.000608899652191861,0.0009003950578839674,0.0008813626914686952,0.0009303840343575457,0.0005273523364144598,0.0004874133149925709,0.0005832062660988574,0.6712260654598645,-10.95294027940185,5.342970099998638
highdim_strong,Strong nonlinear,20,cuda,NVIDIA GeForce RTX 4070 Ti SUPER,0,0,10000,7500,2500,"128,64,32",tanh,1000,2,True,270,271,0.1,750,500,4,2750,0.0011175876839952601,0.0014857432356524104,0.0008561829957929142,0.000508396870923996,0.0009981885705845773,0.000608899652191861,0.0008916624168603994,0.0008640741149234118,0.0009067373267470889,0.0004941429730517973,0.00046997416852969114,0.0005458830892917069,3.9790194581050637,-2.88456957794372,7.175773700000718
highdim_strong,Strong nonlinear,20,cuda,NVIDIA GeForce RTX 4070 Ti SUPER,0,0,10000,7500,2500,"128,64,32",tanh,1000,2,True,270,271,0.1,750,500,5,3250,0.0011175876839952601,0.0014597664005959576,0.0008366361293630841,0.0006148517395271787,0.0009981885705845773,0.000608899652191861,0.0008479162130799445,0.0008367314466930862,0.0008661052004029744,0.0005401950338007807,0.00048699818671755883,0.0006173186578514596,1.3303299952110792,-13.820324337511542,8.89039860000048
highdim_strong,Strong nonlinear,20,cuda,NVIDIA GeForce RTX 4070 Ti SUPER,0,1,10000,7500,2500,"128,64,32",tanh,1000,2,True,270,271,0.05,375,500,0,375,0.0012468981088182422,0.002974330104525875,0.002392974379158718,0.001594034196720181,0.01783628802142891,0.009435040713473614,0.0023069531830110807,0.0020633734284773255,0.00266905151207919,0.0014555441402895651,0.0013479445217815622,0.0017345349148376365,-3.7287794473297704,-9.514658648762428,1.168612800000119
highdim_strong,Strong nonlinear,20,cuda,NVIDIA GeForce RTX 4070 Ti SUPER,0,1,10000,7500,2500,"128,64,32",tanh,1000,2,True,270,271,0.05,375,500,1,875,0.0012468981088182422,0.0019212323552840736,0.0012830215204815204,0.000958020661688864,0.01783628802142891,0.009435040713473614,0.001055684649017654,0.0010387337373750291,0.0011080740388976717,0.0007001207006299208,0.0006581081323525724,0.0007874080776393539,-21.534543641930394,-36.83649988164934,1.9444468000001507
highdim_strong,Strong nonlinear,20,cuda,NVIDIA GeForce RTX 4070 Ti SUPER,0,1,10000,7500,2500,"128,64,32",tanh,1000,2,True,270,271,0.05,375,500,2,1375,0.0012468981088182422,0.0016430840103771728,0.0009928596048884883,0.0006734799469728996,0.01783628802142891,0.009435040713473614,0.0009401112257372934,0.0009194537962166122,0.0010627916383784842,0.0006895668293329198,0.0005824498645059127,0.0007103961909681301,-5.6108657898246355,2.3328967803718936,2.865813000000344
highdim_strong,Strong nonlinear,20,cuda,NVIDIA GeForce RTX 4070 Ti SUPER,0,1,10000,7500,2500,"128,64,32",tanh,1000,2,True,270,271,0.05,375,500,3,1875,0.0012468981088182422,0.0015506274778015498,0.0008879341566860599,0.0006054309839926225,0.01783628802142891,0.009435040713473614,0.0008467626165837411,0.0008306392539619686,0.0008866406400271888,0.0006034406289798041,0.0005311888345962737,0.000661085904527089,-4.862229306771373,-0.3298344389212509,4.9337328000001435
highdim_strong,Strong nonlinear,20,cuda,NVIDIA GeForce RTX 4070 Ti SUPER,0,1,10000,7500,2500,"128,64,32",tanh,1000,2,True,270,271,0.05,375,500,4,2375,0.0012468981088182422,0.001488528143734847,0.0008478115034942697,0.0005074708393673371,0.01783628802142891,0.009435040713473614,0.0008061869698865983,0.0007944575004766089,0.0008201708753643941,0.0005459120707381166,0.00048776516213383243,0.0006438873102674457,-5.1631364884905615,7.04165257214479,6.869300899998052
highdim_strong,Strong nonlinear,20,cuda,NVIDIA GeForce RTX 4070 Ti SUPER,0,1,10000,7500,2500,"128,64,32",tanh,1000,2,True,270,271,0.05,375,500,5,2875,0.0012468981088182422,0.001450498103242085,0.0008080923797961107,0.0006041653820148858,0.01783628802142891,0.009435040713473614,0.0008097226604444048,0.0007818719446637472,0.0008495071133604256,0.0005629655156696872,0.0005285407765962251,0.0005889453562185449,0.20133815291760682,-7.318364126830835,8.7930039999992
highdim_strong,Strong nonlinear,20,cuda,NVIDIA GeForce RTX 4070 Ti SUPER,0,1,10000,7500,2500,"128,64,32",tanh,1000,2,True,270,271,0.1,750,500,0,750,0.0012468981088182422,0.0017560251590329073,0.001167396014104953,0.0006603663462106386,0.0015532713501054225,0.0009503454138676886,0.0010987994316112308,0.001068760291017374,0.0012083651812289154,0.000715771451016715,0.0006505367449017479,0.0009878115994676412,-6.242866579675518,7.7406139525928825,0.8119306000007782
highdim_strong,Strong nonlinear,20,cuda,NVIDIA GeForce RTX 4070 Ti SUPER,0,1,10000,7500,2500,"128,64,32",tanh,1000,2,True,270,271,0.1,750,500,1,1250,0.0012468981088182422,0.0016954415728845185,0.001054385449799442,0.0007157968325253116,0.0015532713501054225,0.0009503454138676886,0.0009294607686940009,0.0008983855074234857,0.0009340157913638116,0.0006727107499790576,0.0006345735747188296,0.0007228717671837834,-13.440554492792046,-6.404845254456742,1.6568710999999894
highdim_strong,Strong nonlinear,20,cuda,NVIDIA GeForce RTX 4070 Ti SUPER,0,1,10000,7500,2500,"128,64,32",tanh,1000,2,True,270,271,0.1,750,500,2,1750,0.0012468981088182422,0.0015651934895043456,0.0009179914419518485,0.0005459516957390985,0.0015532713501054225,0.0009503454138676886,0.0008506973755526407,0.0008385302558255774,0.0008534876223266676,0.0005646573097476299,0.0005420326775630534,0.0006317123431825069,-7.910458916778885,3.312737422436222,3.7343775000008463
highdim_strong,Strong nonlinear,20,cuda,NVIDIA GeForce RTX 4070 Ti SUPER,0,1,10000,7500,2500,"128,64,32",tanh,1000,2,True,270,271,0.1,750,500,3,2250,0.0012468981088182422,0.0014999324694801584,0.0008561188332682399,0.0005861096077310791,0.0015532713501054225,0.0009503454138676886,0.0008152206139342089,0.0008048923570045592,0.0008804567163375751,0.0005108843641220865,0.0004713351412698246,0.0005950467083907771,-5.016828406320408,-14.72451476142965,5.6908390000025975
highdim_strong,Strong nonlinear,20,cuda,NVIDIA GeForce RTX 4070 Ti SUPER,0,1,10000,7500,2500,"128,64,32",tanh,1000,2,True,270,271,0.1,750,500,4,2750,0.0012468981088182422,0.0014611525678965278,0.000825246488701198,0.0004987367765022571,0.0015532713501054225,0.0009503454138676886,0.0008482958362098566,0.0007721942076981255,0.0008702818622513015,0.0005589758282387241,0.0005244540267449569,0.0005920127388316002,2.7171355233384062,10.776682763953163,7.456283500003337
highdim_strong,Strong nonlinear,20,cuda,NVIDIA GeForce RTX 4070 Ti SUPER,0,1,10000,7500,2500,"128,64,32",tanh,1000,2,True,270,271,0.1,750,500,5,3250,0.0012468981088182422,0.0014255379368015423,0.0007937671318642019,0.000552316891477269,0.0015532713501054225,0.0009503454138676886,0.0007610735109435938,0.0007506789582911072,0.000773725315260453,0.0005212850936528437,0.0004530699399153617,0.0005597529427995145,-4.295724453748746,-5.952941720810319,9.249053900002764
highdim_strong,Strong nonlinear,20,cuda,NVIDIA GeForce RTX 4070 Ti SUPER,1,0,10000,7500,2500,"128,64,32",tanh,1000,2,True,270,271,0.05,375,500,0,375,0.0008294518398087035,0.003495927486057275,0.003111302653461445,0.0016374478665421115,0.007465083400553196,0.004006423070910665,0.0034158480537361097,0.0033494004085153494,0.003769844181765224,0.0022646598944849458,0.0017871018156713344,0.0027276110123226655,8.915660049385568,27.695638955335582,1.0496737999965262
highdim_strong,Strong nonlinear,20,cuda,NVIDIA GeForce RTX 4070 Ti SUPER,1,0,10000,7500,2500,"128,64,32",tanh,1000,2,True,270,271,0.05,375,500,1,875,0.0008294518398087035,0.0019175163902938014,0.001607277293539076,0.0014160600081102133,0.007465083400553196,0.004006423070910665,0.0021413146156028157,0.002018367219398634,0.002338646686142625,0.00097902100173456,0.0007453835566661319,0.0016286528219690132,24.93969443688682,-44.640411758413606,1.7917667999972764
highdim_strong,Strong nonlinear,20,cuda,NVIDIA GeForce RTX 4070 Ti SUPER,1,0,10000,7500,2500,"128,64,32",tanh,1000,2,True,270,271,0.05,375,500,2,1375,0.0008294518398087035,0.0017150946573036845,0.0013928400834189105,0.001168040275530351,0.007465083400553196,0.004006423070910665,0.0017302825806970773,0.0016300340995302445,0.0020300688639399364,0.0016957089302287748,0.0014523592351395982,0.002130421422289954,19.502161152325865,31.117879094216594,2.522806999997556
highdim_strong,Strong nonlinear,20,cuda,NVIDIA GeForce RTX 4070 Ti SUPER,1,0,10000,7500,2500,"128,64,32",tanh,1000,2,True,270,271,0.05,375,500,3,1875,0.0008294518398087035,0.0017152491305249232,0.0013971358316179788,0.0013157148623094508,0.007465083400553196,0.004006423070910665,0.0016759023802590798,0.0016047384061772681,0.0017971882861783756,0.0010891827413933818,0.0006943130342358798,0.0016503138748162598,16.63381781210945,-20.798357548914932,4.309614699999656
highdim_strong,Strong nonlinear,20,cuda,NVIDIA GeForce RTX 4070 Ti SUPER,1,0,10000,7500,2500,"128,64,32",tanh,1000,2,True,270,271,0.05,375,500,4,2375,0.0008294518398087035,0.0017067683357465124,0.0013870320982805188,0.0006809095097775586,0.007465083400553196,0.004006423070910665,0.0016178860540549725,0.0015255564676277145,0.0017140041651729674,0.0007679658442017278,0.0006503130903061148,0.001077583025685847,14.268863693821656,11.335964363709566,5.981383799997275
highdim_strong,Strong nonlinear,20,cuda,NVIDIA GeForce RTX 4070 Ti SUPER,1,0,10000,7500,2500,"128,64,32",tanh,1000,2,True,270,271,0.05,375,500,5,2875,0.0008294518398087035,0.0017051329716939122,0.0013876836719054727,0.0013246151943884445,0.007465083400553196,0.004006423070910665,0.001523804037288833,0.0015096557891042888,0.0015841523338893718,0.00063847764199832,0.0005265034983516623,0.0008099295197960546,8.932931141562465,-107.46461696648258,7.641483499999595
highdim_strong,Strong nonlinear,20,cuda,NVIDIA GeForce RTX 4070 Ti SUPER,1,0,10000,7500,2500,"128,64,32",tanh,1000,2,True,270,271,0.1,750,500,0,750,0.0008294518398087035,0.002400807408594755,0.0020029751261460456,0.001190345858696851,0.0017525841136695848,0.0010271051066957728,0.002234347792527093,0.002066959919227447,0.0023678794790058006,0.0009472012464859544,0.0009365248525260333,0.0010154862734339137,10.355266407265988,-25.669794366608453,0.7203029999982391
highdim_strong,Strong nonlinear,20,cuda,NVIDIA GeForce RTX 4070 Ti SUPER,1,0,10000,7500,2500,"128,64,32",tanh,1000,2,True,270,271,0.1,750,500,1,1250,0.0008294518398087035,0.0017564583032951796,0.0014812736321857796,0.0013664741445948657,0.0017525841136695848,0.0010271051066957728,0.0016529439032208003,0.0016264698115505025,0.001691758478971368,0.0014326254568711944,0.0009223720857944049,0.0015221200614703833,10.385728801837562,4.617488259687979,1.4353640999979689
highdim_strong,Strong nonlinear,20,cuda,NVIDIA GeForce RTX 4070 Ti SUPER,1,0,10000,7500,2500,"128,64,32",tanh,1000,2,True,270,271,0.1,750,500,2,1750,0.0008294518398087035,0.0017328530613248414,0.0014182120444130553,0.0012059182598868749,0.0017525841136695848,0.0010271051066957728,0.001548750348290794,0.0015346413986240116,0.0015758920869314967,0.0010752963604311265,0.0006249418516567124,0.0014405025199411955,8.428621438038812,-12.14752548807821,3.103482399998029
highdim_strong,Strong nonlinear,20,cuda,NVIDIA GeForce RTX 4070 Ti SUPER,1,0,10000,7500,2500,"128,64,32",tanh,1000,2,True,270,271,0.1,750,500,3,2250,0.0008294518398087035,0.0016985943664543101,0.0013934925797641688,0.0007450813959151465,0.0017525841136695848,0.0010271051066957728,0.00151686741192078,0.0014909571036872834,0.001566018660023865,0.0007460901539819483,0.0005223112994560815,0.0009133268400347944,8.133527768282917,0.13520592135119794,4.680086899999878
highdim_strong,Strong nonlinear,20,cuda,NVIDIA GeForce RTX 4070 Ti SUPER,1,0,10000,7500,2500,"128,64,32",tanh,1000,2,True,270,271,0.1,750,500,4,2750,0.0008294518398087035,0.0017001560810248272,0.0013876099648829434,0.0005542544714780565,0.0017525841136695848,0.0010271051066957728,0.001559407834168482,0.0015122800732201881,0.001584948207562793,0.0008924563263706431,0.0007397167488633531,0.0014957277862808886,11.01686585902948,37.89561963978158,6.332726799999364
highdim_strong,Strong nonlinear,20,cuda,NVIDIA GeForce RTX 4070 Ti SUPER,1,0,10000,7500,2500,"128,64,32",tanh,1000,2,True,270,271,0.1,750,500,5,3250,0.0008294518398087035,0.00171786672054604,0.0014005932711760245,0.00047484108525969805,0.0017525841136695848,0.0010271051066957728,0.0014797247200463211,0.0014692019037667794,0.0015095769340276758,0.0010347051282018258,0.000628861831908554,0.0016080227582082375,5.347714192935802,54.10855978988853,7.92724829999861
highdim_strong,Strong nonlinear,20,cuda,NVIDIA GeForce RTX 4070 Ti SUPER,1,1,10000,7500,2500,"128,64,32",tanh,1000,2,True,270,271,0.05,375,500,0,375,0.0009101774298890293,0.004347136918812754,0.004388567496448307,0.0028464743429107943,0.013410374062410616,0.007260847778324983,0.004139313535875168,0.0038962678140633915,0.0046661436824195265,0.002722316043815334,0.002272072433251275,0.003158417863066207,-6.0216255283121365,-4.560759922696266,1.0316095999987738
highdim_strong,Strong nonlinear,20,cuda,NVIDIA GeForce RTX 4070 Ti SUPER,1,1,10000,7500,2500,"128,64,32",tanh,1000,2,True,270,271,0.05,375,500,1,875,0.0009101774298890293,0.0019643061994559555,0.001923443348420068,0.0009292954574817763,0.013410374062410616,0.007260847778324983,0.0023614610244417434,0.002209920680191832,0.0024766699089632856,0.0012556157733889216,0.0011385764097492524,0.0017211295479208006,18.54858799226738,25.988867201500895,1.7398033999998006
highdim_strong,Strong nonlinear,20,cuda,NVIDIA GeForce RTX 4070 Ti SUPER,1,1,10000,7500,2500,"128,64,32",tanh,1000,2,True,270,271,0.05,375,500,2,1375,0.0009101774298890293,0.0017953765818653046,0.001724222993980203,0.0008878864445749806,0.013410374062410616,0.007260847778324983,0.0021330256985564663,0.0020332177486610072,0.0022100651151927097,0.001370179092867192,0.0009379701787405683,0.0018861844453671238,19.16539049918256,35.199241530023755,2.4823288999978104
highdim_strong,Strong nonlinear,20,cuda,NVIDIA GeForce RTX 4070 Ti SUPER,1,1,10000,7500,2500,"128,64,32",tanh,1000,2,True,270,271,0.05,375,500,3,1875,0.0009101774298890293,0.0017167330701476622,0.0016468701146948562,0.0014514247746043611,0.013410374062410616,0.007260847778324983,0.0019537271931300004,0.0018984014341147668,0.0020006592436382677,0.0009612197910113128,0.0007961951816607598,0.001071633609045054,15.706239822743056,-50.99821998851031,4.215061200000491
highdim_strong,Strong nonlinear,20,cuda,NVIDIA GeForce RTX 4070 Ti SUPER,1,1,10000,7500,2500,"128,64,32",tanh,1000,2,True,270,271,0.05,375,500,4,2375,0.0009101774298890293,0.0017005637009778034,0.0016455443374754708,0.0014407131166604497,0.013410374062410616,0.007260847778324983,0.0019803003203110537,0.0018993898124472562,0.002249880356550683,0.0012167237779517111,0.0007776010910948944,0.00183774111561457,16.904303827158973,-18.409218490478793,5.936636200000066
highdim_strong,Strong nonlinear,20,cuda,NVIDIA GeForce RTX 4070 Ti SUPER,1,1,10000,7500,2500,"128,64,32",tanh,1000,2,True,270,271,0.05,375,500,5,2875,0.0009101774298890293,0.0017065462900678564,0.0016541618292909774,0.0005842374082802029,0.013410374062410616,0.007260847778324983,0.0019832887837683186,0.0019242039780082904,0.0020690847034333156,0.001464844947860703,0.0007951622430427582,0.0021242467222637295,16.595009116725222,60.11609220938788,7.537140699998417
highdim_strong,Strong nonlinear,20,cuda,NVIDIA GeForce RTX 4070 Ti SUPER,1,1,10000,7500,2500,"128,64,32",tanh,1000,2,True,270,271,0.1,750,500,0,750,0.0009101774298890293,0.0022552759700866835,0.0022593743568698325,0.0022900210296948813,0.0014537149701766684,0.0008852753526791028,0.002483792069942083,0.0023730781607161225,0.0027163709144192045,0.0012429676727186434,0.0011235588575349248,0.0019776506395706153,9.035285835238344,-84.23818092437611,0.6891338999994332
highdim_strong,Strong nonlinear,20,cuda,NVIDIA GeForce RTX 4070 Ti SUPER,1,1,10000,7500,2500,"128,64,32",tanh,1000,2,True,270,271,0.1,750,500,1,1250,0.0009101774298890293,0.001785963633270736,0.0016948366578623095,0.0007652222234582833,0.0014537149701766684,0.0008852753526791028,0.002139888386863004,0.0020352878449746217,0.002194259464167769,0.0011080119139559336,0.000926085878975654,0.0017076695642233189,20.797894494540603,30.937365039134704,1.4610246999982337
highdim_strong,Strong nonlinear,20,cuda,NVIDIA GeForce RTX 4070 Ti SUPER,1,1,10000,7500,2500,"128,64,32",tanh,1000,2,True,270,271,0.1,750,500,2,1750,0.0009101774298890293,0.0017398356513344743,0.0016670433583610273,0.0008618185026119589,0.0014537149701766684,0.0008852753526791028,0.0020275596411951894,0.0018885217187810967,0.0021269095875557542,0.0010130478493465146,0.0008874296517962421,0.0014786275909896606,17.78079793606702,14.928154364288813,3.12905729999693
highdim_strong,Strong nonlinear,20,cuda,NVIDIA GeForce RTX 4070 Ti SUPER,1,1,10000,7500,2500,"128,64,32",tanh,1000,2,True,270,271,0.1,750,500,3,2250,0.0009101774298890293,0.0016965253348480182,0.0016360091369274278,0.001315914806593222,0.0014537149701766684,0.0008852753526791028,0.001938243990190687,0.0018870666965637986,0.0020806351982034783,0.001691411560879591,0.0008407347560891948,0.002109159810108281,15.593230511372555,22.200200292535424,4.696278999999777
highdim_strong,Strong nonlinear,20,cuda,NVIDIA GeForce RTX 4070 Ti SUPER,1,1,10000,7500,2500,"128,64,32",tanh,1000,2,True,270,271,0.1,750,500,4,2750,0.0009101774298890293,0.001690822997358048,0.0016381808913755894,0.0007397781950766345,0.0014537149701766684,0.0008852753526791028,0.001953990362465115,0.0018560004621474707,0.0020066100087716386,0.0009771501572185051,0.0007555040966301201,0.001474420774741246,16.162283968028717,24.292270782369712,6.2479902999984915
highdim_strong,Strong nonlinear,20,cuda,NVIDIA GeForce RTX 4070 Ti SUPER,1,1,10000,7500,2500,"128,64,32",tanh,1000,2,True,270,271,0.1,750,500,5,3250,0.0009101774298890293,0.001708307471034096,0.001666030138768502,0.001419820337336741,0.0014537149701766684,0.0008852753526791028,0.0018656928936849255,0.0017798513850812185,0.0019127135212094121,0.0008039701921870434,0.0006666487859023752,0.0010972231899219157,10.701801759134645,-76.60111669991122,7.880191399999603
highdim_strong,Strong nonlinear,20,cuda,NVIDIA GeForce RTX 4070 Ti SUPER,2,0,10000,7500,2500,"128,64,32",tanh,1000,2,True,270,271,0.05,375,500,0,375,0.0012743914716162872,0.002875468888212736,0.002808903032334946,0.001944671120129961,0.011968527442367366,0.006423892952820791,0.0028827752609612046,0.0026308188649184117,0.003067027277725484,0.0018007427424537818,0.001779501309350329,0.001964602778979983,2.562538593508927,-7.992722907218561,0.9400289999975939
highdim_strong,Strong nonlinear,20,cuda,NVIDIA GeForce RTX 4070 Ti SUPER,2,0,10000,7500,2500,"128,64,32",tanh,1000,2,True,270,271,0.05,375,500,1,875,0.0012743914716162872,0.0017743974885859853,0.0016140791170846302,0.00102142461820046,0.011968527442367366,0.006423892952820791,0.0013268580903295472,0.0013124413613856268,0.001354414994773273,0.0007808035547782919,0.0007321960159729997,0.0008036424933620901,-21.646702752043883,-30.817106549994133,1.6691675999973086
highdim_strong,Strong nonlinear,20,cuda,NVIDIA GeForce RTX 4070 Ti SUPER,2,0,10000,7500,2500,"128,64,32",tanh,1000,2,True,270,271,0.05,375,500,2,1375,0.0012743914716162872,0.001567144469428928,0.0013146179159309124,0.0008034431558298779,0.011968527442367366,0.006423892952820791,0.0011967694340814547,0.0011710073164869317,0.0012407001456475686,0.0007665779686062246,0.0007174048301169327,0.0008397285670923407,-9.847216890186445,-4.809059056403722,2.4354142999982287
highdim_strong,Strong nonlinear,20,cuda,NVIDIA GeForce RTX 4070 Ti SUPER,2,0,10000,7500,2500,"128,64,32",tanh,1000,2,True,270,271,0.05,375,500,3,1875,0.0012743914716162872,0.0014470927474530542,0.0012009089846562087,0.000778500855338364,0.011968527442367366,0.006423892952820791,0.0011487851116220454,0.0011164670176017186,0.0011966530138590675,0.0007341863532085402,0.0006799724243718842,0.000747616500055901,-4.537304018552792,-6.035865681262082,4.199051999999938
highdim_strong,Strong nonlinear,20,cuda,NVIDIA GeForce RTX 4070 Ti SUPER,2,0,10000,7500,2500,"128,64,32",tanh,1000,2,True,270,271,0.05,375,500,4,2375,0.0012743914716162872,0.0013656499367042819,0.0011337506758319627,0.0007505535934953394,0.011968527442367366,0.006423892952820791,0.0011289981431517968,0.001098116799548211,0.0011492003499563078,0.0006971278707093396,0.0006661448203398744,0.0007268039562067975,-0.4209513283076179,-7.663690555312077,5.863224499997159
highdim_strong,Strong nonlinear,20,cuda,NVIDIA GeForce RTX 4070 Ti SUPER,2,0,10000,7500,2500,"128,64,32",tanh,1000,2,True,270,271,0.05,375,500,5,2875,0.0012743914716162872,0.0013194557990658046,0.0010843403401473825,0.000671366077743444,0.011968527442367366,0.006423892952820791,0.0010902269767837855,0.0010495169493940106,0.0011233649998603872,0.0007050494010294854,0.0006100009129486641,0.000753597338469406,0.5399459710462119,4.777441585916998,7.5376347999990685
highdim_strong,Strong nonlinear,20,cuda,NVIDIA GeForce RTX 4070 Ti SUPER,2,0,10000,7500,2500,"128,64,32",tanh,1000,2,True,270,271,0.1,750,500,0,750,0.0012743914716162872,0.0015491710517033543,0.0014104343613106007,0.0007693413959988719,0.001403991967262498,0.0008167803830987533,0.0015327009557787872,0.0014128544648743517,0.0016975819686474592,0.0009887856673631,0.0008389902181973819,0.001006645508312917,7.9771982921522415,22.193310300445944,0.5850360000004002
highdim_strong,Strong nonlinear,20,cuda,NVIDIA GeForce RTX 4070 Ti SUPER,2,0,10000,7500,2500,"128,64,32",tanh,1000,2,True,270,271,0.1,750,500,1,1250,0.0012743914716162872,0.0016443544337607385,0.0014414023433857405,0.0008823959164858436,0.001403991967262498,0.0008167803830987533,0.0012299868340425197,0.0012115337242094221,0.0012738365201220175,0.0008240608790866851,0.000766426112905276,0.0009017247086253537,-17.1884367776828,-7.078971818661238,1.312920699998358
highdim_strong,Strong nonlinear,20,cuda,NVIDIA GeForce RTX 4070 Ti SUPER,2,0,10000,7500,2500,"128,64,32",tanh,1000,2,True,270,271,0.1,750,500,2,1750,0.0012743914716162872,0.0014986711584542775,0.0012462010343659204,0.0007574355949132477,0.001403991967262498,0.0008167803830987533,0.0011647268307774805,0.0011525949359244478,0.0011855698723236344,0.0006972212635088587,0.0006386619777081265,0.0008423364421667178,-6.995134089428862,-8.636330323798845,2.9583234999990964
highdim_strong,Strong nonlinear,20,cuda,NVIDIA GeForce RTX 4070 Ti SUPER,2,0,10000,7500,2500,"128,64,32",tanh,1000,2,True,270,271,0.1,750,500,3,2250,0.0012743914716162872,0.0014038690746222607,0.0011637674195008052,0.000722402683696221,0.001403991967262498,0.0008167803830987533,0.0011366753409871215,0.001113718290797765,0.0011557495312811878,0.0007335471530122116,0.0006917453790005151,0.0007678414176614358,-2.3834491289444286,1.5192573879166973,4.5642564999980095
highdim_strong,Strong nonlinear,20,cuda,NVIDIA GeForce RTX 4070 Ti SUPER,2,0,10000,7500,2500,"128,64,32",tanh,1000,2,True,270,271,0.1,750,500,4,2750,0.0012743914716162872,0.0013334750700772515,0.001098969700072571,0.0007191008774393421,0.001403991967262498,0.0008167803830987533,0.0011361687642710715,0.0010991734027132418,0.0011613550600786198,0.0007304252256621277,0.0006807784627859911,0.0007748672532758374,3.2740791129182356,1.5503774821741876,6.1349378999984765
highdim_strong,Strong nonlinear,20,cuda,NVIDIA GeForce RTX 4070 Ti SUPER,2,0,10000,7500,2500,"128,64,32",tanh,1000,2,True,270,271,0.1,750,500,5,3250,0.0012743914716162872,0.0012932364613961519,0.0010666922204095896,0.0007452079038688396,0.001403991967262498,0.0008167803830987533,0.0011118717996330214,0.0011059988966382953,0.0011190997890364685,0.0006856721434265128,0.0006714083924802093,0.0007269736359148918,4.063380260057279,-8.682832023014452,7.732272599998396
highdim_strong,Strong nonlinear,20,cuda,NVIDIA GeForce RTX 4070 Ti SUPER,2,1,10000,7500,2500,"128,64,32",tanh,1000,2,True,270,271,0.05,375,500,0,375,0.0010438777919211857,0.004278598701357556,0.003929033523088518,0.0025158661247325666,0.020406304373934977,0.010835314019776394,0.0028113142845131705,0.0023442938917513497,0.004215608773709021,0.0016465573792445157,0.0014583647067134566,0.0024179783865295357,-39.75788992118683,-52.79553305861183,0.879617300000973
highdim_strong,Strong nonlinear,20,cuda,NVIDIA GeForce RTX 4070 Ti SUPER,2,1,10000,7500,2500,"128,64,32",tanh,1000,2,True,270,271,0.05,375,500,1,875,0.0010438777919211857,0.0019359333437667119,0.001716651933071136,0.0009822082443223896,0.020406304373934977,0.010835314019776394,0.0016135031375573363,0.0015573838624170896,0.0017162079829356888,0.0009899159991536544,0.000942003016559298,0.0010307064253308172,-6.392847532354695,0.7786271600675886,1.515776400003233
highdim_strong,Strong nonlinear,20,cuda,NVIDIA GeForce RTX 4070 Ti SUPER,2,1,10000,7500,2500,"128,64,32",tanh,1000,2,True,270,271,0.05,375,500,2,1375,0.0010438777919211857,0.0015375162451402823,0.001272865842534128,0.0007442494505509709,0.020406304373934977,0.010835314019776394,0.0013144486886115612,0.0012713387972557648,0.0013512802526623254,0.0008828637652814366,0.0007957781353319265,0.000887884621875346,3.1635199181001714,15.700532764109841,2.227420600000187
highdim_strong,Strong nonlinear,20,cuda,NVIDIA GeForce RTX 4070 Ti SUPER,2,1,10000,7500,2500,"128,64,32",tanh,1000,2,True,270,271,0.05,375,500,3,1875,0.0010438777919211857,0.0013986070918271547,0.0011253552431946554,0.0007074676848111613,0.020406304373934977,0.010835314019776394,0.0011624849232740129,0.0011277696391348983,0.00117309553455414,0.0007084178686868579,0.0006712096324980774,0.000743560070473015,3.1939923981797373,0.13412759865275,3.8083941000004415
highdim_strong,Strong nonlinear,20,cuda,NVIDIA GeForce RTX 4070 Ti SUPER,2,1,10000,7500,2500,"128,64,32",tanh,1000,2,True,270,271,0.05,375,500,4,2375,0.0010438777919211857,0.0013113875151841282,0.0010387038484746469,0.00068037206078404,0.020406304373934977,0.010835314019776394,0.0010910325371938155,0.0010467133659925903,0.0011106840704192232,0.000638622125559244,0.0006249472568835083,0.0006937708644064717,4.796253726195955,-6.537502155634733,5.3595155000002705
highdim_strong,Strong nonlinear,20,cuda,NVIDIA GeForce RTX 4070 Ti SUPER,2,1,10000,7500,2500,"128,64,32",tanh,1000,2,True,270,271,0.05,375,500,5,2875,0.0010438777919211857,0.0012619805171830212,0.0009926226768975134,0.0006768637098726257,0.020406304373934977,0.010835314019776394,0.0010573559722062136,0.0010310078882181416,0.0010935587901187095,0.0006978601420515914,0.0006606683092130181,0.0007506545717362513,6.122185622466549,3.008687688802475,6.850658500003192
highdim_strong,Strong nonlinear,20,cuda,NVIDIA GeForce RTX 4070 Ti SUPER,2,1,10000,7500,2500,"128,64,32",tanh,1000,2,True,270,271,0.1,750,500,0,750,0.0010438777919211857,0.001628967078902551,0.0014264512903685068,0.0008068332042469612,0.001064394059582664,0.0006375963198885406,0.001418265566607537,0.0013681146240823296,0.0015706302295849283,0.0008703042629095107,0.0008288758056979046,0.000960700080387781,-0.5771643868186004,7.292973430965355,0.634054300000571
highdim_strong,Strong nonlinear,20,cuda,NVIDIA GeForce RTX 4070 Ti SUPER,2,1,10000,7500,2500,"128,64,32",tanh,1000,2,True,270,271,0.1,750,500,1,1250,0.0010438777919211857,0.0015873216911210034,0.0013591559097531354,0.000745522996663106,0.001064394059582664,0.0006375963198885406,0.001182593634393232,0.0011416863874452092,0.0012068437622522869,0.0007000650540777123,0.0006134864574870335,0.000846830458040314,-14.93008842809258,-6.493388338785373,1.3264027000004717
highdim_strong,Strong nonlinear,20,cuda,NVIDIA GeForce RTX 4070 Ti SUPER,2,1,10000,7500,2500,"128,64,32",tanh,1000,2,True,270,271,0.1,750,500,2,1750,0.0010438777919211857,0.001412497925794404,0.001141150216305601,0.0007291237791132842,0.001064394059582664,0.0006375963198885406,0.0010758849191684582,0.0010642464376237606,0.0010996779285892383,0.0006361437330341621,0.0005731217440404736,0.000737957302700361,-6.066196855662395,-14.61620090724512,2.8788019999992684
highdim_strong,Strong nonlinear,20,cuda,NVIDIA GeForce RTX 4070 Ti SUPER,2,1,10000,7500,2500,"128,64,32",tanh,1000,2,True,270,271,0.1,750,500,3,2250,0.0010438777919211857,0.0013399083401546548,0.001078271056493475,0.000669854136561803,0.001064394059582664,0.0006375963198885406,0.0010556880634477257,0.0010019953661324506,0.0010937181598589109,0.0006854698735981673,0.0005739213076639352,0.0007286729409055126,-2.1391729079512833,2.2781069800185683,4.391815599999973
highdim_strong,Strong nonlinear,20,cuda,NVIDIA GeForce RTX 4070 Ti SUPER,2,1,10000,7500,2500,"128,64,32",tanh,1000,2,True,270,271,0.1,750,500,4,2750,0.0010438777919211857,0.0012825333107872032,0.001011081727837158,0.0005941668962085202,0.001064394059582664,0.0006375963198885406,0.0009835135914474519,0.0009702457560114138,0.0010041837290007563,0.0006380767306898087,0.0005918369505429444,0.0006778358574860546,-2.803025461919004,6.881591565612914,6.008803000000626
highdim_strong,Strong nonlinear,20,cuda,NVIDIA GeForce RTX 4070 Ti SUPER,2,1,10000,7500,2500,"128,64,32",tanh,1000,2,True,270,271,0.1,750,500,5,3250,0.0010438777919211857,0.0012476103874585742,0.0009778899025725688,0.0007186382951965827,0.001064394059582664,0.0006375963198885406,0.000970305824442788,0.0009553308781191821,0.0009816453032513578,0.0006093512038450157,0.0005911808256510038,0.0006384222919338055,-0.7816172941284831,-17.934992277353977,7.5732696000013675
highdim_poly2,Quadratic,50,cuda,NVIDIA GeForce RTX 4070 Ti SUPER,0,0,10000,7500,2500,"128,64,32",tanh,1000,2,True,1425,1426,0.05,375,500,0,375,0.04109597010146761,0.0400182860048431,0.04878779664678067,0.011588852988793912,0.03953346367032011,0.00601458862423758,0.049341230550473805,0.048732277182143166,0.05068738458776313,0.011924317338877331,0.011718679512952976,0.012462461578907295,1.1216459288079486,2.813279289286369,0.4537174999968556
highdim_poly2,Quadratic,50,cuda,NVIDIA GeForce RTX 4070 Ti SUPER,0,0,10000,7500,2500,"128,64,32",tanh,1000,2,True,1425,1426,0.05,375,500,1,875,0.04109597010146761,0.030738559753548604,0.04709314618556149,0.011791873963902341,0.03953346367032011,0.00601458862423758,0.05122170134805624,0.050594809887607034,0.0528843079489808,0.013379083099167868,0.012886085606818136,0.013975837735046013,8.060167963654367,11.863362560056496,1.763874099997338
highdim_poly2,Quadratic,50,cuda,NVIDIA GeForce RTX 4070 Ti SUPER,0,0,10000,7500,2500,"128,64,32",tanh,1000,2,True,1425,1426,0.05,375,500,2,1375,0.04109597010146761,0.5802711385391123,0.6248583227399774,0.14142628941677277,0.03953346367032011,0.00601458862423758,0.5971395028584334,0.5426917619532425,0.868487304799823,0.136955134990817,0.12591686766369575,0.18697111469026673,-4.641933710440764,-3.2646854944544956,16.600037000000157
highdim_poly2,Quadratic,50,cuda,NVIDIA GeForce RTX 4070 Ti SUPER,0,0,10000,7500,2500,"128,64,32",tanh,1000,2,True,1425,1426,0.05,375,500,3,1875,0.04109597010146761,0.021925661371843794,0.04856431815344048,0.013187834850258281,0.03953346367032011,0.00601458862423758,0.05565541663276869,0.05462179044677848,0.05699622386684776,0.014923173347442881,0.014281336679649016,0.014994470250206015,12.741075187914646,11.62848180331534,33.621084799997334
highdim_poly2,Quadratic,50,cuda,NVIDIA GeForce RTX 4070 Ti SUPER,0,0,10000,7500,2500,"128,64,32",tanh,1000,2,True,1425,1426,0.05,375,500,4,2375,0.04109597010146761,0.013361079890900072,0.04124923734448972,0.010754611217610668,0.03953346367032011,0.00601458862423758,0.043051529170465494,0.04275438886977513,0.044263989592673005,0.011398125931329241,0.011235571932064257,0.01167005834223804,4.186359603719238,5.645794033120734,47.58619219999673
highdim_poly2,Quadratic,50,cuda,NVIDIA GeForce RTX 4070 Ti SUPER,0,0,10000,7500,2500,"128,64,32",tanh,1000,2,True,1425,1426,0.05,375,500,5,2875,0.04109597010146761,0.011101646272400189,0.0393755863388195,0.010204168811898043,0.03953346367032011,0.00601458862423758,0.04033667002715489,0.03997945268873649,0.040848445074285686,0.01084361727670137,0.010693030510587056,0.01092828946487317,2.3826550076850244,5.897003264558662,59.8818640999998
highdim_poly2,Quadratic,50,cuda,NVIDIA GeForce RTX 4070 Ti SUPER,0,0,10000,7500,2500,"128,64,32",tanh,1000,2,True,1425,1426,0.1,750,500,0,750,0.04109597010146761,0.032336295678001746,0.04744403435900766,0.012103880445854934,0.03376715179437311,0.005857329099992977,0.05062772798410185,0.04953543293192605,0.05105761296793879,0.013110887265309441,0.012817470190771377,0.013157733705644919,6.288438671579215,7.6806916196967245,0.8162556999996013
highdim_poly2,Quadratic,50,cuda,NVIDIA GeForce RTX 4070 Ti SUPER,0,0,10000,7500,2500,"128,64,32",tanh,1000,2,True,1425,1426,0.1,750,500,1,1250,0.04109597010146761,0.07224093078563319,0.10018306157522669,0.02560412009239292,0.03376715179437311,0.005857329099992977,0.14608496965296414,0.13413190154344665,0.16057852499884473,0.036296370153944234,0.03376914717982494,0.040693865748103415,31.421376331035898,29.458180022415863,6.054669499997544
highdim_poly2,Quadratic,50,cuda,NVIDIA GeForce RTX 4070 Ti SUPER,0,0,10000,7500,2500,"128,64,32",tanh,1000,2,True,1425,1426,0.1,750,500,2,1750,0.04109597010146761,0.028886033351753052,0.058921302164300506,0.015592917778738336,0.03376715179437311,0.005857329099992977,0.062490650008997395,0.06123578953782774,0.06531688552070546,0.01663798613406372,0.01596931513029145,0.016872441032627337,5.711811037623989,6.281219054424902,22.265400500000396
highdim_poly2,Quadratic,50,cuda,NVIDIA GeForce RTX 4070 Ti SUPER,0,0,10000,7500,2500,"128,64,32",tanh,1000,2,True,1425,1426,0.1,750,500,3,2250,0.04109597010146761,0.014811452236004488,0.04400015895699916,0.012468873301930299,0.03376715179437311,0.005857329099992977,0.045196404701349134,0.04467379461360238,0.04567676411585486,0.011805831941070651,0.011739792374683469,0.01193805932901483,2.6467719108512795,-5.616218866821487,38.03247199999896
highdim_poly2,Quadratic,50,cuda,NVIDIA GeForce RTX 4070 Ti SUPER,0,0,10000,7500,2500,"128,64,32",tanh,1000,2,True,1425,1426,0.1,750,500,4,2750,0.04109597010146761,0.011580904272110504,0.040198933922023714,0.010226576487832812,0.03376715179437311,0.005857329099992977,0.04096915554736462,0.0406922362251151,0.04122234215807852,0.010687722299247547,0.010527962918088345,0.010806283891414149,1.880003663854992,4.31472486375513,51.24291739999899
highdim_poly2,Quadratic,50,cuda,NVIDIA GeForce RTX 4070 Ti SUPER,0,0,10000,7500,2500,"128,64,32",tanh,1000,2,True,1425,1426,0.1,750,500,5,3250,0.04109597010146761,0.010051225864729148,0.038383088637021216,0.010477679024933895,0.03376715179437311,0.005857329099992977,0.038913439725841804,0.03807041634023334,0.039396768418981154,0.010258040656283829,0.010069058318463699,0.01043175907780819,1.3628995343436328,-2.141133731182098,64.0401927999992
highdim_poly2,Quadratic,50,cuda,NVIDIA GeForce RTX 4070 Ti SUPER,0,1,10000,7500,2500,"128,64,32",tanh,1000,2,True,1425,1426,0.05,375,500,0,375,0.03680037033606514,0.03987543980283855,0.047484391393324187,0.011082273307804851,0.04664860655214765,0.006610749806447711,0.046845032917344626,0.04620501025554173,0.048300560743868834,0.011452407457481904,0.01090839454319847,0.011791637710390282,-1.3648372861807405,3.231933120186385,0.4158436999969126
highdim_poly2,Quadratic,50,cuda,NVIDIA GeForce RTX 4070 Ti SUPER,0,1,10000,7500,2500,"128,64,32",tanh,1000,2,True,1425,1426,0.05,375,500,1,875,0.03680037033606514,0.02911880681819621,0.04274495382453492,0.011393401945145536,0.04664860655214765,0.006610749806447711,0.0469011577214825,0.045932926856891064,0.047546421304944735,0.011970142950125124,0.011691144942566473,0.012818576407113334,8.861623249534153,4.818163052710742,1.6322995999980776
highdim_poly2,Quadratic,50,cuda,NVIDIA GeForce RTX 4070 Ti SUPER,0,1,10000,7500,2500,"128,64,32",tanh,1000,2,True,1425,1426,0.05,375,500,2,1375,0.03680037033606514,0.5122507116672043,0.546724518101334,0.12475401496911884,0.04664860655214765,0.006610749806447711,0.7079004954947253,0.5478232004372915,0.8151736914722589,0.1529093370903698,0.12910079855795037,0.174896806756193,22.76816846705996,18.413082325123874,16.066580699996848
highdim_poly2,Quadratic,50,cuda,NVIDIA GeForce RTX 4070 Ti SUPER,0,1,10000,7500,2500,"128,64,32",tanh,1000,2,True,1425,1426,0.05,375,500,3,1875,0.03680037033606514,0.01894415906620753,0.043037628664586,0.011408694762596861,0.04664860655214765,0.006610749806447711,0.05008075318234839,0.048509715287989905,0.050806127338554274,0.013085792941261899,0.012373479426744018,0.013293034582554517,14.06353553054157,12.816175421642507,33.8086736999976
highdim_poly2,Quadratic,50,cuda,NVIDIA GeForce RTX 4070 Ti SUPER,0,1,10000,7500,2500,"128,64,32",tanh,1000,2,True,1425,1426,0.05,375,500,4,2375,0.03680037033606514,0.013397029956527745,0.03637540647790859,0.008829541126492526,0.04664860655214765,0.006610749806447711,0.03811398914846717,0.03744239797620732,0.03863967256716338,0.010196474159651627,0.009729469767336487,0.010393562077336911,4.561534253961721,13.405938285688784,48.25621699999829
highdim_poly2,Quadratic,50,cuda,NVIDIA GeForce RTX 4070 Ti SUPER,0,1,10000,7500,2500,"128,64,32",tanh,1000,2,True,1425,1426,0.05,375,500,5,2875,0.03680037033606514,0.011316688513262218,0.03396771101954692,0.009170338325272965,0.04664860655214765,0.006610749806447711,0.03473725486419671,0.03459300061913874,0.035258378743352796,0.009330439541074747,0.009038723172280869,0.009420323312052996,2.2153271686501403,1.7159021833535228,61.354573900000105
highdim_poly2,Quadratic,50,cuda,NVIDIA GeForce RTX 4070 Ti SUPER,0,1,10000,7500,2500,"128,64,32",tanh,1000,2,True,1425,1426,0.1,750,500,0,750,0.03680037033606514,0.03106810310217329,0.04442390337922844,0.012203773663500738,0.03449522527263842,0.006859258295796826,0.04660708885744349,0.04556986966795479,0.046906679502062384,0.011691345920432347,0.01142546038084781,0.01180762794071425,4.6842348057668435,-4.382966226094192,0.8527914999976929
highdim_poly2,Quadratic,50,cuda,NVIDIA GeForce RTX 4070 Ti SUPER,0,1,10000,7500,2500,"128,64,32",tanh,1000,2,True,1425,1426,0.1,750,500,1,1250,0.03680037033606514,0.09141799279003153,0.11096371576631055,0.028408774961166443,0.03449522527263842,0.006859258295796826,0.14576804952555972,0.13849237898771216,0.15424600307789854,0.03738036586097424,0.035029576633988375,0.03922694556808959,23.876517434738947,24.000810835225927,6.286269599997468
highdim_poly2,Quadratic,50,cuda,NVIDIA GeForce RTX 4070 Ti SUPER,0,1,10000,7500,2500,"128,64,32",tanh,1000,2,True,1425,1426,0.1,750,500,2,1750,0.03680037033606514,0.02701890754524343,0.049210253785093666,0.013351827291930986,0.03449522527263842,0.006859258295796826,0.058503246830637505,0.057293227868892474,0.061087258061795935,0.015321294719141062,0.015230473465728958,0.016083527334475926,15.884576581614956,12.854445158277636,22.515471799997613
highdim_poly2,Quadratic,50,cuda,NVIDIA GeForce RTX 4070 Ti SUPER,0,1,10000,7500,2500,"128,64,32",tanh,1000,2,True,1425,1426,0.1,750,500,3,2250,0.03680037033606514,0.013908124185239498,0.03567059549031486,0.008880434495411987,0.03449522527263842,0.006859258295796826,0.03904643596093652,0.03873057274928385,0.03992444203657027,0.01020576799657524,0.010081077209928464,0.01045483187964727,8.645707060175681,12.986122177262864,37.97318809999706
highdim_poly2,Quadratic,50,cuda,NVIDIA GeForce RTX 4070 Ti SUPER,0,1,10000,7500,2500,"128,64,32",tanh,1000,2,True,1425,1426,0.1,750,500,4,2750,0.03680037033606514,0.01164830468691636,0.03425403110457856,0.009272521458129061,0.03449522527263842,0.006859258295796826,0.03552297689224063,0.035206406765363865,0.035980718929626385,0.009133856935842975,0.008950629725393948,0.009398115309536523,3.5721831295598814,-1.5181376636406505,51.19027279999864
highdim_poly2,Quadratic,50,cuda,NVIDIA GeForce RTX 4070 Ti SUPER,0,1,10000,7500,2500,"128,64,32",tanh,1000,2,True,1425,1426,0.1,750,500,5,3250,0.03680037033606514,0.010271159861692553,0.0326492211977936,0.007540853834330827,0.03449522527263842,0.006859258295796826,0.03368240140060206,0.03323562079201976,0.03423918351682722,0.008932726079932068,0.008665692511125582,0.009271693176762942,3.067418473286146,15.58171865057152,63.7728403000001
highdim_poly2,Quadratic,50,cuda,NVIDIA GeForce RTX 4070 Ti SUPER,1,0,10000,7500,2500,"128,64,32",tanh,1000,2,True,1425,1426,0.05,375,500,0,375,0.04008685246727477,0.03684138502366061,0.04825900498931301,0.01109489702341926,0.04379720065837212,0.005810150930181985,0.049688644074514746,0.049547245610294804,0.05006281224811572,0.012450468274702711,0.012204132832074385,0.012548316399443274,2.877194803419879,10.887712986970513,0.4086070000012114
highdim_poly2,Quadratic,50,cuda,NVIDIA GeForce RTX 4070 Ti SUPER,1,0,10000,7500,2500,"128,64,32",tanh,1000,2,True,1425,1426,0.05,375,500,1,875,0.04008685246727477,0.027238078750910392,0.04541734983626925,0.0117077804904408,0.04379720065837212,0.005810150930181985,0.050531554003058324,0.04996597735765028,0.051021349908778685,0.013091481283365774,0.012601793264768275,0.013313120504301564,10.120813158604909,10.569474629911623,1.66682910000236
highdim_poly2,Quadratic,50,cuda,NVIDIA GeForce RTX 4070 Ti SUPER,1,0,10000,7500,2500,"128,64,32",tanh,1000,2,True,1425,1426,0.05,375,500,2,1375,0.04008685246727477,0.6868940468757608,0.7200003465925553,0.15672748730482072,0.04379720065837212,0.005810150930181985,0.8540254935292892,0.7127964372101169,0.9459302921495365,0.1811058434845495,0.15983054002756814,0.2074863094627894,15.693342640495485,13.46083357150679,15.942420300001686
highdim_poly2,Quadratic,50,cuda,NVIDIA GeForce RTX 4070 Ti SUPER,1,0,10000,7500,2500,"128,64,32",tanh,1000,2,True,1425,1426,0.05,375,500,3,1875,0.04008685246727477,0.020099118369077216,0.04493946035500076,0.011755390089003163,0.04379720065837212,0.005810150930181985,0.05458965900733205,0.052890196005634924,0.05529964981287158,0.014323268818115022,0.01424938309196735,0.01463166057441279,17.677704583271264,17.92802161099004,32.67047970000203
highdim_poly2,Quadratic,50,cuda,NVIDIA GeForce RTX 4070 Ti SUPER,1,0,10000,7500,2500,"128,64,32",tanh,1000,2,True,1425,1426,0.05,375,500,4,2375,0.04008685246727477,0.013157677371522852,0.03853548940772439,0.010008599258386274,0.04379720065837212,0.005810150930181985,0.04084939155690906,0.04032806721815853,0.04195971969832611,0.011123525005353452,0.010654588017566535,0.011291967589422656,5.6644715159614405,10.023133372115357,46.9173109000003
highdim_poly2,Quadratic,50,cuda,NVIDIA GeForce RTX 4070 Ti SUPER,1,0,10000,7500,2500,"128,64,32",tanh,1000,2,True,1425,1426,0.05,375,500,5,2875,0.04008685246727477,0.010761260010508915,0.036145897750256575,0.009383182088914902,0.04379720065837212,0.005810150930181985,0.03781039050295999,0.03745331597010339,0.03836577070219574,0.01013882409910445,0.010037169883990523,0.010487336806552349,4.4022098967031615,7.452955123822425,59.707931500000996
highdim_poly2,Quadratic,50,cuda,NVIDIA GeForce RTX 4070 Ti SUPER,1,0,10000,7500,2500,"128,64,32",tanh,1000,2,True,1425,1426,0.1,750,500,0,750,0.04008685246727477,0.031247445517556673,0.04718699665180156,0.01302152971357945,0.030299989441911823,0.006453854296798971,0.04831831421601164,0.04758037254571604,0.0489253924807209,0.012463415208292541,0.012077499764730212,0.012856962783394758,2.3413845920874183,-4.478022243177505,0.79477770000085
highdim_poly2,Quadratic,50,cuda,NVIDIA GeForce RTX 4070 Ti SUPER,1,0,10000,7500,2500,"128,64,32",tanh,1000,2,True,1425,1426,0.1,750,500,1,1250,0.04008685246727477,0.08800661594264578,0.11427292649317516,0.028279606254240343,0.030299989441911823,0.006453854296798971,0.14654828028474726,0.13824633867046365,0.15232622209215055,0.03839442707321376,0.034911162674764795,0.039482166566537684,22.023700127261957,26.344502548991336,6.124254099999234
highdim_poly2,Quadratic,50,cuda,NVIDIA GeForce RTX 4070 Ti SUPER,1,0,10000,7500,2500,"128,64,32",tanh,1000,2,True,1425,1426,0.1,750,500,2,1750,0.04008685246727477,0.03044323599139468,0.053601598173651656,0.014176430485295573,0.030299989441911823,0.006453854296798971,0.06045700119524264,0.05805856601212826,0.06331113261708618,0.016206311912478146,0.01608613448492837,0.017068713876492773,11.339303779643034,12.525252124881378,22.198478800000885
highdim_poly2,Quadratic,50,cuda,NVIDIA GeForce RTX 4070 Ti SUPER,1,0,10000,7500,2500,"128,64,32",tanh,1000,2,True,1425,1426,0.1,750,500,3,2250,0.04008685246727477,0.01462747179379692,0.03898274750794638,0.01088550647491792,0.030299989441911823,0.006453854296798971,0.04273413293408562,0.0420349551281497,0.04360555141952982,0.011504754550439292,0.010842224571691494,0.011688386547312208,8.778428784141921,5.382540521020732,37.02378289999979
highdim_poly2,Quadratic,50,cuda,NVIDIA GeForce RTX 4070 Ti SUPER,1,0,10000,7500,2500,"128,64,32",tanh,1000,2,True,1425,1426,0.1,750,500,4,2750,0.04008685246727477,0.012047800508721227,0.03661405302487068,0.010141979202914318,0.030299989441911823,0.006453854296798971,0.03841885047649578,0.03793227198717469,0.03878009394800891,0.01029049731909811,0.010121666638616774,0.010484745681135763,4.69768727913723,1.4432549912641985,49.41333079999822
highdim_poly2,Quadratic,50,cuda,NVIDIA GeForce RTX 4070 Ti SUPER,1,0,10000,7500,2500,"128,64,32",tanh,1000,2,True,1425,1426,0.1,750,500,5,3250,0.04008685246727477,0.01030177930734418,0.03520640940282377,0.009358581825648488,0.030299989441911823,0.006453854296798971,0.03662351481350666,0.0363082952744415,0.03692684883794372,0.009826597841474308,0.009731648148619081,0.010095455852977104,3.869386698406859,4.762747223158999,61.68096019999939
highdim_poly2,Quadratic,50,cuda,NVIDIA GeForce RTX 4070 Ti SUPER,1,1,10000,7500,2500,"128,64,32",tanh,1000,2,True,1425,1426,0.05,375,500,0,375,0.041307701561174894,0.039102749982993734,0.04860375643947539,0.011292348029791986,0.04089783291075964,0.006078905702483752,0.04855999118201012,0.04705355901524638,0.04896872379379648,0.01229502946182235,0.01198083306602252,0.012432778321298951,-0.09012616435870788,8.155177140028982,0.41223749999699066
highdim_poly2,Quadratic,50,cuda,NVIDIA GeForce RTX 4070 Ti SUPER,1,1,10000,7500,2500,"128,64,32",tanh,1000,2,True,1425,1426,0.05,375,500,1,875,0.041307701561174894,0.028737529435120354,0.04979700493740695,0.012272519430587023,0.04089783291075964,0.006078905702483752,0.05126624790578657,0.0510224007354996,0.052282811798749884,0.01383602698713529,0.013728129953534852,0.014329267374923897,2.8659069629587313,11.300263854660102,1.6899841999984346
highdim_poly2,Quadratic,50,cuda,NVIDIA GeForce RTX 4070 Ti SUPER,1,1,10000,7500,2500,"128,64,32",tanh,1000,2,True,1425,1426,0.05,375,500,2,1375,0.041307701561174894,0.5781782063074825,0.6122265581456743,0.13979505050831578,0.04089783291075964,0.006078905702483752,0.8899930640397096,0.7010102259986936,0.9868450116884186,0.1947961805584718,0.1551492665086283,0.20933751574574322,31.209962989289316,28.235219957840183,16.323613699998532
highdim_poly2,Quadratic,50,cuda,NVIDIA GeForce RTX 4070 Ti SUPER,1,1,10000,7500,2500,"128,64,32",tanh,1000,2,True,1425,1426,0.05,375,500,3,1875,0.041307701561174894,0.022851730527935616,0.050818861505668576,0.01350859846119934,0.04089783291075964,0.006078905702483752,0.05520351280886757,0.05404196788680454,0.057324139958319434,0.014986615135973661,0.014038044887617177,0.01578199582530201,7.942703426102753,9.862244818888497,33.210123799999565
highdim_poly2,Quadratic,50,cuda,NVIDIA GeForce RTX 4070 Ti SUPER,1,1,10000,7500,2500,"128,64,32",tanh,1000,2,True,1425,1426,0.05,375,500,4,2375,0.041307701561174894,0.0136801670980151,0.04058527471230065,0.01062963846617224,0.04089783291075964,0.006078905702483752,0.042986173106577916,0.04232777509136445,0.043994030630391256,0.011443838851193348,0.010822751836284727,0.011762653254161896,5.58528061645449,7.114748779743646,47.65068109999993
highdim_poly2,Quadratic,50,cuda,NVIDIA GeForce RTX 4070 Ti SUPER,1,1,10000,7500,2500,"128,64,32",tanh,1000,2,True,1425,1426,0.05,375,500,5,2875,0.041307701561174894,0.011438140555268062,0.03868445931858471,0.010150870135666505,0.04089783291075964,0.006078905702483752,0.03932319199109431,0.03896331909063498,0.03966488749685724,0.010862452879177822,0.010469876582029063,0.011140012318672192,1.6243154234637311,6.550847689984887,60.43226219999997
highdim_poly2,Quadratic,50,cuda,NVIDIA GeForce RTX 4070 Ti SUPER,1,1,10000,7500,2500,"128,64,32",tanh,1000,2,True,1425,1426,0.1,750,500,0,750,0.041307701561174894,0.032881349003507976,0.05049408319831365,0.013575974194778085,0.02719125358783592,0.0053365772769014466,0.04862224888619626,0.04751262387960338,0.04935901165708999,0.012640538395553465,0.012511348858906684,0.012959750377308534,-3.849748530757078,-7.400284465364837,0.8307941999992181
highdim_poly2,Quadratic,50,cuda,NVIDIA GeForce RTX 4070 Ti SUPER,1,1,10000,7500,2500,"128,64,32",tanh,1000,2,True,1425,1426,0.1,750,500,1,1250,0.041307701561174894,0.09232949992827169,0.1177331280673689,0.03023774999744214,0.02719125358783592,0.0053365772769014466,0.15040960646080537,0.13377844012260048,0.1555458248818284,0.038068248245264905,0.0359729720194988,0.04049707315720548,21.72499427551624,20.56963114607396,6.3893065999982355
highdim_poly2,Quadratic,50,cuda,NVIDIA GeForce RTX 4070 Ti SUPER,1,1,10000,7500,2500,"128,64,32",tanh,1000,2,True,1425,1426,0.1,750,500,2,1750,0.041307701561174894,0.028480366730776956,0.05604523087266907,0.015904982372278227,0.02719125358783592,0.0053365772769014466,0.06301037755520672,0.06156935139959224,0.0651736626433284,0.015823650892311587,0.015715371078625744,0.01673843353588966,11.053967541196078,-0.5139868196040475,23.306124599999748
highdim_poly2,Quadratic,50,cuda,NVIDIA GeForce RTX 4070 Ti SUPER,1,1,10000,7500,2500,"128,64,32",tanh,1000,2,True,1425,1426,0.1,750,500,3,2250,0.041307701561174894,0.01497151868563179,0.04171489748475108,0.01098791020573827,0.02719125358783592,0.0053365772769014466,0.04370115969737752,0.04279834301783349,0.04424262006932838,0.011717221443032954,0.011443206682058175,0.012149749050985282,4.545101837985398,6.22426776553183,38.351155199998175
highdim_poly2,Quadratic,50,cuda,NVIDIA GeForce RTX 4070 Ti SUPER,1,1,10000,7500,2500,"128,64,32",tanh,1000,2,True,1425,1426,0.1,750,500,4,2750,0.041307701561174894,0.01195117021040144,0.038631728761673284,0.009658441015582074,0.02719125358783592,0.0053365772769014466,0.04025794424392604,0.03944243439026675,0.04051431269678202,0.010619535124775287,0.010444353648747533,0.01088355023198622,4.039489628182183,9.050246530575413,52.23163619999832
highdim_poly2,Quadratic,50,cuda,NVIDIA GeForce RTX 4070 Ti SUPER,1,1,10000,7500,2500,"128,64,32",tanh,1000,2,True,1425,1426,0.1,750,500,5,3250,0.041307701561174894,0.010304862520871708,0.03707656237412231,0.010325419133243072,0.02719125358783592,0.0053365772769014466,0.037582060416931004,0.03706729655536588,0.03806229599491401,0.0101349350069092,0.009989389796379665,0.01025953204022083,1.3450514346492919,-1.8794804920210595,65.23985510000057
highdim_poly2,Quadratic,50,cuda,NVIDIA GeForce RTX 4070 Ti SUPER,2,0,10000,7500,2500,"128,64,32",tanh,1000,2,True,1425,1426,0.05,375,500,0,375,0.02686392302398275,0.03288591209769612,0.03785281429284984,0.009402965031118395,0.03442376620147785,0.005129159583141692,0.03811586344815157,0.037505768661893646,0.038822769807687646,0.009638509945854344,0.009526965104096372,0.01010853451507578,0.6901303853697369,2.443789714999052,0.4282024999993155
highdim_poly2,Quadratic,50,cuda,NVIDIA GeForce RTX 4070 Ti SUPER,2,0,10000,7500,2500,"128,64,32",tanh,1000,2,True,1425,1426,0.05,375,500,1,875,0.02686392302398275,0.027737731588694386,0.03717804219104469,0.009440726819432432,0.03442376620147785,0.005129159583141692,0.038084713272203,0.03705469420049188,0.0382816981726753,0.010043529995994966,0.009436929036896063,0.01024732298203627,2.380669311274738,6.001905473502969,1.6668594000002486
highdim_poly2,Quadratic,50,cuda,NVIDIA GeForce RTX 4070 Ti SUPER,2,0,10000,7500,2500,"128,64,32",tanh,1000,2,True,1425,1426,0.05,375,500,2,1375,0.02686392302398275,0.7840070955337022,0.7891388426641164,0.1758720834219393,0.03442376620147785,0.005129159583141692,0.6425607221449281,0.5445235345402424,0.7823065974308758,0.15075197113116318,0.12812442631978627,0.17713310596537946,-22.81155935425009,-16.663206525452416,15.719982800001162
highdim_poly2,Quadratic,50,cuda,NVIDIA GeForce RTX 4070 Ti SUPER,2,0,10000,7500,2500,"128,64,32",tanh,1000,2,True,1425,1426,0.05,375,500,3,1875,0.02686392302398275,0.01624351830670408,0.029016121967095597,0.008134120200631818,0.03442376620147785,0.005129159583141692,0.03725397577930773,0.036848890817395945,0.03754334452963353,0.010047473915951576,0.009734311254265406,0.010251445232991109,22.112683652915646,19.04313194863913,32.8434554000014
highdim_poly2,Quadratic,50,cuda,NVIDIA GeForce RTX 4070 Ti SUPER,2,0,10000,7500,2500,"128,64,32",tanh,1000,2,True,1425,1426,0.05,375,500,4,2375,0.02686392302398275,0.011327695031125398,0.02389070729977991,0.0071926964755737975,0.03442376620147785,0.005129159583141692,0.026870384023036726,0.026634406334072668,0.02713015859664254,0.007232472795248617,0.0072098306614721795,0.00729737078969801,11.089073832001272,0.5499684658468506,49.073368699999264
highdim_poly2,Quadratic,50,cuda,NVIDIA GeForce RTX 4070 Ti SUPER,2,0,10000,7500,2500,"128,64,32",tanh,1000,2,True,1425,1426,0.05,375,500,5,2875,0.02686392302398275,0.009766249781745244,0.022230850499603248,0.006018910646217906,0.03442376620147785,0.005129159583141692,0.02348467536387342,0.02324752921510378,0.023973106668976382,0.006409433489159944,0.0063371114546435185,0.006697900029117873,5.338906520287428,6.092938535090754,63.13166249999995
highdim_poly2,Quadratic,50,cuda,NVIDIA GeForce RTX 4070 Ti SUPER,2,0,10000,7500,2500,"128,64,32",tanh,1000,2,True,1425,1426,0.1,750,500,0,750,0.02686392302398275,0.029727243902358227,0.03742786998813166,0.009907655937035607,0.029916410044229163,0.006576323077260914,0.035791448806006175,0.03500336497200415,0.036710686375596505,0.009355906183628153,0.009084512412064783,0.009614719937806698,-4.572100981424588,-5.8973416639529495,0.7845719000033569
highdim_poly2,Quadratic,50,cuda,NVIDIA GeForce RTX 4070 Ti SUPER,2,0,10000,7500,2500,"128,64,32",tanh,1000,2,True,1425,1426,0.1,750,500,1,1250,0.02686392302398275,0.10128527520894667,0.11082628332685177,0.03132175184897747,0.029916410044229163,0.006576323077260914,0.11697549113022962,0.10738352539619181,0.129486195873094,0.030961960530788254,0.028874259093946794,0.032522054730391534,5.2568343539005955,-1.1620430748609734,5.8313126000030024
highdim_poly2,Quadratic,50,cuda,NVIDIA GeForce RTX 4070 Ti SUPER,2,0,10000,7500,2500,"128,64,32",tanh,1000,2,True,1425,1426,0.1,750,500,2,1750,0.02686392302398275,0.025596348843796825,0.03700465290257277,0.009719614592673585,0.029916410044229163,0.006576323077260914,0.042889156390606004,0.04206863657154361,0.04437691070154258,0.011495830923053776,0.011227355295795938,0.011781709089368108,13.720259345838082,15.450960807175417,20.038425100003224
highdim_poly2,Quadratic,50,cuda,NVIDIA GeForce RTX 4070 Ti SUPER,2,0,10000,7500,2500,"128,64,32",tanh,1000,2,True,1425,1426,0.1,750,500,3,2250,0.02686392302398275,0.012096972724020652,0.02379186459824961,0.006940339487577983,0.029916410044229163,0.006576323077260914,0.028522206721055703,0.027942753744036732,0.029336005972900817,0.007644129237572553,0.007416641065581018,0.007921069381891448,16.584769085605338,9.206931595757048,35.81181840000136
highdim_poly2,Quadratic,50,cuda,NVIDIA GeForce RTX 4070 Ti SUPER,2,0,10000,7500,2500,"128,64,32",tanh,1000,2,True,1425,1426,0.1,750,500,4,2750,0.02686392302398275,0.009905096862716652,0.022305687457804632,0.006372784429324277,0.029916410044229163,0.006576323077260914,0.024416190932173388,0.02416556953072228,0.024799563874383417,0.006758652578999101,0.00637083154724965,0.006940350944243456,8.643868653516018,5.709246705087595,49.8414343000004
highdim_poly2,Quadratic,50,cuda,NVIDIA GeForce RTX 4070 Ti SUPER,2,0,10000,7500,2500,"128,64,32",tanh,1000,2,True,1425,1426,0.1,750,500,5,3250,0.02686392302398275,0.009184468020504316,0.021766866523818554,0.0059396268590865605,0.029916410044229163,0.006576323077260914,0.02259167062580219,0.022124226097759266,0.02288817025769215,0.0061306505137485555,0.0060643362030668784,0.006259271419578612,3.650921242812462,3.1158790447050704,62.91058210000119
highdim_poly2,Quadratic,50,cuda,NVIDIA GeForce RTX 4070 Ti SUPER,2,1,10000,7500,2500,"128,64,32",tanh,1000,2,True,1425,1426,0.05,375,500,0,375,0.035944589570348455,0.032408044965516504,0.04242166786206212,0.010436091480362519,0.036668379727252946,0.005975783824136889,0.04269662799050247,0.04170248763305456,0.04372839508724596,0.010701371270968148,0.010415184407343011,0.011146586960904866,0.6439855824247198,2.47893268898454,0.3954983000003267
highdim_poly2,Quadratic,50,cuda,NVIDIA GeForce RTX 4070 Ti SUPER,2,1,10000,7500,2500,"128,64,32",tanh,1000,2,True,1425,1426,0.05,375,500,1,875,0.035944589570348455,0.026868494750592005,0.04131206598947704,0.011593012298654417,0.036668379727252946,0.005975783824136889,0.04521505747013003,0.0446188753921696,0.045766698094412465,0.012138297949329666,0.011794185670155746,0.012355029030565085,8.632061306637475,4.492274394247857,1.6090273999980127
highdim_poly2,Quadratic,50,cuda,NVIDIA GeForce RTX 4070 Ti SUPER,2,1,10000,7500,2500,"128,64,32",tanh,1000,2,True,1425,1426,0.05,375,500,2,1375,0.035944589570348455,0.49129609219897213,0.5230724580865308,0.12842238698009859,0.036668379727252946,0.005975783824136889,0.8143146951011925,0.6634558901298702,1.0222702124394893,0.1812731889033306,0.15457940830315559,0.22201766839417097,35.76531760592505,29.155333032407956,14.333493099999032
highdim_poly2,Quadratic,50,cuda,NVIDIA GeForce RTX 4070 Ti SUPER,2,1,10000,7500,2500,"128,64,32",tanh,1000,2,True,1425,1426,0.05,375,500,3,1875,0.035944589570348455,0.018530836500387064,0.0417418862683511,0.011079369838043033,0.036668379727252946,0.005975783824136889,0.04913108939943768,0.048112758954781926,0.04997405887850692,0.012834549085981134,0.01240114956235326,0.013583699612542828,15.039770583982115,13.675425885084199,29.788164900000993
highdim_poly2,Quadratic,50,cuda,NVIDIA GeForce RTX 4070 Ti SUPER,2,1,10000,7500,2500,"128,64,32",tanh,1000,2,True,1425,1426,0.05,375,500,4,2375,0.035944589570348455,0.011976993923970818,0.03440839686860522,0.008715291936183565,0.036668379727252946,0.005975783824136889,0.03779494892260185,0.03694322086029007,0.03808360840521902,0.010107268190954699,0.009925954617022944,0.01060298094338122,8.960329754464695,13.772032447074634,43.74396689999776
highdim_poly2,Quadratic,50,cuda,NVIDIA GeForce RTX 4070 Ti SUPER,2,1,10000,7500,2500,"128,64,32",tanh,1000,2,True,1425,1426,0.05,375,500,5,2875,0.035944589570348455,0.010077066514336472,0.032626165452146645,0.009046721933660719,0.036668379727252946,0.005975783824136889,0.03446655414430283,0.034021351166933694,0.03477000517793688,0.00957529798714182,0.00928565236091926,0.009654149049060534,5.339636461628681,5.5202047413135205,56.40695449999839
highdim_poly2,Quadratic,50,cuda,NVIDIA GeForce RTX 4070 Ti SUPER,2,1,10000,7500,2500,"128,64,32",tanh,1000,2,True,1425,1426,0.1,750,500,0,750,0.035944589570348455,0.029860560532464605,0.043627792433961886,0.011239801183678223,0.0384341420098059,0.008422916861681324,0.042856021766168,0.041974930092552286,0.04401805314708294,0.011564026847368725,0.010690460555546177,0.012070569889525942,-1.8008453327862308,2.8037436091241603,0.739386100001866
highdim_poly2,Quadratic,50,cuda,NVIDIA GeForce RTX 4070 Ti SUPER,2,1,10000,7500,2500,"128,64,32",tanh,1000,2,True,1425,1426,0.1,750,500,1,1250,0.035944589570348455,0.07751596779378865,0.09927158347611112,0.025651556922008385,0.0384341420098059,0.008422916861681324,0.1452677714053294,0.13469536502508717,0.15139877443594246,0.03737963099982573,0.035481559110549704,0.039412968417444474,31.663036807303037,31.375574782618976,5.471127700002398
highdim_poly2,Quadratic,50,cuda,NVIDIA GeForce RTX 4070 Ti SUPER,2,1,10000,7500,2500,"128,64,32",tanh,1000,2,True,1425,1426,0.1,750,500,2,1750,0.035944589570348455,0.02614741493138493,0.046891163901363095,0.012891660111635799,0.0384341420098059,0.008422916861681324,0.05616522164528206,0.054899727035403086,0.059809303288498455,0.015191689776977718,0.014641478806138607,0.01581134176957441,16.512100321601764,15.140051561792054,19.133864000003086
highdim_poly2,Quadratic,50,cuda,NVIDIA GeForce RTX 4070 Ti SUPER,2,1,10000,7500,2500,"128,64,32",tanh,1000,2,True,1425,1426,0.1,750,500,3,2250,0.035944589570348455,0.01370698591578328,0.035979741809401125,0.009881439338587402,0.0384341420098059,0.008422916861681324,0.039780108315936466,0.038427580493135584,0.040170230610735644,0.010919815889232364,0.010357777473067282,0.011104506958498843,9.553434285177302,9.509103094575687,34.38299879999977
highdim_poly2,Quadratic,50,cuda,NVIDIA GeForce RTX 4070 Ti SUPER,2,1,10000,7500,2500,"128,64,32",tanh,1000,2,True,1425,1426,0.1,750,500,4,2750,0.035944589570348455,0.010100121750474277,0.03310811588738849,0.009304699445334363,0.0384341420098059,0.008422916861681324,0.03454129118657859,0.034388667982238524,0.035140268969527,0.009526300608127692,0.00911724426984579,0.009650146714259225,4.149165390050546,2.3262037585110695,48.45093970000016
highdim_poly2,Quadratic,50,cuda,NVIDIA GeForce RTX 4070 Ti SUPER,2,1,10000,7500,2500,"128,64,32",tanh,1000,2,True,1425,1426,0.1,750,500,5,3250,0.035944589570348455,0.009077737856724881,0.03173334655987796,0.00928486743747161,0.0384341420098059,0.008422916861681324,0.032918533865538835,0.03226697119094589,0.033629970423151245,0.008879219077304091,0.008802434633930649,0.009136480814073061,3.6003647990580876,-4.568513927135604,61.9296116000005
highdim_smooth,Smooth,50,cuda,NVIDIA GeForce RTX 4070 Ti SUPER,0,0,10000,7500,2500,"128,64,32",tanh,1000,2,True,1425,1426,0.05,375,500,0,375,0.009570603363621723,0.030520266298462786,0.0321770425771927,0.006601762072524794,0.046022169007994725,0.0053247081081074345,0.03166788471603155,0.030894566496998635,0.033098316137553103,0.00692535147280348,0.006619260111177835,0.007048072942553435,-1.6078050862152988,4.672533972455444,0.345418900000368
highdim_smooth,Smooth,50,cuda,NVIDIA GeForce RTX 4070 Ti SUPER,0,0,10000,7500,2500,"128,64,32",tanh,1000,2,True,1425,1426,0.05,375,500,1,875,0.009570603363621723,0.02158552350291201,0.02597313082715113,0.006558333801222264,0.046022169007994725,0.0053247081081074345,0.02337782007895932,0.022735425993618035,0.023597824002449294,0.0060437700255700656,0.00578052249534754,0.00621456531579548,-11.101594329266232,-8.513953599742797,1.4497655999985
highdim_smooth,Smooth,50,cuda,NVIDIA GeForce RTX 4070 Ti SUPER,0,0,10000,7500,2500,"128,64,32",tanh,1000,2,True,1425,1426,0.05,375,500,2,1375,0.009570603363621723,0.18622875929309332,0.19122615360383471,0.04621892454548006,0.046022169007994725,0.0053247081081074345,0.21008217482360642,0.1478200610974296,0.2392718573267815,0.05090121816830745,0.036204919530416615,0.06334777135091772,8.975545514798668,9.198785002247197,13.914727700001094
highdim_smooth,Smooth,50,cuda,NVIDIA GeForce RTX 4070 Ti SUPER,0,0,10000,7500,2500,"128,64,32",tanh,1000,2,True,1425,1426,0.05,375,500,3,1875,0.009570603363621723,0.004807254644118614,0.010756549610263968,0.0026549309778247064,0.046022169007994725,0.0053247081081074345,0.012396023075649836,0.012114248604838715,0.012780680610031125,0.003230533396018887,0.0031544867555420865,0.003443431360327704,13.225801980042876,17.817565944482045,29.083931299999676
highdim_smooth,Smooth,50,cuda,NVIDIA GeForce RTX 4070 Ti SUPER,0,0,10000,7500,2500,"128,64,32",tanh,1000,2,True,1425,1426,0.05,375,500,4,2375,0.009570603363621723,0.003130331031263722,0.009275811213467431,0.0025016270519823687,0.046022169007994725,0.0053247081081074345,0.00978814836963975,0.009743683811070178,0.010008212234296472,0.002600887183593521,0.0025308486749563565,0.002689692893799627,5.234260217810475,3.816395122298594,42.097111200000654
highdim_smooth,Smooth,50,cuda,NVIDIA GeForce RTX 4070 Ti SUPER,0,0,10000,7500,2500,"128,64,32",tanh,1000,2,True,1425,1426,0.05,375,500,5,2875,0.009570603363621723,0.0025189074553537403,0.008761589043915174,0.0022437180166884315,0.046022169007994725,0.0053247081081074345,0.008890572880632155,0.008745917481318765,0.008984881972394165,0.0023699909605004715,0.0023368267123423407,0.0024738476929545613,1.45079331162077,5.3279926344265425,53.19427839999844
highdim_smooth,Smooth,50,cuda,NVIDIA GeForce RTX 4070 Ti SUPER,0,0,10000,7500,2500,"128,64,32",tanh,1000,2,True,1425,1426,0.1,750,500,0,750,0.009570603363621723,0.01865259174876096,0.02216610670834732,0.005240388210909386,0.025268936340700248,0.004917158924011514,0.023468442603117316,0.022690058603834648,0.024021454217889947,0.005883468356634813,0.005724525010112481,0.005969939276892906,5.549306857699226,10.930289868903994,0.7152222000004258
highdim_smooth,Smooth,50,cuda,NVIDIA GeForce RTX 4070 Ti SUPER,0,0,10000,7500,2500,"128,64,32",tanh,1000,2,True,1425,1426,0.1,750,500,1,1250,0.009570603363621723,0.0574878573215253,0.06261555589656835,0.016217068105458712,0.025268936340700248,0.004917158924011514,0.06972815647028717,0.05995179618078891,0.07228266469432001,0.01747208104418446,0.015404806100673695,0.018607816985779332,10.200471278413431,7.182961981185833,5.291056300000491
highdim_smooth,Smooth,50,cuda,NVIDIA GeForce RTX 4070 Ti SUPER,0,0,10000,7500,2500,"128,64,32",tanh,1000,2,True,1425,1426,0.1,750,500,2,1750,0.009570603363621723,0.006577405413729531,0.013399885166535608,0.0033792160241979605,0.025268936340700248,0.004917158924011514,0.01457502408854006,0.01421408156351768,0.015119662714309458,0.00381391244326442,0.003605822967931696,0.004047058475260186,8.062689398423915,11.397650720434273,19.100341299999855
highdim_smooth,Smooth,50,cuda,NVIDIA GeForce RTX 4070 Ti SUPER,0,0,10000,7500,2500,"128,64,32",tanh,1000,2,True,1425,1426,0.1,750,500,3,2250,0.009570603363621723,0.002960350533088536,0.009246880810287465,0.0022847197816518814,0.025268936340700248,0.004917158924011514,0.010200813701229763,0.010125402199578932,0.010317509226392189,0.002582684894733587,0.00253261486268931,0.0026999526186630846,9.351537229106503,11.537029301921166,32.11340510000082
highdim_smooth,Smooth,50,cuda,NVIDIA GeForce RTX 4070 Ti SUPER,0,0,10000,7500,2500,"128,64,32",tanh,1000,2,True,1425,1426,0.1,750,500,4,2750,0.009570603363621723,0.002618822261199458,0.009009420521621373,0.0024729986546237447,0.025268936340700248,0.004917158924011514,0.009137485889629905,0.00905701658187431,0.009287855206724099,0.0024561740813152013,0.0024305881018002163,0.00250201610582646,1.4015383394886838,-0.6849910776492821,43.51319479999802
highdim_smooth,Smooth,50,cuda,NVIDIA GeForce RTX 4070 Ti SUPER,0,0,10000,7500,2500,"128,64,32",tanh,1000,2,True,1425,1426,0.1,750,500,5,3250,0.009570603363621723,0.002343599349349165,0.00869276349567427,0.00237738913740789,0.025268936340700248,0.004917158924011514,0.008670021711921834,0.00861930755323932,0.008739989466937782,0.0022687653622345313,0.0022021936850580228,0.00231918012811685,-0.2623036539939057,-4.787792381772521,55.140327299999626
highdim_smooth,Smooth,50,cuda,NVIDIA GeForce RTX 4070 Ti SUPER,0,1,10000,7500,2500,"128,64,32",tanh,1000,2,True,1425,1426,0.05,375,500,0,375,0.009895357666984664,0.03048609936735466,0.03240459665617891,0.006981479154144574,0.03505587568977471,0.0049285795462193725,0.03195363049642467,0.0312280666834294,0.032609612644792604,0.006844774504468815,0.006447059613978262,0.00702174115552565,-1.4113143099802097,-1.9972118816552291,0.3556410999990476
highdim_smooth,Smooth,50,cuda,NVIDIA GeForce RTX 4070 Ti SUPER,0,1,10000,7500,2500,"128,64,32",tanh,1000,2,True,1425,1426,0.05,375,500,1,875,0.009895357666984664,0.023811444261992443,0.02754455852482273,0.007350759784874726,0.03505587568977471,0.0049285795462193725,0.024415708045170563,0.02410847824269111,0.02473552827995204,0.006232363235179946,0.006102974148907842,0.0063444859554317445,-12.814907820258998,-17.94498342750218,1.4197313000004215
highdim_smooth,Smooth,50,cuda,NVIDIA GeForce RTX 4070 Ti SUPER,0,1,10000,7500,2500,"128,64,32",tanh,1000,2,True,1425,1426,0.05,375,500,2,1375,0.009895357666984664,0.14499496352849398,0.15047001403343588,0.03730034383698988,0.03505587568977471,0.0049285795462193725,0.171729482974811,0.1563567588269594,0.222889503756421,0.042369742484917025,0.03836093890646749,0.055393067588747805,12.379626708882261,11.964667120013235,13.478263400000287
highdim_smooth,Smooth,50,cuda,NVIDIA GeForce RTX 4070 Ti SUPER,0,1,10000,7500,2500,"128,64,32",tanh,1000,2,True,1425,1426,0.05,375,500,3,1875,0.009895357666984664,0.00546688947347743,0.011570378237558245,0.0030651335056066055,0.03505587568977471,0.0049285795462193725,0.012820337266796933,0.012534674868754375,0.013504437348414361,0.0033034583820311736,0.0032556268068176892,0.0033552286361689916,9.749813934114863,7.214405294793847,27.829190299999027
highdim_smooth,Smooth,50,cuda,NVIDIA GeForce RTX 4070 Ti SUPER,0,1,10000,7500,2500,"128,64,32",tanh,1000,2,True,1425,1426,0.05,375,500,4,2375,0.009895357666984664,0.0030667978480607193,0.009541723730514281,0.0025563204968790587,0.03505587568977471,0.0049285795462193725,0.010269250001112933,0.010081931905221189,0.010341974765940202,0.0027220107730197554,0.0026496585969894354,0.0027450292914616846,7.0845122138404095,6.087054385787113,41.64413959999729
highdim_smooth,Smooth,50,cuda,NVIDIA GeForce RTX 4070 Ti SUPER,0,1,10000,7500,2500,"128,64,32",tanh,1000,2,True,1425,1426,0.05,375,500,5,2875,0.009895357666984664,0.00247560995468994,0.008928283962948447,0.0023766306744721277,0.03505587568977471,0.0049285795462193725,0.009295523962072689,0.009164754581443856,0.009491242244672314,0.002487333590038974,0.0023525108472778047,0.002575521743567501,3.950718653651404,4.450666207788862,52.83265489999758
highdim_smooth,Smooth,50,cuda,NVIDIA GeForce RTX 4070 Ti SUPER,0,1,10000,7500,2500,"128,64,32",tanh,1000,2,True,1425,1426,0.1,750,500,0,750,0.009895357666984664,0.018707832405273666,0.022525472769743378,0.005257102771171283,0.0187600023584291,0.004211447175433401,0.023174019545382202,0.022700419982749555,0.023985219776163136,0.005834009131967975,0.005650629926404956,0.006015516653119381,2.798594237692603,9.888677712818144,0.698652500002936
highdim_smooth,Smooth,50,cuda,NVIDIA GeForce RTX 4070 Ti SUPER,0,1,10000,7500,2500,"128,64,32",tanh,1000,2,True,1425,1426,0.1,750,500,1,1250,0.009895357666984664,0.058689786583174135,0.06535747889238415,0.016518624868755175,0.0187600023584291,0.004211447175433401,0.05834984657783473,0.05648569700821428,0.06996858062756652,0.015116920549539862,0.01440647270081905,0.018068705330421996,-12.009684216053106,-9.272419700968648,5.188702400002512
highdim_smooth,Smooth,50,cuda,NVIDIA GeForce RTX 4070 Ti SUPER,0,1,10000,7500,2500,"128,64,32",tanh,1000,2,True,1425,1426,0.1,750,500,2,1750,0.009895357666984664,0.006987837911864927,0.012889269753813298,0.0037095527016185355,0.0187600023584291,0.004211447175433401,0.015014318109310927,0.014599824498076546,0.015898513616128193,0.003950729753764865,0.003799285979726625,0.004020952265574205,14.153478966053134,6.104620340495288,18.829318300002342
highdim_smooth,Smooth,50,cuda,NVIDIA GeForce RTX 4070 Ti SUPER,0,1,10000,7500,2500,"128,64,32",tanh,1000,2,True,1425,1426,0.1,750,500,3,2250,0.009895357666984664,0.0031881143251890672,0.009678435668911453,0.002531611838370823,0.0187600023584291,0.004211447175433401,0.010636507140811297,0.010432211896552166,0.010700470231278014,0.002860393531487428,0.002788207960250336,0.0029225191927841634,9.007388038351534,11.49428180064566,31.411502000002656
highdim_smooth,Smooth,50,cuda,NVIDIA GeForce RTX 4070 Ti SUPER,0,1,10000,7500,2500,"128,64,32",tanh,1000,2,True,1425,1426,0.1,750,500,4,2750,0.009895357666984664,0.002619271434509958,0.0091155676477654,0.0023692875565917947,0.0187600023584291,0.004211447175433401,0.009396783998015978,0.009391100009240531,0.009514224833246052,0.002519758292708522,0.0024821823891745887,0.0025376891313044106,2.99268718223121,5.971633729796529,42.53687429999991
highdim_smooth,Smooth,50,cuda,NVIDIA GeForce RTX 4070 Ti SUPER,0,1,10000,7500,2500,"128,64,32",tanh,1000,2,True,1425,1426,0.1,750,500,5,3250,0.009895357666984664,0.002275527467742049,0.008726009512131335,0.002374934604753855,0.0187600023584291,0.004211447175433401,0.009061927107396785,0.008922119309974557,0.009161612863872669,0.0023752531638958517,0.002325135686040233,0.002465684783022907,3.706911248395028,0.01341158689266269,53.73861570000008
highdim_smooth,Smooth,50,cuda,NVIDIA GeForce RTX 4070 Ti SUPER,1,0,10000,7500,2500,"128,64,32",tanh,1000,2,True,1425,1426,0.05,375,500,0,375,0.010229888280385653,0.028917325301069788,0.03063833387059871,0.006705112676019713,0.0382199568718119,0.004638941354471611,0.033160880887968966,0.03208487836868115,0.033737174093384455,0.007044513231845108,0.0068393130204018006,0.007201631505192727,7.606996406073926,4.817941916712083,0.3505131000019901
highdim_smooth,Smooth,50,cuda,NVIDIA GeForce RTX 4070 Ti SUPER,1,0,10000,7500,2500,"128,64,32",tanh,1000,2,True,1425,1426,0.05,375,500,1,875,0.010229888280385653,0.023561129437350548,0.027176413873605067,0.0067678474242774,0.0382199568718119,0.004638941354471611,0.026338709492764623,0.025562768484551652,0.027014238050082285,0.00680707327958574,0.0066181406178192626,0.007071041517519804,-3.1805065509020696,0.5762514034625954,1.4996526000031736
highdim_smooth,Smooth,50,cuda,NVIDIA GeForce RTX 4070 Ti SUPER,1,0,10000,7500,2500,"128,64,32",tanh,1000,2,True,1425,1426,0.05,375,500,2,1375,0.010229888280385653,0.07387078450639901,0.08023316316265311,0.020286159577470503,0.0382199568718119,0.004638941354471611,0.1658998599378152,0.15375778289316117,0.1799496045811497,0.04294821284475314,0.03966952632425726,0.046925583362261485,51.63759439415611,52.76599831802127,14.469166400001995
highdim_smooth,Smooth,50,cuda,NVIDIA GeForce RTX 4070 Ti SUPER,1,0,10000,7500,2500,"128,64,32",tanh,1000,2,True,1425,1426,0.05,375,500,3,1875,0.010229888280385653,0.005097507386039818,0.011751875071596966,0.0030859765885055943,0.0382199568718119,0.004638941354471611,0.012937723460885866,0.012762806696040777,0.013010542776959788,0.0034294697039030427,0.0032150785656917666,0.0034698832117266297,9.16581957308046,10.015925057058313,29.183635700002924
highdim_smooth,Smooth,50,cuda,NVIDIA GeForce RTX 4070 Ti SUPER,1,0,10000,7500,2500,"128,64,32",tanh,1000,2,True,1425,1426,0.05,375,500,4,2375,0.010229888280385653,0.003018477210547224,0.009937799634370225,0.00269748021914684,0.0382199568718119,0.004638941354471611,0.010580104010908961,0.010327898711570528,0.010663014241958327,0.002761733458539916,0.002732055189660728,0.002810714662593582,6.070870152849791,2.326554693190615,41.97191010000097
highdim_smooth,Smooth,50,cuda,NVIDIA GeForce RTX 4070 Ti SUPER,1,0,10000,7500,2500,"128,64,32",tanh,1000,2,True,1425,1426,0.05,375,500,5,2875,0.010229888280385653,0.0024616245851867224,0.009412089117900315,0.0024237132975010317,0.0382199568718119,0.004638941354471611,0.00967048343991954,0.009599247229320117,0.009811687164145657,0.0026448663248609537,0.0026003976371589345,0.0027282034967864165,2.6719897058360065,8.36159564213698,53.65991310000027
highdim_smooth,Smooth,50,cuda,NVIDIA GeForce RTX 4070 Ti SUPER,1,0,10000,7500,2500,"128,64,32",tanh,1000,2,True,1425,1426,0.1,750,500,0,750,0.010229888280385653,0.021221889871988427,0.025239094703601223,0.006402063441467676,0.028962140077197274,0.0052070714668813875,0.026758425286754425,0.025925584498141942,0.027452448471129022,0.0067449202282706296,0.006481564121724436,0.006993702943546729,5.677952147300983,5.083185200114079,0.7255014999973355
highdim_smooth,Smooth,50,cuda,NVIDIA GeForce RTX 4070 Ti SUPER,1,0,10000,7500,2500,"128,64,32",tanh,1000,2,True,1425,1426,0.1,750,500,1,1250,0.010229888280385653,0.06700952167984972,0.07217974277550415,0.018188680888841575,0.028962140077197274,0.0052070714668813875,0.0805392564586915,0.0749056568835237,0.08937745067840078,0.02168595400994655,0.018793008877148895,0.02293604027372276,10.37942743794132,16.126904629147994,5.084284499997011
highdim_smooth,Smooth,50,cuda,NVIDIA GeForce RTX 4070 Ti SUPER,1,0,10000,7500,2500,"128,64,32",tanh,1000,2,True,1425,1426,0.1,750,500,2,1750,0.010229888280385653,0.006226683075600663,0.01318922849967511,0.003513707466975569,0.028962140077197274,0.0052070714668813875,0.015143669035969216,0.014778939925360855,0.015575566343203031,0.0039918073465093715,0.0038587514700149676,0.004115861898369648,12.90599082462726,11.97702789819945,19.768685999999434
highdim_smooth,Smooth,50,cuda,NVIDIA GeForce RTX 4070 Ti SUPER,1,0,10000,7500,2500,"128,64,32",tanh,1000,2,True,1425,1426,0.1,750,500,3,2250,0.010229888280385653,0.0034827182110807975,0.010518517458009656,0.002605937894745658,0.028962140077197274,0.0052070714668813875,0.010985908060767822,0.01079626386032734,0.011184188311994437,0.002942917091166769,0.0028559023255887318,0.002997824653117961,4.25445580076609,11.450516136950032,34.04617159999907
highdim_smooth,Smooth,50,cuda,NVIDIA GeForce RTX 4070 Ti SUPER,1,0,10000,7500,2500,"128,64,32",tanh,1000,2,True,1425,1426,0.1,750,500,4,2750,0.010229888280385653,0.0027234724321644707,0.00958466071411257,0.0025433250528085986,0.028962140077197274,0.0052070714668813875,0.009851144598180239,0.009772027533089471,0.009956670084991109,0.0026017580010455894,0.002570246080465596,0.002668056855951333,2.7051058017856713,2.2459025095150253,46.834155999997165
highdim_smooth,Smooth,50,cuda,NVIDIA GeForce RTX 4070 Ti SUPER,1,0,10000,7500,2500,"128,64,32",tanh,1000,2,True,1425,1426,0.1,750,500,5,3250,0.010229888280385653,0.0023473492913322113,0.00921192233282205,0.0025063836657218752,0.028962140077197274,0.0052070714668813875,0.009414221062728979,0.00937031071175121,0.0095701511821066,0.002490140705061781,0.00242388643813197,0.0026086242895490366,2.1488631779407816,-0.6522908776631197,57.70196849999775
highdim_smooth,Smooth,50,cuda,NVIDIA GeForce RTX 4070 Ti SUPER,1,1,10000,7500,2500,"128,64,32",tanh,1000,2,True,1425,1426,0.05,375,500,0,375,0.007846410918666266,0.031175301890209835,0.031196091629319914,0.0063455735041131126,0.04231618874467978,0.005314003600150995,0.031167009767020706,0.030982105249239805,0.032298874272707334,0.0066061254525259,0.006345787594850613,0.006826272359590619,-0.09330976091899865,3.944096282839484,0.3788254999999481
highdim_smooth,Smooth,50,cuda,NVIDIA GeForce RTX 4070 Ti SUPER,1,1,10000,7500,2500,"128,64,32",tanh,1000,2,True,1425,1426,0.05,375,500,1,875,0.007846410918666266,0.022711197725133192,0.0249292584486154,0.006214320443281967,0.04231618874467978,0.005314003600150995,0.023894576407212785,0.02296546601082045,0.024180298274124858,0.006189070391801478,0.005874550385626209,0.006384208143651511,-4.330196207580764,-0.40797809496459136,1.536534999999276
highdim_smooth,Smooth,50,cuda,NVIDIA GeForce RTX 4070 Ti SUPER,1,1,10000,7500,2500,"128,64,32",tanh,1000,2,True,1425,1426,0.05,375,500,2,1375,0.007846410918666266,0.11553862457879595,0.11950576216918027,0.031042811654605044,0.04231618874467978,0.005314003600150995,0.16801857611163437,0.14356809298603804,0.1939646141607195,0.0426702311343463,0.03641493180812565,0.04814095826959916,28.87348236436748,27.249487923167273,13.846308899999713
highdim_smooth,Smooth,50,cuda,NVIDIA GeForce RTX 4070 Ti SUPER,1,1,10000,7500,2500,"128,64,32",tanh,1000,2,True,1425,1426,0.05,375,500,3,1875,0.007846410918666266,0.004596435262302832,0.009127654735946768,0.0023225376357497085,0.04231618874467978,0.005314003600150995,0.010271956267541888,0.009968438577107021,0.010486915973117196,0.0027402712920971822,0.0026056762442635906,0.002848890345783559,11.14005455037783,15.244244522511279,29.209440800001175
highdim_smooth,Smooth,50,cuda,NVIDIA GeForce RTX 4070 Ti SUPER,1,1,10000,7500,2500,"128,64,32",tanh,1000,2,True,1425,1426,0.05,375,500,4,2375,0.007846410918666266,0.002907215262867898,0.007384859332727642,0.001947663094634973,0.04231618874467978,0.005314003600150995,0.007786083375900561,0.007771566003072558,0.007846925800979678,0.002092828736366222,0.0020659578972222676,0.0021368599716111865,5.153092046442567,6.936336414383348,42.047244900000806
highdim_smooth,Smooth,50,cuda,NVIDIA GeForce RTX 4070 Ti SUPER,1,1,10000,7500,2500,"128,64,32",tanh,1000,2,True,1425,1426,0.05,375,500,5,2875,0.007846410918666266,0.002433615042043602,0.00678579548501699,0.0018567706833755003,0.04231618874467978,0.005314003600150995,0.007066145343415336,0.006961186512639057,0.007149590987460597,0.0019068237361207386,0.0018536883271667855,0.001975709613354926,3.967507668938531,2.6249438685437556,54.344281599998794
highdim_smooth,Smooth,50,cuda,NVIDIA GeForce RTX 4070 Ti SUPER,1,1,10000,7500,2500,"128,64,32",tanh,1000,2,True,1425,1426,0.1,750,500,0,750,0.007846410918666266,0.022140254478203468,0.024473438508923834,0.0063595617981003225,0.020652476384694484,0.004175739950574946,0.02369051016078785,0.022879306970485236,0.024386134019450036,0.005730029517342283,0.005702935471142982,0.006272676890283686,-3.30481843920725,-10.986545162685845,0.6865465000009863
highdim_smooth,Smooth,50,cuda,NVIDIA GeForce RTX 4070 Ti SUPER,1,1,10000,7500,2500,"128,64,32",tanh,1000,2,True,1425,1426,0.1,750,500,1,1250,0.007846410918666266,0.060474176672444944,0.06377258414321502,0.01622084640106021,0.020652476384694484,0.004175739950574946,0.07062871356400846,0.06448700047247022,0.07678237254880202,0.018476573315799612,0.016132485292174457,0.019858453533928067,9.707283447234193,12.208578269275147,5.13104469999962
highdim_smooth,Smooth,50,cuda,NVIDIA GeForce RTX 4070 Ti SUPER,1,1,10000,7500,2500,"128,64,32",tanh,1000,2,True,1425,1426,0.1,750,500,2,1750,0.007846410918666266,0.006646559903129986,0.011031992131812744,0.003008064617207814,0.020652476384694484,0.004175739950574946,0.011600180751395876,0.011506367634822153,0.01205899202816198,0.0031584059000983227,0.0029719298702759384,0.0032977108204128506,4.898101432727767,4.760036792162419,18.517433000000892
highdim_smooth,Smooth,50,cuda,NVIDIA GeForce RTX 4070 Ti SUPER,1,1,10000,7500,2500,"128,64,32",tanh,1000,2,True,1425,1426,0.1,750,500,3,2250,0.007846410918666266,0.0032681172375190245,0.007861083714142632,0.0022768579886471097,0.020652476384694484,0.004175739950574946,0.008322338898693042,0.008201623140802975,0.008580568522484396,0.0022367788907022585,0.002128133832975637,0.0023620006145788274,5.54237444743865,-1.7918220755502547,30.676362700000027
highdim_smooth,Smooth,50,cuda,NVIDIA GeForce RTX 4070 Ti SUPER,1,1,10000,7500,2500,"128,64,32",tanh,1000,2,True,1425,1426,0.1,750,500,4,2750,0.007846410918666266,0.002577899903022666,0.00713605219617248,0.0018921722522076397,0.020652476384694484,0.004175739950574946,0.00735919766488544,0.007255822416706242,0.007438902787488817,0.0019617757253064154,0.0018921953634045484,0.0019944134796980916,3.032198330229709,3.547983197105989,41.39594430000216
highdim_smooth,Smooth,50,cuda,NVIDIA GeForce RTX 4070 Ti SUPER,1,1,10000,7500,2500,"128,64,32",tanh,1000,2,True,1425,1426,0.1,750,500,5,3250,0.007846410918666266,0.0022669972715389244,0.006724122010518419,0.0018465898296411362,0.020652476384694484,0.004175739950574946,0.0069184589466348406,0.006847064476595149,0.006981530106406622,0.0018340358622981985,0.0017819941947413813,0.0018915948075944274,2.808962770689667,-0.6844995564703179,51.28248320000057
highdim_smooth,Smooth,50,cuda,NVIDIA GeForce RTX 4070 Ti SUPER,2,0,10000,7500,2500,"128,64,32",tanh,1000,2,True,1425,1426,0.05,375,500,0,375,0.013468929792498741,0.029036252002274113,0.030107315401979313,0.006575127836114693,0.039359535891389845,0.005299187123280409,0.03103522282953377,0.028839697368474665,0.031930039035233004,0.007312342911940875,0.006968243712305864,0.007577281388702723,2.9898526350242265,10.081790264818238,0.36917629999879864
highdim_smooth,Smooth,50,cuda,NVIDIA GeForce RTX 4070 Ti SUPER,2,0,10000,7500,2500,"128,64,32",tanh,1000,2,True,1425,1426,0.05,375,500,1,875,0.013468929792498741,0.019315302271603843,0.024473534736327133,0.006165673895759833,0.039359535891389845,0.005299187123280409,0.026007365397110363,0.024951175195253503,0.02670803205604108,0.006871172585282916,0.00678205822096096,0.0069950406918046935,5.8976779745389045,10.26751519870367,1.4904152999988582
highdim_smooth,Smooth,50,cuda,NVIDIA GeForce RTX 4070 Ti SUPER,2,0,10000,7500,2500,"128,64,32",tanh,1000,2,True,1425,1426,0.05,375,500,2,1375,0.013468929792498741,0.31600965146526666,0.3189051940321656,0.08029032901209054,0.039359535891389845,0.005299187123280409,0.25580870520275545,0.21639765903839261,0.37587911156661075,0.06805174098792695,0.05543047663617947,0.09447358651486357,-24.665497125830615,-17.984239413264746,13.433880099997623
highdim_smooth,Smooth,50,cuda,NVIDIA GeForce RTX 4070 Ti SUPER,2,0,10000,7500,2500,"128,64,32",tanh,1000,2,True,1425,1426,0.05,375,500,3,1875,0.013468929792498741,0.006236383131892272,0.015477710461396786,0.004458048414994985,0.039359535891389845,0.005299187123280409,0.017579159471666765,0.016911490044816936,0.01825566428683885,0.004765594769499727,0.004526785791417702,0.004872701438342696,11.954206420716488,6.453472638359201,27.199192699998093
highdim_smooth,Smooth,50,cuda,NVIDIA GeForce RTX 4070 Ti SUPER,2,0,10000,7500,2500,"128,64,32",tanh,1000,2,True,1425,1426,0.05,375,500,4,2375,0.013468929792498741,0.003606141389408092,0.012609757062464111,0.0034992872102374414,0.039359535891389845,0.005299187123280409,0.013557071374029327,0.013445643048060969,0.013819061449703797,0.003580527466991148,0.0035584466307503155,0.0037227572088877016,6.987602893202608,2.2689466147839905,40.96031640000001
highdim_smooth,Smooth,50,cuda,NVIDIA GeForce RTX 4070 Ti SUPER,2,0,10000,7500,2500,"128,64,32",tanh,1000,2,True,1425,1426,0.05,375,500,5,2875,0.013468929792498741,0.0029994115946598283,0.012158605699987774,0.003311449580434069,0.039359535891389845,0.005299187123280409,0.012741302202125292,0.012510603102353527,0.012892161270873422,0.0034999887863826507,0.0034380872784909606,0.003610646844558926,4.573288451162568,5.386851714557718,53.09244629999739
highdim_smooth,Smooth,50,cuda,NVIDIA GeForce RTX 4070 Ti SUPER,2,0,10000,7500,2500,"128,64,32",tanh,1000,2,True,1425,1426,0.1,750,500,0,750,0.013468929792498741,0.020964796836310397,0.024584301785802783,0.006527759470276787,0.02299677902881769,0.004539648244343421,0.025472016986107286,0.025013851545244613,0.02621793106157911,0.0068928717375055,0.006755092660827741,0.007130253840121476,3.4850604912389636,5.296954319374083,0.7527627999988908
highdim_smooth,Smooth,50,cuda,NVIDIA GeForce RTX 4070 Ti SUPER,2,0,10000,7500,2500,"128,64,32",tanh,1000,2,True,1425,1426,0.1,750,500,1,1250,0.013468929792498741,0.053546335602852255,0.06193995911464464,0.01720089968287785,0.02299677902881769,0.004539648244343421,0.06241519225443453,0.059225107247212416,0.06488585758282048,0.016440853939574514,0.015886323612126843,0.017650100806242606,0.7614061939481227,-4.622909163336356,5.591377799999464
highdim_smooth,Smooth,50,cuda,NVIDIA GeForce RTX 4070 Ti SUPER,2,0,10000,7500,2500,"128,64,32",tanh,1000,2,True,1425,1426,0.1,750,500,2,1750,0.013468929792498741,0.008722587145335239,0.017297212360202884,0.004686638296090211,0.02299677902881769,0.004539648244343421,0.019285186703366756,0.019137037029120337,0.019610824632994253,0.0052191280331754415,0.005089309407630478,0.005328923579413232,10.308297107732004,10.20265710479708,19.1140387000014
highdim_smooth,Smooth,50,cuda,NVIDIA GeForce RTX 4070 Ti SUPER,2,0,10000,7500,2500,"128,64,32",tanh,1000,2,True,1425,1426,0.1,750,500,3,2250,0.013468929792498741,0.004169022626069542,0.013067032009339084,0.003585109796485208,0.02299677902881769,0.004539648244343421,0.014144606957914687,0.013957688104805348,0.014316855345595209,0.0037679919297783733,0.00370450487460151,0.003839946880002085,7.6182742424853345,4.8535701960466255,33.58424910000031
highdim_smooth,Smooth,50,cuda,NVIDIA GeForce RTX 4070 Ti SUPER,2,0,10000,7500,2500,"128,64,32",tanh,1000,2,True,1425,1426,0.1,750,500,4,2750,0.013468929792498741,0.003222871054027879,0.012444012068668606,0.0031312773684402857,0.02299677902881769,0.004539648244343421,0.012823567322570329,0.012704238136780318,0.012937721653673278,0.0035101023179591475,0.003348497838760303,0.0035837685150012237,2.959825798502109,10.792419001025566,46.71213480000006
highdim_smooth,Smooth,50,cuda,NVIDIA GeForce RTX 4070 Ti SUPER,2,0,10000,7500,2500,"128,64,32",tanh,1000,2,True,1425,1426,0.1,750,500,5,3250,0.013468929792498741,0.002855498860116936,0.011934441697567303,0.0032104602701619215,0.02299677902881769,0.004539648244343421,0.01231850457831652,0.012037985673443146,0.012373393098378602,0.003349141794843624,0.003286688892881309,0.0034023727767830726,3.117771952816895,4.140807800231633,59.2562986999983
highdim_smooth,Smooth,50,cuda,NVIDIA GeForce RTX 4070 Ti SUPER,2,1,10000,7500,2500,"128,64,32",tanh,1000,2,True,1425,1426,0.05,375,500,0,375,0.013449067065000682,0.028298751361374722,0.033075775491548186,0.007863844862987303,0.029328967419486096,0.004527529677268915,0.033039718002417215,0.031464014322897964,0.03390122789576099,0.007792329174645431,0.007717216359946772,0.007916379196415024,-0.1091337678134326,-0.9177703705660849,0.38899709999896004
highdim_smooth,Smooth,50,cuda,NVIDIA GeForce RTX 4070 Ti SUPER,2,1,10000,7500,2500,"128,64,32",tanh,1000,2,True,1425,1426,0.05,375,500,1,875,0.013449067065000682,0.019573660759387535,0.025795090406150006,0.006876789367275696,0.029328967419486096,0.004527529677268915,0.025876210187740566,0.025402437532455982,0.02673643001724163,0.006741502930350585,0.006495514611099644,0.007029047021135079,0.3134917401041709,-2.0067696821141365,1.4865462999987358
highdim_smooth,Smooth,50,cuda,NVIDIA GeForce RTX 4070 Ti SUPER,2,1,10000,7500,2500,"128,64,32",tanh,1000,2,True,1425,1426,0.05,375,500,2,1375,0.013449067065000682,0.19025884388419623,0.20026141503626296,0.050465674313524764,0.029328967419486096,0.004527529677268915,0.2357444410774357,0.21943910930812982,0.24802018037294687,0.059170226360815086,0.05399143769337753,0.06304030369485959,15.051479423651612,14.711033880808047,14.182344299999386
highdim_smooth,Smooth,50,cuda,NVIDIA GeForce RTX 4070 Ti SUPER,2,1,10000,7500,2500,"128,64,32",tanh,1000,2,True,1425,1426,0.05,375,500,3,1875,0.013449067065000682,0.006683927857069929,0.015812374242399722,0.00422027605269118,0.029328967419486096,0.004527529677268915,0.017379514659709723,0.016894941521828445,0.01794348657356213,0.004846605219245869,0.004454480075881037,0.005098326911997815,9.017170202934627,12.923048984215514,29.289050600000337
highdim_smooth,Smooth,50,cuda,NVIDIA GeForce RTX 4070 Ti SUPER,2,1,10000,7500,2500,"128,64,32",tanh,1000,2,True,1425,1426,0.05,375,500,4,2375,0.013449067065000682,0.003950414569300661,0.013229329652637312,0.0036906922799429024,0.029328967419486096,0.004527529677268915,0.013747442502979516,0.013579247386347972,0.013935855868243098,0.0035098459232018034,0.003439866148107611,0.0037129570137575145,3.7687944519856127,-5.152544034643113,45.141736099998525
highdim_smooth,Smooth,50,cuda,NVIDIA GeForce RTX 4070 Ti SUPER,2,1,10000,7500,2500,"128,64,32",tanh,1000,2,True,1425,1426,0.05,375,500,5,2875,0.013449067065000682,0.003118341928522399,0.01206450153509266,0.0034572054777866432,0.029328967419486096,0.004527529677268915,0.01261018150185156,0.01252173733586944,0.012792902561452938,0.003355906378438246,0.0032870084737012173,0.003411719538462351,4.327296690208449,-3.0185317444862445,59.484195900000486
highdim_smooth,Smooth,50,cuda,NVIDIA GeForce RTX 4070 Ti SUPER,2,1,10000,7500,2500,"128,64,32",tanh,1000,2,True,1425,1426,0.1,750,500,0,750,0.013449067065000682,0.021336656573219436,0.02598951731444945,0.00672320920443252,0.020745224714199643,0.004496090042301457,0.026050796343425754,0.025439399917355346,0.02671251834379654,0.00685452082478377,0.006728195454366601,0.007002161433731702,0.23522900478153488,1.915693652522999,0.7806028999984846
highdim_smooth,Smooth,50,cuda,NVIDIA GeForce RTX 4070 Ti SUPER,2,1,10000,7500,2500,"128,64,32",tanh,1000,2,True,1425,1426,0.1,750,500,1,1250,0.013449067065000682,0.06968683391048096,0.07856321760853771,0.020928343969697873,0.020745224714199643,0.004496090042301457,0.06946298181666413,0.06155824201212779,0.0715693869203023,0.018542555935179623,0.016901482769487712,0.01979916823292817,-13.100842425526912,-12.866554335111072,5.8591024999986985
highdim_smooth,Smooth,50,cuda,NVIDIA GeForce RTX 4070 Ti SUPER,2,1,10000,7500,2500,"128,64,32",tanh,1000,2,True,1425,1426,0.1,750,500,2,1750,0.013449067065000682,0.008315157928369914,0.01675385394652601,0.004627474289230887,0.020745224714199643,0.004496090042301457,0.019855271304972208,0.019220183898965494,0.020415165462622252,0.005237061530909847,0.005110206240261903,0.0052947977788499615,15.620120777042889,11.639871673859345,20.345640899999125
highdim_smooth,Smooth,50,cuda,NVIDIA GeForce RTX 4070 Ti SUPER,2,1,10000,7500,2500,"128,64,32",tanh,1000,2,True,1425,1426,0.1,750,500,3,2250,0.013449067065000682,0.004413357221192137,0.012516198342192019,0.0033343740228265074,0.020745224714199643,0.004496090042301457,0.014354098963596702,0.013949913236517494,0.014478927530290264,0.0038765803960349125,0.003702812293499405,0.003973691188618289,12.804012471042354,13.986718133409298,36.72378200000094
highdim_smooth,Smooth,50,cuda,NVIDIA GeForce RTX 4070 Ti SUPER,2,1,10000,7500,2500,"128,64,32",tanh,1000,2,True,1425,1426,0.1,750,500,4,2750,0.013449067065000682,0.003213999305336825,0.011659896007315573,0.0031972562771295275,0.020745224714199643,0.004496090042301457,0.012723720375480002,0.012575884910814869,0.012765644220252533,0.0035006980130007923,0.0034602070846398306,0.003539446594161266,8.360953689414103,8.668035195962391,50.979623600000195
highdim_smooth,Smooth,50,cuda,NVIDIA GeForce RTX 4070 Ti SUPER,2,1,10000,7500,2500,"128,64,32",tanh,1000,2,True,1425,1426,0.1,750,500,5,3250,0.013449067065000682,0.002905389244117118,0.011550624389225005,0.003269945419224258,0.020745224714199643,0.004496090042301457,0.012194831134564162,0.012082674276919395,0.012308996503372093,0.0033131999475585184,0.003211679478054544,0.0033320115603494003,5.282621286269906,1.3055212187279692,64.64649319999808
highdim_strong,Strong nonlinear,50,cuda,NVIDIA GeForce RTX 4070 Ti SUPER,0,0,10000,7500,2500,"128,64,32",tanh,1000,2,True,1425,1426,0.05,375,500,0,375,0.0027197571380641918,0.0546879842038174,0.05323420665585004,0.012352963406538207,0.0700655789423007,0.010971430360512905,0.0542037231308093,0.052440688577045196,0.057757408611896405,0.012349539928094701,0.012007063148240908,0.013064021975812749,1.7886529171059682,-0.02772150593009289,0.37587079999866546
highdim_strong,Strong nonlinear,50,cuda,NVIDIA GeForce RTX 4070 Ti SUPER,0,0,10000,7500,2500,"128,64,32",tanh,1000,2,True,1425,1426,0.05,375,500,1,875,0.0027197571380641918,0.063591108476523,0.06205941380212278,0.016441993338491008,0.0700655789423007,0.010971430360512905,0.05621389310167724,0.05406323533548981,0.05917621158202418,0.014315164401319184,0.013794806568776938,0.01500222476571282,-10.39871173816839,-14.857174374999353,1.46127400000114
highdim_strong,Strong nonlinear,50,cuda,NVIDIA GeForce RTX 4070 Ti SUPER,0,0,10000,7500,2500,"128,64,32",tanh,1000,2,True,1425,1426,0.05,375,500,2,1375,0.0027197571380641918,0.26272950454732724,0.2631340471760559,0.06552102453914885,0.0700655789423007,0.010971430360512905,0.3787328906185777,0.35886701179330116,0.5100680126829844,0.08585332640941934,0.08164924728320033,0.11540149220956483,30.52252558622946,23.682602317945534,13.974673100001382
highdim_strong,Strong nonlinear,50,cuda,NVIDIA GeForce RTX 4070 Ti SUPER,0,0,10000,7500,2500,"128,64,32",tanh,1000,2,True,1425,1426,0.05,375,500,3,1875,0.0027197571380641918,0.005580204943972771,0.006170601801852928,0.001713995013962056,0.0700655789423007,0.010971430360512905,0.005628848250586442,0.005404622183934911,0.005893584770769095,0.0014569595105483242,0.0013984481728265231,0.001557418697174522,-9.624589741072585,-17.64191122353132,29.093155700000352
highdim_strong,Strong nonlinear,50,cuda,NVIDIA GeForce RTX 4070 Ti SUPER,0,0,10000,7500,2500,"128,64,32",tanh,1000,2,True,1425,1426,0.05,375,500,4,2375,0.0027197571380641918,0.0031465584591483606,0.003871525141497725,0.0010388448687055798,0.0700655789423007,0.010971430360512905,0.003816430612007156,0.0037225649786713773,0.003967261878600487,0.0010167208872781661,0.0009690911957615628,0.0010718967911112901,-1.4436140753412865,-2.176013270135639,44.26253550000183
highdim_strong,Strong nonlinear,50,cuda,NVIDIA GeForce RTX 4070 Ti SUPER,0,0,10000,7500,2500,"128,64,32",tanh,1000,2,True,1425,1426,0.05,375,500,5,2875,0.0027197571380641918,0.0025080076358218292,0.0032402219515418724,0.0008376240773245482,0.0700655789423007,0.010971430360512905,0.003216442574950175,0.0031511605272517345,0.0032566146667180667,0.0008392872112385219,0.0008067232457323924,0.000871401366083103,-0.7393067352388739,0.19816028311922645,58.09122070000012
highdim_strong,Strong nonlinear,50,cuda,NVIDIA GeForce RTX 4070 Ti SUPER,0,0,10000,7500,2500,"128,64,32",tanh,1000,2,True,1425,1426,0.1,750,500,0,750,0.0027197571380641918,0.053578910335530625,0.051432980503062276,0.013465247848844049,0.05307354961002317,0.011161345302810571,0.05157314628050466,0.050072342572001924,0.05520637724063669,0.013267652998919443,0.012651856736831762,0.014256496430426271,0.27178054385130745,-1.4892976922195504,0.7543890000015381
highdim_strong,Strong nonlinear,50,cuda,NVIDIA GeForce RTX 4070 Ti SUPER,0,0,10000,7500,2500,"128,64,32",tanh,1000,2,True,1425,1426,0.1,750,500,1,1250,0.0027197571380641918,0.2528150290385948,0.2505617930562024,0.06643908947226038,0.05307354961002317,0.011161345302810571,0.2561079358674563,0.21557077822829537,0.2777643969263267,0.06091273272344212,0.05414002225453114,0.06823790355808887,2.165548987175537,-9.072580561947843,5.519183100001101
highdim_strong,Strong nonlinear,50,cuda,NVIDIA GeForce RTX 4070 Ti SUPER,0,0,10000,7500,2500,"128,64,32",tanh,1000,2,True,1425,1426,0.1,750,500,2,1750,0.0027197571380641918,0.007397821443446276,0.007959041397413116,0.0019899790567103073,0.05307354961002317,0.011161345302810571,0.007021278057455994,0.006634102200953511,0.007088925863980432,0.0018253863193337747,0.0017151718518134385,0.0018916114663453361,-13.356020546163936,-9.016871422406913,20.05519110000023
highdim_strong,Strong nonlinear,50,cuda,NVIDIA GeForce RTX 4070 Ti SUPER,0,0,10000,7500,2500,"128,64,32",tanh,1000,2,True,1425,1426,0.1,750,500,3,2250,0.0027197571380641918,0.003702286198305875,0.0042048452392783224,0.0011310857431411714,0.05307354961002317,0.011161345302810571,0.004028941692018191,0.003830505202261685,0.004106095473590648,0.001062747178236748,0.0010361251840449051,0.0011000890541797094,-4.365998833108377,-6.430368981812496,35.795311600002606
highdim_strong,Strong nonlinear,50,cuda,NVIDIA GeForce RTX 4070 Ti SUPER,0,0,10000,7500,2500,"128,64,32",tanh,1000,2,True,1425,1426,0.1,750,500,4,2750,0.0027197571380641918,0.002623555048767942,0.0033066723308023613,0.0008695012552766862,0.05307354961002317,0.011161345302810571,0.003287071072988248,0.0032165164058484087,0.0033427110935949672,0.0008512687825588167,0.0008421066636080938,0.0009021751821658457,-0.5963137814447611,-2.1417997571888945,49.920401200000924
highdim_strong,Strong nonlinear,50,cuda,NVIDIA GeForce RTX 4070 Ti SUPER,0,0,10000,7500,2500,"128,64,32",tanh,1000,2,True,1425,1426,0.1,750,500,5,3250,0.0027197571380641918,0.002289296269258397,0.003018674211743391,0.0007749325291081381,0.05307354961002317,0.011161345302810571,0.0029181561036066127,0.0028827102602010197,0.002959337491106689,0.0007598916459666363,0.0007303560719644042,0.000805262290114764,-3.4445761147782883,-1.9793457687469143,63.6584591000028
highdim_strong,Strong nonlinear,50,cuda,NVIDIA GeForce RTX 4070 Ti SUPER,0,1,10000,7500,2500,"128,64,32",tanh,1000,2,True,1425,1426,0.05,375,500,0,375,0.0036812392855371323,0.05796698853132687,0.05654057483105043,0.01343175150541548,0.05427648440857517,0.007238053621826056,0.054245430313441444,0.05115822397416465,0.055466581119088434,0.012542398252793846,0.012225697920244475,0.012948819582184629,-4.231037535046112,-7.090775102947549,0.4225328000029549
highdim_strong,Strong nonlinear,50,cuda,NVIDIA GeForce RTX 4070 Ti SUPER,0,1,10000,7500,2500,"128,64,32",tanh,1000,2,True,1425,1426,0.05,375,500,1,875,0.0036812392855371323,0.06253707898313829,0.06208467620462966,0.015094290693960462,0.05427648440857517,0.007238053621826056,0.06114058344720835,0.059989078449006326,0.06547792943115546,0.015597116167220816,0.014783610118868482,0.016051854875763275,-1.5441343608316738,3.2238361750302396,1.648114200001146
highdim_strong,Strong nonlinear,50,cuda,NVIDIA GeForce RTX 4070 Ti SUPER,0,1,10000,7500,2500,"128,64,32",tanh,1000,2,True,1425,1426,0.05,375,500,2,1375,0.0036812392855371323,0.3734107838385659,0.3768105989442509,0.09049899591490118,0.05427648440857517,0.007238053621826056,0.4052033567057655,0.31145007107014944,0.4257411435679781,0.09431107685699086,0.07373070538774418,0.09991065272485766,7.007039130263609,4.042028857193679,14.789151300003141
highdim_strong,Strong nonlinear,50,cuda,NVIDIA GeForce RTX 4070 Ti SUPER,0,1,10000,7500,2500,"128,64,32",tanh,1000,2,True,1425,1426,0.05,375,500,3,1875,0.0036812392855371323,0.006418687650709785,0.00833289666063395,0.0022481480187775257,0.05427648440857517,0.007238053621826056,0.006860606953371911,0.006542270584834149,0.007233953242267395,0.0018106340618813934,0.0016898851111189885,0.001837268034016904,-21.460050360973167,-24.163577064352822,29.8922999000024
highdim_strong,Strong nonlinear,50,cuda,NVIDIA GeForce RTX 4070 Ti SUPER,0,1,10000,7500,2500,"128,64,32",tanh,1000,2,True,1425,1426,0.05,375,500,4,2375,0.0036812392855371323,0.0033727090549363664,0.004994799588159191,0.0013208609819668766,0.05427648440857517,0.007238053621826056,0.004905718695207742,0.004740840258993727,0.004961201855544423,0.001324015587673454,0.0012892056861004697,0.0013466823893888316,-1.815858154249031,0.23826046580921195,44.40871280000283
highdim_strong,Strong nonlinear,50,cuda,NVIDIA GeForce RTX 4070 Ti SUPER,0,1,10000,7500,2500,"128,64,32",tanh,1000,2,True,1425,1426,0.05,375,500,5,2875,0.0036812392855371323,0.002602967807711542,0.004250547298304971,0.0010796549110895807,0.05427648440857517,0.007238053621826056,0.00426636173608629,0.00415039107590196,0.004328985548863725,0.001121611728516837,0.0010967815425990898,0.0011527978685394698,0.37067737710927573,3.7407612955989498,57.881121900001745
highdim_strong,Strong nonlinear,50,cuda,NVIDIA GeForce RTX 4070 Ti SUPER,0,1,10000,7500,2500,"128,64,32",tanh,1000,2,True,1425,1426,0.1,750,500,0,750,0.0036812392855371323,0.05594954613965234,0.05425868583003868,0.014029914312290302,0.0632256194991547,0.013726630418792133,0.05241546016220214,0.049674974206419205,0.05427113595717213,0.013249441735192154,0.012549378753538218,0.013824363368682145,-3.5165687034561754,-5.890607262531796,0.713734499997372
highdim_strong,Strong nonlinear,50,cuda,NVIDIA GeForce RTX 4070 Ti SUPER,0,1,10000,7500,2500,"128,64,32",tanh,1000,2,True,1425,1426,0.1,750,500,1,1250,0.0036812392855371323,0.24790242908625174,0.24436991105894584,0.061926117033855574,0.0632256194991547,0.013726630418792133,0.2573298121008384,0.25001372128661986,0.3054345954872639,0.06559084263853712,0.06267606387587998,0.07348147638343959,5.036299889269735,5.587251904777912,5.546269999998913
highdim_strong,Strong nonlinear,50,cuda,NVIDIA GeForce RTX 4070 Ti SUPER,0,1,10000,7500,2500,"128,64,32",tanh,1000,2,True,1425,1426,0.1,750,500,2,1750,0.0036812392855371323,0.0066449083093575055,0.00788331772375171,0.0020113907946505286,0.0632256194991547,0.013726630418792133,0.007965965476630896,0.0074416020054348655,0.008401784399931113,0.0021123922232829774,0.001947262274412474,0.0022165159966324195,1.0375108092251089,4.781376655301132,19.93952459999855
highdim_strong,Strong nonlinear,50,cuda,NVIDIA GeForce RTX 4070 Ti SUPER,0,1,10000,7500,2500,"128,64,32",tanh,1000,2,True,1425,1426,0.1,750,500,3,2250,0.0036812392855371323,0.0034913257404618333,0.005004747217088165,0.001343062365410101,0.0632256194991547,0.013726630418792133,0.005025265422607131,0.004782905937600382,0.005176899315567167,0.0012917456375895367,0.0012715293772683402,0.0013394023109521585,0.4083009312634723,-3.9726650764096174,35.77781209999739
highdim_strong,Strong nonlinear,50,cuda,NVIDIA GeForce RTX 4070 Ti SUPER,0,1,10000,7500,2500,"128,64,32",tanh,1000,2,True,1425,1426,0.1,750,500,4,2750,0.0036812392855371323,0.0026581612034847686,0.004162083517875804,0.0011015546865790896,0.0632256194991547,0.013726630418792133,0.00424952313601808,0.004184024297598124,0.004287183814489455,0.00111203111532496,0.0010864030067739105,0.0011493739999407914,2.0576336530834687,0.9420985259759473,50.157533099998545
highdim_strong,Strong nonlinear,50,cuda,NVIDIA GeForce RTX 4070 Ti SUPER,0,1,10000,7500,2500,"128,64,32",tanh,1000,2,True,1425,1426,0.1,750,500,5,3250,0.0036812392855371323,0.0022794137589037286,0.0038132432741177554,0.000995764599802623,0.0632256194991547,0.013726630418792133,0.0038092167990071953,0.003755047284454858,0.0038678383008505933,0.0010003187009783123,0.0009716009381502977,0.0010515199621882873,-0.10570349032403602,0.4552650241603371,63.71923980000065
highdim_strong,Strong nonlinear,50,cuda,NVIDIA GeForce RTX 4070 Ti SUPER,1,0,10000,7500,2500,"128,64,32",tanh,1000,2,True,1425,1426,0.05,375,500,0,375,0.003230950902203155,0.06328146579523575,0.06285852237188701,0.01475716732509742,0.07732083335818178,0.011291651628558993,0.05902850528480749,0.05824506252583039,0.060403203712549314,0.014574146481334024,0.014210854596341064,0.014784308232758765,-6.488419567122715,-1.2557911641535966,0.3253088999990723
highdim_strong,Strong nonlinear,50,cuda,NVIDIA GeForce RTX 4070 Ti SUPER,1,0,10000,7500,2500,"128,64,32",tanh,1000,2,True,1425,1426,0.05,375,500,1,875,0.003230950902203155,0.07068415519982212,0.07118258263442565,0.0183006933112818,0.07732083335818178,0.011291651628558993,0.07505328366660444,0.07353027754465884,0.08049360813434162,0.01993070164184269,0.019063081975111754,0.020626859785576254,5.1572707323145295,8.178379064883677,1.3122347999997146
highdim_strong,Strong nonlinear,50,cuda,NVIDIA GeForce RTX 4070 Ti SUPER,1,0,10000,7500,2500,"128,64,32",tanh,1000,2,True,1425,1426,0.05,375,500,2,1375,0.003230950902203155,0.4226826660508921,0.4224833080893578,0.1042312731551639,0.07732083335818178,0.011291651628558993,0.6213478743882906,0.5064911211246702,0.7134771321399227,0.14230568757033796,0.12437388087833293,0.1556992413143065,32.005350705466334,26.75537082546675,13.30151449999903
highdim_strong,Strong nonlinear,50,cuda,NVIDIA GeForce RTX 4070 Ti SUPER,1,0,10000,7500,2500,"128,64,32",tanh,1000,2,True,1425,1426,0.05,375,500,3,1875,0.003230950902203155,0.004434798684314008,0.00588024076821358,0.0015810228812341053,0.07732083335818178,0.011291651628558993,0.006562826969568248,0.006417083136111943,0.00676792704938859,0.0017579569980166864,0.0016872470875889105,0.0018259936818971405,10.400795335909544,10.064757953817804,27.947826700001315
highdim_strong,Strong nonlinear,50,cuda,NVIDIA GeForce RTX 4070 Ti SUPER,1,0,10000,7500,2500,"128,64,32",tanh,1000,2,True,1425,1426,0.05,375,500,4,2375,0.003230950902203155,0.002900884939735643,0.004411776733675513,0.001085197439905059,0.07732083335818178,0.011291651628558993,0.004566192531860937,0.004507656102336797,0.004687754644851053,0.0012166107016004925,0.001184160600748181,0.0012478337599490146,3.381718950919771,10.80158686115081,42.04621469999984
highdim_strong,Strong nonlinear,50,cuda,NVIDIA GeForce RTX 4070 Ti SUPER,1,0,10000,7500,2500,"128,64,32",tanh,1000,2,True,1425,1426,0.05,375,500,5,2875,0.003230950902203155,0.002375274353034642,0.003769399833682793,0.0009370187249670098,0.07732083335818178,0.011291651628558993,0.003865104077832226,0.00377969100467165,0.003922266772765535,0.0010337184305588974,0.000979482823917908,0.001084990581665615,2.4761104027788465,9.354549820651384,54.010389099999884
highdim_strong,Strong nonlinear,50,cuda,NVIDIA GeForce RTX 4070 Ti SUPER,1,0,10000,7500,2500,"128,64,32",tanh,1000,2,True,1425,1426,0.1,750,500,0,750,0.003230950902203155,0.06523255341048798,0.06533098485588616,0.016668119168239258,0.06128100533404278,0.012714361257712012,0.06157083396045594,0.059568498301069195,0.06815532620440043,0.016339662153009235,0.014911197470877274,0.017149531802880674,-6.107032589237281,-2.0101824147541003,0.7396436999988509
highdim_strong,Strong nonlinear,50,cuda,NVIDIA GeForce RTX 4070 Ti SUPER,1,0,10000,7500,2500,"128,64,32",tanh,1000,2,True,1425,1426,0.1,750,500,1,1250,0.003230950902203155,0.3506425153273768,0.351274933320553,0.08439412936824926,0.06128100533404278,0.012714361257712012,0.32927084137372886,0.2993779964580263,0.3797304650634975,0.08183672888940703,0.07069549908294051,0.09058863140514362,-6.682672493872315,-3.1250033005330224,5.309984899999108
highdim_strong,Strong nonlinear,50,cuda,NVIDIA GeForce RTX 4070 Ti SUPER,1,0,10000,7500,2500,"128,64,32",tanh,1000,2,True,1425,1426,0.1,750,500,2,1750,0.003230950902203155,0.0061377565680354835,0.007725526106209619,0.00200176584392425,0.06128100533404278,0.012714361257712012,0.007029393977598709,0.00679672460219487,0.007515363913651163,0.0019314854516630925,0.0018316735800985317,0.002034459454418702,-9.903159942796579,-3.6386705476162375,18.98409239999819
highdim_strong,Strong nonlinear,50,cuda,NVIDIA GeForce RTX 4070 Ti SUPER,1,0,10000,7500,2500,"128,64,32",tanh,1000,2,True,1425,1426,0.1,750,500,3,2250,0.003230950902203155,0.0033179017201338747,0.0047549674684303,0.0012028234822257537,0.06128100533404278,0.012714361257712012,0.004621834076273819,0.004350813752554453,0.0047072802428344985,0.0012583106897631306,0.001208311852547844,0.001310097849047212,-2.8805316235803793,4.409658758269158,33.854022699997586
highdim_strong,Strong nonlinear,50,cuda,NVIDIA GeForce RTX 4070 Ti SUPER,1,0,10000,7500,2500,"128,64,32",tanh,1000,2,True,1425,1426,0.1,750,500,4,2750,0.003230950902203155,0.002478693978082069,0.003931323955245432,0.0010123801021212717,0.06128100533404278,0.012714361257712012,0.003877153845484602,0.003794636736854269,0.003926634175778414,0.0009920160371726854,0.0009310127862617091,0.001004411109465406,-1.3971617304770423,-2.052795941346409,47.22368219999771
highdim_strong,Strong nonlinear,50,cuda,NVIDIA GeForce RTX 4070 Ti SUPER,1,0,10000,7500,2500,"128,64,32",tanh,1000,2,True,1425,1426,0.1,750,500,5,3250,0.003230950902203155,0.002075973119555363,0.003510427135174406,0.0008220740611252775,0.06128100533404278,0.012714361257712012,0.0035843737323192665,0.003565402130544127,0.0036183913849460415,0.0008969763864583975,0.0008791418343923408,0.0010364654687789602,2.0630269795279816,8.350534803804896,59.74091709999993
highdim_strong,Strong nonlinear,50,cuda,NVIDIA GeForce RTX 4070 Ti SUPER,1,1,10000,7500,2500,"128,64,32",tanh,1000,2,True,1425,1426,0.05,375,500,0,375,0.0037021361938720794,0.057711899433988925,0.05773233164303417,0.014722016960702697,0.06438931561810937,0.008658450033186766,0.058959514038424685,0.05843967037144837,0.06056119236101216,0.014409021203194632,0.013862494849605942,0.01460974416746779,2.0813984229767253,-2.1722208128798535,0.36137439999947674
highdim_strong,Strong nonlinear,50,cuda,NVIDIA GeForce RTX 4070 Ti SUPER,1,1,10000,7500,2500,"128,64,32",tanh,1000,2,True,1425,1426,0.05,375,500,1,875,0.0037021361938720794,0.07008636346245521,0.07160663469571078,0.017539625123497396,0.06438931561810937,0.008658450033186766,0.07399192812095826,0.07230947054735769,0.07647830753113938,0.019093441834800867,0.018591398603623476,0.01985929074975107,3.2237211352948067,8.137960273204332,1.4074308999988716
highdim_strong,Strong nonlinear,50,cuda,NVIDIA GeForce RTX 4070 Ti SUPER,1,1,10000,7500,2500,"128,64,32",tanh,1000,2,True,1425,1426,0.05,375,500,2,1375,0.0037021361938720794,0.7031735911049527,0.7058165284146453,0.1535759876448438,0.06438931561810937,0.008658450033186766,0.5028097536459799,0.2706779375611895,0.6181944684867612,0.11525613541429515,0.06582506020680923,0.14538939159204833,-40.37447032334204,-33.2475595271398,13.292551399998047
highdim_strong,Strong nonlinear,50,cuda,NVIDIA GeForce RTX 4070 Ti SUPER,1,1,10000,7500,2500,"128,64,32",tanh,1000,2,True,1425,1426,0.05,375,500,3,1875,0.0037021361938720794,0.005042427240689593,0.0070768685473251505,0.001756480724316983,0.06438931561810937,0.008658450033186766,0.007272854061179406,0.006819633401205151,0.007684669009940923,0.001975442147676588,0.0018045962235562116,0.0021691599483526537,2.6947538367416817,11.084172908689627,27.501164699999208
highdim_strong,Strong nonlinear,50,cuda,NVIDIA GeForce RTX 4070 Ti SUPER,1,1,10000,7500,2500,"128,64,32",tanh,1000,2,True,1425,1426,0.05,375,500,4,2375,0.0037021361938720794,0.0030900214875613156,0.005296857758409813,0.001353125548854566,0.06438931561810937,0.008658450033186766,0.005265158583905095,0.005196397950655087,0.00546444732192505,0.0013877013404450435,0.0013144827251763253,0.0016073443523978458,-0.6020554556821486,2.491587388637168,41.88788800000111
highdim_strong,Strong nonlinear,50,cuda,NVIDIA GeForce RTX 4070 Ti SUPER,1,1,10000,7500,2500,"128,64,32",tanh,1000,2,True,1425,1426,0.05,375,500,5,2875,0.0037021361938720794,0.0024496829674663574,0.004609865205435386,0.0011525684252814996,0.06438931561810937,0.008658450033186766,0.004721614712456742,0.004690535747375435,0.0048162248754591705,0.001331158452298644,0.001239134990106647,0.001389004650640784,2.3667646308906587,13.416135900933156,54.561669300001086
highdim_strong,Strong nonlinear,50,cuda,NVIDIA GeForce RTX 4070 Ti SUPER,1,1,10000,7500,2500,"128,64,32",tanh,1000,2,True,1425,1426,0.1,750,500,0,750,0.0037021361938720794,0.057713415961143606,0.05885545357491778,0.014278649816994563,0.05807324525844935,0.012772659826713977,0.06386006966047159,0.061718085923715,0.06921963585448221,0.01700194607172458,0.01594799403689425,0.017823471470025897,7.83684720696693,16.017556127054476,0.7130187000002479
highdim_strong,Strong nonlinear,50,cuda,NVIDIA GeForce RTX 4070 Ti SUPER,1,1,10000,7500,2500,"128,64,32",tanh,1000,2,True,1425,1426,0.1,750,500,1,1250,0.0037021361938720794,0.33614532082722975,0.33977740797900186,0.07968196021694329,0.05807324525844935,0.012772659826713977,0.3343542885321297,0.31077073637602254,0.37074751215980345,0.08228975299754607,0.07981971353634762,0.09098656382761791,-1.6219679641857052,3.1690370740091303,5.14855290000196
highdim_strong,Strong nonlinear,50,cuda,NVIDIA GeForce RTX 4070 Ti SUPER,1,1,10000,7500,2500,"128,64,32",tanh,1000,2,True,1425,1426,0.1,750,500,2,1750,0.0037021361938720794,0.0073639272711960415,0.009517174200772974,0.0025424505127352405,0.05807324525844935,0.012772659826713977,0.007916766229357192,0.007696107395077169,0.008192984628623348,0.0020040346205548285,0.0019541655249672675,0.0021736794281433224,-20.215425402876004,-26.86659634808846,18.625707400002284
highdim_strong,Strong nonlinear,50,cuda,NVIDIA GeForce RTX 4070 Ti SUPER,1,1,10000,7500,2500,"128,64,32",tanh,1000,2,True,1425,1426,0.1,750,500,3,2250,0.0037021361938720794,0.0033350909757713554,0.00560173242172309,0.0014125073452120303,0.05807324525844935,0.012772659826713977,0.005731369850922526,0.0055075022015982494,0.005843968376786652,0.0016090069497773944,0.0013959422765357015,0.0016492245021165106,2.2618925766685454,12.21247705564912,32.66927190000206
highdim_strong,Strong nonlinear,50,cuda,NVIDIA GeForce RTX 4070 Ti SUPER,1,1,10000,7500,2500,"128,64,32",tanh,1000,2,True,1425,1426,0.1,750,500,4,2750,0.0037021361938720794,0.0025297154634536705,0.004784794683030914,0.0010931132265512898,0.05807324525844935,0.012772659826713977,0.00479154890018995,0.004686352251892083,0.004960997755349291,0.0012101135111306127,0.001180570649851953,0.0014316354484530205,0.14096103994197154,9.668537992771371,45.67872660000285
highdim_strong,Strong nonlinear,50,cuda,NVIDIA GeForce RTX 4070 Ti SUPER,1,1,10000,7500,2500,"128,64,32",tanh,1000,2,True,1425,1426,0.1,750,500,5,3250,0.0037021361938720794,0.002127475736114926,0.004340166184656461,0.001244689967122041,0.05807324525844935,0.012772659826713977,0.004471583789620022,0.004398314382916808,0.004544278602444681,0.0011080836266821998,0.0010164543108885234,0.0012709084819707698,2.9389498474483107,-12.328161625207393,57.95256850000078
highdim_strong,Strong nonlinear,50,cuda,NVIDIA GeForce RTX 4070 Ti SUPER,2,0,10000,7500,2500,"128,64,32",tanh,1000,2,True,1425,1426,0.05,375,500,0,375,0.0034186054093013367,0.04244611984497213,0.04208356561943872,0.010582710173070442,0.045431826629959246,0.008396553641575478,0.04098022282852558,0.04045278882790436,0.042270283747586346,0.009867124207353067,0.009577448369512267,0.010780622845292666,-2.692378700647582,-7.252224160552418,0.3664249000030395
highdim_strong,Strong nonlinear,50,cuda,NVIDIA GeForce RTX 4070 Ti SUPER,2,0,10000,7500,2500,"128,64,32",tanh,1000,2,True,1425,1426,0.05,375,500,1,875,0.0034186054093013367,0.052871458086396886,0.053045525995464506,0.013884757437969044,0.045431826629959246,0.008396553641575478,0.045174251241192204,0.042790249827715524,0.048632374664933906,0.012108691530776833,0.011520168659379975,0.012357383901237027,-17.4242506250881,-14.667694710679173,1.5601090000018303
highdim_strong,Strong nonlinear,50,cuda,NVIDIA GeForce RTX 4070 Ti SUPER,2,0,10000,7500,2500,"128,64,32",tanh,1000,2,True,1425,1426,0.05,375,500,2,1375,0.0034186054093013367,0.34002750219511435,0.33783380478761904,0.08418965674427585,0.045431826629959246,0.008396553641575478,0.2826463354253903,0.24347665663676799,0.3552140531770102,0.06951700551845061,0.0619287322336985,0.0861762116559843,-19.525273263907746,-21.106563949925825,14.422742099999596
highdim_strong,Strong nonlinear,50,cuda,NVIDIA GeForce RTX 4070 Ti SUPER,2,0,10000,7500,2500,"128,64,32",tanh,1000,2,True,1425,1426,0.05,375,500,3,1875,0.0034186054093013367,0.004418717870514955,0.005957588564122961,0.001523480395221992,0.045431826629959246,0.008396553641575478,0.005965917101677867,0.005866202052363703,0.0065823043867902845,0.0015435157023195056,0.0015244479758998097,0.0017601488642951155,0.13960196584970633,1.2980306625585734,30.66352150000239
highdim_strong,Strong nonlinear,50,cuda,NVIDIA GeForce RTX 4070 Ti SUPER,2,0,10000,7500,2500,"128,64,32",tanh,1000,2,True,1425,1426,0.05,375,500,4,2375,0.0034186054093013367,0.0025238879304096194,0.004256030111018551,0.0011252158598182996,0.045431826629959246,0.008396553641575478,0.004384140036034482,0.004278551725130418,0.004488909565770258,0.0011868451257010483,0.0011235255785104628,0.001260882373239745,2.9221221029200484,5.192696548873244,47.42849589999969
highdim_strong,Strong nonlinear,50,cuda,NVIDIA GeForce RTX 4070 Ti SUPER,2,0,10000,7500,2500,"128,64,32",tanh,1000,2,True,1425,1426,0.05,375,500,5,2875,0.0034186054093013367,0.0020154244728567017,0.0036917400758770327,0.0009773884446146884,0.045431826629959246,0.008396553641575478,0.0037623333468238982,0.0037199115679887444,0.003836749734550682,0.0010598185550372147,0.0009846061484680437,0.0011069428188348431,1.8763162229221189,7.777756865148656,63.218613100001676
highdim_strong,Strong nonlinear,50,cuda,NVIDIA GeForce RTX 4070 Ti SUPER,2,0,10000,7500,2500,"128,64,32",tanh,1000,2,True,1425,1426,0.1,750,500,0,750,0.0034186054093013367,0.040036186307675393,0.03941365805904766,0.0099977541286667,0.03786517567223628,0.008480343578402265,0.03886277155553186,0.03744794404394003,0.03927379754362109,0.01005413874080517,0.009375067155817256,0.010576117630286134,-1.41751728316295,0.5608099668411205,0.8111456999977236
highdim_strong,Strong nonlinear,50,cuda,NVIDIA GeForce RTX 4070 Ti SUPER,2,0,10000,7500,2500,"128,64,32",tanh,1000,2,True,1425,1426,0.1,750,500,1,1250,0.0034186054093013367,0.20345236259994837,0.2055017161820886,0.050336704127729184,0.03786517567223628,0.008480343578402265,0.17829723008948495,0.15276814401057034,0.19546551315387822,0.04484490082877926,0.038974004827295274,0.05105328130214723,-15.257940955644731,-12.24621572900336,5.924176599997736
highdim_strong,Strong nonlinear,50,cuda,NVIDIA GeForce RTX 4070 Ti SUPER,2,0,10000,7500,2500,"128,64,32",tanh,1000,2,True,1425,1426,0.1,750,500,2,1750,0.0034186054093013367,0.005673143743162312,0.0075061651680774335,0.0019775935175338887,0.03786517567223628,0.008480343578402265,0.007624929090795722,0.0071066754885648585,0.007765069379647836,0.002010860459474174,0.0019338994146981554,0.002163487772681767,1.5575741269732253,1.65436352301564,21.80137779999859
highdim_strong,Strong nonlinear,50,cuda,NVIDIA GeForce RTX 4070 Ti SUPER,2,0,10000,7500,2500,"128,64,32",tanh,1000,2,True,1425,1426,0.1,750,500,3,2250,0.0034186054093013367,0.0027054704365941907,0.004314146542101237,0.0010829709015452776,0.03786517567223628,0.008480343578402265,0.0043859049180307395,0.0043485742346033055,0.004477946977231941,0.0012034753165341635,0.001120155710928744,0.0012288398486929274,1.6361133510783457,10.013035858177911,38.12931839999874
highdim_strong,Strong nonlinear,50,cuda,NVIDIA GeForce RTX 4070 Ti SUPER,2,0,10000,7500,2500,"128,64,32",tanh,1000,2,True,1425,1426,0.1,750,500,4,2750,0.0034186054093013367,0.0020507741411022657,0.0037250426977474774,0.0009720938101680603,0.03786517567223628,0.008480343578402265,0.003793165108007382,0.0037226970640308376,0.003861055356727261,0.0009964962005190262,0.0009317771138004629,0.0010459767648833373,1.7959252581992253,2.4488192065615424,53.494913099999394
highdim_strong,Strong nonlinear,50,cuda,NVIDIA GeForce RTX 4070 Ti SUPER,2,0,10000,7500,2500,"128,64,32",tanh,1000,2,True,1425,1426,0.1,750,500,5,3250,0.0034186054093013367,0.001824552881783606,0.0034697566794527042,0.0008534941411452899,0.03786517567223628,0.008480343578402265,0.0034745703303401326,0.0034045509391153936,0.0035128449855764566,0.0009288083976425297,0.0008872233419540904,0.0009875415799697317,0.13853945753796706,8.108696765490057,69.14871689999927
highdim_strong,Strong nonlinear,50,cuda,NVIDIA GeForce RTX 4070 Ti SUPER,2,1,10000,7500,2500,"128,64,32",tanh,1000,2,True,1425,1426,0.05,375,500,0,375,0.002835718716901172,0.045952384462127245,0.044851088665324564,0.010175595601655776,0.05172480095353078,0.008570630117287013,0.04062903039684555,0.0398146324313271,0.04234437617436493,0.00951172619619971,0.009357462231507331,0.009999787734000268,-10.391727853802813,-6.979483973385463,0.38896440000098664
highdim_strong,Strong nonlinear,50,cuda,NVIDIA GeForce RTX 4070 Ti SUPER,2,1,10000,7500,2500,"128,64,32",tanh,1000,2,True,1425,1426,0.05,375,500,1,875,0.002835718716901172,0.05212192340136906,0.051609947415909664,0.013439309715998686,0.05172480095353078,0.008570630117287013,0.04367708232400437,0.04326536324199751,0.04485948324198917,0.011557692949788131,0.011311131610752222,0.012021252416035912,-18.162534376856698,-16.280210716664236,1.509651100001065
highdim_strong,Strong nonlinear,50,cuda,NVIDIA GeForce RTX 4070 Ti SUPER,2,1,10000,7500,2500,"128,64,32",tanh,1000,2,True,1425,1426,0.05,375,500,2,1375,0.002835718716901172,0.2446380585746002,0.24714080254252327,0.06216139833612237,0.05172480095353078,0.008570630117287013,0.24989297886501077,0.23265333593077384,0.26870889833557754,0.06151176204546967,0.05583298265145917,0.06636917418487791,1.1013419964768987,-1.0561171864536938,14.09359410000252
highdim_strong,Strong nonlinear,50,cuda,NVIDIA GeForce RTX 4070 Ti SUPER,2,1,10000,7500,2500,"128,64,32",tanh,1000,2,True,1425,1426,0.05,375,500,3,1875,0.002835718716901172,0.003932564839977309,0.005232168900163717,0.001494080590920749,0.05172480095353078,0.008570630117287013,0.004995197169400917,0.0048788775222249935,0.005178182829616212,0.001330048006956752,0.0012761870805881198,0.0014679173641438106,-4.7439915327951,-12.332831830582998,29.790550900001108
highdim_strong,Strong nonlinear,50,cuda,NVIDIA GeForce RTX 4070 Ti SUPER,2,1,10000,7500,2500,"128,64,32",tanh,1000,2,True,1425,1426,0.05,375,500,4,2375,0.002835718716901172,0.002419123802200648,0.003587069972558577,0.0010139296931843023,0.05172480095353078,0.008570630117287013,0.00365567721462815,0.003540578072001637,0.003787989429162448,0.0009686881899547022,0.0009199141941897524,0.0010575746282037615,1.8767313972645527,-4.670388645051574,47.09996980000142
highdim_strong,Strong nonlinear,50,cuda,NVIDIA GeForce RTX 4070 Ti SUPER,2,1,10000,7500,2500,"128,64,32",tanh,1000,2,True,1425,1426,0.05,375,500,5,2875,0.002835718716901172,0.0019292576271600509,0.003049451468328705,0.0007332394525767634,0.05172480095353078,0.008570630117287013,0.003154905303269358,0.0030906886800409904,0.0032396129434072115,0.0008563777844978423,0.0008012605762777323,0.0009427748527223361,3.3425356644262294,14.378973176339928,63.76397830000133
highdim_strong,Strong nonlinear,50,cuda,NVIDIA GeForce RTX 4070 Ti SUPER,2,1,10000,7500,2500,"128,64,32",tanh,1000,2,True,1425,1426,0.1,750,500,0,750,0.002835718716901172,0.038860131927075124,0.03813695186586919,0.009593661476965448,0.04622766398426783,0.009071027052725906,0.036461990647929654,0.03494794441155042,0.03861233045137388,0.009683279526242646,0.009043272840129896,0.009888207884181224,-4.59371852215272,0.9254927427667919,0.7979894000018248
highdim_strong,Strong nonlinear,50,cuda,NVIDIA GeForce RTX 4070 Ti SUPER,2,1,10000,7500,2500,"128,64,32",tanh,1000,2,True,1425,1426,0.1,750,500,1,1250,0.002835718716901172,0.20249680375907264,0.20391198674392041,0.05129170745763363,0.04622766398426783,0.009071027052725906,0.16310565669033295,0.15712227473592383,0.18500014225120023,0.04276542773745304,0.038782348411581125,0.04646946528377986,-25.018341412315962,-19.93731893090236,6.220899399999325
highdim_strong,Strong nonlinear,50,cuda,NVIDIA GeForce RTX 4070 Ti SUPER,2,1,10000,7500,2500,"128,64,32",tanh,1000,2,True,1425,1426,0.1,750,500,2,1750,0.002835718716901172,0.004827017154938804,0.006173720033676724,0.0015854664157022615,0.04622766398426783,0.009071027052725906,0.006259669034239844,0.005936558336586853,0.006891730146043832,0.0016432146715125362,0.0015337981103001963,0.0018408675673410935,1.373059823019179,3.514346409597167,21.345280100002128
highdim_strong,Strong nonlinear,50,cuda,NVIDIA GeForce RTX 4070 Ti SUPER,2,1,10000,7500,2500,"128,64,32",tanh,1000,2,True,1425,1426,0.1,750,500,3,2250,0.002835718716901172,0.002667080911335908,0.0039434807408114765,0.0011486604887160625,0.04622766398426783,0.009071027052725906,0.003857966926610515,0.0037153273894835657,0.003944567852763259,0.001010623245695038,0.0009562174916643215,0.0010953604010205493,-2.2165512516741885,-13.658625368951592,40.95436350000091
highdim_strong,Strong nonlinear,50,cuda,NVIDIA GeForce RTX 4070 Ti SUPER,2,1,10000,7500,2500,"128,64,32",tanh,1000,2,True,1425,1426,0.1,750,500,4,2750,0.002835718716901172,0.0020138731196275316,0.0031811554066109218,0.0009137117982703647,0.04622766398426783,0.009071027052725906,0.003249753030703801,0.0032168476943269923,0.0032843841082343993,0.0008630076762942516,0.0008313099095358324,0.0009425903710972116,2.1108565310891585,-5.875280529813628,60.530942100001994
highdim_strong,Strong nonlinear,50,cuda,NVIDIA GeForce RTX 4070 Ti SUPER,2,1,10000,7500,2500,"128,64,32",tanh,1000,2,True,1425,1426,0.1,750,500,5,3250,0.002835718716901172,0.0017956200030607515,0.0028799868694469183,0.0007230263515359907,0.04622766398426783,0.009071027052725906,0.0029219378405423817,0.0029027728442595603,0.0030091538291519616,0.0008204256369854537,0.0007552279798944718,0.0008817454788489423,1.4357242824739997,11.871799351290855,78.81545670000196
