device,case,case_label,p,initial_fraction,iteration,selected_n,n_original,n_train_pool,n_eval,hidden,activation,epochs,degree,include_special,n_fullpr_features,n_design_params,initial_n,batch_size,oracle_mse_vs_y_mean,oracle_mse_vs_y_std,oracle_mse_vs_y_count,pilot_mse_fullpr_vs_nn_mean,pilot_mse_fullpr_vs_nn_std,pilot_mse_fullpr_vs_nn_count,pilot_shape_fullpr_vs_nn_mean,pilot_shape_fullpr_vs_nn_std,pilot_shape_fullpr_vs_nn_count,dopt_mse_vs_nn_mean,dopt_mse_vs_nn_std,dopt_mse_vs_nn_count,random_mse_median_mean,random_mse_median_std,random_mse_median_count,mse_gain_vs_random_median_pct_mean,mse_gain_vs_random_median_pct_std,mse_gain_vs_random_median_pct_count,dopt_shape_vs_nn_mean,dopt_shape_vs_nn_std,dopt_shape_vs_nn_count,random_shape_median_mean,random_shape_median_std,random_shape_median_count,shape_gain_vs_random_median_pct_mean,shape_gain_vs_random_median_pct_std,shape_gain_vs_random_median_pct_count,oracle_mse_vs_y_sem,oracle_mse_vs_y_ci95,pilot_mse_fullpr_vs_nn_sem,pilot_mse_fullpr_vs_nn_ci95,pilot_shape_fullpr_vs_nn_sem,pilot_shape_fullpr_vs_nn_ci95,dopt_mse_vs_nn_sem,dopt_mse_vs_nn_ci95,random_mse_median_sem,random_mse_median_ci95,mse_gain_vs_random_median_pct_sem,mse_gain_vs_random_median_pct_ci95,dopt_shape_vs_nn_sem,dopt_shape_vs_nn_ci95,random_shape_median_sem,random_shape_median_ci95,shape_gain_vs_random_median_pct_sem,shape_gain_vs_random_median_pct_ci95,positive_rate
cuda,highdim_poly2,Quadratic,10,0.05,0,375,10000,7500,2500,"128,64,32",tanh,1000,2,True,85,86,375,500,0.005020280613663772,0.0012581604149885545,6,0.0018552202443605605,0.0008909367051971122,6,0.0021851455776539168,0.0011599214912184947,6,0.0017904587413761495,0.0008228742709395046,6,0.0017446301769141932,0.0006810898713715522,6,-0.4055172559804629,8.31603419419884,6,0.0024304805632251124,0.0011656100504735282,6,0.0023470167821115846,0.0009645690125147164,6,-0.9309428773927136,11.781255516022332,6,0.0005136418385483819,0.0010067380035548284,0.0003637233868082278,0.0007128978381441265,0.0004735359658622452,0.0009281304930900006,0.0003359370143777504,0.0006584365481803908,0.0002780537756396886,0.0005449854002537896,3.3950067432207054,6.6542132167125825,0.00047585831045331503,0.0009326822884884974,0.0003937836503935495,0.0007718159547713569,4.809677423934074,9.426967750910785,0.5
cuda,highdim_poly2,Quadratic,10,0.05,1,875,10000,7500,2500,"128,64,32",tanh,1000,2,True,85,86,375,500,0.005020280613663772,0.0012581604149885545,6,0.0018552202443605605,0.0008909367051971122,6,0.0021851455776539168,0.0011599214912184947,6,0.0014081478309422295,0.0005577974400992851,6,0.0014567497284808082,0.0005844131660273506,6,3.2823423166295975,2.7982083915456113,6,0.001858758273220994,0.0007129553632341702,6,0.0019598462387785155,0.0007639252205783087,6,5.171186232388031,3.6873831822535723,6,0.0005136418385483819,0.0010067380035548284,0.0003637233868082278,0.0007128978381441265,0.0004735359658622452,0.0009281304930900006,0.00022771985134565218,0.0004463309086374783,0.00023858567595523965,0.0004676279248722697,1.1423637922101317,2.239033032731858,0.0002910628082173925,0.0005704831041060893,0.000311871165343324,0.0006112674840729151,1.50536788044022,2.950521045662831,0.8333333333333334
cuda,highdim_poly2,Quadratic,10,0.05,2,1375,10000,7500,2500,"128,64,32",tanh,1000,2,True,85,86,375,500,0.005020280613663772,0.0012581604149885545,6,0.0018552202443605605,0.0008909367051971122,6,0.0021851455776539168,0.0011599214912184947,6,0.0013610504214710314,0.0005361811964726149,6,0.0013916054118945581,0.0005382679170259736,6,2.547921317949287,2.025182873912756,6,0.0017662840725359487,0.0007289284059185152,6,0.0018704491318479834,0.0007512508290961187,6,5.772190114900695,3.558502729045765,6,0.0005136418385483819,0.0010067380035548284,0.0003637233868082278,0.0007128978381441265,0.0004735359658622452,0.0009281304930900006,0.00021889505683881372,0.0004290343114040749,0.00021974695693739824,0.0004307040355973005,0.8267774461515758,1.6204837944570885,0.00029758377558678265,0.000583264200150094,0.0003066968666880502,0.0006011258587085783,1.4527526557439248,2.8473952052580924,1.0
cuda,highdim_poly2,Quadratic,10,0.05,3,1875,10000,7500,2500,"128,64,32",tanh,1000,2,True,85,86,375,500,0.005020280613663772,0.0012581604149885545,6,0.0018552202443605605,0.0008909367051971122,6,0.0021851455776539168,0.0011599214912184947,6,0.0013418992959819862,0.0005352070544541032,6,0.0013704038290598625,0.0005406929705604335,6,2.2818251938101866,1.635037034223298,6,0.0017788518125725532,0.0006669274455858183,6,0.0018766432452154726,0.0007452476915798196,6,3.9663462511168066,5.587225487794479,6,0.0005136418385483819,0.0010067380035548284,0.0003637233868082278,0.0007128978381441265,0.0004735359658622452,0.0009281304930900006,0.0002184973650250873,0.00042825483544917114,0.0002207369808971248,0.0004326444825583646,0.6675010740667662,1.3083021051708617,0.0002722719895238414,0.000533653099466729,0.0003042460960596016,0.0005963223482768191,2.280975253828219,4.470711497503309,0.8333333333333334
cuda,highdim_poly2,Quadratic,10,0.05,4,2375,10000,7500,2500,"128,64,32",tanh,1000,2,True,85,86,375,500,0.005020280613663772,0.0012581604149885545,6,0.0018552202443605605,0.0008909367051971122,6,0.0021851455776539168,0.0011599214912184947,6,0.0013285240396723778,0.000531983474059643,6,0.0013514155870775115,0.0005360084038186933,6,1.862743499944749,1.3436636072319148,6,0.0017341707147393445,0.0006495259572212995,6,0.0018215594784141132,0.0007322817704710562,6,3.8678942320162264,4.708848087837988,6,0.0005136418385483819,0.0010067380035548284,0.0003637233868082278,0.0007128978381441265,0.0004735359658622452,0.0009281304930900006,0.00021718134383987608,0.0004256754339261571,0.0002188245145332455,0.00042889604848516115,0.5485483706109368,1.075154806397436,0.00026516786164749973,0.0005197290088290995,0.00029895278093265964,0.0005859474506280128,1.9223791819138891,3.7678631965512226,1.0
cuda,highdim_poly2,Quadratic,10,0.05,5,2875,10000,7500,2500,"128,64,32",tanh,1000,2,True,85,86,375,500,0.005020280613663772,0.0012581604149885545,6,0.0018552202443605605,0.0008909367051971122,6,0.0021851455776539168,0.0011599214912184947,6,0.0013214319325085355,0.0005287706106472988,6,0.0013382340958021932,0.0005321264120766075,6,1.3591910666016054,0.7736525858613582,6,0.0017831026911544732,0.0007097104606565012,6,0.0017796930449926979,0.0007044974223230523,6,0.015207144172417605,7.346865512315243,6,0.0005136418385483819,0.0010067380035548284,0.0003637233868082278,0.0007128978381441265,0.0004735359658622452,0.0009281304930900006,0.00021586969784429268,0.00042310460777481365,0.00021723969804094415,0.0004257898081602505,0.3158423455908465,0.6190509973580591,0.00028973808228733737,0.0005678866412831813,0.00028760986829958423,0.0005637153418671851,2.999345285670611,5.878716759914398,1.0
cuda,highdim_poly2,Quadratic,10,0.1,0,750,10000,7500,2500,"128,64,32",tanh,1000,2,True,85,86,750,500,0.005020280613663772,0.0012581604149885545,6,0.0012119914403461495,0.0006045872691010257,6,0.0015445254472078757,0.0007596319407275167,6,0.0015038959755332745,0.0005884045676363512,6,0.0014891565815672286,0.000596278536248871,6,-1.4723345248340525,3.5211279715822155,6,0.001988175672987203,0.0007876812594394307,6,0.0019876005996105135,0.0007964138702025366,6,-0.6469182389236416,5.990071089984677,6,0.0005136418385483819,0.0010067380035548284,0.00024682171904670926,0.0004837705693315501,0.00031011844118375523,0.0006078321447201602,0.00024021515883866884,0.0004708217113237909,0.0002434296930638962,0.00047712219840523654,1.4374944749029293,2.817489170809741,0.0003215695275965702,0.0006302762740892776,0.0003251346010118945,0.0006372638179833131,2.445436282243253,4.793055113196776,0.5
cuda,highdim_poly2,Quadratic,10,0.1,1,1250,10000,7500,2500,"128,64,32",tanh,1000,2,True,85,86,750,500,0.005020280613663772,0.0012581604149885545,6,0.0012119914403461495,0.0006045872691010257,6,0.0015445254472078757,0.0007596319407275167,6,0.0013704933688943796,0.0005468400447272334,6,0.0014131057843021829,0.0005479014419934701,6,3.499562974735516,2.4982089708742707,6,0.0018366090281396498,0.0007415342031218718,6,0.0018685927966202345,0.0006889841293202708,6,2.963431371688049,7.205145339447155,6,0.0005136418385483819,0.0010067380035548284,0.00024682171904670926,0.0004837705693315501,0.00031011844118375523,0.0006078321447201602,0.00022324651341707543,0.00043756316629746785,0.0002236798270365196,0.0004384124609915784,1.0198895415809077,1.998983501498579,0.00030273007074498715,0.0005933509386601748,0.0002812765929517337,0.000551302122185398,2.941488267372971,5.765317004051023,1.0
cuda,highdim_poly2,Quadratic,10,0.1,2,1750,10000,7500,2500,"128,64,32",tanh,1000,2,True,85,86,750,500,0.005020280613663772,0.0012581604149885545,6,0.0012119914403461495,0.0006045872691010257,6,0.0015445254472078757,0.0007596319407275167,6,0.0013484196692501848,0.0005362416821420623,6,0.0013740549903841052,0.000541571213131683,6,2.066256981779801,1.819976148992257,6,0.0018645322163847167,0.0007333382070334702,6,0.0018391511833968437,0.0007161672070833391,6,-1.1365030438058632,2.1986766981790917,6,0.0005136418385483819,0.0010067380035548284,0.00024682171904670926,0.0004837705693315501,0.00031011844118375523,0.0006078321447201602,0.00021891975000996316,0.0004290827100195278,0.00022109552192545,0.000433347222973882,0.7430021515110938,1.4562842169617438,0.00029938406935324865,0.0005867927759323673,0.0002923740379780526,0.000573053114436983,0.8976060033143451,1.7593077664961165,0.8333333333333334
cuda,highdim_poly2,Quadratic,10,0.1,3,2250,10000,7500,2500,"128,64,32",tanh,1000,2,True,85,86,750,500,0.005020280613663772,0.0012581604149885545,6,0.0012119914403461495,0.0006045872691010257,6,0.0015445254472078757,0.0007596319407275167,6,0.0013324576298480474,0.0005302759333847688,6,0.0013525192740225752,0.0005344031221021086,6,1.6343242813407246,1.1093661928133556,6,0.001818591855281726,0.0007165753998202667,6,0.001806114116815456,0.0006948049068108684,6,-0.07657392774681764,4.077565536861373,6,0.0005136418385483819,0.0010067380035548284,0.00024682171904670926,0.0004837705693315501,0.00031011844118375523,0.0006078321447201602,0.00021648424327846117,0.0004243091168257839,0.0002181691610167369,0.00042761155559280434,0.4528968517144567,0.8876778293603351,0.0002925406819650831,0.0005733797366515628,0.00028365291541144073,0.0005559597142064238,1.6646591596780196,3.2627319529689185,1.0
cuda,highdim_poly2,Quadratic,10,0.1,4,2750,10000,7500,2500,"128,64,32",tanh,1000,2,True,85,86,750,500,0.005020280613663772,0.0012581604149885545,6,0.0012119914403461495,0.0006045872691010257,6,0.0015445254472078757,0.0007596319407275167,6,0.001322984371698895,0.0005286731797142882,6,0.0013462004359052638,0.0005369311733219235,6,1.782104583758169,1.1234505150539362,6,0.0017609818588237012,0.0007257419922333283,6,0.0018065701118028328,0.000724702473576883,6,3.0799568801649575,5.030149388918208,6,0.0005136418385483819,0.0010067380035548284,0.00024682171904670926,0.0004837705693315501,0.00031011844118375523,0.0006078321447201602,0.00021582992183245278,0.0004230266467916074,0.00021920123360543142,0.00042963441786664556,0.4586467521915159,0.8989476342953712,0.00029628292764709443,0.0005807145381883051,0.0002958585459326954,0.0005798827500280829,2.053549888803704,4.024957782055259,1.0
cuda,highdim_poly2,Quadratic,10,0.1,5,3250,10000,7500,2500,"128,64,32",tanh,1000,2,True,85,86,750,500,0.005020280613663772,0.0012581604149885545,6,0.0012119914403461495,0.0006045872691010257,6,0.0015445254472078757,0.0007596319407275167,6,0.001319068959340883,0.000527825628623453,6,0.001337115495838287,0.0005307162110672534,6,1.5121564440180446,0.8984518001603089,6,0.0017980428108151517,0.0007159442835547715,6,0.0018378092171429945,0.0007411995772025452,6,2.035982779515818,5.602193970643581,6,0.0005136418385483819,0.0010067380035548284,0.00024682171904670926,0.0004837705693315501,0.00031011844118375523,0.0006078321447201602,0.00021548391054853854,0.0004223484646751355,0.0002166639858896649,0.0004246614123437432,0.3667914114796264,0.7189111665000677,0.00029228302982861067,0.0005728747384640769,0.00030259346028547714,0.0005930831821595352,2.287086111362203,4.482688778269917,1.0
cuda,highdim_poly2,Quadratic,20,0.05,0,375,10000,7500,2500,"128,64,32",tanh,1000,2,True,270,271,375,500,0.008007250931467995,0.0010000885314634758,6,0.038540435037832554,0.011978259810981294,6,0.020273697014241473,0.006177002300036321,6,0.010544317242283061,0.002719925916014561,6,0.010662953267831421,0.002487660165019803,6,1.5842372050496436,8.828607415994787,6,0.006831132682276304,0.001686867789727068,6,0.006930251012714143,0.0017135885134009778,6,1.3839804866959113,7.0497963968412485,6,0.0004082844332824793,0.0008002374892336594,0.0048901040905651085,0.009584604017507612,0.002521750629181178,0.004942631233195109,0.0011104051054013013,0.00217639400658655,0.001015583009624386,0.0019905426988637964,3.604263884756455,7.064357214122652,0.0006886608913946306,0.001349775347133476,0.0006995695811544617,0.0013711563790627448,2.878067327128741,5.641011961172333,0.6666666666666666
cuda,highdim_poly2,Quadratic,20,0.05,1,875,10000,7500,2500,"128,64,32",tanh,1000,2,True,270,271,375,500,0.008007250931467995,0.0010000885314634758,6,0.038540435037832554,0.011978259810981294,6,0.020273697014241473,0.006177002300036321,6,0.004096895397673182,0.0008426142953018567,6,0.004572143827862268,0.0009154568575284505,6,10.505223176911757,2.114108951769146,6,0.0027926729224344794,0.0006177515180963096,6,0.0030670282041856908,0.000641336217167912,6,9.177699345625694,2.64191321072785,6,0.0004082844332824793,0.0008002374892336594,0.0048901040905651085,0.009584604017507612,0.002521750629181178,0.004942631233195109,0.0003439958455773957,0.0006742318573316955,0.00037373369707941015,0.0007325180462756438,0.8630813654141034,1.6916394762116427,0.00025219600119427455,0.0004943041623407781,0.0002618244142713609,0.0005131758519718673,1.0785565518335403,2.113970841593739,1.0
cuda,highdim_poly2,Quadratic,20,0.05,2,1375,10000,7500,2500,"128,64,32",tanh,1000,2,True,270,271,375,500,0.008007250931467995,0.0010000885314634758,6,0.038540435037832554,0.011978259810981294,6,0.020273697014241473,0.006177002300036321,6,0.0037696461182722013,0.000742990290194951,6,0.003967171395454849,0.0008006101348930147,6,4.90214508552081,1.2076552172666226,6,0.002535480280820937,0.0005224336678750135,6,0.0026604071686708,0.0005398693662522372,6,4.610376641656052,5.5761781574913325,6,0.0004082844332824793,0.0008002374892336594,0.0048901040905651085,0.009584604017507612,0.002521750629181178,0.004942631233195109,0.00030332451580333824,0.000594516050974543,0.00032684771889811607,0.0006406215290403075,0.4930231779188638,0.966325428720973,0.0002132826517907399,0.00041803399750985017,0.000220400745846285,0.0004319854618587186,2.2764652001177703,4.46187179223083,1.0
cuda,highdim_poly2,Quadratic,20,0.05,3,1875,10000,7500,2500,"128,64,32",tanh,1000,2,True,270,271,375,500,0.008007250931467995,0.0010000885314634758,6,0.038540435037832554,0.011978259810981294,6,0.020273697014241473,0.006177002300036321,6,0.0036430352591392177,0.0006977679245787132,6,0.0037807076186853143,0.000763544242159753,6,3.438498112623922,1.7324920370935692,6,0.0023560007381738845,0.0004028775546170669,6,0.0025521603347583703,0.0005211159359375245,6,6.968572569250811,5.998997491568593,6,0.0004082844332824793,0.0008002374892336594,0.0048901040905651085,0.009584604017507612,0.002521750629181178,0.004942631233195109,0.0002848625623497774,0.0005583306222055637,0.000311715631555245,0.0006109626378482802,0.7072869123857053,1.3862823482759823,0.00016447407293867917,0.0003223691829598112,0.00021274468997997036,0.0004169795923607419,2.4490804704298808,4.800197722042566,1.0
cuda,highdim_poly2,Quadratic,20,0.05,4,2375,10000,7500,2500,"128,64,32",tanh,1000,2,True,270,271,375,500,0.008007250931467995,0.0010000885314634758,6,0.038540435037832554,0.011978259810981294,6,0.020273697014241473,0.006177002300036321,6,0.003593000223196776,0.0007136518541653365,6,0.0036748674595046826,0.0007411084133486423,6,2.1590121359412726,0.7029887232535444,6,0.002428284454853074,0.0005134903061370062,6,0.0024812667095524313,0.00047793877937331113,6,2.2281970355508256,5.118010325699604,6,0.0004082844332824793,0.0008002374892336594,0.0048901040905651085,0.009584604017507612,0.002521750629181178,0.004942631233195109,0.00029134714944936474,0.0005710404129207549,0.0003025562427979692,0.0005930102358840197,0.28699394448363325,0.5625081311879212,0.00020963153965019847,0.000410877817714389,0.0001951176896255397,0.0003824306716660578,2.0894189660432625,4.095261173444794,1.0
cuda,highdim_poly2,Quadratic,20,0.05,5,2875,10000,7500,2500,"128,64,32",tanh,1000,2,True,270,271,375,500,0.008007250931467995,0.0010000885314634758,6,0.038540435037832554,0.011978259810981294,6,0.020273697014241473,0.006177002300036321,6,0.003540555753715915,0.0007041853086505041,6,0.003612058589496536,0.0007232582867499769,6,1.957815152820871,0.7211680032657964,6,0.002468931750943612,0.0005301122967683458,6,0.002474113706174714,0.0005095624718426798,6,0.13099629649005706,4.748943370778156,6,0.0004082844332824793,0.0008002374892336594,0.0048901040905651085,0.009584604017507612,0.002521750629181178,0.004942631233195109,0.00028748244842633603,0.0005634655989156186,0.00029526895912950055,0.0005787271598938211,0.294415604470499,0.5770545847621781,0.00021641743890954922,0.0004241781802627165,0.00020802800801431439,0.0004077348957080562,1.9387480126298777,3.7999461047545604,1.0
cuda,highdim_poly2,Quadratic,20,0.1,0,750,10000,7500,2500,"128,64,32",tanh,1000,2,True,270,271,750,500,0.008007250931467995,0.0010000885314634758,6,0.0048114011346348995,0.0014005389982087917,6,0.003052904161676631,0.0008414904170087951,6,0.0050447951645659584,0.000832507247033635,6,0.004938994337223364,0.0010037488418567506,6,-3.436847844106962,9.856180057015816,6,0.003421024536822965,0.0007129684955873642,6,0.0033445350351482034,0.0006892464289365471,6,-3.135866527740974,11.814499364178726,6,0.0004082844332824793,0.0008002374892336594,0.0005717676517467106,0.0011206645974235526,0.0003435370241855638,0.0006733325674037051,0.0003398696604002584,0.0006661445343845065,0.00040977874874310085,0.0008031663475364777,4.023768658780727,7.886586571210225,0.00029106816947813374,0.0005704936121771421,0.00028138367632166784,0.0005515120055904689,4.823249168112362,9.453568369500228,0.5
cuda,highdim_poly2,Quadratic,20,0.1,1,1250,10000,7500,2500,"128,64,32",tanh,1000,2,True,270,271,750,500,0.008007250931467995,0.0010000885314634758,6,0.0048114011346348995,0.0014005389982087917,6,0.003052904161676631,0.0008414904170087951,6,0.0038708332758524994,0.000767919099855169,6,0.004146026105558747,0.0008025753556405713,6,6.746477026415897,1.0739838008272633,6,0.0025783490878442065,0.0005156838695481853,6,0.0028324563096642883,0.0005144047743768609,6,9.296244588468113,4.148242434894042,6,0.0004082844332824793,0.0008002374892336594,0.0005717676517467106,0.0011206645974235526,0.0003435370241855638,0.0006733325674037051,0.00031350165973042127,0.0006144632530716257,0.00032765001690869013,0.0006421940331410327,0.43845205067361226,0.85936601932028,0.0002105270581628364,0.00041263303399915937,0.00021000486974580266,0.0004116095447017732,1.6935128824751455,3.3192852496512852,1.0
cuda,highdim_poly2,Quadratic,20,0.1,2,1750,10000,7500,2500,"128,64,32",tanh,1000,2,True,270,271,750,500,0.008007250931467995,0.0010000885314634758,6,0.0048114011346348995,0.0014005389982087917,6,0.003052904161676631,0.0008414904170087951,6,0.003711477056335035,0.0007227218070758747,6,0.003852758241866943,0.000763362527701617,6,3.613904262225209,0.7180340911047953,6,0.0025374058823132545,0.0005500160526063134,6,0.002641233918068319,0.0004781534490810536,6,4.498000095913713,5.421353367472046,6,0.0004082844332824793,0.0008002374892336594,0.0005717676517467106,0.0011206645974235526,0.0003435370241855638,0.0006733325674037051,0.0002950499422196797,0.0005782978867505721,0.0003116414469383584,0.0006108172359991825,0.2931361901883064,0.5745469327690805,0.0002245431132042096,0.0004401045018802508,0.0001952053281667399,0.0003826024432068102,2.2132582442709703,4.337986158771102,1.0
cuda,highdim_poly2,Quadratic,20,0.1,3,2250,10000,7500,2500,"128,64,32",tanh,1000,2,True,270,271,750,500,0.008007250931467995,0.0010000885314634758,6,0.0048114011346348995,0.0014005389982087917,6,0.003052904161676631,0.0008414904170087951,6,0.0036014347428449684,0.0007066882556696308,6,0.0037064389851539773,0.0007396882133893957,6,2.7659021911456336,0.5911427332714452,6,0.002474955881624427,0.0004956681352244755,6,0.0024925403405580498,0.0004608136711157579,6,0.8652594980884443,3.5600611374394715,6,0.0004082844332824793,0.0008002374892336594,0.0005717676517467106,0.0011206645974235526,0.0003435370241855638,0.0006733325674037051,0.00028850427226801616,0.0005654683736453117,0.00030197644859248995,0.0005918738392412802,0.24133301027820286,0.47301270014527763,0.000202355668842803,0.0003966171109318939,0.000188126393455385,0.0003687277311725546,1.4533888733065001,2.84864219168074,1.0
cuda,highdim_poly2,Quadratic,20,0.1,4,2750,10000,7500,2500,"128,64,32",tanh,1000,2,True,270,271,750,500,0.008007250931467995,0.0010000885314634758,6,0.0048114011346348995,0.0014005389982087917,6,0.003052904161676631,0.0008414904170087951,6,0.003561224574039038,0.0007119076651455048,6,0.0036345201753496263,0.0007217430287496685,6,2.0487889354349758,0.5921822980104944,6,0.0023651068083719944,0.0004626264291526871,6,0.0024369760916253744,0.0004833229225739517,6,2.762872187572461,4.1888880228094925,6,0.0004082844332824793,0.0008002374892336594,0.0005717676517467106,0.0011206645974235526,0.0003435370241855638,0.0006733325674037051,0.00029063508726377257,0.0005696447710369942,0.00029465035764126294,0.0005775147009768754,0.24175741080574623,0.4738445251792626,0.00018886644882498598,0.00037017823969697254,0.00019731575688281382,0.00038673888349031506,1.7101063742565268,3.3518084935427925,1.0
cuda,highdim_poly2,Quadratic,20,0.1,5,3250,10000,7500,2500,"128,64,32",tanh,1000,2,True,270,271,750,500,0.008007250931467995,0.0010000885314634758,6,0.0048114011346348995,0.0014005389982087917,6,0.003052904161676631,0.0008414904170087951,6,0.0035163430247584977,0.0007096852606543533,6,0.003575923721696545,0.0007157278621090297,6,1.6999008525879227,0.4282651331174538,6,0.0023922807457074304,0.0004942155304457995,6,0.0024269359818895617,0.000504764937469563,6,1.317239795319031,6.2720610381853215,6,0.0004082844332824793,0.0008002374892336594,0.0005717676517467106,0.0011206645974235526,0.0003435370241855638,0.0006733325674037051,0.0002897277944295408,0.0005678664770818999,0.00029219467614336684,0.000572701565240999,0.17483850846047924,0.3426834765825393,0.0002017626454251889,0.00039545478503337023,0.00020606942280804785,0.0004038960687037738,2.5605581965241595,5.018694065187352,1.0
cuda,highdim_poly2,Quadratic,50,0.05,0,375,10000,7500,2500,"128,64,32",tanh,1000,2,True,1425,1426,375,500,0.037016567843385605,0.005454430761277767,6,0.04032820828672172,0.004498760161388465,6,0.005936556411771602,0.0004796448383360124,6,0.04556823860396753,0.004470357200667405,6,0.04587456502716622,0.0045829035422994225,6,0.6463322082471392,1.3994119127951405,6,0.01081623797688182,0.000789163123653564,6,0.011410350624951132,0.0010744769003003716,6,5.00180415674264,3.617128331646156,6,0.0022267620337451557,0.004364453586140505,0.0018366111450937735,0.003599757844383796,0.00019581418528049303,0.00038379580314976635,0.0018250156849352885,0.0035770307424731656,0.0018709625365045215,0.003667086571548862,0.5713075210533808,1.1197627412646263,0.00032217449612868967,0.0006314620124122318,0.0004386533576905373,0.0008597605810734531,1.4766864577829482,2.8943054572545783,0.6666666666666666
cuda,highdim_poly2,Quadratic,50,0.05,1,875,10000,7500,2500,"128,64,32",tanh,1000,2,True,1425,1426,375,500,0.037016567843385605,0.005454430761277767,6,0.04032820828672172,0.004498760161388465,6,0.005936556411771602,0.0004796448383360124,6,0.04392376049404906,0.004482991497850129,6,0.047203405286786106,0.005117135760324612,6,6.820206992110729,3.3234826375507605,6,0.011366552491360425,0.0009878178428716832,6,0.01240976037751978,0.0013641530650710645,6,8.174240660848298,3.4251411599648343,6,0.0022267620337451557,0.004364453586140505,0.0018366111450937735,0.003599757844383796,0.00019581418528049303,0.00038379580314976635,0.001830173615161348,0.003587140285716242,0.002089061926224023,0.004094561375399085,1.3568061051664286,2.6593399661262,0.0004032749456420656,0.0007904188934584486,0.0005569131567463011,0.0010915497872227501,1.3983080231530565,2.7406837253799905,1.0
cuda,highdim_poly2,Quadratic,50,0.05,2,1375,10000,7500,2500,"128,64,32",tanh,1000,2,True,1425,1426,375,500,0.037016567843385605,0.005454430761277767,6,0.04032820828672172,0.004498760161388465,6,0.005936556411771602,0.0004796448383360124,6,0.636003507721698,0.10190153893536115,6,0.7509889955280463,0.11935809223362001,6,12.997216439679827,22.566520376377117,6,0.14449955210017765,0.0190457180203069,6,0.16629860935978366,0.022528265975499517,6,11.556096144495315,18.190971419539384,6,0.0022267620337451557,0.004364453586140505,0.0018366111450937735,0.003599757844383796,0.00019581418528049303,0.00038379580314976635,0.04160112906599797,0.08153821296935602,0.04872773710740346,0.09550636473051079,9.212743365373889,18.05697699613282,0.007775381822447083,0.015239748371996282,0.00919712607161289,0.018026367100361262,7.426432983903946,14.555808648451734,0.6666666666666666
cuda,highdim_poly2,Quadratic,50,0.05,3,1875,10000,7500,2500,"128,64,32",tanh,1000,2,True,1425,1426,375,500,0.037016567843385605,0.005454430761277767,6,0.04032820828672172,0.004498760161388465,6,0.005936556411771602,0.0004796448383360124,6,0.04301971281902375,0.0076549136843214365,6,0.05031906780167702,0.006967597680924622,6,14.929578827454668,4.764815618111039,6,0.01151233470028875,0.0019215607558426293,6,0.013366812207454363,0.0018623164782211937,6,14.158913581426619,3.604522657829652,6,0.0022267620337451557,0.004364453586140505,0.0018366111450937735,0.003599757844383796,0.00019581418528049303,0.00038379580314976635,0.003125105425272658,0.006125206633534409,0.002844509841877454,0.005575239290079809,1.9452278304693467,3.812646547719919,0.0007844738935952019,0.0015375688314465956,0.0007602875185364844,0.0014901635363315094,1.4715402129972153,2.884218817474542,1.0
cuda,highdim_poly2,Quadratic,50,0.05,4,2375,10000,7500,2500,"128,64,32",tanh,1000,2,True,1425,1426,375,500,0.037016567843385605,0.005454430761277767,6,0.04032820828672172,0.004498760161388465,6,0.005936556411771602,0.0004796448383360124,6,0.035840752018468085,0.0063900686092736875,6,0.0382777359880097,0.006032569420142325,6,6.674508262760476,2.7413683832630986,6,0.009355063080069845,0.0013690651345353551,6,0.010250284155621832,0.0015896664822303806,6,8.418602563931668,5.047992722623036,6,0.0022267620337451557,0.004364453586140505,0.0018366111450937735,0.003599757844383796,0.00019581418528049303,0.00038379580314976635,0.002608734585682778,0.005113119787938245,0.002462786152877682,0.004827060859640257,1.1191589559988442,2.1935515537577346,0.0005589185007077374,0.0010954802613871652,0.0006489786237782559,0.0012719981026053815,2.060834399284876,4.039235422598357,1.0
cuda,highdim_poly2,Quadratic,50,0.05,5,2875,10000,7500,2500,"128,64,32",tanh,1000,2,True,1425,1426,375,500,0.037016567843385605,0.005454430761277767,6,0.04032820828672172,0.004498760161388465,6,0.005936556411771602,0.0004796448383360124,6,0.033838445063159604,0.0062560484120289936,6,0.03502645614893036,0.006132217089202863,6,3.5505084130696942,1.6722172314857533,6,0.008995698656938507,0.0015387874395149002,6,0.009526677545393358,0.0016523579036808154,6,5.538308589687296,1.9868820554292517,6,0.0022267620337451557,0.004364453586140505,0.0018366111450937735,0.003599757844383796,0.00019581418528049303,0.00038379580314976635,0.0025540210692700017,0.005005881295769204,0.002503467143420355,0.004906795601103896,0.6826798260382727,1.3380524590350145,0.0006282073415692231,0.0012312863894756772,0.0006745722894121454,0.001322161687247805,0.8111412024823184,1.589836756865344,1.0
cuda,highdim_poly2,Quadratic,50,0.1,0,750,10000,7500,2500,"128,64,32",tanh,1000,2,True,1425,1426,750,500,0.037016567843385605,0.005454430761277767,6,0.03235069535846572,0.004009106126784961,6,0.0065843764847387425,0.001054371129096427,6,0.04510078000174081,0.004481791219543412,6,0.0454704750859879,0.005412059312476823,6,0.5152272040775967,4.568228520245744,6,0.012008769189737839,0.0013065126863009867,6,0.011804353303430779,0.0013346175383858758,6,-1.9456965616280997,5.881250145031853,6,0.0022267620337451557,0.004364453586140505,0.0016367107225481597,0.003207953016194393,0.0004304452109680694,0.000843672613497416,0.00182968360359455,0.0035861798630453176,0.0022094639622076933,0.004330549365927079,1.8649714838385878,3.655344108323632,0.0005333815706517272,0.0010454278784773853,0.0005448553284691229,0.0010679164437994808,2.4010103174996007,4.7059802222992175,0.5
cuda,highdim_poly2,Quadratic,50,0.1,1,1250,10000,7500,2500,"128,64,32",tanh,1000,2,True,1425,1426,750,500,0.037016567843385605,0.005454430761277767,6,0.03235069535846572,0.004009106126784961,6,0.0065843764847387425,0.001054371129096427,6,0.10887511645084069,0.0075306000542812316,6,0.14184236140993925,0.012321110203607433,6,22.661076554959447,9.627518708590785,6,0.02825059334603795,0.0023309002679349246,6,0.03641350047733519,0.0027663515507523415,6,21.764442710077514,11.870948312470885,6,0.0022267620337451557,0.004364453586140505,0.0016367107225481597,0.003207953016194393,0.0004304452109680694,0.000843672613497416,0.0030743545983273873,0.006025735012721679,0.005030072177239594,0.009858941467389604,3.9304180541910463,7.70361938621445,0.0009515860496261933,0.0018651086572673387,0.0011293582914166998,0.0022135422511767315,4.846294354751119,9.498736935312193,1.0
cuda,highdim_poly2,Quadratic,50,0.1,2,1750,10000,7500,2500,"128,64,32",tanh,1000,2,True,1425,1426,750,500,0.037016567843385605,0.005454430761277767,6,0.03235069535846572,0.004009106126784961,6,0.0065843764847387425,0.001054371129096427,6,0.05027903363327513,0.007846099751581542,6,0.05725260893766205,0.007482143794302902,6,12.370336434586315,3.961267464691895,6,0.013606238772092084,0.0022466610594350633,6,0.015112794059671001,0.0018525349651527126,6,10.28965698115789,6.237430605604443,6,0.0022267620337451557,0.004364453586140505,0.0016367107225481597,0.003207953016194393,0.0004304452109680694,0.000843672613497416,0.0032031568103921054,0.006278187348368526,0.0030545724130289615,0.005986961929536764,1.6171806705305871,3.1696741142399505,0.000917195536766096,0.0017977032520615482,0.000756294232548127,0.001482336695794329,2.546420381624992,4.990983947984984,1.0
cuda,highdim_poly2,Quadratic,50,0.1,3,2250,10000,7500,2500,"128,64,32",tanh,1000,2,True,1425,1426,750,500,0.037016567843385605,0.005454430761277767,6,0.03235069535846572,0.004009106126784961,6,0.0065843764847387425,0.001054371129096427,6,0.036690000974610365,0.007097186188027016,6,0.03983007472179016,0.0060116689115318495,6,8.459035493989488,4.8262490214857445,6,0.010007417217360643,0.0019227116051451878,6,0.010632920176320509,0.0015817184219113604,6,6.282124381221112,6.42331138690521,6,0.0022267620337451557,0.004364453586140505,0.0016367107225481597,0.003207953016194393,0.0004304452109680694,0.000843672613497416,0.0028974141283657703,0.00567893169159691,0.00245425355596763,0.004810336969696555,1.9703079123744471,3.8618035082539164,0.0007849437258555529,0.0015384897026768838,0.0006457338417405122,0.0012656383298114038,2.6223058928211174,5.1397195499293895,1.0
cuda,highdim_poly2,Quadratic,50,0.1,4,2750,10000,7500,2500,"128,64,32",tanh,1000,2,True,1425,1426,750,500,0.037016567843385605,0.005454430761277767,6,0.03235069535846572,0.004009106126784961,6,0.0065843764847387425,0.001054371129096427,6,0.03418542502638989,0.006389422611984019,6,0.035687734879796505,0.006076650254897167,6,4.497066290716808,2.248157276998258,6,0.00916283367318615,0.001424951470933863,6,0.009502760811015119,0.0014790957766702257,6,3.5542565309254592,3.6639275317500273,6,0.0022267620337451557,0.004364453586140505,0.0016367107225481597,0.003207953016194393,0.0004304452109680694,0.000843672613497416,0.002608470858393626,0.005112602882451507,0.002480782078308566,0.004862332873484789,0.9178063650284323,1.7989004754557272,0.0005817340020027166,0.0011401986439253243,0.0006038383222579394,0.0011835231116255611,1.49579215122043,2.9317526163920427,1.0
cuda,highdim_poly2,Quadratic,50,0.1,5,3250,10000,7500,2500,"128,64,32",tanh,1000,2,True,1425,1426,750,500,0.037016567843385605,0.005454430761277767,6,0.03235069535846572,0.004009106126784961,6,0.0065843764847387425,0.001054371129096427,6,0.0328025824492429,0.0059689387462108,6,0.033718603474703755,0.005912718320713934,6,2.81600703042608,1.1627851950977426,6,0.008821171352452408,0.0017580167658712864,6,0.009027028195942009,0.0015363531429919205,6,2.478536128016138,7.311795832602924,6,0.0022267620337451557,0.004364453586140505,0.0016367107225481597,0.003207953016194393,0.0004304452109680694,0.000843672613497416,0.0024368090390240733,0.004776145716487184,0.0024138571464258265,0.00473116000699462,0.4747050680753429,0.9304219334276721,0.000717707339273762,0.0014067063849765736,0.0006272135441752344,0.0012293385465834594,2.985028148880942,5.850655171806646,1.0
cuda,highdim_poly2,Quadratic,100,0.05,0,375,10000,7500,2500,"128,64,32",tanh,1000,2,True,5350,5351,375,500,0.11561751488540578,0.009168875194724225,6,0.06573808515639025,0.006890499776366362,6,0.0020485240751821556,0.0004235659806466586,6,0.08823608503759763,0.007848319333687598,6,0.0883014261634612,0.007741131628847119,6,0.07807334485154732,0.8962935168765654,6,0.010238425109223017,0.001107143364188861,6,0.010285343047623477,0.0010950379481274588,6,0.4237432244603229,2.70204854313012,6,0.003743177623722684,0.00733662814249646,0.0028130347541431983,0.005513548118120669,0.00017292008749764806,0.0003389233714953902,0.0032040629509924464,0.006279963383945195,0.003160303753732576,0.006194195357315849,0.36591029601870145,0.7171841801966549,0.00045198938572851263,0.0008858991960278848,0.0004470473703160914,0.0008762128458195391,1.1031066984832432,2.1620891290271564,0.5
cuda,highdim_poly2,Quadratic,100,0.05,1,875,10000,7500,2500,"128,64,32",tanh,1000,2,True,5350,5351,375,500,0.11561751488540578,0.009168875194724225,6,0.06573808515639025,0.006890499776366362,6,0.0020485240751821556,0.0004235659806466586,6,0.08682280929921156,0.007040607960618956,6,0.08776121375339892,0.007069794725754263,6,1.070625702750172,1.0519558907875484,6,0.010395245574111719,0.0008651446315260575,6,0.01062964794844166,0.0010885670644216262,6,2.023341851526688,3.461190214515639,6,0.003743177623722684,0.00733662814249646,0.0028130347541431983,0.005513548118120669,0.00017292008749764806,0.0003389233714953902,0.002874316163748954,0.00563365968094795,0.0028862316107196133,0.005657013957010442,0.42945919405740685,0.8417400203525174,0.00035319381682450166,0.0006922598809760232,0.00044440564310539477,0.0008710350604865737,1.4130249880462609,2.769528976570671,0.8333333333333334
cuda,highdim_poly2,Quadratic,100,0.05,2,1375,10000,7500,2500,"128,64,32",tanh,1000,2,True,5350,5351,375,500,0.11561751488540578,0.009168875194724225,6,0.06573808515639025,0.006890499776366362,6,0.0020485240751821556,0.0004235659806466586,6,0.08842564898859413,0.006499391329156252,6,0.08967117648216795,0.00735591751337354,6,1.328688333620055,1.772045182503501,6,0.01095411301162777,0.0009655383083234905,6,0.011103369034304022,0.001102710931768911,6,1.1501987249148533,5.545279337032845,6,0.003743177623722684,0.00733662814249646,0.0028130347541431983,0.005513548118120669,0.00017292008749764806,0.0003389233714953902,0.0026533653991836943,0.00520059618240004,0.003003040749627938,0.005885959869270758,0.7234344163817785,1.4179314561082859,0.0003941793637504353,0.0007725915529508532,0.0004501798527704714,0.0008823525114301239,2.263850809488243,4.437147586596955,0.6666666666666666
cuda,highdim_poly2,Quadratic,100,0.05,3,1875,10000,7500,2500,"128,64,32",tanh,1000,2,True,5350,5351,375,500,0.11561751488540578,0.009168875194724225,6,0.06573808515639025,0.006890499776366362,6,0.0020485240751821556,0.0004235659806466586,6,0.09061834515547433,0.006164459364107284,6,0.09317401144614934,0.007217231961238341,6,2.6864826515683173,1.2212354079882193,6,0.011567452203765358,0.0007896561033156905,6,0.011601151012839504,0.0011128441954549625,6,0.012465145367801375,5.109329389895621,6,0.003743177623722684,0.00733662814249646,0.0028130347541431983,0.005513548118120669,0.00017292008749764806,0.0003389233714953902,0.002516629997030751,0.004932594794180272,0.0029464226100567063,0.005774988315711144,0.49856726756512887,0.9771918444276526,0.0003223757542329863,0.0006318564782966531,0.0004543167403471215,0.0008904608110803582,2.0858749888416597,4.088314978129653,1.0
cuda,highdim_poly2,Quadratic,100,0.05,4,2375,10000,7500,2500,"128,64,32",tanh,1000,2,True,5350,5351,375,500,0.11561751488540578,0.009168875194724225,6,0.06573808515639025,0.006890499776366362,6,0.0020485240751821556,0.0004235659806466586,6,0.09447788886646752,0.007031081715864085,6,0.09788360479803886,0.007296209784147824,6,3.470323713158251,1.6796192450943526,6,0.01153124463189747,0.0009485358041644484,6,0.012351990026696761,0.0009633944805979578,6,6.5882291738055585,4.600522019219032,6,0.003743177623722684,0.00733662814249646,0.0028130347541431983,0.005513548118120669,0.00017292008749764806,0.0003389233714953902,0.0028704270906132374,0.005626037097601945,0.0029786651712440603,0.005838183735638358,0.6857016854399737,1.3439753034623483,0.0003872381204939016,0.0007589867161680472,0.00039330414974643755,0.0007708761335030175,1.8781552495875293,3.6811842891915574,1.0
cuda,highdim_poly2,Quadratic,100,0.05,5,2875,10000,7500,2500,"128,64,32",tanh,1000,2,True,5350,5351,375,500,0.11561751488540578,0.009168875194724225,6,0.06573808515639025,0.006890499776366362,6,0.0020485240751821556,0.0004235659806466586,6,0.10024792881491577,0.006973614970385608,6,0.10379634789398862,0.007835133932426469,6,3.3776086556999565,1.6423348197881997,6,0.012737117432320423,0.0010810560759449122,6,0.013055498576788444,0.0010618555195705162,6,2.410634644732702,3.6120050268904813,6,0.003743177623722684,0.00733662814249646,0.0028130347541431983,0.005513548118120669,0.00017292008749764806,0.0003389233714953902,0.0028469663900131275,0.00558005412442573,0.0031986800334685107,0.006269412865598281,0.6704803825478092,1.314141549793706,0.0004413392949000825,0.0008650250180041617,0.0004335007005842803,0.0008496613731451894,1.4745948773749187,2.8902059596548404,1.0
cuda,highdim_poly2,Quadratic,100,0.1,0,750,10000,7500,2500,"128,64,32",tanh,1000,2,True,5350,5351,750,500,0.11561751488540578,0.009168875194724225,6,0.05580809282217827,0.007221523573954901,6,0.004236162698993853,0.0005970515025084956,6,0.08797879302938433,0.007980862543976496,6,0.08768049572587909,0.0073768105937082286,6,-0.29799678266208834,0.7380200754731971,6,0.010768473553431017,0.0008788586782430631,6,0.01057118298461228,0.0010124986272297117,6,-2.008533009508336,3.6896285027861793,6,0.003743177623722684,0.00733662814249646,0.0029481746536115746,0.005778422321078686,0.00024374525521797416,0.0004777407002272293,0.0032581734900054816,0.006386020040410743,0.003011570313957099,0.005902677815355914,0.3012954341399439,0.59053905091429,0.0003587925529520608,0.0007032334037860392,0.00041335083366353793,0.0008101676339805343,1.5062845287092002,2.9523176762700323,0.5
cuda,highdim_poly2,Quadratic,100,0.1,1,1250,10000,7500,2500,"128,64,32",tanh,1000,2,True,5350,5351,750,500,0.11561751488540578,0.009168875194724225,6,0.05580809282217827,0.007221523573954901,6,0.004236162698993853,0.0005970515025084956,6,0.08820995903484959,0.007334250449840801,6,0.08895422481227123,0.007789992225849933,6,0.8066384864885568,1.1019725246650058,6,0.01083986918817795,0.0010881872657660966,6,0.010942488864029225,0.0010577010468690977,6,0.9260777551431828,3.7672151501989943,6,0.003743177623722684,0.00733662814249646,0.0029481746536115746,0.005778422321078686,0.00024374525521797416,0.0004777407002272293,0.0029941952079813256,0.005868622607643398,0.0031802510089300184,0.006233291977502836,0.4498783993326358,0.8817616626919661,0.00044425059095355436,0.0008707311582689665,0.0004318046442061474,0.0008463371026440489,1.5379591448783045,3.0143999239614767,0.8333333333333334
cuda,highdim_poly2,Quadratic,100,0.1,2,1750,10000,7500,2500,"128,64,32",tanh,1000,2,True,5350,5351,750,500,0.11561751488540578,0.009168875194724225,6,0.05580809282217827,0.007221523573954901,6,0.004236162698993853,0.0005970515025084956,6,0.09066458708559826,0.007292912918568942,6,0.09168872272637969,0.008053480958299462,6,1.0620269610350745,1.5212396732472493,6,0.010964623802023071,0.000762460242865677,6,0.011518998250401244,0.001255707348136249,6,4.337372753881906,7.1652069808014165,6,0.003743177623722684,0.00733662814249646,0.0029481746536115746,0.005778422321078686,0.00024374525521797416,0.0004777407002272293,0.0029773192315075926,0.005835545693754881,0.003287819833509029,0.006444126873677697,0.6210434959889951,1.2172452521384305,0.0003112730906965745,0.000610095257765286,0.0005126403781995346,0.0010047751412710878,2.925183500731916,5.733359661434555,0.8333333333333334
cuda,highdim_poly2,Quadratic,100,0.1,3,2250,10000,7500,2500,"128,64,32",tanh,1000,2,True,5350,5351,750,500,0.11561751488540578,0.009168875194724225,6,0.05580809282217827,0.007221523573954901,6,0.004236162698993853,0.0005970515025084956,6,0.09380331133936493,0.007143519420631431,6,0.09619283933176757,0.007647089707374427,6,2.462116634352929,1.0138854606298566,6,0.011773094672699264,0.0010067623277346953,6,0.012098705749138872,0.0011425087989199306,6,2.5873464756791402,3.2121150182073896,6,0.003743177623722684,0.00733662814249646,0.0029481746536115746,0.005778422321078686,0.00024374525521797416,0.0004777407002272293,0.002916329591368187,0.005716005999081647,0.003121911300059413,0.006118946148116449,0.4139170060283053,0.8112773318154783,0.00041100899920110877,0.0008055776384341732,0.00046642726399898315,0.000914197437438007,1.3113404649564673,2.570227311314676,1.0
cuda,highdim_poly2,Quadratic,100,0.1,4,2750,10000,7500,2500,"128,64,32",tanh,1000,2,True,5350,5351,750,500,0.11561751488540578,0.009168875194724225,6,0.05580809282217827,0.007221523573954901,6,0.004236162698993853,0.0005970515025084956,6,0.09892045503029956,0.007029499155768852,6,0.1022962657238387,0.008124133319130575,6,3.236509315238873,2.1803717725582756,6,0.01248221513763355,0.0012998154350692898,6,0.012864933946686648,0.0012045634652374318,6,3.0032791510402586,3.5088152409965514,6,0.003743177623722684,0.00733662814249646,0.0029481746536115746,0.005778422321078686,0.00024374525521797416,0.0004777407002272293,0.0028697810131598023,0.005624770785793212,0.0033166635390355667,0.006500660536509711,0.8901330487225788,1.7446607754962544,0.0005306474292855799,0.0010400689613997366,0.0004917609754384085,0.0009638515118592806,1.4324678236903898,2.807636934433164,0.8333333333333334
cuda,highdim_poly2,Quadratic,100,0.1,5,3250,10000,7500,2500,"128,64,32",tanh,1000,2,True,5350,5351,750,500,0.11561751488540578,0.009168875194724225,6,0.05580809282217827,0.007221523573954901,6,0.004236162698993853,0.0005970515025084956,6,0.10562535784678878,0.00729369471841516,6,0.11004006375912435,0.008064648327159253,6,3.9802000852131734,1.6424676526233517,6,0.013215835941539201,0.0010557703080057586,6,0.01386633882669897,0.0011022524753773572,6,4.656080428980157,3.3960189169399513,6,0.003743177623722684,0.00733662814249646,0.0029481746536115746,0.005778422321078686,0.00024374525521797416,0.0004777407002272293,0.002977638399958296,0.00583617126391826,0.0032923788927550182,0.006453062629799835,0.6705346113256774,1.3142478381983276,0.0004310164233658571,0.00084479218979708,0.0004499926887323674,0.00088198566991544,1.386418917223675,2.717381077758403,1.0
cuda,highdim_poly2,Quadratic,200,0.05,0,375,10000,7500,2500,"128,64,32",tanh,1000,2,True,20700,20701,375,500,0.11269029578325103,0.006752232835823378,6,0.06029029641961947,0.007884048119365425,6,0.000445449781795071,0.00014581820994702857,6,0.07581135610086479,0.006728609961541118,6,0.07572981673381686,0.007039657679462242,6,-0.13885709141215483,0.5252482682559744,6,0.0036773067673858376,0.0004118785977510088,6,0.003733518496713289,0.000371522042761856,6,1.55822296457751,3.7909607598998925,6,0.002756587512038856,0.0054029115235961584,0.0032186491666657694,0.006308552366664908,5.953003492937509e-05,0.00011667886846157517,0.002746943513997281,0.00538400928743467,0.0028739282130912655,0.00563289929765888,0.21443170758460608,0.42028614686582794,0.00016814873341050246,0.0003295715174845848,0.00015167323882716994,0.0002972795481012531,1.5476532494447184,3.0334003689116478,0.5
cuda,highdim_poly2,Quadratic,200,0.05,1,875,10000,7500,2500,"128,64,32",tanh,1000,2,True,20700,20701,375,500,0.11269029578325103,0.006752232835823378,6,0.06029029641961947,0.007884048119365425,6,0.000445449781795071,0.00014581820994702857,6,0.07330490948356623,0.006064925061057526,6,0.0736935422475251,0.00662517128628134,6,0.47629999837553244,1.088267013465899,6,0.00377284728941637,0.0003263350952593474,6,0.0037993410071418855,0.00038904462182077224,6,0.5713364985636424,1.950928568215092,6,0.002756587512038856,0.0054029115235961584,0.0032186491666657694,0.006308552366664908,5.953003492937509e-05,0.00011667886846157517,0.0024759952879681753,0.004852950764417624,0.0027047148516546296,0.005301241109243074,0.4442831478156671,0.8707949697187075,0.0001332257447579905,0.0002611224597256614,0.00015882680177249037,0.00031130053147408114,0.7964632527909233,1.5610679754702097,0.8333333333333334
cuda,highdim_poly2,Quadratic,200,0.05,2,1375,10000,7500,2500,"128,64,32",tanh,1000,2,True,20700,20701,375,500,0.11269029578325103,0.006752232835823378,6,0.06029029641961947,0.007884048119365425,6,0.000445449781795071,0.00014581820994702857,6,0.0726062543454854,0.006211927775116885,6,0.0728066817255054,0.006209879056403822,6,0.27640445601293506,1.1740253925905944,6,0.003850358353555004,0.00041114982604138626,6,0.003816355015281077,0.00038984143150770954,6,-0.9136978146652558,3.8679147688001256,6,0.002756587512038856,0.0054029115235961584,0.0032186491666657694,0.006308552366664908,5.953003492937509e-05,0.00011667886846157517,0.0025360088946764564,0.0049705774335658546,0.0025351725087642074,0.004968938117177846,0.47929385948627584,0.9394159645931006,0.00016785121360591063,0.0003289883786675848,0.00015915209796500758,0.00031193811201141484,1.5790695920225795,3.0949764003642555,0.6666666666666666
cuda,highdim_poly2,Quadratic,200,0.05,3,1875,10000,7500,2500,"128,64,32",tanh,1000,2,True,20700,20701,375,500,0.11269029578325103,0.006752232835823378,6,0.06029029641961947,0.007884048119365425,6,0.000445449781795071,0.00014581820994702857,6,0.07186126731848774,0.006075694734294383,6,0.07247635333234453,0.0058752407582627255,6,0.8713328992334884,0.7317230270050739,6,0.003887437040249407,0.0004434549379905348,6,0.003886985163898113,0.0003096605588236706,6,0.13659746034711873,6.071949610962331,6,0.002756587512038856,0.0054029115235961584,0.0032186491666657694,0.006308552366664908,5.953003492937509e-05,0.00011667886846157517,0.0024803919886559763,0.004861568297765713,0.002398556995624368,0.0047011717114237616,0.2987246748678645,0.5855003627410145,0.00018103972033239424,0.0003548378518514927,0.00012641839376384805,0.00024778005177714216,2.47886304845809,4.858571574977856,1.0
cuda,highdim_poly2,Quadratic,200,0.05,4,2375,10000,7500,2500,"128,64,32",tanh,1000,2,True,20700,20701,375,500,0.11269029578325103,0.006752232835823378,6,0.06029029641961947,0.007884048119365425,6,0.000445449781795071,0.00014581820994702857,6,0.07182370604864877,0.00604274410134938,6,0.07244514544313267,0.005725114821597758,6,0.8882439665517885,0.8819394578994137,6,0.004052687002847765,0.0005498967260842461,6,0.003927846404247297,0.000392738323640123,6,-2.965212424130175,6.581352406102701,6,0.002756587512038856,0.0054029115235961584,0.0032186491666657694,0.006308552366664908,5.953003492937509e-05,0.00011667886846157517,0.002466939949086477,0.004835202300209495,0.002337268338626609,0.004581045943708153,0.3600502759800618,0.7056985409209211,0.00022449439835556866,0.0004400090207769146,0.0001603347492257236,0.00031425610848241826,2.6868258687316593,5.266178702714052,0.6666666666666666
cuda,highdim_poly2,Quadratic,200,0.05,5,2875,10000,7500,2500,"128,64,32",tanh,1000,2,True,20700,20701,375,500,0.11269029578325103,0.006752232835823378,6,0.06029029641961947,0.007884048119365425,6,0.000445449781795071,0.00014581820994702857,6,0.07189131856476676,0.005751665180102174,6,0.07273356707591176,0.005647945181047763,6,1.1701291214619907,0.9911531079633581,6,0.003989713870094455,0.0002832302848484909,6,0.003974749506712783,0.000337028078866961,6,-0.4874981341464739,2.3712826238303553,6,0.002756587512038856,0.0054029115235961584,0.0032186491666657694,0.006308552366664908,5.953003492937509e-05,0.00011667886846157517,0.0023481074770972396,0.004602290655110589,0.0023057639647963628,0.004519297371000871,0.4046365619139856,0.7930876613514118,0.00011562827959698939,0.00022663142801009918,0.00013759113703575682,0.0002696786285900834,0.9680720773854062,1.8974212716753962,1.0
cuda,highdim_poly2,Quadratic,200,0.1,0,750,10000,7500,2500,"128,64,32",tanh,1000,2,True,20700,20701,750,500,0.11269029578325103,0.006752232835823378,6,0.06311313522371804,0.0038643397107351583,6,0.0010294362011955811,0.00015081413810412924,6,0.07397974880237919,0.006630512550854803,6,0.0738425027504584,0.006386421642351417,6,-0.16576127505528718,0.7154040968985464,6,0.00374849969624994,0.0004320453900774393,6,0.003794675365349904,0.0003561810565467068,6,1.3369015480408732,3.0537579862083537,6,0.002756587512038856,0.0054029115235961584,0.0015776100806792475,0.003092115758131325,6.156961405879171e-05,0.00012067644355523175,0.002706895413785661,0.005305515011019895,0.0026072457176713826,0.00511020160663591,0.2920624995496754,0.5724424991173638,0.00017638179190190747,0.00034570831212773866,0.0001454103074308056,0.00028500420256437895,1.2466914773599296,2.443515295625462,0.5
cuda,highdim_poly2,Quadratic,200,0.1,1,1250,10000,7500,2500,"128,64,32",tanh,1000,2,True,20700,20701,750,500,0.11269029578325103,0.006752232835823378,6,0.06311313522371804,0.0038643397107351583,6,0.0010294362011955811,0.00015081413810412924,6,0.07233339681948595,0.00628124549823484,6,0.07296165972797762,0.006421892682718956,6,0.8487317725886357,1.1117157251948668,6,0.003760077096118927,0.00032170975938158403,6,0.0038323827482190033,0.00040731808675761985,6,1.6924873800718627,3.078633011340378,6,0.002756587512038856,0.0054029115235961584,0.0015776100806792475,0.003092115758131325,6.156961405879171e-05,0.00012067644355523175,0.0025643077366382092,0.00502604316381089,0.0026217267092624053,0.005138584350154314,0.4538560442925981,0.8895578468134923,0.0001313374592930724,0.00025742142021442193,0.00016628691259380977,0.0003259223486838671,1.256846663845324,2.463419461136835,0.8333333333333334
cuda,highdim_poly2,Quadratic,200,0.1,2,1750,10000,7500,2500,"128,64,32",tanh,1000,2,True,20700,20701,750,500,0.11269029578325103,0.006752232835823378,6,0.06311313522371804,0.0038643397107351583,6,0.0010294362011955811,0.00015081413810412924,6,0.07191219192916808,0.006173977053867778,6,0.072465586192571,0.00604195216724037,6,0.7793670331366415,0.6772353229335183,6,0.003972423572216153,0.0003176101048243565,6,0.0038660897105541486,0.0003386665222769263,6,-2.813143561696329,1.4115929198562607,6,0.002756587512038856,0.0054029115235961584,0.0015776100806792475,0.003092115758131325,6.156961405879171e-05,0.00012067644355523175,0.0025205155776046382,0.0049402105321050905,0.0024666166433403133,0.004834568620947014,0.27648016282935106,0.5419011191455281,0.00012966378232859188,0.00025414101336404006,0.00013826002875689695,0.000270989656363518,0.5762803963622113,1.1295095768699341,0.8333333333333334
cuda,highdim_poly2,Quadratic,200,0.1,3,2250,10000,7500,2500,"128,64,32",tanh,1000,2,True,20700,20701,750,500,0.11269029578325103,0.006752232835823378,6,0.06311313522371804,0.0038643397107351583,6,0.0010294362011955811,0.00015081413810412924,6,0.07159138078514497,0.00592061184260035,6,0.07198513944476341,0.005769916022943548,6,0.562328219830693,0.6447899122263256,6,0.003777029452325499,0.00035508023063523576,6,0.0039175674277794,0.00032838410925719333,6,3.643008772616911,1.5440281003983733,6,0.002756587512038856,0.0054029115235961584,0.0015776100806792475,0.003092115758131325,6.156961405879171e-05,0.00012067644355523175,0.002417079663241695,0.004737476139953722,0.0023555583524867553,0.0046168943708740405,0.26323437937474176,0.5159393835744939,0.0001449608971343492,0.00028412335838332443,0.0001340622512197476,0.00026276201239070526,0.6303468324158018,1.2354797915349716,0.6666666666666666
cuda,highdim_poly2,Quadratic,200,0.1,4,2750,10000,7500,2500,"128,64,32",tanh,1000,2,True,20700,20701,750,500,0.11269029578325103,0.006752232835823378,6,0.06311313522371804,0.0038643397107351583,6,0.0010294362011955811,0.00015081413810412924,6,0.07136693140666543,0.00611224937571828,6,0.07243656083969456,0.005763851945671165,6,1.5090223745135607,1.1614163398976538,6,0.0039059818902548137,0.00037627238654394825,6,0.0039627536431121905,0.00037379094180053766,6,1.423645519790865,2.430920835026073,6,0.002756587512038856,0.0054029115235961584,0.0015776100806792475,0.003092115758131325,6.156961405879171e-05,0.00012067644355523175,0.002495315358525802,0.004890818102710572,0.002353082703307064,0.004612042098481845,0.4741462352800141,0.9293266211488276,0.00015361255855532473,0.00030108061476843647,0.00015259951298094682,0.00029909504544265575,0.9924192751523808,1.9451417792986663,0.8333333333333334
cuda,highdim_poly2,Quadratic,200,0.1,5,3250,10000,7500,2500,"128,64,32",tanh,1000,2,True,20700,20701,750,500,0.11269029578325103,0.006752232835823378,6,0.06311313522371804,0.0038643397107351583,6,0.0010294362011955811,0.00015081413810412924,6,0.07187005867745218,0.00593204927919277,6,0.07281459490911292,0.006070620804409054,6,1.2892991943698844,1.0266277660119467,6,0.004008256178463752,0.0002797072313452127,6,0.004025451708073613,0.00042750590453430646,6,0.10323485215355961,3.9411547933055227,6,0.002756587512038856,0.0054029115235961584,0.0015776100806792475,0.003092115758131325,6.156961405879171e-05,0.00012067644355523175,0.002421748977177839,0.004746627995268564,0.0024783205654543574,0.004857508308290541,0.41911903041711207,0.8214732996175397,0.00011418999902706333,0.00022381239809304412,0.00017452855468933805,0.00034207596719110255,1.6089697068204392,3.1535806253680607,0.8333333333333334
cuda,highdim_smooth,Smooth,10,0.05,0,375,10000,7500,2500,"128,64,32",tanh,1000,2,True,85,86,375,500,0.0014235515704103228,0.00015879415253208028,6,0.00042871895394600755,0.00016002120434562155,6,0.0004931576109035979,0.00016870140104861944,6,0.0005137623022650824,7.363475532384842e-05,6,0.0004898833340408456,7.452787698298501e-05,6,-6.062420648037836,17.34764403142714,6,0.0006625748409233332,0.0001228576795715977,6,0.0006132469701399722,9.315393457469768e-05,6,-8.498476812299668,16.34653022017219,6,6.482744130687968e-05,0.00012706178496148417,6.532838311206849e-05,0.00012804363089965424,6.887205857695744e-05,0.0001349892348108366,3.0061262979685956e-05,5.892007544018447e-05,3.0425878370204717e-05,5.9634721605601246e-05,7.0821460194057675,13.881006198035305,5.015643765546183e-05,9.830661780470518e-05,3.8029934540102874e-05,7.453867169860163e-05,6.673443017401172,13.079948314106296,0.5
cuda,highdim_smooth,Smooth,10,0.05,1,875,10000,7500,2500,"128,64,32",tanh,1000,2,True,85,86,375,500,0.0014235515704103228,0.00015879415253208028,6,0.00042871895394600755,0.00016002120434562155,6,0.0004931576109035979,0.00016870140104861944,6,0.0003846674479548114,5.8938780989120404e-05,6,0.00040317168099798843,5.962654647478972e-05,6,4.630268509406204,3.221673069247351,6,0.0004869454604493018,7.713385930812139e-05,6,0.0005135348813255265,6.793602415633762e-05,6,5.422234021607843,3.650262963451437,6,6.482744130687968e-05,0.00012706178496148417,6.532838311206849e-05,0.00012804363089965424,6.887205857695744e-05,0.0001349892348108366,2.4061656580832437e-05,4.7160846898431574e-05,2.4342435664596984e-05,4.771117390261009e-05,1.3152425229536977,2.5778753449892475,3.1489766199420685e-05,6.171994175086454e-05,2.773476572273654e-05,5.436014081656362e-05,1.4902136145726037,2.9208186845623034,1.0
cuda,highdim_smooth,Smooth,10,0.05,2,1375,10000,7500,2500,"128,64,32",tanh,1000,2,True,85,86,375,500,0.0014235515704103228,0.00015879415253208028,6,0.00042871895394600755,0.00016002120434562155,6,0.0004931576109035979,0.00016870140104861944,6,0.00037098256658374727,5.929671583107607e-05,6,0.0003806280152741912,6.128609141070708e-05,6,2.5073383860279748,1.7841251412870816,6,0.0004672280235415364,0.00010953322339390968,6,0.0004838932979959005,7.660010939697036e-05,6,4.187942576555257,9.722961268522146,6,6.482744130687968e-05,0.00012706178496148417,6.532838311206849e-05,0.00012804363089965424,6.887205857695744e-05,0.0001349892348108366,2.420778286815829e-05,4.744725442159025e-05,2.501994204763321e-05,4.903908641336109e-05,0.7283660389040492,1.4275974362519364,4.471675119956004e-05,8.764483235113767e-05,3.127186371065804e-05,6.129285287288975e-05,3.9693823161205195,7.779989339596218,1.0
cuda,highdim_smooth,Smooth,10,0.05,3,1875,10000,7500,2500,"128,64,32",tanh,1000,2,True,85,86,375,500,0.0014235515704103228,0.00015879415253208028,6,0.00042871895394600755,0.00016002120434562155,6,0.0004931576109035979,0.00016870140104861944,6,0.000364500846215312,5.991363940100094e-05,6,0.0003725299832618653,6.212572556944223e-05,6,2.122484406115824,1.146091778948352,6,0.00046503405747096513,8.151527677434691e-05,6,0.0004966926086958425,9.124630818250073e-05,6,6.1761080052485156,4.728463885182092,6,6.482744130687968e-05,0.00012706178496148417,6.532838311206849e-05,0.00012804363089965424,6.887205857695744e-05,0.0001349892348108366,2.445964086092698e-05,4.794089608741688e-05,2.53627212575519e-05,4.971093366480172e-05,0.46789000947035236,0.9170644185618906,3.327847238981577e-05,6.52258058840389e-05,3.7251149326644724e-05,7.301225268022365e-05,1.930387297645705,3.7835591033855818,0.8333333333333334
cuda,highdim_smooth,Smooth,10,0.05,4,2375,10000,7500,2500,"128,64,32",tanh,1000,2,True,85,86,375,500,0.0014235515704103228,0.00015879415253208028,6,0.00042871895394600755,0.00016002120434562155,6,0.0004931576109035979,0.00016870140104861944,6,0.0003603246071239967,6.043218299920898e-05,6,0.0003644107349351962,6.221609856760185e-05,6,1.074996258094624,1.576324428390767,6,0.0004789633565563565,8.423137795331772e-05,6,0.00047861222989150823,9.037109816882429e-05,6,-0.3965334049343527,4.9868759286631,6,6.482744130687968e-05,0.00012706178496148417,6.532838311206849e-05,0.00012804363089965424,6.887205857695744e-05,0.0001349892348108366,2.4671335398426393e-05,4.835581738091573e-05,2.5399615879554653e-05,4.978324712392712e-05,0.6435317531069568,1.2613222360896352,3.4387316052857484e-05,6.739913946360067e-05,3.689384633476446e-05,7.231193881613833e-05,2.0358835726321,3.990331802358916,0.6666666666666666
cuda,highdim_smooth,Smooth,10,0.05,5,2875,10000,7500,2500,"128,64,32",tanh,1000,2,True,85,86,375,500,0.0014235515704103228,0.00015879415253208028,6,0.00042871895394600755,0.00016002120434562155,6,0.0004931576109035979,0.00016870140104861944,6,0.00035832490018722373,6.0087925192378136e-05,6,0.0003616104015684896,6.080880071047621e-05,6,0.9053815318773152,0.9165457578814633,6,0.00045426777532676157,9.141246560208214e-05,6,0.0004649874553640548,7.828356977175233e-05,6,2.6471753388152877,7.430268871628589,6,6.482744130687968e-05,0.00012706178496148417,6.532838311206849e-05,0.00012804363089965424,6.887205857695744e-05,0.0001349892348108366,2.4530792737308862e-05,4.808035376512537e-05,2.4825088935209654e-05,4.8657174313010923e-05,0.3741782387870131,0.7333893480225457,3.731898280913672e-05,7.314520630590796e-05,3.195913353072644e-05,6.263990172022382e-05,3.033394564529228,5.945453346477287,0.8333333333333334
cuda,highdim_smooth,Smooth,10,0.1,0,750,10000,7500,2500,"128,64,32",tanh,1000,2,True,85,86,750,500,0.0014235515704103228,0.00015879415253208028,6,0.00035192395375665007,9.162315324701538e-05,6,0.0004231713069415147,9.531126994954369e-05,6,0.00040969584850990916,5.7145223655850434e-05,6,0.0004082814126097588,6.700746179120226e-05,6,-0.7022286694132526,3.063351475197351,6,0.000493617746433488,6.89286620544525e-05,6,0.0005201156812534325,8.942539985998473e-05,6,4.599621996194004,4.854940776171464,6,6.482744130687968e-05,0.00012706178496148417,3.7404995680002575e-05,7.331379153280505e-05,3.891066301884097e-05,7.626489951692831e-05,2.3329439865676045e-05,4.572570213672505e-05,2.7355681724580946e-05,5.361713618017865e-05,1.2506080028392716,2.4511916855649725,2.8140008447691577e-05,5.515441655747549e-05,3.6507766616886144e-05,7.155522256909684e-05,1.9820212721753006,3.884761693463589,0.3333333333333333
cuda,highdim_smooth,Smooth,10,0.1,1,1250,10000,7500,2500,"128,64,32",tanh,1000,2,True,85,86,750,500,0.0014235515704103228,0.00015879415253208028,6,0.00035192395375665007,9.162315324701538e-05,6,0.0004231713069415147,9.531126994954369e-05,6,0.00037402629383095584,5.7288341178769004e-05,6,0.0003809977674525897,6.084461997280074e-05,6,1.723137011152896,2.132033671698126,6,0.0004825212633420524,8.969052508618675e-05,6,0.0004809551168041796,7.581312707884377e-05,6,-0.10999964660262385,5.622438248869005,6,6.482744130687968e-05,0.00012706178496148417,3.7404995680002575e-05,7.331379153280505e-05,3.891066301884097e-05,7.626489951692831e-05,2.3387867349742977e-05,4.584022000549623e-05,2.483971208781932e-05,4.8685835692125864e-05,0.870399101682153,1.7059822392970199,3.661600353724196e-05,7.176736693299425e-05,3.095057952465757e-05,6.066313586832884e-05,2.295350803339407,4.498887574545238,0.8333333333333334
cuda,highdim_smooth,Smooth,10,0.1,2,1750,10000,7500,2500,"128,64,32",tanh,1000,2,True,85,86,750,500,0.0014235515704103228,0.00015879415253208028,6,0.00035192395375665007,9.162315324701538e-05,6,0.0004231713069415147,9.531126994954369e-05,6,0.000366796244847779,5.774313924891243e-05,6,0.00037040308578252133,6.048090656435051e-05,6,0.8886142209008788,1.97215705059868,6,0.00047834254852283916,9.61497527942935e-05,6,0.0004756193514604771,9.512837811192008e-05,6,-0.9976156282852333,12.917544423537644,6,6.482744130687968e-05,0.00012706178496148417,3.7404995680002575e-05,7.331379153280505e-05,3.891066301884097e-05,7.626489951692831e-05,2.3573537884385293e-05,4.620413425339517e-05,2.469122671060073e-05,4.839480435277743e-05,0.8051297444331654,1.5780542990890043,3.925297220679336e-05,7.693582552531498e-05,3.883599773879134e-05,7.611855556803102e-05,5.27356542790025,10.336188238684489,0.6666666666666666
cuda,highdim_smooth,Smooth,10,0.1,3,2250,10000,7500,2500,"128,64,32",tanh,1000,2,True,85,86,750,500,0.0014235515704103228,0.00015879415253208028,6,0.00035192395375665007,9.162315324701538e-05,6,0.0004231713069415147,9.531126994954369e-05,6,0.00036156240426993253,5.9769570250575076e-05,6,0.0003663623293744151,5.9198564216510547e-05,6,1.3577079568141308,1.4292272353995261,6,0.0004720514370207698,9.782037815934826e-05,6,0.00047052724661384235,7.23340494309725e-05,6,0.38447921853962647,6.313934498403384,6,6.482744130687968e-05,0.00012706178496148417,3.7404995680002575e-05,7.331379153280505e-05,3.891066301884097e-05,7.626489951692831e-05,2.440082487655704e-05,4.78256167580518e-05,2.4167712639305647e-05,4.7368716773039066e-05,0.5834795755362497,1.1436199680510495,3.993500215608253e-05,7.827260422592176e-05,2.953025202252309e-05,5.7879293964145255e-05,2.57765296507399,5.05219981154502,0.6666666666666666
cuda,highdim_smooth,Smooth,10,0.1,4,2750,10000,7500,2500,"128,64,32",tanh,1000,2,True,85,86,750,500,0.0014235515704103228,0.00015879415253208028,6,0.00035192395375665007,9.162315324701538e-05,6,0.0004231713069415147,9.531126994954369e-05,6,0.0003583239195781144,5.994144116737455e-05,6,0.00036157279564905885,6.0433959307807937e-05,6,0.9028179261954573,1.026572074740058,6,0.00047466187484244586,9.231369722849404e-05,6,0.0004564247451311449,7.970608718701042e-05,6,-3.693108240082862,3.7313175370891,6,6.482744130687968e-05,0.00012706178496148417,3.7404995680002575e-05,7.331379153280505e-05,3.891066301884097e-05,7.626489951692831e-05,2.4470990884520883e-05,4.796314213366093e-05,2.4672060573375255e-05,4.83572387238155e-05,0.41909629455056974,0.8214287373191167,3.7686909079931346e-05,7.386634179666543e-05,3.2539873833660624e-05,6.377815271397482e-05,1.5233040056944571,2.985675851161136,0.8333333333333334
cuda,highdim_smooth,Smooth,10,0.1,5,3250,10000,7500,2500,"128,64,32",tanh,1000,2,True,85,86,750,500,0.0014235515704103228,0.00015879415253208028,6,0.00035192395375665007,9.162315324701538e-05,6,0.0004231713069415147,9.531126994954369e-05,6,0.00035725823158079653,5.9885917638112124e-05,6,0.00035958545274571824,6.156576674845172e-05,6,0.5954497936100053,1.1715315340037324,6,0.0004527673620006773,6.4796591032927e-05,6,0.00045797899537456424,7.466120182587274e-05,6,0.8331438150363044,3.912114399916581,6,6.482744130687968e-05,0.00012706178496148417,3.7404995680002575e-05,7.331379153280505e-05,3.891066301884097e-05,7.626489951692831e-05,2.444832349861898e-05,4.79187140572932e-05,2.5134119026152358e-05,4.926287329125862e-05,0.47827574598153083,0.9374204621238004,2.6453097517078524e-05,5.184807113347391e-05,3.0480308009389996e-05,5.974140369840439e-05,1.5971140158650057,3.130343471095411,0.6666666666666666
cuda,highdim_smooth,Smooth,20,0.05,0,375,10000,7500,2500,"128,64,32",tanh,1000,2,True,270,271,375,500,0.002028275282851153,0.0003035395828656899,6,0.0077291364688654935,0.003590072077705301,6,0.004417135373920894,0.002098956312451929,6,0.002526704424369396,0.0008340396372331188,6,0.002451555443412463,0.0004184761997721454,6,-1.1426243894795334,15.400057441971397,6,0.0016232017480201748,0.0005500150604108854,6,0.0015711998398540436,0.00032042963054020285,6,-1.4807106614768557,12.9606316806113,6,0.00012391951579303201,0.00024288225095434274,0.0014656407883652382,0.002872655945195867,0.0008568953263168339,0.0016795148395809944,0.00034049525607952126,0.0006673707019158616,0.00017084219315679242,0.00033485069858731314,6.287047123730114,12.322612362511023,0.00022454270814212235,0.0004401037079585598,0.00013081484888200507,0.0002563971038087299,5.291155726941348,10.370665224805041,0.5
cuda,highdim_smooth,Smooth,20,0.05,1,875,10000,7500,2500,"128,64,32",tanh,1000,2,True,270,271,375,500,0.002028275282851153,0.0003035395828656899,6,0.0077291364688654935,0.003590072077705301,6,0.004417135373920894,0.002098956312451929,6,0.0010184237143001653,0.00019359324588605743,6,0.0011073296090778064,0.0002441878186737186,6,7.56950922151134,3.0539870378912792,6,0.0006606155657362185,0.00012157063438588401,6,0.0007385646401895479,0.00015894058233219895,6,9.870458928783698,7.2101640945680145,6,0.00012391951579303201,0.00024288225095434274,0.0014656407883652382,0.002872655945195867,0.0008568953263168339,0.0016795148395809944,7.903411167833324e-05,0.00015490685888953313,9.968925952564539e-05,0.00019539094867026494,1.2467849873179118,2.443698575143107,4.963100365864447e-05,9.727676717094317e-05,6.488722102245109e-05,0.00012717895320400413,2.943537165571319,5.769332844519785,1.0
cuda,highdim_smooth,Smooth,20,0.05,2,1375,10000,7500,2500,"128,64,32",tanh,1000,2,True,270,271,375,500,0.002028275282851153,0.0003035395828656899,6,0.0077291364688654935,0.003590072077705301,6,0.004417135373920894,0.002098956312451929,6,0.0009285543444096726,0.00018236909781702934,6,0.0009869518753038095,0.00021431664544324612,6,5.625762475076146,2.6395749294697355,6,0.0006079154727776041,0.000142005400253222,6,0.0006486128421239628,0.00013531441375693387,6,6.369464236663476,7.562506599453805,6,0.00012391951579303201,0.00024288225095434274,0.0014656407883652382,0.002872655945195867,0.0008568953263168339,0.0016795148395809944,7.445187241723925e-05,0.00014592566993778893,8.749440412015509e-05,0.00017148903207550397,1.0776019525072913,2.112099826914291,5.797346189001451e-05,0.00011362798530442845,5.524187809138808e-05,0.00010827408105912064,3.0873803908486983,6.0512655660634485,1.0
cuda,highdim_smooth,Smooth,20,0.05,3,1875,10000,7500,2500,"128,64,32",tanh,1000,2,True,270,271,375,500,0.002028275282851153,0.0003035395828656899,6,0.0077291364688654935,0.003590072077705301,6,0.004417135373920894,0.002098956312451929,6,0.0008973890785216082,0.00017985388804940878,6,0.0009308468536447905,0.00018696652777558034,6,3.574512536747246,1.8235138596199623,6,0.0005938338546868571,0.00010976191200266018,6,0.0006232924356321693,0.00012658469899118867,6,4.451955753109213,2.5121458617162693,6,0.00012391951579303201,0.00024288225095434274,0.0014656407883652382,0.002872655945195867,0.0008568953263168339,0.0016795148395809944,7.342504232945015e-05,0.00014391308296572228,7.632876533834505e-05,0.00014960438006315628,0.7444464158270103,1.4591149750209402,4.481011293313099e-05,8.782782134893675e-05,5.167798696203546e-05,0.0001012888544455895,1.025579253441535,2.010135336745409,1.0
cuda,highdim_smooth,Smooth,20,0.05,4,2375,10000,7500,2500,"128,64,32",tanh,1000,2,True,270,271,375,500,0.002028275282851153,0.0003035395828656899,6,0.0077291364688654935,0.003590072077705301,6,0.004417135373920894,0.002098956312451929,6,0.0008828714660976521,0.00017663575161974257,6,0.0009110704186532243,0.00018946285027016222,6,2.9867300864047692,1.5258570614426712,6,0.0005873562333059621,0.00010413956559073885,6,0.0006069826908012585,0.00012803920572624088,6,2.6340573519137878,5.526069778823491,6,0.00012391951579303201,0.00024288225095434274,0.0014656407883652382,0.002872655945195867,0.0008568953263168339,0.0016795148395809944,7.211124363355943e-05,0.00014133803752177648,7.734788472920457e-05,0.00015160185406924096,0.6229285368261842,1.220939932179321,4.251479962206847e-05,8.33290072592542e-05,5.22717868500887e-05,0.00010245270222617386,2.256008540188708,4.421776738769868,1.0
cuda,highdim_smooth,Smooth,20,0.05,5,2875,10000,7500,2500,"128,64,32",tanh,1000,2,True,270,271,375,500,0.002028275282851153,0.0003035395828656899,6,0.0077291364688654935,0.003590072077705301,6,0.004417135373920894,0.002098956312451929,6,0.0008717077926120518,0.00017656838164887534,6,0.0008959555374440657,0.0001893930905076549,6,2.5810451056526014,1.3143195842090925,6,0.0005767203158754784,0.00012219933973170138,6,0.0005849730665938472,0.00010547033471514642,6,1.6486814411764756,5.853360010783692,6,0.00012391951579303201,0.00024288225095434274,0.0014656407883652382,0.002872655945195867,0.0008568953263168339,0.0016795148395809944,7.208373995812428e-05,0.0001412841303179236,7.73194054254178e-05,0.00015154603463381889,0.5365687233765373,1.051674697818013,4.9887671541279906e-05,9.777983622090861e-05,4.305808384210995e-05,8.43938443305355e-05,2.3896242178719813,4.683663467029083,1.0
cuda,highdim_smooth,Smooth,20,0.1,0,750,10000,7500,2500,"128,64,32",tanh,1000,2,True,270,271,750,500,0.002028275282851153,0.0003035395828656899,6,0.0010924821726159741,0.0002519114911057809,6,0.0006661033841087897,0.00015850642533579622,6,0.0012124570790086136,0.00024827217722833835,6,0.0012036213987988765,0.0002462201534258981,6,-0.841922809881316,8.303650623839355,6,0.0007732767536967216,0.00018614552174996634,6,0.0007835311996785819,0.00016885703563580029,6,1.4451154537962756,6.57653613529921,6,0.00012391951579303201,0.00024288225095434274,0.00010284243559213769,0.00020157117376058987,6.470997717087676e-05,0.00012683155525491845,0.00010135669192321036,0.0001986591161694923,0.00010051895671387296,0.000197017155159191,3.3899511717916067,6.644304296711549,7.59935910319276e-05,0.00014894743842257808,6.893559613111107e-05,0.0001351137684169777,2.6848596344097233,5.262324883443058,0.5
cuda,highdim_smooth,Smooth,20,0.1,1,1250,10000,7500,2500,"128,64,32",tanh,1000,2,True,270,271,750,500,0.002028275282851153,0.0003035395828656899,6,0.0010924821726159741,0.0002519114911057809,6,0.0006661033841087897,0.00015850642533579622,6,0.0009560444207266538,0.00019095329333953696,6,0.0010121990176107367,0.00020358946419958893,6,5.523372980893664,2.587829964140677,6,0.0006693682317729893,0.00016529221873638476,6,0.0006622681642050652,0.00012850447066664752,6,-0.2788906158053877,5.2007691549847594,6,0.00012391951579303201,0.00024288225095434274,0.00010284243559213769,0.00020157117376058987,6.470997717087676e-05,0.00012683155525491845,7.795635556431054e-05,0.00015279445690604866,8.311505071593603e-05,0.0001629054994032346,1.0564771588715913,2.070695231388319,6.7480265726108e-05,0.00013226132082317169,5.246173046662248e-05,0.00010282499171458006,2.123205116619718,4.161482028574647,1.0
cuda,highdim_smooth,Smooth,20,0.1,2,1750,10000,7500,2500,"128,64,32",tanh,1000,2,True,270,271,750,500,0.002028275282851153,0.0003035395828656899,6,0.0010924821726159741,0.0002519114911057809,6,0.0006661033841087897,0.00015850642533579622,6,0.000909976628554588,0.00018458974757922997,6,0.0009558192946388381,0.00019533047616013155,6,4.752582434408683,2.866735697118666,6,0.0006173858259662287,0.00013568890992093042,6,0.000635663536519236,0.00012562991750017302,6,3.052355246061832,5.882576628202414,6,0.00012391951579303201,0.00024288225095434274,0.00010284243559213769,0.00020157117376058987,6.470997717087676e-05,0.00012683155525491845,7.535844888637664e-05,0.00014770255981729822,7.974333296786606e-05,0.00015629693261701746,1.1703399475604261,2.293866297218435,5.539476551012495e-05,0.0001085737403998449,5.128819905056179e-05,0.0001005248701391011,2.4015518519863113,4.70704162989317,1.0
cuda,highdim_smooth,Smooth,20,0.1,3,2250,10000,7500,2500,"128,64,32",tanh,1000,2,True,270,271,750,500,0.002028275282851153,0.0003035395828656899,6,0.0010924821726159741,0.0002519114911057809,6,0.0006661033841087897,0.00015850642533579622,6,0.0008898393338595692,0.00017885543840286992,6,0.0009248977556918066,0.00018680355288749114,6,3.774757159161896,2.3198786987574227,6,0.0005607583042987806,0.00012304609175574726,6,0.0006161122083419378,0.00013242606475467595,6,9.04320097996623,6.1909430901010944,6,0.00012391951579303201,0.00024288225095434274,0.00010284243559213769,0.00020157117376058987,6.470997717087676e-05,0.00012683155525491845,7.30174269681364e-05,0.00014311415685754736,7.626223111889409e-05,0.00014947397299303243,0.947086512851249,1.8562895651884481,5.0233356607543454e-05,9.845737895078516e-05,5.406271454895329e-05,0.00010596292051594845,2.5274419328928377,4.953786188469961,1.0
cuda,highdim_smooth,Smooth,20,0.1,4,2750,10000,7500,2500,"128,64,32",tanh,1000,2,True,270,271,750,500,0.002028275282851153,0.0003035395828656899,6,0.0010924821726159741,0.0002519114911057809,6,0.0006661033841087897,0.00015850642533579622,6,0.0008783218233304222,0.00017533977047358987,6,0.0009043706382941322,0.00018550696391272055,6,2.79772346176885,2.020835082256199,6,0.000598556514192123,0.00013008391185673996,6,0.0005833157603242417,0.00011433005852777285,6,-2.6431089426885164,7.004065604272882,6,0.00012391951579303201,0.00024288225095434274,0.00010284243559213769,0.00020157117376058987,6.470997717087676e-05,0.00012683155525491845,7.15821615461692e-05,0.00014030103663049165,7.57329008865097e-05,0.000148436485737559,0.8250024676404933,1.6170048365753669,5.3106534632365935e-05,0.00010408880787943723,4.6675050942596674e-05,9.148309984748948e-05,2.8593978092411483,5.60441970611265,1.0
cuda,highdim_smooth,Smooth,20,0.1,5,3250,10000,7500,2500,"128,64,32",tanh,1000,2,True,270,271,750,500,0.002028275282851153,0.0003035395828656899,6,0.0010924821726159741,0.0002519114911057809,6,0.0006661033841087897,0.00015850642533579622,6,0.0008690513990781853,0.00017718093952380907,6,0.0008927659865920493,0.00018933379468484828,6,2.5426838383631507,1.3548581302059068,6,0.000604507337957765,0.00016372496707087376,6,0.0005860838528378202,0.00011518718194049505,6,-2.2628092564458133,8.052180457603317,6,0.00012391951579303201,0.00024288225095434274,0.00010284243559213769,0.00020157117376058987,6.470997717087676e-05,0.00012683155525491845,7.233381566337616e-05,0.00014177427870021726,7.729519800712536e-05,0.0001514985880939657,0.5531185154776275,1.0841122903361498,6.684043791293648e-05,0.0001310072583093555,4.702497011055707e-05,9.216894141669185e-05,3.287288906323081,6.443086256393238,1.0
cuda,highdim_smooth,Smooth,50,0.05,0,375,10000,7500,2500,"128,64,32",tanh,1000,2,True,1425,1426,375,500,0.010743376181192955,0.002258318608410163,6,0.038383782270856176,0.005794002773831197,6,0.005005491568249789,0.0003611254739768135,6,0.03159985927113629,0.0011379207462003107,6,0.032004057783232814,0.0009127625733532751,6,1.2292143526950354,3.5309281419912444,6,0.006845483350984032,0.0005399372139405441,6,0.007087572791371601,0.00041620081617773546,6,3.433563364100656,4.389499788590999,6,0.0009219547112061792,0.0018070312339641113,0.002365391727359467,0.004636167785624555,0.00014742885739398636,0.00028896056049221324,0.0004645541993196402,0.0009105262306664948,0.00037263376017087095,0.000730362169934907,1.4414953777186699,2.825330940328593,0.0002204284445490482,0.00043203975131613447,0.000169913271694225,0.000333030012520681,1.7920057846837638,3.512331337980177,0.3333333333333333
cuda,highdim_smooth,Smooth,50,0.05,1,875,10000,7500,2500,"128,64,32",tanh,1000,2,True,1425,1426,375,500,0.010743376181192955,0.002258318608410163,6,0.038383782270856176,0.005794002773831197,6,0.005005491568249789,0.0003611254739768135,6,0.025981997802778576,0.0012072248944705348,6,0.02498506493482637,0.0012464477694295814,6,-4.202672532227498,7.003422367577826,6,0.006655620786115315,0.00044474426192707975,6,0.0064808254079617884,0.00036459106168315304,6,-3.0049863670262407,9.489759558960877,6,0.0009219547112061792,0.0018070312339641113,0.002365391727359467,0.004636167785624555,0.00014742885739398636,0.00028896056049221324,0.0004928474993730132,0.000965981098771106,0.0005088601710221219,0.0009973659352033588,2.859135208960028,5.603905009561655,0.00018156608462534284,0.00035586952586567195,0.00014884367765055208,0.0002917336081950821,3.874178116858881,7.5933891090434065,0.3333333333333333
cuda,highdim_smooth,Smooth,50,0.05,2,1375,10000,7500,2500,"128,64,32",tanh,1000,2,True,1425,1426,375,500,0.010743376181192955,0.002258318608410163,6,0.038383782270856176,0.005794002773831197,6,0.005005491568249789,0.0003611254739768135,6,0.17676695033958875,0.0827689354129061,6,0.20121387335467636,0.03865213867679869,6,15.375371880004252,25.101618003685456,6,0.04426737382336013,0.02068046405577095,6,0.051018561996844326,0.010641614826664937,6,16.317622138498713,23.224188713363155,6,0.0009219547112061792,0.0018070312339641113,0.002365391727359467,0.004636167785624555,0.00014742885739398636,0.00028896056049221324,0.03379027638583281,0.06622894171623231,0.015779669537575227,0.030928152293647444,10.247692637881514,20.085477570247765,0.008442764096767858,0.016547817629665,0.004344421060760858,0.008515065279091282,9.481235339640651,18.583221265695677,0.8333333333333334
cuda,highdim_smooth,Smooth,50,0.05,3,1875,10000,7500,2500,"128,64,32",tanh,1000,2,True,1425,1426,375,500,0.010743376181192955,0.002258318608410163,6,0.038383782270856176,0.005794002773831197,6,0.005005491568249789,0.0003611254739768135,6,0.012416090393193741,0.0026695526648521117,6,0.013897452367041837,0.002938009306019686,6,10.708811110211192,1.687268256651601,6,0.0033011505292287967,0.0008556273967185158,6,0.003719322127132647,0.0008740555651581283,6,11.6114437402367,4.514815511194932,6,0.0009219547112061792,0.0018070312339641113,0.002365391727359467,0.004636167785624555,0.00014742885739398636,0.00028896056049221324,0.0010898403117291246,0.0021360870109890843,0.0011994372765494574,0.0023508970620369366,0.6888243813319587,1.350095787410639,0.0003493084219843796,0.000684644507089384,0.00035683169024623154,0.0006993901128826138,1.843165714205063,3.6126047998419235,1.0
cuda,highdim_smooth,Smooth,50,0.05,4,2375,10000,7500,2500,"128,64,32",tanh,1000,2,True,1425,1426,375,500,0.010743376181192955,0.002258318608410163,6,0.038383782270856176,0.005794002773831197,6,0.005005491568249789,0.0003611254739768135,6,0.0103298801043635,0.0021983526907106664,6,0.010954683272428508,0.0023057703843821727,6,5.7165219960219105,1.2614498655179611,6,0.002815511725470597,0.000658222801223493,6,0.002877972256952061,0.0005698964961772717,6,2.713790532633425,4.304685745987819,6,0.0009219547112061792,0.0018070312339641113,0.002365391727359467,0.004636167785624555,0.00014742885739398636,0.00028896056049221324,0.0008974737278192631,0.0017590485065257556,0.0009413268176262264,0.0018450005625474037,0.5149847511035776,1.009370112163012,0.00026871833334382616,0.0005266879333538992,0.0002326592703057166,0.00045601216979920453,1.7573805967836862,3.444465969696025,1.0
cuda,highdim_smooth,Smooth,50,0.05,5,2875,10000,7500,2500,"128,64,32",tanh,1000,2,True,1425,1426,375,500,0.010743376181192955,0.002258318608410163,6,0.038383782270856176,0.005794002773831197,6,0.005005491568249789,0.0003611254739768135,6,0.009685144140810226,0.002082591016674934,6,0.010045701555002761,0.002225239437621956,6,3.490265746902955,1.195186947982117,6,0.0026115812883763002,0.0006325273915004459,6,0.0027108182960570056,0.000609228085076421,6,3.8555863871612686,3.845490193855437,6,0.0009219547112061792,0.0018070312339641113,0.002365391727359467,0.004636167785624555,0.00014742885739398636,0.00028896056049221324,0.0008502142222929403,0.001666419875694163,0.0009084501962819316,0.0017805623847125859,0.48793302829842133,0.9563487354649058,0.00025822822625162366,0.0005061273234531824,0.0002487163242350218,0.00048748399550064273,1.5699147976370313,3.0770330033685815,1.0
cuda,highdim_smooth,Smooth,50,0.1,0,750,10000,7500,2500,"128,64,32",tanh,1000,2,True,1425,1426,750,500,0.010743376181192955,0.002258318608410163,6,0.022897593150673076,0.003720342256583204,6,0.004591192633924354,0.0004035020772028549,6,0.024162988631811332,0.0015124212918991632,6,0.024769035154262473,0.001516153042368805,6,2.4068873832510103,3.4418088229791586,6,0.006085014149392995,0.000660006551271344,6,0.006323303299417496,0.0005602139661430123,6,3.688042598507909,7.923607611410915,6,0.0009219547112061792,0.0018070312339641113,0.0015188233661905636,0.0029768937977335047,0.00016472903321668322,0.0003228689051046991,0.0006174434068789806,0.0012101890774828018,0.0006189668876286496,0.0012131750997521533,1.405112568084682,2.7540206334459767,0.00026944654625147614,0.0005281152306528932,0.00022870639397186524,0.00044826453218485584,3.2347992616649597,6.340206552863321,0.8333333333333334
cuda,highdim_smooth,Smooth,50,0.1,1,1250,10000,7500,2500,"128,64,32",tanh,1000,2,True,1425,1426,750,500,0.010743376181192955,0.002258318608410163,6,0.022897593150673076,0.003720342256583204,6,0.004591192633924354,0.0004035020772028549,6,0.06740475640514233,0.006595395708476278,6,0.06852069119032009,0.007641449480986163,6,0.9896769526595083,11.104783149277653,6,0.017545743986115234,0.0018193391652611345,6,0.01795582313237077,0.0022413307849171197,6,1.4594269466988166,12.006990411614776,6,0.0009219547112061792,0.0018070312339641113,0.0015188233661905636,0.0029768937977335047,0.00016472903321668322,0.0003228689051046991,0.0026925590229181394,0.005277415684919553,0.0031196086872785746,0.006114433027066006,4.5335087366645155,8.88567712386245,0.0007427421039918097,0.001455774523823947,0.0009150194613064425,0.0017934381441606273,4.901833309157728,9.607593285949147,0.6666666666666666
cuda,highdim_smooth,Smooth,50,0.1,2,1750,10000,7500,2500,"128,64,32",tanh,1000,2,True,1425,1426,750,500,0.010743376181192955,0.002258318608410163,6,0.022897593150673076,0.003720342256583204,6,0.004591192633924354,0.0004035020772028549,6,0.014093573643094276,0.0024274705094595255,6,0.01591227499892584,0.0031210008565925704,6,10.991446417767827,4.031419606325651,6,0.0038207755658868294,0.0006874032812933664,6,0.004228507501287045,0.0008305063766354794,6,9.346977421657975,3.1197718519041784,6,0.0009219547112061792,0.0018070312339641113,0.0015188233661905636,0.0029768937977335047,0.00016472903321668322,0.0003228689051046991,0.000991010685638294,0.0019423809438510562,0.0012741432642401692,0.0024973207979107313,1.6458201624249467,3.2258075183528954,0.0002806312144472668,0.0005500371803166429,0.00033905280848077165,0.0006645435046223124,1.273641525177161,2.4963373893472354,1.0
cuda,highdim_smooth,Smooth,50,0.1,3,2250,10000,7500,2500,"128,64,32",tanh,1000,2,True,1425,1426,750,500,0.010743376181192955,0.002258318608410163,6,0.022897593150673076,0.003720342256583204,6,0.004591192633924354,0.0004035020772028549,6,0.010481358000480384,0.0019930941603903177,6,0.011440712287168885,0.0023627975881155418,6,8.096340371531744,3.0357559130882468,6,0.0027697685537878647,0.0005559411695908183,6,0.003044557788983888,0.0006520274839077329,6,8.588382248903754,5.93582471524734,6,0.0009219547112061792,0.0018070312339641113,0.0015188233661905636,0.0029768937977335047,0.00016472903321668322,0.0003228689051046991,0.0008136772837128557,0.0015948074760771971,0.0009646080760603087,0.001890631829078205,1.2393421617838403,2.429110637096327,0.00022696203208393212,0.00044484558288450696,0.00026618910564078595,0.0005217306470559405,2.423290292492873,4.749648973286031,1.0
cuda,highdim_smooth,Smooth,50,0.1,4,2750,10000,7500,2500,"128,64,32",tanh,1000,2,True,1425,1426,750,500,0.010743376181192955,0.002258318608410163,6,0.022897593150673076,0.003720342256583204,6,0.004591192633924354,0.0004035020772028549,6,0.009824934859276,0.0019330150004608737,6,0.010215316641460316,0.002154846287408359,6,3.5753848569419144,2.424795434792743,6,0.002601052860300265,0.0004924538141091616,6,0.002758377738555945,0.0006202418936524722,6,5.090163759292703,4.240623173594526,6,0.0009219547112061792,0.0018070312339641113,0.0015188233661905636,0.0029768937977335047,0.00016472903321668322,0.0003228689051046991,0.0007891500693791552,0.0015467341359831441,0.0008797123130468646,0.0017242361335718546,0.9899185909787169,1.9402404383182852,0.00020104342774247423,0.0003940451183752495,0.00025321269275769095,0.0004962968778050742,1.7312271611214067,3.393205235797957,1.0
cuda,highdim_smooth,Smooth,50,0.1,5,3250,10000,7500,2500,"128,64,32",tanh,1000,2,True,1425,1426,750,500,0.010743376181192955,0.002258318608410163,6,0.022897593150673076,0.003720342256583204,6,0.004591192633924354,0.0004035020772028549,6,0.009473313906323064,0.001957880143573993,6,0.00976299409026052,0.0021139333767618966,6,2.800471130353062,1.8378594781584534,6,0.002597617154485156,0.0005473674213166875,6,0.002605089472648751,0.0006047660420546077,6,-0.11080703500894902,2.9187039757562188,6,0.0009219547112061792,0.0018070312339641113,0.0015188233661905636,0.0029768937977335047,0.00016472903321668322,0.0003228689051046991,0.0007993012215472253,0.0015666303942325616,0.0008630096872175455,0.0016914989869463892,0.7503029900709961,1.4705938605391524,0.00022346181400815073,0.0004379851554559754,0.0002468947027993903,0.00048391361748680495,1.1915559084725567,2.335449580606211,0.8333333333333334
cuda,highdim_smooth,Smooth,100,0.05,0,375,10000,7500,2500,"128,64,32",tanh,1000,2,True,5350,5351,375,500,0.02164205353343135,0.0012165900794010441,6,0.07424842991689118,0.010708786322143497,6,0.0025664766494529166,0.00040677102503412527,6,0.06618428562185445,0.005928850649180137,6,0.06637702160359701,0.004780450883374893,6,0.3848653054278157,2.259205553767584,6,0.004931723988546536,0.00026180833688339166,6,0.0050380155325438014,7.116748455492086e-05,6,2.1082556803296044,5.045991237864239,6,0.0004966708201107717,0.0009734748074171124,0.004371843708957882,0.00856881366955745,0.00016606357558041489,0.00032548460813761315,0.0024204431419433555,0.004744068558208977,0.001951610900784264,0.003825157365537157,0.9223168051320811,1.807740938058879,0.00010688280596183179,0.0002094902996851903,2.905400390615982e-05,5.694584765607325e-05,2.060017296553708,4.037633901245267,0.6666666666666666
cuda,highdim_smooth,Smooth,100,0.05,1,875,10000,7500,2500,"128,64,32",tanh,1000,2,True,5350,5351,375,500,0.02164205353343135,0.0012165900794010441,6,0.07424842991689118,0.010708786322143497,6,0.0025664766494529166,0.00040677102503412527,6,0.04777184551477842,0.004462411177516721,6,0.04437762839505035,0.003919110071807112,6,-7.614293210511573,1.119414187058124,6,0.004475889724098263,0.00020965448824207262,6,0.00444451527172085,0.00016524740296840695,6,-0.7679094697245645,4.770518489543147,6,0.0004966708201107717,0.0009734748074171124,0.004371843708957882,0.00856881366955745,0.00016606357558041489,0.00032548460813761315,0.0018217717345680355,0.0035706725997533494,0.0015999699869549612,0.003135941174431724,0.4569989281874741,0.8957178992474493,8.559108641290223e-05,0.00016775852936928837,6.746196976544523e-05,0.00013222546074027265,1.94755601798224,3.81720979524519,0.0
cuda,highdim_smooth,Smooth,100,0.05,2,1375,10000,7500,2500,"128,64,32",tanh,1000,2,True,5350,5351,375,500,0.02164205353343135,0.0012165900794010441,6,0.07424842991689118,0.010708786322143497,6,0.0025664766494529166,0.00040677102503412527,6,0.0404370166751215,0.003046544570332025,6,0.03732013914227467,0.0023096688017447057,6,-8.281904717167448,1.8754508076852365,6,0.004339236528652532,0.00021696810911389687,6,0.004210603774705624,0.00013138920910663062,6,-3.049184852450306,3.891731418863075,6,0.0004966708201107717,0.0009734748074171124,0.004371843708957882,0.00856881366955745,0.00016606357558041489,0.00032548460813761315,0.0012437466126600134,0.0024377433608136264,0.0009429183398499952,0.0018481199461059905,0.765649586086569,1.5006731887296751,8.857685963092531e-05,0.0001736106448766136,5.3639420003180976e-05,0.0001051332632062347,1.5887926986953544,3.114033689442895,0.0
cuda,highdim_smooth,Smooth,100,0.05,3,1875,10000,7500,2500,"128,64,32",tanh,1000,2,True,5350,5351,375,500,0.02164205353343135,0.0012165900794010441,6,0.07424842991689118,0.010708786322143497,6,0.0025664766494529166,0.00040677102503412527,6,0.03674848038718477,0.0021823937826689803,6,0.03484581000325891,0.0017530921631724015,6,-5.426025578181033,1.6128586252122503,6,0.004209103156715113,0.00021269507904918215,6,0.004248727938337298,0.00013534232105463228,6,0.955065976453695,3.0305046579782395,6,0.0004966708201107717,0.0009734748074171124,0.004371843708957882,0.00856881366955745,0.00016606357558041489,0.00032548460813761315,0.0008909585308935747,0.0017462787205514065,0.0007156968786407286,0.001402765882135828,0.6584467765027976,1.2905556819454833,8.683240241190482e-05,0.00017019150872733344,5.5253271197964924e-05,0.00010829641154801125,1.2371983458623903,2.424908757890285,0.0
cuda,highdim_smooth,Smooth,100,0.05,4,2375,10000,7500,2500,"128,64,32",tanh,1000,2,True,5350,5351,375,500,0.02164205353343135,0.0012165900794010441,6,0.07424842991689118,0.010708786322143497,6,0.0025664766494529166,0.00040677102503412527,6,0.035540943437197846,0.001932517104814334,6,0.03417144162101757,0.001233551736482425,6,-3.9679114744682438,2.809425265566904,6,0.004212229830035014,0.0001293317943775513,6,0.004238042831850111,9.868023703972578e-05,6,0.5678269244587754,3.744312233477449,6,0.0004966708201107717,0.0009734748074171124,0.004371843708957882,0.00856881366955745,0.00016606357558041489,0.00032548460813761315,0.0007889468043326259,0.0015463357364919467,0.0005035953876176797,0.0009870469597306523,1.1469430618536731,2.248008401233199,5.2799483957259176e-05,0.00010348698855622798,4.028603807403682e-05,7.896063462511218e-05,1.5286090682800972,2.9960737738289906,0.16666666666666666
cuda,highdim_smooth,Smooth,100,0.05,5,2875,10000,7500,2500,"128,64,32",tanh,1000,2,True,5350,5351,375,500,0.02164205353343135,0.0012165900794010441,6,0.07424842991689118,0.010708786322143497,6,0.0025664766494529166,0.00040677102503412527,6,0.03571368658223781,0.0020328414684396903,6,0.03500592332268214,0.0009089643515267161,6,-1.9873616452150242,4.209392346098835,6,0.004430357289754321,0.00028174741262544385,6,0.004452119025915239,9.319043712023787e-05,6,0.5244747420118862,5.247976234941254,6,0.0004966708201107717,0.0009734748074171124,0.004371843708957882,0.00856881366955745,0.00016606357558041489,0.00032548460813761315,0.0008299040542745526,0.0016266119463781232,0.0003710831426033757,0.0007273229595026163,1.7184772291865191,3.3682153692055774,0.00011502289954695408,0.00022544488311203,3.8044836641917235e-05,7.456787981815777e-05,2.1424773263097476,4.1992555595671055,0.5
cuda,highdim_smooth,Smooth,100,0.1,0,750,10000,7500,2500,"128,64,32",tanh,1000,2,True,5350,5351,750,500,0.02164205353343135,0.0012165900794010441,6,0.05081660637239902,0.0044454743417801515,6,0.003028005863847665,0.00012880991640836737,6,0.047458383722716234,0.0030786659539999307,6,0.04770675045237616,0.003985644101836511,6,0.38461569427210646,2.228183258593276,6,0.004486665726161692,0.00016666968414738782,6,0.004568774138919028,9.552171589745443e-05,6,1.7514382621475022,4.504562993848732,6,0.0004966708201107717,0.0009734748074171124,0.0018148573003327138,0.003557120308652119,5.258642816850908e-05,0.00010306939921027779,0.0012568601126297697,0.0024634458207543485,0.0016271323909721343,0.0031891794863053834,0.9096520061609047,1.7829179320753732,6.804261362532309e-05,0.00013336352270563326,3.899657721731058e-05,7.643329134592874e-05,1.8389801415255258,3.6044010773900306,0.5
cuda,highdim_smooth,Smooth,100,0.1,1,1250,10000,7500,2500,"128,64,32",tanh,1000,2,True,5350,5351,750,500,0.02164205353343135,0.0012165900794010441,6,0.05081660637239902,0.0044454743417801515,6,0.003028005863847665,0.00012880991640836737,6,0.0399441099736526,0.002464543276489781,6,0.0384306595737457,0.0023677879965846734,6,-3.9425856365538245,1.2218674900521411,6,0.004351614137484131,0.00017519378121885065,6,0.004252847591932192,0.00010119295543432302,6,-2.378498433788748,4.975344630902941,6,0.0004966708201107717,0.0009734748074171124,0.0018148573003327138,0.003557120308652119,5.258642816850908e-05,0.00010306939921027779,0.001006145579401161,0.0019720453356262754,0.0009666454017865481,0.0018946249875016342,0.4988253139871578,0.9776976154148292,7.152256168249581e-05,0.00014018422089769178,4.131185106304825e-05,8.097122808357458e-05,2.0311759400346854,3.981104842467983,0.0
cuda,highdim_smooth,Smooth,100,0.1,2,1750,10000,7500,2500,"128,64,32",tanh,1000,2,True,5350,5351,750,500,0.02164205353343135,0.0012165900794010441,6,0.05081660637239902,0.0044454743417801515,6,0.003028005863847665,0.00012880991640836737,6,0.03680804337085242,0.001807339786119829,6,0.03536129963797246,0.0018713268929539744,6,-4.117839349887993,1.5252416778573958,6,0.004281583719818934,0.0001139638227976325,6,0.004210252264075988,9.329312462932863e-05,6,-1.7589197697548287,4.268608828228471,6,0.0004966708201107717,0.0009734748074171124,0.0018148573003327138,0.003557120308652119,5.258642816850908e-05,0.00010306939921027779,0.0007378433779707441,0.0014461730208226583,0.0007639660049475125,0.0014973733696971245,0.622677307529516,1.2204475227578513,4.652553583186009e-05,9.119005023044578e-05,3.808675864195553e-05,7.465004693823284e-05,1.742652256783227,3.415598423295125,0.0
cuda,highdim_smooth,Smooth,100,0.1,3,2250,10000,7500,2500,"128,64,32",tanh,1000,2,True,5350,5351,750,500,0.02164205353343135,0.0012165900794010441,6,0.05081660637239902,0.0044454743417801515,6,0.003028005863847665,0.00012880991640836737,6,0.035115922066717764,0.0013113672021634437,6,0.034126226785389416,0.0010926647082914213,6,-2.8898176447456234,1.1698695744895693,6,0.00429393117234761,0.00011917853592933389,6,0.004223200522240547,0.00012454430059391817,6,-1.7255348451924017,3.355347125235969,6,0.0004966708201107717,0.0009734748074171124,0.0018148573003327138,0.003557120308652119,5.258642816850908e-05,0.00010306939921027779,0.000535363418453605,0.0010493123001690658,0.00044607849921016835,0.0008743138584519299,0.47759725385105356,0.936090617548065,4.865443355313664e-05,9.536268976414782e-05,5.0844997804484575e-05,9.965619569678977e-05,1.3698147277904216,2.6848368664692264,0.0
cuda,highdim_smooth,Smooth,100,0.1,4,2750,10000,7500,2500,"128,64,32",tanh,1000,2,True,5350,5351,750,500,0.02164205353343135,0.0012165900794010441,6,0.05081660637239902,0.0044454743417801515,6,0.003028005863847665,0.00012880991640836737,6,0.03512895939991211,0.0012801925438087434,6,0.03470966402349449,0.0008688288189790834,6,-1.2077198470948889,2.6628529525329383,6,0.004355964372193152,0.00028375117943309913,6,0.00438286314251968,8.581879333362381e-05,6,0.5929712704285409,6.561934049404931,6,0.0004966708201107717,0.0009734748074171124,0.0018148573003327138,0.003557120308652119,5.258642816850908e-05,0.00010306939921027779,0.0005226364174745036,0.001024367378250027,0.00035469788005394797,0.000695207844905738,1.0871051656282222,2.1307261246313156,0.00011584093392066758,0.00022704823048450844,3.503537566812349e-05,6.866933630952204e-05,2.6788983578061774,5.250640781300108,0.3333333333333333
cuda,highdim_smooth,Smooth,100,0.1,5,3250,10000,7500,2500,"128,64,32",tanh,1000,2,True,5350,5351,750,500,0.02164205353343135,0.0012165900794010441,6,0.05081660637239902,0.0044454743417801515,6,0.003028005863847665,0.00012880991640836737,6,0.036330764882582266,0.0018317142800182182,6,0.036699389935357145,0.0005566623218866285,6,1.0412288831775716,3.6931809742251844,6,0.004587759454375917,0.00036399470636834855,6,0.004664271585379382,9.505241485790657e-05,6,1.6647829657807682,7.138931944474818,6,0.0004966708201107717,0.0009734748074171124,0.0018148573003327138,0.003557120308652119,5.258642816850908e-05,0.00010306939921027779,0.0007477942234356833,0.0014656766779339394,0.00022725644127586078,0.00044542262490068714,1.5077348191010957,2.955160245438148,0.0001486002166127741,0.00029125642456103725,3.880498587020225e-05,7.605777230559641e-05,2.914456762069706,5.712335253656623,0.6666666666666666
cuda,highdim_smooth,Smooth,200,0.05,0,375,10000,7500,2500,"128,64,32",tanh,1000,2,True,20700,20701,375,500,0.0242542180172599,0.0016664097286313469,6,0.09520216431201023,0.008234354288078559,6,0.0009526684668292889,0.00015236580652059226,6,0.0943525237813781,0.003965884193274916,6,0.09402707436297507,0.003959177742574981,6,-0.35694554654973887,1.6936630357416773,6,0.002662015362016775,0.00011872362606010466,6,0.0026378385424850395,0.00012922016362185216,6,-0.9514908381765529,2.111739784681124,6,0.0006803089229260973,0.0013334054889351508,0.003361661061181852,0.00658885567991643,6.220308003717951e-05,0.00012191803687287183,0.0016190654420821411,0.0031733682664809968,0.0016163275450488124,0.003168001988295672,0.6914350389633763,1.3552126763682175,4.8468717376708666e-05,9.499868605834898e-05,5.275391089208181e-05,0.00010339766534848034,0.8621141570005951,1.6897437477211663,0.5
cuda,highdim_smooth,Smooth,200,0.05,1,875,10000,7500,2500,"128,64,32",tanh,1000,2,True,20700,20701,375,500,0.0242542180172599,0.0016664097286313469,6,0.09520216431201023,0.008234354288078559,6,0.0009526684668292889,0.00015236580652059226,6,0.07378617587055843,0.0030136381380918343,6,0.07114038273691127,0.003326589213834974,6,-3.7448012283621295,0.8471910978956884,6,0.0024803100644083037,6.408053738382798e-05,6,0.0024938041853130406,9.493620156875328e-05,6,0.47749225580724336,2.8081273610825237,6,0.0006803089229260973,0.0013334054889351508,0.003361661061181852,0.00658885567991643,6.220308003717951e-05,0.00012191803687287183,0.0012303126179526907,0.0024114127311872734,0.0013580743596236543,0.0026618257448623624,0.34586431741211804,0.6778940621277514,2.6160769838953443e-05,5.127510888434875e-05,3.875754199357624e-05,7.596478230740944e-05,1.1464131945667393,2.246969861350809,0.0
cuda,highdim_smooth,Smooth,200,0.05,2,1375,10000,7500,2500,"128,64,32",tanh,1000,2,True,20700,20701,375,500,0.0242542180172599,0.0016664097286313469,6,0.09520216431201023,0.008234354288078559,6,0.0009526684668292889,0.00015236580652059226,6,0.06086609285961708,0.002742548808914482,6,0.05781086456943226,0.002431447677974648,6,-5.280343946478064,1.3774368390637561,6,0.0023605629481445872,9.222974853489939e-05,6,0.0023137694232582104,6.658963609949944e-05,6,-2.000083567274394,1.3435761435884679,6,0.0006803089229260973,0.0013334054889351508,0.003361661061181852,0.00658885567991643,6.220308003717951e-05,0.00012191803687287183,0.001119640862753041,0.00219449609099596,0.0009926343578854795,0.0019455633414555398,0.5623362347697257,1.1021790201486623,3.765263716928465e-05,7.379916885179792e-05,2.718510510023139e-05,5.328280599645352e-05,0.5485126637280218,1.0750848209069226,0.0
cuda,highdim_smooth,Smooth,200,0.05,3,1875,10000,7500,2500,"128,64,32",tanh,1000,2,True,20700,20701,375,500,0.0242542180172599,0.0016664097286313469,6,0.09520216431201023,0.008234354288078559,6,0.0009526684668292889,0.00015236580652059226,6,0.052421635280421375,0.0018919658854640998,6,0.04946193362386534,0.0019875813640492152,6,-6.012754998347705,1.9706029085929087,6,0.0021975531144590387,0.0001322406934731198,6,0.0021772232002896705,6.624392953218567e-05,6,-0.8914700377061658,4.155027406487011,6,0.0006803089229260973,0.0013334054889351508,0.003361661061181852,0.00658885567991643,6.220308003717951e-05,0.00012191803687287183,0.0007723918383566677,0.0015138880031790687,0.0008114266940309251,0.0015903963203006133,0.8044952686161712,1.5768107264876954,5.398703704015689e-05,0.0001058145925987075,2.7043970985123413e-05,5.3006183130841885e-05,1.6962828355288206,3.3247143576364886,0.0
cuda,highdim_smooth,Smooth,200,0.05,4,2375,10000,7500,2500,"128,64,32",tanh,1000,2,True,20700,20701,375,500,0.0242542180172599,0.0016664097286313469,6,0.09520216431201023,0.008234354288078559,6,0.0009526684668292889,0.00015236580652059226,6,0.04681007745446456,0.001812110813420719,6,0.044075142453339856,0.0018233530245093277,6,-6.2268574685872204,1.7269372498860878,6,0.0021658573505629157,0.0001019636440270438,6,0.002055411876605575,8.89737170800359e-05,6,-5.4313575064075685,4.222556953917905,6,0.0006803089229260973,0.0013334054889351508,0.003361661061181852,0.00658885567991643,6.220308003717951e-05,0.00012191803687287183,0.0007397911417100888,0.001449990637751774,0.0007443807551680472,0.0014589862801293726,0.7050191800043604,1.3818375928085462,4.162648336350651e-05,8.158790739247277e-05,3.632336789414007e-05,7.119380107251454e-05,1.7238516578232814,3.3787492493336315,0.0
cuda,highdim_smooth,Smooth,200,0.05,5,2875,10000,7500,2500,"128,64,32",tanh,1000,2,True,20700,20701,375,500,0.0242542180172599,0.0016664097286313469,6,0.09520216431201023,0.008234354288078559,6,0.0009526684668292889,0.00015236580652059226,6,0.04232752139166532,0.0018198450178279913,6,0.0401382236011423,0.001576889856434296,6,-5.451457548056385,1.554777631769142,6,0.002002063159966845,0.00018241165612269925,6,0.001968070882956904,0.00010607856952996496,6,-1.571466094672245,4.331607487928561,6,0.0006803089229260973,0.0013334054889351508,0.003361661061181852,0.00658885567991643,6.220308003717951e-05,0.00012191803687287183,0.0007429486174374559,0.0014561792901774135,0.0006437625881391078,0.0012617746727526513,0.6347353102212058,1.2440812080335633,7.446924677277403e-05,0.0001459597236746371,4.3306394665460227e-05,8.488053354430204e-05,1.7683713519073032,3.466007849738314,0.0
cuda,highdim_smooth,Smooth,200,0.1,0,750,10000,7500,2500,"128,64,32",tanh,1000,2,True,20700,20701,750,500,0.0242542180172599,0.0016664097286313469,6,0.08179022708345225,0.004827659939090788,6,0.0014354350976406105,0.00010039576393459099,6,0.07571742707118995,0.004265398335477498,6,0.07611035060008416,0.0037042112050757474,6,0.5402038219367856,1.5995200154382616,6,0.0024735825925808123,0.00011473583593500606,6,0.002524965051552082,8.26027756101687e-05,6,2.0142356406950372,3.9641982562263345,6,0.0006803089229260973,0.0013334054889351508,0.0019708839170746915,0.0038629324774663953,4.098639899611033e-05,8.033334203237625e-05,0.0017413415786060957,0.0034130294940679477,0.0015122378919892598,0.002963986268298949,0.6530013118654021,1.279882571256188,4.684070887540849e-05,9.180778939580065e-05,3.372244193042145e-05,6.609598618362604e-05,1.618377161164228,3.1720192358818866,0.6666666666666666
cuda,highdim_smooth,Smooth,200,0.1,1,1250,10000,7500,2500,"128,64,32",tanh,1000,2,True,20700,20701,750,500,0.0242542180172599,0.0016664097286313469,6,0.08179022708345225,0.004827659939090788,6,0.0014354350976406105,0.00010039576393459099,6,0.06268838306880421,0.002740792486122304,6,0.06044460629899276,0.002976071288810481,6,-3.737729205704739,0.9083362353767584,6,0.0023475688319293704,9.013018548122096e-05,6,0.0023353207671080044,9.231200892589669e-05,6,-0.5625790710727565,2.9126942711205994,6,0.0006803089229260973,0.0013334054889351508,0.0019708839170746915,0.0038629324774663953,4.098639899611033e-05,8.033334203237625e-05,0.0011189238469756317,0.0021930907400722383,0.0012149760159554646,0.0023813529912727104,0.3708267152589428,0.7268203619075279,3.679549414189935e-05,7.211916851812272e-05,3.768621983328219e-05,7.38649908732331e-05,1.1891024568288724,2.33064081538459,0.0
cuda,highdim_smooth,Smooth,200,0.1,2,1750,10000,7500,2500,"128,64,32",tanh,1000,2,True,20700,20701,750,500,0.0242542180172599,0.0016664097286313469,6,0.08179022708345225,0.004827659939090788,6,0.0014354350976406105,0.00010039576393459099,6,0.05335105234676002,0.0020767150342260606,6,0.05123190070902683,0.0018803331697051216,6,-4.13324147884572,1.060382257426008,6,0.002206165215370806,0.00011109974151729963,6,0.0021880369032315377,9.489677594589703e-05,6,-0.8592500575924976,3.8839581305238418,6,0.0006803089229260973,0.0013334054889351508,0.0019708839170746915,0.0038629324774663953,4.098639899611033e-05,8.033334203237625e-05,0.0008478153625033921,0.0016617181105066485,0.0007676428020346128,0.001504579891987841,0.4328992438323797,0.8484825179114642,4.5356279545414646e-05,8.88983079090127e-05,3.874144655044471e-05,7.593323523887163e-05,1.58561926701958,3.1078137633583767,0.0
cuda,highdim_smooth,Smooth,200,0.1,3,2250,10000,7500,2500,"128,64,32",tanh,1000,2,True,20700,20701,750,500,0.0242542180172599,0.0016664097286313469,6,0.08179022708345225,0.004827659939090788,6,0.0014354350976406105,0.00010039576393459099,6,0.0471622330654097,0.00183491431028192,6,0.04498944942088289,0.0014545164844029677,6,-4.82619017116831,2.171687268500925,6,0.00209194965400775,7.467007132411295e-05,6,0.002090976560627213,6.60472388505869e-05,6,-0.04368259781736217,1.4055853814476633,6,0.0006803089229260973,0.0013334054889351508,0.0019708839170746915,0.0038629324774663953,4.098639899611033e-05,8.033334203237625e-05,0.0007491006303202722,0.0014682372354277334,0.0005938038682090197,0.0011638555816896785,0.8865876147876389,1.7377117249837724,3.048392896688383e-05,5.974850077509231e-05,2.6963672350610543e-05,5.284879780719666e-05,0.5738278290770054,1.1247025449909305,0.0
cuda,highdim_smooth,Smooth,200,0.1,4,2750,10000,7500,2500,"128,64,32",tanh,1000,2,True,20700,20701,750,500,0.0242542180172599,0.0016664097286313469,6,0.08179022708345225,0.004827659939090788,6,0.0014354350976406105,0.00010039576393459099,6,0.04317536719686758,0.0017022052409754525,6,0.04094926196705141,0.0015091660100123047,6,-5.437747162918876,1.574142138296949,6,0.002038146370106239,9.260308435808185e-05,6,0.002006156692521833,8.44537547514233e-05,6,-1.610010516674305,2.5239057087548704,6,0.0006803089229260973,0.0013334054889351508,0.0019708839170746915,0.0038629324774663953,4.098639899611033e-05,8.033334203237625e-05,0.0006949223796468565,0.0013620478641078388,0.0006161144436136926,0.0012075843094828374,0.6426408369068592,1.259576040337444,3.780505088086781e-05,7.409789972650091e-05,3.447810100052292e-05,6.757707796102492e-05,1.0303801908911605,2.0195451741466743,0.0
cuda,highdim_smooth,Smooth,200,0.1,5,3250,10000,7500,2500,"128,64,32",tanh,1000,2,True,20700,20701,750,500,0.0242542180172599,0.0016664097286313469,6,0.08179022708345225,0.004827659939090788,6,0.0014354350976406105,0.00010039576393459099,6,0.039796944859189984,0.0016558881517273263,6,0.03822869615467054,0.0016345054042681544,6,-4.109690649591859,0.7895967156868942,6,0.0019797554890791497,8.943855294603495e-05,6,0.001961774383339879,0.00010663886116207072,6,-0.9780802634430258,2.378282141674493,6,0.0006803089229260973,0.0013334054889351508,0.0019708839170746915,0.0038629324774663953,4.098639899611033e-05,8.033334203237625e-05,0.0006760135071420468,0.0013249864739984117,0.0006672840370464194,0.001307876712610982,0.32235150933505546,0.6318089582967087,3.651313634178047e-05,7.156574722988972e-05,4.353513276642861e-05,8.532886022220008e-05,0.9709296185793467,1.9030220524155195,0.0
cuda,highdim_strong,Strong nonlinear,10,0.05,0,375,10000,7500,2500,"128,64,32",tanh,1000,2,True,85,86,375,500,0.0005900201040810046,6.583686426972191e-05,6,0.0006743059191434532,0.00012506193687499679,6,0.0007781098765007889,0.00012713757958128998,6,0.0008621744771348193,0.00017937273448655533,6,0.0008584866961543275,0.0001345523286203135,6,-0.16188433091403867,11.201684156703577,6,0.0009441597230145932,0.00011841149100349051,6,0.0010329413166452913,0.00016775008202693262,6,7.891155615886674,7.805470762515869,6,2.6877787287615356e-05,5.26804630837261e-05,5.105632193131699e-05,0.0001000703909853813,5.190369951777498e-05,0.00010173125105483895,7.322861220996463e-05,0.00014352807993153069,5.4930758137174896e-05,0.00010766428594886279,4.573068407290375,8.963214078289134,4.83412887734521e-05,9.474892599596611e-05,6.848368421266804e-05,0.00013422802105682934,3.186570095062769,6.245677386323027,0.5
cuda,highdim_strong,Strong nonlinear,10,0.05,1,875,10000,7500,2500,"128,64,32",tanh,1000,2,True,85,86,375,500,0.0005900201040810046,6.583686426972191e-05,6,0.0006743059191434532,0.00012506193687499679,6,0.0007781098765007889,0.00012713757958128998,6,0.0008751730910166112,6.789015392088682e-05,6,0.0006846197631277194,0.0001092161035769117,6,-30.172221507755108,19.585432987126634,6,0.001085916603481516,9.695853210823898e-05,6,0.0008705185381522582,0.00010981371082086109,6,-26.851837576952665,22.203251488348588,6,2.6877787287615356e-05,5.26804630837261e-05,5.105632193131699e-05,0.0001000703909853813,5.190369951777498e-05,0.00010173125105483895,2.7716039277530572e-05,5.4323436983959924e-05,4.45872875763984e-05,8.739108364974087e-05,7.995719534988999,15.671610288578439,3.958315497907414e-05,7.758298375898531e-05,4.483125971210956e-05,8.786926903573473e-05,9.064439462857534,17.766301347200766,0.0
cuda,highdim_strong,Strong nonlinear,10,0.05,2,1375,10000,7500,2500,"128,64,32",tanh,1000,2,True,85,86,375,500,0.0005900201040810046,6.583686426972191e-05,6,0.0006743059191434532,0.00012506193687499679,6,0.0007781098765007889,0.00012713757958128998,6,0.0007812691422978418,5.4049467053618786e-05,6,0.0006494593379694611,9.692553310164326e-05,6,-21.895039606391293,14.241615702151698,6,0.0009519009718632334,7.036581370759972e-05,6,0.0008404070686249309,0.00012016503334589554,6,-14.716446183532588,14.220835095351823,6,2.6877787287615356e-05,5.26804630837261e-05,5.105632193131699e-05,0.0001000703909853813,5.190369951777498e-05,0.00010173125105483895,2.2065602525122758e-05,4.32485809492406e-05,3.956968319104443e-05,7.755657905444708e-05,5.814115263846739,11.395665917139608,2.8726723153226248e-05,5.6304377380323444e-05,4.9057169436994954e-05,9.615205209651011e-05,5.805631616645889,11.379037968625942,0.0
cuda,highdim_strong,Strong nonlinear,10,0.05,3,1875,10000,7500,2500,"128,64,32",tanh,1000,2,True,85,86,375,500,0.0005900201040810046,6.583686426972191e-05,6,0.0006743059191434532,0.00012506193687499679,6,0.0007781098765007889,0.00012713757958128998,6,0.0007180658632672971,4.147924969610826e-05,6,0.0006410953379723973,7.210283864234965e-05,6,-12.66019140055189,7.6461608728741615,6,0.0009470192788586523,6.544046998257696e-05,6,0.0007836007172480249,0.00010309939900472169,6,-21.821542899101434,10.447756180606014,6,2.6877787287615356e-05,5.26804630837261e-05,5.105632193131699e-05,0.0001000703909853813,5.190369951777498e-05,0.00010173125105483895,1.6933832778159907e-05,3.319031224519342e-05,2.943586061333101e-05,5.769428680212878e-05,3.1215321049625553,6.118202925726608,2.6715959997538787e-05,5.2363281595176024e-05,4.2090153391529335e-05,8.24967006473975e-05,4.265278599915664,8.359946055834701,0.0
cuda,highdim_strong,Strong nonlinear,10,0.05,4,2375,10000,7500,2500,"128,64,32",tanh,1000,2,True,85,86,375,500,0.0005900201040810046,6.583686426972191e-05,6,0.0006743059191434532,0.00012506193687499679,6,0.0007781098765007889,0.00012713757958128998,6,0.000671953910902403,4.672076945157508e-05,6,0.0006118899807934482,8.21846068645099e-05,6,-10.687523447179892,8.285874213339554,6,0.0008294324230415937,4.7889932629360053e-05,6,0.0007255291585594456,7.204909407426296e-05,6,-14.870441265412195,8.387028949297854,6,2.6877787287615356e-05,5.26804630837261e-05,5.105632193131699e-05,0.0001000703909853813,5.190369951777498e-05,0.00010173125105483895,1.9073674257761805e-05,3.7384401545213136e-05,3.355172525488083e-05,6.576138149956642e-05,3.382693982594479,6.630080205885179,1.9550983126365816e-05,3.8319926927677e-05,2.9413919485287898e-05,5.7651282191164276e-05,3.4239902306217784,6.711020852018685,0.0
cuda,highdim_strong,Strong nonlinear,10,0.05,5,2875,10000,7500,2500,"128,64,32",tanh,1000,2,True,85,86,375,500,0.0005900201040810046,6.583686426972191e-05,6,0.0006743059191434532,0.00012506193687499679,6,0.0007781098765007889,0.00012713757958128998,6,0.0006428861156943324,5.091948975244421e-05,6,0.0005953421208792333,8.150592028416242e-05,6,-8.77345096565842,7.275973465624454,6,0.0008036130918339596,8.357280416646846e-05,6,0.0007351198691753048,7.810880449307232e-05,6,-9.534885290312237,7.496327230585192,6,2.6877787287615356e-05,5.26804630837261e-05,5.105632193131699e-05,0.0001000703909853813,5.190369951777498e-05,0.00010173125105483895,2.078779464272754e-05,4.074407749974598e-05,3.3274652618693204e-05,6.521831913263868e-05,2.9704037288016125,5.82199130845116,3.4118454430231964e-05,6.687217068325465e-05,3.1887785904472876e-05,6.250006037276683e-05,3.0603627766441095,5.998311042222454,0.0
cuda,highdim_strong,Strong nonlinear,10,0.1,0,750,10000,7500,2500,"128,64,32",tanh,1000,2,True,85,86,750,500,0.0005900201040810046,6.583686426972191e-05,6,0.0006393309590782683,0.0003000901323249289,6,0.0007651287111272541,0.00035192466726735133,6,0.0007296001773438883,0.0001331032940786512,6,0.0007023641557844634,0.000126439458433251,6,-3.8335922470647863,2.9996037975409564,6,0.0009012870794081563,0.0002063260243899679,6,0.0008515285181766504,0.00013860832031309503,6,-6.538261599587897,20.300356783458238,6,2.6877787287615356e-05,5.26804630837261e-05,0.00012251128350672667,0.00024012211567318428,0.00014367264378396,0.0002815983818165616,5.433919226271817e-05,0.00010650481683492761,5.161869275255139e-05,0.00010117263779500072,1.224583122415007,2.4001829199334135,8.423224673540971e-05,0.00016509520360140302,5.658660981188859e-05,0.00011090975523130164,8.28758595265331,16.24366846720049,0.16666666666666666
cuda,highdim_strong,Strong nonlinear,10,0.1,1,1250,10000,7500,2500,"128,64,32",tanh,1000,2,True,85,86,750,500,0.0005900201040810046,6.583686426972191e-05,6,0.0006393309590782683,0.0003000901323249289,6,0.0007651287111272541,0.00035192466726735133,6,0.0007750323391887281,6.065764381380304e-05,6,0.0006649747190824997,0.0001136480771579652,6,-18.69410863220439,16.148797187217074,6,0.0010097749222663978,9.592447744089728e-05,6,0.0008039487302552623,0.0001230549752189461,6,-27.416767767091844,17.035577080635843,6,2.6877787287615356e-05,5.26804630837261e-05,0.00012251128350672667,0.00024012211567318428,0.00014367264378396,0.0002815983818165616,2.4763379390551012e-05,4.853622360547998e-05,4.63966332142445e-05,9.093740109991922e-05,6.592718844729011,12.921728935668861,3.916100392888571e-05,7.6755567700616e-05,5.023698326620777e-05,9.846448720176724e-05,6.954745220234949,13.631300631660501,0.0
cuda,highdim_strong,Strong nonlinear,10,0.1,2,1750,10000,7500,2500,"128,64,32",tanh,1000,2,True,85,86,750,500,0.0005900201040810046,6.583686426972191e-05,6,0.0006393309590782683,0.0003000901323249289,6,0.0007651287111272541,0.00035192466726735133,6,0.0007237811123972923,4.5255981529866125e-05,6,0.0006364225290026957,0.00010373340442121026,6,-15.669986660076814,14.829099779443252,6,0.0009147918551249025,8.223590380049574e-05,6,0.0007649690676990719,0.0001243622187691347,6,-21.24304525059006,14.457260149106416,6,2.6877787287615356e-05,5.26804630837261e-05,0.00012251128350672667,0.00024012211567318428,0.00014367264378396,0.0002815983818165616,1.8475677092832006e-05,3.621232710195073e-05,4.234898501895562e-05,8.3004010637153e-05,6.053954634075756,11.865751082788483,3.357266714130308e-05,6.580242759695404e-05,5.077066321079219e-05,9.951049989315268e-05,5.902151740664028,11.568217411701495,0.16666666666666666
cuda,highdim_strong,Strong nonlinear,10,0.1,3,2250,10000,7500,2500,"128,64,32",tanh,1000,2,True,85,86,750,500,0.0005900201040810046,6.583686426972191e-05,6,0.0006393309590782683,0.0003000901323249289,6,0.0007651287111272541,0.00035192466726735133,6,0.0006793778388191189,4.496975354151604e-05,6,0.0006079632450229162,7.734470928961341e-05,6,-12.712590332223028,10.281068869927008,6,0.0008511253327718686,7.453729489718316e-05,6,0.000759387513980022,7.474732031779483e-05,6,-12.61212174522062,10.218750582617076,6,2.6877787287615356e-05,5.26804630837261e-05,0.00012251128350672667,0.00024012211567318428,0.00014367264378396,0.0002815983818165616,1.8358825005905174e-05,3.598329701157414e-05,3.157584534390914e-05,6.188865687406191e-05,4.197228790288942,8.226568428966326,3.042972321757585e-05,5.964225750644866e-05,3.0515465736494514e-05,5.9810312843529245e-05,4.171787456030026,8.176703413818851,0.16666666666666666
cuda,highdim_strong,Strong nonlinear,10,0.1,4,2750,10000,7500,2500,"128,64,32",tanh,1000,2,True,85,86,750,500,0.0005900201040810046,6.583686426972191e-05,6,0.0006393309590782683,0.0003000901323249289,6,0.0007651287111272541,0.00035192466726735133,6,0.0006472853834252727,4.985092975924103e-05,6,0.0006030084163534188,7.441205900011548e-05,6,-8.004282964008773,7.397787623755596,6,0.0007897793362575049,8.661658429518476e-05,6,0.0006980025195033761,3.6582841741353604e-05,6,-13.136393648122095,10.999355254730132,6,2.6877787287615356e-05,5.26804630837261e-05,0.00012251128350672667,0.00024012211567318428,0.00014367264378396,0.0002815983818165616,2.0351556852244266e-05,3.988905143039876e-05,3.037859587669326e-05,5.954204791831879e-05,3.0201341506129458,5.9194629352013735,3.536107246432827e-05,6.93077020300834e-05,1.493488260121766e-05,2.9272369898386613e-05,4.490467978948285,8.801317238738639,0.16666666666666666
cuda,highdim_strong,Strong nonlinear,10,0.1,5,3250,10000,7500,2500,"128,64,32",tanh,1000,2,True,85,86,750,500,0.0005900201040810046,6.583686426972191e-05,6,0.0006393309590782683,0.0003000901323249289,6,0.0007651287111272541,0.00035192466726735133,6,0.0006260037345913023,5.103038065791855e-05,6,0.0005923691600671627,8.135676558238797e-05,6,-6.517373844296524,8.100426328810928,6,0.0007639329910656854,6.961395084801333e-05,6,0.0007469680660938186,6.999762067536263e-05,6,-2.338320924311145,3.063161335800746,6,2.6877787287615356e-05,5.26804630837261e-05,0.00012251128350672667,0.00024012211567318428,0.00014367264378396,0.0002815983818165616,2.083306566531543e-05,4.0832808704018246e-05,3.321376046667914e-05,6.50989705146911e-05,3.3069852007655274,6.481690993500433,2.8419776426136834e-05,5.570276179522819e-05,2.8576408977254747e-05,5.60097615954193e-05,1.2505303787556576,2.451039542361089,0.16666666666666666
cuda,highdim_strong,Strong nonlinear,20,0.05,0,375,10000,7500,2500,"128,64,32",tanh,1000,2,True,270,271,375,500,0.0010703973876747847,0.00017856175166165744,6,0.013522468690387845,0.004841192971411226,6,0.007288986216934429,0.0024902380294952943,6,0.0032832542731961747,0.0007391802661579324,6,0.003035819834767217,0.0006495229118566914,6,-8.908700791715473,17.196283964916816,6,0.002065605224462107,0.0005053931250114238,6,0.0019333104207347304,0.00047121823072379367,6,-9.275489170654502,25.63362998189926,6,7.289752985810451e-05,0.00014287915852188485,0.0019764087543843027,0.003873761158593233,0.001016635418389553,0.0019926054200435236,0.0003017690800035992,0.0005914673968070544,0.0002651666183826047,0.0005197265720299052,7.020353531008431,13.759892920776524,0.00020632587929810317,0.0004043987234242822,0.00019237403712839496,0.0003770531127716541,10.464885618493598,20.51117581224745,0.3333333333333333
cuda,highdim_strong,Strong nonlinear,20,0.05,1,875,10000,7500,2500,"128,64,32",tanh,1000,2,True,270,271,375,500,0.0010703973876747847,0.00017856175166165744,6,0.013522468690387845,0.004841192971411226,6,0.007288986216934429,0.0024902380294952943,6,0.001572938264583115,0.00024847889055768245,6,0.0016023136482866658,0.0005438835845864767,6,-3.676280383615699,20.55837404479336,6,0.0010246595561726555,0.00020114261326030118,6,0.0009064666438388058,0.0002109415481882038,6,-16.700490067772495,26.523101676951292,6,7.289752985810451e-05,0.00014287915852188485,0.0019764087543843027,0.003873761158593233,0.001016635418389553,0.0019926054200435236,0.00010144108228653118,0.00019882452128160112,0.00022203954361878694,0.0004351975054928224,8.392921058503543,16.450125274666945,8.21161280029519e-05,0.00016094761088578574,8.611652643563479e-05,0.00016878839181384418,10.828010917414584,21.222901398132585,0.3333333333333333
cuda,highdim_strong,Strong nonlinear,20,0.05,2,1375,10000,7500,2500,"128,64,32",tanh,1000,2,True,270,271,375,500,0.0010703973876747847,0.00017856175166165744,6,0.013522468690387845,0.004841192971411226,6,0.007288986216934429,0.0024902380294952943,6,0.0012852058630991444,0.0002699816254313192,6,0.0013781911872884488,0.00046949774772493647,6,3.3597263366523826,13.091973928836744,6,0.0008179248537775601,0.00019448620814489515,6,0.0010081667004954871,0.0004270552745876518,6,13.610216711647388,16.585842072806745,6,7.289752985810451e-05,0.00014287915852188485,0.0019764087543843027,0.003873761158593233,0.001016635418389553,0.0019926054200435236,0.00011021953703899107,0.0002160302925964225,0.00019167165288533935,0.00037567643965526513,5.344775975245065,10.475760911480329,7.939866199395248e-05,0.00015562137750814686,0.00017434458578398447,0.0003417153881366095,6.771141672126968,13.271437677368858,0.5
cuda,highdim_strong,Strong nonlinear,20,0.05,3,1875,10000,7500,2500,"128,64,32",tanh,1000,2,True,270,271,375,500,0.0010703973876747847,0.00017856175166165744,6,0.013522468690387845,0.004841192971411226,6,0.007288986216934429,0.0024902380294952943,6,0.001197020577523476,0.0002890261492359462,6,0.0012801136562550443,0.00044252061224742156,6,3.779068582473831,10.040757196365746,6,0.0008993456913624949,0.0003864888317593491,6,0.000777241127693853,0.00020598751326919847,6,-12.13860032337734,21.037485494738938,6,7.289752985810451e-05,0.00014287915852188485,0.0019764087543843027,0.003873761158593233,0.001016635418389553,0.0019926054200435236,0.00011799443132492839,0.00023126908539685965,0.00018065828344503187,0.0003540902355522625,4.099121960379047,8.03427904234293,0.00015778340484912985,0.0003092554735042945,8.409405014905258e-05,0.00016482433829214304,8.588517488885488,16.833494278215557,0.5
cuda,highdim_strong,Strong nonlinear,20,0.05,4,2375,10000,7500,2500,"128,64,32",tanh,1000,2,True,270,271,375,500,0.0010703973876747847,0.00017856175166165744,6,0.013522468690387845,0.004841192971411226,6,0.007288986216934429,0.0024902380294952943,6,0.0011551779698056122,0.00030965069242826096,6,0.0012480606667222823,0.00045925268647173964,6,4.78902855770914,8.992360716609667,6,0.0007677467518981818,0.00034207167012791746,6,0.000749066243599581,0.00024077949851213792,6,-0.20709959619020482,12.545495130463575,6,7.289752985810451e-05,0.00014287915852188485,0.0019764087543843027,0.003873761158593233,0.001016635418389553,0.0019926054200435236,0.000126414365824789,0.00024777215701658647,0.0001874891241430242,0.0003674786833203274,3.671115889790295,7.195387143988978,0.00013965017454584079,0.0002737143421098479,9.829781864632656e-05,0.00019266372454680006,5.121676940034473,10.038486802467567,0.5
cuda,highdim_strong,Strong nonlinear,20,0.05,5,2875,10000,7500,2500,"128,64,32",tanh,1000,2,True,270,271,375,500,0.0010703973876747847,0.00017856175166165744,6,0.013522468690387845,0.004841192971411226,6,0.007288986216934429,0.0024902380294952943,6,0.0011294843444704626,0.0003298859977451395,6,0.0012186137843763808,0.00045286504716354374,6,5.345046489948235,6.658690789429615,6,0.0007368889780911524,0.0002917175697030481,6,0.0007726829510864004,0.00034455770095981325,6,-7.6131318062953035,54.59250702984116,6,7.289752985810451e-05,0.00014287915852188485,0.0019764087543843027,0.003873761158593233,0.001016635418389553,0.0019926054200435236,0.000134675394627419,0.0002639637734697412,0.00018488138131535345,0.00036236750737809277,2.718399131512111,5.328062297763738,0.00011909319912954221,0.00023342267029390271,0.00014066509238300272,0.0002757035810706853,22.28729766706908,43.68310342745539,0.8333333333333334
cuda,highdim_strong,Strong nonlinear,20,0.1,0,750,10000,7500,2500,"128,64,32",tanh,1000,2,True,270,271,750,500,0.0010703973876747847,0.00017856175166165744,6,0.0013710241718969025,0.00028974301653904235,6,0.0008210003714036199,0.000168512399924414,6,0.0016057579194330464,0.00042521238926151143,6,0.001677077053475271,0.000553153616302433,6,2.4801540927524477,7.576486081350954,6,0.0011647776012789783,0.0006028591815900763,6,0.000948503634462348,0.00017269604225527864,6,-18.33686495231549,39.338269739966115,6,7.289752985810451e-05,0.00014287915852188485,0.00011828709117590683,0.0002318426987047774,6.879489919110483e-05,0.00013483800241456545,0.00017359223100006673,0.0003402407727601308,0.00022582401821937193,0.000442615075709969,3.0930874904347796,6.062451481252168,0.0002461162302745922,0.0004823878113382007,7.050286402059256e-05,0.00013818561348036143,16.05978137114748,31.47717148744906,0.5
cuda,highdim_strong,Strong nonlinear,20,0.1,1,1250,10000,7500,2500,"128,64,32",tanh,1000,2,True,270,271,750,500,0.0010703973876747847,0.00017856175166165744,6,0.0013710241718969025,0.00028974301653904235,6,0.0008210003714036199,0.000168512399924414,6,0.0013537788140002029,0.0002443957402787182,6,0.0013662133337951417,0.00045080212303421957,6,-2.8541837070074383,15.47964177234531,6,0.000867152396117316,0.0002518526198562564,6,0.0008813120855296827,0.0003299956902618453,6,-2.766622019925588,20.499747949320636,6,7.289752985810451e-05,0.00014287915852188485,0.00011828709117590683,0.0002318426987047774,6.879489919110483e-05,0.00013483800241456545,9.9774143165437e-05,0.0001955573206042565,0.0001840391960662002,0.0003607168242897524,6.319537290552976,12.386293089483832,0.00010281840150516184,0.0002015240669501172,0.00013472017640984082,0.000264051545763288,8.368987055250232,16.403214628290453,0.3333333333333333
cuda,highdim_strong,Strong nonlinear,20,0.1,2,1750,10000,7500,2500,"128,64,32",tanh,1000,2,True,270,271,750,500,0.0010703973876747847,0.00017856175166165744,6,0.0013710241718969025,0.00028974301653904235,6,0.0008210003714036199,0.000168512399924414,6,0.0012224088557445496,0.0002875656288435942,6,0.0012732860596478817,0.0004392851979821208,6,1.3571525635717094,10.323700379037387,6,0.000793529971498784,0.0002276205663209454,6,0.0007805867712545154,0.0002108516231948903,6,-1.9939089439186688,11.599545734123053,6,7.289752985810451e-05,0.00014287915852188485,0.00011828709117590683,0.0002318426987047774,6.879489919110483e-05,0.00013483800241456545,0.00011739817637156308,0.00023010042568826365,0.00017933743110228043,0.0003515013649604696,4.214633031003149,8.26068074076617,9.292570707494232e-05,0.00018213438586688695,8.607981471084458e-05,0.00016871643683325538,4.7354947161131316,9.281569643581738,0.5
cuda,highdim_strong,Strong nonlinear,20,0.1,3,2250,10000,7500,2500,"128,64,32",tanh,1000,2,True,270,271,750,500,0.0010703973876747847,0.00017856175166165744,6,0.0013710241718969025,0.00028974301653904235,6,0.0008210003714036199,0.000168512399924414,6,0.0011703350662529092,0.0003000231233146981,6,0.0012271817463940817,0.000425118879025604,6,2.476422316983203,7.853446491263685,6,0.0007707459255635729,0.0002752940902358807,6,0.0008157925736680774,0.00044079068505658214,6,0.07588592349839778,12.93915585945543,6,7.289752985810451e-05,0.00014287915852188485,0.00011828709117590683,0.0002318426987047774,6.879489919110483e-05,0.00013483800241456545,0.00012248392719285426,0.00024006849729799433,0.00017355405560611663,0.0003401659489879886,3.206156104307823,6.284065964443332,0.00011238834171360275,0.00022028114975866138,0.00017995204362674473,0.00035270600550841967,5.282388259668156,10.353480988949586,0.5
cuda,highdim_strong,Strong nonlinear,20,0.1,4,2750,10000,7500,2500,"128,64,32",tanh,1000,2,True,270,271,750,500,0.0010703973876747847,0.00017856175166165744,6,0.0013710241718969025,0.00028974301653904235,6,0.0008210003714036199,0.000168512399924414,6,0.001136211961443729,0.00031853855998484196,6,0.0012288398009037294,0.000438723997292446,6,5.724393076583483,6.749380222296057,6,0.0006024056812714677,0.00010436502400774555,6,0.0007152045402052677,0.00018946751550213815,6,13.085328775991306,15.317016931832955,6,7.289752985810451e-05,0.00014287915852188485,0.00011828709117590683,0.0002318426987047774,6.879489919110483e-05,0.00013483800241456545,0.00013004282256063243,0.0002548839322188396,0.00017910832188011358,0.0003510523108850226,2.7554229374429733,5.400628957388228,4.260684263538214e-05,8.3509411565349e-05,7.734978930218337e-05,0.0001516055870322794,6.253145977426849,12.256166115756624,0.8333333333333334
cuda,highdim_strong,Strong nonlinear,20,0.1,5,3250,10000,7500,2500,"128,64,32",tanh,1000,2,True,270,271,750,500,0.0010703973876747847,0.00017856175166165744,6,0.0013710241718969025,0.00028974301653904235,6,0.0008210003714036199,0.000168512399924414,6,0.0011236014656923286,0.00034250945666715576,6,0.001172764160305099,0.00042286821864889875,6,2.7276474099102628,5.212125417435781,6,0.0007542793754443848,0.0003413537809262844,6,0.0006991964658523371,0.00019428462954963646,6,-11.48060787811883,41.54066821455,6,7.289752985810451e-05,0.00014287915852188485,0.00011828709117590683,0.0002318426987047774,6.879489919110483e-05,0.00013483800241456545,0.00013982890015207293,0.00027406464429806295,0.00017263522735491197,0.00033836504561562746,2.127841291351406,4.170568931048756,0.00013935709750653163,0.000273139911112802,7.931636787704401e-05,0.00015546008103900627,16.95890678331657,33.23945729530048,0.6666666666666666
cuda,highdim_strong,Strong nonlinear,50,0.05,0,375,10000,7500,2500,"128,64,32",tanh,1000,2,True,1425,1426,375,500,0.0032647346076465113,0.0004172934060243847,6,0.06053480665177618,0.012102448972466668,6,0.009187794900491202,0.00159350059480336,6,0.05288338163109749,0.007970792250338489,6,0.051341070998809,0.008436378241550467,6,-3.322252052756088,4.827950380813403,6,0.012670367495413337,0.0019913136328227063,6,0.012208992711494997,0.0021598419034532038,6,-4.129702786641496,3.333367544211831,6,0.00017035931963129775,0.0003339042664773436,0.004940804103435653,0.009683976042733881,0.0006505438936816207,0.0012750660316159766,0.003254062309843296,0.0063779621272928595,0.0034441369948195093,0.006750508509846238,1.9710024894114286,3.8631648792464,0.0008129503863772545,0.0015933827572994189,0.0008817517647569864,0.0017282334589236933,1.3608416014122056,2.6672495387679227,0.3333333333333333
cuda,highdim_strong,Strong nonlinear,50,0.05,1,875,10000,7500,2500,"128,64,32",tanh,1000,2,True,1425,1426,375,500,0.0032647346076465113,0.0004172934060243847,6,0.06053480665177618,0.012102448972466668,6,0.009187794900491202,0.00159350059480336,6,0.061931463458043845,0.008540791156877293,6,0.05920850365027414,0.013568291024456546,6,-6.52477320555592,10.25235142428407,6,0.0157834449368664,0.0019712590873039223,6,0.015433801420958087,0.0034920960097148956,6,-4.377484048204086,12.078521111301152,6,0.00017035931963129775,0.0003339042664773436,0.004940804103435653,0.009683976042733881,0.0006505438936816207,0.0012750660316159766,0.003486763389004034,0.006834056242447907,0.005539231615250562,0.010856893965891101,4.185504942198723,8.203589686709497,0.0008047631524531813,0.0015773357788082352,0.0014256422261017837,0.002794258763159496,4.931035595020375,9.664829766239935,0.3333333333333333
cuda,highdim_strong,Strong nonlinear,50,0.05,2,1375,10000,7500,2500,"128,64,32",tanh,1000,2,True,1425,1426,375,500,0.0032647346076465113,0.0004172934060243847,6,0.06053480665177618,0.012102448972466668,6,0.009187794900491202,0.00159350059480336,6,0.39220318165907536,0.16743065034517213,6,0.4067721982748358,0.1386166773297343,6,1.7894189718644198,28.278616026558527,6,0.09336305605574265,0.03342092617602104,6,0.0947924989691606,0.030009538817760643,6,-0.1550397771522256,23.853351687509754,6,0.00017035931963129775,0.0003339042664773436,0.004940804103435653,0.009683976042733881,0.0006505438936816207,0.0012750660316159766,0.06835327677466932,0.13397242247835187,0.056590021549644945,0.11091644223730408,11.544696649526518,22.627605433071974,0.013644035977079562,0.026742310515075942,0.01225134291995972,0.02401263212312105,9.73809004825916,19.086656494587952,0.6666666666666666
cuda,highdim_strong,Strong nonlinear,50,0.05,3,1875,10000,7500,2500,"128,64,32",tanh,1000,2,True,1425,1426,375,500,0.0032647346076465113,0.0004172934060243847,6,0.06053480665177618,0.012102448972466668,6,0.009187794900491202,0.00159350059480336,6,0.006441727540385381,0.0011014648386551602,6,0.006214375084297465,0.0008426600642906729,6,-3.7655800827233197,11.009560529424062,6,0.0017195346040722352,0.0002790269188747594,6,0.0016457594045665416,0.0002425842224533393,6,-5.281893098900189,14.870554705293767,6,0.00017035931963129775,0.0003339042664773436,0.004940804103435653,0.009683976042733881,0.0006505438936816207,0.0012750660316159766,0.0004496711373870239,0.0008813554292785669,0.00034401453068883615,0.0006742684801501189,4.494634264895796,8.80948315919576,0.00011391226262401953,0.00022326803474307828,9.903459411008124e-05,0.00019410780445575923,6.070878536685536,11.898921931903649,0.5
cuda,highdim_strong,Strong nonlinear,50,0.05,4,2375,10000,7500,2500,"128,64,32",tanh,1000,2,True,1425,1426,375,500,0.0032647346076465113,0.0004172934060243847,6,0.06053480665177618,0.012102448972466668,6,0.009187794900491202,0.00159350059480336,6,0.004403009884219895,0.0006510135111424984,6,0.004432219612273927,0.0006197520938288448,6,0.7198407943053177,2.286121168117671,6,0.0011561957320724472,0.00014553855722115373,6,0.001183430305442151,0.00016523297690015286,6,1.9796215582138703,5.530593217686719,6,0.00017035931963129775,0.0003339042664773436,0.004940804103435653,0.009683976042733881,0.0006505438936816207,0.0012750660316159766,0.000265775152992802,0.000520919299865892,0.00025301273281702554,0.00049590495632137,0.9333050586772889,1.829277915007486,5.941586718211312e-05,0.0001164550996769417,6.745608034774237e-05,0.00013221391748157506,2.2578552263716385,4.425396243688412,0.5
cuda,highdim_strong,Strong nonlinear,50,0.05,5,2875,10000,7500,2500,"128,64,32",tanh,1000,2,True,1425,1426,375,500,0.0032647346076465113,0.0004172934060243847,6,0.06053480665177618,0.012102448972466668,6,0.009187794900491202,0.00159350059480336,6,0.0037685376388617935,0.0005902993107320624,6,0.0038311269585697815,0.0006038869721389866,6,1.6155162604813758,1.513302628064753,6,0.0009529156726423483,0.00015383463805346563,6,0.0010403286936913263,0.0001821362375673378,6,8.144389556965217,5.491716514050213,6,0.00017035931963129775,0.0003339042664773436,0.004940804103435653,0.009683976042733881,0.0006505438936816207,0.0012750660316159766,0.00024098868446836117,0.0004723378215579879,0.00024653582400913977,0.00048321021505791394,0.6178032108619066,1.210894293289337,6.280272799945447e-05,0.00012309334687893078,7.435680761838569e-05,0.00014573934293203597,2.241983878573165,4.394288402003403,0.8333333333333334
cuda,highdim_strong,Strong nonlinear,50,0.1,0,750,10000,7500,2500,"128,64,32",tanh,1000,2,True,1425,1426,750,500,0.0032647346076465113,0.0004172934060243847,6,0.053291043226362356,0.0097293450557171,6,0.011321061239526144,0.0021444358851534246,6,0.05123811911480363,0.010744793212145892,6,0.05079071204451597,0.01129477018770701,6,-1.2543682245318148,4.996460918571048,6,0.013005557792000055,0.002719693354389589,6,0.013266020204315538,0.003051455643759614,6,1.3522952445261571,7.585763366029602,6,0.00017035931963129775,0.0003339042664773436,0.003971988486329544,0.007785097433205907,0.0008754622841232466,0.0017159060768815633,0.00438654346024628,0.00859762518208271,0.004611070620313592,0.00903769841581464,2.039796628376133,3.9980013916172203,0.001110310162515479,0.0021762079185303385,0.0012457515499911692,0.0024416730379826913,3.0968749260449844,6.06987485504817,0.3333333333333333
cuda,highdim_strong,Strong nonlinear,50,0.1,1,1250,10000,7500,2500,"128,64,32",tanh,1000,2,True,1425,1426,750,500,0.0032647346076465113,0.0004172934060243847,6,0.053291043226362356,0.0097293450557171,6,0.011321061239526144,0.0021444358851534246,6,0.265899624723452,0.06470861217177369,6,0.25307762744232853,0.07228503120269249,6,-6.896512324928906,11.407836661431338,6,0.06567828461277855,0.01416602311823807,6,0.06304006430252744,0.017187332462577688,6,-5.937471590599924,9.687957638263956,6,0.00017035931963129775,0.0003339042664773436,0.003971988486329544,0.007785097433205907,0.0008754622841232466,0.0017159060768815633,0.02641718029741573,0.051777673382934826,0.029510240414626205,0.05784007121266736,4.657229814920327,9.12817043724384,0.005783254720692255,0.01133517925255682,0.007016699095481398,0.013752730227143541,3.955092143907584,7.751980602058865,0.3333333333333333
cuda,highdim_strong,Strong nonlinear,50,0.1,2,1750,10000,7500,2500,"128,64,32",tanh,1000,2,True,1425,1426,750,500,0.0032647346076465113,0.0004172934060243847,6,0.053291043226362356,0.0097293450557171,6,0.011321061239526144,0.0021444358851534246,6,0.00779415743831693,0.001069335329070555,6,0.0073030003110130595,0.0006576682384793719,6,-6.5844101887698345,9.27771846754812,6,0.0020181076902094125,0.00030491266250439326,6,0.0019212289576368974,0.00016614266660987985,6,-4.928675288366279,11.904251042525152,6,0.00017035931963129775,0.0003339042664773436,0.003971988486329544,0.007785097433205907,0.0008754622841232466,0.0017159060768815633,0.00043655432002566647,0.0008556464672503063,0.0002684919340515838,0.0005262441907411043,3.787612703781531,7.4237208994118005,0.0001244800732082034,0.00024398094348807863,6.782745961659099e-05,0.00013294182084851833,4.859890137363553,9.525384669232563,0.5
cuda,highdim_strong,Strong nonlinear,50,0.1,3,2250,10000,7500,2500,"128,64,32",tanh,1000,2,True,1425,1426,750,500,0.0032647346076465113,0.0004172934060243847,6,0.053291043226362356,0.0097293450557171,6,0.011321061239526144,0.0021444358851534246,6,0.004637319938238765,0.0006085759485884699,6,0.004608547147743821,0.0006904265639390478,6,-0.8594624748920969,2.6758246503983982,6,0.0012201850543750662,0.00012982318421555865,6,0.0012393181695993353,0.00021191627721238766,6,0.42891870748708083,10.113718463270047,6,0.00017035931963129775,0.0003339042664773436,0.003971988486329544,0.007785097433205907,0.0008754622841232466,0.0017159060768815633,0.0002484500906286667,0.0004869621776321867,0.0002818654644189553,0.0005524563102611524,1.09240083910621,2.1411056446481718,5.300009301857699e-05,0.0001038801823164109,8.651445789342337e-05,0.0001695683374711098,4.128908272862804,8.092660214811096,0.5
cuda,highdim_strong,Strong nonlinear,50,0.1,4,2750,10000,7500,2500,"128,64,32",tanh,1000,2,True,1425,1426,750,500,0.0032647346076465113,0.0004172934060243847,6,0.053291043226362356,0.0097293450557171,6,0.011321061239526144,0.0021444358851534246,6,0.0038485120985521522,0.0005892384742619618,6,0.003874702515565344,0.0005871328162007943,6,0.68531682839867,1.511587588484037,6,0.0009937258131611272,9.397322309423959e-05,6,0.0010041555538333922,0.0001396846009148347,6,0.4982632494933217,5.33283213954218,6,0.00017035931963129775,0.0003339042664773436,0.003971988486329544,0.007785097433205907,0.0008754622841232466,0.0017159060768815633,0.00024055559979298087,0.0004714889755942425,0.0002396959684892078,0.0004698040982388473,0.6171030488850014,1.2095219758146027,3.8364407677602526e-05,7.519423904810095e-05,5.7025999527608234e-05,0.00011177095907411214,2.17711960429884,4.267154424425726,0.6666666666666666
cuda,highdim_strong,Strong nonlinear,50,0.1,5,3250,10000,7500,2500,"128,64,32",tanh,1000,2,True,1425,1426,750,500,0.0032647346076465113,0.0004172934060243847,6,0.053291043226362356,0.0097293450557171,6,0.011321061239526144,0.0021444358851534246,6,0.0035053757257652723,0.000533093116845441,6,0.0035299730992392683,0.0005856045668783934,6,0.5043268269809892,2.250520316217949,6,0.0009023302749732267,0.00019138769150837045,6,0.0009190840657855882,0.0001248830846755712,6,2.413131425131973,8.917302730125238,6,0.00017035931963129775,0.0003339042664773436,0.003971988486329544,0.007785097433205907,0.0008754622841232466,0.0017159060768815633,0.00021763435361020367,0.0004265633330759992,0.00023907206331593507,0.0004685812440992327,0.9187710717501701,1.8007913006303335,7.813369787411744e-05,0.0001531420478332702,5.098330582665579e-05,9.992727942024534e-05,3.640473595122367,7.1353282464398395,0.6666666666666666
cuda,highdim_strong,Strong nonlinear,100,0.05,0,375,10000,7500,2500,"128,64,32",tanh,1000,2,True,5350,5351,375,500,0.00841270128768801,0.000766202315239224,6,0.09433794186840923,0.01941311945971239,6,0.004142838529014443,0.0008340073250614015,6,0.08606502389429947,0.005459308028792637,6,0.0859374684723429,0.007616018930032321,6,-0.35623388884921664,3.3123946913998297,6,0.007880422357435109,0.000770922450972909,6,0.007765427556672612,0.0004234490740846667,6,-1.4541499197760583,7.85653075681289,6,0.0003128007853458671,0.0006130895392778995,0.007925372831998335,0.015533730750716736,0.0003404820646906565,0.0006673448467936868,0.002228753169870236,0.004368356212945662,0.0031092267083261144,0.006094084348319184,1.3522794701055556,2.650467761406889,0.00031472777268990137,0.0006168664344722067,0.00017287236059357087,0.0003388298267633989,3.2074152504456226,6.28653389087342,0.5
cuda,highdim_strong,Strong nonlinear,100,0.05,1,875,10000,7500,2500,"128,64,32",tanh,1000,2,True,5350,5351,375,500,0.00841270128768801,0.000766202315239224,6,0.09433794186840923,0.01941311945971239,6,0.004142838529014443,0.0008340073250614015,6,0.06949101965521255,0.00620182433834181,6,0.06557953640638088,0.0060712206652356925,6,-5.997756592121476,1.7206980579004032,6,0.007425850286017403,0.0004961452686721948,6,0.00722007675693075,0.0005449363183829617,6,-3.1081419657682754,6.8576793749565645,6,0.0003128007853458671,0.0006130895392778995,0.007925372831998335,0.015533730750716736,0.0003404820646906565,0.0006673448467936868,0.0025318841838852225,0.004962493000415036,0.002478565457611349,0.004857988296918244,0.7024720405423288,1.3768451994629645,0.00020255045775715755,0.0003969988972040288,0.0002224693203915155,0.0004360398679673704,2.7996358813753104,5.4872863274956085,0.0
cuda,highdim_strong,Strong nonlinear,100,0.05,2,1375,10000,7500,2500,"128,64,32",tanh,1000,2,True,5350,5351,375,500,0.00841270128768801,0.000766202315239224,6,0.09433794186840923,0.01941311945971239,6,0.004142838529014443,0.0008340073250614015,6,0.0637507485010242,0.006923555868890442,6,0.05900518799794215,0.005811177702741996,6,-7.964843522382964,1.8096082052056959,6,0.007123227321173577,0.0006242057240412627,6,0.007093290636190556,0.0005395372713113511,6,-0.4711258081790815,5.56335301692908,6,0.0003128007853458671,0.0006130895392778995,0.007925372831998335,0.015533730750716736,0.0003404820646906565,0.0006673448467936868,0.002826529847405569,0.0055399985009149146,0.002372403362726139,0.004649910590943232,0.7387694561846049,1.4479881341218255,0.00025483091973760335,0.0004994686026857025,0.00022026516865439655,0.00043171973056261724,2.271229358408272,4.451609542480213,0.0
cuda,highdim_strong,Strong nonlinear,100,0.05,3,1875,10000,7500,2500,"128,64,32",tanh,1000,2,True,5350,5351,375,500,0.00841270128768801,0.000766202315239224,6,0.09433794186840923,0.01941311945971239,6,0.004142838529014443,0.0008340073250614015,6,0.0610637168527401,0.006566545954411041,6,0.058163816595718,0.0056544562087509865,6,-4.916165858324885,2.5254154777891005,6,0.007081935888225771,0.0005881264869202457,6,0.007214356049418887,0.0006369365958182528,6,1.7130421478126074,4.36844212767264,6,0.0003128007853458671,0.0006130895392778995,0.007925372831998335,0.015533730750716736,0.0003404820646906565,0.0006673448467936868,0.0026807811601407034,0.005254331073875779,0.0023084220807253666,0.004524507278221719,1.03099655151838,2.020753240976025,0.0002401016328617078,0.0004705992004089473,0.0002600282763766742,0.0005096554216982814,1.783409030612676,3.4954817000008447,0.0
cuda,highdim_strong,Strong nonlinear,100,0.05,4,2375,10000,7500,2500,"128,64,32",tanh,1000,2,True,5350,5351,375,500,0.00841270128768801,0.000766202315239224,6,0.09433794186840923,0.01941311945971239,6,0.004142838529014443,0.0008340073250614015,6,0.06107901885250963,0.006934389849955975,6,0.05999461258391089,0.0064573855938416976,6,-1.7768041646182409,2.3743150692420203,6,0.007437064816385928,0.0007769524171345319,6,0.0076247302212904995,0.0007616959824155417,6,2.4526783123542777,3.0316314349302314,6,0.0003128007853458671,0.0006130895392778995,0.007925372831998335,0.015533730750716736,0.0003404820646906565,0.0006673448467936868,0.002830952801654491,0.005548667491242802,0.00263621662955185,0.005166984593921626,0.9693100680406435,1.899847733359661,0.0003171894960669389,0.0006216914122912002,0.0003109610826743376,0.0006094837220417017,1.237658350626775,2.425810367228479,0.3333333333333333
cuda,highdim_strong,Strong nonlinear,100,0.05,5,2875,10000,7500,2500,"128,64,32",tanh,1000,2,True,5350,5351,375,500,0.00841270128768801,0.000766202315239224,6,0.09433794186840923,0.01941311945971239,6,0.004142838529014443,0.0008340073250614015,6,0.06396687181881304,0.006706308145125641,6,0.06475702654946477,0.006788004258564164,6,1.2008996407607102,2.2080045580974863,6,0.007968320227916235,0.0005917137383524406,6,0.00831972464354453,0.0007557901939840538,6,4.043075198000431,3.7382362845260997,6,0.0003128007853458671,0.0006130895392778995,0.007925372831998335,0.015533730750716736,0.0003404820646906565,0.0006673448467936868,0.0027378388355714235,0.00536616411771999,0.0027711911342202422,0.005431534623071675,0.9014140861797162,1.7667716089122436,0.00024156612212636544,0.0004734695993676763,0.0003085500546433414,0.0006047581071009491,1.5261285725077633,2.991212002115216,0.6666666666666666
cuda,highdim_strong,Strong nonlinear,100,0.1,0,750,10000,7500,2500,"128,64,32",tanh,1000,2,True,5350,5351,750,500,0.00841270128768801,0.000766202315239224,6,0.07299181878400782,0.005982587093078536,6,0.005040768633584417,0.00029559455321413654,6,0.06872488069350825,0.007305791631285138,6,0.06799354417645843,0.006781670026147505,6,-1.0954050087681932,4.330175996274096,6,0.007540467129530754,0.0006182076852759642,6,0.007247216081489874,0.000537359924396279,6,-4.178645075477424,7.087632249663945,6,0.0003128007853458671,0.0006130895392778995,0.002442380953300484,0.004787066668468949,0.00012067597102010064,0.00023652490319939725,0.002982576943957355,0.005845850810156416,0.0027686051946647404,0.005426466181542891,1.7677869478865547,3.4648624178576473,0.00025238223066553425,0.0004946691721044471,0.0002193762704985716,0.0004299774901772003,2.8935137493618495,5.671286948749225,0.5
cuda,highdim_strong,Strong nonlinear,100,0.1,1,1250,10000,7500,2500,"128,64,32",tanh,1000,2,True,5350,5351,750,500,0.00841270128768801,0.000766202315239224,6,0.07299181878400782,0.005982587093078536,6,0.005040768633584417,0.00029559455321413654,6,0.061628472726856544,0.006712696988168677,6,0.06008000131950345,0.006188967840443595,6,-2.5272667036595653,1.6553333140591124,6,0.007182068218542501,0.0005044600970093089,6,0.007123284990379143,0.0005398454206980146,6,-0.9508224078702061,4.673538027945386,6,0.0003128007853458671,0.0006130895392778995,0.002442380953300484,0.004787066668468949,0.00012067597102010064,0.00023652490319939725,0.0027404470698217847,0.005371276256850698,0.002526635540596924,0.004952205659569971,0.6757869956125135,1.3245425114005265,0.00020594497221128487,0.00040365214553411834,0.0002203909701147094,0.0004319663014248304,1.9079639103265578,3.739609264240053,0.0
cuda,highdim_strong,Strong nonlinear,100,0.1,2,1750,10000,7500,2500,"128,64,32",tanh,1000,2,True,5350,5351,750,500,0.00841270128768801,0.000766202315239224,6,0.07299181878400782,0.005982587093078536,6,0.005040768633584417,0.00029559455321413654,6,0.060706534327861446,0.005896892096747418,6,0.05793068262178927,0.005708023639348161,6,-4.829560817866731,2.162080295150134,6,0.007441952332205497,0.0006157514674130356,6,0.007202240484680073,0.000614648901120605,6,-3.379302169243745,2.677492354412021,6,0.0003128007853458671,0.0006130895392778995,0.002442380953300484,0.004787066668468949,0.00012067597102010064,0.00023652490319939725,0.002407396117546998,0.004718496390392116,0.0023302908926912044,0.004567370149674761,0.8826655843406467,1.7300245453076675,0.0002513794839219868,0.0004927037884870941,0.000250929363117979,0.0004918215517112388,1.0930816764187714,2.142440085780792,0.0
cuda,highdim_strong,Strong nonlinear,100,0.1,3,2250,10000,7500,2500,"128,64,32",tanh,1000,2,True,5350,5351,750,500,0.00841270128768801,0.000766202315239224,6,0.07299181878400782,0.005982587093078536,6,0.005040768633584417,0.00029559455321413654,6,0.06173699017743167,0.006918529223311288,6,0.05969098797960029,0.006011216275156932,6,-3.3586986748103596,2.9854930706746035,6,0.007798332354988645,0.000861798206847297,6,0.00749255414060387,0.0006282359673192047,6,-3.925257923606747,3.9470113879207793,6,0.0003128007853458671,0.0006130895392778995,0.002442380953300484,0.004787066668468949,0.00012067597102010064,0.00023652490319939725,0.0028244777279411116,0.005535976346764579,0.002454068767941368,0.004809974785165081,1.218822442294616,2.388891986897447,0.0003518276446702316,0.0006895821835536539,0.00025647625966597666,0.0005026934689453142,1.6113606515600576,3.158266877057713,0.16666666666666666
cuda,highdim_strong,Strong nonlinear,100,0.1,4,2750,10000,7500,2500,"128,64,32",tanh,1000,2,True,5350,5351,750,500,0.00841270128768801,0.000766202315239224,6,0.07299181878400782,0.005982587093078536,6,0.005040768633584417,0.00029559455321413654,6,0.0641247009291183,0.007156752347183863,6,0.06377680446482971,0.006473551242960831,6,-0.4651281337582352,1.8395798064656161,6,0.00820223650483519,0.0007160050999568882,6,0.008255845371206659,0.0008028282378487437,6,0.5653509586021784,1.1225905783502934,6,0.0003128007853458671,0.0006130895392778995,0.002442380953300484,0.004787066668468949,0.00012067597102010064,0.00023652490319939725,0.002921731911011051,0.00572659454558166,0.002642816228168975,0.005179919807211191,0.7510053111614319,1.4719704098764064,0.00029230785802080697,0.0005729234017207817,0.0003277532556378653,0.000642396381050216,0.4582956845023466,0.8982595416245993,0.6666666666666666
cuda,highdim_strong,Strong nonlinear,100,0.1,5,3250,10000,7500,2500,"128,64,32",tanh,1000,2,True,5350,5351,750,500,0.00841270128768801,0.000766202315239224,6,0.07299181878400782,0.005982587093078536,6,0.005040768633584417,0.00029559455321413654,6,0.07196499917066601,0.0071077524149020565,6,0.07232123680901478,0.009115906272396819,6,0.13960435659038836,4.404128830162805,6,0.009203146813127,0.0005619214127738636,6,0.009334295431335194,0.0010734179119775253,6,0.7816043782241676,7.052654055762443,6,0.0003128007853458671,0.0006130895392778995,0.002442380953300484,0.004787066668468949,0.00012067597102010064,0.00023652490319939725,0.0029017277724241587,0.0056873864339513506,0.0037215531517348077,0.007294244177400223,1.7979780658965783,3.5240370091572935,0.00022940345613996858,0.00044963077403433843,0.0004382210275181141,0.0008589132139355036,2.8792339614980476,5.643298564536173,0.5
cuda,highdim_strong,Strong nonlinear,200,0.05,0,375,10000,7500,2500,"128,64,32",tanh,1000,2,True,20700,20701,375,500,0.010668092546191556,0.0008518394732037132,6,0.12890370332371903,0.02500590914463739,6,0.0015588766173950837,0.00040516472115992644,6,0.11124483600602074,0.0097946390388807,6,0.1119777925797959,0.009963235784503126,6,0.6321455962582856,1.8699058281801375,6,0.003944518553339365,0.0009424433993668443,6,0.004002251944350922,0.0009741406052968728,6,1.3513449415855148,2.612346767626915,6,0.0003477620086850536,0.000681613537022705,0.010208619659792894,0.02000889453319407,0.00016540780476980772,0.00032419929734882314,0.003998644643333661,0.007837343500933975,0.004067473976511787,0.007972248993963102,0.7633858576829552,1.496236281058592,0.00038475090665046597,0.0007541117770349133,0.0003976912367838811,0.0007794748240964069,1.0664861019824865,2.0903127598856734,0.8333333333333334
cuda,highdim_strong,Strong nonlinear,200,0.05,1,875,10000,7500,2500,"128,64,32",tanh,1000,2,True,20700,20701,375,500,0.010668092546191556,0.0008518394732037132,6,0.12890370332371903,0.02500590914463739,6,0.0015588766173950837,0.00040516472115992644,6,0.09401889220485433,0.012656318882144748,6,0.09140063093051087,0.01242027591271922,6,-2.8821617972323454,0.6703897745514147,6,0.003837336174866205,0.0010631607665089826,6,0.003826530777472945,0.000992500472644518,6,-0.031091591206415397,4.111431027477648,6,0.0003477620086850536,0.000681613537022705,0.010208619659792894,0.02000889453319407,0.00016540780476980772,0.00032419929734882314,0.005166920547201103,0.010127164272514162,0.0050705564084571175,0.00993829056057595,0.2736854794050696,0.5364235396339364,0.0004340335654155424,0.0008507057882144631,0.0004051866212417006,0.0007941657776337331,1.678484688327834,3.2898299891225546,0.0
cuda,highdim_strong,Strong nonlinear,200,0.05,2,1375,10000,7500,2500,"128,64,32",tanh,1000,2,True,20700,20701,375,500,0.010668092546191556,0.0008518394732037132,6,0.12890370332371903,0.02500590914463739,6,0.0015588766173950837,0.00040516472115992644,6,0.08234211245920632,0.01463886636136219,6,0.07943699494720037,0.014531349267914884,6,-3.7288684459738963,1.6496799958423578,6,0.0036904072546996743,0.0010250957850128583,6,0.003703885368753737,0.0010723783823026497,6,0.05195208632265139,3.878014007826361,6,0.0003477620086850536,0.000681613537022705,0.010208619659792894,0.02000889453319407,0.00016540780476980772,0.00032419929734882314,0.005976292166355065,0.011713532646055928,0.005932398496759559,0.011627501053648735,0.6734790381150753,1.3200189147055474,0.00041849360179321105,0.0008202474595146936,0.00043779664130545975,0.0008580814169587011,1.583192589090026,3.1030574746164508,0.0
cuda,highdim_strong,Strong nonlinear,200,0.05,3,1875,10000,7500,2500,"128,64,32",tanh,1000,2,True,20700,20701,375,500,0.010668092546191556,0.0008518394732037132,6,0.12890370332371903,0.02500590914463739,6,0.0015588766173950837,0.00040516472115992644,6,0.07479395080805616,0.016967614441025628,6,0.07163285171118881,0.015952676592973596,6,-4.3364500350968305,1.7216687220248743,6,0.0036023238714429375,0.0011302670681435315,6,0.0035478618850154774,0.0011234680318123152,6,-1.6630961149548271,4.55104573791464,6,0.0003477620086850536,0.000681613537022705,0.010208619659792894,0.02000889453319407,0.00016540780476980772,0.00032419929734882314,0.006926999588798668,0.013576919194045389,0.006512652947404354,0.012764799776912533,0.7028683125117587,1.377621892523047,0.00046142959833719936,0.0009044020127409108,0.0004586539033781786,0.00089896165062123,1.857956642326502,3.6415950189599435,0.0
cuda,highdim_strong,Strong nonlinear,200,0.05,4,2375,10000,7500,2500,"128,64,32",tanh,1000,2,True,20700,20701,375,500,0.010668092546191556,0.0008518394732037132,6,0.12890370332371903,0.02500590914463739,6,0.0015588766173950837,0.00040516472115992644,6,0.06972219913429449,0.017312888745382667,6,0.06646061919819966,0.0171660830103425,6,-5.1073879852128075,2.0094595579651653,6,0.003521227252440986,0.001123074668929886,6,0.003426642777829215,0.0011276466952432345,6,-3.0578588403580915,3.763875421803644,6,0.0003477620086850536,0.000681613537022705,0.010208619659792894,0.02000889453319407,0.00016540780476980772,0.00032419929734882314,0.007067957233293528,0.013853196177255315,0.007008024042933089,0.013735727124148854,0.8203584292955487,1.6079025214192755,0.00045849331365389493,0.000898646894761634,0.00046035983558027525,0.0009023052777373395,1.536595706470289,3.0117275846817666,0.0
cuda,highdim_strong,Strong nonlinear,200,0.05,5,2875,10000,7500,2500,"128,64,32",tanh,1000,2,True,20700,20701,375,500,0.010668092546191556,0.0008518394732037132,6,0.12890370332371903,0.02500590914463739,6,0.0015588766173950837,0.00040516472115992644,6,0.0654253743383479,0.01793507029750855,6,0.06303411002034565,0.0174062615985621,6,-3.844502920350678,2.208199800787604,6,0.0034664670449680002,0.0011630006967190802,6,0.0033965752904484264,0.0011573439943933913,6,-2.3354573430601246,5.250860420865704,6,0.0003477620086850536,0.000681613537022705,0.010208619659792894,0.02000889453319407,0.00016540780476980772,0.00032419929734882314,0.007321961788307073,0.014351045105081863,0.007106076540979765,0.013927910020320339,0.9014937936741823,1.766927835601397,0.00047479304624384615,0.0009305943706379384,0.00047248370718972073,0.0009260680660918526,2.1436547902827843,4.201563388954257,0.0
cuda,highdim_strong,Strong nonlinear,200,0.1,0,750,10000,7500,2500,"128,64,32",tanh,1000,2,True,20700,20701,750,500,0.010668092546191556,0.0008518394732037132,6,0.10365326672712681,0.014552151656841952,6,0.002110751945649828,0.0004890270075833563,6,0.096360838721674,0.011971722163908478,6,0.09625439001782117,0.011741242819745007,6,-0.09750742198752382,2.4242186035797766,6,0.003921517584722104,0.0010742354899156536,6,0.0038926536891309162,0.0010044117339740486,6,-0.45391873875114813,2.6690748435604146,6,0.0003477620086850536,0.000681613537022705,0.005940891036476599,0.011644146431494133,0.0001996444398365638,0.00039130310207966505,0.004887435107323975,0.00957937281035499,0.004793342309082006,0.009394950925800732,0.9896831006221372,1.9397788772193887,0.00043855480231367596,0.0008595674125348049,0.00041004937331674975,0.0008036967717008294,1.089645242003642,2.135704674327138,0.5
cuda,highdim_strong,Strong nonlinear,200,0.1,1,1250,10000,7500,2500,"128,64,32",tanh,1000,2,True,20700,20701,750,500,0.010668092546191556,0.0008518394732037132,6,0.10365326672712681,0.014552151656841952,6,0.002110751945649828,0.0004890270075833563,6,0.08459081368965475,0.014264585416475463,6,0.08292398973255598,0.014357482923465831,6,-2.0702074767455128,1.4371853015278069,6,0.003681247319067951,0.0010410887104025822,6,0.003763496919968025,0.0010833175786466188,6,1.9987102662429959,4.045384448886444,6,0.0003477620086850536,0.000681613537022705,0.005940891036476599,0.011644146431494133,0.0001996444398365638,0.00039130310207966505,0.00582349261045186,0.011414045516485645,0.005861417858869032,0.011488379003383302,0.5867284424285187,1.1499877471598967,0.00042502268624308194,0.0008330444650364406,0.00044226254951193364,0.0008668345970433899,1.6515212855269874,3.236981719632895,0.16666666666666666
cuda,highdim_strong,Strong nonlinear,200,0.1,2,1750,10000,7500,2500,"128,64,32",tanh,1000,2,True,20700,20701,750,500,0.010668092546191556,0.0008518394732037132,6,0.10365326672712681,0.014552151656841952,6,0.002110751945649828,0.0004890270075833563,6,0.07565564081655703,0.015529697010636072,6,0.07374934869947543,0.01564017590587368,6,-2.6929218224237084,1.3202282346931131,6,0.003672372640769411,0.0010390746790793104,6,0.0035603976936382647,0.0010444450057848274,6,-3.5437340228315044,5.942204493561875,6,0.0003477620086850536,0.000681613537022705,0.005940891036476599,0.011644146431494133,0.0001996444398365638,0.00039130310207966505,0.006339972256013941,0.012426345621787325,0.0063850750761270305,0.01251474714920898,0.5389809198355872,1.056402602877751,0.00042420046139841563,0.0008314329043408946,0.00042639288809517535,0.0008357300606665436,2.425894826083321,4.7547538591233085,0.0
cuda,highdim_strong,Strong nonlinear,200,0.1,3,2250,10000,7500,2500,"128,64,32",tanh,1000,2,True,20700,20701,750,500,0.010668092546191556,0.0008518394732037132,6,0.10365326672712681,0.014552151656841952,6,0.002110751945649828,0.0004890270075833563,6,0.06994230391465826,0.016932633273698715,6,0.0677779449362139,0.016224163369504892,6,-3.1475488714885747,2.0524346674396203,6,0.0034508295019613886,0.0010311938857539035,6,0.003487713556020579,0.0011223581846498709,6,0.4498121081301962,4.609657979470256,6,0.0003477620086850536,0.000681613537022705,0.005940891036476599,0.011644146431494133,0.0001996444398365638,0.00039130310207966505,0.006912718587039026,0.01354892843059649,0.0066234869598068005,0.012982034441221329,0.8379029442709923,1.642289770771145,0.00042098314099581923,0.0008251269563518057,0.0004582008101714345,0.0008980735879360116,1.8818849897418373,3.6884945798940008,0.16666666666666666
cuda,highdim_strong,Strong nonlinear,200,0.1,4,2750,10000,7500,2500,"128,64,32",tanh,1000,2,True,20700,20701,750,500,0.010668092546191556,0.0008518394732037132,6,0.10365326672712681,0.014552151656841952,6,0.002110751945649828,0.0004890270075833563,6,0.06604026907117179,0.017416065175616016,6,0.06351847553581108,0.01731171251533118,6,-4.16891725996999,2.7377375081480264,6,0.003326596037875995,0.0010274648522110318,6,0.003420350386926327,0.0011357377417787321,6,2.1130583568814933,3.7561671536437524,6,0.0003477620086850536,0.000681613537022705,0.005940891036476599,0.011644146431494133,0.0001996444398365638,0.00039130310207966505,0.007110078834552457,0.013935754515722817,0.007067477039385817,0.0138522549971962,1.1176766574402281,2.1906462485828473,0.00041946076942685944,0.0008221431080766445,0.00046366299149645573,0.0009087794633330532,1.5334488191715763,3.0055596855762894,0.0
cuda,highdim_strong,Strong nonlinear,200,0.1,5,3250,10000,7500,2500,"128,64,32",tanh,1000,2,True,20700,20701,750,500,0.010668092546191556,0.0008518394732037132,6,0.10365326672712681,0.014552151656841952,6,0.002110751945649828,0.0004890270075833563,6,0.06254294978580277,0.01772210583367196,6,0.060945098853658126,0.017535468830926083,6,-2.725059875684386,2.0157097368397996,6,0.0034632929021122185,0.0012258025297541661,6,0.00334676166080995,0.0011016787239810026,6,-2.8981909848740703,3.063337435171579,6,0.0003477620086850536,0.000681613537022705,0.005940891036476599,0.011644146431494133,0.0001996444398365638,0.00039130310207966505,0.007235019410016232,0.014180638043631816,0.007158825172707928,0.01403129733850754,0.8229100541362114,1.6129037061069744,0.0005004317872184169,0.0009808463029480972,0.00044975845570565434,0.0008815265731830825,1.250602271022752,2.451180451204594,0.16666666666666666
