case,activation,hidden,n_hidden,q,seed,special,NN_mse_vs_y,FPR_mse_vs_y,FPR_mse_vs_NN,TPR_mse_vs_NN,TPR_mse_vs_y,u_coverage,act_pair_mean,act_io_scaled_mean,act_io_unscaled_mean,io_shape,shape_NN_FPR_in,shape_NN_FPR_ext,mahal_NN_FPR,distill_resid,abs_rmse_gap,NN_FPR_log10,well_specified
paper_poly4,softplus,4,1,3,0,True,0.0001878882321761921,0.0015298232667193276,0.0010659221965754182,0.0005202194028840869,0.0008611617997270442,0.99,0.08672111640391682,0.08952500390566714,0.18523279752092736,0.021433443292449686,0.0015795976093422634,0.018981025851282942,0.0009455953861091019,0.0012170948057158423,0.025405722386976234,-0.9107416815165905,False
paper_poly4,softplus,4,1,3,0,True,0.004874693229794502,0.0015298232667193276,0.006038350907153062,17.27435696332832,17.358862779022626,0.74,0.0023702080009627546,0.002825166365458143,0.009432166621098081,0.018265162285009934,0.007778891803178653,0.041768276666604626,0.02282609742670136,1.1472717203231438e-05,0.030706048128550753,0.5033060285112306,False
paper_poly4,softplus,4,1,3,0,True,0.000201978997210972,0.0015298232667193276,0.0009818265310196058,0.0007231225888056382,0.0011112003016752153,0.975,0.11520942190127534,0.11043222605662112,0.05293748245070615,0.02142791851061121,0.0014626453486941888,0.018117418367162998,0.0005136420558036326,0.001134535972446922,0.024901023719856853,-0.8793350500420105,False
paper_poly4,softplus,4,1,3,0,True,0.00044314880506135523,0.0015298232667193276,0.002654462408590406,0.0018230965929494287,0.002373911294154501,0.97,0.09053681521069619,0.09524735519628094,0.0019505625156390448,0.021026508937087733,0.0037490063119893506,0.02921327545664886,0.002964035438709969,0.0020125503357627974,0.01806185537470306,-0.5380916791395857,False
paper_poly4,softplus,4,1,3,0,True,0.00015728369180578738,0.0015298232667193276,0.0009183106205307235,0.08006042712383342,0.08086062611024426,0.735,0.1321830832608549,0.11534842064824428,8.759226519613965e-05,0.021430875685431845,0.0013692546163647558,0.023276553956963403,0.0008939208550633464,0.001018341475295329,0.026571675716356075,-0.9879575672318647,False
paper_poly4,softplus,4,1,3,0,True,0.00043239520164206624,0.0015298232667193276,0.002632626090024785,0.0013579643261363602,0.0019032878406719644,0.965,0.095938488339471,0.10280427257818468,0.11567388793723135,0.021028179012734117,0.0037198422254905114,0.02876063545328906,0.0030746323550482884,0.0019982451910046874,0.018318840637219037,-0.5487603958448352,False
paper_poly4,softplus,4,1,3,0,True,6.639501953031868e-05,0.0015298232667193276,0.0014556484037333717,0.004375217281056965,0.004372750922651193,0.815,0.14254672299369103,0.15083789781729806,0.055508873723162946,0.02138471880808534,0.0020741001589499024,0.0278148342002298,0.004785188913061016,0.0011255749614912979,0.03096464132145907,-1.3625057587301597,False
paper_poly4,softplus,4,1,3,0,True,0.00013839184248354286,0.0015298232667193276,0.0011326704687304586,0.0002334322053106241,0.0005118173880575612,1.0,0.06916361289779764,0.06520584974604116,0.04063139694678595,0.021437420755308384,0.0016718150861763006,0.019847286306640174,0.0019625810345231163,0.001122500442992785,0.027348949002739643,-1.0435307703605363,False
paper_poly4,softplus,4,1,3,0,True,0.0004904533852823079,0.0015298232667193276,0.002817045417515174,0.002568896240852483,0.0031558088718722866,0.865,0.14048881847718542,0.13336712836827513,0.04090888141281148,0.021040530349913808,0.003982329858160902,0.029781261983701544,0.003661298148164815,0.00188879872827454,0.01696677304566932,-0.49404352518418926,False
paper_poly4,softplus,4,1,3,0,True,0.00019037129823118448,0.0015298232667193276,0.001018853999837674,0.0018708087326520996,0.00224608678170033,0.92,0.13016739283352108,0.12617339080360995,0.046397631626753075,0.021397426526155203,0.0015110023322665886,0.01915929097204761,0.000505160216866117,0.001238649703255507,0.025315444647720918,-0.9050397901458386,False
paper_poly4,softplus,4,1,3,0,True,0.00047627196181565523,0.0015298232667193276,0.002769459976362336,0.002424762044361592,0.0029710513070115574,0.945,0.09826843643091454,0.10070865748904335,0.0048250827129081,0.021034906069739845,0.0039004759335021454,0.02965610737900611,0.0038629572310604136,0.0019312849427239223,0.01728929921470206,-0.5067862464195226,False
paper_poly4,softplus,4,1,3,0,True,0.0004457490285858512,0.0015298232667193276,0.002683739994031158,0.001732619506260782,0.0022776035084656203,0.975,0.07826207843068869,0.08039780047931917,0.037562180810355866,0.021031659197208827,0.003780556008695428,0.02909029695815582,0.003271266703442587,0.0019686743745325934,0.018000185903302383,-0.5355508563213057,False
paper_poly4,softplus,4,1,3,0,True,0.0001545659324619919,0.0015298232667193276,0.0009716496235186864,0.0009339692452501744,0.001385244820635328,0.92,0.15004722747982174,0.14065572433310447,0.02209298855481434,0.02142957279709222,0.0014448163328296708,0.018736631875629368,0.00155083518976624,0.0011210902731339416,0.026680500424320706,-0.9955274834823977,False
paper_poly4,softplus,4,1,3,0,True,0.0002467485028319061,0.0015298232667193276,0.0008345803474836129,0.0031468338164137256,0.0038394904618819893,0.895,0.08471871930169782,0.08634203660408457,0.03150622120344813,0.021434019747221075,0.0012528255191571356,0.015350550721117517,0.0005413703350150033,0.001073320257721822,0.023404724811714895,-0.7923867354883366,False
paper_poly4,softplus,4,1,3,0,True,0.00045117884292267263,0.0015298232667193276,0.0026766336461418634,0.005842411374397957,0.0063321277137782395,0.77,0.2634427981175176,0.2097664911547639,0.26605966663735114,0.021051341594063307,0.0038137237559514297,0.029250092200049854,0.0021404520419834924,0.001746524889277718,0.017871984372256507,-0.530292535586474,False
paper_poly4,softplus,4,1,3,0,True,0.00016102612426038831,0.0015298232667193276,0.0010755548711517005,0.0005215439756148705,0.0008415246874695447,0.985,0.08902306633489865,0.0869623376304958,0.08690521285681083,0.02142815472539743,0.001591106175421989,0.018522836710602546,0.0015423067375901866,0.0011740318141551195,0.026423348289895725,-0.9777449217004545,False
paper_poly4,softplus,4,1,3,0,True,0.00014610329526476562,0.0015298232667193276,0.0010448467937697447,0.000748871885236435,0.0011126981128380643,0.965,0.11636941660215995,0.10206002905402219,0.003159816085196396,0.02143225356478852,0.0015423248885717193,0.0190087056182794,0.0010645540639224495,0.0011404158149814633,0.02702563562236538,-1.019981250444066,False
paper_poly4,softplus,4,1,3,0,True,0.0001941321970662102,0.0015298232667193276,0.001009579339296752,0.0020773833063653315,0.0024158054306763887,0.905,0.15379186053504557,0.14942806108992457,0.0328329646482229,0.021412631720266428,0.0014982172924169143,0.01881244260863006,0.00039189911684370596,0.00127229075012851,0.02517982216153719,-0.8965436920765909,False
paper_poly4,softplus,4,1,3,0,True,0.0004751757951453328,0.0015298232667193276,0.0029446402905378023,6.700867870079493e-05,0.0005620160488701423,1.0,0.040463724431833284,0.045225604493553694,0.007958390896617887,0.020965066005810294,0.004086006525157292,0.02866876060490891,0.002613523236923602,0.0020775075400661282,0.0173144278668119,-0.5077869515939598,False
paper_poly4,softplus,4,1,3,0,True,0.0004466027021408081,0.0015298232667193276,0.002656917378383245,0.0021511208161562436,0.002688636182737738,0.965,0.09314878086011844,0.09636087399110332,0.0015878132632636969,0.02102780101153707,0.0037528925961039785,0.02899865755010536,0.0033033245721174028,0.0019797044252492777,0.01797997857744689,-0.5347199153042167,False
paper_poly4,softplus,4,1,3,0,True,0.00043155881576240063,0.0015298232667193276,0.002647907329146306,0.0007335565973727829,0.001294969156012106,0.96,0.13088544778608188,0.13312092643516238,0.0027196142889471964,0.02101878572583288,0.0037218577690337215,0.028930685943914285,0.0027228198041327795,0.0019596325271071845,0.018338961492204015,-0.5496012690358584,False
paper_poly4,softplus,4,1,3,0,True,0.0004197404778096825,0.0015298232667193276,0.002590136657448646,0.0009706360542839752,0.0015591965475282143,0.98,0.08778492166268878,0.08978240206550148,0.4230148105904762,0.021020317115277222,0.003665646510757689,0.02814163495414898,0.001782143558977625,0.0020295647844027634,0.018625386368260884,-0.5616604091574545,False
paper_poly4,softplus,4,1,3,0,True,8.027313015190884e-05,0.0015298232667193276,0.0012565793683854377,0.0005161019978856449,0.0007418774607181035,0.985,0.0831574059946738,0.09365221520706532,0.0070383895718445786,0.021403419030889773,0.0018245714947133468,0.018827976603467817,0.003629954171822646,0.001271923203183,0.03015342788890201,-1.2800710636325594,False
paper_poly4,softplus,4,1,3,0,True,0.00013552008022088557,0.0015298232667193276,0.0009638659235583595,0.001124303951843863,0.0015342681365845363,0.96,0.12781092825473928,0.11216495257334015,0.010260262711360513,0.021433344010027708,0.0014330394878260058,0.018857734923359834,0.0020091751625015784,0.0010304588527760982,0.027471646014450624,-1.0526376116516991,False
paper_poly4,softplus,4,1,3,0,True,0.00048201490426436067,0.0015298232667193276,0.0027015914275401644,0.0030170723793242963,0.0034704067353723517,0.935,0.11810272919459658,0.12726042683215702,0.00020357689541972086,0.021017295500547685,0.003823060380148873,0.029689110660658758,0.00424196090169184,0.0020022308456377554,0.017158117395866347,-0.5015807945589228,False
paper_poly4,softplus,4,1,3,0,True,0.00044604146387428045,0.0015298232667193276,0.002660187469804674,0.0021881273588474264,0.0027284605010516115,0.955,0.10514328058734375,0.11050082158168453,0.003420624406028948,0.02101244793413063,0.0037560851924999194,0.029431229076600243,0.0031617162943584154,0.0020105612981208983,0.017993261483858897,-0.5352660292510361,False
paper_poly4,softplus,4,1,3,0,True,0.00019041929044760764,0.0015298232667193276,0.0010085617256917856,0.001880842704861952,0.0022213253457108633,0.915,0.15934715831031726,0.1539575985561482,0.07216113501024513,0.02139963316794152,0.0015013817839094903,0.019698109953759185,0.0003830734024064936,0.00121169254243217,0.025313705595163653,-0.9049303191899016,False
paper_poly4,softplus,4,1,3,0,True,0.000468200450995937,0.0015298232667193276,0.0027089870226324453,0.0027912890068717434,0.00330358148916619,0.935,0.12471800535569308,0.13062340406377576,0.2702791296522091,0.02102574860343567,0.0038315802355181955,0.029932153158432263,0.0037448444614633196,0.002013384425568509,0.017475015146576282,-0.5142094340216165,False
paper_poly4,softplus,4,1,3,0,True,0.0004266681498847902,0.0015298232667193276,0.0027489565679835394,0.0004471022319602183,0.0009936377465751642,0.995,0.05658546918319014,0.057834621998885345,0.005281146243249087,0.021001897129505034,0.00383777918163815,0.02809904502707278,0.003298515145467071,0.0020301989431193213,0.018457008145926115,-0.5545510370580795,False
paper_poly4,softplus,4,1,3,0,True,0.000467690551886335,0.0015298232667193276,0.0027064264846681434,0.001862449861559442,0.0023430954510050683,0.965,0.08956665656972837,0.08909391739153655,0.07272711321354883,0.021023919260759368,0.003818196732212981,0.028838390300393042,0.0042692221537239845,0.001955309565888426,0.017486800880597023,-0.5146826651796395,False
paper_poly4,softplus,4,1,3,0,True,6.919270526850596e-05,0.0015298232667193276,0.0012939048466070666,0.00029409246941178893,0.000512705220847649,0.995,0.061906902315655696,0.07465608511827941,0.0533238941895066,0.021424861665124608,0.001872228296996317,0.019296216824543837,0.004051109926094239,0.0012689291051960214,0.030794739959236477,-1.34458095091223,False
paper_poly4,softplus,4,1,3,0,True,0.00025531696155667305,0.0015298232667193276,0.000880944617948798,0.0006174883634245945,0.0010771469711002564,0.985,0.08512230101398445,0.07975555210474268,0.00014398990515158034,0.021433050023413603,0.0013237163385853537,0.01641117845265097,3.312140670715269e-05,0.0011082468125475312,0.023134314436758917,-0.7775615943258104,False
paper_poly4,softplus,4,1,3,0,True,0.00044478863128460944,0.0015298232667193276,0.0026825315617723606,0.0016336729572055386,0.0021750128522724883,0.975,0.0956255619218302,0.10128338071312666,0.006363793833297613,0.021026573220989997,0.0037801743811312957,0.0295044945482124,0.003283942291250568,0.0019921104923893117,0.01802294263301369,-0.5364875834893074,False
paper_poly4,softplus,4,1,3,0,True,0.00021122873295098543,0.0015298232667193276,0.0009883457251468218,0.0023189094615675625,0.00270853200025932,0.895,0.16625565945568116,0.1590577272252025,0.013412036217535672,0.021400992860164024,0.0014707491979514824,0.018527931385011312,0.00034129334086949593,0.001329864578500801,0.024579245002054967,-0.8598882677745739,False
paper_poly4,softplus,4,1,3,0,True,0.00020702175970654935,0.0015298232667193276,0.0010097044752490384,0.0016887840053601566,0.002029209339127796,0.935,0.13407913208792874,0.132663599705208,0.032838791831461496,0.02139932010661607,0.0015043710420982593,0.018684059445984134,0.000290337084480114,0.001286746287195164,0.02472470447651892,-0.8686252659047571,False
paper_poly4,softplus,4,1,3,0,True,0.00045157698332332075,0.0015298232667193276,0.0026884864798463574,0.0010905723564922682,0.001624853388833104,0.95,0.12789489645972932,0.1348684777838584,0.008527156210444812,0.02102400319137599,0.0038058852422801232,0.028781503965378916,0.0029441397762795785,0.0020212884647491723,0.017862614447316502,-0.5299094636965835,False
paper_poly4,softplus,4,1,3,0,True,0.00011552340583875775,0.0015298232667193276,0.0010592833451122862,0.0008901287426862963,0.0011950100330622416,0.965,0.1183026812083581,0.10574168387353727,0.47318036440289957,0.02142029271344345,0.0015579299344401012,0.020687736181081582,0.001410542944533568,0.0010924773140628483,0.028364773715552207,-1.1219712775178874,False
paper_poly4,softplus,4,1,3,0,True,0.00027468058397062123,0.0015298232667193276,0.0008725552715428128,0.0007667763429248227,0.001268187187967281,0.965,0.10535366655072105,0.10193282557370606,0.04360459948800194,0.021430166968430305,0.0013117014496131238,0.016493371777601087,0.0007486864957295834,0.0011588281500290016,0.022539464830721764,-0.7458132996855587,False
paper_poly4,softplus,4,1,3,0,True,0.0002442512777633965,0.0015298232667193276,0.0008641265541865199,0.0009107640654571212,0.0014247283217698073,0.97,0.10471571167575332,0.10106076611866792,0.0012401140210327036,0.021429715988867677,0.001295556326355163,0.015610642240822006,0.0001486319309829711,0.0011342886739194604,0.023484414741355045,-0.7968044173760446,False
paper_poly4,softplus,4,1,3,0,True,0.0004372899711597711,0.0015298232667193276,0.0026400425471046706,0.0019023096831332009,0.002462078522647265,0.97,0.09045765895699977,0.09503232549871565,0.0026793265371557154,0.0210267683879856,0.0037291890978132375,0.029151923419867085,0.002715727908209383,0.0020059978558424956,0.018201475817588138,-0.543871744400692,False
paper_poly4,softplus,4,1,3,0,True,0.0001751694653648883,0.0015298232667193276,0.0010330801508274556,0.000994135996059708,0.0013509547961535464,0.965,0.11508488435371589,0.11179908117376057,0.007589703438195256,0.021424070509905073,0.0015281936811561096,0.017784803889112306,0.0007670290638296728,0.0012330152727488138,0.025877795034509266,-0.9411828572564753,False
paper_poly4,softplus,4,1,3,0,True,0.00047072008601389825,0.0015298232667193276,0.002813134111646112,0.008541902262015394,0.010232355087288892,0.73,0.49147984713960713,0.5395588529591128,0.07145725009804538,0.02105041237130719,0.004023669910116556,0.02892648781996956,0.0038829105768811456,0.0018692199256983176,0.01741687065070432,-0.51187853131295,False
paper_poly4,softplus,4,1,3,0,True,0.00048373171011917293,0.0015298232667193276,0.002774257437320019,0.0027072951346480017,0.0032422393540897116,0.935,0.11134167702588707,0.11308828896374762,0.0964313264726667,0.021033952798702057,0.003915679871482299,0.030028611946288412,0.003948160005500574,0.0019723452421026477,0.017119053571175952,-0.500036704041684,False
paper_poly4,softplus,4,1,3,0,True,0.0004725901526398957,0.0015298232667193276,0.0028040678136100256,0.0034943811890844,0.004583666015240336,0.75,0.11644501481839054,0.09318659613512505,0.005272183856119751,0.021047592312367212,0.004002211080722377,0.028954188393255663,0.0036498637219462833,0.0018515199049839875,0.0173738165005548,-0.5101565937209582,False
paper_poly4,softplus,4,1,3,0,True,4.056867692270316e-05,0.0015298232667193276,0.0015047540041050248,0.0019468846432932909,0.0018626537548851784,0.915,0.11104744881863594,0.1130239360047303,0.08003888264941365,0.021405005748299125,0.0021298144749132366,0.025236952011305134,0.00577175415827098,0.0011287194290006358,0.032743600714843384,-1.5764504175471015,False
paper_poly4,softplus,4,1,3,0,True,0.005771933123469353,0.0015298232667193276,0.00700922777172582,0.09239585110273767,0.10333603137365044,0.765,0.13047167549859834,0.10931277319602009,0.08452217251012901,0.017919353121579714,0.007768486064113828,0.03871557123334723,0.02465809754349024,2.81578330680224e-05,0.036860284293352155,0.5766800287772216,False
paper_poly4,softplus,4,1,3,0,True,0.0004782161850016564,0.0015298232667193276,0.002725390237334581,0.0030854213632467435,0.003595720155447997,0.935,0.121746187967786,0.12549070706229512,0.19408198193113924,0.021022084474633183,0.0038609189472937288,0.030275654781094292,0.003655137867576546,0.0019966568499167987,0.017244800642560065,-0.5050169911975165,False
paper_poly4,softplus,4,1,3,0,True,0.00015024248568806797,0.0015298232667193276,0.0010355856301137612,0.0007327385696298396,0.0010989396773552177,0.975,0.1024868089967318,0.09440715634438798,0.019148950538903104,0.021435849564015855,0.0015284297683659403,0.018368220241658708,0.0009983553998487572,0.0011346303639322053,0.02685561107554037,-1.0078485015481193,False
paper_poly4,softplus,4,1,3,0,True,0.0004406734078656882,0.0015298232667193276,0.0026730927936464773,0.0012209871120458626,0.0017894138329824355,0.88,0.250230322427371,0.2471277791023906,0.020633840306648336,0.021032544710847256,0.0037821106842139225,0.02891392287563141,0.002746495458795567,0.0021421151663008784,0.0181207326720654,-0.5405244176200898,False
paper_poly4,softplus,4,1,3,0,True,3.3366472052875906e-05,0.0015298232667193276,0.0014480319002161048,0.0016263861823527142,0.0016458268076349483,0.91,0.10921057041562013,0.10574620311241768,0.004085900139302152,0.02140672146586548,0.002054730160055258,0.024511775609405956,0.005341883087697419,0.0011406912040879237,0.03333658335239966,-1.6613309720238376,False
paper_poly4,softplus,4,1,3,0,False,0.0001878882321761921,0.0047475919538008575,0.005119261978981116,0.0005202194028840869,0.0008611617997270442,0.99,0.08672111640391682,0.08952500390566714,0.18523279752092736,0.021433443292449686,0.0074449148667397515,0.016691739553708167,0.020116819898844878,0.005118300126919277,0.05519553890082718,-1.402573804927525,False
paper_poly4,softplus,4,1,3,0,False,0.004874693229794502,0.0047475919538008575,5.6246011820411305e-05,17.27435696332832,17.358862779022626,0.74,0.0023702080009627546,0.002825166365458143,0.009432166621098081,0.018265162285009934,6.777766036808615e-05,0.0043818117003082465,0.002004112280464194,5.60283893768928e-05,0.0009162316146998084,0.011473905100296224,False
paper_poly4,softplus,4,1,3,0,False,0.000201978997210972,0.0047475919538008575,0.005168395902699652,0.0007231225888056382,0.0011112003016752153,0.975,0.11520942190127534,0.11043222605662112,0.05293748245070615,0.02142791851061121,0.007508531828986496,0.015283279472211933,0.020554052972485158,0.005168088999140709,0.054690840233707794,-1.3711671734529451,False
paper_poly4,softplus,4,1,3,0,False,0.00044314880506135523,0.0047475919538008575,0.004403540941577414,0.0018230965929494287,0.002373911294154501,0.97,0.09053681521069619,0.09524735519628094,0.0019505625156390448,0.021026508937087733,0.006828564838436244,0.01564324507163411,0.01820273948345312,0.004405271457787307,0.04785167188855401,-1.0299238025505202,False
paper_poly4,softplus,4,1,3,0,False,0.00015728369180578738,0.0047475919538008575,0.005073910145426381,0.08006042712383342,0.08086062611024426,0.735,0.1321830832608549,0.11534842064824428,8.759226519613965e-05,0.021430875685431845,0.0073854785563928094,0.022546144858643848,0.02014601119260658,0.005074585657931052,0.05636149223020702,-1.4797896906427992,False
paper_poly4,softplus,4,1,3,0,False,0.00043239520164206624,0.0047475919538008575,0.004378369086661812,0.0013579643261363602,0.0019032878406719644,0.965,0.095938488339471,0.10280427257818468,0.11567388793723135,0.021028179012734117,0.006778626511799854,0.0162345695259629,0.01809008913155443,0.004380560653495753,0.04810865715106998,-1.0405925192557697,False
paper_poly4,softplus,4,1,3,0,False,6.639501953031868e-05,0.0047475919538008575,0.004659395259138096,0.004375217281056965,0.004372750922651193,0.815,0.14254672299369103,0.15083789781729806,0.055508873723162946,0.02138471880808534,0.006993715923642779,0.014037518284520694,0.016198786104342257,0.004660752583162029,0.06075445783531001,-1.854337882141094,False
paper_poly4,softplus,4,1,3,0,False,0.00013839184248354286,0.0047475919538008575,0.00504559792994976,0.0002334322053106241,0.0005118173880575612,1.0,0.06916361289779764,0.06520584974604116,0.04063139694678595,0.021437420755308384,0.007357404081103356,0.01895415532993383,0.019088099940873043,0.00504504711286424,0.057138765516590584,-1.5353628937714707,False
paper_poly4,softplus,4,1,3,0,False,0.0004904533852823079,0.0047475919538008575,0.004424299724216076,0.002568896240852483,0.0031558088718722866,0.865,0.14048881847718542,0.13336712836827513,0.04090888141281148,0.021040530349913808,0.006888645234031467,0.013569937321242299,0.01747422108163502,0.004428674991067611,0.046756589559520265,-0.9858756485951238,False
paper_poly4,softplus,4,1,3,0,False,0.00019037129823118448,0.0047475919538008575,0.005040000610516917,0.0018708087326520996,0.00224608678170033,0.92,0.13016739283352108,0.12617339080360995,0.046397631626753075,0.021397426526155203,0.007370107879419861,0.012045277029255678,0.020561943951078947,0.0050406286871975525,0.05510526116157186,-1.396871913556773,False
paper_poly4,softplus,4,1,3,0,False,0.00047627196181565523,0.0047475919538008575,0.004378655648568929,0.002424762044361592,0.0029710513070115574,0.945,0.09826843643091454,0.10070865748904335,0.0048250827129081,0.021034906069739845,0.006815981154650812,0.0145016524708966,0.017277196595191602,0.004383722171477428,0.047079115728553,-0.998618369830457,False
paper_poly4,softplus,4,1,3,0,False,0.0004457490285858512,0.0047475919538008575,0.0043880646869059,0.001732619506260782,0.0022776035084656203,0.975,0.07826207843068869,0.08039780047931917,0.037562180810355866,0.021031659197208827,0.0068099241178151484,0.016051988223186507,0.017889492933759583,0.004390926935338091,0.047790002417153324,-1.0273829797322402,False
paper_poly4,softplus,4,1,3,0,False,0.0001545659324619919,0.0047475919538008575,0.005073944769696601,0.0009339692452501744,0.001385244820635328,0.92,0.15004722747982174,0.14065572433310447,0.02209298855481434,0.02142957279709222,0.00741425928819071,0.014417552645959748,0.019485462227138886,0.005074043524271436,0.05647031693817165,-1.4873596068933321,False
paper_poly4,softplus,4,1,3,0,False,0.0002467485028319061,0.0047475919538008575,0.0052466138170182185,0.0031468338164137256,0.0038394904618819893,0.895,0.08471871930169782,0.08634203660408457,0.03150622120344813,0.021434019747221075,0.007576501957489687,0.01758034103775355,0.020491542395327467,0.0052477137225174185,0.053194541325565836,-1.2842188588992711,False
paper_poly4,softplus,4,1,3,0,False,0.00045117884292267263,0.0047475919538008575,0.004170174883014009,0.005842411374397957,0.0063321277137782395,0.77,0.2634427981175176,0.2097664911547639,0.26605966663735114,0.021051341594063307,0.006412518284140368,0.016702827893577618,0.019076574248373456,0.004169545911566528,0.047661800886107455,-1.0221246589974087,False
paper_poly4,softplus,4,1,3,0,False,0.00016102612426038831,0.0047475919538008575,0.005062716553741462,0.0005215439756148705,0.0008415246874695447,0.985,0.08902306633489865,0.0869623376304958,0.08690521285681083,0.02142815472539743,0.0073798656382164495,0.016028239550593987,0.01951070521144345,0.005062439409701853,0.05621316480374667,-1.469577045111389,False
paper_poly4,softplus,4,1,3,0,False,0.00014610329526476562,0.0047475919538008575,0.005066083258221756,0.000748871885236435,0.0011126981128380643,0.965,0.11636941660215995,0.10206002905402219,0.003159816085196396,0.02143225356478852,0.007397476245310695,0.01668903540707204,0.019997295327114514,0.005065694683166874,0.056815452136216325,-1.5118133738550006,False
paper_poly4,softplus,4,1,3,0,False,0.0001941321970662102,0.0047475919538008575,0.005041024580777706,0.0020773833063653315,0.0024158054306763887,0.905,0.15379186053504557,0.14942806108992457,0.0328329646482229,0.021412631720266428,0.0073579648470767905,0.01228437704455562,0.020669735954982227,0.005041367408264196,0.054969638675388136,-1.3883758154875254,False
paper_poly4,softplus,4,1,3,0,False,0.0004751757951453328,0.0047475919538008575,0.004394579428060627,6.700867870079493e-05,0.0005620160488701423,1.0,0.040463724431833284,0.045225604493553694,0.007958390896617887,0.020965066005810294,0.0067909615081107825,0.01826615275619578,0.01865287339790021,0.004393503197505839,0.047104244380662845,-0.9996190750048943,False
paper_poly4,softplus,4,1,3,0,False,0.0004466027021408081,0.0047475919538008575,0.004380852606741977,0.0021511208161562436,0.002688636182737738,0.965,0.09314878086011844,0.09636087399110332,0.0015878132632636969,0.02102780101153707,0.006797760214050985,0.015361382966307593,0.017851166042893434,0.004383541104312257,0.047769795091297834,-1.0265520387151512,False
paper_poly4,softplus,4,1,3,0,False,0.00043155881576240063,0.0047475919538008575,0.004393376522747448,0.0007335565973727829,0.001294969156012106,0.96,0.13088544778608188,0.13312092643516238,0.0027196142889471964,0.02101878572583288,0.00681306682521423,0.017777007220360012,0.01846023128977124,0.004395385586370057,0.04812877800605496,-1.041433392446793,False
paper_poly4,softplus,4,1,3,0,False,0.0004197404778096825,0.0047475919538008575,0.0044992923668542885,0.0009706360542839752,0.0015591965475282143,0.98,0.08778492166268878,0.08978240206550148,0.4230148105904762,0.021020317115277222,0.006954711704268627,0.01646789012141252,0.019413836440129482,0.004502296656882565,0.04841520288211183,-1.053492532568389,False
paper_poly4,softplus,4,1,3,0,False,8.027313015190884e-05,0.0047475919538008575,0.004939254635134971,0.0005161019978856449,0.0007418774607181035,0.985,0.0831574059946738,0.09365221520706532,0.0070383895718445786,0.021403419030889773,0.007290855772175985,0.01790544241244777,0.01738397233830415,0.004942120667827395,0.059943244402752956,-1.771903187043494,False
paper_poly4,softplus,4,1,3,0,False,0.00013552008022088557,0.0047475919538008575,0.005074093468828711,0.001124303951843863,0.0015342681365845363,0.96,0.12781092825473928,0.11216495257334015,0.010260262711360513,0.021433344010027708,0.0074203481454318,0.018569098347988543,0.01900737397758726,0.005074283109005406,0.05726146252830157,-1.5444697350626337,False
paper_poly4,softplus,4,1,3,0,False,0.00048201490426436067,0.0047475919538008575,0.004330004800210607,0.0030170723793242963,0.0034704067353723517,0.935,0.11810272919459658,0.12726042683215702,0.00020357689541972086,0.021017295500547685,0.006737391242970102,0.013384649931186543,0.016883338896150846,0.00432993462908948,0.04694793390971729,-0.9934129179698572,False
paper_poly4,softplus,4,1,3,0,False,0.00044604146387428045,0.0047475919538008575,0.004365135980626229,0.0021881273588474264,0.0027284605010516115,0.955,0.10514328058734375,0.11050082158168453,0.003420624406028948,0.02101244793413063,0.00677799934971453,0.015557825474414741,0.01800159051867167,0.0043661890936837885,0.04778307799770984,-1.0270981526619705,False
paper_poly4,softplus,4,1,3,0,False,0.00019041929044760764,0.0047475919538008575,0.005042911711356077,0.001880842704861952,0.0022213253457108633,0.915,0.15934715831031726,0.1539575985561482,0.07216113501024513,0.02139963316794152,0.0073624109160818916,0.01191635939871791,0.020681152175753354,0.005041758513894306,0.0551035221090146,-1.396762442600836,False
paper_poly4,softplus,4,1,3,0,False,0.000468200450995937,0.0047475919538008575,0.004369153664183181,0.0027912890068717434,0.00330358148916619,0.935,0.12471800535569308,0.13062340406377576,0.2702791296522091,0.02102574860343567,0.0067929211967301915,0.01432833043237015,0.017395767764843605,0.004370046410838323,0.04726483166042723,-1.006041557432551,False
paper_poly4,softplus,4,1,3,0,False,0.0004266681498847902,0.0047475919538008575,0.004363466688429309,0.0004471022319602183,0.0009936377465751642,0.995,0.05658546918319014,0.057834621998885345,0.005281146243249087,0.021001897129505034,0.006759362358540438,0.017530980020825655,0.01790702469509651,0.004363980916434498,0.04824682465977706,-1.046383160469014,False
paper_poly4,softplus,4,1,3,0,False,0.000467690551886335,0.0047475919538008575,0.004312886059387866,0.001862449861559442,0.0023430954510050683,0.965,0.08956665656972837,0.08909391739153655,0.07272711321354883,0.021023919260759368,0.006701169867500442,0.014335813171060498,0.01686672611417489,0.004314736895691812,0.04727661739444797,-1.006514788590574,False
paper_poly4,softplus,4,1,3,0,False,6.919270526850596e-05,0.0047475919538008575,0.004910636651777153,0.00029409246941178893,0.000512705220847649,0.995,0.061906902315655696,0.07465608511827941,0.0533238941895066,0.021424861665124608,0.007240047819067775,0.021685518330549988,0.016958419337593227,0.004910714178444779,0.06058455647308742,-1.8364130743231644,False
paper_poly4,softplus,4,1,3,0,False,0.00025531696155667305,0.0047475919538008575,0.005251633192216815,0.0006174883634245945,0.0010771469711002564,0.985,0.08512230101398445,0.07975555210474268,0.00014398990515158034,0.021433050023413603,0.007574448638480212,0.01826328742526688,0.02109358023758101,0.005252537088972566,0.05292413095060986,-1.269393717736745,False
paper_poly4,softplus,4,1,3,0,False,0.00044478863128460944,0.0047475919538008575,0.004371921485697307,0.0016336729572055386,0.0021750128522724883,0.975,0.0956255619218302,0.10128338071312666,0.006363793833297613,0.021026573220989997,0.006786053915132302,0.015875169324835642,0.017880162968027722,0.00437410400835045,0.047812759146864635,-1.0283197069002419,False
paper_poly4,softplus,4,1,3,0,False,0.00021122873295098543,0.0047475919538008575,0.005083372129962352,0.0023189094615675625,0.00270853200025932,0.895,0.16625565945568116,0.1590577272252025,0.013412036217535672,0.021400992860164024,0.007401659189893422,0.011987400142803946,0.021411248893759175,0.005083069377705286,0.05436906151590591,-1.3517203911855085,False
paper_poly4,softplus,4,1,3,0,False,0.00020702175970654935,0.0047475919538008575,0.00505841867431864,0.0016887840053601566,0.002029209339127796,0.935,0.13407913208792874,0.132663599705208,0.032838791831461496,0.02139932010661607,0.0073568313009785315,0.012382871356857082,0.02077068175713225,0.005056007673085687,0.054514520990369866,-1.3604573893156915,False
paper_poly4,softplus,4,1,3,0,False,0.00045157698332332075,0.0047475919538008575,0.0044890444329300574,0.0010905723564922682,0.001624853388833104,0.95,0.12789489645972932,0.1348684777838584,0.008527156210444812,0.02102400319137599,0.006959684279397016,0.016634365082754687,0.018205423476792354,0.004491825639075431,0.04765243096116745,-1.0217415871075182,False
paper_poly4,softplus,4,1,3,0,False,0.00011552340583875775,0.0047475919538008575,0.004982662350891976,0.0008901287426862963,0.0011950100330622416,0.965,0.1183026812083581,0.10574168387353727,0.47318036440289957,0.02142029271344345,0.007314080300185619,0.015654470623028702,0.019646589462032613,0.004982510628151192,0.058154590229403155,-1.6138034009288218,False
paper_poly4,softplus,4,1,3,0,False,0.00027468058397062123,0.0047475919538008575,0.00528999827499917,0.0007667763429248227,0.001268187187967281,0.965,0.10535366655072105,0.10193282557370606,0.04360459948800194,0.021430166968430305,0.00762190861271584,0.017817166749370186,0.0218245947108879,0.005289447237622983,0.05232928134457271,-1.237645423096493,False
paper_poly4,softplus,4,1,3,0,False,0.0002442512777633965,0.0047475919538008575,0.0052400391130288885,0.0009107640654571212,0.0014247283217698073,0.97,0.10471571167575332,0.10106076611866792,0.0012401140210327036,0.021429715988867677,0.007563183547439385,0.017754265812441872,0.021208570719629064,0.005240068436093395,0.05327423125520599,-1.288636540786979,False
paper_poly4,softplus,4,1,3,0,False,0.0004372899711597711,0.0047475919538008575,0.004410123327877236,0.0019023096831332009,0.002462078522647265,0.97,0.09045765895699977,0.09503232549871565,0.0026793265371557154,0.0210267683879856,0.006835581948238724,0.016080757655116695,0.018456463592435864,0.004412360184224614,0.04799129233143908,-1.0357038678116264,False
paper_poly4,softplus,4,1,3,0,False,0.0001751694653648883,0.0047475919538008575,0.005096145936756449,0.000994135996059708,0.0013509547961535464,0.965,0.11508488435371589,0.11179908117376057,0.007589703438195256,0.021424070509905073,0.007425488680048726,0.015544152419534761,0.020293503870238937,0.005097061184900851,0.05566761154836021,-1.43301498066741,False
paper_poly4,softplus,4,1,3,0,False,0.00047072008601389825,0.0047475919538008575,0.004306622583381322,0.008541902262015394,0.010232355087288892,0.73,0.49147984713960713,0.5395588529591128,0.07145725009804538,0.02105041237130719,0.006672143026213181,0.01296012554688755,0.01722479762498617,0.004307157748577653,0.04720668716455527,-1.0037106547238845,False
paper_poly4,softplus,4,1,3,0,False,0.00048373171011917293,0.0047475919538008575,0.004393792658876101,0.0027072951346480017,0.0032422393540897116,0.935,0.11134167702588707,0.11308828896374762,0.0964313264726667,0.021033952798702057,0.006841638860039714,0.014133478149617563,0.017188762094018876,0.004397138731302167,0.046908870085026894,-0.9918688274526185,False
paper_poly4,softplus,4,1,3,0,False,0.0004725901526398957,0.0047475919538008575,0.004326546536727456,0.0034943811890844,0.004583666015240336,0.75,0.11644501481839054,0.09318659613512505,0.005272183856119751,0.021047592312367212,0.0067109562411592615,0.01305916627816145,0.017468789222278566,0.0043304433451926225,0.047163633014405744,-1.0019887171318926,False
paper_poly4,softplus,4,1,3,0,False,4.056867692270316e-05,0.0047475919538008575,0.004705203414649825,0.0019468846432932909,0.0018626537548851784,0.915,0.11104744881863594,0.1130239360047303,0.08003888264941365,0.021405005748299125,0.007055866902355685,0.015585215114251537,0.015184913049235383,0.00470597737206179,0.06253341722869432,-2.068282540958036,False
paper_poly4,softplus,4,1,3,0,False,0.005771933123469353,0.0047475919538008575,0.00013846546297215773,0.09239585110273767,0.10333603137365044,0.765,0.13047167549859834,0.10931277319602009,0.08452217251012901,0.017919353121579714,0.0001615847098181031,0.0010937278898624555,0.0038161893931509434,0.00012934436739565192,0.0070704677795012105,0.08484790536628704,False
paper_poly4,softplus,4,1,3,0,False,0.0004782161850016564,0.0047475919538008575,0.0043895062997326975,0.0030854213632467435,0.003595720155447997,0.935,0.121746187967786,0.12549070706229512,0.19408198193113924,0.021022084474633183,0.0068298680888564485,0.01406170195952951,0.017479941563264455,0.00439190343622348,0.04703461715641101,-0.996849114608451,False
paper_poly4,softplus,4,1,3,0,False,0.00015024248568806797,0.0047475919538008575,0.005089091525291623,0.0007327385696298396,0.0010989396773552177,0.975,0.1024868089967318,0.09440715634438798,0.019148950538903104,0.021435849564015855,0.007416807978996983,0.018477061301646523,0.020063036778562186,0.0050891745733322525,0.05664542758939131,-1.4996806249590537,False
paper_poly4,softplus,4,1,3,0,False,0.0004406734078656882,0.0047475919538008575,0.004520547390194941,0.0012209871120458626,0.0017894138329824355,0.88,0.250230322427371,0.2471277791023906,0.020633840306648336,0.021032544710847256,0.007011417519747758,0.01891121433844632,0.018412593162023275,0.004522751327120309,0.04791054918591635,-1.0323565410310243,False
paper_poly4,softplus,4,1,3,0,False,3.3366472052875906e-05,0.0047475919538008575,0.004701815304692135,0.0016263861823527142,0.0016458268076349483,0.91,0.10921057041562013,0.10574620311241768,0.004085900139302152,0.02140672146586548,0.007020067614894605,0.0187930725923987,0.015622553590103734,0.004701342558492358,0.0631263998662506,-2.1531630954347722,False
paper_poly4,softplus,"8,4",2,3,0,True,0.00012157345190644264,0.0002964179397842393,6.0008621976042934e-05,,,,0.061261819733100645,0.06003759652935577,0.2195546313434209,0.02144085775892668,8.075649862820602e-05,0.007807019697231194,0.003053600825958745,7.420007963813153e-05,0.006190757192661963,-0.3870657363897887,False
paper_poly4,softplus,"8,4",2,3,0,True,0.00015278503997251391,0.0002964179397842393,5.2318487416588356e-05,,,,0.10571429514790498,0.09799592376955285,0.12581326959868455,0.02143985515708887,7.431160915020249e-05,0.007574753808588394,0.0007878303720568697,0.00019283455191952133,0.004856167799338531,-0.2878236522916733,False
paper_poly4,softplus,"8,4",2,3,0,True,0.0004462551441974938,0.0002964179397842393,0.0010767577783746688,,,,0.1275305180529469,0.10545497307376234,0.08588511069193384,0.021062889297252002,0.001548116846628196,0.019993357618434515,0.007160748424079416,0.00024167225272827278,0.003907959554296771,0.17767875102964178,False
paper_poly4,softplus,"8,4",2,3,0,True,0.0002653237897902727,0.0002964179397842393,0.0002161184310896111,,,,0.23376008730126235,0.1549119147721459,0.4777359625406784,0.021381369435330113,0.0003175279704404631,0.045921835337592795,0.0024551562778225727,0.0006103035680073096,0.0009280296934669925,-0.048128292462709416,False
paper_poly4,softplus,"8,4",2,3,0,True,0.00024070206563919783,0.0002964179397842393,5.918893985586356e-05,,,,0.09333924229099855,0.08883721449104055,2.8425526516252455e-05,0.021422569002521374,8.745195957144582e-05,0.013296714847011903,0.00025370192917969353,0.00014626934934698857,0.0017022164688161225,-0.09042466715334464,False
paper_poly4,softplus,"8,4",2,3,0,True,0.00012342637637630105,0.0002964179397842393,9.427234905713174e-05,,,,0.08510623296194551,0.09469267527296646,0.10546140310120429,0.0214205426852322,0.00012613966297261858,0.011494524445686247,0.004347437925574822,4.52738743878981e-05,0.006107049969726754,-0.3804965055326822,False
paper_poly4,softplus,"8,4",2,3,0,True,1.8925004042102955e-05,0.0002964179397842393,0.0002681659774962135,,,,0.1139984251399771,0.12876459109332508,0.0746604889375921,0.02144437949885608,0.00034824892914030403,0.006772286440948685,0.004574977902806858,0.0003307367631098637,0.01286650456650515,-1.194868503509611,False
paper_poly4,softplus,"8,4",2,3,0,True,3.542655031196773e-05,0.0002964179397842393,0.0002257621367918709,,,,0.04773558654968982,0.049573644585660395,0.04835970353690397,0.02138894099743515,0.00028904507114388574,0.01031391811685517,0.005415026330165323,0.00017125146048834383,0.01126477168642163,-0.9225756198133085,False
paper_poly4,softplus,"8,4",2,3,0,True,4.3862455640919507e-05,0.0002964179397842393,0.00015973554898116775,,,,0.13578711484560357,0.12022931375410709,0.1208620505141121,0.021443198742277,0.00020638577788207902,0.009176683690116483,0.0036335941144393685,0.00020897443945313017,0.010593918708508591,-0.8298115424286743,False
paper_poly4,softplus,"8,4",2,3,0,True,8.904386049835011e-05,0.0002964179397842393,9.876131088568758e-05,,,,0.1580956815404264,0.1556804089709493,0.14267969738587233,0.021422615903503126,0.00013165683269643358,0.014961191694419687,0.0023323235122339426,0.00015292179905656666,0.007780486930424116,-0.522300503859893,False
paper_poly4,softplus,"8,4",2,3,0,True,0.0001263156154891476,0.0002964179397842393,7.40736595699319e-05,,,,0.05416730166794111,0.05197191668313218,0.09466730010868997,0.02143125507987824,0.00010019938071742783,0.011059057684622425,0.0033784202683127245,0.000109754210896822,0.005977770379131348,-0.3704474418697731,False
paper_poly4,softplus,"8,4",2,3,0,True,0.00021454019588418305,0.0002964179397842393,5.4201816329129014e-05,,,,0.11407409089792261,0.10275522477756929,0.058137835197090204,0.02141076869431629,7.798937311336882e-05,0.011380036487939699,0.001777035309258822,0.00018668061504615864,0.0025696016614609792,-0.14039581162503587,False
paper_poly4,softplus,"8,4",2,3,0,True,7.018294127192348e-05,0.0002964179397842393,0.00011721248676209735,,,,0.05356939399665639,0.05446641901617505,0.059094303449283826,0.02141515072256423,0.00014759455573037166,0.00933622495950373,0.00346035853474668,5.801906131073821e-05,0.008839266414247687,-0.6256729194868992,False
paper_poly4,softplus,"8,4",2,3,0,True,0.00016245886217802763,0.0002964179397842393,0.00011932786992040214,,,,0.06958364426051963,0.06845380577783243,0.19315185051726447,0.02141699261820628,0.0001609488180246639,0.014019671843425459,0.0036870746687424393,0.0002180942459594773,0.004470857254197233,-0.2611610772235704,False
paper_poly4,softplus,"8,4",2,3,0,True,9.032036905409768e-05,0.0002964179397842393,9.637659358299944e-05,,,,0.07406708242540784,0.07631431644512697,0.191718904821095,0.021431760345049664,0.00012887040968148964,0.006767746442327552,0.001992717255521468,0.00014054063636140737,0.007713089465150225,-0.516118780968488,False
paper_poly4,softplus,"8,4",2,3,0,True,0.00021179579198360443,0.0002964179397842393,7.50910603385786e-05,,,,0.14410024188359932,0.13879539410674763,0.010401080560645865,0.021420934504220876,0.00010162973120737126,0.01752440813450295,0.0009536935324339621,0.00015207403015702435,0.00266358682093896,-0.14598715726434955,False
paper_poly4,softplus,"8,4",2,3,0,True,0.0001628967875149101,0.0002964179397842393,8.097634283528332e-05,,,,0.204927813852472,0.17436785220275303,0.032180228374713335,0.021442796561576646,0.00011110938406035578,0.011484364191452278,0.0012893778129185606,0.00010740069475006147,0.0044536897960619215,-0.2599919647626224,False
paper_poly4,softplus,"8,4",2,3,0,True,0.0001207744498969987,0.0002964179397842393,0.00010768732835279676,,,,0.06208620929775596,0.06224864592258261,0.01601450263044597,0.021408819633422678,0.00014418791268087363,0.01495112509459021,0.0036339408128189393,0.000185950677950389,0.006227049437473032,-0.38992941640043366,False
paper_poly4,softplus,"8,4",2,3,0,True,0.000223626964725554,0.0002964179397842393,2.610261609655084e-05,,,,0.15816654513369355,0.16926762744298007,0.38964089825197346,0.021441872629679476,3.688532063391121e-05,0.008923881453074656,0.0009463147776433315,0.0001259333836877424,0.0022626302574367124,-0.1223803152555297,False
paper_poly4,softplus,"8,4",2,3,0,True,0.00015859842824283987,0.0002964179397842393,5.856163089810623e-05,,,,0.08641000371262036,0.07931410199401143,0.02463877986660408,0.02144170473962526,7.412621291867193e-05,0.012986891582357819,0.0019485637191986984,0.00010365860680735202,0.004623205587693774,-0.2716056054240381,False
paper_poly4,softplus,"8,4",2,3,0,True,0.00018155761063098907,0.0002964179397842393,4.712917090799834e-05,,,,0.07970386687268838,0.06951917268424833,0.08269494823463654,0.021435601968138058,6.670645558866842e-05,0.00906780193949367,0.001507709914054662,8.625894694243323e-05,0.003742460831193159,-0.21289002581710528,False
paper_poly4,softplus,"8,4",2,3,0,True,0.000152637338032946,0.0002964179397842393,6.652325447175218e-05,,,,0.06840654726276287,0.06128156361753579,0.3810312930859163,0.02143618402198334,9.336814699619034e-05,0.009216038763621431,0.003410355063377901,0.0001654062768584077,0.004862143939657407,-0.28824370103034286,False
paper_poly4,softplus,"8,4",2,3,0,True,3.9029113395372406e-05,0.0002964179397842393,0.00022701646649367268,,,,0.0945794671544686,0.09133752133865611,0.1787608599766671,0.021418059912197952,0.0002904774588824987,0.013650176166116952,0.0049776827392798385,0.0003199169539985747,0.010969463877238109,-0.8805157986954254,False
paper_poly4,softplus,"8,4",2,3,0,True,9.842985309660435e-05,0.0002964179397842393,8.332808781702572e-05,,,,0.16719638373913573,0.15742352694336137,0.003310508699444174,0.021443788642431204,0.00010617524866890596,0.011979873903317432,0.0026832647430625545,0.00010606930561607154,0.007295610336615679,-0.47877764750503243,False
paper_poly4,softplus,"8,4",2,3,0,True,0.0001925658289110288,0.0002964179397842393,3.785495044213222e-05,,,,0.09138769637157627,0.0960962049789485,0.6263249029068099,0.021443808256267682,5.001168883928861e-05,0.009431032851140603,0.0026506838643675615,0.00010635977379435615,0.0033399833458996452,-0.187325261008426,False
paper_poly4,softplus,"8,4",2,3,0,True,0.00010914869926637039,0.0002964179397842393,0.0001520541546976658,,,,0.06216788774493329,0.0619976191636642,0.1551519794376595,0.02142119294078608,0.0002176567151029989,0.014333195627409258,0.0019480291826540655,0.0003616635328188649,0.006769366892831799,-0.43388591988614056,False
paper_poly4,softplus,"8,4",2,3,0,True,9.161909110844135e-05,0.0002964179397842393,7.195721920440153e-05,,,,0.11291555741049583,0.11476787194341813,0.05683254940138216,0.021438744364089518,9.625229246218172e-05,0.008138937489316073,0.0026580434839923645,0.00012649273020547857,0.007645006175306977,-0.5099185053235161,False
paper_poly4,softplus,"8,4",2,3,0,True,0.0002215643908130005,0.0002964179397842393,2.4869014536647312e-05,,,,0.07872927287184155,0.08038023519569346,0.48052616856655317,0.021444783520806976,3.6164287175230706e-05,0.00797615853783597,0.0007964922806494613,0.00010287014360108433,0.002331753217301608,-0.12640452132689464,False
paper_poly4,softplus,"8,4",2,3,0,True,5.006360879633576e-05,0.0002964179397842393,0.00011980107119427552,,,,0.11956602140784495,0.11270746468764509,0.003008978140654355,0.021441358787688318,0.00015538093819917869,0.0050913006559038364,0.003661696071262446,4.791084457814941e-05,0.010141228174522258,-0.7723823322598313,False
paper_poly4,softplus,"8,4",2,3,0,True,8.049290045164526e-05,0.0002964179397842393,0.00011924222834308327,,,,0.05987160443175754,0.06819804418445581,0.1243778829941603,0.021438707014624223,0.00014908911304014792,0.009496001627357266,0.005462637031203614,0.00017270840931953902,0.008245008806537375,-0.5661469075590623,False
paper_poly4,softplus,"8,4",2,3,0,True,9.923504694597796e-05,0.0002964179397842393,8.077361893415251e-05,,,,0.07797661149947546,0.07824032954236157,0.014221045949320478,0.021431320539866988,0.00011447009138970438,0.008973475617839781,0.0015697023044554685,0.00014894634852996325,0.0072551134558670825,-0.47523940495608485,False
paper_poly4,softplus,"8,4",2,3,0,True,0.0001816809963202104,0.0002964179397842393,5.0993053859271174e-05,,,,0.21248967947903433,0.20435707904029038,0.004482043540589218,0.021430223745973538,6.807598328078533e-05,0.010793288462804609,0.00016406603075245468,0.00010004384280197294,0.003737883062981366,-0.2125949815954274,False
paper_poly4,softplus,"8,4",2,3,0,True,0.00010762678721221164,0.0002964179397842393,8.483178301705186e-05,,,,0.14511690471966715,0.1378590305062277,0.05702153011666598,0.02144075126199227,0.00012164679245673824,0.010590255109331655,0.0004694736158803034,0.00015457406424236966,0.0068424592806885925,-0.43998410817911093,False
paper_poly4,softplus,"8,4",2,3,0,True,7.79587498982437e-05,0.0002964179397842393,0.0001210391393659284,,,,0.07561529919552093,0.07925849278565439,0.41438429483599043,0.021433118177417325,0.00016851188988974158,0.010402146929039515,0.0020226396757557566,0.00026347734594116045,0.00838736714757073,-0.5800396180362137,False
paper_poly4,softplus,"8,4",2,3,0,True,7.970467413542792e-05,0.0002964179397842393,0.0001092743487347647,,,,0.10166495298700445,0.09373569047476024,0.0875416020625934,0.021428753910316723,0.00014445399789381192,0.011699400078311134,0.003104234593814921,0.00018644719822824075,0.008289044950068256,-0.570420693888941,False
paper_poly4,softplus,"8,4",2,3,0,True,0.00017125520389527082,0.0002964179397842393,7.811692767228997e-05,,,,0.06567472406264241,0.061424063571480975,0.19405756646738664,0.021417124933282572,0.00010623385128683884,0.012131230906940446,0.0028682835829123396,0.00012334602949689338,0.004130341220505467,-0.23826070726210274,False
paper_poly4,softplus,"8,4",2,3,0,True,0.00013582292012870312,0.0002964179397842393,9.132722296093943e-05,,,,0.06853062405995364,0.06811743292041933,0.0017964889900900477,0.021442203066606186,0.00013923614284474677,0.00824383244964878,0.0008687809880365158,0.0002318261405530901,0.005562483298063969,-0.33893142108308916,False
paper_poly4,softplus,"8,4",2,3,0,True,0.00014242487668525428,0.0002964179397842393,7.529801400802256e-05,,,,0.08016477385579279,0.07078646978526426,0.1907580223338695,0.02143408923645037,0.00010048001661203815,0.010984506888935843,0.003259623433272146,0.00017582045474938342,0.005282602975812768,-0.31831863233396157,False
paper_poly4,softplus,"8,4",2,3,0,True,0.00014128613111097366,0.0002964179397842393,4.3373271898625535e-05,,,,0.04756228832768573,0.043020732349629054,0.0003602136895849437,0.021444121757576096,5.5787332678999555e-05,0.0066365845825327174,0.002818900074739091,5.6766166265741075e-05,0.005330408103840372,-0.32180495159130046,False
paper_poly4,softplus,"8,4",2,3,0,True,0.0001341464085271582,0.0002964179397842393,0.0001016063129690469,,,,0.057943498227310375,0.06682675841291295,0.13428758390090417,0.021430163043306708,0.0001414962370090661,0.01230984730473905,0.004224288018332343,0.0002398426400436182,0.005634633316360315,-0.3443254345494801,False
paper_poly4,softplus,"8,4",2,3,0,True,0.00010267780453432351,0.0002964179397842393,8.67437702020168e-05,,,,0.1397809743568057,0.13768389833995137,0.06313416756323972,0.02143467557379731,0.00011673070725902679,0.010069217428208616,0.0038561882743733808,0.0001762776744192655,0.007083786677022533,-0.4604279104640591,False
paper_poly4,softplus,"8,4",2,3,0,True,0.0001855115406215191,0.0002964179397842393,8.152438885818538e-05,,,,0.1102926092363711,0.10503714300713891,0.01701050598031232,0.021426107512078726,0.00011155219965381665,0.01374065614095734,0.0027476031571747515,8.924627118465311e-05,0.003596530243083918,-0.2035335523098502,False
paper_poly4,softplus,"8,4",2,3,0,True,8.481324039166793e-05,0.0002964179397842393,9.861536430534639e-05,,,,0.04906667585448585,0.04959506383293047,0.009334383240312855,0.02144128133377997,0.00013337552869476419,0.006985227799932101,0.0030064914680844783,0.0002012177376180482,0.00800738195206992,-0.543440828172438,False
paper_poly4,softplus,"8,4",2,3,0,True,0.0001503826497355476,0.0002964179397842393,5.621412131788132e-05,,,,0.09547996044557225,0.1122298993156212,0.004480497139244833,0.021440644641794154,7.476656150585833e-05,0.008899138666710646,0.000157494262359247,0.00012188042797622914,0.004953732003948703,-0.29470675163432447,False
paper_poly4,softplus,"8,4",2,3,0,True,0.0001433819270459935,0.0002964179397842393,5.95855029272441e-05,,,,0.19500287707539854,0.211699844699294,0.29568550131845445,0.021421396615724203,7.967185126697431e-05,0.01129085373728703,0.0012874688076732644,0.00011669746019063695,0.005242573111257635,-0.3154100714551004,False
paper_poly4,softplus,"8,4",2,3,0,True,0.00047063184319995344,0.0002964179397842393,0.0011997731324230533,,,,0.22403279245804886,0.23769274547992808,0.23905592852960153,0.021083479677790642,0.0016406908026096335,0.015878177824170447,0.0015681905342938226,0.00012431306583334103,0.004477258493232699,0.20077682398830962,False
paper_poly4,softplus,"8,4",2,3,0,True,0.0002896969090215862,0.0002964179397842393,6.903465652130862e-05,,,,0.17724954127120446,0.14015940239053706,0.06487906343231896,0.021402084838446016,0.00010662246721470303,0.0413906211285004,0.0007100482136142009,0.00022154486561474983,0.0001963073959416889,-0.009960623002962436,False
paper_poly4,softplus,"8,4",2,3,0,True,0.00014797452604398131,0.0002964179397842393,6.931464968024446e-05,,,,0.06557127572877325,0.06562315310557486,0.4290173804243521,0.02144166703160757,9.406491134099986e-05,0.009713667644883774,0.0019814845996805005,9.413136541140278e-05,0.005052314335517283,-0.3017175268210126,False
paper_poly4,softplus,"8,4",2,3,0,True,9.175204468192533e-05,0.0002964179397842393,9.955797441369465e-05,,,,0.06559701239155924,0.06157514694458934,0.056254673164189334,0.021443687169994743,0.00014248503341961395,0.00789993899222615,0.0013473052992713293,0.00021175003650006187,0.007638063616648124,-0.5092887332148068,False
paper_poly4,softplus,"8,4",2,3,0,True,0.00011840738443424925,0.0002964179397842393,6.609173215713425e-05,,,,0.12903789082107742,0.14483463118345635,0.015870352000767418,0.021442302763967382,8.248960796175807e-05,0.007997322554373618,0.0014011738308974792,0.00010220023500467352,0.006335276654715191,-0.3985256965888719,False
paper_poly4,softplus,"8,4",2,3,0,False,0.00012157345190644264,0.0001907699370047293,5.0216704382200315e-05,,,,0.061261819733100645,0.06003759652935577,0.2195546313434209,0.02144085775892668,7.390942937610928e-05,0.0045117315119037925,0.00010646603839164711,5.010025123263556e-05,0.0027859138808535803,-0.19567118824148036,False
paper_poly4,softplus,"8,4",2,3,0,False,0.00015278503997251391,0.0001907699370047293,6.158945231613676e-05,,,,0.10571429514790498,0.09799592376955285,0.12581326959868455,0.02143985515708887,9.522746618467924e-05,0.004235378000155098,0.002169952988030746,6.296471326414858e-05,0.0014513244875301486,-0.09642910414336492,False
paper_poly4,softplus,"8,4",2,3,0,False,0.0004462551441974938,0.0001907699370047293,0.000893428381131672,,,,0.1275305180529469,0.10545497307376234,0.08588511069193384,0.021062889297252002,0.0013218416718743212,0.015286008536061154,0.004222721281110127,0.000314541904273547,0.007312802866105153,0.3690732991779501,False
paper_poly4,softplus,"8,4",2,3,0,False,0.0002653237897902727,0.0001907699370047293,0.00028199408472285843,,,,0.23376008730126235,0.1549119147721459,0.4777359625406784,0.021381369435330113,0.00044462865689430146,0.040188855063927394,0.0004914613155952685,0.0002833339541833438,0.00247681361834139,0.14326625568559898,False
paper_poly4,softplus,"8,4",2,3,0,False,0.00024070206563919783,0.0001907699370047293,8.448895790050427e-05,,,,0.09333924229099855,0.08883721449104055,2.8425526516252455e-05,0.021422569002521374,0.00012787719891694198,0.009054872653614023,0.003214975991988873,8.958332956928565e-05,0.0017026268429922598,0.10096988099496372,False
paper_poly4,softplus,"8,4",2,3,0,False,0.00012342637637630105,0.0001907699370047293,8.809788341230252e-05,,,,0.08510623296194551,0.09469267527296646,0.10546140310120429,0.0214205426852322,0.00012644770391272923,0.009107757193442888,0.0014064549795996775,7.940449278930879e-05,0.0027022066579183712,-0.1891019573843739,False
paper_poly4,softplus,"8,4",2,3,0,False,1.8925004042102955e-05,0.0001907699370047293,0.00018891133363841615,,,,0.1139984251399771,0.12876459109332508,0.0746604889375921,0.02144437949885608,0.00026843231039461044,0.0038888899640277747,0.0016301422619350977,0.00018745843494153826,0.009461661254696767,-1.0034739553613026,False
paper_poly4,softplus,"8,4",2,3,0,False,3.542655031196773e-05,0.0001907699370047293,0.0001713401868555174,,,,0.04773558654968982,0.049573644585660395,0.04835970353690397,0.02138894099743515,0.00024307069735188765,0.006923912841267491,0.0024751101122881558,0.00017225633648682216,0.007859928374613247,-0.7311810716650001,False
paper_poly4,softplus,"8,4",2,3,0,False,4.3862455640919507e-05,0.0001907699370047293,0.00011605482071290067,,,,0.13578711484560357,0.12022931375410709,0.1208620505141121,0.021443198742277,0.00016906954539790754,0.005847956465009081,0.0006859797904433656,0.00011330062593500395,0.007189075396700209,-0.6384169942803659,False
paper_poly4,softplus,"8,4",2,3,0,False,8.904386049835011e-05,0.0001907699370047293,8.358527581083879e-05,,,,0.1580956815404264,0.1556804089709493,0.14267969738587233,0.021422615903503126,0.00012283336330506708,0.010010163000681267,0.0006176789306689,8.169311446283322e-05,0.0043756436186157335,-0.33090595571158465,False
paper_poly4,softplus,"8,4",2,3,0,False,0.0001263156154891476,0.0001907699370047293,7.415336162330276e-05,,,,0.05416730166794111,0.05197191668313218,0.09466730010868997,0.02143125507987824,0.00011396962537105554,0.007442717752109662,0.0004306967452163897,7.474206741695513e-05,0.002572927067322966,-0.1790528937214647,False
paper_poly4,softplus,"8,4",2,3,0,False,0.00021454019588418305,0.0001907699370047293,8.21387084705242e-05,,,,0.11407409089792261,0.10275522477756929,0.058137835197090204,0.02141076869431629,0.0001202019559173292,0.007114435846248469,0.0011744788890859722,8.293130841912895e-05,0.0008352416503474031,0.050998736523272505,False
paper_poly4,softplus,"8,4",2,3,0,False,7.018294127192348e-05,0.0001907699370047293,7.797351936782633e-05,,,,0.05356939399665639,0.05446641901617505,0.059094303449283826,0.02141515072256423,0.00011226982344292332,0.006730509112500209,0.0005123394522713414,7.811432584082663e-05,0.005434423102439304,-0.4342783713385909,False
paper_poly4,softplus,"8,4",2,3,0,False,0.00016245886217802763,0.0001907699370047293,9.868517511394741e-05,,,,0.06958364426051963,0.06845380577783243,0.19315185051726447,0.02141699261820628,0.00014408236211234203,0.009146468018245665,0.0007404564914586995,9.708801900511508e-05,0.0010660139423888503,-0.06976652907526198,False
paper_poly4,softplus,"8,4",2,3,0,False,9.032036905409768e-05,0.0001907699370047293,8.012608016909461e-05,,,,0.07406708242540784,0.07631431644512697,0.191718904821095,0.021431760345049664,0.00012246082235028484,0.00515806411537514,0.0009604612520912178,8.611870882305982e-05,0.004308246153341843,-0.32472423282017954,False
paper_poly4,softplus,"8,4",2,3,0,False,0.00021179579198360443,0.0001907699370047293,0.00010185445537447182,,,,0.14410024188359932,0.13879539410674763,0.010401080560645865,0.021420934504220876,0.00015667033338479167,0.013246139040782786,0.003917976428169445,0.00011615733941309304,0.0007412564908694224,0.04540739088395881,False
paper_poly4,softplus,"8,4",2,3,0,False,0.0001628967875149101,0.0001907699370047293,5.871478928864456e-05,,,,0.204927813852472,0.17436785220275303,0.032180228374713335,0.021442796561576646,7.96779011553885e-05,0.007821718086849621,0.001666497935752365,5.847626932410164e-05,0.0010488464842535392,-0.06859741661431398,False
paper_poly4,softplus,"8,4",2,3,0,False,0.0001207744498969987,0.0001907699370047293,0.0001032893195049032,,,,0.06208620929775596,0.06224864592258261,0.01601450263044597,0.021408819633422678,0.00015633658787992473,0.010291503567323328,0.0006862462717932006,0.00010447338400068722,0.0028222061256646495,-0.19853486825212527,False
paper_poly4,softplus,"8,4",2,3,0,False,0.000223626964725554,0.0001907699370047293,6.179829927329799e-05,,,,0.15816654513369355,0.16926762744298007,0.38964089825197346,0.021441872629679476,8.755597503876606e-05,0.005951550659279046,0.0020082264054489696,6.2468643078057e-05,0.00114221305437167,0.06901423289277867,False
paper_poly4,softplus,"8,4",2,3,0,False,0.00015859842824283987,0.0001907699370047293,4.6393581125128e-05,,,,0.08641000371262036,0.07931410199401143,0.02463877986660408,0.02144170473962526,6.0678246061168203e-05,0.008629613432704254,0.0010055830148024776,4.60570128859086e-05,0.0012183622758853915,-0.08021105727572972,False
paper_poly4,softplus,"8,4",2,3,0,False,0.00018155761063098907,0.0001907699370047293,6.0621058771577084e-05,,,,0.07970386687268838,0.06951917268424833,0.08269494823463654,0.021435601968138058,9.00462322008206e-05,0.005518917260759074,0.0014449788286409002,6.3240526803529e-05,0.00033761751938477663,-0.021495477668796885,False
paper_poly4,softplus,"8,4",2,3,0,False,0.000152637338032946,0.0001907699370047293,7.085507541898044e-05,,,,0.06840654726276287,0.06128156361753579,0.3810312930859163,0.02143618402198334,0.00010219193134485636,0.006495105456456591,0.0004673158038601744,7.094281644882684e-05,0.0014573006278490244,-0.09684915288203458,False
paper_poly4,softplus,"8,4",2,3,0,False,3.9029113395372406e-05,0.0001907699370047293,0.00017451038849649727,,,,0.0945794671544686,0.09133752133865611,0.1787608599766671,0.021418059912197952,0.0002489131995991882,0.009508973763590054,0.002035107484615815,0.0001725762195507521,0.007564620565429727,-0.689121250547117,False
paper_poly4,softplus,"8,4",2,3,0,False,9.842985309660435e-05,0.0001907699370047293,4.637893887108402e-05,,,,0.16719638373913573,0.15742352694336137,0.003310508699444174,0.021443788642431204,6.538579416622624e-05,0.007836434724288466,0.00027026689935342676,4.6355469287973186e-05,0.0038907670248072967,-0.28738309935672407,False
paper_poly4,softplus,"8,4",2,3,0,False,0.0001925658289110288,0.0001907699370047293,4.737466846522823e-05,,,,0.09138769637157627,0.0960962049789485,0.6263249029068099,0.021443808256267682,6.402483741932825e-05,0.006636087298170645,0.00029807784150530375,4.801022708910164e-05,6.485996590873712e-05,0.00406928713988242,False
paper_poly4,softplus,"8,4",2,3,0,False,0.00010914869926637039,0.0001907699370047293,0.00012648022108735548,,,,0.06216788774493329,0.0619976191636642,0.1551519794376595,0.02142119294078608,0.00019356884909873048,0.009168748235911087,0.0010055553469757222,0.00012268941137874635,0.0033645235810234164,-0.24249137173783217,False
paper_poly4,softplus,"8,4",2,3,0,False,9.161909110844135e-05,0.0001907699370047293,5.637262841706377e-05,,,,0.11291555741049583,0.11476787194341813,0.05683254940138216,0.021438744364089518,8.54096490000978e-05,0.004570169661703942,0.00029175719487591593,5.6600213961982565e-05,0.004240162863498594,-0.31852395717520776,False
paper_poly4,softplus,"8,4",2,3,0,False,0.0002215643908130005,0.0001907699370047293,6.630990916335416e-05,,,,0.07872927287184155,0.08038023519569346,0.48052616856655317,0.021444783520806976,9.649510561624797e-05,0.006499911391554665,0.0021577229337498526,6.871716052957856e-05,0.0010730900945067744,0.06499002682141375,False
paper_poly4,softplus,"8,4",2,3,0,False,5.006360879633576e-05,0.0001907699370047293,6.120671441582738e-05,,,,0.11956602140784495,0.11270746468764509,0.003008978140654355,0.021441358787688318,8.764234178384808e-05,0.0030749217682198675,0.0007129243930646591,6.083915976388321e-05,0.006736384862713876,-0.5809877841115229,False
paper_poly4,softplus,"8,4",2,3,0,False,8.049290045164526e-05,0.0001907699370047293,7.863907472480283e-05,,,,0.05987160443175754,0.06819804418445581,0.1243778829941603,0.021438707014624223,0.00010817212573858988,0.006856927488109378,0.0025226968469726956,7.723178595373935e-05,0.004840165494728993,-0.3747523594107539,False
paper_poly4,softplus,"8,4",2,3,0,False,9.923504694597796e-05,0.0001907699370047293,7.580351356790675e-05,,,,0.07797661149947546,0.07824032954236157,0.014221045949320478,0.021431320539866988,0.0001137775511851116,0.0054892130774005414,0.001380954397110901,7.422887036910235e-05,0.0038502701440587,-0.28384485680777644,False
paper_poly4,softplus,"8,4",2,3,0,False,0.0001816809963202104,0.0001907699370047293,3.5599903778089276e-05,,,,0.21248967947903433,0.20435707904029038,0.004482043540589218,0.021430223745973538,4.936878223359834e-05,0.0065790496771576425,0.0031269806766330813,3.390697330874452e-05,0.00033303975117298344,-0.021200433447119076,False
paper_poly4,softplus,"8,4",2,3,0,False,0.00010762678721221164,0.0001907699370047293,7.133994857026567e-05,,,,0.14511690471966715,0.1378590305062277,0.05702153011666598,0.02144075126199227,0.0001049136429389381,0.006762130693727695,0.002486140058468873,7.279677690331954e-05,0.00343761596888021,-0.2485895600308026,False
paper_poly4,softplus,"8,4",2,3,0,False,7.79587498982437e-05,0.0001907699370047293,0.00010385171014482542,,,,0.07561529919552093,0.07925849278565439,0.41438429483599043,0.021433118177417325,0.00015836378609334785,0.0063491328153232685,0.0009284173094819911,0.00010757124459110761,0.004982523835762347,-0.38864506988790537,False
paper_poly4,softplus,"8,4",2,3,0,False,7.970467413542792e-05,0.0001907699370047293,9.074800148426123e-05,,,,0.10166495298700445,0.09373569047476024,0.0875416020625934,0.021428753910316723,0.00013752293128865153,0.0072943436108356035,0.00015385592533201267,8.989833106054204e-05,0.004884201638259873,-0.3790261457406326,False
paper_poly4,softplus,"8,4",2,3,0,False,0.00017125520389527082,0.0001907699370047293,8.71022994525324e-05,,,,0.06567472406264241,0.061424063571480975,0.19405756646738664,0.021417124933282572,0.000133165764669457,0.00837209033777776,8.219933856834506e-05,8.936121226559178e-05,0.0007254979086970849,-0.0468661591137944,False
paper_poly4,softplus,"8,4",2,3,0,False,0.00013582292012870312,0.0001907699370047293,9.459760521181705e-05,,,,0.06853062405995364,0.06811743292041933,0.0017964889900900477,0.021442203066606186,0.00014034060501759416,0.004654583627017957,0.002081309147314686,9.1213583762046e-05,0.002157639986255587,-0.1475368729347808,False
paper_poly4,softplus,"8,4",2,3,0,False,0.00014242487668525428,0.0001907699370047293,7.516359792100558e-05,,,,0.08016477385579279,0.07078646978526426,0.1907580223338695,0.02143408923645037,0.00011121121736315738,0.006969925020170794,0.00031200218784515845,7.407532225050808e-05,0.0018777596640043859,-0.1269240841856532,False
paper_poly4,softplus,"8,4",2,3,0,False,0.00014128613111097366,0.0001907699370047293,4.563792111678221e-05,,,,0.04756228832768573,0.043020732349629054,0.0003602136895849437,0.021444121757576096,6.889242551719532e-05,0.003902949858078061,0.00012968915102406093,4.38562434350534e-05,0.0019255647920319897,-0.13041040344299212,False
paper_poly4,softplus,"8,4",2,3,0,False,0.0001341464085271582,0.0001907699370047293,9.101335586822733e-05,,,,0.057943498227310375,0.06682675841291295,0.13428758390090417,0.021430163043306708,0.00012746569750302802,0.009235992270194511,0.0012859208825816782,8.983910938142391e-05,0.0022297900045519323,-0.15293088640117178,False
paper_poly4,softplus,"8,4",2,3,0,False,0.00010267780453432351,0.0001907699370047293,7.548481598597764e-05,,,,0.1397809743568057,0.13768389833995137,0.06313416756323972,0.02143467557379731,0.00011649814728053408,0.006787458831601378,0.0009092707139352136,7.37420755389741e-05,0.003678943365214151,-0.26903336231575076,False
paper_poly4,softplus,"8,4",2,3,0,False,0.0001855115406215191,0.0001907699370047293,8.784416526651538e-05,,,,0.1102926092363711,0.10503714300713891,0.01701050598031232,0.021426107512078726,0.0001285788925085561,0.009322725148715898,0.00020192189631313713,8.553010983057611e-05,0.0001916869312755358,-0.01213900416154184,False
paper_poly4,softplus,"8,4",2,3,0,False,8.481324039166793e-05,0.0001907699370047293,7.891750542649791e-05,,,,0.04906667585448585,0.04959506383293047,0.009334383240312855,0.02144128133377997,0.00011973751114829449,0.00429462786639739,5.812360665149865e-05,7.821350211928104e-05,0.004602538640261538,-0.35204628002412974,False
paper_poly4,softplus,"8,4",2,3,0,False,0.0001503826497355476,0.0001907699370047293,4.156649677443856e-05,,,,0.09547996044557225,0.1122298993156212,0.004480497139244833,0.021440644641794154,6.087566798186301e-05,0.004769498247098877,0.0028051946132414424,4.068958003706579e-05,0.0015488886921403208,-0.10331220348601605,False
paper_poly4,softplus,"8,4",2,3,0,False,0.0001433819270459935,0.0001907699370047293,7.479161235710595e-05,,,,0.19500287707539854,0.211699844699294,0.29568550131845445,0.021421396615724203,0.00011668298754554412,0.008527777728575847,0.0016677988901269052,7.708043929130898e-05,0.001837729799449253,-0.12401552330679207,False
paper_poly4,softplus,"8,4",2,3,0,False,0.00047063184319995344,0.0001907699370047293,0.0009655652154581989,,,,0.22403279245804886,0.23769274547992808,0.23905592852960153,0.021083479677790642,0.001372687767794408,0.010329539996908877,0.0014117126906231913,0.0001388161345089646,0.007882101805041081,0.39217137213661796,False
paper_poly4,softplus,"8,4",2,3,0,False,0.0002896969090215862,0.0001907699370047293,0.00017142515291124715,,,,0.17724954127120446,0.14015940239053706,0.06487906343231896,0.021402084838446016,0.00025358222365135316,0.03586391372467908,0.003661321436322629,0.00017879729471744748,0.0032085359158666935,0.18143392514534593,False
paper_poly4,softplus,"8,4",2,3,0,False,0.00014797452604398131,0.0001907699370047293,6.53921641539783e-05,,,,0.06557127572877325,0.06562315310557486,0.4290173804243521,0.02144166703160757,9.558044377455918e-05,0.0067822448852107205,0.0009706584326061218,6.45738647113732e-05,0.0016474710237089005,-0.1103229786727043,False
paper_poly4,softplus,"8,4",2,3,0,False,9.175204468192533e-05,0.0001907699370047293,8.118986517678546e-05,,,,0.06559701239155924,0.06157514694458934,0.056254673164189334,0.021443687169994743,0.0001224938918442535,0.004014249834047346,0.0016047899931885031,8.115322174751563e-05,0.004233220304839741,-0.3178941850664984,False
paper_poly4,softplus,"8,4",2,3,0,False,0.00011840738443424925,0.0001907699370047293,4.150080451914863e-05,,,,0.12903789082107742,0.14483463118345635,0.015870352000767418,0.021442302763967382,6.037689236681496e-05,0.004086273722662479,0.0015567605534376556,4.075550281108597e-05,0.0029304333429068085,-0.20713114844056352,False
paper_poly4,softplus,"16,8,4",3,3,0,True,3.863064557663165e-05,1.4155628306704581e-05,1.189022374645204e-05,,,,0.09323304508393415,0.09261140935924672,0.03503222024273953,0.021449029744006462,1.7884806024621847e-05,0.010580076004064548,0.001409951502505871,7.915374556065654e-06,0.0024529590101161616,0.4360028153544284,False
paper_poly4,softplus,"16,8,4",3,3,0,True,0.00020379459601826966,1.4155628306704581e-05,0.00011393136627450036,,,,0.06388424123467941,0.06334799062427271,0.12322235919471225,0.021440576111909467,0.00013894840326019012,0.011165603205763031,0.006571248023435882,2.1634461113587692e-05,0.01051326785112685,1.158263513150649,False
paper_poly4,softplus,"16,8,4",3,3,0,True,0.00012141408660681918,1.4155628306704581e-05,6.67658686686911e-05,,,,0.1977643554015244,0.12591309221605881,0.036558969502908066,0.021423416316013806,6.270052234427187e-05,0.04615451460186466,0.006224732503809141,0.0004685366489729746,0.0072564094252971926,0.9333399264551017,False
paper_poly4,softplus,"16,8,4",3,3,0,True,6.627392576774582e-05,1.4155628306704581e-05,2.6221029074216916e-05,,,,0.07563767741181468,0.0740703890405508,0.12080526911170891,0.021447839998010615,3.587890740738862e-05,0.008406793303708818,0.0019537503413352675,0.00046002584929529785,0.004378483296194673,0.6704135464247817,False
paper_poly4,softplus,"16,8,4",3,3,0,True,3.425221802899614e-05,1.4155628306704581e-05,1.3812820905575332e-05,,,,0.10368661019241371,0.10386107323041094,0.09959408189154324,0.02144738618643784,1.9609576118324232e-05,0.007112847613717031,0.002325287612052906,8.774557020741958e-06,0.0020901428338868664,0.3837595492457243,False
paper_poly4,softplus,"16,8,4",3,3,0,True,4.7805020585656166e-05,1.4155628306704581e-05,1.4879790751895774e-05,,,,0.06816827937976498,0.06235341420274723,0.07572573114908389,0.021449927978940086,2.1725966597185694e-05,0.009300267089270156,0.0010913732819521206,4.597600820431834e-05,0.0031517208668134537,0.5285443589740612,False
paper_poly4,softplus,"16,8,4",3,3,0,True,6.474526162492111e-05,1.4155628306704581e-05,2.926312134747313e-05,,,,0.1229502363199458,0.10815366842456169,0.13835210556440586,0.021442361192348457,3.7120823088455625e-05,0.0106718532409945,0.0027763110329608776,0.00018585078427271986,0.004284047418616565,0.6602788395508642,False
paper_poly4,softplus,"16,8,4",3,3,0,True,6.88128056935966e-05,1.4155628306704581e-05,3.533321550094552e-05,,,,0.13878832478346423,0.12985455385880865,0.07310760468286186,0.02145082748842963,5.257442760068671e-05,0.01592468305151485,0.0004765027714044578,6.95854281324615e-05,0.004532951819731296,0.6867401150573277,False
paper_poly4,softplus,"16,8,4",3,3,0,True,0.0012139915488660336,1.4155628306704581e-05,0.0011854370515221764,,,,0.6616462909036109,0.5485886629716131,0.21413680816799396,0.021434874584349277,0.0015685374970117116,0.0486700315820779,0.01379509710522071,0.0012339807200952636,0.031079984886528196,1.93328651286313,False
paper_poly4,softplus,"16,8,4",3,3,0,True,0.00010258644033456221,1.4155628306704581e-05,4.1742453697929657e-05,,,,0.18988259768594462,0.15684781942557532,0.1689509919239692,0.021452482320728106,4.97015929088852e-05,0.006484532560493628,0.002758835709692793,5.385767922790898e-06,0.0063660998324361,0.8601608098446966,False
paper_poly4,softplus,"16,8,4",3,3,0,True,0.00015874816745053977,1.4155628306704581e-05,0.0001702734120627665,,,,0.1448374880110596,0.10791654232126703,0.03012362824793874,0.021425990724050638,0.00025811438344478085,0.047399645284524394,0.0021551166426043945,0.0005259779471534636,0.008837133828226394,1.0497795700352028,False
paper_poly4,softplus,"16,8,4",3,3,0,True,3.0279281418188475e-05,1.4155628306704581e-05,9.68179677432438e-06,,,,0.14031637989281276,0.13290901353346182,0.10147668513414398,0.021447163867089405,1.441887939730365e-05,0.008479725351739973,0.0013450024092134486,4.4170499167831756e-05,0.0017402646858303839,0.3302164137911127,False
paper_poly4,softplus,"16,8,4",3,3,0,True,3.6172092222841457e-05,1.4155628306704581e-05,1.619262565195485e-05,,,,0.07869772813797808,0.08299259641282876,0.2446781071101375,0.02144833219375282,2.6033911012036072e-05,0.014034660093233535,7.68854859907331e-06,0.00012146943341156259,0.0022519273032673088,0.40744447885947677,False
paper_poly4,softplus,"16,8,4",3,3,0,True,6.929348455742002e-05,1.4155628306704581e-05,2.787923401895539e-05,,,,0.09815898989409677,0.09967213239816014,0.1984706712025753,0.021442461449190424,4.166576689278696e-05,0.011706917608999567,0.002411886711763917,6.027839242377791e-05,0.0045618741949438315,0.6897632506538536,False
paper_poly4,softplus,"16,8,4",3,3,0,True,0.00021347288566175848,1.4155628306704581e-05,0.00012130481568800919,,,,0.23113291460330868,0.23966231651287126,0.06308904792410226,0.02144390228360579,0.00014328322429031152,0.007061040522498094,0.008261595609226595,8.307066048118589e-05,0.010848314715777505,1.1784135702182674,False
paper_poly4,softplus,"16,8,4",3,3,0,True,5.387537748902105e-05,1.4155628306704581e-05,2.387962649532512e-05,,,,0.08469720854076741,0.0820210149171462,0.23439030052772925,0.021450174773030344,3.6801781809430985e-05,0.012994161371410287,0.0011419088856912377,0.0003636110245195015,0.003577588225149869,0.5804611755839345,False
paper_poly4,softplus,"16,8,4",3,3,0,True,3.704844129970297e-05,1.4155628306704581e-05,1.1285893842580223e-05,,,,0.15555535944165558,0.12100378444874332,0.15909244077402682,0.021452842886455024,1.1829298083924195e-05,0.07787763318684211,0.002088528789171868,0.00022911396437159565,0.0023243464607634714,0.41784079051248524,False
paper_poly4,softplus,"16,8,4",3,3,0,True,2.492429848643951e-05,1.4155628306704581e-05,1.7372398086738082e-05,,,,0.1784064364124294,0.20098348908969377,0.1496203024408585,0.021450096470641652,2.719342022152472e-05,0.013887963554350988,9.31527783739071e-05,8.264016999509565e-05,0.0012300274918210117,0.2456937930333275,False
paper_poly4,softplus,"16,8,4",3,3,0,True,4.581372195389122e-05,1.4155628306704581e-05,1.5622510528101335e-05,,,,0.07340949881758008,0.06973997306874372,0.09725031966691579,0.021435899375718444,2.2298636274136784e-05,0.01026453181466678,0.0024565420059696513,4.7603317236904936e-05,0.0030061868351212422,0.5100664251697454,False
paper_poly4,softplus,"16,8,4",3,3,0,True,0.0003150652046315372,1.4155628306704581e-05,0.00026914706767855126,,,,0.14307903846498685,0.13815807747819456,0.25402085198230523,0.021429549444310483,0.0002974326125784405,0.34328795318456107,0.013715121253316864,0.00025529257132936333,0.013987679569229514,1.3474712923662024,False
paper_poly4,softplus,"16,8,4",3,3,0,True,6.38682467979379e-05,1.4155628306704581e-05,2.898461629701254e-05,,,,0.10303698456157138,0.1020743578407013,0.3357596883079639,0.021442675341052205,4.2498324767416524e-05,0.008242453802742696,0.001921738880723224,0.00019906288826410768,0.004229364565078148,0.6543558442410115,False
paper_poly4,softplus,"16,8,4",3,3,0,True,8.814994362182915e-05,1.4155628306704581e-05,3.5552743602626544e-05,,,,0.06392370320967349,0.061291477579851726,0.0636917925780577,0.021444268183749535,3.865218005915461e-05,0.012561021615937543,0.00369352343302134,8.523622924880225e-06,0.005626423522618951,0.7942928883031644,False
paper_poly4,softplus,"16,8,4",3,3,0,True,0.00010842335177585483,1.4155628306704581e-05,4.85836049963741e-05,,,,0.10786093848854178,0.09521927528405354,0.08729515417407784,0.021452811146363354,6.670929851982267e-05,0.012035349125358547,0.0031289247668597436,8.856820093616367e-05,0.006650256828078196,0.8841936782670191,False
paper_poly4,softplus,"16,8,4",3,3,0,True,1.8777751392917708e-05,1.4155628306704581e-05,1.1611670008782799e-05,,,,0.08925624594759,0.0815941482829664,0.024832401920306748,0.021449403778460253,1.7200878803362273e-05,0.008114316913111423,0.0019140840881587877,3.4071616437941456e-05,0.0005709336715144864,0.12271443437201876,False
paper_poly4,softplus,"16,8,4",3,3,0,True,6.872096128063276e-05,1.4155628306704581e-05,2.7461528509284473e-05,,,,0.09359295254573989,0.09402313669583501,0.0776904695478773,0.021449232145631315,3.599343600029585e-05,0.008853872503005329,0.003929923038741691,9.52858369914042e-06,0.00452741407286627,0.6861600752816325,False
paper_poly4,softplus,"16,8,4",3,3,0,True,5.55937149329111e-05,1.4155628306704581e-05,1.788835587606189e-05,,,,0.07659404420978842,0.0725446381190452,0.00666164970572999,0.02145088831782293,2.2487885401649076e-05,0.0075852991589047125,0.002398737340331994,1.0975031495015103e-05,0.003693722677028527,0.5940965452522953,False
paper_poly4,softplus,"16,8,4",3,3,0,True,0.0001556111965328455,1.4155628306704581e-05,7.709399838422027e-05,,,,0.09637954875504749,0.10310502755583206,0.06594963062283997,0.02145064187535452,9.200894764234234e-05,0.00837578274554382,0.004151979058026033,3.2902632144525784e-06,0.008712025073907975,1.0411116915534087,False
paper_poly4,softplus,"16,8,4",3,3,0,True,4.1320337913930416e-05,1.4155628306704581e-05,1.7674841144995365e-05,,,,0.12585141782659057,0.11077888970310294,0.03736203545229636,0.021443198132195498,2.60062984956442e-05,0.014459111052499498,0.0035576905622294996,2.2175047506736728e-05,0.0026656931388021462,0.46523471391251736,False
paper_poly4,softplus,"16,8,4",3,3,0,True,0.0001035288514685817,1.4155628306704581e-05,4.512068611804654e-05,,,,0.05884382877148158,0.06936670491745338,0.04143410049687712,0.021447606363055344,5.6971162754919724e-05,0.00889638304228046,0.0049544104309284746,3.9128917564543286e-06,0.006412516230794867,0.8641322454789789,False
paper_poly4,softplus,"16,8,4",3,3,0,True,3.706691131810658e-05,1.4155628306704581e-05,1.0456036671772713e-05,,,,0.1704591928489354,0.17982650505252018,0.0419540765940751,0.021445173368787724,1.543331129700396e-05,0.00997221403287653,0.001597234901361441,5.98818076300354e-05,0.0023258635049974077,0.418057248424539,False
paper_poly4,softplus,"16,8,4",3,3,0,True,0.00011472577170934528,1.4155628306704581e-05,5.10406655936694e-05,,,,0.13897171506046607,0.128107786021904,0.004191744812047866,0.02144721752923843,5.807279555796934e-05,0.0115833992436385,0.00565588561131687,0.00043256902544486247,0.006948615085941236,0.9087318371127457,False
paper_poly4,softplus,"16,8,4",3,3,0,True,0.0002716859453357756,1.4155628306704581e-05,0.00016439156181889886,,,,0.09953263926965306,0.09596650654756546,0.06488503551713236,0.02143645253515325,0.00019654227157194488,0.009240169043093962,0.007688134661678235,5.1921532616158595e-05,0.012720501954617547,1.2831380218155248,False
paper_poly4,softplus,"16,8,4",3,3,0,True,4.85601085529197e-05,1.4155628306704581e-05,1.1872489757168659e-05,,,,0.09479754762770487,0.08338529694203921,0.09350465457232958,0.02144962692252045,1.3904642333934365e-05,0.009815755698858638,0.002888112062727878,3.2021311652289357e-06,0.0032061117274876294,0.5353504983349604,False
paper_poly4,softplus,"16,8,4",3,3,0,True,0.00012598179455380887,1.4155628306704581e-05,5.827961809450964e-05,,,,0.1617101628688539,0.14435980063904272,0.5081371680296477,0.021452130280434516,6.0194511643433025e-05,0.010529293376366993,0.006135729367788689,0.00014598565062660666,0.007461764578589898,0.9493786398168216,False
paper_poly4,softplus,"16,8,4",3,3,0,True,0.00011768777767429128,1.4155628306704581e-05,5.605770981224301e-05,,,,0.20359071349041682,0.19313436716718568,0.1839234356673047,0.021451955250148542,7.453062391602343e-05,0.009322314110415161,0.0053467724457586805,9.307874544074524e-05,0.0070860031574080775,0.9198022114728078,False
paper_poly4,softplus,"16,8,4",3,3,0,True,0.00038506987038999796,1.4155628306704581e-05,0.000295421500323707,,,,0.3509263004424034,0.3019352357369705,0.36221008784441405,0.021431486555962203,0.00033233286160402854,0.05078648880023637,0.012615437442933464,0.0002970687469333735,0.01586080063456616,1.4346103882156238,False
paper_poly4,softplus,"16,8,4",3,3,0,True,7.243933214340359e-05,1.4155628306704581e-05,3.2902701812972955e-05,,,,0.15121860914446658,0.1444624635174057,0.11553300657402667,0.021446774576591474,4.30755855656789e-05,0.012190119733907039,0.0021473630619712894,0.00010074349082315776,0.004748733280752122,0.7090452870994757,False
paper_poly4,softplus,"16,8,4",3,3,0,True,0.21352708339691162,1.4155628306704581e-05,0.21689188482339414,,,,0.29868310027956685,0.4125386181756232,0.028947282153812624,0.021430952684566244,0.216465280776655,0.10599476198883617,0.1335065499061649,0.2254792065092824,0.4583275117304253,4.178523817427357,False
paper_poly4,softplus,"16,8,4",3,3,0,True,3.675038169603795e-05,1.4155628306704581e-05,1.3565205294037124e-05,,,,0.054725782968440904,0.057642783162293786,0.11439873567056115,0.02145918869340825,1.9327187291843262e-05,0.007054055464046534,0.0022867469931403834,0.00013213901089421072,0.002299812690757088,0.4143327035338161,False
paper_poly4,softplus,"16,8,4",3,3,0,True,0.00012891720689367503,1.4155628306704581e-05,6.08445077588607e-05,,,,0.10672931951276544,0.10193644852241086,0.09063327430437672,0.021442720710108536,7.600261884201239e-05,0.008671825894442172,0.005250789116822358,2.5608865568022667e-06,0.007591774725918221,0.9593817369947446,False
paper_poly4,softplus,"16,8,4",3,3,0,True,0.00014752495917491615,1.4155628306704581e-05,7.316245254053708e-05,,,,0.0892826184752592,0.07946600714352736,0.04508154294134898,0.021448834482907735,8.49373615884103e-05,0.008048333094131933,0.005244058477364837,2.335984243408203e-05,0.008383588693584559,1.0179363525572693,False
paper_poly4,softplus,"16,8,4",3,3,0,True,0.00015628436813130975,1.4155628306704581e-05,7.996568104302369e-05,,,,0.05594158674023761,0.05111432900217319,0.09622855800098479,0.02143136556573204,9.763011317460333e-05,0.007542236743836031,0.00394479908311222,2.7536868420169463e-05,0.008738978032255075,1.042986390636531,False
paper_poly4,softplus,"16,8,4",3,3,0,True,9.363307071907911e-06,1.4155628306704581e-05,1.3300855302313078e-05,,,,0.08596965152760537,0.08101850238226886,0.23406110021569457,0.02144774646319545,1.9976246157404596e-05,0.00481372806409114,0.0013005628470851285,2.8717724702356654e-05,0.0007024444818525288,-0.17949988415943618,False
paper_poly4,softplus,"16,8,4",3,3,0,True,3.3442116546211764e-05,1.4155628306704581e-05,8.258001784762118e-06,,,,0.09379373968584394,0.08693393109662584,0.029236043904995124,0.02145044310290594,1.0718863998012186e-05,0.007453784772628555,0.0019246288685418203,7.221443024468509e-06,0.00202051930331736,0.373364605495181,False
paper_poly4,softplus,"16,8,4",3,3,0,True,5.8531866670819e-05,1.4155628306704581e-05,2.734575341038977e-05,,,,0.1831813128156686,0.18745155530850408,0.11229376579962497,0.021447646826468734,4.1959781965384374e-05,0.01265312250872085,0.0017598462099299155,0.0009634958901961476,0.0038882155588021786,0.6164632240808183,False
paper_poly4,softplus,"16,8,4",3,3,0,True,8.32630685181357e-05,1.4155628306704581e-05,4.622980930628305e-05,,,,0.09355409058468857,0.09137663660398421,0.1963771597274061,0.02144328688938408,6.985928039208491e-05,0.011766490872441724,0.003310370467175706,0.003223667716085123,0.005362463300315873,0.7695232614568336,False
paper_poly4,softplus,"16,8,4",3,3,0,True,0.0001486667024437338,1.4155628306704581e-05,7.477568293541345e-05,,,,0.06579952522605743,0.0704885320533747,0.21724382887711727,0.02144729671451348,9.323357278158714e-05,0.022761479559108705,0.00464068792565204,6.651502274807705e-05,0.008430498955164758,1.0212845579367067,False
paper_poly4,softplus,"16,8,4",3,3,0,True,6.775309429940535e-06,1.4155628306704581e-05,2.527559294843756e-05,,,,0.2105157649224424,0.21181883476180988,0.09248555109781668,0.021449292044730905,3.4677625630984295e-05,0.02495567896243117,0.001557038114344886,0.00025429550214414785,0.0011594541612776855,-0.3200000162417069,False
paper_poly4,softplus,"16,8,4",3,3,0,True,0.00012926416820846498,1.4155628306704581e-05,6.021401202993491e-05,,,,0.050386355955161055,0.051067974128147196,0.0738553156678295,0.0214435718155469,7.661252261026883e-05,0.01001080389506984,0.003264602798285983,5.140809992561937e-05,0.007607043483511668,0.9605490053548106,False
paper_poly4,softplus,"16,8,4",3,3,0,True,9.408851474290714e-05,1.4155628306704581e-05,5.093438593457623e-05,,,,0.25792460934027367,0.25112029224548343,0.17711428796746675,0.02142367693635848,7.052591087601905e-05,0.01524726683358913,0.005357884601791137,0.0013232087782314174,0.0059375268226430555,0.8226074623556207,False
paper_poly4,softplus,"16,8,4",3,3,0,False,3.863064557663165e-05,1.700580000994292e-05,1.0279303004158217e-05,,,,0.09323304508393415,0.09261140935924672,0.03503222024273953,0.021449029744006462,1.5527068458795475e-05,0.010657098176996501,0.0011438058321000166,7.961122106379404e-06,0.0020915467073728605,0.35633489850418665,False
paper_poly4,softplus,"16,8,4",3,3,0,False,0.00020379459601826966,1.700580000994292e-05,0.00010895819315864477,,,,0.06388424123467941,0.06334799062427271,0.12322235919471225,0.021440576111909467,0.00013328565577613014,0.011200277777447486,0.006305267275630333,1.4198327205562284e-05,0.010151855548383548,1.0785955963004072,False
paper_poly4,softplus,"16,8,4",3,3,0,False,0.00012141408660681918,1.700580000994292e-05,6.089460432251952e-05,,,,0.1977643554015244,0.12591309221605881,0.036558969502908066,0.021423416316013806,5.587076065686362e-05,0.046321918496673,0.005959816444639966,4.710785516713935e-05,0.0068949971225538914,0.8536720096048599,False
paper_poly4,softplus,"16,8,4",3,3,0,False,6.627392576774582e-05,1.700580000994292e-05,2.6130222975133114e-05,,,,0.07563767741181468,0.0740703890405508,0.12080526911170891,0.021447839998010615,3.617449201622661e-05,0.008511227978537834,0.0016872945794347794,1.28687647052617e-05,0.004017070993451372,0.5907456295745399,False
paper_poly4,softplus,"16,8,4",3,3,0,False,3.425221802899614e-05,1.700580000994292e-05,1.2898167076697832e-05,,,,0.10368661019241371,0.10386107323041094,0.09959408189154324,0.02144738618643784,1.861589821163614e-05,0.007553765621512708,0.0020592088919362365,1.2033498975582427e-05,0.0017287305311435653,0.30409163239548254,False
paper_poly4,softplus,"16,8,4",3,3,0,False,4.7805020585656166e-05,1.700580000994292e-05,1.3263701808157368e-05,,,,0.06816827937976498,0.06235341420274723,0.07572573114908389,0.021449927978940086,1.93800250018754e-05,0.00938784116119229,0.0008252345804299378,7.969013502295669e-06,0.0027903085640701526,0.44887644212381944,False
paper_poly4,softplus,"16,8,4",3,3,0,False,6.474526162492111e-05,1.700580000994292e-05,2.764521243197964e-05,,,,0.1229502363199458,0.10815366842456169,0.13835210556440586,0.021442361192348457,3.554461247244754e-05,0.010941518011252106,0.002510295472821357,2.427877592905506e-05,0.003922635115873264,0.5806109227006224,False
paper_poly4,softplus,"16,8,4",3,3,0,False,6.88128056935966e-05,1.700580000994292e-05,3.569465633248582e-05,,,,0.13878832478346423,0.12985455385880865,0.07310760468286186,0.02145082748842963,5.278191394480106e-05,0.016236146942144473,0.0007428121723958464,3.96373961291783e-05,0.004171539516987995,0.6070721982070859,False
paper_poly4,softplus,"16,8,4",3,3,0,False,0.0012139915488660336,1.700580000994292e-05,0.0011730539229822434,,,,0.6616462909036109,0.5485886629716131,0.21413680816799396,0.021434874584349277,0.00155384452176571,0.049006840806138034,0.013534007453231725,0.001183861013364918,0.030718572583784895,1.8536185960128881,False
paper_poly4,softplus,"16,8,4",3,3,0,False,0.00010258644033456221,1.700580000994292e-05,3.7895242015836085e-05,,,,0.18988259768594462,0.15684781942557532,0.1689509919239692,0.021452482320728106,4.4758615757313215e-05,0.00605226119091413,0.0024927525263032627,3.182115394940812e-05,0.006004687529692799,0.7804928929944549,False
paper_poly4,softplus,"16,8,4",3,3,0,False,0.00015874816745053977,1.700580000994292e-05,0.00016669172517387294,,,,0.1448374880110596,0.10791654232126703,0.03012362824793874,0.021425990724050638,0.0002523794198237666,0.04787390630397802,0.0018897975472416176,0.0001642705598431247,0.008475721525483093,0.9701116531849611,False
paper_poly4,softplus,"16,8,4",3,3,0,False,3.0279281418188475e-05,1.700580000994292e-05,8.519542627602884e-06,,,,0.14031637989281276,0.13290901353346182,0.10147668513414398,0.021447163867089405,1.260313575477047e-05,0.008577187266876821,0.001078701998238857,7.379983832135666e-06,0.0013788523830870827,0.25054849694087095,False
paper_poly4,softplus,"16,8,4",3,3,0,False,3.6172092222841457e-05,1.700580000994292e-05,1.5791333321645464e-05,,,,0.07869772813797808,0.08299259641282876,0.2446781071101375,0.02144833219375282,2.5196327847527145e-05,0.014398734991674307,0.00027381901563749213,1.2558009364964656e-05,0.0018905150005240077,0.327776562009235,False
paper_poly4,softplus,"16,8,4",3,3,0,False,6.929348455742002e-05,1.700580000994292e-05,2.507292969397238e-05,,,,0.09815898989409677,0.09967213239816014,0.1984706712025753,0.021442461449190424,3.7715520533400374e-05,0.012078258402376512,0.0021457404272462437,1.9683380576986715e-05,0.00420046189220053,0.6100953338036119,False
paper_poly4,softplus,"16,8,4",3,3,0,False,0.00021347288566175848,1.700580000994292e-05,0.00011425288602133648,,,,0.23113291460330868,0.23966231651287126,0.06308904792410226,0.02144390228360579,0.00013450618350416003,0.007164931629202873,0.007995327896829938,7.635242076703291e-06,0.010486902413034203,1.0987456533680255,False
paper_poly4,softplus,"16,8,4",3,3,0,False,5.387537748902105e-05,1.700580000994292e-05,2.3830395956305423e-05,,,,0.08469720854076741,0.0820210149171462,0.23439030052772925,0.021450174773030344,3.638278961088778e-05,0.0131969668656086,0.001407868652591031,2.0036662127330933e-05,0.0032161759224065677,0.5007932587336927,False
paper_poly4,softplus,"16,8,4",3,3,0,False,3.704844129970297e-05,1.700580000994292e-05,9.723492261163376e-06,,,,0.15555535944165558,0.12100378444874332,0.15909244077402682,0.021452842886455024,1.0238975300398857e-05,0.0772018183920061,0.0018230153054735378,7.039912383426814e-06,0.0019629341580201702,0.33817287366224347,False
paper_poly4,softplus,"16,8,4",3,3,0,False,2.492429848643951e-05,1.700580000994292e-05,1.7210656619659062e-05,,,,0.1784064364124294,0.20098348908969377,0.1496203024408585,0.021450096470641652,2.655165607278449e-05,0.014419229098099486,0.00035940127371010994,2.194982657564608e-05,0.0008686151890777106,0.16602587618308573,False
paper_poly4,softplus,"16,8,4",3,3,0,False,4.581372195389122e-05,1.700580000994292e-05,1.392244710038898e-05,,,,0.07340949881758008,0.06973997306874372,0.09725031966691579,0.021435899375718444,1.9973027760967865e-05,0.010711470498123012,0.002190220720947472,1.3086315860033209e-05,0.002644774532377941,0.43039850831950366,False
paper_poly4,softplus,"16,8,4",3,3,0,False,0.0003150652046315372,1.700580000994292e-05,0.0002640486704209371,,,,0.14307903846498685,0.13815807747819456,0.25402085198230523,0.021429549444310483,0.00029357667665970454,0.3422346365532295,0.013451250775867825,0.00024383916863711041,0.013626267266486213,1.2678033755159606,False
paper_poly4,softplus,"16,8,4",3,3,0,False,6.38682467979379e-05,1.700580000994292e-05,2.6297931229491813e-05,,,,0.10303698456157138,0.1020743578407013,0.3357596883079639,0.021442675341052205,3.850518189157111e-05,0.008400731641469636,0.0016552642739379507,1.4992901015317884e-05,0.0038679522623348466,0.5746879273907697,False
paper_poly4,softplus,"16,8,4",3,3,0,False,8.814994362182915e-05,1.700580000994292e-05,3.2726984075723265e-05,,,,0.06392370320967349,0.061291477579851726,0.0636917925780577,0.021444268183749535,3.54895621465573e-05,0.012616517344559194,0.003427538630287821,7.757090305078433e-06,0.00526501121987565,0.7146249714529227,False
paper_poly4,softplus,"16,8,4",3,3,0,False,0.00010842335177585483,1.700580000994292e-05,4.388791337608418e-05,,,,0.10786093848854178,0.09521927528405354,0.08729515417407784,0.021452811146363354,6.0181339146796853e-05,0.012183631259172007,0.0028627956123661066,1.2000824759262828e-05,0.0062888445253348945,0.8045257614167773,False
paper_poly4,softplus,"16,8,4",3,3,0,False,1.8777751392917708e-05,1.700580000994292e-05,1.1506786102579744e-05,,,,0.08925624594759,0.0815941482829664,0.024832401920306748,0.021449403778460253,1.7256776653188317e-05,0.00827302737633732,0.001648284112943985,2.0112606653501234e-05,0.0002095213687711853,0.043046517521777,False
paper_poly4,softplus,"16,8,4",3,3,0,False,6.872096128063276e-05,1.700580000994292e-05,2.3002861290541147e-05,,,,0.09359295254573989,0.09402313669583501,0.0776904695478773,0.021449232145631315,2.9876217562892032e-05,0.009043715891380382,0.003663865036178943,2.3951105607265664e-05,0.004166001770122969,0.6064921584313906,False
paper_poly4,softplus,"16,8,4",3,3,0,False,5.55937149329111e-05,1.700580000994292e-05,1.5415739988881505e-05,,,,0.07659404420978842,0.0725446381190452,0.00666164970572999,0.02145088831782293,1.9326716802711545e-05,0.007710594778474189,0.0021326803615456216,5.199120644601929e-06,0.003332310374285226,0.5144286284020535,False
paper_poly4,softplus,"16,8,4",3,3,0,False,0.0001556111965328455,1.700580000994292e-05,7.158088790356276e-05,,,,0.09637954875504749,0.10310502755583206,0.06594963062283997,0.02145064187535452,8.506645299456925e-05,0.008548114728322932,0.0038861675310712233,6.895865494290129e-05,0.008350612771164674,0.961443774703167,False
paper_poly4,softplus,"16,8,4",3,3,0,False,4.1320337913930416e-05,1.700580000994292e-05,1.4912529858219546e-05,,,,0.12585141782659057,0.11077888970310294,0.03736203545229636,0.021443198132195498,2.1889532781896254e-05,0.014533285836977817,0.003291359947673352,1.0523216774181874e-05,0.002304280836058845,0.38556679706227565,False
paper_poly4,softplus,"16,8,4",3,3,0,False,0.0001035288514685817,1.700580000994292e-05,4.075927891166447e-05,,,,0.05884382877148158,0.06936670491745338,0.04143410049687712,0.021447606363055344,5.121086098744482e-05,0.009062522194864907,0.004688001522508793,1.1093389961607732e-05,0.006051103928051566,0.7844643286287372,False
paper_poly4,softplus,"16,8,4",3,3,0,False,3.706691131810658e-05,1.700580000994292e-05,1.130254824376394e-05,,,,0.1704591928489354,0.17982650505252018,0.0419540765940751,0.021445173368787724,1.6883518530968086e-05,0.010437579215444324,0.0013311723123760556,1.4762523923524257e-05,0.0019644512022541066,0.33838933157429724,False
paper_poly4,softplus,"16,8,4",3,3,0,False,0.00011472577170934528,1.700580000994292e-05,4.8959560283691434e-05,,,,0.13897171506046607,0.128107786021904,0.004191744812047866,0.02144721752923843,5.649536519319675e-05,0.011953246625284495,0.0053899248385218075,3.249171271940097e-05,0.006587202783197935,0.8290639202625041,False
paper_poly4,softplus,"16,8,4",3,3,0,False,0.0002716859453357756,1.700580000994292e-05,0.00015730487947490098,,,,0.09953263926965306,0.09596650654756546,0.06488503551713236,0.02143645253515325,0.0001878580202010134,0.009371644587021204,0.007422043868879304,2.8483466864766086e-05,0.012359089651874246,1.2034701049652832,False
paper_poly4,softplus,"16,8,4",3,3,0,False,4.85601085529197e-05,1.700580000994292e-05,1.0081893929320795e-05,,,,0.09479754762770487,0.08338529694203921,0.09350465457232958,0.02144962692252045,1.1840556297380497e-05,0.009838356905327434,0.002622191261123785,4.62032591945367e-06,0.0028446994247443283,0.4556825814847187,False
paper_poly4,softplus,"16,8,4",3,3,0,False,0.00012598179455380887,1.700580000994292e-05,5.466207034170769e-05,,,,0.1617101628688539,0.14435980063904272,0.5081371680296477,0.021452130280434516,5.657324059993501e-05,0.010925677068095448,0.0058700370033397745,5.454003703961084e-06,0.007100352275846597,0.8697107229665798,False
paper_poly4,softplus,"16,8,4",3,3,0,False,0.00011768777767429128,1.700580000994292e-05,5.1986518083544896e-05,,,,0.20359071349041682,0.19313436716718568,0.1839234356673047,0.021451955250148542,6.924335151726046e-05,0.009264429592519694,0.005080435217015798,3.811009226310852e-05,0.006724590854664776,0.840134294622566,False
paper_poly4,softplus,"16,8,4",3,3,0,False,0.00038506987038999796,1.700580000994292e-05,0.0002862903474421346,,,,0.3509263004424034,0.3019352357369705,0.36221008784441405,0.021431486555962203,0.00032238032123539076,0.05132140362369313,0.012351470888611408,0.00022010231046210444,0.01549938833182286,1.3549424713653822,False
paper_poly4,softplus,"16,8,4",3,3,0,False,7.243933214340359e-05,1.700580000994292e-05,3.113477528446849e-05,,,,0.15121860914446658,0.1444624635174057,0.11553300657402667,0.021446774576591474,4.097525973015317e-05,0.012149586900673704,0.0018811011824147214,1.6838293517022174e-05,0.004387320978008821,0.6293773702492339,False
paper_poly4,softplus,"16,8,4",3,3,0,False,0.21352708339691162,1.700580000994292e-05,0.21709906514613636,,,,0.29868310027956685,0.4125386181756232,0.028947282153812624,0.021430952684566244,0.21664816096697626,0.1086077650962113,0.1337011509547665,0.2171127972125995,0.457966099427682,4.0988559005771155,False
paper_poly4,softplus,"16,8,4",3,3,0,False,3.675038169603795e-05,1.700580000994292e-05,1.3146021626401845e-05,,,,0.054725782968440904,0.057642783162293786,0.11439873567056115,0.02145918869340825,1.8946192119104938e-05,0.0074708402031719995,0.0020204029163590626,3.5338966454413005e-05,0.0019384003880137867,0.3346647866835744,False
paper_poly4,softplus,"16,8,4",3,3,0,False,0.00012891720689367503,1.700580000994292e-05,5.60431760848414e-05,,,,0.10672931951276544,0.10193644852241086,0.09063327430437672,0.021442720710108536,6.99262225228946e-05,0.008879559217420487,0.004984677473122352,2.416779934497896e-06,0.00723036242317492,0.8797138201445027,False
paper_poly4,softplus,"16,8,4",3,3,0,False,0.00014752495917491615,1.700580000994292e-05,6.91055487749924e-05,,,,0.0892826184752592,0.07946600714352736,0.04508154294134898,0.021448834482907735,8.03442866084115e-05,0.0083402509579312,0.004978105547911139,8.294434406984201e-06,0.008022176390841258,0.9382684357070276,False
paper_poly4,softplus,"16,8,4",3,3,0,False,0.00015628436813130975,1.700580000994292e-05,7.539625909877106e-05,,,,0.05594158674023761,0.05111432900217319,0.09622855800098479,0.02143136556573204,9.217694344089539e-05,0.007588209147036847,0.0036792569012187287,1.0699006179322201e-05,0.008377565729511774,0.9633184737862894,False
paper_poly4,softplus,"16,8,4",3,3,0,False,9.363307071907911e-06,1.700580000994292e-05,1.5194125669830659e-05,,,,0.08596965152760537,0.08101850238226886,0.23406110021569457,0.02144774646319545,2.2837706412455497e-05,0.004838374512059954,0.0010344174980677302,1.9401028556893066e-05,0.0010638567845958299,-0.2591678010096779,False
paper_poly4,softplus,"16,8,4",3,3,0,False,3.3442116546211764e-05,1.700580000994292e-05,7.0731499757288615e-06,,,,0.09379373968584394,0.08693393109662584,0.029236043904995124,0.02145044310290594,9.418559714385029e-06,0.0074548145691546745,0.0016587351736472625,7.39892712829172e-06,0.001659107000574059,0.29369668864493925,False
paper_poly4,softplus,"16,8,4",3,3,0,False,5.8531866670819e-05,1.700580000994292e-05,2.6925616684261928e-05,,,,0.1831813128156686,0.18745155530850408,0.11229376579962497,0.021447646826468734,4.1612990305427594e-05,0.01322458481164671,0.001493493378127048,2.30253658043708e-05,0.0035268032560588775,0.5367953072305766,False
paper_poly4,softplus,"16,8,4",3,3,0,False,8.32630685181357e-05,1.700580000994292e-05,4.7484579833382895e-05,,,,0.09355409058468857,0.09137663660398421,0.1963771597274061,0.02144328688938408,7.266337887902716e-05,0.011925767952240724,0.003044465719680853,5.373819114105826e-05,0.005001050997572572,0.6898553446065919,False
paper_poly4,softplus,"16,8,4",3,3,0,False,0.0001486667024437338,1.700580000994292e-05,7.02460270118499e-05,,,,0.06579952522605743,0.0704885320533747,0.21724382887711727,0.02144729671451348,8.73829583327533e-05,0.023461917157433218,0.0043741794636546405,1.2343295381056081e-05,0.008069086652421457,0.9416166410864648,False
paper_poly4,softplus,"16,8,4",3,3,0,False,6.775309429940535e-06,1.700580000994292e-05,2.7513216554274508e-05,,,,0.2105157649224424,0.21181883476180988,0.09248555109781668,0.021449292044730905,3.731616491536189e-05,0.025603954667034797,0.0018231076754431771,3.6897048357117744e-05,0.0015208664640209866,-0.39966793309194865,False
paper_poly4,softplus,"16,8,4",3,3,0,False,0.00012926416820846498,1.700580000994292e-05,5.6757157042749877e-05,,,,0.050386355955161055,0.051067974128147196,0.0738553156678295,0.0214435718155469,7.24821223165092e-05,0.01011231944955609,0.002998711226452912,1.3818311073134264e-05,0.007245631180768367,0.8808810885045688,False
paper_poly4,softplus,"16,8,4",3,3,0,False,9.408851474290714e-05,1.700580000994292e-05,5.124612339198365e-05,,,,0.25792460934027367,0.25112029224548343,0.17711428796746675,0.02142367693635848,7.237544240851551e-05,0.015576235464143514,0.005091759545257276,3.760876035860588e-05,0.005576114519899754,0.7429395455053789,False
paper_poly4,tanh,4,1,3,0,True,0.00015302473912015557,0.0015298232667193276,0.001110632948997547,0.3486927773360736,0.3519411250932202,0.705,0.1355968667727271,0.12994089642490994,0.4528721645689332,0.021357901075063704,0.0016227210740545287,0.02976764743910488,0.0009637242287740587,0.0013273773965754307,0.026742638372568434,-0.9998796139409564,False
paper_poly4,tanh,4,1,3,0,True,0.0002847897703759372,0.0015298232667193276,0.0008395958575228331,7.17175465760876,7.188255427491684,0.585,0.10233930253551848,0.11592385362009777,0.17620510872398776,0.021416455128548097,0.0012450356405162065,0.0264393115658164,0.0006953604678457355,0.001411708723420708,0.022237239825280336,-0.7301168762937623,False
paper_poly4,tanh,4,1,3,0,True,0.00013264220615383238,0.0015298232667193276,0.0010225608401016697,0.26127189397242456,0.2635671722807114,0.715,0.10192248150867823,0.08754025860467032,0.2283110719891597,0.021392799887268978,0.0015246508330529088,0.03192623278227486,0.0024680877741211785,0.0010292700534793747,0.027595915411337865,-1.0619595251068885,False
paper_poly4,tanh,4,1,3,0,True,0.0002939760743174702,0.0015298232667193276,0.0011828527636962149,0.4361758145140812,0.4352056576323428,0.79,0.1440894963261352,0.14091598682087447,0.3658916552319864,0.021311753084875554,0.0018372237820552752,0.03486961328480981,0.00031542978598297417,0.0011824057997977765,0.02196722473044566,-0.7163292755739065,False
paper_poly4,tanh,4,1,3,0,True,0.00023158546537160873,0.0015298232667193276,0.001044371957988676,0.3173610075018497,0.3184144415864404,0.695,0.18598000078203142,0.16930910357390988,0.2568813419433729,0.021400153775726974,0.0015847090847164638,0.02545500748395066,0.00032999537341649014,0.0013287712341919424,0.02389502286675406,-0.819929962737978,False
paper_poly4,tanh,4,1,3,0,True,0.00022768350027035922,0.0015298232667193276,0.0009241434439771067,2.5303678624115253,2.53323494682348,0.67,0.07465121611582609,0.06993053676629592,0.2485640376059762,0.021413659851059343,0.0014134760286902469,0.032817272195362804,0.0010525796824031488,0.0011015069519408876,0.024023770351063227,-0.827309702342388,False
paper_poly4,tanh,4,1,3,0,True,0.0002305013913428411,0.0015298232667193276,0.0009706909910151996,0.04828191583261966,0.05113283299753817,0.6,0.11394442079662517,0.11901997006468745,0.2647036841894165,0.021412267866833902,0.0014730794789088383,0.03644640536699861,0.002479704839463877,0.0011207081802384062,0.0239306829566061,-0.8219677105145667,False
paper_poly4,tanh,4,1,3,0,True,6.636197213083506e-05,0.0015298232667193276,0.0011363965108541377,0.2662388696342036,0.26781974937118264,0.69,0.1463416947129112,0.13255263220315128,0.3663774841822869,0.021389041365138736,0.00164135785665078,0.032492823468065986,0.003612583079129326,0.0010588331822237022,0.030966669441210577,-1.3627219779040631,False
paper_poly4,tanh,4,1,3,0,True,0.0002568576892372221,0.0015298232667193276,0.0009058567518687186,1.335727145161206,1.33946401485602,0.625,0.07477509503443575,0.06997030718179624,0.34083672360941075,0.021418810283825394,0.0013892784546722535,0.02920062174026295,0.0017367866494537472,0.0011624881958952622,0.023086174852141636,-0.7749486905159896,False
paper_poly4,tanh,4,1,3,0,True,0.00028320023557171226,0.0015298232667193276,0.0008696915522726606,2.4897077083769417,2.5067228429260764,0.675,0.11893577114490177,0.13232681822777165,0.35623044789881597,0.02137698542840092,0.001292044010022999,0.03141573452314078,0.001881644577412499,0.0012456467780566248,0.022284401055123852,-0.7325476514454424,False
paper_poly4,tanh,4,1,3,0,True,0.00018623632786329836,0.0015298232667193276,0.0010307063521491613,0.3295426697207569,0.33304772696057616,0.655,0.1805232830710373,0.18084517663278843,0.48398713640232105,0.021350393476185094,0.0015329913859073057,0.032425145820338126,0.0013004988143769242,0.001079357607003212,0.025466112082230843,-0.9145768619166178,False
paper_poly4,tanh,4,1,3,0,True,0.00010617406951496378,0.0015298232667193276,0.0012929682371635293,2.815271181810118,2.817279553431992,0.52,0.17082480095866298,0.14791333717653007,0.5164833087925937,0.02137698774764155,0.0019334700349108534,0.04066072146995128,0.0018920136049238657,0.0012560571093111162,0.028808874992417657,-1.1586227980954946,False
paper_poly4,tanh,4,1,3,0,True,0.0002691424742806703,0.0015298232667193276,0.0010156256173222606,3.91341035817983,3.916706794447525,0.71,0.10892029899551284,0.10899328176389332,0.39960053308857735,0.021375407244766106,0.0015649870958717718,0.036010288024287414,0.00234024315830663,0.0012161070978202867,0.02270739293166449,-0.7546590210704841,False
paper_poly4,tanh,4,1,3,0,True,0.0002923693391494453,0.0015298232667193276,0.0008845519636685044,0.703194081748549,0.7007162283315922,0.445,0.1032819125095848,0.09964317075689427,0.7273053905856312,0.021367097441422837,0.0013317946535094547,0.023612549100717223,0.0015768077578801325,0.0013461620639906107,0.02201414418375478,-0.7187094356226282,False
paper_poly4,tanh,4,1,3,0,True,0.0001963108079507947,0.0015298232667193276,0.0011627083394607598,7.634991277179766,7.6400136502400775,0.725,0.11186314454515991,0.1054350468112498,0.3047115784689597,0.02140020343332511,0.001778154763982181,0.03205530114474396,8.40021138464431e-05,0.0013233556856106431,0.025101859341801785,-0.8916970512462717,False
paper_poly4,tanh,4,1,3,0,True,0.00012491628876887262,0.0015298232667193276,0.0010117043607667394,1.0071592446653663,1.0084788858921534,0.66,0.13083878658852693,0.11522729650358764,0.47610624340121743,0.021333858974155812,0.0015087793533559014,0.03803565039190083,0.0003677726194417298,0.001029642219648151,0.02793635964821489,-1.0880221887469326,False
paper_poly4,tanh,4,1,3,0,True,0.0001716988190310076,0.0015298232667193276,0.0012096390110852668,0.5649687980929528,0.5627317740413605,0.765,0.0890498709955505,0.09357656500524429,0.424130186500176,0.02135278584083166,0.0018349884624617812,0.0330280379998136,0.003945601521002618,0.001090500253368805,0.026009565627837166,-0.9498739536865671,False
paper_poly4,tanh,4,1,3,0,True,0.00019552125013433397,0.0015298232667193276,0.000987543046853328,0.2503203563593885,0.253281155129605,0.685,0.10166647686720576,0.10038189344408963,0.6027282416178006,0.021412689103603826,0.0014626450900302867,0.024037120265556475,0.0009569997055126595,0.0012401113204029467,0.025130063891948745,-0.8934472963314388,False
paper_poly4,tanh,4,1,3,0,True,0.00020748897804878652,0.0015298232667193276,0.0009890823112301385,0.38536842858440445,0.38759239640239196,0.675,0.1307289943403797,0.12836363503490106,0.4464960639071067,0.02138021452891562,0.00146736323758887,0.025019754544141924,0.00042600354184578373,0.0013335524992481617,0.024708477520366465,-0.8676462300664688,False
paper_poly4,tanh,4,1,3,0,True,0.00026619687560014427,0.0015298232667193276,0.0012788938128360464,0.053173268846046,0.05609797190824138,0.815,0.049482081524685764,0.04869744045509857,0.5017974991808654,0.0213595399528497,0.0019022436675323016,0.034148235655526,0.0020200084671921294,0.0012178857372740575,0.022797414305966844,-0.7594383079409515,False
paper_poly4,tanh,4,1,3,0,True,0.00029356786399148405,0.0015298232667193276,0.0009551697625990179,5.149442617988077,5.156495685698477,0.66,0.16223763967648608,0.156834104832484,0.13167940203158926,0.021403494269508754,0.0014700746561709204,0.0420981976657596,0.0034917863863448135,0.0012538379063535513,0.02197913300501675,-0.716932748808836,False
paper_poly4,tanh,4,1,3,0,True,0.0001852518762461841,0.0015298232667193276,0.0012070340865502347,1.3355093093889545,1.3358526557943855,0.715,0.11634763605689741,0.10873693973872578,0.24779663312626782,0.02132982187716828,0.001846422429879976,0.03895258738749814,0.0004404580735763243,0.0011966023953895056,0.02550222871439463,-0.9168786464745577,False
paper_poly4,tanh,4,1,3,0,True,0.0001930247963173315,0.0015298232667193276,0.0011445348666632915,0.32897102657414384,0.3296361964347827,0.725,0.11664613772619015,0.11281518190642911,0.24853658119236618,0.02138264647392678,0.001725273196421316,0.03309202608261737,0.0005680475594442153,0.0012084873455685445,0.025219618828886455,-0.8990281588656446,False
paper_poly4,tanh,4,1,3,0,True,0.00026530076866038144,0.0015298232667193276,0.0009742583447868912,2.136775780704763,2.139375549899144,0.705,0.09641862724128969,0.09563508372011571,0.3840060451273446,0.021364706049149963,0.0014984798986015224,0.03605654058077608,0.0023004951917498335,0.0011800924918918597,0.022824899216344955,-0.760902753445439,False
paper_poly4,tanh,4,1,3,0,True,0.00027345947455614805,0.0015298232667193276,0.0009530916147742013,14.840923575428167,14.84889426401076,0.63,0.19077214737108186,0.17900809370210868,0.2890945402962639,0.021428310788671093,0.0014694896190039443,0.0327417381680712,0.0033461955330223113,0.0011542351731616309,0.022576345099734607,-0.7477482867369514,False
paper_poly4,tanh,4,1,3,0,True,0.00014329193800222129,0.0015298232667193276,0.0009585347673967814,0.6353990747512623,0.6383447823583766,0.58,0.12495917886109244,0.11339941668043362,0.23699672086735987,0.021403584838546784,0.0014307342755545288,0.0351015401647269,0.0012292660012737865,0.0010318436730310408,0.027142494168108884,-1.0284195052333256,False
paper_poly4,tanh,4,1,3,0,True,0.00031069281976670027,0.0015298232667193276,0.0009610443252097158,15.586000339869678,15.608542230874475,0.565,0.17859443453518542,0.17896268702153828,0.06599465602375623,0.021433574107535013,0.001476736542829077,0.04209417300822998,0.003336624252733378,0.001291325177707514,0.02148647458825349,-0.6923100450636926,False
paper_poly4,tanh,4,1,3,0,True,0.00023077940568327904,0.0015298232667193276,0.000932601275330275,1.0253353022863514,1.0278047946367128,0.68,0.06807303642284267,0.06599974467248168,0.43012910921613856,0.021410180875477434,0.0014246119281980088,0.029015840622048584,0.0007160012071346576,0.0011158255113692147,0.023921529828678123,-0.8214442111218319,False
paper_poly4,tanh,4,1,3,0,True,0.00021797344379592687,0.0015298232667193276,0.0009335628174257298,4.914836023272582,4.919720070507925,0.62,0.09491080674917912,0.08919513116293942,0.24267786100286076,0.021424794277983092,0.0014250669457288318,0.03370234392423366,0.0014563707090431135,0.0011258195210430478,0.024349031502364737,-0.846237675982594,False
paper_poly4,tanh,4,1,3,0,True,0.00020343344658613205,0.0015298232667193276,0.0008776047751833081,12.83808286555243,12.85479128697211,0.61,0.15712612166315254,0.18096693839048422,0.4535274673737638,0.021404124269748383,0.0012918133116497955,0.02827914181948779,0.0011703439633604612,0.0013032301086678135,0.02484994549767855,-0.8762189047065789,False
paper_poly4,tanh,4,1,3,0,True,0.00024014676455408335,0.0015298232667193276,0.0010438450371575642,0.34159827164118395,0.3429500948267037,0.685,0.1893563724490488,0.17503636993167704,0.41613592525397014,0.021390778609895654,0.001591247458154557,0.028334323300425512,0.0002770033824868128,0.0012856343900533415,0.023616285762157928,-0.8041645218604291,False
paper_poly4,tanh,4,1,3,0,True,0.0002452628395985812,0.0015298232667193276,0.00108672142644544,0.7467077323805182,0.7469954629771971,0.655,0.19751807323577242,0.19409877618357155,0.5532885722711587,0.021346710300200307,0.0016350667593430773,0.030866435244406062,0.0010773601867602942,0.001551322450914393,0.023452085533827764,-0.795009509597594,False
paper_poly4,tanh,4,1,3,0,True,0.0002105061721522361,0.0015298232667193276,0.0010496658326751367,0.5220020762358906,0.5241048515135189,0.67,0.1371848946381039,0.1298805876936542,0.3889870295241971,0.021359179063469028,0.001591456422629996,0.03729809509927131,0.0018639259594479653,0.001241916328896882,0.024604124395261516,-0.8613764276161635,False
paper_poly4,tanh,4,1,3,0,True,9.488133946433663e-05,0.0015298232667193276,0.0012708533598482777,0.424049191947972,0.4235009947733433,0.78,0.05971474162652199,0.05755881688767554,0.47958684369715815,0.021400843452863496,0.0018854476916847157,0.032412247612202585,0.006093563680579961,0.001216174807534232,0.029372249942886525,-1.2074604546076428,False
paper_poly4,tanh,4,1,3,0,True,0.00027213842258788645,0.0015298232667193276,0.0010759522298648412,20.80763867342976,20.819421408370932,0.67,0.14426340119062445,0.1416396368644926,0.34150571135128893,0.02141122332051127,0.0016567671304644374,0.03863061623323823,0.004031485872813638,0.0012829387780073306,0.022616336708859753,-0.7498513985865971,False
paper_poly4,tanh,4,1,3,0,True,0.00019287673057988286,0.0015298232667193276,0.0014155519028184245,0.47255747717853924,0.46899103431636957,0.81,0.17021328903151367,0.17065066388931718,0.17080305715921718,0.021330247995335568,0.0021325321266831617,0.03709352973590144,0.004719863189116011,0.0011951424686959368,0.025224948511358057,-0.8993614259371976,False
paper_poly4,tanh,4,1,3,0,True,7.46605874155648e-05,0.0015298232667193276,0.0011891624404066835,0.9201144566770878,0.9247537212612456,0.65,0.12979340067407386,0.12452111105675964,0.5060690028996784,0.02136845897143159,0.0016783473085635766,0.0234374784908769,0.00018618377888123563,0.0019768019480084094,0.030472319406249237,-1.3115498591666606,False
paper_poly4,tanh,4,1,3,0,True,0.00022945871751289815,0.0015298232667193276,0.0009754620815195042,0.2491971156905221,0.25152869484482837,0.6,0.12343054660562482,0.10636487246622749,0.6348567733654784,0.021382004592615404,0.0014559633505818446,0.02846292125353565,0.0025272069996427216,0.001263888642601097,0.02396506040750304,-0.8239366998147574,False
paper_poly4,tanh,4,1,3,0,True,0.00020356368622742593,0.0015298232667193276,0.0008657629836101656,7.32088317595765,7.332521007035739,0.59,0.09398998583866022,0.10473237281912268,0.5413423149901686,0.021405836680173748,0.0012714070387111406,0.02485721191177228,0.00025335332472979877,0.001437670226516298,0.024845380584475888,-0.8759409550361296,False
paper_poly4,tanh,4,1,3,0,True,0.00022640815586782992,0.0015298232667193276,0.001114718153700969,0.7261430288559904,0.7273608156967019,0.655,0.17583969392863733,0.17941121105446417,0.5351418352628629,0.021368553094489783,0.0016952758655201295,0.031001354708055887,0.0012212151304301032,0.0014709102046418546,0.024066089911665697,-0.8297491943937835,False
paper_poly4,tanh,4,1,3,0,True,0.00014735537115484476,0.0015298232667193276,0.0011050592594645978,1.263600780393174,1.2638549304059263,0.51,0.1441580614959682,0.13941272680732297,0.14642329051522693,0.021426842974791267,0.0016618748227604676,0.033768068695740686,0.003364082451052897,0.0011443337834514775,0.026973953162806596,-1.0162752910579984,False
paper_poly4,tanh,4,1,3,0,True,0.0002624050248414278,0.0015298232667193276,0.0009111137493834354,0.33647805903922207,0.3393835548475072,0.7,0.09408343678358669,0.08919628410147548,0.14351689274507806,0.02140609025368681,0.0013966983651322899,0.031247797946705992,0.0018708721046969221,0.001125663746894627,0.02291403474483272,-0.7656691145512255,False
paper_poly4,tanh,4,1,3,0,True,0.0001588541199453175,0.0015298232667193276,0.0010939121519285208,0.6192154222115308,0.6174749596810656,0.765,0.07514425713703657,0.07240105737060601,0.20042007167364376,0.021374160201948544,0.0016552803435096175,0.03473738061846557,0.004106461078941013,0.0010616467062315132,0.026509220863589304,-0.9836427788074852,False
paper_poly4,tanh,4,1,3,0,True,0.00013750330253969878,0.0015298232667193276,0.0009992182781400607,1.0528422806003679,1.056181964872746,0.645,0.1031047291303365,0.09106749108909239,0.42585387387248547,0.021413111145678364,0.0015023719316590825,0.03457829923483017,0.0005924205129589487,0.001063913964748771,0.027386775009183198,-1.0463281325880698,False
paper_poly4,tanh,4,1,3,0,True,0.0002064490836346522,0.0015298232667193276,0.0010329195388726667,0.42441988332412994,0.4264334182265303,0.68,0.15795408238974018,0.15434481687978022,0.4801487234657751,0.021374067021630704,0.0015349430997580484,0.027364525288517336,7.293866450849613e-05,0.0014059552641281575,0.02474461908161113,-0.8698283022057991,False
paper_poly4,tanh,4,1,3,0,True,8.3125640230719e-05,0.0015298232667193276,0.0011102576782776152,5.564177748423501,5.5714634022828475,0.63,0.09519585950037232,0.10185504308746443,0.3526440756359604,0.021403099377945687,0.0015852903671503469,0.022164144945444136,0.002261339168876183,0.0017776299255493678,0.029995628853527852,-1.264906258473635,False
paper_poly4,tanh,4,1,3,0,True,0.00013292669609654695,0.0015298232667193276,0.0010198999627552537,4.916908961182488,4.9246859358796335,0.69,0.11517599970420803,0.12674520364519748,0.25951650522884406,0.021397487017186856,0.0014931621240665608,0.024186456754356454,0.001880111512584351,0.0013839633814880135,0.027583571199298412,-1.061029051256278,False
paper_poly4,tanh,4,1,3,0,True,6.349026079988107e-05,0.0015298232667193276,0.0012132535414354343,0.2796290462870076,0.28099797337230387,0.685,0.1949745935120736,0.16943649853495152,0.6950703404536935,0.0213774626667984,0.0017749323163745098,0.03515276421111934,0.002816362132122167,0.0009935631252430814,0.031144877618605786,-1.3819341506824343,False
paper_poly4,tanh,4,1,3,0,True,0.00020483143453020602,0.0015298232667193276,0.001005775300924112,0.35323858941636366,0.3562460993624623,0.675,0.16480908884835135,0.14942179763347208,0.41907027718702516,0.02138473488145018,0.0014998811113643201,0.02855827433840295,0.0006486923315517657,0.0012411122595116883,0.02480102193751637,-0.873244655140028,False
paper_poly4,tanh,4,1,3,0,True,0.00017179928545374423,0.0015298232667193276,0.0009226821041328239,10.888005687638481,10.903191805497075,0.625,0.15618498326359692,0.18049725040548187,0.36156248693952997,0.021399865442826627,0.0013490879235171739,0.026442847838841668,0.0011695748244163915,0.0013879191976512964,0.026005732584114413,-0.9496199085335629,False
paper_poly4,tanh,4,1,3,0,False,0.00015302473912015557,0.0047475919538008575,0.0050234354900753585,0.3486927773360736,0.3519411250932202,0.705,0.1355968667727271,0.12994089642490994,0.4528721645689332,0.021357901075063704,0.007402305389359556,0.008676843997816718,0.020108909933498557,0.005024058485766664,0.05653245488641938,-1.4917117373518909,False
paper_poly4,tanh,4,1,3,0,False,0.0002847897703759372,0.0047475919538008575,0.005302681993007665,7.17175465760876,7.188255427491684,0.585,0.10233930253551848,0.11592385362009777,0.17620510872398776,0.021416455128548097,0.0076189420011676685,0.010017038026173243,0.021764912089227244,0.005307687406774605,0.05202705633913128,-1.2219489997046968,False
paper_poly4,tanh,4,1,3,0,False,0.00013264220615383238,0.0047475919538008575,0.005046380826665484,0.26127189397242456,0.2635671722807114,0.715,0.10192248150867823,0.08754025860467032,0.2283110719891597,0.021392799887268978,0.007402709319272158,0.011331508599468056,0.0185405741067058,0.005053068552986584,0.05738573192518881,-1.553791648517823,False
paper_poly4,tanh,4,1,3,0,False,0.0002939760743174702,0.0047475919538008575,0.005060825943125738,0.4361758145140812,0.4352056576323428,0.79,0.1440894963261352,0.14091598682087447,0.3658916552319864,0.021311753084875554,0.007335925347152835,0.009379116092410794,0.021350108184702943,0.0050617796511677575,0.0517570412442966,-1.208161398984841,False
paper_poly4,tanh,4,1,3,0,False,0.00023158546537160873,0.0047475919538008575,0.005038251401105869,0.3173610075018497,0.3184144415864404,0.695,0.18598000078203142,0.16930910357390988,0.2568813419433729,0.021400153775726974,0.007328908786139071,0.008669397609992243,0.020700601953422302,0.005036788239285357,0.053684839380605004,-1.3117620861489125,False
paper_poly4,tanh,4,1,3,0,False,0.00022768350027035922,0.0047475919538008575,0.005326552277085707,2.5303678624115253,2.53323494682348,0.67,0.07465121611582609,0.06993053676629592,0.2485640376059762,0.021413659851059343,0.007668581967488226,0.008952921012587812,0.02209513982395624,0.005328464466521236,0.05381358686491417,-1.3191418257533225,False
paper_poly4,tanh,4,1,3,0,False,0.0002305013913428411,0.0047475919538008575,0.005377809430919669,0.04828191583261966,0.05113283299753817,0.6,0.11394442079662517,0.11901997006468745,0.2647036841894165,0.021412267866833902,0.007821169615483738,0.012582691878005009,0.023576204131727747,0.005391620333063875,0.053720499470457046,-1.3137998339255013,False
paper_poly4,tanh,4,1,3,0,False,6.636197213083506e-05,0.0047475919538008575,0.004743150000991177,0.2662388696342036,0.26781974937118264,0.69,0.1463416947129112,0.13255263220315128,0.3663774841822869,0.021389041365138736,0.007062461216034228,0.008532847279288595,0.017405130340628773,0.004742843608099738,0.06075648595506152,-1.8545541013149975,False
paper_poly4,tanh,4,1,3,0,False,0.0002568576892372221,0.0047475919538008575,0.005355478333890626,1.335727145161206,1.33946401485602,0.625,0.07477509503443575,0.06997030718179624,0.34083672360941075,0.021418810283825394,0.00770832001081044,0.009996052439598141,0.022800028938988106,0.005355701646012608,0.05287599136599258,-1.2667808139269239,False
paper_poly4,tanh,4,1,3,0,False,0.00028320023557171226,0.0047475919538008575,0.005416262957709985,2.4897077083769417,2.5067228429260764,0.675,0.11893577114490177,0.13232681822777165,0.35623044789881597,0.02137698542840092,0.0077631215269888375,0.009301103834730588,0.022994272509615797,0.0054061034636474345,0.0520742175689748,-1.224379774856377,False
paper_poly4,tanh,4,1,3,0,False,0.00018623632786329836,0.0047475919538008575,0.00498469593191047,0.3295426697207569,0.33304772696057616,0.655,0.1805232830710373,0.18084517663278843,0.48398713640232105,0.021350393476185094,0.007252792855497838,0.008547202842575513,0.02242010445576271,0.00498535266545248,0.05525592859608179,-1.4064089853275523,False
paper_poly4,tanh,4,1,3,0,False,0.00010617406951496378,0.0047475919538008575,0.005063212693764362,2.815271181810118,2.817279553431992,0.52,0.17082480095866298,0.14791333717653007,0.5164833087925937,0.02137698774764155,0.0074540126478939055,0.012735024560674543,0.019106045279789804,0.005071461913532006,0.058598691506268605,-1.650454921506429,False
paper_poly4,tanh,4,1,3,0,False,0.0002691424742806703,0.0047475919538008575,0.005491441712814483,3.91341035817983,3.916706794447525,0.71,0.10892029899551284,0.10899328176389332,0.39960053308857735,0.021375407244766106,0.007882907929977579,0.010803646334813028,0.023380140976593657,0.005491921241721389,0.05249720944551543,-1.2464911444814186,False
paper_poly4,tanh,4,1,3,0,False,0.0002923693391494453,0.0047475919538008575,0.005311443746369016,0.703194081748549,0.7007162283315922,0.445,0.1032819125095848,0.09964317075689427,0.7273053905856312,0.021367097441422837,0.007663084863141432,0.007531509286409947,0.022666795237518907,0.005313318199260349,0.051803960697605726,-1.2105415590335626,False
paper_poly4,tanh,4,1,3,0,False,0.0001963108079507947,0.0047475919538008575,0.005360507324125002,7.634991277179766,7.6400136502400775,0.725,0.11186314454515991,0.1054350468112498,0.3047115784689597,0.02140020343332511,0.00781610380728811,0.011263532265329003,0.021098877683664335,0.005371029179709949,0.05489167585565273,-1.3835291746572063,False
paper_poly4,tanh,4,1,3,0,False,0.00012491628876887262,0.0047475919538008575,0.004995610999202914,1.0071592446653663,1.0084788858921534,0.66,0.13083878658852693,0.11522729650358764,0.47610624340121743,0.021333858974155812,0.007368184464864,0.010289250720938826,0.02141224947830302,0.004991845195649813,0.05772617616206584,-1.579854312157867,False
paper_poly4,tanh,4,1,3,0,False,0.0001716988190310076,0.0047475919538008575,0.004849149604553748,0.5649687980929528,0.5627317740413605,0.765,0.0890498709955505,0.09357656500524429,0.424130186500176,0.02135278584083166,0.007135427127963516,0.010127001409607907,0.01700016808233309,0.004849206268226404,0.055799382141688114,-1.4417060770975016,False
paper_poly4,tanh,4,1,3,0,False,0.00019552125013433397,0.0047475919538008575,0.005167639290168792,0.2503203563593885,0.253281155129605,0.685,0.10166647686720576,0.10038189344408963,0.6027282416178006,0.021412689103603826,0.0075021031767055655,0.009927477315030185,0.02205386582039612,0.005168907959296045,0.05491988040579969,-1.3852794197423732,False
paper_poly4,tanh,4,1,3,0,False,0.00020748897804878652,0.0047475919538008575,0.004977868282463252,0.38536842858440445,0.38759239640239196,0.675,0.1307289943403797,0.12836363503490106,0.4464960639071067,0.02138021452891562,0.007289852425662147,0.007990059257525953,0.020635829973367395,0.00497975448109876,0.05449829403421741,-1.3594783534774033,False
paper_poly4,tanh,4,1,3,0,False,0.00026619687560014427,0.0047475919538008575,0.005333647813176496,0.053173268846046,0.05609797190824138,0.815,0.049482081524685764,0.04869744045509857,0.5017974991808654,0.0213595399528497,0.007808403702372818,0.012644161392597216,0.01905780947244164,0.005337840230618867,0.05258723081981779,-1.251270431351886,False
paper_poly4,tanh,4,1,3,0,False,0.00029356786399148405,0.0047475919538008575,0.005517370846893932,5.149442617988077,5.156495685698477,0.66,0.16223763967648608,0.156834104832484,0.13167940203158926,0.021403494269508754,0.00792941433929266,0.01352521576979479,0.02456697640889836,0.005521335467586525,0.051768949518867693,-1.2087648722197706,False
paper_poly4,tanh,4,1,3,0,False,0.0001852518762461841,0.0047475919538008575,0.0051670437324293364,1.3355093093889545,1.3358526557943855,0.715,0.11634763605689741,0.10873693973872578,0.24779663312626782,0.02132982187716828,0.0075166403747945355,0.012176219439557028,0.021470323727227916,0.005165169306032285,0.05529204522824557,-1.4087107698854922,False
paper_poly4,tanh,4,1,3,0,False,0.0001930247963173315,0.0047475919538008575,0.004961603277261551,0.32897102657414384,0.3296361964347827,0.725,0.11664613772619015,0.11281518190642911,0.24853658119236618,0.02138264647392678,0.007254429668218718,0.007491851008313223,0.020487330091242095,0.00496373912572285,0.0550094353427374,-1.3908602822765792,False
paper_poly4,tanh,4,1,3,0,False,0.00026530076866038144,0.0047475919538008575,0.0054240943160290414,2.136775780704763,2.139375549899144,0.705,0.09641862724128969,0.09563508372011571,0.3840060451273446,0.021364706049149963,0.007813124533672803,0.010977116042870222,0.023352228778415363,0.0054227436273546524,0.052614715730195896,-1.2527348768563735,False
paper_poly4,tanh,4,1,3,0,False,0.00027345947455614805,0.0047475919538008575,0.005644410693552608,14.840923575428167,14.84889426401076,0.63,0.19077214737108186,0.17900809370210868,0.2890945402962639,0.021428310788671093,0.008036727608555151,0.010028258689618279,0.024396673907827942,0.0056462160096307544,0.05236616161358555,-1.239580410147886,False
paper_poly4,tanh,4,1,3,0,False,0.00014329193800222129,0.0047475919538008575,0.005078782167887882,0.6353990747512623,0.6383447823583766,0.58,0.12495917886109244,0.11339941668043362,0.23699672086735987,0.021403584838546784,0.007458650976175037,0.011598771768299624,0.019798230511391717,0.005081025372538044,0.05693231068195983,-1.52025162864426,False
paper_poly4,tanh,4,1,3,0,False,0.00031069281976670027,0.0047475919538008575,0.005623799965023761,15.586000339869678,15.608542230874475,0.565,0.17859443453518542,0.17896268702153828,0.06599465602375623,0.021433574107535013,0.00795975754614698,0.012059368243006168,0.02439860522830473,0.0056263438285585375,0.05127629110210444,-1.1841421684746272,False
paper_poly4,tanh,4,1,3,0,False,0.00023077940568327904,0.0047475919538008575,0.005309187724225084,1.0253353022863514,1.0278047946367128,0.68,0.06807303642284267,0.06599974467248168,0.43012910921613856,0.021410180875477434,0.007655525637218233,0.010158963586158063,0.021760838854001492,0.00530626085021948,0.05371134634252907,-1.3132763345327663,False
paper_poly4,tanh,4,1,3,0,False,0.00021797344379592687,0.0047475919538008575,0.005394136249564573,4.914836023272582,4.919720070507925,0.62,0.09491080674917912,0.08919513116293942,0.24267786100286076,0.021424794277983092,0.007760170918701286,0.011173743064470696,0.022504006884997863,0.005397002659194946,0.054138848016215685,-1.3380697993935284,False
paper_poly4,tanh,4,1,3,0,False,0.00020343344658613205,0.0047475919538008575,0.005156178713563421,12.83808286555243,12.85479128697211,0.61,0.15712612166315254,0.18096693839048422,0.4535274673737638,0.021404124269748383,0.007446855775573915,0.008044565075545625,0.019860485998636365,0.005157847181900479,0.054639762011529494,-1.3680510281175133,False
paper_poly4,tanh,4,1,3,0,False,0.00024014676455408335,0.0047475919538008575,0.005056983487256684,0.34159827164118395,0.3429500948267037,0.685,0.1893563724490488,0.17503636993167704,0.41613592525397014,0.021390778609895654,0.007359485539228227,0.007703776094221418,0.021321583420157275,0.005058234141464811,0.05340610227600887,-1.2959966452713636,False
paper_poly4,tanh,4,1,3,0,False,0.0002452628395985812,0.0047475919538008575,0.004726442600225744,0.7467077323805182,0.7469954629771971,0.655,0.19751807323577242,0.19409877618357155,0.5532885722711587,0.021346710300200307,0.006938657484238145,0.006630606687170487,0.019956341379277962,0.0047307589245367465,0.05324190204767871,-1.2868416330085284,False
paper_poly4,tanh,4,1,3,0,False,0.0002105061721522361,0.0047475919538008575,0.005029991377028031,0.5220020762358906,0.5241048515135189,0.67,0.1371848946381039,0.1298805876936542,0.3889870295241971,0.021359179063469028,0.007343671575215335,0.009195792466040964,0.022964621269118475,0.005030265506497668,0.05439394090911246,-1.353208551027098,False
paper_poly4,tanh,4,1,3,0,False,9.488133946433663e-05,0.0047475919538008575,0.004844044273320387,0.424049191947972,0.4235009947733433,0.78,0.05971474162652199,0.05755881688767554,0.47958684369715815,0.021400843452863496,0.007209469318508667,0.011220247360138151,0.014830316063830336,0.004856934370197498,0.05916206645673747,-1.6992925780185772,False
paper_poly4,tanh,4,1,3,0,False,0.00027213842258788645,0.0047475919538008575,0.005779397931868034,20.80763867342976,20.819421408370932,0.67,0.14426340119062445,0.1416396368644926,0.34150571135128893,0.02141122332051127,0.008277693911390398,0.012245997884033875,0.025071282518649055,0.005797998801060091,0.052406153222710694,-1.2416835219975315,False
paper_poly4,tanh,4,1,3,0,False,0.00019287673057988286,0.0047475919538008575,0.0046443599204830386,0.47255747717853924,0.46899103431636957,0.81,0.17021328903151367,0.17065066388931718,0.17080305715921718,0.021330247995335568,0.006876422742483119,0.007914765588875137,0.01622158882656375,0.004647895285198314,0.055014765025209,-1.391193549348132,False
paper_poly4,tanh,4,1,3,0,False,7.46605874155648e-05,0.0047475919538008575,0.0050493807500866265,0.9201144566770878,0.9247537212612456,0.65,0.12979340067407386,0.12452111105675964,0.5060690028996784,0.02136845897143159,0.007451609057135072,0.010255609104122404,0.020910892953023667,0.0050452738926957145,0.060262135920100185,-1.803381982577595,False
paper_poly4,tanh,4,1,3,0,False,0.00022945871751289815,0.0047475919538008575,0.00532181482878184,0.2491971156905221,0.25152869484482837,0.6,0.12343054660562482,0.10636487246622749,0.6348567733654784,0.021382004592615404,0.007732563717576768,0.007948403735499583,0.023660553770134807,0.005317029784287314,0.053754876921353986,-1.3157688232256919,False
paper_poly4,tanh,4,1,3,0,False,0.00020356368622742593,0.0047475919538008575,0.00515952882671087,7.32088317595765,7.332521007035739,0.59,0.09398998583866022,0.10473237281912268,0.5413423149901686,0.021405836680173748,0.007443105209074978,0.007740434335846084,0.020796472548753542,0.005159665799590339,0.05463519709832683,-1.367773078447064,False
paper_poly4,tanh,4,1,3,0,False,0.00022640815586782992,0.0047475919538008575,0.004781416690088679,0.7261430288559904,0.7273608156967019,0.655,0.17583969392863733,0.17941121105446417,0.5351418352628629,0.021368553094489783,0.006991297635996988,0.007511529454901059,0.01980056580286027,0.004787573711994168,0.053855906425516645,-1.321581317804718,False
paper_poly4,tanh,4,1,3,0,False,0.00014735537115484476,0.0047475919538008575,0.005048186791684115,1.263600780393174,1.2638549304059263,0.51,0.1441580614959682,0.13941272680732297,0.14642329051522693,0.021426842974791267,0.007396570991631754,0.012259400485885886,0.01760777821754968,0.005061255089367623,0.05676376967665754,-1.508107414468933,False
paper_poly4,tanh,4,1,3,0,False,0.0002624050248414278,0.0047475919538008575,0.0052790084152691905,0.33647805903922207,0.3393835548475072,0.7,0.09408343678358669,0.08919628410147548,0.14351689274507806,0.02140609025368681,0.0076225276594513985,0.010398632061000414,0.022948082835424034,0.0052766157542846834,0.05270385125868367,-1.2575012379621602,False
paper_poly4,tanh,4,1,3,0,False,0.0001588541199453175,0.0047475919538008575,0.004881437637033642,0.6192154222115308,0.6174749596810656,0.765,0.07514425713703657,0.07240105737060601,0.20042007167364376,0.021374160201948544,0.007193369698341104,0.010652092812799307,0.016831442184514857,0.004888371366007632,0.05629903737744025,-1.4754749022184197,False
paper_poly4,tanh,4,1,3,0,False,0.00013750330253969878,0.0047475919538008575,0.005127139459936274,1.0528422806003679,1.056181964872746,0.645,0.1031047291303365,0.09106749108909239,0.42585387387248547,0.021413111145678364,0.007495300643287968,0.012106809104796595,0.02044006041761468,0.005127388437142485,0.05717659152303414,-1.5381602559990042,False
paper_poly4,tanh,4,1,3,0,False,0.0002064490836346522,0.0047475919538008575,0.004972315085424509,0.42441988332412994,0.4264334182265303,0.68,0.15795408238974018,0.15434481687978022,0.4801487234657751,0.021374067021630704,0.007275947153138902,0.007182781055894507,0.020996890239198096,0.004972474659301759,0.054534435595462075,-1.3616604256167335,False
paper_poly4,tanh,4,1,3,0,False,8.3125640230719e-05,0.0047475919538008575,0.005055363831748165,5.564177748423501,5.5714634022828475,0.63,0.09519585950037232,0.10185504308746443,0.3526440756359604,0.021403099377945687,0.007393541597291104,0.012108327662973924,0.018764498256256888,0.005056389237842593,0.0597854453673788,-1.7567383818845697,False
paper_poly4,tanh,4,1,3,0,False,0.00013292669609654695,0.0047475919538008575,0.005162036687585623,4.916908961182488,4.9246859358796335,0.69,0.11517599970420803,0.12674520364519748,0.25951650522884406,0.021397487017186856,0.0075165055506962244,0.011405704415565146,0.019139666518762376,0.005161239237846143,0.05737338771314936,-1.5528611746672125,False
paper_poly4,tanh,4,1,3,0,False,6.349026079988107e-05,0.0047475919538008575,0.004742810385698504,0.2796290462870076,0.28099797337230387,0.685,0.1949745935120736,0.16943649853495152,0.6950703404536935,0.0213774626667984,0.007037642324215479,0.009003780850693187,0.018199378967049158,0.0047442257070429384,0.06093469413245673,-1.8737662740933687,False
paper_poly4,tanh,4,1,3,0,False,0.00020483143453020602,0.0047475919538008575,0.005051535940361781,0.35323858941636366,0.3562460993624623,0.675,0.16480908884835135,0.14942179763347208,0.41907027718702516,0.02138473488145018,0.007363208682516926,0.007503974775835459,0.02173324695976048,0.005051453441491861,0.054590838451367314,-1.3650767785509625,False
paper_poly4,tanh,4,1,3,0,False,0.00017179928545374423,0.0047475919538008575,0.005160019698013547,10.888005687638481,10.903191805497075,0.625,0.15618498326359692,0.18049725040548187,0.36156248693952997,0.021399865442826627,0.007458008886732525,0.008683094367395613,0.01986670309026306,0.0051604593306355,0.05579554909796536,-1.4414520319444974,False
paper_poly4,tanh,"8,4",2,3,0,True,0.0001950927689904347,0.0002964179397842393,4.0705284310324304e-05,,,,0.15550448730174288,0.13157609255816438,0.3662967058320613,0.021442667972821225,5.790635035882895e-05,0.02969186065398382,0.0006447922360355813,0.00013100891199510064,0.003249231066417963,-0.1816633116414751,False
paper_poly4,tanh,"8,4",2,3,0,True,0.00016093194426503032,0.0002964179397842393,3.6238753707624274e-05,,,,0.16916966353091434,0.1488840682317878,0.3675416319246009,0.02144384731677601,5.284108696684591e-05,0.033667029316507446,0.0002766385081038369,0.00011738215585010144,0.004530896892572826,-0.2652622262890809,False
paper_poly4,tanh,"8,4",2,3,0,True,9.689558646641672e-05,0.0002964179397842393,8.312104889232552e-05,,,,0.06851593670183279,0.06859629630214997,0.4800772597561535,0.02144189539597744,0.00010469090122607988,0.02755392822496435,0.0034695717820104953,9.831607790479455e-05,0.007373236797413991,-0.48560048878239914,False
paper_poly4,tanh,"8,4",2,3,0,True,0.0002005731366807595,0.0002964179397842393,4.533937178940681e-05,,,,0.04775947357638278,0.04363315847224003,0.44730419069540966,0.021439461368189278,6.94198011885158e-05,0.02254746986173685,0.0018803513844881242,9.414989224016647e-05,0.0030544078088971995,-0.16963171813186104,False
paper_poly4,tanh,"8,4",2,3,0,True,3.102732443949208e-05,0.0002964179397842393,0.00023214062010504566,,,,0.1523150306183526,0.12321400758386555,0.2754142542895062,0.021446770734026253,0.00031546665492386387,0.028688995896953028,0.003676408959585027,0.0002150615441979015,0.01164657474846014,-0.9801601574953342,False
paper_poly4,tanh,"8,4",2,3,0,True,3.1119794584810734e-05,0.0002964179397842393,0.0002483102045122536,,,,0.32109892902107595,0.25578136039403354,0.29079455953086386,0.02144572676125108,0.000265858848864072,0.02861383730777211,0.008279206508758472,0.00016554796658193368,0.01163828051678139,-0.9788677627996627,False
paper_poly4,tanh,"8,4",2,3,0,True,2.958587538159918e-05,0.0002964179397842393,0.00030251149173739277,,,,0.06900381672693631,0.07535024343829583,0.3028684661526815,0.021392382147443153,0.00035748199901170397,0.02688892094433027,0.00655788266159249,0.00023583825799940812,0.0117775024075607,-1.0008200608099203,False
paper_poly4,tanh,"8,4",2,3,0,True,0.0002876441285479814,0.0002964179397842393,3.3530491840055506e-05,,,,0.07963415705155127,0.07123327744148397,0.22464473612727323,0.021423001766692255,4.959997760560656e-05,0.02325536220407587,0.00154513274930141,0.00010994833455423319,0.00025671783362203604,-0.01304897089831724,False
paper_poly4,tanh,"8,4",2,3,0,True,0.00024542876053601503,0.0002964179397842393,4.025007662554319e-05,,,,0.16162179245150135,0.13557600777252699,0.34349788492226424,0.021449440164398828,5.666604808585083e-05,0.03668671738929808,0.0035283951973987685,7.304731891763292e-05,0.0015506262695141187,-0.0819790303275503,False
paper_poly4,tanh,"8,4",2,3,0,True,0.00011950312909903005,0.0002964179397842393,9.211780196904891e-05,,,,0.11819230501734719,0.11096443887298103,0.34498598006883535,0.021449923132790493,0.0001376266899132857,0.023391974750956536,0.0003282570904861716,0.00014209906503594733,0.006285043702656068,-0.39452520733515645,False
paper_poly4,tanh,"8,4",2,3,0,True,0.00014424028631765395,0.0002964179397842393,6.704069789859045e-05,,,,0.03360089397190129,0.03172144458129845,0.3652757737233616,0.02142769679282756,9.357033366521177e-05,0.023976250614669285,0.0003561795348971782,0.00011791578482526056,0.005206784621146111,-0.31281790864884296,False
paper_poly4,tanh,"8,4",2,3,0,True,7.33102424419485e-05,0.0002964179397842393,0.0003715274280696793,,,,0.06571719603030558,0.06509543761202742,0.3032890071926726,0.02142588119592294,0.0005144559096649581,0.015626459066162075,0.0036654482958274675,0.00046792398268657683,0.008654652315877654,-0.6067398286908596,False
paper_poly4,tanh,"8,4",2,3,0,True,0.00010997443314408883,0.0002964179397842393,8.797715687120858e-05,,,,0.1495882463699943,0.138351433066983,0.4153834292040298,0.021445477670892867,0.00012696458941396398,0.02999744690248687,0.00043037420000476803,0.00012572908844505408,0.0067299228190769375,-0.4306127523280465,False
paper_poly4,tanh,"8,4",2,3,0,True,0.00018931308295577765,0.0002964179397842393,6.017173371169515e-05,,,,0.11913541336683363,0.11503516872290016,0.5569913842304745,0.02145833441765567,8.995558439930022e-05,0.026219705605009774,0.0011477284840494578,8.523433384347923e-05,0.003457683287724174,-0.1947238564294877,False
paper_poly4,tanh,"8,4",2,3,0,True,1.895962850539945e-05,0.0002964179397842393,0.00021960885895904784,,,,0.16752080034179634,0.16458327391673014,0.4425300168667394,0.021444606829644212,0.00028288312954194574,0.029337666543454228,0.0045073561777068,0.00018385903628310727,0.012862526824989041,-1.194074660913064,False
paper_poly4,tanh,"8,4",2,3,0,True,6.427902553696185e-05,0.0002964179397842393,0.00013539792752359115,,,,0.34516105469026204,0.3487118617593492,0.1672497219279538,0.021454293196591062,0.00017039867016352316,0.031039061540094833,0.004434172802210899,0.00015892536436312572,0.009199372248162632,-0.6638352001565686,False
paper_poly4,tanh,"8,4",2,3,0,True,0.0001504270767327398,0.0002964179397842393,8.79456184535302e-05,,,,0.22045666566020025,0.21800188418196476,0.3495322426574968,0.021441095931025243,9.972201501796894e-05,0.028511704179294495,0.0035775181376235454,0.00014870649047967982,0.004951920722135857,-0.29457846854923325,False
paper_poly4,tanh,"8,4",2,3,0,True,0.00023857937776483595,0.0002964179397842393,3.6266245020602306e-05,,,,0.19785049993704631,0.15990419876391346,0.40384083137723953,0.02145143049775485,5.436958573659193e-05,0.02992754061655257,0.0006833179519905993,5.3088791027080485e-05,0.0017707774302066614,-0.09427158286826873,False
paper_poly4,tanh,"8,4",2,3,0,True,2.4497527192579582e-05,0.0002964179397842393,0.00023557523146306418,,,,0.07898572095478104,0.07315131785213252,0.4904429227895327,0.021429051890937127,0.00031146890468291384,0.028472121547844717,0.0034721703793583712,0.0003813226178831905,0.012267294707183404,-1.0827822360278507,False
paper_poly4,tanh,"8,4",2,3,0,True,0.000329021509969607,0.0002964179397842393,2.4192457224367984e-05,,,,0.09947560334527834,0.09473541106809732,0.454077625058015,0.021448136127003924,2.9786707845160188e-05,0.031730169278645234,0.002747539617696983,3.053980933620139e-05,0.0009221577011165674,0.04531980668786437,False
paper_poly4,tanh,"8,4",2,3,0,True,5.37514133611694e-05,0.0002964179397842393,0.00013555876556564823,,,,0.16648713199056134,0.14233934385443336,0.45112240338126275,0.02145028897029244,0.0001554337645268016,0.03204261716198352,0.005436096207997401,0.00017354382622595187,0.009885256838809545,-0.7415145961900022,False
paper_poly4,tanh,"8,4",2,3,0,True,3.444720641709864e-05,0.0002964179397842393,0.0002035840880610422,,,,0.11283322165055558,0.10252323176228885,0.3988303946394013,0.02143997484606853,0.00025430943197078204,0.02138219931154237,0.00562742734165933,0.0002187249688343336,0.011347618124487507,-0.9347504769729974,False
paper_poly4,tanh,"8,4",2,3,0,True,6.025188122293912e-05,0.0002964179397842393,0.00014569843605598783,,,,0.14859837735178946,0.13188388748477162,0.48652031105996857,0.021446535430700728,0.000195030274085766,0.020914683832525312,0.004581642192676054,0.00017088788886898598,0.009454583850508909,-0.6919338731607693,False
paper_poly4,tanh,"8,4",2,3,0,True,8.015050843823701e-05,0.0002964179397842393,0.00012043833532110843,,,,0.09307474880327729,0.0871467540530051,0.21344533600411042,0.02141139578731504,0.00015678231010938495,0.02785749754230426,0.002814904975480841,0.0001973967627212605,0.00826411074400032,-0.5679982027758145,False
paper_poly4,tanh,"8,4",2,3,0,True,9.061562741408125e-05,0.0002964179397842393,0.00011034261958677824,,,,0.1010264504545212,0.09220894516254838,0.3977280083243022,0.02142763799747377,0.00015136138195807897,0.026899745081501263,0.0008650278593008314,0.0002371661913900971,0.007697568280643352,-0.5147013826309527,False
paper_poly4,tanh,"8,4",2,3,0,True,2.7507570848683827e-05,0.0002964179397842393,0.0003274847340368644,,,,0.11836994312298295,0.11431920797293207,0.3936926685366029,0.021444061333533222,0.00036410157651270533,0.03147814411216178,0.00908938313637396,0.0002731625341631933,0.011972026334640846,-1.0324522442360753,False
paper_poly4,tanh,"8,4",2,3,0,True,0.0001812694245018065,0.0002964179397842393,7.466502093369495e-05,,,,0.1600190096573389,0.1295207585799796,0.44684638867348797,0.021452536652176585,0.0001017919568865535,0.03611083730667118,0.0016274532561737604,0.00010551796437439046,0.0037531589715198,-0.21357992849725738,False
paper_poly4,tanh,"8,4",2,3,0,True,0.00031372590456157923,0.0002964179397842393,3.27089624220881e-05,,,,0.11815163105424363,0.10116086219565215,0.3743988991295896,0.021442479539466507,4.5303253525860024e-05,0.027848682601509474,0.0023875241121953687,4.316688064711797e-05,0.0004955170299959788,0.024645895728777966,False
paper_poly4,tanh,"8,4",2,3,0,True,0.00014637324784416705,0.0002964179397842393,4.703489943328823e-05,,,,0.10681320262934807,0.09278736686388864,0.4454317632628321,0.021437947105532325,6.319098321928843e-05,0.03535109217031285,0.000744309473855802,0.00013210752257516965,0.005118311157358349,-0.30644277503599393,False
paper_poly4,tanh,"8,4",2,3,0,True,0.00019460009934846312,0.0002964179397842393,2.6621176002145605e-05,,,,0.07346412245552172,0.05963078200500168,0.5296768197670096,0.02144190520026222,3.663164661107192e-05,0.029027690889128387,0.00019234648855586753,4.1793430811097636e-05,0.003266878423038532,-0.1827614267895228,False
paper_poly4,tanh,"8,4",2,3,0,True,0.00010122430830961093,0.0002964179397842393,0.00011711326633400429,,,,0.01958179394163713,0.020925651443622663,0.44016776119003626,0.021418782742988543,0.0001476670647886447,0.022519164320416805,0.004861385028550104,6.252059547819249e-05,0.007155763190520368,-0.46661966663019167,False
paper_poly4,tanh,"8,4",2,3,0,True,0.0001030521743814461,0.0002964179397842393,8.690695627903492e-05,,,,0.10986795878212868,0.0964597084523604,0.4028111374697029,0.02144678269576012,0.00011503662118982044,0.026804697828204865,0.0005447953049002035,8.611816436817545e-05,0.0070653306909734676,-0.45884732469707773,False
paper_poly4,tanh,"8,4",2,3,0,True,0.00017614620446693152,0.0002964179397842393,5.203707445357433e-05,,,,0.22773753839220762,0.21802891015657416,0.43047627108226827,0.02144811882911797,7.301754401379585e-05,0.03809432687013945,0.0002666576522964497,8.441462366259441e-05,0.003944784072201583,-0.22603119483895842,False
paper_poly4,tanh,"8,4",2,3,0,True,0.00011071752669522539,0.0002964179397842393,6.248773777301709e-05,,,,0.06325798901765593,0.06607788753822283,0.29642655571111226,0.021447626972129617,8.039723654434617e-05,0.029647894277780168,0.0021296405179502343,0.00011767968492054645,0.0066945527543737764,-0.427688108868915,False
paper_poly4,tanh,"8,4",2,3,0,True,0.0001188145688502118,0.0002964179397842393,6.472621935563922e-05,,,,0.11713822194348864,0.10714951294674327,0.3134312519045539,0.021450719533784558,9.06698969030428e-05,0.028448019660457645,0.0004467510020018202,9.597887233798727e-05,0.006316582799645086,-0.3970347880435859,False
paper_poly4,tanh,"8,4",2,3,0,True,0.00016878562746569514,0.0002964179397842393,3.7359555075813634e-05,,,,0.1284210163649343,0.12628726236872137,0.5351597521034374,0.021438008239627583,4.857453624981236e-05,0.026623403581400876,0.001937440021991937,0.00017168216195531582,0.004225040091726287,-0.24456902187903742,False
paper_poly4,tanh,"8,4",2,3,0,True,0.00018772909243125468,0.0002964179397842393,0.00012337607201817297,,,,0.18781995671406507,0.1877941669789935,0.4242625781877052,0.021428496462103715,0.00014091616745337857,0.03271197613489506,0.004691957763937187,0.0001941298990860594,0.003515365721130353,-0.19837290386348394,False
paper_poly4,tanh,"8,4",2,3,0,True,0.00020042738469783217,0.0002964179397842393,5.9858979886064266e-05,,,,0.17236319153983073,0.14896326229990803,0.3019941999266071,0.021432905240017196,8.331334516053945e-05,0.03534692233409954,0.0013286915979685903,8.861387794991002e-05,0.003059554487075339,-0.16994742487698788,False
paper_poly4,tanh,"8,4",2,3,0,True,0.00023273764236364514,0.0002964179397842393,5.4922091450202886e-05,,,,0.2308651853302207,0.1982226525676793,0.20370893240302765,0.021443973711628858,8.499237919318544e-05,0.03385366103668459,0.002012310698085062,6.326190678409054e-05,0.001961051086072158,-0.1050378538453082,False
paper_poly4,tanh,"8,4",2,3,0,True,8.932865966926329e-06,0.0002964179397842393,0.000278465692392362,,,,0.10020988037181935,0.09098613798839678,0.3662714218662372,0.02144655587804569,0.00035042513285254084,0.028569788678239418,0.006473666855437945,0.00024826192763815883,0.014228002327254855,-1.5209136667689878,False
paper_poly4,tanh,"8,4",2,3,0,True,0.0001421627530362457,0.0002964179397842393,5.317825296969319e-05,,,,0.12065386162527378,0.11521193890754856,0.32748090589693307,0.02143849684537612,7.816239083362154e-05,0.03372075621323313,0.0015127959086399406,0.00010742093504144561,0.0052935900800320755,-0.3191186592827388,False
paper_poly4,tanh,"8,4",2,3,0,True,5.5097625590860844e-05,0.0002964179397842393,0.00012811556323726324,,,,0.1499270111357457,0.13968356806517912,0.3609631816583708,0.021452411361535757,0.00016464765192606882,0.02306587982773578,0.004190424924884559,0.0002055100427950466,0.009794014892980017,-0.7307716009247323,False
paper_poly4,tanh,"8,4",2,3,0,True,0.0001522645470686257,0.0002964179397842393,5.297384935833356e-05,,,,0.04861569100841365,0.04689354839456421,0.3364129295389833,0.02143952102850529,7.081146112658899e-05,0.01786612996803265,0.0015074776494447728,0.000152230282822715,0.004877240235773841,-0.2893056894751099,False
paper_poly4,tanh,"8,4",2,3,0,True,2.091441274387762e-05,0.0002964179397842393,0.00023049867189908088,,,,0.22750477408114342,0.219810471863378,0.6334486601500722,0.02144090652580182,0.00029966924726615256,0.029493200745650185,0.0041531431165392485,0.00027734955679532326,0.01264356455242066,-1.15145880991435,False
paper_poly4,tanh,"8,4",2,3,0,True,0.00012982134649064392,0.0002964179397842393,8.241861748435002e-05,,,,0.07838158523905545,0.07885639802676349,0.24780553365971517,0.02144477886224575,0.00012317782046682496,0.027815291979371454,6.486386097357151e-05,0.0002640486958645622,0.005822875295074739,-0.35855837517455963,False
paper_poly4,tanh,"8,4",2,3,0,True,0.00010638006642693654,0.0002964179397842393,7.420805580133906e-05,,,,0.19765134548545416,0.1864428452808056,0.45837503444069827,0.02145035765700112,9.70454475441682e-05,0.02725050654829448,0.002642044331189526,7.854749270171083e-05,0.006902721095102758,-0.44504422726937637,False
paper_poly4,tanh,"8,4",2,3,0,True,0.00020492967450991273,0.0002964179397842393,2.836293657224874e-05,,,,0.09220007498636439,0.08651253909342457,0.36653773380357924,0.021448989505822753,3.9754294198320896e-05,0.0288803542815929,0.0006275804405146416,0.0001346909274504285,0.0029014273979395787,-0.16029963417616971,False
paper_poly4,tanh,"8,4",2,3,0,True,9.651181608205661e-05,0.0002964179397842393,6.724197017587817e-05,,,,0.15150193380613752,0.13283337450027508,0.24933970321730275,0.021444818376036276,9.046412865227809e-05,0.029325695555409134,0.001467970303569838,0.0001673541367378031,0.0073927496213889235,-0.4873239965364083,False
paper_poly4,tanh,"8,4",2,3,0,True,0.0002063089923467487,0.0002964179397842393,4.519563702550918e-05,,,,0.16575696005885432,0.1431924372967412,0.3003883358895166,0.021445320983903435,6.690392352847505e-05,0.031008634978142397,0.001742490076953433,0.0001236656991632665,0.0028533320585232055,-0.15738632655252155,False
paper_poly4,tanh,"8,4",2,3,0,True,0.0003460577572695911,0.0002964179397842393,3.0419426499672278e-05,,,,0.08755664678205112,0.08885268776534916,0.5319366514476691,0.021448101727693555,4.0695154083607014e-05,0.030811788430224755,0.0023063986961909676,3.3814535157034584e-05,0.0013858353200631342,0.06724410443916404,False
paper_poly4,tanh,"8,4",2,3,0,False,0.0001950927689904347,0.0001907699370047293,7.895106443235639e-05,,,,0.15550448730174288,0.13157609255816438,0.3662967058320613,0.021442667972821225,0.00010915318073547321,0.023108678916654246,0.0036003932817913194,6.52755282930984e-05,0.0001556122453904192,0.009731236506833277,False
paper_poly4,tanh,"8,4",2,3,0,False,0.00016093194426503032,0.0001907699370047293,4.992119075906097e-05,,,,0.16916966353091434,0.1488840682317878,0.3675416319246009,0.02144384731677601,6.835677622418052e-05,0.025839581958039086,0.00267726641570846,5.3200636007790574e-05,0.0011260535807644436,-0.0738676781407726,False
paper_poly4,tanh,"8,4",2,3,0,False,9.689558646641672e-05,0.0001907699370047293,6.220714852864409e-05,,,,0.06851593670183279,0.06859629630214997,0.4800772597561535,0.02144189539597744,8.667415512091534e-05,0.02158384460026723,0.0005229066785724886,6.184301727888321e-05,0.003968393485605608,-0.29420594063409083,False
paper_poly4,tanh,"8,4",2,3,0,False,0.0002005731366807595,0.0001907699370047293,7.544534725688138e-05,,,,0.04775947357638278,0.04363315847224003,0.44730419069540966,0.021439461368189278,9.995870578380893e-05,0.01722741411091122,0.004840073872827126,7.651616687694385e-05,0.0003504355029111828,0.02176283001644731,False
paper_poly4,tanh,"8,4",2,3,0,False,3.102732443949208e-05,0.0001907699370047293,0.00016003313398215468,,,,0.1523150306183526,0.12321400758386555,0.2754142542895062,0.021446770734026253,0.0002270085304312939,0.02330745818830525,0.0007350784264198037,0.00016056819128275668,0.008241731436651757,-0.7887656093470259,False
paper_poly4,tanh,"8,4",2,3,0,False,3.1119794584810734e-05,0.0001907699370047293,0.0001652859212535323,,,,0.32109892902107595,0.25578136039403354,0.29079455953086386,0.02144572676125108,0.00020291732383556795,0.022766262906851728,0.005339865671373772,0.0001621195725561389,0.008233437204973007,-0.7874732146513543,False
paper_poly4,tanh,"8,4",2,3,0,False,2.958587538159918e-05,0.0001907699370047293,0.000208212723582864,,,,0.06900381672693631,0.07535024343829583,0.3028684661526815,0.021392382147443153,0.0002660698627115799,0.020712316193743172,0.0036183315107771157,0.00020587811592009034,0.008372659095752317,-0.8094255126616119,False
paper_poly4,tanh,"8,4",2,3,0,False,0.0002876441285479814,0.0001907699370047293,8.232958656364976e-05,,,,0.07963415705155127,0.07123327744148397,0.22464473612727323,0.021423001766692255,0.00010339497783266768,0.01829454641807711,0.004502878993121068,8.757112313324318e-05,0.0031481254781863463,0.17834557724999114,False
paper_poly4,tanh,"8,4",2,3,0,False,0.00024542876053601503,0.0001907699370047293,7.780085042148472e-05,,,,0.16162179245150135,0.13557600777252699,0.34349788492226424,0.021449440164398828,8.828750687797989e-05,0.029564672597791292,0.006491548057354957,8.027954439829718e-05,0.0018542170422942636,0.10941551782075805,False
paper_poly4,tanh,"8,4",2,3,0,False,0.00011950312909903005,0.0001907699370047293,8.032501214994408e-05,,,,0.11819230501734719,0.11096443887298103,0.34498598006883535,0.021449923132790493,0.0001116393291279982,0.018061690932894652,0.0026215772965025664,7.985137673432214e-05,0.0028802003908476852,-0.2031306591868481,False
paper_poly4,tanh,"8,4",2,3,0,False,0.00014424028631765395,0.0001907699370047293,6.65834756690449e-05,,,,0.03360089397190129,0.03172144458129845,0.3652757737233616,0.02142769679282756,9.109415224295935e-05,0.018573965754672104,0.003312400832906324,6.456600942441259e-05,0.0018019413093377287,-0.12142336050053461,False
paper_poly4,tanh,"8,4",2,3,0,False,7.33102424419485e-05,0.0001907699370047293,0.00026051335020317606,,,,0.06571719603030558,0.06509543761202742,0.3032890071926726,0.02142588119592294,0.0003778992878796794,0.011198356680883521,0.0007201579216546702,0.0002476981642372263,0.005249809004069272,-0.4153452805425514,False
paper_poly4,tanh,"8,4",2,3,0,False,0.00010997443314408883,0.0001907699370047293,9.288469843168431e-05,,,,0.1495882463699943,0.138351433066983,0.4153834292040298,0.021445477670892867,0.00013290128360201944,0.023398936899106427,0.002519361942049669,9.04267036299105e-05,0.003325079507268555,-0.2392182041797382,False
paper_poly4,tanh,"8,4",2,3,0,False,0.00018931308295577765,0.0001907699370047293,7.211551995598373e-05,,,,0.11913541336683363,0.11503516872290016,0.5569913842304745,0.02145833441765567,8.959684718456371e-05,0.020873468758272153,0.004100801209717159,6.757168335786145e-05,5.283997591579159e-05,-0.003329308281179348,False
paper_poly4,tanh,"8,4",2,3,0,False,1.895962850539945e-05,0.0001907699370047293,0.00015669595863508583,,,,0.16752080034179634,0.16458327391673014,0.4425300168667394,0.021444606829644212,0.00021598157551496415,0.02301718056136723,0.0015679976648657929,0.00015678606354349795,0.00945768351318066,-1.0026801127647555,False
paper_poly4,tanh,"8,4",2,3,0,False,6.427902553696185e-05,0.0001907699370047293,0.00012393006029851587,,,,0.34516105469026204,0.3487118617593492,0.1672497219279538,0.021454293196591062,0.00018339085068665807,0.02512916403040864,0.001491059052711734,0.00012558244434919137,0.0057945289363542495,-0.4724406520082602,False
paper_poly4,tanh,"8,4",2,3,0,False,0.0001504270767327398,0.0001907699370047293,6.82610457083636e-05,,,,0.22045666566020025,0.21800188418196476,0.3495322426574968,0.021441095931025243,9.435925834348591e-05,0.021831642004635353,0.0006258530481406441,6.801861171270005e-05,0.0015470774103274743,-0.10318392040092489,False
paper_poly4,tanh,"8,4",2,3,0,False,0.00023857937776483595,0.0001907699370047293,7.392330270757175e-05,,,,0.19785049993704631,0.15990419876391346,0.40384083137723953,0.02145143049775485,8.987749978547896e-05,0.023873321833275174,0.003635973671336093,7.180581060414276e-05,0.001634065881601721,0.09712296528003968,False
paper_poly4,tanh,"8,4",2,3,0,False,2.4497527192579582e-05,0.0001907699370047293,0.00015228375324323847,,,,0.07898572095478104,0.07315131785213252,0.4904429227895327,0.021429051890937127,0.00021547100947113385,0.022934692454302675,0.00052456091688473,0.0001387033078511996,0.008862451395375021,-0.8913876878795425,False
paper_poly4,tanh,"8,4",2,3,0,False,0.000329021509969607,0.0001907699370047293,0.00010095155505285995,,,,0.09947560334527834,0.09473541106809732,0.454077625058015,0.021448136127003924,0.00011146059594089341,0.025265812957029725,0.005705000005188893,9.657538162112834e-05,0.00432700101292495,0.23671435483617276,False
paper_poly4,tanh,"8,4",2,3,0,False,5.37514133611694e-05,0.0001907699370047293,0.00010334580922338136,,,,0.16648713199056134,0.14233934385443336,0.45112240338126275,0.02145028897029244,0.00014197864269785513,0.024971437169299154,0.00249432503961171,0.00010330721975286572,0.006480413527001163,-0.5501200480416938,False
paper_poly4,tanh,"8,4",2,3,0,False,3.444720641709864e-05,0.0001907699370047293,0.0001385258352604193,,,,0.11283322165055558,0.10252323176228885,0.3988303946394013,0.02143997484606853,0.0001975700056199923,0.016985769382824045,0.0026823054470936224,0.0001389579129586908,0.007942774812679125,-0.743355928824689,False
paper_poly4,tanh,"8,4",2,3,0,False,6.025188122293912e-05,0.0001907699370047293,8.574619261242163e-05,,,,0.14859837735178946,0.13188388748477162,0.48652031105996857,0.021446535430700728,0.00013258172976672215,0.016026144770343975,0.0016309426813642858,9.71969050758052e-05,0.0060497405387005265,-0.5005393250124608,False
paper_poly4,tanh,"8,4",2,3,0,False,8.015050843823701e-05,0.0001907699370047293,8.371699659760186e-05,,,,0.09307474880327729,0.0871467540530051,0.21344533600411042,0.02141139578731504,0.00011716597471173375,0.022368148113139735,0.00013208885417413663,8.123525381602948e-05,0.004859267432191937,-0.3766036546275061,False
paper_poly4,tanh,"8,4",2,3,0,False,9.061562741408125e-05,0.0001907699370047293,9.32945374506946e-05,,,,0.1010264504545212,0.09220894516254838,0.3977280083243022,0.02142763799747377,0.0001353689050457362,0.02004484495787057,0.0020873805880282626,8.990633276121938e-05,0.00429272496883497,-0.32330683448264425,False
paper_poly4,tanh,"8,4",2,3,0,False,2.7507570848683827e-05,0.0001907699370047293,0.00021318257393293296,,,,0.11836994312298295,0.11431920797293207,0.3936926685366029,0.021444061333533222,0.0002583276581658957,0.025511279000742897,0.006153761222077269,0.00021835656437968847,0.008567183022832464,-0.841057696087767,False
paper_poly4,tanh,"8,4",2,3,0,False,0.0001812694245018065,0.0001907699370047293,4.1722101751963874e-05,,,,0.1600190096573389,0.1295207585799796,0.44684638867348797,0.021452536652176585,5.50663048312536e-05,0.029048949271744506,0.0013294512672378913,4.1444535194867724e-05,0.0003483156597114175,-0.022185380348949044,False
paper_poly4,tanh,"8,4",2,3,0,False,0.00031372590456157923,0.0001907699370047293,9.709850407281865e-05,,,,0.11815163105424363,0.10116086219565215,0.3743988991295896,0.021442479539466507,0.00011348536552399261,0.02204190107359913,0.005342953635241367,8.525815743681203e-05,0.003900360341804361,0.21604044387708637,False
paper_poly4,tanh,"8,4",2,3,0,False,0.00014637324784416705,0.0001907699370047293,7.211910742822676e-05,,,,0.10681320262934807,0.09278736686388864,0.4454317632628321,0.021437947105532325,9.73014949939543e-05,0.027860001528004975,0.0036983059050346755,7.407081689980388e-05,0.0017134678455499666,-0.11504822688768557,False
paper_poly4,tanh,"8,4",2,3,0,False,0.00019460009934846312,0.0001907699370047293,4.855407630235024e-05,,,,0.07346412245552172,0.05963078200500168,0.5296768197670096,0.02144190520026222,6.570231769820012e-05,0.022745413636690207,0.002762618941221184,4.932931524420225e-05,0.00013796488876985022,0.008633121358785498,False
paper_poly4,tanh,"8,4",2,3,0,False,0.00010122430830961093,0.0001907699370047293,6.722445031272082e-05,,,,0.01958179394163713,0.020925651443622663,0.44016776119003626,0.021418782742988543,8.732206959681104e-05,0.01676908381089142,0.0019221685707705577,6.443696012423546e-05,0.0037509198787119852,-0.2752251184818833,False
paper_poly4,tanh,"8,4",2,3,0,False,0.0001030521743814461,0.0001907699370047293,6.109588808984033e-05,,,,0.10986795878212868,0.0964597084523604,0.4028111374697029,0.02144678269576012,8.250005895495562e-05,0.021531567148516072,0.0024097291381915266,6.290039302540024e-05,0.003660487379165085,-0.2674527765487694,False
paper_poly4,tanh,"8,4",2,3,0,False,0.00017614620446693152,0.0001907699370047293,0.00010508920385509322,,,,0.22773753839220762,0.21802891015657416,0.43047627108226827,0.02144811882911797,0.00013928956890130463,0.029939870345967744,0.002677464737787649,0.00010472803013118175,0.0005399407603932007,-0.034636646690650065,False
paper_poly4,tanh,"8,4",2,3,0,False,0.00011071752669522539,0.0001907699370047293,4.16057329482684e-05,,,,0.06325798901765593,0.06607788753822283,0.29642655571111226,0.021447626972129617,5.5446314612345816e-05,0.0241121880709453,0.0008210898192273515,4.237257973373792e-05,0.003289709442565394,-0.2362935607206066,False
paper_poly4,tanh,"8,4",2,3,0,False,0.0001188145688502118,0.0001907699370047293,6.63606650199959e-05,,,,0.11713822194348864,0.10714951294674327,0.3134312519045539,0.021450719533784558,9.60381178522477e-05,0.021997755517678318,0.0025073100225231253,6.195060571991355e-05,0.0029117394878367033,-0.20564023989527755,False
paper_poly4,tanh,"8,4",2,3,0,False,0.00016878562746569514,0.0001907699370047293,5.5252460995027856e-05,,,,0.1284210163649343,0.12628726236872137,0.5351597521034374,0.021438008239627583,8.268178312442797e-05,0.02143914312816308,0.001015439649733706,5.508944756048297e-05,0.000820196779917905,-0.053174473730729026,False
paper_poly4,tanh,"8,4",2,3,0,False,0.00018772909243125468,0.0001907699370047293,0.00011804354649092948,,,,0.18781995671406507,0.1877941669789935,0.4242625781877052,0.021428496462103715,0.0001693709296698678,0.025378410507542457,0.0017420097936394485,0.0001166577159987776,0.00011052240932197047,-0.0069783557151755675,False
paper_poly4,tanh,"8,4",2,3,0,False,0.00020042738469783217,0.0001907699370047293,0.00010153021148298092,,,,0.17236319153983073,0.14896326229990803,0.3019941999266071,0.021432905240017196,0.00012417430803956752,0.028751039445991822,0.004278347560713264,0.0001029590291559967,0.00034528882473304316,0.021447123271320454,False
paper_poly4,tanh,"8,4",2,3,0,False,0.00023273764236364514,0.0001907699370047293,0.00012185861732972577,,,,0.2308651853302207,0.1982226525676793,0.20370893240302765,0.021443973711628858,0.0001686043229322113,0.02689292160928033,0.004968450603409845,0.00012035676914767322,0.0014437922257362241,0.08635669430300015,False
paper_poly4,tanh,"8,4",2,3,0,False,8.932865966926329e-06,0.0001907699370047293,0.00018158687716531702,,,,0.10020988037181935,0.09098613798839678,0.3662714218662372,0.02144655587804569,0.00024788208535896967,0.02294161764017906,0.00353431051698376,0.00018365974765899564,0.010823159015446473,-1.3295191186206792,False
paper_poly4,tanh,"8,4",2,3,0,False,0.0001421627530362457,0.0001907699370047293,6.626836887365923e-05,,,,0.12065386162527378,0.11521193890754856,0.32748090589693307,0.02143849684537612,9.945080796295168e-05,0.027081826094892687,0.0014379379125213437,6.56254449700761e-05,0.0018887467682236932,-0.12772411113443038,False
paper_poly4,tanh,"8,4",2,3,0,False,5.5097625590860844e-05,0.0001907699370047293,7.97032287469505e-05,,,,0.1499270111357457,0.13968356806517912,0.3609631816583708,0.021452411361535757,0.00011572533621849446,0.018135396134354376,0.0012436204653400852,7.912823096548501e-05,0.006389171581171635,-0.5393770527764238,False
paper_poly4,tanh,"8,4",2,3,0,False,0.0001522645470686257,0.0001907699370047293,5.590395183673282e-05,,,,0.04861569100841365,0.04689354839456421,0.3364129295389833,0.02143952102850529,8.17140843198652e-05,0.013839420040763883,0.001445724476460897,5.531096695368526e-05,0.0014723969239654588,-0.09791114132680157,False
paper_poly4,tanh,"8,4",2,3,0,False,2.091441274387762e-05,0.0001907699370047293,0.00017338087095340567,,,,0.22750477408114342,0.219810471863378,0.6334486601500722,0.02144090652580182,0.0002472413364950612,0.02315466670753405,0.001209674842483451,0.0001694867307919638,0.009238721240612278,-0.9600642617660416,False
paper_poly4,tanh,"8,4",2,3,0,False,0.00012982134649064392,0.0001907699370047293,8.547505437745435e-05,,,,0.07838158523905545,0.07885639802676349,0.24780553365971517,0.02144477886224575,0.00012900060561776207,0.021431563135126647,0.002890625351138394,8.301138363789659e-05,0.0024180319832663565,-0.16716382702625124,False
paper_poly4,tanh,"8,4",2,3,0,False,0.00010638006642693654,0.0001907699370047293,5.887694786108219e-05,,,,0.19765134548545416,0.1864428452808056,0.45837503444069827,0.02145035765700112,8.948469957978752e-05,0.020493529604411115,0.00031087205499490784,5.830206136859305e-05,0.0034978777832943755,-0.25364967912106795,False
paper_poly4,tanh,"8,4",2,3,0,False,0.00020492967450991273,0.0001907699370047293,4.986772827638254e-05,,,,0.09220007498636439,0.08651253909342457,0.36653773380357924,0.021448989505822753,7.159452049822088e-05,0.02232958446968685,0.002329531945568746,4.8586746318471255e-05,0.0005034159138688037,0.03109491397213865,False
paper_poly4,tanh,"8,4",2,3,0,False,9.651181608205661e-05,0.0001907699370047293,5.480068230164335e-05,,,,0.15150193380613752,0.13283337450027508,0.24933970321730275,0.021444818376036276,7.553406273365533e-05,0.023526082957163706,0.001481841646320357,5.463935582979365e-05,0.003987906309580541,-0.2959294483881,False
paper_poly4,tanh,"8,4",2,3,0,False,0.0002063089923467487,0.0001907699370047293,8.88616693521433e-05,,,,0.16575696005885432,0.1431924372967412,0.3003883358895166,0.021445320983903435,0.00011474508363786513,0.02440766305554086,0.004697415646508133,9.031307332722353e-05,0.0005515112532851769,0.0340082215957868,False
paper_poly4,tanh,"8,4",2,3,0,False,0.0003460577572695911,0.0001907699370047293,9.3199015828758e-05,,,,0.08755664678205112,0.08885268776534916,0.5319366514476691,0.021448101727693555,0.00010507772485124226,0.024439390269118153,0.005266426593619601,9.388483489548076e-05,0.0047906786318715165,0.25863865258747243,False
paper_poly4,tanh,"16,8,4",3,3,0,True,0.0002597776474431157,1.4155628306704581e-05,0.0001548929252269321,,,,0.09498789312607618,0.07860230416482046,0.48761258016910364,0.02145017016210144,0.0001654068829969929,0.03373611407688261,0.007902611216932602,9.419429301067051e-05,0.012355222544336204,1.2636726289239661,False
paper_poly4,tanh,"16,8,4",3,3,0,True,0.0001754869008436799,1.4155628306704581e-05,9.253875754352272e-05,,,,0.040031843859170496,0.038304821581883856,0.26641741690088994,0.021450201430619126,0.00011498476633257788,0.034184947449551764,0.005728307350563136,1.0240706168157599e-05,0.00948475027705967,1.093315553686978,False
paper_poly4,tanh,"16,8,4",3,3,0,True,1.6306428733514622e-05,1.4155628306704581e-05,2.6189894535112165e-05,,,,0.05486889596781681,0.05528198877085141,0.33233506664430107,0.021440119083654986,3.653149129464865e-05,0.03272320647670856,0.003207604686902685,0.00042220864300600357,0.0002757253140709924,0.06142970616889523,False
paper_poly4,tanh,"16,8,4",3,3,0,True,2.5422546968911774e-05,1.4155628306704581e-05,1.668435221514791e-05,,,,0.1209327393899524,0.08961816115087384,0.4866336128101881,0.021450204522121513,2.356367117058722e-05,0.036979938419084285,0.0021532834027601705,0.00025866756512113936,0.0012796810266672148,0.25428990780900296,False
paper_poly4,tanh,"16,8,4",3,3,0,True,8.404114487348124e-05,1.4155628306704581e-05,4.056446408501915e-05,,,,0.08740345958147472,0.0821582844279201,0.3147123089456401,0.02145601608657094,5.9215679060485395e-05,0.03364083288233066,0.004026188452303218,0.0001347125313901395,0.0054049991345724415,0.7735628094995779,False
paper_poly4,tanh,"16,8,4",3,3,0,True,0.0001463472144678235,1.4155628306704581e-05,8.940104131319227e-05,,,,0.07535797356228277,0.06375120920312854,0.3149958281300687,0.021447891500698424,8.249064878751785e-05,0.04098545654043957,0.008283687495612443,5.659914097489618e-05,0.008335008660904974,1.014455310038106,False
paper_poly4,tanh,"16,8,4",3,3,0,True,6.479405419668183e-05,1.4155628306704581e-05,2.6597776394478882e-05,,,,0.12430602000251552,0.11822773887125454,0.29222621853967173,0.0214389129039601,3.795013765320459e-05,0.027821227215213042,0.0014796628050782784,2.452989738700259e-05,0.00428707878143856,0.6606060042504964,False
paper_poly4,tanh,"16,8,4",3,3,0,True,0.000154816429130733,1.4155628306704581e-05,7.789879979669147e-05,,,,0.08677232220433358,0.08457008543545608,0.19477022263860463,0.02145200937237285,8.50915209819772e-05,0.037017437569194914,0.005715855939845919,6.233111340823026e-05,0.008680128412932996,1.038887895584494,False
paper_poly4,tanh,"16,8,4",3,3,0,True,9.571959526510909e-05,1.4155628306704581e-05,5.844377517626426e-05,,,,0.164440210370156,0.16431621834513394,0.2496391098866418,0.021441381416653728,8.88230111671549e-05,0.03796206885431923,0.0005382857239453349,5.4385451644516256e-05,0.006021242545247856,0.8300717030310231,False
paper_poly4,tanh,"16,8,4",3,3,0,True,1.4718238162458874e-05,1.4155628306704581e-05,2.0350217038347005e-05,,,,0.09505355213735223,0.07446644565092744,0.3232402564403069,0.021448436747048116,2.9265321708303177e-05,0.03582084126067936,0.0007574057153828811,0.00010506654208966531,7.40389890419549e-05,0.01692667559204425,False
paper_poly4,tanh,"16,8,4",3,3,0,True,2.317616053915117e-05,1.4155628306704581e-05,6.562901758303037e-05,,,,0.04020149284749892,0.04040234136747003,0.3036016559609323,0.021449585643440405,7.275935197928224e-05,0.03219131701995738,0.0029642396986013933,3.8317919785346445e-05,0.0010517658787198327,0.21411233995441312,False
paper_poly4,tanh,"16,8,4",3,3,0,True,6.19781349087134e-05,1.4155628306704581e-05,3.1397104190742586e-05,,,,0.06505130493810007,0.06039520517605129,0.38386349325224334,0.02145166954218844,4.7610642825861904e-05,0.03192231357294381,0.003488413045170646,0.0004627876670123759,0.004110222699481937,0.6413093524232756,False
paper_poly4,tanh,"16,8,4",3,3,0,True,0.00014938501408323646,1.4155628306704581e-05,7.820919689922988e-05,,,,0.09114088356904497,0.0952836024770453,0.35649931669534185,0.02144988430942709,9.624931638166045e-05,0.02986559810195439,0.0050522186447530945,5.973847144400555e-05,0.008459919614925659,1.0233778817996553,False
paper_poly4,tanh,"16,8,4",3,3,0,True,0.00017041667888406664,1.4155628306704581e-05,8.827358484391204e-05,,,,0.09673269693234378,0.09566074361712078,0.2982941010470855,0.021451484480007665,0.00010630804798373076,0.039102582914091535,0.0052021687805583515,0.0002460982766358303,0.009291977319475848,1.0805829468608954,False
paper_poly4,tanh,"16,8,4",3,3,0,True,9.016963304020464e-05,1.4155628306704581e-05,4.3115771463553904e-05,,,,0.15474707368976548,0.13980358927033623,0.37676686907186013,0.02145056828052129,5.835725634061783e-05,0.03828687027856681,0.0045426086286059235,3.0308611753942214e-05,0.005733372600520086,0.8041311516775285,False
paper_poly4,tanh,"16,8,4",3,3,0,True,6.337115337373689e-05,1.4155628306704581e-05,7.718174715230661e-05,,,,0.23909835047762948,0.20756144699282042,0.2874904091060989,0.021447702309496032,0.00011055212815506011,0.03352408906335379,0.002279649347882392,0.0004513930969632083,0.004198203446261294,0.650962460915213,False
paper_poly4,tanh,"16,8,4",3,3,0,True,8.512921340297908e-05,1.4155628306704581e-05,3.163736657529416e-05,,,,0.15674737549586343,0.14312580286879553,0.2831476593712106,0.021452237809482144,3.9846109923849954e-05,0.04322533899217172,0.0037659731293069034,5.3985098623947895e-05,0.005464152759413573,0.7791494699441442,False
paper_poly4,tanh,"16,8,4",3,3,0,True,7.855208241380751e-05,1.4155628306704581e-05,5.5670234001000015e-05,,,,0.13593553544608153,0.12256128813036067,0.43338699024898225,0.021456418232667685,8.5791578722961e-05,0.04063614179172233,0.0006944222842292689,0.00017291572743353522,0.0051005646492204995,0.7442285520948324,False
paper_poly4,tanh,"16,8,4",3,3,0,True,0.0003026575141120702,1.4155628306704581e-05,0.00033023849654081124,,,,0.22657063331264968,0.2158823941148199,0.2536645439880123,0.02144950705070492,0.0005187004128749038,0.038364554990483565,0.0004110400333569636,0.00042155283273223875,0.013634658136543059,1.3300223100902682,False
paper_poly4,tanh,"16,8,4",3,3,0,True,6.886638584546745e-05,1.4155628306704581e-05,2.7556912965767678e-05,,,,0.07783091269442668,0.06877499092320744,0.29062687984533825,0.02144700642100358,4.0504510709862194e-05,0.03414611106809782,0.0037575918692030674,0.0001588096848146162,0.004536180721233859,0.6870781409450694,False
paper_poly4,tanh,"16,8,4",3,3,0,True,0.00014326340169645846,1.4155628306704581e-05,7.073802910499477e-05,,,,0.07935569960673378,0.07373235147062485,0.331240055748473,0.021450579910453727,8.334442639155904e-05,0.03454124532483634,0.005122599360446078,0.0001666216263440039,0.00820687243698251,1.0052061084155406,False
paper_poly4,tanh,"16,8,4",3,3,0,True,0.00010830954852281138,1.4155628306704581e-05,4.6062016288781095e-05,,,,0.06404949455554225,0.05705845731569162,0.29220682589884545,0.021453249064939707,4.937357531903195e-05,0.03968751470466955,0.00490446526320783,4.732215114741529e-06,0.006644790731859434,0.8837375949562378,False
paper_poly4,tanh,"16,8,4",3,3,0,True,2.2480986444861628e-05,1.4155628306704581e-05,1.4019734747892037e-05,,,,0.07877710988957488,0.07094055086016739,0.2456353147203112,0.02144012720105692,1.8103328193059724e-05,0.03516263591616341,0.003276144816273554,0.0007791817182955875,0.0009790152445625071,0.2008862131847204,False
paper_poly4,tanh,"16,8,4",3,3,0,True,7.084308890625834e-05,1.4155628306704581e-05,2.592886344107459e-05,,,,0.172996780430136,0.15070349019505472,0.30206080703943233,0.021450068879017174,3.485050855476097e-05,0.0317716129568047,0.002960351077549027,5.428611345424509e-05,0.004654437045330644,0.6993683385050259,False
paper_poly4,tanh,"16,8,4",3,3,0,True,2.0531995687633753e-05,1.4155628306704581e-05,4.1799396383201873e-05,,,,0.08967141892517848,0.07973589987155687,0.31650828207988285,0.02144923703067101,6.174654326997846e-05,0.038374631047701016,0.001158181643010574,0.00015599928203354678,0.0007688279066702273,0.16150201380321025,False
paper_poly4,tanh,"16,8,4",3,3,0,True,0.00011524848378030583,1.4155628306704581e-05,7.087847209908111e-05,,,,0.203041663413832,0.18557202002301254,0.20441924084880028,0.021447463921393448,8.858860013586842e-05,0.03611057241231645,0.004691429981176095,5.4775892239108846e-05,0.0069729880417574415,0.9107060699109705,False
paper_poly4,tanh,"16,8,4",3,3,0,True,2.739655064942781e-05,1.4155628306704581e-05,2.5056669307950495e-05,,,,0.1277473017135166,0.12252218607735617,0.3207194231619983,0.021452592140908923,3.802096542188899e-05,0.03493799471665012,0.0014522604262833746,2.7023385576477798e-05,0.0014717748212628818,0.2867667360379721,False
paper_poly4,tanh,"16,8,4",3,3,0,True,0.00011222358443774283,1.4155628306704581e-05,5.951787934982309e-05,,,,0.09979367123338688,0.09371665926943602,0.28490447123070867,0.02144859279713396,7.482413992149171e-05,0.03402482166118745,0.006612101206081826,5.06943475552352e-05,0.0068311667319887704,0.899154985448411,False
paper_poly4,tanh,"16,8,4",3,3,0,True,0.00015653212903998792,1.4155628306704581e-05,0.00010090017011443488,,,,0.2216184626762381,0.18950708162046828,0.23792403262825998,0.0214483213271403,0.00012312816193504243,0.035887141632225415,0.008603211182141274,0.0004614226821853113,0.0087488834545877,1.0436743416809502,False
paper_poly4,tanh,"16,8,4",3,3,0,True,3.657892739283852e-05,1.4155628306704581e-05,9.45120183907171e-06,,,,0.13654662242629556,0.12259259900059584,0.37117189954137847,0.02145346990581345,1.2632590536495904e-05,0.03796505965616548,0.002274833904393152,2.1699894589306197e-05,0.002285654919475932,0.4123018159011536,False
paper_poly4,tanh,"16,8,4",3,3,0,True,2.9563972930191085e-05,1.4155628306704581e-05,4.673481921637318e-05,,,,0.27520552461383985,0.236440392479357,0.5129233330585071,0.021454668408159176,6.283763711886278e-05,0.037290093945428815,0.0008708939129859692,5.16107983397424e-05,0.0016748796244395788,0.3198336453814504,False
paper_poly4,tanh,"16,8,4",3,3,0,True,0.00014243193436414003,1.4155628306704581e-05,7.282928931526511e-05,,,,0.09001668549589568,0.08000312955164976,0.3893956939163612,0.02144887174143363,7.167721793548299e-05,0.04191704707278804,0.0065164104344218425,6.756978160987695e-05,0.008172088472618803,1.0026782218997505,False
paper_poly4,tanh,"16,8,4",3,3,0,True,4.07442421419546e-05,1.4155628306704581e-05,8.610987203951483e-05,,,,0.19871628197573263,0.21133104391571053,0.28877625232491316,0.021452019193734732,9.373467754734544e-05,0.03621382633087747,0.0032008819423579426,0.00014280499549077386,0.0026207250438106122,0.4591370936064287,False
paper_poly4,tanh,"16,8,4",3,3,0,True,9.454492828808725e-05,1.4155628306704581e-05,0.00011736324730201652,,,,0.11610237033446029,0.1324607282981282,0.5126083971551871,0.021424548521829075,0.00013711011015203904,0.02491602442657334,0.0033651020315091777,0.0001595868632749907,0.005961025017388668,0.82470908620097,False
paper_poly4,tanh,"16,8,4",3,3,0,True,3.67473803635221e-05,1.4155628306704581e-05,9.480464341618416e-06,,,,0.0768591738144615,0.08073787457783292,0.4029102392832191,0.021451403750193637,1.1204820613570678e-05,0.03757924236109923,0.002230393000708523,2.4846110164740187e-05,0.0022995651412545852,0.41429723409599417,False
paper_poly4,tanh,"16,8,4",3,3,0,True,8.955397788668051e-05,1.4155628306704581e-05,3.897831640685472e-05,,,,0.069157598055174,0.06345597330543548,0.3593321643439223,0.02145180733884538,5.5715098942648824e-05,0.03809623729005777,0.0029904335772212493,1.832662434278045e-05,0.005700899736750346,0.8011557309145082,False
paper_poly4,tanh,"16,8,4",3,3,0,True,9.900055738398805e-05,1.4155628306704581e-05,5.214336933245548e-05,,,,0.09326953203651134,0.08169324918277653,0.43490353586058433,0.02145013553722436,5.4436421670127694e-05,0.0386725481498912,0.004996962673179121,3.870571916433984e-05,0.006187505763215208,0.8447084891599682,False
paper_poly4,tanh,"16,8,4",3,3,0,True,7.377835572697222e-05,1.4155628306704581e-05,8.45279323971517e-05,,,,0.15300780565005656,0.1400561039058113,0.3534072110522988,0.021449026412337868,0.00012373782437170107,0.042893716403335155,0.0007814938593680888,8.215035006388225e-05,0.004827036176841183,0.7169998214557849,False
paper_poly4,tanh,"16,8,4",3,3,0,True,0.00024828570894896984,1.4155628306704581e-05,0.00015074699348239685,,,,0.09064207201654634,0.09234419150306843,0.30399908378169804,0.02144808745349816,0.0001482017917310995,0.03203709463390615,0.0084004662602479,0.0001757451603836831,0.011994687787674058,1.2440225721935108,False
paper_poly4,tanh,"16,8,4",3,3,0,True,1.0638341336743906e-05,1.4155628306704581e-05,5.969308997588807e-06,,,,0.04952604252090098,0.044635710612871804,0.28680830842121513,0.02144723797380669,7.627056177803864e-06,0.03335169914683401,0.0006734038571487934,8.802485410638816e-05,0.0005007495891835578,-0.12405522979636245,False
paper_poly4,tanh,"16,8,4",3,3,0,True,8.99350197869353e-05,1.4155628306704581e-05,7.479404193192481e-05,,,,0.09450389260828629,0.09749134060522191,0.1474770955948642,0.021437556531935208,0.00011882010411952057,0.03315152907281771,0.0012612074785110373,0.0006028163030902993,0.005721010986764737,0.8029996839746142,False
paper_poly4,tanh,"16,8,4",3,3,0,True,5.127443000674248e-05,1.4155628306704581e-05,2.7294899384292393e-05,,,,0.1177797557019838,0.10926774792302422,0.35796233477205397,0.021447189194825987,4.3254985150874346e-05,0.03590581617794587,0.0005874705589396698,0.0003028991762347994,0.0033982199766222727,0.5589716906536881,False
paper_poly4,tanh,"16,8,4",3,3,0,True,9.763789421413094e-05,1.4155628306704581e-05,4.4276944937574335e-05,,,,0.07356483270843568,0.06813581002414944,0.2961052055929168,0.021449483497166154,6.289846982572067e-05,0.02655939059414454,0.0010617273788108108,2.109528821430787e-05,0.006118792289503692,0.8386892537162777,False
paper_poly4,tanh,"16,8,4",3,3,0,True,7.73769206716679e-05,1.4155628306704581e-05,7.174040672926262e-05,,,,0.12241490623932859,0.13321003537857046,0.24599096070280266,0.021446327506189244,0.0001088323794677137,0.03419320563643829,3.723342543981177e-05,0.00011295293771955967,0.005034018599691396,0.7376822917716434,False
paper_poly4,tanh,"16,8,4",3,3,0,True,3.943306001019664e-05,1.4155628306704581e-05,7.124693769898823e-05,,,,0.07167940935139404,0.06516960253180056,0.44498760537003285,0.02145285903280895,8.801573440924946e-05,0.03674222372256865,0.003609698127165726,0.0005321260890601892,0.00251717820977265,0.44493132911490674,False
paper_poly4,tanh,"16,8,4",3,3,0,True,3.537610245984979e-05,1.4155628306704581e-05,8.970109647551727e-05,,,,0.11787547391273938,0.12393692238505843,0.3804545331749963,0.021456188156531206,0.00011271447508720308,0.034081032864621,0.001715063315096246,0.00018500442688634068,0.0021853846882400087,0.39778083251411667,False
paper_poly4,tanh,"16,8,4",3,3,0,True,8.499423711327836e-05,1.4155628306704581e-05,3.284397973324041e-05,,,,0.09287748136349992,0.07816651920156664,0.25359763395658214,0.021452072844662523,4.3018355889278836e-05,0.03256243181308954,0.0027120268336389346,2.1844218457579222e-05,0.005456835298170753,0.7784603295590066,False
paper_poly4,tanh,"16,8,4",3,3,0,True,6.256993219722062e-05,1.4155628306704581e-05,2.0685761442891408e-05,,,,0.0355150384393347,0.03391266170832858,0.2629830842054623,0.021441536654854605,2.5421327695230475e-05,0.029424553747100547,0.004188414306868218,0.00021695353389236362,0.004147719196989132,0.6454365337923934,False
paper_poly4,tanh,"16,8,4",3,3,0,True,2.537516957090702e-05,1.4155628306704581e-05,1.4184480994518893e-05,,,,0.09967022691951055,0.09076569796817265,0.3655276981990218,0.02144588609143999,2.0691075393958945e-05,0.03587328325962018,0.0026309485843368247,0.0001613404283032936,0.0012749806337891282,0.25347980255671887,False
paper_poly4,tanh,"16,8,4",3,3,0,True,3.533273047651164e-05,1.4155628306704581e-05,8.382740089744553e-06,,,,0.04860949699425693,0.04533502643642939,0.3841787661322061,0.021452925756513884,1.1600285942693876e-05,0.03570171100210218,0.0018590779760289155,1.2572275610969645e-05,0.002181737505950742,0.397248049985737,False
paper_poly4,tanh,"16,8,4",3,3,0,False,0.0002597776474431157,1.700580000994292e-05,0.00014727108896153004,,,,0.09498789312607618,0.07860230416482046,0.48761258016910364,0.02145017016210144,0.0001564514451941094,0.03402469130330997,0.007636988205205766,0.0001461871973296334,0.011993810241592903,1.1840047120737243,False
paper_poly4,tanh,"16,8,4",3,3,0,False,0.0001754869008436799,1.700580000994292e-05,8.831395093965312e-05,,,,0.040031843859170496,0.038304821581883856,0.26641741690088994,0.021450201430619126,0.00011008960848071091,0.03473380137237791,0.00546214463978287,6.660644788023537e-05,0.00912333797431637,1.0136476368367362,False
paper_poly4,tanh,"16,8,4",3,3,0,False,1.6306428733514622e-05,1.700580000994292e-05,2.7872424204840156e-05,,,,0.05486889596781681,0.05528198877085141,0.33233506664430107,0.021440119083654986,3.92924885856526e-05,0.033133844649164884,0.0029416355261739744,2.3653269339251953e-05,8.56869886723087e-05,-0.018238210681346574,False
paper_poly4,tanh,"16,8,4",3,3,0,False,2.5422546968911774e-05,1.700580000994292e-05,1.927239731535652e-05,,,,0.1209327393899524,0.08961816115087384,0.4866336128101881,0.021450204522121513,2.829054137240098e-05,0.03745308680656301,0.00188777520790587,2.813541077999269e-05,0.0009182687239239137,0.1746219909587612,False
paper_poly4,tanh,"16,8,4",3,3,0,False,8.404114487348124e-05,1.700580000994292e-05,3.7566971988789896e-05,,,,0.08740345958147472,0.0821582844279201,0.3147123089456401,0.02145601608657094,5.518999699914934e-05,0.0339187760194491,0.003759942790328463,4.4185254288032604e-05,0.00504358683182914,0.6938948926493361,False
paper_poly4,tanh,"16,8,4",3,3,0,False,0.0001463472144678235,1.700580000994292e-05,8.35017977687829e-05,,,,0.07535797356228277,0.06375120920312854,0.3149958281300687,0.021447891500698424,7.612334759455353e-05,0.04136431771075935,0.00801880046598473,5.729215338282488e-05,0.007973596358161673,0.9347873931878643,False
paper_poly4,tanh,"16,8,4",3,3,0,False,6.479405419668183e-05,1.700580000994292e-05,2.3669568417136198e-05,,,,0.12430602000251552,0.11822773887125454,0.29222621853967173,0.0214389129039601,3.3661745289514696e-05,0.027984494949319483,0.0012133928223098701,1.6116687787045778e-05,0.003925666478695259,0.5809380874002548,False
paper_poly4,tanh,"16,8,4",3,3,0,False,0.000154816429130733,1.700580000994292e-05,7.305220426790473e-05,,,,0.08677232220433358,0.08457008543545608,0.19477022263860463,0.02145200937237285,7.958623793276487e-05,0.03740860715862085,0.005450155649729124,5.0623008422955705e-05,0.008318716110189694,0.9592199787342522,False
paper_poly4,tanh,"16,8,4",3,3,0,False,9.571959526510909e-05,1.700580000994292e-05,5.9463797495595125e-05,,,,0.164440210370156,0.16431621834513394,0.2496391098866418,0.021441381416653728,9.013979239924684e-05,0.03853833164603604,0.00027178243184875704,5.3296311209300544e-05,0.005659830242504555,0.7504037861807814,False
paper_poly4,tanh,"16,8,4",3,3,0,False,1.4718238162458874e-05,1.700580000994292e-05,2.4002589034983094e-05,,,,0.09505355213735223,0.07446644565092744,0.3232402564403069,0.021448436747048116,3.489486809363584e-05,0.036289897759497494,0.0004917080334555042,2.625201661052349e-05,0.0002873733137013462,-0.06274124125819748,False
paper_poly4,tanh,"16,8,4",3,3,0,False,2.317616053915117e-05,1.700580000994292e-05,7.102905046066675e-05,,,,0.04020149284749892,0.04040234136747003,0.3036016559609323,0.021449585643440405,7.936452358086904e-05,0.032518886427281186,0.0032305164107379884,7.690551360950936e-05,0.0006903535759765315,0.1344444231041714,False
paper_poly4,tanh,"16,8,4",3,3,0,False,6.19781349087134e-05,1.700580000994292e-05,3.168388890485236e-05,,,,0.06505130493810007,0.06039520517605129,0.38386349325224334,0.02145166954218844,4.8570523796565154e-05,0.032417759107475325,0.0032225092227996313,3.0336959175714416e-05,0.003748810396738636,0.5616414355730338,False
paper_poly4,tanh,"16,8,4",3,3,0,False,0.00014938501408323646,1.700580000994292e-05,7.221718697020793e-05,,,,0.09114088356904497,0.0952836024770453,0.35649931669534185,0.02144988430942709,8.80765840239502e-05,0.030263719546557686,0.004785563332995141,3.310393305304041e-05,0.008098507312182358,0.9437099649494135,False
paper_poly4,tanh,"16,8,4",3,3,0,False,0.00017041667888406664,1.700580000994292e-05,8.259300528743191e-05,,,,0.09673269693234378,0.09566074361712078,0.2982941010470855,0.021451484480007665,9.92002464164921e-05,0.039265314508606666,0.004936486927323766,6.880201515787736e-05,0.008930565016732547,1.0009150300106537,False
paper_poly4,tanh,"16,8,4",3,3,0,False,9.016963304020464e-05,1.700580000994292e-05,4.427295220155773e-05,,,,0.15474707368976548,0.13980358927033623,0.37676686907186013,0.02145056828052129,6.133437910971815e-05,0.03857834008056306,0.004276467998256241,3.835324843770989e-05,0.005371960297776785,0.7244632348272867,False
paper_poly4,tanh,"16,8,4",3,3,0,False,6.337115337373689e-05,1.700580000994292e-05,7.913355868457289e-05,,,,0.23909835047762948,0.20756144699282042,0.2874904091060989,0.021447702309496032,0.00011230306769867041,0.03407223467842996,0.002545719320790771,9.985764086963517e-05,0.0038367911435179926,0.5712945440649713,False
paper_poly4,tanh,"16,8,4",3,3,0,False,8.512921340297908e-05,1.700580000994292e-05,2.9061993038559936e-05,,,,0.15674737549586343,0.14312580286879553,0.2831476593712106,0.021452237809482144,3.6809348994265506e-05,0.04365058153536375,0.003499920222608059,2.1313268814460272e-05,0.005102740456670272,0.6994815530939024,False
paper_poly4,tanh,"16,8,4",3,3,0,False,7.855208241380751e-05,1.700580000994292e-05,5.480627041761355e-05,,,,0.13593553544608153,0.12256128813036067,0.43338699024898225,0.021456418232667685,8.352273858584214e-05,0.04104313771160443,0.0009608276380901036,5.183111895519794e-05,0.0047391523464771984,0.6645606352445906,False
paper_poly4,tanh,"16,8,4",3,3,0,False,0.0003026575141120702,1.700580000994292e-05,0.00034456760028226394,,,,0.22657063331264968,0.2158823941148199,0.2536645439880123,0.02144950705070492,0.0005412026793137981,0.038504337609846256,0.0001457986590569583,0.0003405550222845206,0.013273245833799758,1.2503543932400263,False
paper_poly4,tanh,"16,8,4",3,3,0,False,6.886638584546745e-05,1.700580000994292e-05,2.6967035062521257e-05,,,,0.07783091269442668,0.06877499092320744,0.29062687984533825,0.02144700642100358,3.999922659881266e-05,0.03450582422145657,0.0034911941051259734,3.6905782696844396e-05,0.004174768418490558,0.6074102240948277,False
paper_poly4,tanh,"16,8,4",3,3,0,False,0.00014326340169645846,1.700580000994292e-05,6.737825844795479e-05,,,,0.07935569960673378,0.07373235147062485,0.331240055748473,0.021450579910453727,7.963738456905699e-05,0.03491669283758431,0.0048563764908588925,1.2761909057320963e-05,0.007845460134239209,0.9255381915652988,False
paper_poly4,tanh,"16,8,4",3,3,0,False,0.00010830954852281138,1.700580000994292e-05,4.228616999236079e-05,,,,0.06404949455554225,0.05705845731569162,0.29220682589884545,0.021453249064939707,4.5130426047227245e-05,0.04019433779186967,0.004638657508644907,2.698293205787187e-05,0.006283378429116133,0.804069678105996,False
paper_poly4,tanh,"16,8,4",3,3,0,False,2.2480986444861628e-05,1.700580000994292e-05,1.4562810666848298e-05,,,,0.07877710988957488,0.07094055086016739,0.2456353147203112,0.02144012720105692,1.959419307067045e-05,0.03567926733911557,0.003010497238557941,2.2148820207288083e-05,0.000617602941819206,0.12121829633447868,False
paper_poly4,tanh,"16,8,4",3,3,0,False,7.084308890625834e-05,1.700580000994292e-05,2.3072595890252708e-05,,,,0.172996780430136,0.15070349019505472,0.30206080703943233,0.021450068879017174,3.1094449405348294e-05,0.03233506009395077,0.002694172488589313,9.125867694751934e-06,0.004293024742587343,0.6197004216547842,False
paper_poly4,tanh,"16,8,4",3,3,0,False,2.0531995687633753e-05,1.700580000994292e-05,4.3685859137916624e-05,,,,0.08967141892517848,0.07973589987155687,0.31650828207988285,0.02144923703067101,6.490537164325304e-05,0.03872323684627253,0.0008928181891982868,4.0369401883461255e-05,0.0004074156039269262,0.08183409695296849,False
paper_poly4,tanh,"16,8,4",3,3,0,False,0.00011524848378030583,1.700580000994292e-05,6.492633272516062e-05,,,,0.203041663413832,0.18557202002301254,0.20441924084880028,0.021447463921393448,8.096280199801607e-05,0.0366755280284918,0.0044263731811579,5.5150232121636134e-05,0.00661157573901414,0.8310381530607287,False
paper_poly4,tanh,"16,8,4",3,3,0,False,2.739655064942781e-05,1.700580000994292e-05,2.4259828028763315e-05,,,,0.1277473017135166,0.12252218607735617,0.3207194231619983,0.021452592140908923,3.687045592754659e-05,0.03534266050863,0.0011865721032168369,3.423146512750818e-05,0.0011103625185195807,0.20709881918773032,False
paper_poly4,tanh,"16,8,4",3,3,0,False,0.00011222358443774283,1.700580000994292e-05,5.706971723383116e-05,,,,0.09979367123338688,0.09371665926943602,0.28490447123070867,0.02144859279713396,7.264415940156316e-05,0.03448340049835821,0.006346189161985595,5.7289749706554324e-05,0.006469754429245469,0.8194870685981692,False
paper_poly4,tanh,"16,8,4",3,3,0,False,0.00015653212903998792,1.700580000994292e-05,0.00010114264338462917,,,,0.2216184626762381,0.18950708162046828,0.23792403262825998,0.0214483213271403,0.00012595007625111835,0.03643148328070232,0.008338118100278648,7.526641799787616e-05,0.008387471151844399,0.9640064248307084,False
paper_poly4,tanh,"16,8,4",3,3,0,False,3.657892739283852e-05,1.700580000994292e-05,7.77424385761536e-06,,,,0.13654662242629556,0.12259259900059584,0.37117189954137847,0.02145346990581345,1.048924405118178e-05,0.038307526499972655,0.0020089105501752405,6.01868780493832e-06,0.0019242426167326307,0.3326338990509118,False
paper_poly4,tanh,"16,8,4",3,3,0,False,2.9563972930191085e-05,1.700580000994292e-05,4.855220822083125e-05,,,,0.27520552461383985,0.236440392479357,0.5129233330585071,0.021454668408159176,6.46830359743291e-05,0.037534171186511714,0.001136765319122989,5.51356597267736e-05,0.0013134673216962777,0.2401657285312086,False
paper_poly4,tanh,"16,8,4",3,3,0,False,0.00014243193436414003,1.700580000994292e-05,6.74534965425226e-05,,,,0.09001668549589568,0.08000312955164976,0.3893956939163612,0.02144887174143363,6.561681910709283e-05,0.042487805966388306,0.006250999478116362,5.240891842103374e-05,0.0078106761698755025,0.9230103050495087,False
paper_poly4,tanh,"16,8,4",3,3,0,False,4.07442421419546e-05,1.700580000994292e-05,9.077063323043502e-05,,,,0.19871628197573263,0.21133104391571053,0.28877625232491316,0.021452019193734732,9.883875860208682e-05,0.03648199384551186,0.003467355198555448,6.858308269785433e-05,0.002259312741067311,0.3794691767561869,False
paper_poly4,tanh,"16,8,4",3,3,0,False,9.454492828808725e-05,1.700580000994292e-05,0.0001238760862712571,,,,0.11610237033446029,0.1324607282981282,0.5126083971551871,0.021424548521829075,0.00014485589907897587,0.024864960339683467,0.0036319684935644902,9.189280601353908e-05,0.005599612714645367,0.7450411693507283,False
paper_poly4,tanh,"16,8,4",3,3,0,False,3.67473803635221e-05,1.700580000994292e-05,8.53189512840217e-06,,,,0.0768591738144615,0.08073787457783292,0.4029102392832191,0.021451403750193637,1.0389727851210868e-05,0.037977139420729195,0.0019645025638358863,8.145826128662077e-06,0.0019381528385112841,0.3346293172457524,False
paper_poly4,tanh,"16,8,4",3,3,0,False,8.955397788668051e-05,1.700580000994292e-05,3.760454069041039e-05,,,,0.069157598055174,0.06345597330543548,0.3593321643439223,0.02145180733884538,5.436043914630502e-05,0.038312142954230924,0.0027245875913350986,3.0720661061012426e-05,0.005339487434007045,0.7214878140642664,False
paper_poly4,tanh,"16,8,4",3,3,0,False,9.900055738398805e-05,1.700580000994292e-05,4.950238333618974e-05,,,,0.09326953203651134,0.08169324918277653,0.43490353586058433,0.02145013553722436,5.227914984121404e-05,0.03921487318586005,0.004732104223307842,4.617536115396432e-05,0.005826093460471907,0.7650405723097264,False
paper_poly4,tanh,"16,8,4",3,3,0,False,7.377835572697222e-05,1.700580000994292e-05,8.627065890312088e-05,,,,0.15300780565005656,0.1400561039058113,0.3534072110522988,0.021449026412337868,0.0001265226843700502,0.043529157384100986,0.0005164994437617068,9.337263830458421e-05,0.004465623874097882,0.637331904605543,False
paper_poly4,tanh,"16,8,4",3,3,0,False,0.00024828570894896984,1.700580000994292e-05,0.00014343107529336807,,,,0.09064207201654634,0.09234419150306843,0.30399908378169804,0.02144808745349816,0.00014007631431644754,0.03229714663917985,0.008135161988204038,0.00011036518310834834,0.011633275484930757,1.164354655343269,False
paper_poly4,tanh,"16,8,4",3,3,0,False,1.0638341336743906e-05,1.700580000994292e-05,7.110736461147717e-06,,,,0.04952604252090098,0.044635710612871804,0.28680830842121513,0.02144723797380669,9.263378749218851e-06,0.033861425185918996,0.000407642149910375,7.5544863360289285e-06,0.0008621618919268589,-0.20372314664660418,False
paper_poly4,tanh,"16,8,4",3,3,0,False,8.99350197869353e-05,1.700580000994292e-05,7.781083383036837e-05,,,,0.09450389260828629,0.09749134060522191,0.1474770955948642,0.021437556531935208,0.00012354200698368317,0.03336946961658697,0.000995561553206352,7.100532970679265e-05,0.005359598684021436,0.7233317671243724,False
paper_poly4,tanh,"16,8,4",3,3,0,False,5.127443000674248e-05,1.700580000994292e-05,2.505254048905917e-05,,,,0.1177797557019838,0.10926774792302422,0.35796233477205397,0.021447189194825987,3.931209466009986e-05,0.03702132507422304,0.0008536453568605949,2.4103034674238594e-05,0.0030368076738789716,0.47930377380344635,False
paper_poly4,tanh,"16,8,4",3,3,0,False,9.763789421413094e-05,1.700580000994292e-05,4.2949411010080094e-05,,,,0.07356483270843568,0.06813581002414944,0.2961052055929168,0.021449483497166154,6.124978868015072e-05,0.02680201196738598,0.0007954820993643241,3.1865049678035103e-05,0.005757379986760391,0.759021336866036,False
paper_poly4,tanh,"16,8,4",3,3,0,False,7.73769206716679e-05,1.700580000994292e-05,7.098505231501705e-05,,,,0.12241490623932859,0.13321003537857046,0.24599096070280266,0.021446327506189244,0.00010670547636948047,0.034741705649977334,0.0003035554240003036,6.300918798204587e-05,0.004672606296948095,0.6580143749214016,False
paper_poly4,tanh,"16,8,4",3,3,0,False,3.943306001019664e-05,1.700580000994292e-05,7.942787156959319e-05,,,,0.07167940935139404,0.06516960253180056,0.44498760537003285,0.02145285903280895,9.918891739046026e-05,0.0369848928465287,0.0038761150324209464,9.700690158930632e-05,0.002155765907029349,0.36526341226466497,False
paper_poly4,tanh,"16,8,4",3,3,0,False,3.537610245984979e-05,1.700580000994292e-05,9.528414164125027e-05,,,,0.11787547391273938,0.12393692238505843,0.3804545331749963,0.021456188156531206,0.00011985420203175251,0.03426366079607434,0.0019811660228433265,8.564860627992671e-05,0.0018239723854967076,0.3181129156638749,False
paper_poly4,tanh,"16,8,4",3,3,0,False,8.499423711327836e-05,1.700580000994292e-05,3.057028491082045e-05,,,,0.09287748136349992,0.07816651920156664,0.25359763395658214,0.021452072844662523,4.0127898589322055e-05,0.03278300524050011,0.002445644225437908,2.046683697760965e-05,0.005095422995427452,0.6987924127087648,False
paper_poly4,tanh,"16,8,4",3,3,0,False,6.256993219722062e-05,1.700580000994292e-05,1.858474502840811e-05,,,,0.0355150384393347,0.03391266170832858,0.2629830842054623,0.021441536654854605,2.2958534046926886e-05,0.029861433155315822,0.0039224310277276376,8.497896275140192e-06,0.0037863068942458307,0.5657686169421515,False
paper_poly4,tanh,"16,8,4",3,3,0,False,2.537516957090702e-05,1.700580000994292e-05,1.4565301947782485e-05,,,,0.09967022691951055,0.09076569796817265,0.3655276981990218,0.02144588609143999,2.144792421849393e-05,0.03612194950309286,0.0023649950434548746,1.255425303768405e-05,0.0009135683310458271,0.17381188570647713,False
paper_poly4,tanh,"16,8,4",3,3,0,False,3.533273047651164e-05,1.700580000994292e-05,6.92144356430027e-06,,,,0.04860949699425693,0.04533502643642939,0.3841787661322061,0.021452925756513884,9.515907764143667e-06,0.03602993364584887,0.00159287641076647,5.0143032534630994e-06,0.0018203252032074407,0.3175801331354952,False
paper_poly4,sigmoid,4,1,3,0,True,0.0001613823842490092,0.0015298232667193276,0.0009433546123558955,0.35584922298470084,0.3586718411379476,0.775,0.0951843472283409,0.09078410755203095,0.5788321587336764,0.02142094250058554,0.001422875494223027,0.03215768230464515,0.0005157466489288247,0.001037612883722384,0.02640931857418364,-0.9767851343122812,False
paper_poly4,sigmoid,4,1,3,0,True,0.0003305694554001093,0.0015298232667193276,0.001166158986831083,64.94276571085092,64.97610744541154,0.61,0.16081429595954203,0.16025682344137948,0.4973247784237099,0.021333618662264513,0.0018160310086870715,0.041342588668810305,0.008331593730645483,0.00135704793263305,0.020931386115955998,-0.6653785394157963,False
paper_poly4,sigmoid,4,1,3,0,True,0.00026914640329778194,0.0015298232667193276,0.0010347162110737596,6.327226345713735,6.338554139844773,0.685,0.07826313925676004,0.07315814954771122,0.7000063885115129,0.021436467092240206,0.001593132441634036,0.04003461862966228,0.004730301645809408,0.001297022191587785,0.0227072731856082,-0.7546526811644522,False
paper_poly4,sigmoid,4,1,3,0,True,0.00012210900604259223,0.0015298232667193276,0.001055855661684489,0.3949894797243816,0.3951507246727754,0.785,0.08914466874140689,0.08978058555249528,0.34953415344788785,0.02142797819199794,0.0015956518763212972,0.034593345117093444,0.0010946432799929992,0.0011070893070471545,0.02806266084151604,-1.0978935655837243,False
paper_poly4,sigmoid,4,1,3,0,True,0.0001990506425499916,0.0015298232667193276,0.000941749864795324,0.79854600441773,0.8005111995522242,0.715,0.090054101414444,0.09341542215367646,0.6502363368975462,0.02141231456479753,0.0013922025238651081,0.023197810427123444,0.000753927899070647,0.001075318492833585,0.02500442438558737,-0.8856776778616599,False
paper_poly4,sigmoid,4,1,3,0,True,0.0003011283406522125,0.0015298232667193276,0.001135286268200011,30.62994598115323,30.63050541596493,0.675,0.17453029029833655,0.17360669010739246,0.27907090098441,0.021391241100010252,0.0017717898958107972,0.028758220908622404,0.0018773719572284177,0.001216097152181979,0.021759905333839237,-0.7058896307168026,False
paper_poly4,sigmoid,4,1,3,0,True,0.00012761715333908796,0.0015298232667193276,0.0012251743592519365,1.334901818445752,1.335845496022971,0.64,0.17005031562447998,0.1578429648869165,0.5976054880638371,0.021340583272019882,0.0017975890005680899,0.025066587341747378,0.0011683113052423765,0.002115565775767226,0.0278161789920941,-1.0787322088078444,False
paper_poly4,sigmoid,4,1,3,0,True,0.00018430872296448797,0.0015298232667193276,0.001039235541763015,0.12374557143095244,0.12734248163555947,0.86,0.08509980040838708,0.07867578270968258,0.012220082787286087,0.021433051299295305,0.001548874081550685,0.029515197258126416,0.0007263240104004553,0.0011065603665487435,0.025536920352289418,-0.9190953717206365,False
paper_poly4,sigmoid,4,1,3,0,True,0.00028942301287315786,0.0015298232667193276,0.0010357152254035194,0.5953475050274085,0.5963024255190156,0.78,0.06139630833457648,0.07569632708092804,0.5291217935421526,0.021422753192658073,0.001577988579574697,0.025439546480294565,0.001332905746935884,0.0010633852318677574,0.02210051822295486,-0.7231082015335065,False
paper_poly4,sigmoid,4,1,3,0,True,0.00026880341465584934,0.0015298232667193276,0.0008872229160743113,6.617624705836387,6.640008028199997,0.765,0.07291107570208688,0.07837949838606068,0.6439199813366487,0.021422645977773526,0.0013255186441707895,0.030708703561746674,0.00036808948556243763,0.0011795881047622406,0.022717729867117092,-0.7552064803842307,False
paper_poly4,sigmoid,4,1,3,0,True,4.9782422138378024e-05,0.0015298232667193276,0.0013081551526587262,9.690382290001988,9.69786990583108,0.54,0.16185922319256063,0.18249687212612672,0.5178469451578762,0.0213968779170327,0.0018928904618769511,0.026521724879960722,0.0028004566034093964,0.0018820741605137276,0.03205728926871348,-1.4875652385549836,False
paper_poly4,sigmoid,4,1,3,0,True,0.0002216523134848103,0.0015298232667193276,0.0011870024690527274,34.43679253576918,34.460041184760826,0.62,0.18977069689979215,0.182205048745675,0.06566371558912099,0.021397401812075317,0.0018282984670450718,0.03963446742268188,0.004865414753626518,0.00129878046122113,0.024224962970308066,-0.8389689931326049,False
paper_poly4,sigmoid,4,1,3,0,True,0.00016927618707995862,0.0015298232667193276,0.0009707795226262364,0.9939671822379573,0.9978662343814743,0.725,0.08240209139597449,0.07277547076140906,0.3861442791652636,0.021437364478873427,0.0014674407402094926,0.034431446874783916,0.0018379364747814918,0.001139355339425405,0.026102336985090506,-0.9560453936693508,False
paper_poly4,sigmoid,4,1,3,0,True,0.00012398579565342516,0.0015298232667193276,0.0011722300294096702,0.26106888608535217,0.26341602943611697,0.81,0.09454622423732022,0.07373241672129571,0.0021970937279204824,0.021415754746231204,0.0017165915235139062,0.019105196168479076,0.0008684161927677033,0.0015294393236749962,0.027978064315257303,-1.0912693283519466,False
paper_poly4,sigmoid,4,1,3,0,True,0.000276923761703074,0.0015298232667193276,0.0009153328170595207,1.1505942992945781,1.1608760576981718,0.785,0.05001061966777019,0.05708115416522716,0.34137632193779593,0.021403398140790002,0.001377719566896861,0.030425516626762805,0.0004334932927683271,0.001154051586503813,0.0224719287668397,-0.7422810393285504,False
paper_poly4,sigmoid,4,1,3,0,True,0.00034228499862365425,0.0015298232667193276,0.0010806399821601887,15.51348104443015,15.52805595107176,0.75,0.11203471417550193,0.1118953868737179,0.6693363430613808,0.021444335141619697,0.0016717870343230892,0.033659880800590035,0.004323930055217308,0.0013359499615775,0.020612009344095725,-0.650253396053206,False
paper_poly4,sigmoid,4,1,3,0,True,0.00018716750491876155,0.0015298232667193276,0.0010312862636004047,2.132193397470003,2.13530176050595,0.77,0.06656987177346668,0.061576516252128434,0.25573939378190425,0.021424766563612432,0.0015606338058969482,0.02956716677205751,3.058765985994424e-05,0.001189812214140109,0.02543203768199291,-0.9124108107962628,False
paper_poly4,sigmoid,4,1,3,0,True,0.00014855516201350838,0.0015298232667193276,0.0009667692268514706,1.5497211867737408,1.5555085686448669,0.69,0.09097101007223743,0.0749783799564418,0.21274112671394418,0.021441946245270863,0.001439978089004264,0.03301325671496967,0.0011683848735028785,0.0010836001653285285,0.026924634507024196,-1.012753514396983,False
paper_poly4,sigmoid,4,1,3,0,True,0.0002455148205626756,0.0015298232667193276,0.0010410067652694447,35.48534349266091,35.48935463643956,0.555,0.1656803665476856,0.16086200232953618,0.05508864245873346,0.021348818511144667,0.0016239965909851297,0.04213673440416828,0.004508438459155598,0.0010781073713817728,0.023444042676647684,-0.7945635481745293,False
paper_poly4,sigmoid,4,1,3,0,True,8.409650763496757e-05,0.0015298232667193276,0.0011634132662310984,0.25465043204618165,0.2585994515688345,0.77,0.14091607950898008,0.11809780435911904,0.5034786848532267,0.02142603950301785,0.001691098013924459,0.0328261597870423,0.0003698322394664703,0.0010631346805345073,0.02994254042697689,-1.2598633009543379,False
paper_poly4,sigmoid,4,1,3,0,True,0.0003002821176778525,0.0015298232667193276,0.0009393066927839432,21.67473903221975,21.701374994771886,0.575,0.24839527837883826,0.24293794781428502,0.4612160865979733,0.021428325627641506,0.001436315168540939,0.040991434556542916,0.0040924586689271535,0.0012356939456867498,0.021784305030858125,-0.7071117917406753,False
paper_poly4,sigmoid,4,1,3,0,True,0.00020275198039598763,0.0015298232667193276,0.0009673182991140903,1.1968529246697408,1.202637408893675,0.715,0.09528092395162727,0.0847718456626253,0.5740126901756439,0.02143021991356327,0.0014625210184189554,0.03735045297557345,0.003161030301082364,0.0011707464850477776,0.024873854821825053,-0.8776761568087258,False
paper_poly4,sigmoid,4,1,3,0,True,0.0002576458209659904,0.0015298232667193276,0.0010876941028746775,4.220243229159641,4.223159513805676,0.76,0.07433654698305868,0.07618214649206487,0.2969867174730034,0.021397423730733327,0.001679714642152059,0.036045739975630445,0.0004239158302900754,0.001173596045267589,0.023061605722592846,-0.7736181591522545,False
paper_poly4,sigmoid,4,1,3,0,True,0.00019357952987775207,0.0015298232667193276,0.0008802934536662571,2.667345199787558,2.6853856639428035,0.655,0.14801325888021544,0.13992575835480653,0.09654061965557195,0.021438682183520956,0.0013165117646820389,0.03470200973140775,0.00069273146058493,0.001177513606040662,0.025199669136665305,-0.8977818309110125,False
paper_poly4,sigmoid,4,1,3,0,True,0.00034464284544810653,0.0015298232667193276,0.0011807511981666765,21.248892913825493,21.275213121109562,0.71,0.1162055386492015,0.11138518140867754,0.28074627013886694,0.021301777479818138,0.001802987153130786,0.042247391737848,0.007638975446558563,0.0014387200444855844,0.02054839637454155,-0.6472719944536237,False
paper_poly4,sigmoid,4,1,3,0,True,0.00019809103105217218,0.0015298232667193276,0.001084902180267283,7.4820608443937076,7.491850806519735,0.62,0.15636105634924874,0.14657913349820295,0.23537370775685154,0.02139887971032387,0.001659717779148825,0.04287174636031811,0.0028328193538272217,0.001273323510553054,0.025038473673302003,-0.8877764492424969,False
paper_poly4,sigmoid,4,1,3,0,True,0.0001859040930867195,0.0015298232667193276,0.0009467347654290798,0.17203481198623358,0.17433793737008657,0.74,0.16296388765439407,0.16391850576641584,0.35941606495930206,0.021423888111977964,0.0014263356429870045,0.030422275546070954,0.0009513826220558853,0.0010627652271988815,0.025478290103081683,-0.9153523098947238,False
paper_poly4,sigmoid,4,1,3,0,True,0.00023567324387840927,0.0015298232667193276,0.0009254825846164638,9.061935245743307,9.07784058327987,0.585,0.12218814296213949,0.1452933737812948,0.5197659764255476,0.02141063900792065,0.0014050619277258547,0.034280137286238146,0.00014052032580906965,0.0012151087656479627,0.0237613024225826,-0.812330982102564,False
paper_poly4,sigmoid,4,1,3,0,True,7.144530536606908e-05,0.0015298232667193276,0.001351760827766474,19.586454143512835,19.60893282112956,0.655,0.2348329654233381,0.24656901269012532,0.5749356845085958,0.021381355616790096,0.0018981730051263863,0.027870155617015245,0.0038822218685865013,0.0012345609596238279,0.030660422746259637,-1.3306675649187485,False
paper_poly4,sigmoid,4,1,3,0,True,0.0001813869021134451,0.0015298232667193276,0.0009070783367495326,94.34056300494213,94.36437584032815,0.53,0.17763519354482576,0.1902283125996796,0.23799611531504303,0.021302212903306493,0.0012478557915935053,0.034126740313120324,0.0015811989233119076,0.0016437955715853632,0.02564495975370576,-0.9260353381189604,False
paper_poly4,sigmoid,4,1,3,0,True,5.913524000789039e-05,0.0015298232667193276,0.0014198452807954282,0.18473119189064646,0.18611694300039347,0.81,0.1218968772666149,0.10514081267773381,0.10057722045509629,0.02139717092435833,0.0020242792252979447,0.020062562564427146,0.0032407763535903873,0.0018597476350129458,0.03142301114512742,-1.4127948979283433,False
paper_poly4,sigmoid,4,1,3,0,True,0.00022988140699453652,0.0015298232667193276,0.0009510655259130567,1.6070591609283125,1.6128754439492,0.705,0.07110633499473634,0.06284190160571078,0.26043830498570303,0.02144108571114242,0.0014472884902340358,0.03512867079494782,0.0033745316493921204,0.0012128221264063868,0.023951114740300015,-0.8231374151389571,False
paper_poly4,sigmoid,4,1,3,0,True,6.24069944024086e-05,0.0015298232667193276,0.0011845333002190577,12.934966149068991,12.935060835786096,0.625,0.24862570822077332,0.2532853628726216,0.352281601689838,0.021292227299809143,0.0016791667848281965,0.029347714199766582,0.003877771002155606,0.002081669963436417,0.031213145458648124,-1.389407994790055,False
paper_poly4,sigmoid,4,1,3,0,True,0.0002889188763219863,0.0015298232667193276,0.0008650985799558448,0.41472851568242286,0.4162042881031438,0.715,0.08032095521993735,0.08981269919362103,0.37651135213194176,0.021419799177067947,0.0013319093440804,0.02093887746867045,0.0012241976638509258,0.001245324828861816,0.02211534138665517,-0.7238653446069884,False
paper_poly4,sigmoid,4,1,3,0,True,0.00024516574922017753,0.0015298232667193276,0.0009468976410057009,2.4784720859397407,2.480599331232991,0.635,0.18028160755667214,0.1837751447746225,0.4687385926752613,0.02142494071182429,0.0014486352405193711,0.02321116910002648,0.0002951636450592788,0.0012557565173207407,0.023455185616735347,-0.7951814645655498,False
paper_poly4,sigmoid,4,1,3,0,True,0.00011183656170032918,0.0015298232667193276,0.0010952168714606263,0.12869164100153055,0.13261694001986096,0.865,0.20223140353691885,0.19372843467710224,0.11935327388349107,0.021380668074213578,0.001606952368293634,0.02987124239757136,0.00130433772776794,0.0010247775965961628,0.02853767453733628,-1.1360574550470952,False
paper_poly4,sigmoid,4,1,3,0,True,0.0002470840117894113,0.0015298232667193276,0.0009465250233235945,0.24515754974213277,0.24684768397996376,0.715,0.15535658776528768,0.15140874756356218,0.07129208550125637,0.02141519890229183,0.001420093369663491,0.020445014803949817,0.0011463023116457449,0.001471953787542188,0.02339404903931767,-0.7917966175557238,False
paper_poly4,sigmoid,4,1,3,0,True,0.00012160379264969379,0.0015298232667193276,0.0010292334145803426,0.492402041371671,0.4944542157601316,0.76,0.09461412310008097,0.08696144807113526,0.035086636778034114,0.021434991408261623,0.001548456791492953,0.033462775122014114,0.0001221525786498177,0.0011152506811244415,0.028085544261000954,-1.0996941415418835,False
paper_poly4,sigmoid,4,1,3,0,True,0.00020065513672307134,0.0015298232667193276,0.0009105998539838312,2.175191689653108,2.1797242414972686,0.685,0.055879866679146094,0.04922423733189989,0.28423287289057697,0.021442247872241263,0.0013731633524351557,0.028147153350290943,0.0004033189806752003,0.0011006644018212736,0.02494767596127486,-0.8821909796722164,False
paper_poly4,sigmoid,4,1,3,0,True,0.00020005181431770325,0.0015298232667193276,0.0009090671395452846,54.840855669660904,54.85672041332609,0.545,0.18872867830533396,0.18260583189455118,0.22587359073395563,0.021393070999377768,0.0013835000465468959,0.04119799213568362,0.0033724158146815697,0.0010139268380207041,0.024968987810794416,-0.8834987672650008,False
paper_poly4,sigmoid,4,1,3,0,True,0.00014796973846387118,0.0015298232667193276,0.0009602126918645174,22.632433841079038,22.654204649698972,0.585,0.1917791581503589,0.20132322143675718,0.39424364635078885,0.02140388648240926,0.0013882472390553042,0.02795398832746623,0.0013581039516576774,0.0014236323321000681,0.026948673973122558,-1.014468355525722,False
paper_poly4,sigmoid,4,1,3,0,True,0.0002195822016801685,0.0015298232667193276,0.0010388512426429757,1.1060138206498713,1.1075350190184556,0.8,0.05510521197731029,0.05769289141607118,0.05560229595813633,0.021419625864117484,0.0015829544456549304,0.02850467364816765,0.00018060454925385156,0.0010746167907733529,0.024294648925977984,-0.8430441264199782,False
paper_poly4,sigmoid,4,1,3,0,True,0.00021454013767652214,0.0015298232667193276,0.0010045616616125447,33.161533828449826,33.183929476683105,0.58,0.1547340956859518,0.14746377217940113,0.4119314084854617,0.02140318196442912,0.00153331773573637,0.0428175280238767,0.004822093634032691,0.001127217519504159,0.024465766499198637,-0.8531327067326735,False
paper_poly4,sigmoid,4,1,3,0,True,0.00018612314306665212,0.0015298232667193276,0.0010163569539332284,4.269821923355101,4.277958900337598,0.665,0.11203958357356633,0.10241139579863165,0.3756175224410556,0.021420137902326712,0.0015433582550497369,0.0388260018854866,0.0027705790243321574,0.0011774259685010308,0.02547025963480487,-0.9148408838522487,False
paper_poly4,sigmoid,4,1,3,0,True,0.00019619686645455658,0.0015298232667193276,0.0014047961949059861,4.821119433910322,4.822235572270692,0.74,0.11939320134554415,0.12179926814216602,0.017316939338651798,0.021382569283573197,0.002161084477074974,0.033396684952900185,0.002440443689641786,0.001258313399358804,0.025105926048477032,-0.8919491949249448,False
paper_poly4,sigmoid,4,1,3,0,True,0.0002976869873236865,0.0015298232667193276,0.0008404465329951151,121.87899690253876,121.94544920906785,0.6,0.1813826938708069,0.1966606043413443,0.7528631889202675,0.021348063037246356,0.001216151029262368,0.03578366366844957,0.0008032030348626003,0.0011132233234874222,0.021859347277752652,-0.7108814108036333,False
paper_poly4,sigmoid,4,1,3,0,True,0.00028267400921322405,0.0015298232667193276,0.0014638711179460113,67.12994622719165,67.17593344207069,0.58,0.15317765602682082,0.15399944370012533,0.23018446097202755,0.021328719901549165,0.0022738542630022732,0.04419380448115254,0.006730354039116915,0.001698184801163045,0.022300043249673353,-0.7333553830985713,False
paper_poly4,sigmoid,4,1,3,0,True,9.018584387376904e-05,0.0015298232667193276,0.0010526326689465433,0.5617828232500971,0.5643985505323879,0.74,0.10137483754973614,0.08655604514143209,0.7359574521344214,0.02142910882631601,0.0015662714641639002,0.031162990370639587,0.0005788217903047702,0.001037252937248314,0.02961633246718691,-1.2295028883669397,False
paper_poly4,sigmoid,4,1,3,0,True,8.654458360979334e-05,0.0015298232667193276,0.0011380313802079763,13.440461567047945,13.453495538525978,0.7,0.11816449567757971,0.12037520395039747,0.41007499315559737,0.021417380759024225,0.0016256104439031347,0.02429451065305789,0.0016866935093407945,0.0017656379073924316,0.02981002108884401,-1.2474013689636956,False
paper_poly4,sigmoid,4,1,3,0,True,0.00010873763676499948,0.0015298232667193276,0.0013361206642239925,0.67356636342775,0.6734533226195043,0.805,0.07785800624184624,0.0915883040432655,0.3940418947930313,0.021417953765879162,0.0019847019547951598,0.021349800596494675,0.005507055933432341,0.0012428676182128172,0.028685221209950318,-1.1482613716315409,False
paper_poly4,sigmoid,4,1,3,0,False,0.0001613823842490092,0.0047475919538008575,0.005163129848980244,0.35584922298470084,0.3586718411379476,0.775,0.0951843472283409,0.09078410755203095,0.5788321587336764,0.02142094250058554,0.007523516843040232,0.01468270339235626,0.020516580862512776,0.0051622561169168205,0.056199135088034584,-1.4686172577232157,False
paper_poly4,sigmoid,4,1,3,0,False,0.0003305694554001093,0.0047475919538008575,0.0059900759923742575,64.94276571085092,64.97610744541154,0.61,0.16081429595954203,0.16025682344137948,0.4973247784237099,0.021333618662264513,0.00853613428855942,0.01099752916712423,0.02946264599914488,0.005992281725721179,0.05072120262980694,-1.1572106628267307,False
paper_poly4,sigmoid,4,1,3,0,False,0.00026914640329778194,0.0047475919538008575,0.005698904678680046,6.327226345713735,6.338554139844773,0.685,0.07826313925676004,0.07315814954771122,0.7000063885115129,0.021436467092240206,0.00817752024568822,0.01268628720819029,0.02582065790373186,0.005706437178724192,0.05249708969945914,-1.2464848045753867,False
paper_poly4,sigmoid,4,1,3,0,False,0.00012210900604259223,0.0047475919538008575,0.005062553481950148,0.3949894797243816,0.3951507246727754,0.785,0.08914466874140689,0.08978058555249528,0.34953415344788785,0.02142797819199794,0.007362404166046869,0.014838142869278134,0.019897044273714127,0.005065120615792781,0.057852477355366985,-1.5897256889946587,False
paper_poly4,sigmoid,4,1,3,0,False,0.0001990506425499916,0.0047475919538008575,0.005168544979435971,0.79854600441773,0.8005111995522242,0.715,0.090054101414444,0.09341542215367646,0.6502363368975462,0.02141231456479753,0.0075474663509224734,0.012374688075504854,0.021833484158547828,0.005170390199264077,0.05479424089943831,-1.3775098012725944,False
paper_poly4,sigmoid,4,1,3,0,False,0.0003011283406522125,0.0047475919538008575,0.005351237711252827,30.62994598115323,30.63050541596493,0.675,0.17453029029833655,0.17360669010739246,0.27907090098441,0.021391241100010252,0.007619840470819657,0.010522152698254867,0.022922224963392572,0.0053586848764037385,0.05154972184769018,-1.1977217541277372,False
paper_poly4,sigmoid,4,1,3,0,False,0.00012761715333908796,0.0047475919538008575,0.0048956321953285056,1.334901818445752,1.335845496022971,0.64,0.17005031562447998,0.1578429648869165,0.5976054880638371,0.021340583272019882,0.0071884008424048,0.009502062742360425,0.019853362667193303,0.0048962307320868734,0.05760599550594504,-1.570564332218779,False
paper_poly4,sigmoid,4,1,3,0,False,0.00018430872296448797,0.0047475919538008575,0.005209380716797909,0.12374557143095244,0.12734248163555947,0.86,0.08509980040838708,0.07867578270968258,0.012220082787286087,0.021433051299295305,0.007591164949755726,0.0143724728553207,0.020344619683593,0.005210693314064974,0.05532673686614036,-1.410927495131571,False
paper_poly4,sigmoid,4,1,3,0,False,0.00028942301287315786,0.0047475919538008575,0.005308326514058268,0.5953475050274085,0.5963024255190156,0.78,0.06139630833457648,0.07569632708092804,0.5291217935421526,0.021422753192658073,0.007611706777706069,0.012932640164841407,0.022406051263192398,0.005309014650936203,0.05189033473680581,-1.214940324944441,False
paper_poly4,sigmoid,4,1,3,0,False,0.00026880341465584934,0.0047475919538008575,0.005316608166191774,6.617624705836387,6.640008028199997,0.765,0.07291107570208688,0.07837949838606068,0.6439199813366487,0.021422645977773526,0.007670772951976618,0.011689969598065203,0.020690751144738725,0.005329128139440682,0.05250754638096804,-1.247038603795165,False
paper_poly4,sigmoid,4,1,3,0,False,4.9782422138378024e-05,0.0047475919538008575,0.005038105987706138,9.690382290001988,9.69786990583108,0.54,0.16185922319256063,0.18249687212612672,0.5178469451578762,0.0213968779170327,0.007470187373375141,0.011587132372677377,0.018199445743550532,0.005041245142750438,0.06184710578256442,-1.979397361965918,False
paper_poly4,sigmoid,4,1,3,0,False,0.0002216523134848103,0.0047475919538008575,0.005742019576815772,34.43679253576918,34.460041184760826,0.62,0.18977069689979215,0.182205048745675,0.06566371558912099,0.021397401812075317,0.008255143544552736,0.010498763993585458,0.025941374833901677,0.005745940991885662,0.05401477948415901,-1.3308011165435394,False
paper_poly4,sigmoid,4,1,3,0,False,0.00016927618707995862,0.0047475919538008575,0.0052557447856285645,0.9939671822379573,0.9978662343814743,0.725,0.08240209139597449,0.07277547076140906,0.3861442791652636,0.021437364478873427,0.007623576687308449,0.015228391309012245,0.02290884095164468,0.005255582364845685,0.05589215349894145,-1.4478775170802853,False
paper_poly4,sigmoid,4,1,3,0,False,0.00012398579565342516,0.0047475919538008575,0.0049799650630992474,0.26106888608535217,0.26341602943611697,0.81,0.09454622423732022,0.07373241672129571,0.0021970937279204824,0.021415754746231204,0.007311378311557653,0.014538333476502303,0.020201822412862336,0.004980692500530568,0.05776788082910825,-1.583101451762881,False
paper_poly4,sigmoid,4,1,3,0,False,0.000276923761703074,0.0047475919538008575,0.005283076015689661,1.1505942992945781,1.1608760576981718,0.785,0.05001061966777019,0.05708115416522716,0.34137632193779593,0.021403398140790002,0.007619155218270666,0.012219518832956494,0.02150537155650182,0.005284426802509212,0.05226174528069065,-1.2341131627394848,False
paper_poly4,sigmoid,4,1,3,0,False,0.00034228499862365425,0.0047475919538008575,0.005827664141890548,15.51348104443015,15.52805595107176,0.75,0.11203471417550193,0.1118953868737179,0.6693363430613808,0.021444335141619697,0.008281031473011971,0.011988962417717939,0.025389216020381435,0.005837909484100247,0.05040182585794667,-1.1420855194641406,False
paper_poly4,sigmoid,4,1,3,0,False,0.00018716750491876155,0.0047475919538008575,0.005295363896359884,2.132193397470003,2.13530176050595,0.77,0.06656987177346668,0.061576516252128434,0.25573939378190425,0.021424766563612432,0.007722458703818866,0.011974043608400157,0.021004212608235397,0.0052997840752639245,0.055221854195843856,-1.4042429342071974,False
paper_poly4,sigmoid,4,1,3,0,False,0.00014855516201350838,0.0047475919538008575,0.0051729488342400045,1.5497211867737408,1.5555085686448669,0.69,0.09097101007223743,0.0749783799564418,0.21274112671394418,0.021441946245270863,0.00755513418932096,0.014804804418937572,0.02225245211145417,0.005175997742713885,0.05671445102087514,-1.5045856378079177,False
paper_poly4,sigmoid,4,1,3,0,False,0.0002455148205626756,0.0047475919538008575,0.0056350759306234895,35.48534349266091,35.48935463643956,0.555,0.1656803665476856,0.16086200232953618,0.05508864245873346,0.021348818511144667,0.008070480314041279,0.008987319590191587,0.025566515514551504,0.005637133011680724,0.053233859190498625,-1.2863956715854639,False
paper_poly4,sigmoid,4,1,3,0,False,8.409650763496757e-05,0.0047475919538008575,0.004943446992928036,0.25465043204618165,0.2585994515688345,0.77,0.14091607950898008,0.11809780435911904,0.5034786848532267,0.02142603950301785,0.007296220855338587,0.015699737472421246,0.020739782327340518,0.0049425365878777335,0.05973235694082783,-1.7516954243652723,False
paper_poly4,sigmoid,4,1,3,0,False,0.0003002821176778525,0.0047475919538008575,0.005703942439960177,21.67473903221975,21.701374994771886,0.575,0.24839527837883826,0.24293794781428502,0.4612160865979733,0.021428325627641506,0.008060536103845956,0.012107157087217817,0.025156983326703707,0.005701419571205829,0.05157412154470907,-1.1989439151516097,False
paper_poly4,sigmoid,4,1,3,0,False,0.00020275198039598763,0.0047475919538008575,0.0053467261231912745,1.1968529246697408,1.202637408893675,0.715,0.09528092395162727,0.0847718456626253,0.5740126901756439,0.02143021991356327,0.007735979609871683,0.015084045869445199,0.024268029908494335,0.005345453776336868,0.054663671335676,-1.3695082802196603,False
paper_poly4,sigmoid,4,1,3,0,False,0.0002576458209659904,0.0047475919538008575,0.005420073409280663,4.220243229159641,4.223159513805676,0.76,0.07433654698305868,0.07618214649206487,0.2969867174730034,0.021397423730733327,0.007808203674028607,0.011831124427541978,0.021441391274995763,0.005428368400741524,0.05285142223644379,-1.265450282563189,False
paper_poly4,sigmoid,4,1,3,0,False,0.00019357952987775207,0.0047475919538008575,0.0051692015816491325,2.667345199787558,2.6853856639428035,0.655,0.14801325888021544,0.13992575835480653,0.09654061965557195,0.021438682183520956,0.007484799024160951,0.015011893869714561,0.02033851366273994,0.005172867895883956,0.05498948565051625,-1.389613954321947,False
paper_poly4,sigmoid,4,1,3,0,False,0.00034464284544810653,0.0047475919538008575,0.006022618811961762,21.248892913825493,21.275213121109562,0.71,0.1162055386492015,0.11138518140867754,0.28074627013886694,0.021301777479818138,0.008661838337182877,0.012890968347875389,0.028768458135127628,0.006044961542924095,0.05033821288839249,-1.1391041178645582,False
paper_poly4,sigmoid,4,1,3,0,False,0.00019809103105217218,0.0047475919538008575,0.005394218040581053,7.4820608443937076,7.491850806519735,0.62,0.15636105634924874,0.14657913349820295,0.23537370775685154,0.02139887971032387,0.007804655677270714,0.012085542559560477,0.02389909846192472,0.005396045628613084,0.05482829018715295,-1.3796085726534313,False
paper_poly4,sigmoid,4,1,3,0,False,0.0001859040930867195,0.0047475919538008575,0.005225891528630724,0.17203481198623358,0.17433793737008657,0.74,0.16296388765439407,0.16391850576641584,0.35941606495930206,0.021423888111977964,0.007614320988252156,0.014643769316664572,0.0200789810098136,0.005227853618258041,0.05526810661693263,-1.4071844333056582,False
paper_poly4,sigmoid,4,1,3,0,False,0.00023567324387840927,0.0047475919538008575,0.00537571139688001,9.061935245743307,9.07784058327987,0.585,0.12218814296213949,0.1452933737812948,0.5197659764255476,0.02141063900792065,0.007713948106178967,0.010673244361211197,0.021177458612243467,0.0053804137454460735,0.053551118936433544,-1.3041631055134986,False
paper_poly4,sigmoid,4,1,3,0,False,7.144530536606908e-05,0.0047475919538008575,0.0051341926091341816,19.586454143512835,19.60893282112956,0.655,0.2348329654233381,0.24656901269012532,0.5749356845085958,0.021381355616790096,0.007580256213144245,0.011238354636345007,0.017153415522159772,0.005123740069722865,0.06045023926011058,-1.822499688329683,False
paper_poly4,sigmoid,4,1,3,0,False,0.0001813869021134451,0.0047475919538008575,0.005025216829121105,94.34056300494213,94.36437584032815,0.53,0.17763519354482576,0.1902283125996796,0.23799611531504303,0.021302212903306493,0.007373047573552022,0.0064726398202145895,0.01945912283685932,0.005028049680278653,0.055434776267556704,-1.417867461529895,False
paper_poly4,sigmoid,4,1,3,0,False,5.913524000789039e-05,0.0047475919538008575,0.004822862272751709,0.18473119189064646,0.18611694300039347,0.81,0.1218968772666149,0.10514081267773381,0.10057722045509629,0.02139717092435833,0.007175740099300143,0.013566814835226544,0.017798208096569217,0.0048236430274343186,0.06121282765897836,-1.9046270213392777,False
paper_poly4,sigmoid,4,1,3,0,False,0.00022988140699453652,0.0047475919538008575,0.005424385325660288,1.6070591609283125,1.6128754439492,0.705,0.07110633499473634,0.06284190160571078,0.26043830498570303,0.02144108571114242,0.007819541514651357,0.014416887722384529,0.02447048443791355,0.005425791280916387,0.053740931254150956,-1.3149695385498916,False
paper_poly4,sigmoid,4,1,3,0,False,6.24069944024086e-05,0.0047475919538008575,0.0046779976263499525,12.934966149068991,12.935060835786096,0.625,0.24862570822077332,0.2532853628726216,0.352281601689838,0.021292227299809143,0.006893782345210308,0.00796729846219323,0.017106019006374602,0.004684324906338366,0.06100296197249907,-1.8812401182009897,False
paper_poly4,sigmoid,4,1,3,0,False,0.0002889188763219863,0.0047475919538008575,0.0053220108943767604,0.41472851568242286,0.4162042881031438,0.715,0.08032095521993735,0.08981269919362103,0.37651135213194176,0.021419799177067947,0.0076164370211351425,0.013057203991299265,0.02226351882216704,0.005322370376720603,0.051905157900506114,-1.2156974680179229,False
paper_poly4,sigmoid,4,1,3,0,False,0.00024516574922017753,0.0047475919538008575,0.005280155735383057,2.4784720859397407,2.480599331232991,0.635,0.18028160755667214,0.1837751447746225,0.4687385926752613,0.02142494071182429,0.007614400463047363,0.012681234507955714,0.021325500237697487,0.005282269924023752,0.05324500213058629,-1.2870135879764844,False
paper_poly4,sigmoid,4,1,3,0,False,0.00011183656170032918,0.0047475919538008575,0.004993715903546393,0.12869164100153055,0.13261694001986096,0.865,0.20223140353691885,0.19372843467710224,0.11935327388349107,0.021380668074213578,0.007336564715556023,0.01584113802697732,0.019752164927185695,0.004990595652066678,0.05832749105118722,-1.6278895784580296,False
paper_poly4,sigmoid,4,1,3,0,False,0.0002470840117894113,0.0047475919538008575,0.005418864170841182,0.24515754974213277,0.24684768397996376,0.715,0.15535658776528768,0.15140874756356218,0.07129208550125637,0.02141519890229183,0.007846621406826368,0.013831706392671592,0.022219364536962702,0.005422746599285222,0.05318386555316862,-1.2836287409666582,False
paper_poly4,sigmoid,4,1,3,0,False,0.00012160379264969379,0.0047475919538008575,0.005139331270359689,0.492402041371671,0.4944542157601316,0.76,0.09461412310008097,0.08696144807113526,0.035086636778034114,0.021434991408261623,0.007493030476347553,0.015533712327036726,0.021155971526054994,0.005140492967048468,0.0578753607748519,-1.591526264952818,False
paper_poly4,sigmoid,4,1,3,0,False,0.00020065513672307134,0.0047475919538008575,0.005267673922843292,2.175191689653108,2.1797242414972686,0.685,0.055879866679146094,0.04922423733189989,0.28423287289057697,0.021442247872241263,0.007606831197970756,0.015257556173075441,0.02145170456159349,0.005273209952829518,0.054737492475125805,-1.374023103083151,False
paper_poly4,sigmoid,4,1,3,0,False,0.00020005181431770325,0.0047475919538008575,0.005562853381191905,54.840855669660904,54.85672041332609,0.545,0.18872867830533396,0.18260583189455118,0.22587359073395563,0.021393070999377768,0.00802302560738694,0.011339243383810671,0.02443356557580274,0.005568634120371904,0.05475880432464536,-1.3753308906759352,False
paper_poly4,sigmoid,4,1,3,0,False,0.00014796973846387118,0.0047475919538008575,0.005175870920084005,22.632433841079038,22.654204649698972,0.585,0.1917791581503589,0.20132322143675718,0.39424364635078885,0.02140388648240926,0.007517017187221769,0.010983228596242713,0.019681765949330878,0.005173298753387856,0.056738490486973506,-1.5063004789366563,False
paper_poly4,sigmoid,4,1,3,0,False,0.0002195822016801685,0.0047475919538008575,0.005235039225772813,1.1060138206498713,1.1075350190184556,0.8,0.05510521197731029,0.05769289141607118,0.05560229595813633,0.021419625864117484,0.007599346707990314,0.01217643675989396,0.021224488937936457,0.005235255479208091,0.05408446543982893,-1.3348762498309126,False
paper_poly4,sigmoid,4,1,3,0,False,0.00021454013767652214,0.0047475919538008575,0.005714169959563994,33.161533828449826,33.183929476683105,0.58,0.1547340956859518,0.14746377217940113,0.4119314084854617,0.02140318196442912,0.008232648697024001,0.012099407538966522,0.025910331261876654,0.005726824701912845,0.054255583013049585,-1.344964830143608,False
paper_poly4,sigmoid,4,1,3,0,False,0.00018612314306665212,0.0047475919538008575,0.0053659282243455845,4.269821923355101,4.277958900337598,0.665,0.11203958357356633,0.10241139579863165,0.3756175224410556,0.021420137902326712,0.00776873685747608,0.012817509773827592,0.02384851981221037,0.005366736176559057,0.055260076148655815,-1.4066730072631832,False
paper_poly4,sigmoid,4,1,3,0,False,0.00019619686645455658,0.0047475919538008575,0.005117343089762031,4.821119433910322,4.822235572270692,0.74,0.11939320134554415,0.12179926814216602,0.017316939338651798,0.021382569283573197,0.007524709188810293,0.011527114713711937,0.018537521615562137,0.005134932773051298,0.05489574256232797,-1.3837813183358794,False
paper_poly4,sigmoid,4,1,3,0,False,0.0002976869873236865,0.0047475919538008575,0.005369392269454159,121.87899690253876,121.94544920906785,0.6,0.1813826938708069,0.1966606043413443,0.7528631889202675,0.021348063037246356,0.007832596167487554,0.009951518684052111,0.02025313083359732,0.005374475747087738,0.0516491637916036,-1.2027135342145678,False
paper_poly4,sigmoid,4,1,3,0,False,0.00028267400921322405,0.0047475919538008575,0.005986248970672522,67.12994622719165,67.17593344207069,0.58,0.15317765602682082,0.15399944370012533,0.23018446097202755,0.021328719901549165,0.008637473960709095,0.01119453500986729,0.027826886094363415,0.0060074924844316455,0.0520898597635243,-1.2251875065095057,False
paper_poly4,sigmoid,4,1,3,0,False,9.018584387376904e-05,0.0047475919538008575,0.005043301671604838,0.5617828232500971,0.5643985505323879,0.74,0.10137483754973614,0.08655604514143209,0.7359574521344214,0.02142910882631601,0.007404606444369675,0.01530611337984283,0.020459099370816212,0.005042396876384623,0.059406148981037854,-1.721335011777874,False
paper_poly4,sigmoid,4,1,3,0,False,8.654458360979334e-05,0.0047475919538008575,0.005183323886960339,13.440461567047945,13.453495538525978,0.7,0.11816449567757971,0.12037520395039747,0.41007499315559737,0.021417380759024225,0.007600361798587176,0.012330003074379706,0.01934184895229071,0.005189252457282543,0.05959983760269495,-1.7392334923746302,False
paper_poly4,sigmoid,4,1,3,0,False,0.00010873763676499948,0.0047475919538008575,0.0049197755255598235,0.67356636342775,0.6734533226195043,0.805,0.07785800624184624,0.0915883040432655,0.3940418947930313,0.021417953765879162,0.007297449892276457,0.012602341429667612,0.01545948199228478,0.004921455034259672,0.05847503772380126,-1.6400934950424755,False
paper_poly4,sigmoid,"8,4",2,3,0,True,0.00017749697144608945,0.0002964179397842393,2.5921543790496246e-05,,,,0.06173324802474892,0.05701802110443178,0.14065636480122262,0.021455062034488978,3.573486612296467e-05,0.0261635881038485,0.0007181417813355421,4.981475330228327e-05,0.0038939934435287347,-0.22271353716488018,False
paper_poly4,sigmoid,"8,4",2,3,0,True,0.00011234389967285097,0.0002964179397842393,8.57241027208635e-05,,,,0.18014167093148026,0.1684977136514848,0.3006311702724844,0.021447652418096666,9.43774909977841e-05,0.03075182215412305,0.0024636247538187164,0.0001031715629040186,0.006617551854516802,-0.4213549894420493,False
paper_poly4,sigmoid,"8,4",2,3,0,True,0.00012156381126260385,0.0002964179397842393,0.00015064465125282293,,,,0.03120380394165383,0.0275711640552598,0.32187369611301875,0.02147464058615898,0.00018684168407677058,0.017875103803055285,0.0044104438579770896,2.1840474094338976e-05,0.006191194377688473,-0.38710017684016484,False
paper_poly4,sigmoid,"8,4",2,3,0,True,0.0003143031208310276,0.0002964179397842393,0.00039147292399683024,,,,0.19204127678702704,0.17866917908858965,0.37231061334185445,0.021435576681251376,0.0005527207537048972,0.03877686689139884,0.0020285041005007167,0.0003983911752648235,0.0005118037546336836,0.02544420886761948,False
paper_poly4,sigmoid,"8,4",2,3,0,True,0.00012087774666724727,0.0002964179397842393,0.00011753562356168744,,,,0.056802975273182246,0.057963685735151135,0.17465783231864787,0.021428159353011372,0.00014887669889519675,0.0278402903380817,0.00317340678366177,9.445631101089636e-05,0.006222350751927683,-0.3895581288997398,False
paper_poly4,sigmoid,"8,4",2,3,0,True,5.327337930793874e-05,0.0002964179397842393,0.00030735221013111004,,,,0.04595007466540933,0.04814058444849428,0.2454841021249538,0.02145412046200622,0.00038089255576678516,0.01758004073406846,0.0057728173846800625,4.492182001044809e-05,0.009917930870259464,-0.7453942380361217,False
paper_poly4,sigmoid,"8,4",2,3,0,True,0.0003362292773090303,0.0002964179397842393,5.996203641634044e-05,,,,0.07785264003453117,0.08203616035928042,0.24580940443538468,0.021441161206146697,8.689688340902131e-05,0.01705172915110946,0.0008117081370456759,0.00013916462847828577,0.0011197633867050978,0.054731042688257736,False
paper_poly4,sigmoid,"8,4",2,3,0,True,0.00021287507843226194,0.0002964179397842393,2.6301355818400986e-05,,,,0.043720723423516065,0.04656980990711018,0.13270635138772172,0.021428780969647756,3.365132742249299e-05,0.01929456764389621,0.0025130406186029586,3.0514604358752275e-05,0.002626553228666768,-0.1437796634573503,False
paper_poly4,sigmoid,"8,4",2,3,0,True,0.00015663757221773267,0.0002964179397842393,9.141470815951351e-05,,,,0.35479892608556673,0.3718501690410583,0.31406925787048756,0.021452877088644344,0.00011367057563555585,0.029945533656511876,0.0010574424000870247,8.841814194125476e-05,0.004701299090883626,-0.2770085412163535,False
paper_poly4,sigmoid,"8,4",2,3,0,True,0.00016935162420850247,0.0002964179397842393,6.511133424728452e-05,,,,0.2832447408320764,0.29156456068466446,0.32255383810921745,0.021438873621252866,8.558274052056569e-05,0.031443855589527156,0.0010301538009372705,8.310485143724452e-05,0.004203275397156226,-0.2431151182317361,False
paper_poly4,sigmoid,"8,4",2,3,0,True,0.00013669539475813508,0.0002964179397842393,0.00010406807859069804,,,,0.09936481167523956,0.09925755524912135,0.688889930745499,0.021453346424799003,0.00015579824813768657,0.02793826429110459,0.0005493629754269104,0.00011184535528988215,0.005525111799053373,-0.33615060092491555,False
paper_poly4,sigmoid,"8,4",2,3,0,True,6.513639527838677e-05,0.0002964179397842393,0.00025158691226507505,,,,0.05547770980588696,0.05017636340954605,0.3806585988147592,0.021464607386862514,0.00029605474842124405,0.017598902556023987,0.004915436501438399,4.702192347982429e-05,0.009146080186392905,-0.6580807638934585,False
paper_poly4,sigmoid,"8,4",2,3,0,True,4.407277447171509e-05,0.0002964179397842393,0.0001421398255457768,,,,0.08035950711406864,0.07811856032535809,0.2233159854438902,0.021446174803887157,0.0001756234072734698,0.021810668146602277,0.0052843394174523295,5.159323973138132e-05,0.010578059481366722,-0.8277340933401164,False
paper_poly4,sigmoid,"8,4",2,3,0,True,8.17647305666469e-05,0.0002964179397842393,0.00014839001483144419,,,,0.06532482411036718,0.06289758083205227,0.29378610014313417,0.02143086576960092,0.00021124961694317276,0.033314046751161064,0.0012797897526644988,0.00019293507594595247,0.00817440715239828,-0.5593384744538499,False
paper_poly4,sigmoid,"8,4",2,3,0,True,0.00011853658361360431,0.0002964179397842393,0.0004966569221957624,,,,0.2110374392563553,0.23929191747916262,0.44262557568553507,0.021445239363746392,0.0005687751611926731,0.0327584441248632,0.003988985721290566,0.00034890778650224747,0.006329341638021858,-0.39805207831799044,False
paper_poly4,sigmoid,"8,4",2,3,0,True,0.0008203528122976422,0.0002964179397842393,0.0010237952498523167,,,,0.1955104458734927,0.2054788963004754,0.24008217857822395,0.021398121439182557,0.001337154422963493,0.043665038705002185,0.00980130436161486,0.0009703639126608943,0.011425009456076347,0.4420961868215708,False
paper_poly4,sigmoid,"8,4",2,3,0,True,7.267395267263055e-05,0.0002964179397842393,9.543526910364351e-05,,,,0.03921097100989984,0.03895827038021808,0.3800218678200473,0.02144685069312661,0.00012016845001070335,0.023341615654822765,0.0027584611715380306,0.00017081762252074473,0.008691890462196148,-0.6105257027085408,False
paper_poly4,sigmoid,"8,4",2,3,0,True,7.947822450660169e-05,0.0002964179397842393,0.0004048080852694527,,,,0.1495622424732298,0.14154003426307923,0.22880130279612337,0.021432198983923206,0.0004742979433717962,0.028116788258968288,0.005378687251148561,0.0001969491435080598,0.008301736320514242,-0.5716563277592724,False
paper_poly4,sigmoid,"8,4",2,3,0,True,6.262607348617166e-05,0.0002964179397842393,0.00013944572867666754,,,,0.10171484746601427,0.09527532771689269,0.3493259187671711,0.021444792550182987,0.0001928404911116923,0.02568054287757784,0.0018274656320265978,0.00016464188502505269,0.009303128657098432,-0.6751493011721387,False
paper_poly4,sigmoid,"8,4",2,3,0,True,2.932579445769079e-05,0.0002964179397842393,0.0001936879267295916,,,,0.15852407271027158,0.1439809863021949,0.3562298184372109,0.02144679942631171,0.00024099320605848836,0.023416881098814495,0.0038644341176536285,0.00029850092182847406,0.011801462798130543,-1.0046546981316002,False
paper_poly4,sigmoid,"8,4",2,3,0,True,3.4743141441140324e-05,0.0002964179397842393,0.0002027143663052217,,,,0.42714013157357056,0.43470621244649543,0.46523206644036125,0.02142877509573224,0.0002469351907759182,0.023117351600119296,0.003965263830946571,0.0002205167216991705,0.011322461080716155,-0.9310354000684702,False
paper_poly4,sigmoid,"8,4",2,3,0,True,2.156017581000924e-05,0.0002964179397842393,0.00026510674007454064,,,,0.154609129368123,0.14407193461865464,0.26575362805465175,0.021450473427360645,0.0003330788357430462,0.03356333420629191,0.004310447523246539,0.0002105284854194688,0.01257349873977329,-1.1382521865064006,False
paper_poly4,sigmoid,"8,4",2,3,0,True,2.8529328119475394e-05,0.0002964179397842393,0.0004351296731113002,,,,0.08864778068061614,0.09281541249014255,0.4144189247760004,0.021428192380268107,0.0005481607526035382,0.02363255975528794,0.00795267382722326,0.00040155685021569685,0.011875507128139142,-1.0166129405242115,False
paper_poly4,sigmoid,"8,4",2,3,0,True,4.492898369790055e-05,0.0002964179397842393,0.0003644194101378246,,,,0.046762994198626014,0.04267599640474245,0.25301290665029,0.021434913125752218,0.0004636172425424661,0.02729385189625662,0.0051296806124684355,0.0002289748488814699,0.010513883778068384,-0.8193778895597527,False
paper_poly4,sigmoid,"8,4",2,3,0,True,3.0029541449039243e-05,0.0002964179397842393,0.00036672626181327543,,,,0.043602887249492496,0.04128041639105485,0.42863892981330215,0.02143322226788373,0.0004673653090870308,0.0250386508545105,0.00482242869374619,0.00019263101541226892,0.01173687071341678,-0.9943557838657965,False
paper_poly4,sigmoid,"8,4",2,3,0,True,0.00016281868738587946,0.0002964179397842393,7.775154191173305e-05,,,,0.059114356493906256,0.06253732266246036,0.5300871817482079,0.021433193021917936,0.00011006944079782071,0.033247711018432456,0.0010473057237471441,0.00010826971247711481,0.004456749768821797,-0.2602002352215824,False
paper_poly4,sigmoid,"8,4",2,3,0,True,0.00011280531907686964,0.0002964179397842393,8.887433543800391e-05,,,,0.08498404544234688,0.07499725930471832,0.3723788350759295,0.021435743471108725,0.00013012307411416403,0.027112520566642487,0.0009608010773408726,0.00015935612564882916,0.006595807532955227,-0.419574906147321,False
paper_poly4,sigmoid,"8,4",2,3,0,True,3.842586011160165e-05,0.0002964179397842393,0.0003493850100687542,,,,0.20399002313557651,0.18524224307212878,0.4236226466254812,0.02144025960509651,0.00039416814739966054,0.03728856587314755,0.00690535368876989,0.00031679115560927196,0.011017932796379132,-0.8872808870576356,False
paper_poly4,sigmoid,"8,4",2,3,0,True,0.0001582832628628239,0.0002964179397842393,7.73743261679066e-05,,,,0.04815536582125452,0.04823226075768986,0.3716754234599301,0.02145888624220249,9.580516364820728e-05,0.019713693973346373,0.0023121428891039303,1.968323333973201e-05,0.004635724741866834,-0.27246949017599265,False
paper_poly4,sigmoid,"8,4",2,3,0,True,0.0001350065867882222,0.0002964179397842393,6.615904312151645e-05,,,,0.06638529247246146,0.06881012792702919,0.37707277644903336,0.021445077639386776,9.821041907346229e-05,0.02611301348948138,0.00023168220275771853,0.00010741467235184447,0.0055975588925160046,-0.3415495267901327,False
paper_poly4,sigmoid,"8,4",2,3,0,True,0.00020004098769277334,0.0002964179397842393,0.0001395109456389196,,,,0.21655006063517326,0.1935245751824109,0.10448751229984665,0.021445610189742826,0.00020240028684101428,0.03776120730232271,0.002681906444178269,0.0002146970647721682,0.0030732076946472058,-0.17078549425157596,False
paper_poly4,sigmoid,"8,4",2,3,0,True,7.750360236968845e-05,0.0002964179397842393,0.00012071561468961373,,,,0.11242832043720796,0.09878173332510091,0.3331881753698155,0.021435370675729253,0.0001642759008256764,0.03557420981666874,0.00052313196275441,0.00021510440830726601,0.008413179348613636,-0.5825825954450782,False
paper_poly4,sigmoid,"8,4",2,3,0,True,4.589138916344382e-05,0.0002964179397842393,0.00021410200993821223,,,,0.05528550012770543,0.05496619448215982,0.21689799192388498,0.021452143455594458,0.00025524523344452074,0.01953102549812468,0.007184654589312017,1.360607688626924e-05,0.010442474023760025,-0.810173280158792,False
paper_poly4,sigmoid,"8,4",2,3,0,True,5.4864143749000505e-05,0.0002964179397842393,0.00014711578543992655,,,,0.09136547673195264,0.08063140178206127,0.46843979624745213,0.021449075940909168,0.00019601364608695453,0.025256377360156866,0.00123941512184509,0.0001715051179339857,0.009809758980596113,-0.7326158787776179,False
paper_poly4,sigmoid,"8,4",2,3,0,True,0.00014625796757172793,0.0002964179397842393,0.0001832904658684724,,,,0.02260102905876564,0.022781676812220007,0.4379723993388318,0.021458589713718838,0.00024004904467990012,0.018039583279546006,0.004880387277510648,3.666786962657625e-05,0.005123076341405675,-0.3067849503484354,False
paper_poly4,sigmoid,"8,4",2,3,0,True,0.00022150877339299768,0.0002964179397842393,0.00010707990789072013,,,,0.02471068358764539,0.02366609879392021,0.39770549506084113,0.021453476122286166,0.00014441118942153607,0.01860493612547269,0.002744670739081629,5.314862507994626e-05,0.0023336215667944284,-0.12651355225308525,False
paper_poly4,sigmoid,"8,4",2,3,0,True,0.00043203230598010123,0.0002964179397842393,0.00036890591879447897,,,,0.3497745492904883,0.32142374782948596,0.16649287810296154,0.0214411293935505,0.0005055652862239175,0.03669141247340027,0.008531453217416034,0.00047126017112008125,0.0035685944594785364,0.16361173872681903,False
paper_poly4,sigmoid,"8,4",2,3,0,True,0.00013173841580282897,0.0002964179397842393,9.610037518845755e-05,,,,0.059070625295908986,0.05765771815717363,0.3000067265774963,0.021425672655802502,0.00012739796631068158,0.018811573367743303,0.0020004990476552463,0.00011370214360566588,0.005739056721313385,-0.35219204783573976,False
paper_poly4,sigmoid,"8,4",2,3,0,True,0.00012981354666408151,0.0002964179397842393,6.388984849580892e-05,,,,0.02534277086819748,0.02724037748180149,0.29476898069269275,0.02142868445923639,8.618009919698201e-05,0.021260443010693967,0.0028404674043925144,3.8641025054744234e-05,0.005823217580509372,-0.3585844689063821,False
paper_poly4,sigmoid,"8,4",2,3,0,True,0.00011625306797213852,0.0002964179397842393,8.406919120489164e-05,,,,0.039048715819795354,0.037754218962187946,0.2558384715699166,0.02144649030350964,0.00012366882687939805,0.021970344150188045,0.0003473767157779234,0.00016692458417771406,0.006434720778628805,-0.40650006149553347,False
paper_poly4,sigmoid,"8,4",2,3,0,True,0.00011552228534128517,0.0002964179397842393,0.00017976158681638172,,,,0.14941544946092553,0.1354161614739531,0.4579538769800692,0.02143959917414255,0.000253800179788946,0.03691236450657802,0.00041488198134142433,0.00012798934420533962,0.006468662989910749,-0.40923871261803363,False
paper_poly4,sigmoid,"8,4",2,3,0,True,0.0003007681225426495,0.0002964179397842393,2.3838956825795944e-05,,,,0.25030540963555964,0.2907218747033768,0.3162710702182584,0.021442032449496155,3.4151612436050237e-05,0.027238722784556774,0.0019487494941567794,3.680509427430557e-05,0.0001258753102649883,0.006327320426256535,False
paper_poly4,sigmoid,"8,4",2,3,0,True,0.0002856157661881298,0.0002964179397842393,5.0353278656011227e-05,,,,0.060902203895456114,0.0586076447174156,0.39588437717820674,0.021448217784329253,7.788966582793895e-05,0.020519054403733472,0.002122572616549302,0.00012070563785281647,0.00031662178149430287,-0.016122307318599087,False
paper_poly4,sigmoid,"8,4",2,3,0,True,0.00016097648767754436,0.0002964179397842393,3.567562643544889e-05,,,,0.06912840007731502,0.06556483669094908,0.2030031753710268,0.021440910744259606,4.3576320831138285e-05,0.030127111943573884,0.00010770774600012706,0.00012144364777894386,0.004529141386595173,-0.2651420370895206,False
paper_poly4,sigmoid,"8,4",2,3,0,True,0.00028456171276047826,0.0002964179397842393,0.00031785204921598825,,,,0.15462332883063767,0.17153398725732658,0.30470733628271407,0.021430730480102425,0.0004194598882056134,0.0396668271483991,0.0007912796139622753,0.0002478478814553985,0.00034783530403307075,-0.01772801826171535,False
paper_poly4,sigmoid,"8,4",2,3,0,True,9.414293162990361e-05,0.0002964179397842393,0.00022064553416461824,,,,0.033386342317176146,0.031205879464453055,0.4636410247388345,0.02146131412521545,0.00026471167537535655,0.018853088680492396,0.0057284317840979255,3.409201980114638e-05,0.007514064327005838,-0.4981167662416255,False
paper_poly4,sigmoid,"8,4",2,3,0,True,0.0009887577034533024,0.0002964179397842393,0.0012586093460031566,,,,0.16516365441650688,0.16809445171278245,0.3418423395165393,0.021402109755817127,0.001698671635819023,0.040139200562206614,0.008520727161552133,0.0011315645882244978,0.014227725482171345,0.5231853956850304,False
paper_poly4,sigmoid,"8,4",2,3,0,True,9.282535029342398e-05,0.0002964179397842393,0.00012646358521407967,,,,0.04506508786439716,0.056403802566313485,0.30949919100920725,0.02146274670365745,0.00015340383688875207,0.02359809043955207,0.0037782636794476375,0.00012631401262585087,0.0075822010376753995,-0.5042378876497676,False
paper_poly4,sigmoid,"8,4",2,3,0,True,4.7764842747710645e-05,0.0002964179397842393,0.00013155027627178586,,,,0.11188520753544284,0.10651931656555857,0.07392011455880208,0.021450995485401546,0.00016345684261912403,0.022782652221406616,0.004549332728278276,0.0002713445313632537,0.010305580997288032,-0.7927961321487688,False
paper_poly4,sigmoid,"8,4",2,3,0,True,0.00011993416410405189,0.0002964179397842393,0.0001325238421540325,,,,0.06640522891840991,0.06390269258273178,0.07251149926331202,0.021446139419225893,0.00015560802694031104,0.033446471368038286,0.0033910246114526436,0.0002170120682489326,0.006265346623858267,-0.3929615718304193,False
paper_poly4,sigmoid,"8,4",2,3,0,False,0.00017749697144608945,0.0001907699370047293,4.637855095034566e-05,,,,0.06173324802474892,0.05701802110443178,0.14065636480122262,0.021455062034488978,6.497970979091543e-05,0.020323668018774416,0.0022359739377574074,4.109983352604331e-05,0.0004891501317203523,-0.031318989016571784,False
paper_poly4,sigmoid,"8,4",2,3,0,False,0.00011234389967285097,0.0001907699370047293,5.2479222724885034e-05,,,,0.18014167093148026,0.1684977136514848,0.3006311702724844,0.021447652418096666,6.835764711004084e-05,0.023326041406567508,0.0004925746467198532,5.3918056221726074e-05,0.0032127085427084198,-0.229960441293741,False
paper_poly4,sigmoid,"8,4",2,3,0,False,0.00012156381126260385,0.0001907699370047293,5.053334790705268e-05,,,,0.03120380394165383,0.0275711640552598,0.32187369611301875,0.02147464058615898,6.592983473312008e-05,0.013324528068542563,0.0014579852138410952,6.371234948372979e-05,0.0027863510658800907,-0.19570562869185648,False
paper_poly4,sigmoid,"8,4",2,3,0,False,0.0003143031208310276,0.0001907699370047293,0.00042469434806745684,,,,0.19204127678702704,0.17866917908858965,0.37231061334185445,0.021435576681251376,0.0006491494231438807,0.032717263388033005,0.0009211455143040033,0.00042494437293473763,0.003916647066442066,0.2168387570159279,False
paper_poly4,sigmoid,"8,4",2,3,0,False,0.00012087774666724727,0.0001907699370047293,6.746858016965379e-05,,,,0.056802975273182246,0.057963685735151135,0.17465783231864787,0.021428159353011372,8.999087277783516e-05,0.021374491065797883,0.00022146813204737155,7.388935154081325e-05,0.0028175074401193007,-0.19816358075143137,False
paper_poly4,sigmoid,"8,4",2,3,0,False,5.327337930793874e-05,0.0001907699370047293,0.00015377817514584016,,,,0.04595007466540933,0.04814058444849428,0.2454841021249538,0.02145412046200622,0.0001971660035433793,0.01220984905574815,0.002822175422881899,0.00017923140598082921,0.00651308755845108,-0.5539996898878133,False
paper_poly4,sigmoid,"8,4",2,3,0,False,0.0003362292773090303,0.0001907699370047293,5.293744468838708e-05,,,,0.07785264003453117,0.08203616035928042,0.24580940443538468,0.021441161206146697,7.391608835113594e-05,0.011879269859130914,0.0037787539451957855,4.334016590415432e-05,0.00452460669851348,0.24612559083656615,False
paper_poly4,sigmoid,"8,4",2,3,0,False,0.00021287507843226194,0.0001907699370047293,3.684984844353558e-05,,,,0.043720723423516065,0.04656980990711018,0.13270635138772172,0.021428780969647756,5.083473579766213e-05,0.013623526994479157,0.00043557176131197613,3.400235538867792e-05,0.0007782900831416143,0.04761488469095804,False
paper_poly4,sigmoid,"8,4",2,3,0,False,0.00015663757221773267,0.0001907699370047293,3.398645695375906e-05,,,,0.35479892608556673,0.3718501690410583,0.31406925787048756,0.021452877088644344,4.148641702505636e-05,0.023525376520029048,0.0019060094835297982,3.446984921054913e-05,0.0012964557790752437,-0.08561399306804512,False
paper_poly4,sigmoid,"8,4",2,3,0,False,0.00016935162420850247,0.0001907699370047293,4.107726642805708e-05,,,,0.2832447408320764,0.29156456068466446,0.32255383810921745,0.021438873621252866,5.431871521856152e-05,0.024834612162447797,0.0019278057328662162,3.960332568934346e-05,0.0007984320853478433,-0.051720570083427744,False
paper_poly4,sigmoid,"8,4",2,3,0,False,0.00013669539475813508,0.0001907699370047293,7.929618881739e-05,,,,0.09936481167523956,0.09925755524912135,0.688889930745499,0.021453346424799003,0.00011233883143346471,0.022370753428643378,0.003503694598625324,7.463339729801454e-05,0.0021202684872449907,-0.1447560527766072,False
paper_poly4,sigmoid,"8,4",2,3,0,False,6.513639527838677e-05,0.0001907699370047293,0.00012089768520039762,,,,0.05547770980588696,0.05017636340954605,0.3806585988147592,0.021464607386862514,0.00014985653266768377,0.012106959360467455,0.0019599916642474274,0.0001597433692345827,0.005741236874584523,-0.4666862157451501,False
paper_poly4,sigmoid,"8,4",2,3,0,False,4.407277447171509e-05,0.0001907699370047293,9.278277753490681e-05,,,,0.08035950711406864,0.07811856032535809,0.2233159854438902,0.021446174803887157,0.00012604208116262375,0.01613348096358326,0.0023453914791942837,0.00010331765342797617,0.00717321616955834,-0.636339545191808,False
paper_poly4,sigmoid,"8,4",2,3,0,False,8.17647305666469e-05,0.0001907699370047293,0.00011593982406495235,,,,0.06532482411036718,0.06289758083205227,0.29378610014313417,0.02143086576960092,0.00016538510804587194,0.026337149856393474,0.004238075990195481,0.00011437474490547244,0.004769563840589897,-0.36794392630554157,False
paper_poly4,sigmoid,"8,4",2,3,0,False,0.00011853658361360431,0.0001907699370047293,0.00035111233927735165,,,,0.2110374392563553,0.23929191747916262,0.44262557568553507,0.021445239363746392,0.0004249038984764842,0.02626516000587272,0.0010321159564468552,0.0003602572897245112,0.0029244983262134757,-0.20665753016968208,False
paper_poly4,sigmoid,"8,4",2,3,0,False,0.0008203528122976422,0.0001907699370047293,0.0011629124945288303,,,,0.1955104458734927,0.2054788963004754,0.24008217857822395,0.021398121439182557,0.0015007425103074714,0.03556954628768288,0.01273075270151329,0.0011757844579834151,0.014829852767884729,0.6334907349698792,False
paper_poly4,sigmoid,"8,4",2,3,0,False,7.267395267263055e-05,0.0001907699370047293,5.564494160695671e-05,,,,0.03921097100989984,0.03895827038021808,0.3800218678200473,0.02144685069312661,8.428157660951887e-05,0.018117233242228928,0.00019749277379864895,5.741402743777172e-05,0.005287047150387766,-0.4191311545602324,False
paper_poly4,sigmoid,"8,4",2,3,0,False,7.947822450660169e-05,0.0001907699370047293,0.0002614871322020379,,,,0.1495622424732298,0.14154003426307923,0.22880130279612337,0.021432198983923206,0.0003190566415326462,0.0229643213041354,0.0024292328190764585,0.00024950562033352534,0.00489689300870586,-0.38026177961096413,False
paper_poly4,sigmoid,"8,4",2,3,0,False,6.262607348617166e-05,0.0001907699370047293,0.00010186310783630008,,,,0.10171484746601427,0.09527532771689269,0.3493259187671711,0.021444792550182987,0.0001510714418413642,0.01993253990512158,0.0011229980302025063,0.00010456773784657823,0.00589828534529005,-0.4837547530238303,False
paper_poly4,sigmoid,"8,4",2,3,0,False,2.932579445769079e-05,0.0001907699370047293,0.00011638585263610848,,,,0.15852407271027158,0.1439809863021949,0.3562298184372109,0.02144679942631171,0.00016007058323303083,0.017489672616994526,0.0009141922349097112,0.00011633854201762348,0.00839661948632216,-0.8132601499832919,False
paper_poly4,sigmoid,"8,4",2,3,0,False,3.4743141441140324e-05,0.0001907699370047293,0.00011360948425549215,,,,0.42714013157357056,0.43470621244649543,0.46523206644036125,0.02142877509573224,0.00014814916878566996,0.017603355052522737,0.0010149881538653778,0.00012123005035260809,0.007917617768907773,-0.7396408519201617,False
paper_poly4,sigmoid,"8,4",2,3,0,False,2.156017581000924e-05,0.0001907699370047293,0.0002005011453143363,,,,0.154609129368123,0.14407193461865464,0.26575362805465175,0.021450473427360645,0.00026962943015872913,0.02730808740013199,0.0013713884417384517,0.00020518662356030782,0.009168655427964908,-0.9468576383580922,False
paper_poly4,sigmoid,"8,4",2,3,0,False,2.8529328119475394e-05,0.0001907699370047293,0.00028039642414708836,,,,0.08864778068061614,0.09281541249014255,0.4144189247760004,0.021428192380268107,0.00036801918571913606,0.019185322296389196,0.005017079864533887,0.00028114230855884217,0.00847066381633076,-0.8252183923759032,False
paper_poly4,sigmoid,"8,4",2,3,0,False,4.492898369790055e-05,0.0001907699370047293,0.00025031289318179045,,,,0.046762994198626014,0.04267599640474245,0.25301290665029,0.021434913125752218,0.00034573883760359835,0.02305730596736698,0.002181922617652252,0.0002556660017925941,0.007109040466260002,-0.6279833414114443,False
paper_poly4,sigmoid,"8,4",2,3,0,False,3.0029541449039243e-05,0.0001907699370047293,0.00025027549052697684,,,,0.043602887249492496,0.04128041639105485,0.42863892981330215,0.02143322226788373,0.0003406003256874014,0.0200137479990367,0.001876878769267136,0.000240954697542302,0.008332027401608398,-0.8029612357174882,False
paper_poly4,sigmoid,"8,4",2,3,0,False,0.00016281868738587946,0.0001907699370047293,5.63078689328971e-05,,,,0.059114356493906256,0.06253732266246036,0.5300871817482079,0.021433193021917936,7.937567461183795e-05,0.026138939003833954,0.0019091345013587926,5.216453865719461e-05,0.001051906457013415,-0.068805687073274,False
paper_poly4,sigmoid,"8,4",2,3,0,False,0.00011280531907686964,0.0001907699370047293,8.530158718335226e-05,,,,0.08498404544234688,0.07499725930471832,0.3723788350759295,0.021435743471108725,0.00012529505118086162,0.02070133545064516,0.003919639150031358,8.361993883268968e-05,0.003190964221146845,-0.2281803579990127,False
paper_poly4,sigmoid,"8,4",2,3,0,False,3.842586011160165e-05,0.0001907699370047293,0.0002272556445756329,,,,0.20399002313557651,0.18524224307212878,0.4236226466254812,0.02144025960509651,0.00027815990299872483,0.029269940215026408,0.00395969262841283,0.00023124608872213164,0.00761308948457075,-0.6958863389093272,False
paper_poly4,sigmoid,"8,4",2,3,0,False,0.0001582832628628239,0.0001907699370047293,3.695812758431027e-05,,,,0.04815536582125452,0.04823226075768986,0.3716754234599301,0.02145888624220249,5.567961866831193e-05,0.013615223217134858,0.0006462856581401036,4.50850216089632e-05,0.001230881430058452,-0.08107494202768427,False
paper_poly4,sigmoid,"8,4",2,3,0,False,0.0001350065867882222,0.0001907699370047293,5.526998678407204e-05,,,,0.06638529247246146,0.06881012792702919,0.37707277644903336,0.021445077639386776,7.770456197289677e-05,0.019712453397371592,0.002722925103554784,5.431504768027962e-05,0.002192715580707622,-0.1501549786418243,False
paper_poly4,sigmoid,"8,4",2,3,0,False,0.00020004098769277334,0.0001907699370047293,0.00019156652551218195,,,,0.21655006063517326,0.1935245751824109,0.10448751229984665,0.021445610189742826,0.00025830502317350664,0.03037977637266434,0.005631031054856251,0.00019035504784341455,0.0003316356171611766,0.020609053896732402,False
paper_poly4,sigmoid,"8,4",2,3,0,False,7.750360236968845e-05,0.0001907699370047293,0.00010511656606259892,,,,0.11242832043720796,0.09878173332510091,0.3331881753698155,0.021435370675729253,0.00015238479786604264,0.028285251473049444,0.0034809421029440082,0.00010519203609094915,0.005008336036805254,-0.3911880472967699,False
paper_poly4,sigmoid,"8,4",2,3,0,False,4.589138916344382e-05,0.0001907699370047293,0.00011511808328907989,,,,0.05528550012770543,0.05496619448215982,0.21689799192388498,0.021452143455594458,0.0001496423759330628,0.01393760087433632,0.00424478505434603,0.00013632223867470595,0.007037630711951643,-0.6187787320104836,False
paper_poly4,sigmoid,"8,4",2,3,0,False,5.4864143749000505e-05,0.0001907699370047293,7.672424131251551e-05,,,,0.09136547673195264,0.08063140178206127,0.46843979624745213,0.021449075940909168,0.0001094319525167762,0.018290062401171606,0.0017185527613681971,7.520814924448544e-05,0.006404915668787731,-0.5412213306293095,False
paper_poly4,sigmoid,"8,4",2,3,0,False,0.00014625796757172793,0.0001907699370047293,6.0459366386789165e-05,,,,0.02260102905876564,0.022781676812220007,0.4379723993388318,0.021458589713718838,8.06271373737328e-05,0.013484857379094654,0.0019295910456150723,7.511237617777752e-05,0.001718233029597293,-0.11539040220012704,False
paper_poly4,sigmoid,"8,4",2,3,0,False,0.00022150877339299768,0.0001907699370047293,3.341053958464727e-05,,,,0.02471068358764539,0.02366609879392021,0.39770549506084113,0.021453476122286166,4.710981761810175e-05,0.013353933501347677,0.00021244144189760912,4.012498117009865e-05,0.001071221745013954,0.06488099589522313,False
paper_poly4,sigmoid,"8,4",2,3,0,False,0.00043203230598010123,0.0001907699370047293,0.0004546228333452834,,,,0.3497745492904883,0.32142374782948596,0.16649287810296154,0.0214411293935505,0.000578379126184868,0.02972890067779658,0.011483391316439516,0.0004501698149021334,0.006973437771286919,0.3550062868751274,False
paper_poly4,sigmoid,"8,4",2,3,0,False,0.00013173841580282897,0.0001907699370047293,5.604940961625973e-05,,,,0.059070625295908986,0.05765771815717363,0.3000067265774963,0.021425672655802502,7.427114803414966e-05,0.014038102619896338,0.0009517666123010313,5.6598634635916975e-05,0.0023342134095050027,-0.16079749968743146,False
paper_poly4,sigmoid,"8,4",2,3,0,False,0.00012981354666408151,0.0001907699370047293,3.8622886993751475e-05,,,,0.02534277086819748,0.02724037748180149,0.29476898069269275,0.02142868445923639,5.397429459914113e-05,0.01553733192670639,0.00010630558331283813,4.554734361021638e-05,0.0024183742687009895,-0.16718992075807376,False
paper_poly4,sigmoid,"8,4",2,3,0,False,0.00011625306797213852,0.0001907699370047293,6.679371560457603e-05,,,,0.039048715819795354,0.037754218962187946,0.2558384715699166,0.02144649030350964,9.440535837262533e-05,0.01598235645901732,0.0026055916843209428,6.519354943071072e-05,0.003029877466820423,-0.21510551334722505,False
paper_poly4,sigmoid,"8,4",2,3,0,False,0.00011552228534128517,0.0001907699370047293,0.00017534450198947684,,,,0.14941544946092553,0.1354161614739531,0.4579538769800692,0.02143959917414255,0.00024865761383386015,0.029675237814608728,0.0033626639808698893,0.00017241789560527816,0.0030638196781023665,-0.2178441644697253,False
paper_poly4,sigmoid,"8,4",2,3,0,False,0.0003007681225426495,0.0001907699370047293,4.7771193482731126e-05,,,,0.25030540963555964,0.2907218747033768,0.3162710702182584,0.021442032449496155,4.923922955091752e-05,0.021848068660432905,0.004910898972292295,4.1934586794169226e-05,0.0035307186220733706,0.19772186857456486,False
paper_poly4,sigmoid,"8,4",2,3,0,False,0.0002856157661881298,0.0001907699370047293,4.9054271511663794e-05,,,,0.060902203895456114,0.0586076447174156,0.39588437717820674,0.021448217784329253,6.491644043053026e-05,0.01460565927244976,0.005090140315432404,4.925284270025295e-05,0.0030882215303140795,0.1752722408297093,False
paper_poly4,sigmoid,"8,4",2,3,0,False,0.00016097648767754436,0.0001907699370047293,5.0788997309973465e-05,,,,0.06912840007731502,0.06556483669094908,0.2030031753710268,0.021440910744259606,7.610561112779331e-05,0.024510333575772123,0.002851224945374076,4.983142320956245e-05,0.0011242980747867906,-0.07374748894121226,False
paper_poly4,sigmoid,"8,4",2,3,0,False,0.00028456171276047826,0.0001907699370047293,0.0003789931659392481,,,,0.15462332883063767,0.17153398725732658,0.30470733628271407,0.021430730480102425,0.0005607982096612092,0.033169441787162524,0.0021603225921466708,0.00038001240741500955,0.0030570080077753116,0.17366652988659304,False
paper_poly4,sigmoid,"8,4",2,3,0,False,9.414293162990361e-05,0.0001907699370047293,8.713033710277797e-05,,,,0.033386342317176146,0.031205879464453055,0.4636410247388345,0.02146131412521545,0.00010585717232751132,0.014321225889275327,0.0027784754665788605,0.0001162594786738204,0.004109221015197456,-0.3067222180933171,False
paper_poly4,sigmoid,"8,4",2,3,0,False,0.0009887577034533024,0.0001907699370047293,0.001385509795085818,,,,0.16516365441650688,0.16809445171278245,0.3418423395165393,0.021402109755817127,0.0018570681828339343,0.0332373569748156,0.011445908260305736,0.0013985348373053022,0.017632568793979727,0.7145799438333389,False
paper_poly4,sigmoid,"8,4",2,3,0,False,9.282535029342398e-05,0.0001907699370047293,6.249554308476535e-05,,,,0.04506508786439716,0.056403802566313485,0.30949919100920725,0.02146274670365745,8.552172780953071e-05,0.018261564554978377,0.0008254762927838608,7.495227634309432e-05,0.004177357725867017,-0.3128433395014592,False
paper_poly4,sigmoid,"8,4",2,3,0,False,4.7764842747710645e-05,0.0001907699370047293,8.098753042753423e-05,,,,0.11188520753544284,0.10651931656555857,0.07392011455880208,0.021450995485401546,0.00011643623981734919,0.01758927760902823,0.001602055636313279,8.132175580105419e-05,0.006900737685479649,-0.6014015840004604,False
paper_poly4,sigmoid,"8,4",2,3,0,False,0.00011993416410405189,0.0001907699370047293,0.00010026741629153065,,,,0.06640522891840991,0.06390269258273178,0.07251149926331202,0.021446139419225893,0.0001481107272664813,0.028483547058218636,0.0004332539694180039,0.00010203463879108689,0.0028605033120498845,-0.2015670236821109,False
paper_poly4,sigmoid,"16,8,4",3,3,0,True,0.0001879968331195414,1.4155628306704581e-05,0.00015219585798618326,,,,0.11111519430568001,0.11532076269031022,0.2541547944324803,0.021443572471904357,0.00016829750967895532,0.04524779507614378,0.009964758032073931,0.0003602314914162287,0.009948797098657109,1.1232213828942588,False
paper_poly4,sigmoid,"16,8,4",3,3,0,True,0.00043565075611695647,1.4155628306704581e-05,0.0006020735548245517,,,,0.13941988415487652,0.14017252791488904,0.24035012141478274,0.021447397290123682,0.0007637231303636186,0.037368609882340434,0.007400846522302785,0.00028366507362039163,0.017109851850757515,1.4882093215637555,False
paper_poly4,sigmoid,"16,8,4",3,3,0,True,0.00020329761900939047,1.4155628306704581e-05,0.00017511943361616018,,,,0.07027743994108682,0.04277669054078124,0.41584463607141914,0.021433611006493884,0.00021329684181656833,0.04804686634594052,0.00899466964901563,0.00042000501789244755,0.010495850785737636,1.1572031417073039,False
paper_poly4,sigmoid,"16,8,4",3,3,0,True,5.620925730909221e-05,1.4155628306704581e-05,7.322508101852131e-05,,,,0.05559703462115275,0.04672184401020782,0.33855471163598283,0.02144514131767043,0.00010050341396029712,0.04500594641915337,0.003548822084870155,0.00031239765823985207,0.003734886711175062,0.5988786964433862,False
paper_poly4,sigmoid,"16,8,4",3,3,0,True,6.633699376834556e-05,1.4155628306704581e-05,2.655653971316798e-05,,,,0.10969675924336797,0.10721669357244673,0.3246411847027868,0.021455041995475262,3.300207637796883e-05,0.04290332056989972,0.0036404276950943288,0.0005772511072807924,0.00438235591218424,0.6708266358868865,False
paper_poly4,sigmoid,"16,8,4",3,3,0,True,8.37217376101762e-05,1.4155628306704581e-05,5.379949207244873e-05,,,,0.10892022194020196,0.10232077393805396,0.1704699094831994,0.02145198581015599,7.478553804009046e-05,0.04146695939675203,0.004808784022564561,4.1847301174087074e-05,0.005387561721848203,0.7719090827932633,False
paper_poly4,sigmoid,"16,8,4",3,3,0,True,7.007718522800133e-05,1.4155628306704581e-05,0.00010274821910744653,,,,0.17182392193757426,0.17666432839629528,0.29524861743997444,0.021431633584305693,0.00013996554592108035,0.03665283805464328,0.002233798357441852,0.0008053234473019257,0.004608815076722885,0.6946474987473181,False
paper_poly4,sigmoid,"16,8,4",3,3,0,True,3.1793566449778154e-05,1.4155628306704581e-05,1.4721811694516271e-05,,,,0.11416096704098849,0.09537758600575379,0.24551034972276273,0.021446752954100055,2.3114768325950614e-05,0.0426998584003159,0.0013910416866980166,3.104540356720733e-05,0.0018761817894021818,0.35141009714917887,False
paper_poly4,sigmoid,"16,8,4",3,3,0,True,0.00010384734923718497,1.4155628306704581e-05,6.350646687188238e-05,,,,0.2632632501125884,0.2425542169498941,0.2793342010859661,0.021431855085959312,9.894579882703696e-05,0.04692502689053727,0.0022084095033296147,0.0001656379926085757,0.0064281553419868855,0.8654662648282688,False
paper_poly4,sigmoid,"16,8,4",3,3,0,True,7.28556260582991e-05,1.4155628306704581e-05,0.0001406794001396092,,,,0.06626298609778565,0.07056277886413444,0.1658052240672052,0.021450662524037267,0.000166495443370105,0.038406066057917854,0.002676663930954623,0.00015200053394874336,0.004773154100515859,0.7115339439262808,False
paper_poly4,sigmoid,"16,8,4",3,3,0,True,0.0012928417418152094,1.4155628306704581e-05,0.0010695692401792487,,,,0.28171130619493884,0.2926370508031206,0.2722087918243011,0.02144425581789408,0.0013028343845713519,0.10455642103003515,0.01646395450247161,0.0005491870737803291,0.032193711929193715,1.9606162150970223,False
paper_poly4,sigmoid,"16,8,4",3,3,0,True,0.00012014277308480814,1.4155628306704581e-05,8.667148958579687e-05,,,,0.11187555262890786,0.10434797094102773,0.34242536521118994,0.0214510699006489,0.00013708281930640217,0.05106306278045368,0.003072349747337971,0.00010827035077730922,0.007198569265430325,0.9287685013590623,False
paper_poly4,sigmoid,"16,8,4",3,3,0,True,7.838626333978027e-05,1.4155628306704581e-05,8.54628768666592e-05,,,,0.10549835129169871,0.0952567942472657,0.24267235068979817,0.021452533975865263,0.00012406474519893753,0.04546854837990881,0.0021824892536576363,8.822035713982163e-05,0.005091205098262853,0.7433108116242428,False
paper_poly4,sigmoid,"16,8,4",3,3,0,True,0.00012448648340068758,1.4155628306704581e-05,0.00010806273489679412,,,,0.1721466231558544,0.15540765424977052,0.2670444576270265,0.021427172553055006,0.00012300107140946685,0.04286004147848789,0.008416001892902083,0.0001191743492364814,0.007394954475061217,0.9441930482258337,False
paper_poly4,sigmoid,"16,8,4",3,3,0,True,0.00042903769644908607,1.4155628306704581e-05,0.00029667666555535194,,,,0.08825231977203758,0.09266112028391067,0.3634607521254954,0.021446033724349646,0.00033787551946377604,0.04473999551907758,0.012032008332234116,0.00014456929488076726,0.01695082854066355,1.4815663016160996,False
paper_poly4,sigmoid,"16,8,4",3,3,0,True,0.00034494843566790223,1.4155628306704581e-05,0.0003496168894936358,,,,0.10644801462452579,0.11393554982196956,0.17390288416586083,0.02144760284612634,0.00045823367700576796,0.041205294979363476,0.008149393025428437,0.00036117480856294037,0.01481039088656664,1.3868250292030133,False
paper_poly4,sigmoid,"16,8,4",3,3,0,True,0.000283582805423066,1.4155628306704581e-05,0.0002820005196903252,,,,0.18563051424299934,0.1267246027295437,0.28127890518821524,0.02145200740511928,0.0003478003494388568,0.04518260586085898,0.009582467165687834,0.00028771732347676187,0.013077520408010211,1.3017507440077953,False
paper_poly4,sigmoid,"16,8,4",3,3,0,True,6.686246342724189e-05,1.4155628306704581e-05,2.718903315443119e-05,,,,0.1012530997839605,0.08877436592113379,0.17377394749940997,0.02145146510952987,4.077155057599701e-05,0.04587955718630298,0.002685870103695698,0.0004275021992513835,0.004414550455136578,0.6742532227806185,False
paper_poly4,sigmoid,"16,8,4",3,3,0,True,0.000213429651921615,1.4155628306704581e-05,0.00022780287827103027,,,,0.38051400016434966,0.3584480424417808,0.3891934422153902,0.02144671867531315,0.00027936972148432304,0.045740414850597336,0.009165826925167268,0.00021771212876802918,0.010846835118776207,1.178325605527559,False
paper_poly4,sigmoid,"16,8,4",3,3,0,True,0.0011753201251849532,1.4155628306704581e-05,0.0011773029627282902,,,,0.43841258529910415,0.38458556668419347,0.2598524196382463,0.021428089225696476,0.001625411875638786,0.05630491737497606,0.013181500450361724,0.0011993585804903587,0.030520545572327674,1.9192270221363328,False
paper_poly4,sigmoid,"16,8,4",3,3,0,True,6.960272003198043e-05,1.4155628306704581e-05,9.80482740239004e-05,,,,0.07180376295796834,0.07014277571590256,0.4218724488509403,0.021446045100440615,0.00013361336214949486,0.03384932091553895,0.002087382261074152,0.0003220968612125753,0.0045804278462813165,0.6916970613365051,False
paper_poly4,sigmoid,"16,8,4",3,3,0,True,3.9463877328671515e-05,1.4155628306704581e-05,2.906932386723782e-05,,,,0.08037290401422491,0.08492300741382582,0.39073056141972323,0.021448579794591357,3.940352997166286e-05,0.03646209319050478,0.0004709095010075664,0.00014431945801577647,0.0025196315048337135,0.4452706019052779,False
paper_poly4,sigmoid,"16,8,4",3,3,0,True,7.675655069760978e-05,1.4155628306704581e-05,2.8069470335357146e-05,,,,0.07896413382645173,0.08069972584230946,0.3287743430670674,0.0214511544268894,3.433000665483895e-05,0.034841491263091606,0.004412195561256146,7.497256212110791e-06,0.004998684976639615,0.734186299513072,False
paper_poly4,sigmoid,"16,8,4",3,3,0,True,0.00041042824159376323,1.4155628306704581e-05,0.0002796684489245105,,,,0.0846911081337517,0.07161147229963276,0.19809548779514052,0.02144916902876832,0.0002788225468869526,0.04364297358811414,0.010787559977818701,4.942416569688241e-05,0.01649663202647441,1.462308086393264,False
paper_poly4,sigmoid,"16,8,4",3,3,0,True,0.0001313468092121184,1.4155628306704581e-05,6.5390555446722e-05,,,,0.13434844810795774,0.11912585085808057,0.19158999846159783,0.021449314758821992,7.914510154406747e-05,0.039943305298460643,0.005468041026605539,5.7666488956774e-05,0.007698266941568554,0.9674903764310319,False
paper_poly4,sigmoid,"16,8,4",3,3,0,True,5.4881904361536726e-05,1.4155628306704581e-05,2.6141602873844223e-05,,,,0.07801360208935328,0.0789393733552607,0.3521532741188165,0.021449954886281045,3.9753022339019344e-05,0.03459393863731253,0.002439941038734827,5.59351556276135e-05,0.003645835584777252,0.5885000220878426,False
paper_poly4,sigmoid,"16,8,4",3,3,0,True,2.8499591280706227e-05,1.4155628306704581e-05,1.8475500383952933e-05,,,,0.15442036874368595,0.16039757087552572,0.34883508953276204,0.021448485984371414,2.7878533857058576e-05,0.040599999112369306,0.0009460481881546399,2.015273700949173e-05,0.0015761042283984174,0.3039094811645948,False
paper_poly4,sigmoid,"16,8,4",3,3,0,True,0.00017342725186608732,1.4155628306704581e-05,0.00012193806488760231,,,,0.13824052555930946,0.12066907700939726,0.22052325646082227,0.021452120038933715,0.00016305496613618718,0.04483144578088673,0.0007442253045963099,0.0006872141343885792,0.009406781483977535,1.0881881917347247,False
paper_poly4,sigmoid,"16,8,4",3,3,0,True,2.307594331796281e-05,1.4155628306704581e-05,1.8456513501221393e-05,,,,0.08232757034502318,0.08867151518520894,0.22109548882907706,0.02144273267446796,2.528861573798275e-05,0.035277184071238095,0.00264959015411452,0.00011286013041660495,0.0010413460191135964,0.2122303129486371,False
paper_poly4,sigmoid,"16,8,4",3,3,0,True,9.107626101467758e-05,1.4155628306704581e-05,4.480892859463244e-05,,,,0.07055675094047956,0.06389830500816329,0.38399027784525974,0.02145155405042251,5.301302626661593e-05,0.03676495169141801,0.005057135352332565,8.352132112861272e-05,0.0057809917229364955,0.8084760424971266,False
paper_poly4,sigmoid,"16,8,4",3,3,0,True,0.00010381566971773282,1.4155628306704581e-05,4.829399476869098e-05,,,,0.3306331925381369,0.3155891990977064,0.18561087622966832,0.021452013560725125,5.472224617951381e-05,0.05057479577513074,0.0056571584311842435,0.00011955787259953527,0.006426600866038288,0.865333759381094,False
paper_poly4,sigmoid,"16,8,4",3,3,0,True,3.437415944063105e-05,1.4155628306704581e-05,1.5992842025568833e-05,,,,0.20454334473427724,0.20343887235447491,0.3966091597175987,0.021451503981063734,2.272962354236531e-05,0.03806639130639534,0.0018300538951931892,0.0001490030132022305,0.002100551398786384,0.3853029364935189,False
paper_poly4,sigmoid,"16,8,4",3,3,0,True,9.044066973729059e-05,1.4155628306704581e-05,4.5371299822529274e-05,,,,0.0426959882798523,0.031045473930911765,0.1521206925168282,0.0214443463881942,5.162860610107063e-05,0.044118225195216396,0.006138739577965734,0.00016374908442226687,0.005747633337183964,0.8054346191817515,False
paper_poly4,sigmoid,"16,8,4",3,3,0,True,6.58670614939183e-05,1.4155628306704581e-05,6.0407702943908756e-05,,,,0.2921862655986958,0.21510719126443223,0.16987620057019956,0.02144804547744414,8.714233435158674e-05,0.04436799593357374,0.004036192286528657,0.0001312511511661692,0.004353455863623928,0.66773913826331,False
paper_poly4,sigmoid,"16,8,4",3,3,0,True,0.0001889644336188212,1.4155628306704581e-05,0.00010575792291141648,,,,0.03985146380584571,0.03672256693202179,0.20225484226839108,0.021451895436568055,0.0001260929658170997,0.02892468927472256,0.006932576204808079,0.00012576648271229353,0.009984036869818531,1.1254509195470321,False
paper_poly4,sigmoid,"16,8,4",3,3,0,True,0.0001593717170180753,1.4155628306704581e-05,0.0001596069036398317,,,,0.15527786318103895,0.11877359458089758,0.45491645396182157,0.02143602782440829,0.00022416336503329397,0.0494670315144104,0.004301845541899193,0.0008700529375823595,0.008861854529412686,1.0514821010394448,False
paper_poly4,sigmoid,"16,8,4",3,3,0,True,5.721425623050891e-05,1.4155628306704581e-05,5.2527986408562714e-05,,,,0.10873611382426442,0.09591922670935692,0.36432040930594756,0.021436661926439338,7.084989090608305e-05,0.035075126728185885,0.00621008467641325,0.0006741374241782279,0.0038016139742335694,0.6065751060344716,False
paper_poly4,sigmoid,"16,8,4",3,3,0,True,0.00016534925089217722,1.4155628306704581e-05,0.00012922852139194172,,,,0.15237771290095936,0.11606386059120433,0.41440813898075707,0.021422950397736472,0.00017906152358799514,0.04503268660626089,0.007341993022801738,0.0014618422729982125,0.009096423347585057,1.0674730811313102,False
paper_poly4,sigmoid,"16,8,4",3,3,0,True,6.426167965400964e-05,1.4155628306704581e-05,6.111896485881728e-05,,,,0.08927151637162274,0.09055504625123818,0.6135881604632089,0.021436174318581313,8.630951466998349e-05,0.04155483777384025,0.003741705515141559,7.69549915295436e-05,0.004253941677222785,0.6570229222629111,False
paper_poly4,sigmoid,"16,8,4",3,3,0,True,8.832468301989138e-05,1.4155628306704581e-05,4.85249837243061e-05,,,,0.15854809648615523,0.14815117504301403,0.2966153240033505,0.021449877774781766,5.454327119073855e-05,0.0451212566266357,0.00651785261288428,0.000307085869551459,0.005635724632067231,0.795152936941258,False
paper_poly4,sigmoid,"16,8,4",3,3,0,True,7.715271749475505e-06,1.4155628306704581e-05,1.175188952273344e-05,,,,0.16162105101193372,0.1490486868746851,0.4377706859193779,0.021453228201136022,1.5149959883674946e-05,0.045212464444010975,0.0010412883014675647,3.119901000550995e-05,0.0009847588171432334,-0.26357792305881284,False
paper_poly4,sigmoid,"16,8,4",3,3,0,True,3.9445712900487706e-05,1.4155628306704581e-05,8.159814821690788e-05,,,,0.05561918975196629,0.06399826114019692,0.26496317141891224,0.02145107281789753,9.768200985948526e-05,0.03873105447337978,0.0018615092069759987,1.930006407301127e-05,0.002518185592901164,0.44507065888077135,False
paper_poly4,sigmoid,"16,8,4",3,3,0,True,4.842828639084473e-05,1.4155628306704581e-05,7.847632550324861e-05,,,,0.1307831945485284,0.1704702107734644,0.2265824329294599,0.021447153056976687,8.267073259076468e-05,0.0311805673463917,0.004140919682989404,8.061808291467204e-05,0.003196646879424385,0.534169951469176,False
paper_poly4,sigmoid,"16,8,4",3,3,0,True,1.534380680823233e-05,1.4155628306704581e-05,2.593207388864647e-05,,,,0.07977075354395537,0.08515859915350632,0.35349443066772995,0.021444557217338726,3.354395612513225e-05,0.032889920578634504,0.0018101030045896056,1.357293534148094e-05,0.00015472053787469933,0.035003971148744095,False
paper_poly4,sigmoid,"16,8,4",3,3,0,True,0.0001633489882806316,1.4155628306704581e-05,0.00018320708455447994,,,,0.24331588233761248,0.2086733566259867,0.2868763995583671,0.02145042689347667,0.0002590992481736135,0.04734017736108881,0.0032845863828514787,0.00039659622958469027,0.009018408845494517,1.0621872984006313,False
paper_poly4,sigmoid,"16,8,4",3,3,0,True,0.000320600054692477,1.4155628306704581e-05,0.00026332626155239897,,,,0.15299773281605208,0.10367745733500111,0.2478345456832968,0.021435363712767976,0.00039530463934152256,0.0464128881291568,0.007261103464361735,0.0003014950734874354,0.01414291138587346,1.355034441536213,False
paper_poly4,sigmoid,"16,8,4",3,3,0,True,0.00046002163435332477,1.4155628306704581e-05,0.0004695940382919852,,,,0.23045365063651221,0.23478236137103722,0.5077940669113992,0.021451424663780604,0.0006789061099413067,0.044364301162492056,0.00576395683959001,0.0007196565920250222,0.017685718319648887,1.5118491060231671,False
paper_poly4,sigmoid,"16,8,4",3,3,0,True,0.00013999553630128503,1.4155628306704581e-05,6.938728214976998e-05,,,,0.08502638337178701,0.08282661420654784,0.2758998912587162,0.021446974636760992,8.346084976393114e-05,0.042499681330868525,0.006742514757734316,3.1014350724388264e-05,0.008069574321586809,0.9951850380323467,False
paper_poly4,sigmoid,"16,8,4",3,3,0,True,0.00020746725203935057,1.4155628306704581e-05,0.00025887104517664637,,,,0.28970007613861076,0.2691604686392954,0.307852190695292,0.021449141958191358,0.0003599438112167849,0.047444650318273704,0.0052524717462136645,0.0003022002479726505,0.010641326930316337,1.166020404063607,False
paper_poly4,sigmoid,"16,8,4",3,3,0,True,0.00019958242774009705,1.4155628306704581e-05,0.0002539689675795322,,,,0.11696516900421589,0.11781502618561124,0.33080357702652047,0.021446191467486508,0.0003615019151151321,0.040743250979422704,0.00033628269773739084,0.00033139042978327574,0.01036496788344695,1.1491931505523982,False
paper_poly4,sigmoid,"16,8,4",3,3,0,False,0.0001879968331195414,1.700580000994292e-05,0.00014764611165293581,,,,0.11111519430568001,0.11532076269031022,0.2541547944324803,0.021443572471904357,0.0001641509944149916,0.045548651998238,0.009700481659551667,0.00014961033297066748,0.009587384795913808,1.043553466044017,False
paper_poly4,sigmoid,"16,8,4",3,3,0,False,0.00043565075611695647,1.700580000994292e-05,0.0006185243078306992,,,,0.13941988415487652,0.14017252791488904,0.24035012141478274,0.021447397290123682,0.0007854827166512098,0.037721638808235286,0.007666899255030691,0.0006773503376659564,0.016748439548014214,1.4085414047135139,False
paper_poly4,sigmoid,"16,8,4",3,3,0,False,0.00020329761900939047,1.700580000994292e-05,0.00017123019079377154,,,,0.07027743994108682,0.04277669054078124,0.41584463607141914,0.021433611006493884,0.0002098920104103445,0.04817247820076233,0.008730528483841695,0.00017814049650285817,0.010134438482994335,1.077535224857062,False
paper_poly4,sigmoid,"16,8,4",3,3,0,False,5.620925730909221e-05,1.700580000994292e-05,7.511916863056991e-05,,,,0.05559703462115275,0.04672184401020782,0.33855471163598283,0.02144514131767043,0.0001042090113209471,0.04525993369136148,0.003283924854322566,6.938607163072311e-05,0.003373474408431761,0.5192107795931443,False
paper_poly4,sigmoid,"16,8,4",3,3,0,False,6.633699376834556e-05,1.700580000994292e-05,2.6297254812694022e-05,,,,0.10969675924336797,0.10721669357244673,0.3246411847027868,0.021455041995475262,3.361949717517465e-05,0.04338778543115979,0.00337437145100273,1.6974894684183717e-05,0.004020943609440939,0.5911587190366447,False
paper_poly4,sigmoid,"16,8,4",3,3,0,False,8.37217376101762e-05,1.700580000994292e-05,4.985181899631129e-05,,,,0.10892022194020196,0.10232077393805396,0.1704699094831994,0.02145198581015599,6.974054269823158e-05,0.04155541571536997,0.0045430727037157805,4.365715672845055e-05,0.0050261494191049015,0.6922411659430215,False
paper_poly4,sigmoid,"16,8,4",3,3,0,False,7.007718522800133e-05,1.700580000994292e-05,0.0001047740030644145,,,,0.17182392193757426,0.17666432839629528,0.29524861743997444,0.021431633584305693,0.00014236303763009845,0.03712205287802843,0.0019680606689451334,8.11383106116731e-05,0.0042474027739795835,0.6149795818970764,False
paper_poly4,sigmoid,"16,8,4",3,3,0,False,3.1793566449778154e-05,1.700580000994292e-05,1.5965117337547705e-05,,,,0.11416096704098849,0.09537758600575379,0.24551034972276273,0.021446752954100055,2.5058344182260813e-05,0.04311312274591131,0.0011248736201826238,1.5261101608134844e-05,0.0015147694866588807,0.27174218029893715,False
paper_poly4,sigmoid,"16,8,4",3,3,0,False,0.00010384734923718497,1.700580000994292e-05,6.290260813375196e-05,,,,0.2632632501125884,0.2425542169498941,0.2793342010859661,0.021431855085959312,9.80741286576007e-05,0.0471325823534276,0.0019419359273519135,4.671972034362041e-05,0.006066743039243584,0.7857983479780271,False
paper_poly4,sigmoid,"16,8,4",3,3,0,False,7.28556260582991e-05,1.700580000994292e-05,0.00015003504605425307,,,,0.06626298609778565,0.07056277886413444,0.1658052240672052,0.021450662524037267,0.00017912491650257383,0.03890319838607337,0.0029427581396416617,0.0001485183567425184,0.0044117417977725575,0.631866027076039,False
paper_poly4,sigmoid,"16,8,4",3,3,0,False,0.0012928417418152094,1.700580000994292e-05,0.0010525187992293055,,,,0.28171130619493884,0.2926370508031206,0.2722087918243011,0.02144425581789408,0.0012831615429009199,0.10543440297853421,0.01620064102533169,0.0009032246766128228,0.031832299626450414,1.8809482982467804,False
paper_poly4,sigmoid,"16,8,4",3,3,0,False,0.00012014277308480814,1.700580000994292e-05,8.480441206693068e-05,,,,0.11187555262890786,0.10434797094102773,0.34242536521118994,0.0214510699006489,0.0001346668215483297,0.051722877493736656,0.0028066469485882395,8.27706287218343e-05,0.0068371569626870235,0.8491005845088205,False
paper_poly4,sigmoid,"16,8,4",3,3,0,False,7.838626333978027e-05,1.700580000994292e-05,8.542453039716357e-05,,,,0.10549835129169871,0.0952567942472657,0.24267235068979817,0.021452533975865263,0.00012445478062839078,0.04583748134548321,0.0019175736098039188,9.666795713878967e-05,0.004729792795519552,0.6636428947740011,False
paper_poly4,sigmoid,"16,8,4",3,3,0,False,0.00012448648340068758,1.700580000994292e-05,0.0001093459161451604,,,,0.1721466231558544,0.15540765424977052,0.2670444576270265,0.021427172553055006,0.0001275645910078671,0.043064874815579315,0.008151500292878719,0.00011738447509772467,0.007033542172317916,0.864525131375592,False
paper_poly4,sigmoid,"16,8,4",3,3,0,False,0.00042903769644908607,1.700580000994292e-05,0.00029085682968939703,,,,0.08825231977203758,0.09266112028391067,0.3634607521254954,0.021446033724349646,0.0003327320780129193,0.04514987978600743,0.011766001432556588,0.00014151091075960626,0.01658941623792025,1.4018983847658577,False
paper_poly4,sigmoid,"16,8,4",3,3,0,False,0.00034494843566790223,1.700580000994292e-05,0.0003469932341506659,,,,0.10644801462452579,0.11393554982196956,0.17390288416586083,0.02144760284612634,0.0004564560930177989,0.04152258578733126,0.007885866185518254,0.00035184778082431056,0.014448978583823338,1.3071571123527717,False
paper_poly4,sigmoid,"16,8,4",3,3,0,False,0.000283582805423066,1.700580000994292e-05,0.0002815011500945197,,,,0.18563051424299934,0.1267246027295437,0.28127890518821524,0.02145200740511928,0.00034994291085870276,0.04557712629717474,0.009319022726966962,0.00029484852506727385,0.01271610810526691,1.2220828271575535,False
paper_poly4,sigmoid,"16,8,4",3,3,0,False,6.686246342724189e-05,1.700580000994292e-05,2.4473999917583518e-05,,,,0.1012530997839605,0.08877436592113379,0.17377394749940997,0.02145146510952987,3.698135450443369e-05,0.046189728072369166,0.0024197621641397844,2.5209638760013974e-05,0.004053138152393277,0.5945853059303767,False
paper_poly4,sigmoid,"16,8,4",3,3,0,False,0.000213429651921615,1.700580000994292e-05,0.0002320224798014575,,,,0.38051400016434966,0.3584480424417808,0.3891934422153902,0.02144671867531315,0.00028883614231696935,0.046211925540193155,0.008902074505608823,0.00022982686646305845,0.010485422816032906,1.0986576886773174,False
paper_poly4,sigmoid,"16,8,4",3,3,0,False,0.0011753201251849532,1.700580000994292e-05,0.001168046349204168,,,,0.43841258529910415,0.38458556668419347,0.2598524196382463,0.021428089225696476,0.0016145273906401215,0.05678690224004042,0.012919731004043524,0.0011962378471474986,0.030159133269584373,1.839559105286091,False
paper_poly4,sigmoid,"16,8,4",3,3,0,False,6.960272003198043e-05,1.700580000994292e-05,0.00010123438183759855,,,,0.07180376295796834,0.07014277571590256,0.4218724488509403,0.021446045100440615,0.00013806190912691446,0.034132667459098,0.0018218788223480693,8.213856672085429e-05,0.004219015543538015,0.6120291444862633,False
paper_poly4,sigmoid,"16,8,4",3,3,0,False,3.9463877328671515e-05,1.700580000994292e-05,3.1928968372996316e-05,,,,0.08037290401422491,0.08492300741382582,0.39073056141972323,0.021448579794591357,4.334617008639754e-05,0.03675760317264801,0.0007376035361111032,2.237971119204993e-05,0.0021582192020904124,0.3656026850550361,False
paper_poly4,sigmoid,"16,8,4",3,3,0,False,7.675655069760978e-05,1.700580000994292e-05,2.532641751438292e-05,,,,0.07896413382645173,0.08069972584230946,0.3287743430670674,0.0214511544268894,3.1026342250202216e-05,0.03495217592450305,0.004146224300785837,6.634506281654566e-06,0.004637272673896314,0.6545183826628302,False
paper_poly4,sigmoid,"16,8,4",3,3,0,False,0.00041042824159376323,1.700580000994292e-05,0.0002683336118439574,,,,0.0846911081337517,0.07161147229963276,0.19809548779514052,0.02144916902876832,0.00026552018252020744,0.04374456589097976,0.010522664154152254,0.00029145449264696003,0.01613521972373111,1.3826401695430224,False
paper_poly4,sigmoid,"16,8,4",3,3,0,False,0.0001313468092121184,1.700580000994292e-05,6.241599826206975e-05,,,,0.13434844810795774,0.11912585085808057,0.19158999846159783,0.021449314758821992,7.592888703332278e-05,0.04061378642026134,0.005201564070026652,2.6336977829409515e-05,0.0073368546388252525,0.8878224595807901,False
paper_poly4,sigmoid,"16,8,4",3,3,0,False,5.4881904361536726e-05,1.700580000994292e-05,2.7978029429244888e-05,,,,0.07801360208935328,0.0789393733552607,0.3521532741188165,0.021449954886281045,4.294417262737976e-05,0.034850652795698045,0.002173777940786402,1.753377899591785e-05,0.0032844232820339507,0.5088321052376008,False
paper_poly4,sigmoid,"16,8,4",3,3,0,False,2.8499591280706227e-05,1.700580000994292e-05,2.008767433253661e-05,,,,0.15442036874368595,0.16039757087552572,0.34883508953276204,0.021448485984371414,3.0161158342125376e-05,0.040997806974077754,0.0006795585961555875,3.077570064029565e-05,0.0012146919256551163,0.22424156431435302,False
paper_poly4,sigmoid,"16,8,4",3,3,0,False,0.00017342725186608732,1.700580000994292e-05,0.00011831368724519301,,,,0.13824052555930946,0.12066907700939726,0.22052325646082227,0.021452120038933715,0.0001563282988489608,0.04466225714333297,0.0010119686362009765,0.00011309696446430749,0.009045369181234234,1.0085202748844828,False
paper_poly4,sigmoid,"16,8,4",3,3,0,False,2.307594331796281e-05,1.700580000994292e-05,1.9662234625400718e-05,,,,0.08232757034502318,0.08867151518520894,0.22109548882907706,0.02144273267446796,2.7054302456988026e-05,0.035628435535574925,0.002383241580638763,1.35816347672495e-05,0.0006799337163702953,0.1325623960983953,False
paper_poly4,sigmoid,"16,8,4",3,3,0,False,9.107626101467758e-05,1.700580000994292e-05,4.336892665713809e-05,,,,0.07055675094047956,0.06389830500816329,0.38399027784525974,0.02145155405042251,5.237867454709822e-05,0.03751165153610249,0.004791111158452261,3.6323598969674035e-05,0.005419579420193194,0.7288081256468848,False
paper_poly4,sigmoid,"16,8,4",3,3,0,False,0.00010381566971773282,1.700580000994292e-05,4.639716452116297e-05,,,,0.3306331925381369,0.3155891990977064,0.18561087622966832,0.021452013560725125,5.3577472720541326e-05,0.05073437019700368,0.005391593999141297,3.944147672715802e-05,0.006065188563294987,0.7856658425308523,False
paper_poly4,sigmoid,"16,8,4",3,3,0,False,3.437415944063105e-05,1.700580000994292e-05,1.9601315407116024e-05,,,,0.20454334473427724,0.20343887235447491,0.3966091597175987,0.021451503981063734,2.8475147304888e-05,0.038555168511281095,0.001563713387955627,1.8551261632823675e-05,0.001739139096043083,0.3056350196432771,False
paper_poly4,sigmoid,"16,8,4",3,3,0,False,9.044066973729059e-05,1.700580000994292e-05,4.4612608901499126e-05,,,,0.0426959882798523,0.031045473930911765,0.1521206925168282,0.0214443463881942,5.2163362942873816e-05,0.044165910292778665,0.005873211886349102,3.3458084135060346e-05,0.005386221034440663,0.7257667023315097,False
paper_poly4,sigmoid,"16,8,4",3,3,0,False,6.58670614939183e-05,1.700580000994292e-05,6.235854284312802e-05,,,,0.2921862655986958,0.21510719126443223,0.16987620057019956,0.02144804547744414,9.137064353156944e-05,0.044674608382333496,0.00377096192153379,7.38153336442448e-05,0.0039920435608806265,0.5880712214130682,False
paper_poly4,sigmoid,"16,8,4",3,3,0,False,0.0001889644336188212,1.700580000994292e-05,0.00010294047298791418,,,,0.03985146380584571,0.03672256693202179,0.20225484226839108,0.021451895436568055,0.00012386393584895398,0.029279089926637365,0.006666805624862766,1.552920341689273e-05,0.00962262456707523,1.0457830026967903,False
paper_poly4,sigmoid,"16,8,4",3,3,0,False,0.0001593717170180753,1.700580000994292e-05,0.0001594569973887058,,,,0.15527786318103895,0.11877359458089758,0.45491645396182157,0.02143602782440829,0.00022551035808238975,0.049565816621709016,0.004037598195758659,0.00016365385587877273,0.008500442226669385,0.9718141841892031,False
paper_poly4,sigmoid,"16,8,4",3,3,0,False,5.721425623050891e-05,1.700580000994292e-05,5.422408479000635e-05,,,,0.10873611382426442,0.09591922670935692,0.36432040930594756,0.021436661926439338,7.46777079062916e-05,0.035509813598167086,0.005944513505647195,6.797009373662738e-05,0.0034402016714902683,0.52690718918423,False
paper_poly4,sigmoid,"16,8,4",3,3,0,False,0.00016534925089217722,1.700580000994292e-05,0.00012501827670851769,,,,0.15237771290095936,0.11606386059120433,0.41440813898075707,0.021422950397736472,0.00017437297376109888,0.045511091279807354,0.007076759480697232,0.00012941055025872522,0.008735011044841756,0.9878051642810683,False
paper_poly4,sigmoid,"16,8,4",3,3,0,False,6.426167965400964e-05,1.700580000994292e-05,6.373850028950272e-05,,,,0.08927151637162274,0.09055504625123818,0.6135881604632089,0.021436174318581313,9.105228590677733e-05,0.04175976979678049,0.003476524389322156,6.328903123234849e-05,0.0038925293744794835,0.5773550054126694,False
paper_poly4,sigmoid,"16,8,4",3,3,0,False,8.832468301989138e-05,1.700580000994292e-05,4.516798121327211e-05,,,,0.15854809648615523,0.14815117504301403,0.2966153240033505,0.021449877774781766,5.1044507073944e-05,0.04519023834408231,0.006252506499211287,3.695017300342582e-05,0.00527431232932393,0.7154850200910162,False
paper_poly4,sigmoid,"16,8,4",3,3,0,False,7.715271749475505e-06,1.700580000994292e-05,1.3308319603229455e-05,,,,0.16162105101193372,0.1490486868746851,0.4377706859193779,0.021453228201136022,1.6856947106414958e-05,0.04568600187458753,0.0013074984137889127,1.1698425320984617e-05,0.0013461711198865345,-0.3432458399090546,False
paper_poly4,sigmoid,"16,8,4",3,3,0,False,3.9445712900487706e-05,1.700580000994292e-05,8.941553111468925e-05,,,,0.05561918975196629,0.06399826114019692,0.26496317141891224,0.02145107281789753,0.00010824203477500316,0.03923706916023918,0.002127964313699686,7.958853169118931e-05,0.002156773290157863,0.36540274203052964,False
paper_poly4,sigmoid,"16,8,4",3,3,0,False,4.842828639084473e-05,1.700580000994292e-05,8.564242022391639e-05,,,,0.1307831945485284,0.1704702107734644,0.2265824329294599,0.021447153056976687,9.163250265558562e-05,0.031443385649615005,0.004407556958265558,8.008145365734782e-05,0.002835234576681084,0.4545020346189342,False
paper_poly4,sigmoid,"16,8,4",3,3,0,False,1.534380680823233e-05,1.700580000994292e-05,2.895971209313571e-05,,,,0.07977075354395537,0.08515859915350632,0.35349443066772995,0.021444557217338726,3.7778745519648324e-05,0.03327420169013634,0.001543800376376294,1.795796746248227e-05,0.00020669176486860178,-0.04466394570149769,False
paper_poly4,sigmoid,"16,8,4",3,3,0,False,0.0001633489882806316,1.700580000994292e-05,0.00018252865938402026,,,,0.24331588233761248,0.2086733566259867,0.2868763995583671,0.02145042689347667,0.00025826566170927866,0.04773945189208399,0.0030198088955064794,0.00019832943825283923,0.008656996542751216,0.9825193815503896,False
paper_poly4,sigmoid,"16,8,4",3,3,0,False,0.000320600054692477,1.700580000994292e-05,0.00025343756724795414,,,,0.15299773281605208,0.10367745733500111,0.2478345456832968,0.021435363712767976,0.0003815321698832649,0.04673182669691647,0.006995830483690011,0.0002323154552516694,0.013781499083130158,1.2753665246859711,False
paper_poly4,sigmoid,"16,8,4",3,3,0,False,0.00046002163435332477,1.700580000994292e-05,0.0004655924031478827,,,,0.23045365063651221,0.23478236137103722,0.5077940669113992,0.021451424663780604,0.000674335100240453,0.04436509804788398,0.005500517622526021,0.0004803849993758686,0.017324306016905586,1.4321811891729255,False
paper_poly4,sigmoid,"16,8,4",3,3,0,False,0.00013999553630128503,1.700580000994292e-05,6.631157811765899e-05,,,,0.08502638337178701,0.08282661420654784,0.2758998912587162,0.021446974636760992,8.045062150184679e-05,0.043184753060098925,0.006476569913380759,2.2441576305632354e-05,0.007708162018843507,0.9155171211821049,False
paper_poly4,sigmoid,"16,8,4",3,3,0,False,0.00020746725203935057,1.700580000994292e-05,0.0002638056212818436,,,,0.28970007613861076,0.2691604686392954,0.307852190695292,0.021449141958191358,0.0003681726667777713,0.047463441334495426,0.004987881956377819,0.00025853703326405604,0.010279914627573036,1.0863524872133652,False
paper_poly4,sigmoid,"16,8,4",3,3,0,False,0.00019958242774009705,1.700580000994292e-05,0.0002544900910346757,,,,0.11696516900421589,0.11781502618561124,0.33080357702652047,0.021446191467486508,0.0003616770227153071,0.041091126250799956,7.142868433311854e-05,0.00027977595263891476,0.01000355558070365,1.0695252337021566,False
paper_poly3,softplus,4,1,3,0,True,8.137148688547313e-05,0.0007134258517737688,0.000928973220124797,0.00014183010168319823,0.00017070169658675273,0.995,0.061752790804213004,0.06307792476861482,0.003668894699349615,0.023927892269230304,0.0013642642236361738,0.012549955970783915,0.002550629429671331,0.0007593916547338952,0.017689418241020133,-0.9428765905803723,False
paper_poly3,softplus,4,1,3,0,True,0.00066832808079198,0.0007134258517737688,0.0017242340250247365,0.018402602972591074,0.018879230453139436,0.735,0.20063909106897596,0.19920586434910587,0.003065973015909447,0.02382848053876542,0.002426245119510711,0.015069023754960267,0.002771997396276803,0.0009313139127717111,0.0008579906914482661,-0.028359133396212766,False
paper_poly3,softplus,4,1,3,0,True,7.766750059090555e-05,0.0007134258517737688,0.0008683478410803035,0.0005513861860344201,0.0005184374990073165,0.965,0.10572416549347545,0.10991694575652804,0.10430629938869623,0.02391618058343293,0.0012897291202354558,0.012098670644922354,0.002024918960905296,0.0007741132009181591,0.017897116102108444,-0.963109513030159,False
paper_poly3,softplus,4,1,3,0,True,0.0007164372364059091,0.0007134258517737688,0.001755283760243801,0.0004117561340878139,0.001084010020979177,0.995,0.06397293959831976,0.06816866917509828,0.005220824383349503,0.02383278648751447,0.0024209272625140012,0.014587354317523157,0.006421845221539953,0.0009428393205748327,5.63124269835763e-05,0.0018293075373034665,False
paper_poly3,softplus,4,1,3,0,True,7.607801671838388e-05,0.0007134258517737688,0.0009162641963421632,9.101488404429056e-05,0.00012285642159968284,0.975,0.08196203023176991,0.09419443424384223,8.817672835040452e-05,0.0239449123817115,0.001344165231447222,0.012287284891679878,0.0024204978718189102,0.0007610287375281683,0.01798776148742978,-0.9720896599953337,False
paper_poly3,softplus,4,1,3,0,True,0.000704861362464726,0.0007134258517737688,0.001785762096415692,0.00015681870868094146,0.0008359045444974653,1.0,0.062447151615905756,0.0690012317279734,0.00044427301658236007,0.023827384224040914,0.0024579985435182264,0.01447283705369407,0.006982839897537739,0.0009460130811411895,0.00016080752193200001,-0.005245137404274824,False
paper_poly3,softplus,4,1,3,0,True,9.462606976740062e-05,0.0007134258517737688,0.0008774665781612553,0.0008307491877904598,0.0007412989909383054,0.945,0.11093690778489129,0.11465796599358917,0.06415966655900567,0.023911389229209098,0.0012962197561333948,0.01223451357171422,0.0028046838472555505,0.0007637937956799109,0.016982439576890697,-0.8773380401023972,False
paper_poly3,softplus,4,1,3,0,True,6.637213664362207e-05,0.0007134258517737688,0.0009001504758572641,7.459395616388466e-05,0.00011074814529707872,1.0,0.04558165422734825,0.048670770662682716,0.030384175661969746,0.023931382660084877,0.0013249997542650223,0.012602832635326067,0.00196162554444916,0.0007574709205673637,0.01856312315482558,-1.0313630438063472,False
paper_poly3,softplus,4,1,3,0,True,0.0007789511000737548,0.0007134258517737688,0.0018260929389089747,0.001321630454422337,0.002005434466865368,0.94,0.14158805025911467,0.14454262490431002,0.0783655677350048,0.02382588316403167,0.002537556646997755,0.015122191554015584,0.007846776304068728,0.0009424333198855306,0.0011996626568690355,0.03816135255585882,False
paper_poly3,softplus,4,1,3,0,True,0.00015276100020855665,0.0007134258517737688,0.0010836758685655683,0.0003463258610588034,0.00021827734984070557,0.945,0.1363015560475862,0.139807882225577,0.1159180206274871,0.023920314733434027,0.0015628724447275168,0.012076699389860696,0.0040689613012874085,0.0009702395533850517,0.014350380685349657,-0.6693363491572242,False
paper_poly3,softplus,4,1,3,0,True,0.0007616870570927858,0.0007134258517737688,0.0018184441936938522,0.0008261015267724529,0.0014757670350521038,0.97,0.07338147803413433,0.06677310646923897,0.002418945121381021,0.023831809367222033,0.0025127650845889705,0.014898659002745033,0.00740336042114193,0.0009359348360875177,0.0008886457464360766,0.028427733513639815,False
paper_poly3,softplus,4,1,3,0,True,0.0007133702747523785,0.0007134258517737688,0.0017508324065406806,0.00035104723046247067,0.0010382586981223434,0.99,0.06248877180111227,0.0650594889601652,0.06802319978619686,0.0238343511162942,0.0024181252652995945,0.014487273601816463,0.006232063783140854,0.0009473001054526984,1.0403975212076866e-06,-3.383355655920854e-05,False
paper_poly3,softplus,4,1,3,0,True,0.00012527754006441683,0.0007134258517737688,0.0009053507719228307,0.0013226159314831765,0.0011745712912621963,0.89,0.11561901273867857,0.14252073504631746,0.0004830071076192226,0.023933785708576148,0.0013279644127104529,0.012693285599821186,0.0034994593732443555,0.0008537640860373504,0.01551728781794036,-0.7554756253873799,False
paper_poly3,softplus,4,1,3,0,True,7.494213787140325e-05,0.0007134258517737688,0.0008972407885964448,0.00011261804681139016,0.00015248211144114508,1.0,0.03763527750364927,0.042617203448879655,0.12133495270415028,0.023925764752872995,0.0013263740961420708,0.012268633725117658,0.002603903535300864,0.000724092810251854,0.018053120070734563,-0.9786227643917255,False
paper_poly3,softplus,4,1,3,0,True,0.0007301705190911889,0.0007134258517737688,0.0017768567920279006,0.000612729594936623,0.0012596843800167614,0.985,0.07185806425502717,0.07242675752517835,0.26506397289086575,0.023835128214018328,0.0024507284691477147,0.01475720780672915,0.007106779183771727,0.0009323106238948592,0.00031163479286335297,0.010075451737217708,False
paper_poly3,softplus,4,1,3,0,True,5.9880068874917924e-05,0.0007134258517737688,0.0009074875954486768,5.915004248064643e-05,0.00010360916140470643,1.0,0.04772293221195173,0.05040942222910562,0.004011476969691541,0.023922540714775863,0.0013430876331713426,0.012044710843112278,0.0019784367192633642,0.0007500915423354566,0.018971811493280935,-1.0760665512246574,False
paper_poly3,softplus,4,1,3,0,True,7.355220441240817e-05,0.0007134258517737688,0.0009054163749961866,0.00019237090403841092,0.00021386054485367158,0.99,0.06080638783712627,0.06289650097815502,0.0028749530530942495,0.02392812883726707,0.0013347170048644765,0.01242278312358347,0.0022717676879816682,0.0007772773940091339,0.018133774609978837,-0.9867531490514937,False
paper_poly3,softplus,4,1,3,0,True,8.844091644277796e-05,0.0007134258517737688,0.0008910276704038896,0.00048813929108479105,0.0004457737879409796,0.965,0.09250442253968019,0.09450920845387065,0.09542157794172892,0.023921691451720996,0.0013144414280380928,0.0124262599884288,0.002515728500081023,0.0007615036801624515,0.01730572971126568,-0.9066956082499164,False
paper_poly3,softplus,4,1,3,0,True,0.0007067534606903791,0.0007134258517737688,0.0017850173744422826,0.00046699031826192243,0.0012085635574665182,0.895,0.24970794178100053,0.23343514415111194,0.0032203140767492456,0.023830528347819895,0.002455251974049887,0.015498286147263068,0.006520749285356788,0.000951314540531308,0.00012519762857575098,-0.004080898693755501,False
paper_poly3,softplus,4,1,3,0,True,0.00074288115138188,0.0007134258517737688,0.0017810279552263452,0.0007732034806990326,0.0014157267409102064,0.975,0.07718305212271143,0.07962660867117213,0.007324111043469892,0.023834470510342896,0.0024618994124431404,0.014753352288340255,0.007037162998925005,0.0009378936595145843,0.0005458133947786291,0.01757049700228663,False
paper_poly3,softplus,4,1,3,0,True,0.0006978388992138207,0.0007134258517737688,0.0017532774780801153,0.0001660982839719605,0.0008755665837833766,0.98,0.07629450236798363,0.07885463498168549,0.027978953384769245,0.023826916507566246,0.0024099463991400214,0.01484935871098363,0.0065273096778956045,0.000934024994762841,0.00029339221848968464,-0.009593668024929582,False
paper_poly3,softplus,4,1,3,0,True,9.787735325517133e-05,0.0007134258517737688,0.0009940675205506698,0.00010428195631440375,0.00014785376035957064,0.985,0.06647662407628467,0.07153080321965125,0.05905887000634537,0.02391844056543106,0.0014646846365564885,0.013414879518480567,0.0024709520651860595,0.0007654585015987304,0.016816734391251035,-0.8626666255384926,False
paper_poly3,softplus,4,1,3,0,True,0.00015424519369844347,0.0007134258517737688,0.0010786462203859672,0.00023538027242484455,0.0001952455012735584,0.985,0.0730638629929082,0.08929987552800855,0.015341627776383511,0.023924598712846894,0.0015632233137963512,0.013268779687531804,0.004492810577885677,0.0007655498167068548,0.014290483939998202,-0.6651372021877019,False
paper_poly3,softplus,4,1,3,0,True,0.00010882574133574963,0.0007134258517737688,0.000909797394216396,0.00027170875495229643,0.00023048050797732256,0.96,0.07219911709152722,0.08993037452354216,0.3703779276783189,0.02392383873281067,0.0013348474234092743,0.01252922151386877,0.0036910745808663445,0.0007582904424947025,0.016278075098146213,-0.8166172081151445,False
paper_poly3,softplus,4,1,3,0,True,0.0007737675332464278,0.0007134258517737688,0.0018045761617464624,0.0012679741819446025,0.0019724317190781926,0.72,0.042318500800273474,0.0431046201904228,0.0001381012599030287,0.023834985658663946,0.0024997347556187156,0.015256519116805992,0.008113652610362433,0.0009331700958211343,0.0011066444578330184,0.035261660641997226,False
paper_poly3,softplus,4,1,3,0,True,0.0007086948025971651,0.0007134258517737688,0.001749639467916996,0.00038314272515163514,0.001050204404105047,0.995,0.06934620226749436,0.07292446392661664,0.0028265584083577424,0.023833352902717472,0.0024106222921623796,0.014636865325419957,0.006492103639102691,0.0009370759507365187,8.871046246138048e-05,-0.002889594669244216,False
paper_poly3,softplus,4,1,3,0,True,0.00010775876580737531,0.0007134258517737688,0.0009183537764128067,0.0008460218588371561,0.0007323353318665181,0.94,0.11911179762407975,0.12862035406287745,0.09878040040346797,0.02393085729269879,0.001355578878012356,0.012757746663130513,0.003079258568054404,0.000778658429819874,0.01632934082094012,-0.8208962337858885,False
paper_poly3,softplus,4,1,3,0,True,0.0007463647634722292,0.0007134258517737688,0.0017913047856232948,0.0007848831585334681,0.0014287112026078767,0.97,0.0888663849117376,0.09502284170828174,0.8947167464551113,0.02383284505540806,0.002475567179446795,0.014952074184059418,0.007024883433614854,0.0009374613021388785,0.0006096444287803857,0.019602285375557044,False
paper_poly3,softplus,4,1,3,0,True,0.00025015141000039876,0.0007134258517737688,0.001183480110716891,0.01055043283034132,0.008150662972276403,0.81,0.2514078830079665,0.33501681985764,0.01058476325844698,0.023918684157455135,0.0017008904560389332,0.013436249144123053,0.005176917053011718,0.0011129032396707953,0.010893857211722837,-0.4551458872624016,False
paper_poly3,softplus,4,1,3,0,True,0.000741667696274817,0.0007134258517737688,0.0017919782129135339,0.00033226471479951144,0.0009922744958675812,0.985,0.08562093775344054,0.09359883022189913,0.051030865123213476,0.023827260947633624,0.0024761939164813693,0.014513207033728857,0.007511714898012972,0.0009468952089636408,0.0005235438414554761,0.016860521072247742,False
paper_poly3,softplus,4,1,3,0,True,8.078925020527095e-05,0.0007134258517737688,0.0009713103705250249,3.0191189865167238e-05,9.504287170889817e-05,1.0,0.03510200858161677,0.037122753492569556,0.17866615739372202,0.02392668542292601,0.0014252046736097687,0.01303464103691767,0.00213084484744833,0.0007647831867771816,0.01772174874012577,-0.9459952649095589,False
paper_poly3,softplus,4,1,3,0,True,5.6878707255236804e-05,0.0007134258517737688,0.0008389853053481322,0.0001794047623540207,0.00019133794284033543,0.985,0.0652700807816286,0.06385652853883607,2.043925860008076e-05,0.023928255176127414,0.001240970135318989,0.011636128568850643,0.0015380794278437191,0.0007569384322147172,0.019168235443327394,-1.0983991252808658,False
paper_poly3,softplus,4,1,3,0,True,0.0006919741863384843,0.0007134258517737688,0.0018025447433379627,9.334095318061478e-05,0.0007881655373100603,1.0,0.04632586549303637,0.04989023754867444,0.0031841630283832778,0.02382885447614174,0.002478203278745111,0.014785215898843792,0.005974764663831569,0.0009749087094431249,0.00040463056517983653,-0.013258948751110392,False
paper_poly3,softplus,4,1,3,0,True,0.0001312362146563828,0.0007134258517737688,0.0009724659473729555,0.000647453965101277,0.0005470399365225492,0.935,0.1316062980356264,0.13896767817013617,0.003741873773132084,0.023923129701011597,0.001421564639823283,0.01225454074570091,0.0034719274538096,0.0008808914013836816,0.015254195212579352,-0.7352951472113857,False
paper_poly3,softplus,4,1,3,0,True,9.367646998725832e-05,0.0007134258517737688,0.0009009941919340062,0.0009817471850223942,0.0008949031299716246,0.935,0.11403722537172127,0.11628746069403724,0.03603833973523904,0.023905447603135475,0.0013408112284043032,0.012779551840304462,0.002446346690179521,0.0007758601372218712,0.017031372245284754,-0.8817183255848111,False
paper_poly3,softplus,4,1,3,0,True,0.0006811171188019216,0.0007134258517737688,0.0017617446246780241,0.0002804496638783078,0.0009587613587284006,0.9,0.18818776337052873,0.17975082044830723,0.005164832216106181,0.02383760788696774,0.002431799044406977,0.015587057460217903,0.0058525943106143155,0.0009288766121328332,0.0006118121864027853,-0.020127046702774327,False
paper_poly3,softplus,4,1,3,0,True,6.45509862806648e-05,0.0007134258517737688,0.0008210602658847893,0.00025163834219518017,0.0002506316181421358,0.92,0.10069944873160443,0.10657922497302731,0.16462903326220124,0.02392912161304152,0.0012146960213975416,0.011234224195073712,0.0022296924603912517,0.0007157200355408135,0.01867566995021662,-1.0434459601478616,False
paper_poly3,softplus,4,1,3,0,True,6.849186320323497e-05,0.0007134258517737688,0.0008871713848328948,7.534913946655628e-05,0.00010600799670792499,1.0,0.03922681834704865,0.04592562383023166,0.05621486104762412,0.023930620793186527,0.0013048058600999611,0.012384891677055778,0.00247483005516481,0.0007527843600377231,0.01843405169029477,-1.0177098618233602,False
paper_poly3,softplus,4,1,3,0,True,5.270417022984475e-05,0.0007134258517737688,0.0008383528728751867,8.24280252652874e-05,0.00011051180260358197,1.0,0.04406230421737809,0.05100876726011781,0.0058044057771979045,0.02393602218136433,0.001239802261729056,0.011810960906291698,0.0016536345344933786,0.0007609038880269681,0.01945026900635883,-1.1315038622027391,False
paper_poly3,softplus,4,1,3,0,True,0.0007516066543757915,0.0007134258517737688,0.0017953512150029657,0.0007923891500174004,0.0014350801732460716,0.97,0.08146223400405249,0.08208622901347179,0.004575962637475016,0.023828489930956095,0.002481736286571954,0.014880904045546662,0.007190517440922715,0.0009371735332370962,0.0007054127515453909,0.022641774059158716,False
paper_poly3,softplus,4,1,3,0,True,6.9545152655337e-05,0.0007134258517737688,0.0008849094428205363,0.0001270319702465074,0.00015172623302694895,0.995,0.061450341592821166,0.06439493701994611,0.003102312371104793,0.023925377815140737,0.0013059491787652951,0.011970449322455966,0.0022226947199074005,0.0007416667870123368,0.018370659155579394,-1.0110819776669306,False
paper_poly3,softplus,4,1,3,0,True,0.00023000926012173295,0.0007134258517737688,0.0010800264960561018,0.0008773976503443177,0.0007188188148710714,0.875,0.16649278403397216,0.1679924808282078,0.16668289420608787,0.023892803269050834,0.0015702501962011884,0.014007043028017101,0.004863751722030917,0.0007394452661532075,0.011543976610247432,-0.491603521458769,False
paper_poly3,softplus,4,1,3,0,True,0.0007658507092855871,0.0007134258517737688,0.0018220712910526615,0.0009334360974590337,0.0015632135000787828,0.965,0.08188493459585808,0.08425808645356717,0.5240698354053411,0.02382936932255479,0.0025204794991933767,0.015137905063073668,0.007553980373230479,0.0009420547253548137,0.0009639750359360447,0.030795276483650554,False
paper_poly3,softplus,4,1,3,0,True,0.00010856346489163116,0.0007134258517737688,0.0009227913784723108,0.0009450997341023451,0.0008202950456423293,0.925,0.1141347322547066,0.12094429579941723,0.017943961696600372,0.023916874763131195,0.001359379173617069,0.01250038507135491,0.0034501517742932344,0.0007910369669329683,0.01629065349751954,-0.817665146691834,False
paper_poly3,softplus,4,1,3,0,True,0.00014612711674999446,0.0007134258517737688,0.001044344765646427,0.00024023710170233365,0.00023594631929564405,0.985,0.06593036750913177,0.08207567353766018,0.07713884653274189,0.02391878921151755,0.0015207779179761715,0.012367037323765165,0.004141568319105172,0.0008140101199905632,0.014621727834765159,-0.6886180271633326,False
paper_poly3,softplus,4,1,3,0,True,7.509166607633233e-05,0.0007134258517737688,0.0008499666155864008,0.0005173001420032084,0.0004649547222198458,0.96,0.08686037218159545,0.09464266791518153,0.09143021243027825,0.023925091891087553,0.00126051920467463,0.012079850235559346,0.002297124698837155,0.0008020807247454537,0.018044488027328325,-0.9777571021998501,False
paper_poly3,softplus,4,1,3,0,True,0.0007734993123449385,0.0007134258517737688,0.0017930000738741838,0.0012415143105872547,0.0018499161481666093,0.955,0.09692925667335944,0.09996107264951795,0.0006012908509590653,0.02381921903238926,0.0024839191419967037,0.015139657607459124,0.007198505993124175,0.0009347285917286508,0.001101822815274621,0.03511108951207652,False
paper_poly3,softplus,4,1,3,0,True,8.497489034198225e-05,0.0007134258517737688,0.0008900772704281363,0.0003111091624326588,0.0003065683359499462,0.99,0.070379603864105,0.07055178583423517,0.011496492900180266,0.02392854655135203,0.0013100921472252542,0.012167413900919289,0.0024708360957357684,0.0007462159622013989,0.017491850198143394,-0.9240582296186779,False
paper_poly3,softplus,4,1,3,0,True,0.0007017823518253863,0.0007134258517737688,0.0018936974894734257,1.3367024147606333e-05,0.0007097553641607259,1.0,0.026684577848192177,0.029844004646519914,0.037860097927126614,0.023815426033094722,0.0025955209233697214,0.01587078644210041,0.005198723687450569,0.0010345292936203955,0.00021885781236706883,-0.0071463998951954676,False
paper_poly3,softplus,4,1,3,0,True,0.0001590483298059553,0.0007134258517737688,0.001071103847185769,0.0002286788085824413,0.0002201650183695188,0.985,0.04907016190905887,0.059361602500358206,0.0008928490518165496,0.023921259617846677,0.0015515711920862576,0.012603530434049113,0.004496891990130967,0.0007916055457179998,0.014098596323674982,-0.6518197295619383,False
paper_poly3,softplus,4,1,3,0,False,8.137148688547313e-05,0.002982945129673862,0.002723566567351,0.00014183010168319823,0.00017070169658675273,0.995,0.061752790804213004,0.06307792476861482,0.003668894699349615,0.023927892269230304,0.003923372084338875,0.009739299652392959,0.01609486929040955,0.002723754090934955,0.045595730343425844,-1.5641730128794282,False
paper_poly3,softplus,4,1,3,0,False,0.00066832808079198,0.002982945129673862,0.002523985753701306,0.018402602972591074,0.018879230453139436,0.735,0.20063909106897596,0.19920586434910587,0.003065973015909447,0.02382848053876542,0.003845859469913667,0.006403454306135557,0.01589651806718264,0.002523608474175099,0.02876430279385398,-0.6496555556952687,False
paper_poly3,softplus,4,1,3,0,False,7.766750059090555e-05,0.002982945129673862,0.002739858206000942,0.0005513861860344201,0.0005184374990073165,0.965,0.10572416549347545,0.10991694575652804,0.10430629938869623,0.02391618058343293,0.003945740696243716,0.006357860087817382,0.01660531718834544,0.002738517242293606,0.045803428204514156,-1.584405935329215,False
paper_poly3,softplus,4,1,3,0,False,0.0007164372364059091,0.002982945129673862,0.0024845451279659316,0.0004117561340878139,0.001084010020979177,0.995,0.06397293959831976,0.06816866917509828,0.005220824383349503,0.02383278648751447,0.003788147584372284,0.008294158732540958,0.012235700168383854,0.0024846107143517426,0.02784999967542214,-0.6194671147617525,False
paper_poly3,softplus,4,1,3,0,False,7.607801671838388e-05,0.002982945129673862,0.0027761160822642058,9.101488404429056e-05,0.00012285642159968284,0.975,0.08196203023176991,0.09419443424384223,8.817672835040452e-05,0.0239449123817115,0.003999194731761633,0.010444025044643895,0.016227341649812425,0.002776611864282283,0.04589407358983549,-1.5933860822943897,False
paper_poly3,softplus,4,1,3,0,False,0.000704861362464726,0.002982945129673862,0.0024321585748031515,0.00015681870868094146,0.0008359045444974653,1.0,0.062447151615905756,0.0690012317279734,0.00044427301658236007,0.023827384224040914,0.003699072754478144,0.00854838544356809,0.01168198651777773,0.0024318590670762046,0.028067119624337715,-0.6265415597033308,False
paper_poly3,softplus,4,1,3,0,False,9.462606976740062e-05,0.002982945129673862,0.0026922839466931984,0.0008307491877904598,0.0007412989909383054,0.945,0.11093690778489129,0.11465796599358917,0.06415966655900567,0.023911389229209098,0.00389565386481724,0.006358355926350628,0.015818738583231632,0.0026923877209461267,0.044888751679296415,-1.4986344624014531,False
paper_poly3,softplus,4,1,3,0,False,6.637213664362207e-05,0.002982945129673862,0.002763350184787307,7.459395616388466e-05,0.00011074814529707872,1.0,0.04558165422734825,0.048670770662682716,0.030384175661969746,0.023931382660084877,0.003965426514896964,0.01167832395129873,0.01669294754977965,0.0027632844079198866,0.046469435257231295,-1.6526594661054033,False
paper_poly3,softplus,4,1,3,0,False,0.0007789511000737548,0.002982945129673862,0.002472570817222387,0.001321630454422337,0.002005434466865368,0.94,0.14158805025911467,0.14454262490431002,0.0783655677350048,0.02382588316403167,0.00379011840505994,0.0059431592974741355,0.010772737622469863,0.002472699947335459,0.02670664944553668,-0.5831350697431972,False
paper_poly3,softplus,4,1,3,0,False,0.00015276100020855665,0.002982945129673862,0.002647909680375965,0.0003463258610588034,0.00021827734984070557,0.945,0.1363015560475862,0.139807882225577,0.1159180206274871,0.023920314733434027,0.0038581472660215136,0.008015355728509822,0.014571858138162771,0.002648913881325287,0.04225669278775537,-1.29063277145628,False
paper_poly3,softplus,4,1,3,0,False,0.0007616870570927858,0.002982945129673862,0.002470610487987598,0.0008261015267724529,0.0014757670350521038,0.97,0.07338147803413433,0.06677310646923897,0.002418945121381021,0.023831809367222033,0.003778098368078954,0.007181022316551206,0.011233823708195752,0.002469946493295377,0.02701766635596964,-0.5928686887854161,False
paper_poly3,softplus,4,1,3,0,False,0.0007133702747523785,0.002982945129673862,0.002503295320559805,0.00035104723046247067,0.0010382586981223434,0.99,0.06248877180111227,0.0650594889601652,0.06802319978619686,0.0238343511162942,0.003813588001758625,0.008725539668171153,0.012425608936764494,0.002503438139591454,0.027907352499926923,-0.6213302558556152,False
paper_poly3,softplus,4,1,3,0,False,0.00012527754006441683,0.002982945129673862,0.0026520044479902568,0.0013226159314831765,0.0011745712912621963,0.89,0.11561901273867857,0.14252073504631746,0.0004830071076192226,0.023933785708576148,0.0038311236914521474,0.009446421212592317,0.015115501454817545,0.002651664669888054,0.04342359992034608,-1.3767720476864358,False
paper_poly3,softplus,4,1,3,0,False,7.494213787140325e-05,0.002982945129673862,0.0027455125844142152,0.00011261804681139016,0.00015248211144114508,1.0,0.03763527750364927,0.042617203448879655,0.12133495270415028,0.023925764752872995,0.0039427761912822585,0.010574254888884676,0.016038643815022558,0.0027448507251738737,0.045959432173140274,-1.5999191866907814,False
paper_poly3,softplus,4,1,3,0,False,0.0007301705190911889,0.002982945129673862,0.002449426283275201,0.000612729594936623,0.0012596843800167614,0.985,0.07185806425502717,0.07242675752517835,0.26506397289086575,0.023835128214018328,0.0037380258335784114,0.007964833753535024,0.01154102287313074,0.002449709453677408,0.027594677309542362,-0.6112209705618382,False
paper_poly3,softplus,4,1,3,0,False,5.9880068874917924e-05,0.002982945129673862,0.0028064046783743803,5.915004248064643e-05,0.00010360916140470643,1.0,0.04772293221195173,0.05040942222910562,0.004011476969691541,0.023922540714775863,0.004022551441997014,0.009463876529104173,0.016676517653060427,0.0028066072561398476,0.046878123595686653,-1.6973629735237132,False
paper_poly3,softplus,4,1,3,0,False,7.355220441240817e-05,0.002982945129673862,0.002718702011967244,0.00019237090403841092,0.00021386054485367158,0.99,0.06080638783712627,0.06289650097815502,0.0028749530530942495,0.02392812883726707,0.003908186780090796,0.009840194044655732,0.016369278645984836,0.002718769779516467,0.046040086712384555,-1.6080495713505496,False
paper_poly3,softplus,4,1,3,0,False,8.844091644277796e-05,0.002982945129673862,0.0026839194290423267,0.00048813929108479105,0.0004457737879409796,0.965,0.09250442253968019,0.09450920845387065,0.09542157794172892,0.023921691451720996,0.0038692184269294924,0.007626014404713454,0.016115349602271907,0.0026838244579191527,0.045212041813671396,-1.5279920305489723,False
paper_poly3,softplus,4,1,3,0,False,0.0007067534606903791,0.002982945129673862,0.0024865740839260238,0.00046699031826192243,0.0012085635574665182,0.895,0.24970794178100053,0.23343514415111194,0.0032203140767492456,0.023830528347819895,0.003794103036393032,0.01105732741319496,0.012142163687801572,0.0024873983438153096,0.028031509730981466,-0.6253773209928114,False
paper_poly3,softplus,4,1,3,0,False,0.00074288115138188,0.002982945129673862,0.002475135973564915,0.0007732034806990326,0.0014157267409102064,0.975,0.07718305212271143,0.07962660867117213,0.007324111043469892,0.023834470510342896,0.003782804729861207,0.007332161549926336,0.011604806027474185,0.0024751540872042337,0.027360498707627086,-0.6037259252967693,False
paper_poly3,softplus,4,1,3,0,False,0.0006978388992138207,0.002982945129673862,0.002434411744295619,0.0001660982839719605,0.0008755665837833766,0.98,0.07629450236798363,0.07885463498168549,0.027978953384769245,0.023826916507566246,0.0037041537370416035,0.010375463535612285,0.012139257428417323,0.0024344296706026985,0.0281997043208954,-0.6308900903239856,False
paper_poly3,softplus,4,1,3,0,False,9.787735325517133e-05,0.002982945129673862,0.002770571437385012,0.00010428195631440375,0.00014785376035957064,0.985,0.06647662407628467,0.07153080321965125,0.05905887000634537,0.02391844056543106,0.003991827023646901,0.008581420967029848,0.01618158053697622,0.0027711195583829057,0.04472304649365675,-1.4839630478375485,False
paper_poly3,softplus,4,1,3,0,False,0.00015424519369844347,0.002982945129673862,0.002661468426527993,0.00023538027242484455,0.0001952455012735584,0.985,0.0730638629929082,0.08929987552800855,0.015341627776383511,0.023924598712846894,0.0038936043603991213,0.009931069522212312,0.014139053165802228,0.0026605431348765917,0.042196796042403915,-1.2864336244867578,False
paper_poly3,softplus,4,1,3,0,False,0.00010882574133574963,0.002982945129673862,0.0026781575236240023,0.00027170875495229643,0.00023048050797732256,0.96,0.07219911709152722,0.08993037452354216,0.3703779276783189,0.02392383873281067,0.0038739507540360325,0.00954336866710893,0.014931250881958485,0.0026783852802536963,0.04418438720055193,-1.4379136304142004,False
paper_poly3,softplus,4,1,3,0,False,0.0007737675332464278,0.002982945129673862,0.0024299363575974336,0.0012679741819446025,0.0019724317190781926,0.72,0.042318500800273474,0.0431046201904228,0.0001381012599030287,0.023834985658663946,0.003725861561658582,0.005712449915522122,0.010505587061525034,0.0024304860869813023,0.026799667644572697,-0.5860347616570587,False
paper_poly3,softplus,4,1,3,0,False,0.0007086948025971651,0.002982945129673862,0.0024667708234970397,0.00038314272515163514,0.001050204404105047,0.995,0.06934620226749436,0.07292446392661664,0.0028265584083577424,0.023833352902717472,0.0037608570481089225,0.008654674022758723,0.012166896494327275,0.0024667950879173925,0.027995022564867095,-0.6241860169683001,False
paper_poly3,softplus,4,1,3,0,False,0.00010775876580737531,0.002982945129673862,0.002663468260861761,0.0008460218588371561,0.0007323353318665181,0.94,0.11911179762407975,0.12862035406287745,0.09878040040346797,0.02393085729269879,0.0038570860981183086,0.00579053542170248,0.015538753760166413,0.002663423326868054,0.04423565292334583,-1.4421926560849445,False
paper_poly3,softplus,4,1,3,0,False,0.0007463647634722292,0.002982945129673862,0.0024709929436371094,0.0007848831585334681,0.0014287112026078767,0.97,0.0888663849117376,0.09502284170828174,0.8947167464551113,0.02383284505540806,0.0037779453742892307,0.007073654363675357,0.011617733927104822,0.002471646249970037,0.02729666767362533,-0.6016941369234989,False
paper_poly3,softplus,4,1,3,0,False,0.00025015141000039876,0.002982945129673862,0.00266474860644339,0.01055043283034132,0.008150662972276403,0.81,0.2514078830079665,0.33501681985764,0.01058476325844698,0.023918684157455135,0.0039202473817222016,0.009694738744897721,0.013437129669752863,0.002665432783037389,0.03880016931412855,-1.0764423095614575,False
paper_poly3,softplus,4,1,3,0,False,0.000741667696274817,0.002982945129673862,0.0024422397481783415,0.00033226471479951144,0.0009922744958675812,0.985,0.08562093775344054,0.09359883022189913,0.051030865123213476,0.023827260947633624,0.003730825398877504,0.006839430607126719,0.011129651101392357,0.0024415898802951862,0.02738276826095024,-0.6044359012268082,False
paper_poly3,softplus,4,1,3,0,False,8.078925020527095e-05,0.002982945129673862,0.002755268151492702,3.0191189865167238e-05,9.504287170889817e-05,1.0,0.03510200858161677,0.037122753492569556,0.17866615739372202,0.02392668542292601,0.003956721771444106,0.012178160000165273,0.016532751193525947,0.002755340008490663,0.04562806084253149,-1.567291687208615,False
paper_poly3,softplus,4,1,3,0,False,5.6878707255236804e-05,0.002982945129673862,0.0027621097431644176,0.0001794047623540207,0.00019133794284033543,0.985,0.0652700807816286,0.06385652853883607,2.043925860008076e-05,0.023928255176127414,0.003950758561798542,0.010909375154325798,0.017109973038969595,0.0027624752537077735,0.04707454754573311,-1.7196955475799218,False
paper_poly3,softplus,4,1,3,0,False,0.0006919741863384843,0.002982945129673862,0.0025105247584223745,9.334095318061478e-05,0.0007881655373100603,1.0,0.04632586549303637,0.04989023754867444,0.0031841630283832778,0.02382885447614174,0.0038142850811233465,0.009483193272048152,0.01271002743213451,0.0025105703469805157,0.02831094266758555,-0.6345553710501664,False
paper_poly3,softplus,4,1,3,0,False,0.0001312362146563828,0.002982945129673862,0.0026578372868329213,0.000647453965101277,0.0005470399365225492,0.935,0.1316062980356264,0.13896767817013617,0.003741873773132084,0.023923129701011597,0.003864509429841596,0.006846676281269462,0.015145698731070413,0.002658662602446058,0.04316050731498507,-1.3565915695104416,False
paper_poly3,softplus,4,1,3,0,False,9.367646998725832e-05,0.002982945129673862,0.002718377484768273,0.0009817471850223942,0.0008949031299716246,0.935,0.11403722537172127,0.11628746069403724,0.03603833973523904,0.023905447603135475,0.0039249094217288175,0.005563828598807979,0.01617277278232906,0.002718213306998178,0.044937684347690465,-1.503014747883867,False
paper_poly3,softplus,4,1,3,0,False,0.0006811171188019216,0.002982945129673862,0.0024618063689711865,0.0002804496638783078,0.0009587613587284006,0.9,0.18818776337052873,0.17975082044830723,0.005164832216106181,0.02383760788696774,0.003746264006880019,0.010659015513571202,0.012819551511341272,0.002462987218324344,0.0285181242888085,-0.6414234690018302,False
paper_poly3,softplus,4,1,3,0,False,6.45509862806648e-05,0.002982945129673862,0.002716437291455058,0.00025163834219518017,0.0002506316181421358,0.92,0.10069944873160443,0.10657922497302731,0.16462903326220124,0.02392912161304152,0.003891306915030926,0.010115077817184688,0.016407923514440398,0.0027158996855912144,0.04658198205262233,-1.6647423824469176,False
paper_poly3,softplus,4,1,3,0,False,6.849186320323497e-05,0.002982945129673862,0.0027564101331455774,7.534913946655628e-05,0.00010600799670792499,1.0,0.03922681834704865,0.04592562383023166,0.05621486104762412,0.023930620793186527,0.003966590665022651,0.012026814421569918,0.016170062167865182,0.002756871793216078,0.046340363792700484,-1.6390062841224162,False
paper_poly3,softplus,4,1,3,0,False,5.270417022984475e-05,0.002982945129673862,0.00275535993671964,8.24280252652874e-05,0.00011051180260358197,1.0,0.04406230421737809,0.05100876726011781,0.0058044057771979045,0.02393602218136433,0.003932013285777826,0.012745611750983384,0.01699532199198502,0.0027553978893450964,0.04735658110876454,-1.752800284501795,False
paper_poly3,softplus,4,1,3,0,False,0.0007516066543757915,0.002982945129673862,0.002466810686726396,0.0007923891500174004,0.0014350801732460716,0.97,0.08146223400405249,0.08208622901347179,0.004575962637475016,0.023828489930956095,0.0037710749838802977,0.007089165901927716,0.01144987574537092,0.0024664860831498385,0.027200899350860324,-0.5986546482398972,False
paper_poly3,softplus,4,1,3,0,False,6.9545152655337e-05,0.002982945129673862,0.0027706079369428484,0.0001270319702465074,0.00015172623302694895,0.995,0.061450341592821166,0.06439493701994611,0.003102312371104793,0.023925377815140737,0.003986787088714089,0.008603340305388844,0.01642196302864646,0.0027703164839622983,0.046276971257985106,-1.6323783999659867,False
paper_poly3,softplus,4,1,3,0,False,0.00023000926012173295,0.002982945129673862,0.0025867454769160584,0.0008773976503443177,0.0007188188148710714,0.875,0.16649278403397216,0.1679924808282078,0.16668289420608787,0.023892803269050834,0.0038092485521487346,0.005777680565344183,0.013744269930258108,0.0025870794068293974,0.039450288712653145,-1.112899943757825,False
paper_poly3,softplus,4,1,3,0,False,0.0007658507092855871,0.002982945129673862,0.002468041794688927,0.0009334360974590337,0.0015632135000787828,0.965,0.08188493459585808,0.08425808645356717,0.5240698354053411,0.02382936932255479,0.0037777102528765124,0.006687664948921698,0.011080028040833032,0.0024679258198528646,0.02694233706646967,-0.5905011458154054,False
paper_poly3,softplus,4,1,3,0,False,0.00010856346489163116,0.002982945129673862,0.0026654481720824338,0.0009450997341023451,0.0008202950456423293,0.925,0.1141347322547066,0.12094429579941723,0.017943961696600372,0.023916874763131195,0.003870917060230141,0.005945137852539105,0.015168025700204408,0.0026668584565652733,0.04419696559992525,-1.43896156899089,False
paper_poly3,softplus,4,1,3,0,False,0.00014612711674999446,0.002982945129673862,0.0026892014523743468,0.00024023710170233365,0.00023594631929564405,0.985,0.06593036750913177,0.08207567353766018,0.07713884653274189,0.02391878921151755,0.00392637057273049,0.008143711293629553,0.01448449496657121,0.002688796402550543,0.04252803993717087,-1.3099144494623887,False
paper_poly3,softplus,4,1,3,0,False,7.509166607633233e-05,0.002982945129673862,0.0027204389964698883,0.0005173001420032084,0.0004649547222198458,0.96,0.08686037218159545,0.09464266791518153,0.09143021243027825,0.023925091891087553,0.0039208287856712775,0.006107593280783349,0.016329164655518567,0.002722080134624735,0.04595080012973404,-1.5990535244989061,False
paper_poly3,softplus,4,1,3,0,False,0.0007734993123449385,0.002982945129673862,0.0024850480784100477,0.0012415143105872547,0.0018499161481666093,0.955,0.09692925667335944,0.09996107264951795,0.0006012908509590653,0.02381921903238926,0.0038108118106958927,0.006321297538490098,0.011429792256697328,0.002484591963118861,0.026804489287131094,-0.5861853327869794,False
paper_poly3,softplus,4,1,3,0,False,8.497489034198225e-05,0.002982945129673862,0.002687518574481819,0.0003111091624326588,0.0003065683359499462,0.99,0.070379603864105,0.07055178583423517,0.011496492900180266,0.02392854655135203,0.0038691815060048172,0.00914846514334391,0.016166690083979723,0.0026877089418305554,0.045398162300549105,-1.5453546519177337,False
paper_poly3,softplus,4,1,3,0,False,0.0007017823518253863,0.002982945129673862,0.0025700163457536896,1.3367024147606333e-05,0.0007097553641607259,1.0,0.026684577848192177,0.029844004646519914,0.037860097927126614,0.023815426033094722,0.0038866318472295844,0.012256660770762224,0.013519011332717913,0.002568888243279523,0.028125169914772784,-0.6284428221942514,False
paper_poly3,softplus,4,1,3,0,False,0.0001590483298059553,0.002982945129673862,0.0026655609764067944,0.0002286788085824413,0.0002201650183695188,0.985,0.04907016190905887,0.059361602500358206,0.0008928490518165496,0.023921259617846677,0.003899849276743134,0.009493374576227846,0.014132622650885275,0.0026660976491805224,0.0420049084260807,-1.2731161518609944,False
paper_poly3,softplus,"8,4",2,3,0,True,9.495137055637315e-05,5.453964524685896e-06,8.23061681416846e-05,,,,0.030468376630270386,0.029523248760158494,0.0466001993439245,0.02393031118889872,9.651109072224184e-05,0.004635601377370695,0.005875633601860881,1.254789818330223e-05,0.007408926928140833,1.2407889291080347,False
paper_poly3,softplus,"8,4",2,3,0,True,0.00015746959252282977,5.453964524685896e-06,0.00014136708502906017,,,,0.03390212897347576,0.04005772080748972,0.019147190358917668,0.023922664736726964,0.00016859559288156807,0.004323553433660651,0.0069381078555164665,2.6909346487480613e-05,0.010213316417124533,1.4604843949382473,False
paper_poly3,softplus,"8,4",2,3,0,True,0.0007438862230628729,5.453964524685896e-06,0.0007053073675397198,,,,0.039468080499056625,0.04245701893378269,0.3810408161409628,0.023827814093028456,0.0008880462895038703,0.008062636155045598,0.009664459769807048,7.136049290691367e-05,0.024938905222260256,2.1347942068069568,False
paper_poly3,softplus,"8,4",2,3,0,True,8.37763654999435e-05,5.453964524685896e-06,6.64242616844775e-05,,,,0.4012263363560465,0.3491604668189201,0.08353734210568188,0.023900370083164698,9.913613028522874e-05,0.029882943290286755,9.214338761614087e-05,7.879286459579855e-05,0.006817570537130748,1.1864092065347056,False
paper_poly3,softplus,"8,4",2,3,0,True,2.0033960026921704e-05,5.453964524685896e-06,1.581347932255618e-05,,,,0.05552659561431956,0.057215500006883566,0.00019441475959043,0.023927995859613055,2.1789426652603076e-05,0.003950242355227986,0.001669916275424398,2.7944134430868915e-05,0.0021405587315193593,0.5650544941596934,False
paper_poly3,softplus,"8,4",2,3,0,True,2.8705864679068327e-05,5.453964524685896e-06,3.2523633069306165e-05,,,,0.061320297142917105,0.0660825862527174,0.10800554100756828,0.023926913293368917,4.612450651997437e-05,0.007985276278543727,0.0023008175834145486,3.396142836487713e-05,0.00302241296722724,0.7212583244881763,False
paper_poly3,softplus,"8,4",2,3,0,True,4.841679765377194e-05,5.453964524685896e-06,3.838139914518849e-05,,,,0.06408448503210717,0.06650474287448643,0.006120976877918808,0.02393383883149428,4.362844319296872e-05,0.0033666079805870497,0.003089326495836959,1.31960580955621e-05,0.0046228455346052025,0.9482837525410925,False
paper_poly3,softplus,"8,4",2,3,0,True,7.517440826632082e-05,5.453964524685896e-06,6.292569663563882e-05,,,,0.1508466042704935,0.16406662594109817,0.02985439370421681,0.0239291197811506,7.359799777065982e-05,0.004808493518370234,0.004313028526460497,6.813753050322098e-06,0.0063349451970780325,1.1393577095004817,False
paper_poly3,softplus,"8,4",2,3,0,True,8.14454979263246e-05,5.453964524685896e-06,6.847325238070503e-05,,,,0.02598076455209864,0.028787522644196845,0.007065192783480499,0.023926329246899237,8.067651143760644e-05,0.003774410369118381,0.004824258230815715,2.7445154682973816e-05,0.00668934348760649,1.1741547740076907,False
paper_poly3,softplus,"8,4",2,3,0,True,8.962336869444698e-05,5.453964524685896e-06,8.52307429801418e-05,,,,0.05189543355394139,0.05153174782689984,0.23289235185940255,0.023911779053003814,0.00010740972500969891,0.007755145586016231,0.004778575287757267,5.811132882181147e-05,0.007131589497435425,1.2157089550655338,False
paper_poly3,softplus,"8,4",2,3,0,True,8.196071576094255e-05,5.453964524685896e-06,7.910433661527921e-05,,,,0.12404613842945196,0.11212009421958825,0.025955012296314438,0.023921183733199267,9.068080704841224e-05,0.0071270830983491025,0.006064052326173655,2.8588416085319622e-05,0.006717843309527875,1.1768934336827004,False
paper_poly3,softplus,"8,4",2,3,0,True,2.2859785531181842e-05,5.453964524685896e-06,1.8787617021126492e-05,,,,0.07065432200795208,0.0773511225769212,0.18572134557992526,0.023931051367507297,2.2054852332411805e-05,0.004380918745888427,0.002767309264279809,1.2214020258702461e-05,0.0024458183472957002,0.622359842813455,False
paper_poly3,softplus,"8,4",2,3,0,True,0.00010889583063544706,5.453964524685896e-06,9.703853135580898e-05,,,,0.05022184923268825,0.048102598788627035,0.06310830873421078,0.023925101189220643,0.00011064442586303584,0.004496110412430728,0.0063101486546015976,1.6015527878038537e-05,0.008099944049117425,1.300298943216356,False
paper_poly3,softplus,"8,4",2,3,0,True,0.00011287292727502063,5.453964524685896e-06,0.00010289730318055472,,,,0.08230454437571548,0.08049364457444655,0.08877386396116956,0.023926599040685344,0.00012385952765027927,0.0077836143126556075,0.005111567250654809,3.1239279977712316e-05,0.008288794673719868,1.315877479547364,False
paper_poly3,softplus,"8,4",2,3,0,True,0.0006798181566409767,5.453964524685896e-06,0.0006373414180071541,,,,0.12116181290189637,0.12851615333924793,0.16952639166966507,0.023860476859478272,0.0007839781372632078,0.004711597260859753,0.007665557237579169,1.54359965694136e-05,0.023737950240913887,2.0956804508295974,False
paper_poly3,softplus,"8,4",2,3,0,True,2.7298276108922437e-05,5.453964524685896e-06,2.1852369895153603e-05,,,,0.09097258056841842,0.09413756762814125,1.2479458781230842e-05,0.023933605277746205,2.659322310091177e-05,0.005464574858296865,0.002092370512132088,2.1071856122068703e-05,0.0028894027613789145,0.6994229133853536,False
paper_poly3,softplus,"8,4",2,3,0,True,6.505227065645158e-05,5.453964524685896e-06,5.279163089510895e-05,,,,0.06784002037665829,0.06639245065376505,0.2426085542264562,0.023931873964471363,5.8954589948850844e-05,0.0034987699704007212,0.004802328304307573,8.831889476386848e-06,0.005730126325827794,1.0765501515112348,False
paper_poly3,softplus,"8,4",2,3,0,True,8.16388419480063e-05,5.453964524685896e-06,6.825724524417446e-05,,,,0.08754286187540661,0.08966231683854048,0.019243011494677047,0.02392984479968659,7.873557273164553e-05,0.005774532727967657,0.0050593079549518406,7.1486181976580754e-06,0.006700049055163245,1.1751845268475987,False
paper_poly3,softplus,"8,4",2,3,0,True,5.3994841437088326e-05,5.453964524685896e-06,4.4587570725738105e-05,,,,0.12029770769645397,0.12282669704368977,0.08595585011432758,0.02393138314147457,5.3009633763926566e-05,0.003589462279628871,0.004090491609926659,7.27554773765516e-06,0.005012745764697946,0.9956399614022875,False
paper_poly3,softplus,"8,4",2,3,0,True,7.733108213869855e-05,5.453964524685896e-06,6.323774314434264e-05,,,,0.06904082675868786,0.06947809424835596,0.045057595145450345,0.023931992690311727,7.385391773349156e-05,0.003956769231329557,0.004053465755637124,1.1015871013412719e-05,0.006458436848094832,1.1516417788090336,False
paper_poly3,softplus,"8,4",2,3,0,True,0.00012242799857631326,5.453964524685896e-06,0.00011037446680816393,,,,0.1522376626928528,0.15850656453198408,0.08686492898786063,0.023911461437950105,0.00012860296540329253,0.005754417042718956,0.0046901442613922545,2.0586867568540895e-05,0.008729346180206298,1.3511684410622848,False
paper_poly3,softplus,"8,4",2,3,0,True,0.00013099599163979292,5.453964524685896e-06,0.00011010884504500798,,,,0.1162868448207165,0.11123981427861411,0.048205751332646776,0.023930852170720704,0.00013112495589562656,0.00325255768165438,0.005248239397825344,3.123045167511163e-05,0.00910997557537112,1.3805456980900845,False
paper_poly3,softplus,"8,4",2,3,0,True,4.355175042292103e-05,5.453964524685896e-06,3.628152724827411e-05,,,,0.09953134973979204,0.09265388515194778,0.2434920909704064,0.0239311952205016,4.65109540267551e-05,0.0060439934579539865,0.0026702213857783107,4.0816295726346565e-05,0.004264002542926601,0.9022933060220243,False
paper_poly3,softplus,"8,4",2,3,0,True,8.39886415633373e-05,5.453964524685896e-06,7.323893006249854e-05,,,,0.03921115504046965,0.0412319921809179,0.025662347552131613,0.023925468746698653,8.547828992993794e-05,0.003994992600360837,0.0050668419928424635,1.3008838880365991e-05,0.006829159255921428,1.1875082482691617,False
paper_poly3,softplus,"8,4",2,3,0,True,3.8093126931926236e-05,5.453964524685896e-06,2.843542172415726e-05,,,,0.06962296669808052,0.07202750187706095,0.28412497831694156,0.023934135800443353,3.303348332738606e-05,0.004229017230507825,0.0035935476596730288,1.7181694872862074e-05,0.0038365905128189084,0.8441343150972735,False
paper_poly3,softplus,"8,4",2,3,0,True,9.170048724627122e-05,5.453964524685896e-06,8.029173529826023e-05,,,,0.1414995180760774,0.14333145532979333,0.05393471047881215,0.02392911548983129,0.00010143802503896873,0.006018772776284135,0.0033824778631975153,2.9358745586031227e-05,0.007240664677326612,1.225659334533476,False
paper_poly3,softplus,"8,4",2,3,0,True,6.286168354563415e-05,5.453964524685896e-06,4.8598686955072916e-05,,,,0.12839570524088434,0.131059302490648,0.03946677148726427,0.023931076527224166,5.754196519275304e-05,0.003248574388234671,0.0033861123937885553,8.162827163976532e-06,0.005593163568375022,1.0616736992555726,False
paper_poly3,softplus,"8,4",2,3,0,True,3.342493073432706e-05,5.453964524685896e-06,2.2526530003792665e-05,,,,0.1111809407088657,0.11449921069745822,0.048296449818833895,0.02393402705801577,2.6051504081640258e-05,0.004177958198411805,0.0029683207246084422,2.3321860065184696e-05,0.0034460573579493422,0.7873582072108443,False
paper_poly3,softplus,"8,4",2,3,0,True,7.130331505322829e-05,5.453964524685896e-06,5.754650652617516e-05,,,,0.0689843787133762,0.06686954518979102,0.0015393378282816017,0.02393355468620567,6.771078176769595e-05,0.0029624660911792998,0.0036678657043574736,1.0045534524724766e-05,0.006108756569173439,1.1163974129129104,False
paper_poly3,softplus,"8,4",2,3,0,True,0.0001181181869469583,5.453964524685896e-06,0.00010231072699566319,,,,0.04482847819781327,0.05603719845320994,0.07024440242486761,0.02392366814530736,0.00012166433009819836,0.004332432854726496,0.006070165593839413,3.483736901920718e-05,0.008532846665385044,1.3356044634024653,False
paper_poly3,softplus,"8,4",2,3,0,True,8.262524352176115e-05,5.453964524685896e-06,6.67378266193956e-05,,,,0.08619834145840494,0.08295284863362798,0.020774679764611097,0.023933142978391525,7.701721231161233e-05,0.003207379120893388,0.004946977618045908,2.712106329308789e-06,0.006754470417106398,1.1804004437475184,False
paper_poly3,softplus,"8,4",2,3,0,True,7.524186366936192e-05,5.453964524685896e-06,6.31372741906371e-05,,,,0.06508805062513268,0.06520555676271704,0.0002163946825929556,0.023929584341343842,7.219108738240767e-05,0.004311629893288628,0.005058988635632012,5.91065309633063e-06,0.0063388343439495076,1.1397472353264078,False
paper_poly3,softplus,"8,4",2,3,0,True,9.045840124599636e-05,5.453964524685896e-06,7.673056073927926e-05,,,,0.11319487214843327,0.11343216855092582,0.057628011851873634,0.023929527133587942,9.312247343469024e-05,0.0057231193468797285,0.003453484744816279,3.5553373550933204e-05,0.007175589702427163,1.2197365990482145,False
paper_poly3,softplus,"8,4",2,3,0,True,1.4815072063356638e-05,5.453964524685896e-06,2.075547497655224e-05,,,,0.12794726319823885,0.12890303103114215,0.3806322250464429,0.023926959382381777,3.052642733596743e-05,0.006263189788990485,0.0002957174051600889,2.099896548673892e-05,0.0015136627524979839,0.43399145956680685,False
paper_poly3,softplus,"8,4",2,3,0,True,9.465693437959999e-05,5.453964524685896e-06,9.011061572295925e-05,,,,0.04655435151263253,0.04709448627701673,0.08740752696855153,0.023916072458520808,0.00010806992124512497,0.006408846971530968,0.005514920159736945,2.6381172184885785e-05,0.0073938070731843965,1.2394401262729298,False
paper_poly3,softplus,"8,4",2,3,0,True,4.472861473914236e-05,5.453964524685896e-06,3.803852312251743e-05,,,,0.101091651709206,0.10171950953328451,0.13625183311826047,0.02393036810289007,4.8780176724234534e-05,0.0060169637585636634,0.003034037336315317,1.738440124806146e-05,0.004352573020157473,0.9138731393825911,False
paper_poly3,softplus,"8,4",2,3,0,True,6.370756454998627e-05,5.453964524685896e-06,5.186438288893805e-05,,,,0.05994793453603672,0.06912434595686606,0.002051623390749052,0.023929099941921984,5.854021556079688e-05,0.0030201191717955976,0.0042563851067541,4.7212282313693735e-06,0.005646329398478799,1.0674786941898917,False
paper_poly3,softplus,"8,4",2,3,0,True,8.022051042644307e-05,5.453964524685896e-06,6.835353751537275e-05,,,,0.049990975619483805,0.04946429353702235,0.019352469654386376,0.023929977686078296,7.558402850229693e-05,0.0034825409055222354,0.005123812610496084,1.560652956644297e-05,0.006621217875336099,1.1675731122337953,False
paper_poly3,softplus,"8,4",2,3,0,True,8.20417917566374e-05,5.453964524685896e-06,7.277478532181469e-05,,,,0.03724800720445391,0.0385016386956509,0.0016006322231688604,0.023919296518582635,8.686301079035621e-05,0.0054517992527461446,0.00540159847598299,2.3466053796133115e-05,0.006722319948407747,1.1773228278541243,False
paper_poly3,softplus,"8,4",2,3,0,True,0.00010840737377293408,5.453964524685896e-06,9.410767443278697e-05,,,,0.06352535240494658,0.07276254361126602,0.03986874436113494,0.023928447398054227,0.00010740800794462755,0.004204481379521183,0.006142491402044923,1.427052293219711e-05,0.008076513717966182,1.2983465147844202,False
paper_poly3,softplus,"8,4",2,3,0,True,4.3896096030948684e-05,5.453964524685896e-06,3.41340075122335e-05,,,,0.3466858729245146,0.32404476716213493,0.11750277966074926,0.02392526139172641,4.119825022737318e-05,0.006075637457017471,0.004030973958627228,4.7564392533160606e-05,0.004290040435609231,0.9057135885435585,False
paper_poly3,softplus,"8,4",2,3,0,True,4.220050323056057e-05,5.453964524685896e-06,3.75123941787099e-05,,,,0.10525668014669606,0.1073724043711496,0.01665446485276651,0.02392975581430409,4.6868124436160946e-05,0.0077709029835410105,0.0030558723320201413,2.1969371038191663e-05,0.0041608189808977365,0.888605321100611,False
paper_poly3,softplus,"8,4",2,3,0,True,8.799815259408206e-05,5.453964524685896e-06,7.294029794461351e-05,,,,0.032571852515326835,0.03307720476534229,0.028606685160136876,0.023926194556656406,8.342947435234799e-05,0.0026359299615251056,0.004853900430723058,1.0749243510945002e-05,0.0070453605925434905,1.2077612460560465,False
paper_poly3,softplus,"8,4",2,3,0,True,7.291960355360061e-05,5.453964524685896e-06,5.579238454425616e-05,,,,0.12253642169237056,0.1193374026292423,0.1484378060020805,0.023930612452536002,6.401756997452277e-05,0.003431566385223157,0.003275651994508572,6.588498255835107e-06,0.006203925143538198,1.1261319900882039,False
paper_poly3,softplus,"8,4",2,3,0,True,3.374677908141166e-05,5.453964524685896e-06,5.710792084553066e-05,,,,0.05995919960999517,0.059432934881279154,0.10439989350923157,0.02392409745778672,8.538073402436175e-05,0.00991242916283112,0.00018556244270089903,3.393723269870238e-05,0.003473825340642099,0.7915200197120478,False
paper_poly3,softplus,"8,4",2,3,0,True,0.000462930416688323,5.453964524685896e-06,0.0004323917519270999,,,,0.13989929989037275,0.1445101659193266,0.07533283516633629,0.02386002104794651,0.000552912641196794,0.00531622404847248,0.006696800393953046,0.0002584601894138705,0.019180445365705935,1.9288034081479033,False
paper_poly3,softplus,"8,4",2,3,0,True,0.000150327556184493,5.453964524685896e-06,0.00011966606936196634,,,,0.28041019188646393,0.15724309876530077,0.03884514659609159,0.023898841094759225,0.00015566291396108386,0.02968913537679616,0.0024788059087028553,7.283947697595712e-05,0.00992544138722303,1.4403262886200485,False
paper_poly3,softplus,"8,4",2,3,0,True,8.381888619624078e-05,5.453964524685896e-06,7.374096241390384e-05,,,,0.04783119453500233,0.04655776019098273,0.1526097237051311,0.023927064472248682,8.645657114210049e-05,0.0043069097905384735,0.004915901566051065,2.788022905213229e-05,0.006819893030690281,1.1866295767895658,False
paper_poly3,softplus,"8,4",2,3,0,True,7.023868965916336e-05,5.453964524685896e-06,5.906835709013799e-05,,,,0.08597093004097996,0.09175944093291047,0.07796697685041439,0.023934424792264323,6.89889236347016e-05,0.004226241146815084,0.0035344457698424122,2.1741576705447155e-05,0.006045480102072903,1.109864092228406,False
paper_poly3,softplus,"8,4",2,3,0,True,4.774782792082988e-05,5.453964524685896e-06,3.759658679456956e-05,,,,0.0680859562430294,0.07941187288947907,0.021314378615093738,0.023932772691114886,4.529636552873792e-05,0.0034255063194363116,0.0026241987099349623,1.563817029354628e-05,0.004574607853102151,0.9422413112897254,False
paper_poly3,softplus,"8,4",2,3,0,False,9.495137055637315e-05,7.31707916968248e-05,1.7831852126148854e-05,,,,0.030468376630270386,0.029523248760158494,0.0466001993439245,0.02393031118889872,2.5712634457633017e-05,0.003142464230649866,0.0017707715153520267,1.7766500907409164e-05,0.0011903066534565496,0.11316348379524725,False
paper_poly3,softplus,"8,4",2,3,0,False,0.00015746959252282977,7.31707916968248e-05,3.459783593847419e-05,,,,0.03390212897347576,0.04005772080748972,0.019147190358917668,0.023922664736726964,4.6772112143469185e-05,0.0028853423962102998,0.0028339870939920312,3.465441969552774e-05,0.0039946961424402495,0.33285894962545975,False
paper_poly3,softplus,"8,4",2,3,0,False,0.0007438862230628729,7.31707916968248e-05,0.00042079771635503973,,,,0.039468080499056625,0.04245701893378269,0.3810408161409628,0.023827814093028456,0.000560695942603575,0.006308176814534145,0.005557690186756505,6.457707309502615e-05,0.018720284947575973,1.0071687614941693,False
paper_poly3,softplus,"8,4",2,3,0,False,8.37763654999435e-05,7.31707916968248e-05,0.00015147245510579194,,,,0.4012263363560465,0.3491604668189201,0.08353734210568188,0.023900370083164698,0.0002139031757483193,0.026869132203884243,0.004009973921798818,0.0001579201252892071,0.0005989502624464647,0.05878376122191804,False
paper_poly3,softplus,"8,4",2,3,0,False,2.0033960026921704e-05,7.31707916968248e-05,4.106410224297439e-05,,,,0.05552659561431956,0.057215500006883566,0.00019441475959043,0.023927995859613055,5.0215493727929166e-05,0.002719808653144759,0.0024370987790886,4.353629841705964e-05,0.0040780615431649245,-0.5625709511530942,False
paper_poly3,softplus,"8,4",2,3,0,False,2.8705864679068327e-05,7.31707916968248e-05,6.637127899249113e-05,,,,0.061320297142917105,0.0660825862527174,0.10800554100756828,0.023926913293368917,9.388052624626376e-05,0.00623140296986621,0.0018048238831357344,7.016429444103315e-05,0.0031962073074570437,-0.4063671208246114,False
paper_poly3,softplus,"8,4",2,3,0,False,4.841679765377194e-05,7.31707916968248e-05,1.0515470021300011e-05,,,,0.06408448503210717,0.06650474287448643,0.006120976877918808,0.02393383883149428,1.4566829418429113e-05,0.002047991441870748,0.0010203859316658757,1.0616767806953999e-05,0.0015957747400790817,-0.17934169277169515,False
paper_poly3,softplus,"8,4",2,3,0,False,7.517440826632082e-05,7.31707916968248e-05,1.2342661905741973e-05,,,,0.1508466042704935,0.16406662594109817,0.02985439370421681,0.0239291197811506,1.800354292627405e-05,0.003327841347375061,0.00020534778145267263,1.2165330003663676e-05,0.00011632492239374917,0.011732264187694104,False
paper_poly3,softplus,"8,4",2,3,0,False,8.14454979263246e-05,7.31707916968248e-05,1.937240439772089e-05,,,,0.02598076455209864,0.028787522644196845,0.007065192783480499,0.023926329246899237,2.8668921973119426e-05,0.0025813899722544136,0.0007184697513932844,1.9044710257418942e-05,0.0004707232129222069,0.04652932869490304,False
paper_poly3,softplus,"8,4",2,3,0,False,8.962336869444698e-05,7.31707916968248e-05,4.6917597716258444e-05,,,,0.05189543355394139,0.05153174782689984,0.23289235185940255,0.023911779053003814,6.949150712596259e-05,0.00598523514519592,0.0006771579273335508,4.694513055028854e-05,0.0009129692227511418,0.08808350975274612,False
paper_poly3,softplus,"8,4",2,3,0,False,8.196071576094255e-05,7.31707916968248e-05,2.9905262371679805e-05,,,,0.12404613842945196,0.11212009421958825,0.025955012296314438,0.023921183733199267,4.3664388036219944e-05,0.005175202629946026,0.001960564394030461,2.9070972179373996e-05,0.0004992230348435916,0.04926798836991286,False
paper_poly3,softplus,"8,4",2,3,0,False,2.2859785531181842e-05,7.31707916968248e-05,2.712352063412166e-05,,,,0.07065432200795208,0.0773511225769212,0.18572134557992526,0.023931051367507297,3.7665662372246156e-05,0.002986047150966318,0.001343145303970116,2.5928640623230624e-05,0.0037728019273885836,-0.5052656024993326,False
paper_poly3,softplus,"8,4",2,3,0,False,0.00010889583063544706,7.31707916968248e-05,2.3117656665857855e-05,,,,0.05022184923268825,0.048102598788627035,0.06310830873421078,0.023925101189220643,3.19266928189648e-05,0.0029990698868884906,0.002205652003298383,2.198522281806237e-05,0.0018813237744331416,0.17267349790356853,False
paper_poly3,softplus,"8,4",2,3,0,False,0.00011287292727502063,7.31707916968248e-05,2.3577489342772583e-05,,,,0.08230454437571548,0.08049364457444655,0.08877386396116956,0.023926599040685344,3.3781570576312564e-05,0.006093800433449317,0.001004801313817731,2.3337601684277743e-05,0.002070174399035585,0.18825203423457626,False
paper_poly3,softplus,"8,4",2,3,0,False,0.0006798181566409767,7.31707916968248e-05,0.0003557646254766764,,,,0.12116181290189637,0.12851615333924793,0.16952639166966507,0.023860476859478272,0.0004594190298605571,0.0030560170170187144,0.0035497266563494475,1.9484256541621813e-05,0.017519329966229603,0.9680550055168099,False
paper_poly3,softplus,"8,4",2,3,0,False,2.7298276108922437e-05,7.31707916968248e-05,2.5474563298812912e-05,,,,0.09097258056841842,0.09413756762814125,1.2479458781230842e-05,0.023933605277746205,3.207110070111813e-05,0.0038424497998958322,0.002014944937702905,2.5578785609112054e-05,0.0033292175133053693,-0.42820253192743407,False
paper_poly3,softplus,"8,4",2,3,0,False,6.505227065645158e-05,7.31707916968248e-05,9.750313224381804e-06,,,,0.06784002037665829,0.06639245065376505,0.2426085542264562,0.023931873964471363,1.5004095161318338e-05,0.002197655341846093,0.0006927297066884469,9.700452763910806e-06,0.0004884939488564895,-0.05107529380155292,False
paper_poly3,softplus,"8,4",2,3,0,False,8.16388419480063e-05,7.31707916968248e-05,1.5063227458152727e-05,,,,0.08754286187540661,0.08966231683854048,0.019243011494677047,0.02392984479968659,2.2115270935943285e-05,0.004151688490092707,0.0009525629062366461,1.4405544949756502e-05,0.00048142878047896173,0.04755908153481094,False
paper_poly3,softplus,"8,4",2,3,0,False,5.3994841437088326e-05,7.31707916968248e-05,1.1337254071296211e-05,,,,0.12029770769645397,0.12282669704368977,0.08595585011432758,0.02393138314147457,1.6058063426980378e-05,0.0022617982544438824,1.731739558295176e-05,1.165447019727879e-05,0.001205874509986337,-0.1319854839105001,False
paper_poly3,softplus,"8,4",2,3,0,False,7.733108213869855e-05,7.31707916968248e-05,8.593182261525488e-06,,,,0.06904082675868786,0.06947809424835596,0.045057595145450345,0.023931992690311727,1.2172746553743217e-05,0.0025402383445491186,5.5406708681378505e-05,8.355120176365892e-06,0.00023981657341054854,0.024016333496246052,False
paper_poly3,softplus,"8,4",2,3,0,False,0.00012242799857631326,7.31707916968248e-05,2.24054966426215e-05,,,,0.1522376626928528,0.15850656453198408,0.08686492898786063,0.023911461437950105,2.9570040682794363e-05,0.003982830616729482,0.0005830277316776737,1.870507579424147e-05,0.002510725905522015,0.22354299574949732,False
paper_poly3,softplus,"8,4",2,3,0,False,0.00013099599163979292,7.31707916968248e-05,2.4984047348812073e-05,,,,0.1162868448207165,0.11123981427861411,0.048205751332646776,0.023930852170720704,3.4097883233947835e-05,0.0021260707652695473,0.0011424989124174494,2.3971094986523917e-05,0.0028913553006868365,0.25292025277729696,False
paper_poly3,softplus,"8,4",2,3,0,False,4.355175042292103e-05,7.31707916968248e-05,1.796241884514518e-05,,,,0.09953134973979204,0.09265388515194778,0.2434920909704064,0.0239311952205016,2.3327274616820866e-05,0.004475003831255912,0.0014375664071261814,1.837494406736821e-05,0.0019546177317576836,-0.22533213929076337,False
paper_poly3,softplus,"8,4",2,3,0,False,8.39886415633373e-05,7.31707916968248e-05,1.5849793413185934e-05,,,,0.03921115504046965,0.0412319921809179,0.025662347552131613,0.023925468746698653,2.3336099701163207e-05,0.0025203158242460446,0.0009596834950230048,1.5855697032358156e-05,0.0006105389812371444,0.05988280295637409,False
paper_poly3,softplus,"8,4",2,3,0,False,3.8093126931926236e-05,7.31707916968248e-05,1.7202835766153467e-05,,,,0.06962296669808052,0.07202750187706095,0.28412497831694156,0.023934135800443353,2.4980179184334757e-05,0.0028022836081102375,0.0005173167765095136,1.7693648548351435e-05,0.0023820297618653754,-0.28349113021551414,False
paper_poly3,softplus,"8,4",2,3,0,False,9.170048724627122e-05,7.31707916968248e-05,2.282902380863973e-05,,,,0.1414995180760774,0.14333145532979333,0.05393471047881215,0.02392911548983129,3.0607585878625725e-05,0.004359827519078689,0.0007220002826739583,2.2793503712248236e-05,0.001022044402642329,0.09803388922068844,False
paper_poly3,softplus,"8,4",2,3,0,False,6.286168354563415e-05,7.31707916968248e-05,9.58082445610047e-06,,,,0.12839570524088434,0.131059302490648,0.03946677148726427,0.023931076527224166,1.3012427939669774e-05,0.0018955513241371577,0.0007222898652605821,9.452237060221297e-06,0.000625456706309261,-0.06595174605721503,False
paper_poly3,softplus,"8,4",2,3,0,False,3.342493073432706e-05,7.31707916968248e-05,2.330384124621428e-05,,,,0.1111809407088657,0.11449921069745822,0.048296449818833895,0.02393402705801577,3.203055605894855e-05,0.002882255184343941,0.0011402756932607245,1.5957354586135705e-05,0.0027725629167349415,-0.34026723810194337,False
paper_poly3,softplus,"8,4",2,3,0,False,7.130331505322829e-05,7.31707916968248e-05,9.16089240469194e-06,,,,0.0689843787133762,0.06686954518979102,0.0015393378282816017,0.02393355468620567,1.304254895267158e-05,0.0016447784766583085,0.00044128295161452067,9.116658933257324e-06,0.00010986370551084416,-0.011228032399877306,False
paper_poly3,softplus,"8,4",2,3,0,False,0.0001181181869469583,7.31707916968248e-05,2.5593798419147e-05,,,,0.04482847819781327,0.05603719845320994,0.07024440242486761,0.02392366814530736,3.607473877500483e-05,0.0029021651326532373,0.001966639203275673,2.6014116334926574e-05,0.0023142263907007608,0.2079790180896776,False
paper_poly3,softplus,"8,4",2,3,0,False,8.262524352176115e-05,7.31707916968248e-05,7.66059130336691e-06,,,,0.08619834145840494,0.08295284863362798,0.020774679764611097,0.023933142978391525,1.1267620826497868e-05,0.001814273636519253,0.0008381912951232512,7.407998170055202e-06,0.0005358501424221149,0.05277499843473084,False
paper_poly3,softplus,"8,4",2,3,0,False,7.524186366936192e-05,7.31707916968248e-05,1.1009700198505011e-05,,,,0.06508805062513268,0.06520555676271704,0.0002163946825929556,0.023929584341343842,1.657374073525312e-05,0.002891483065485103,0.0009504067142205333,1.0657682781260465e-05,0.0001202140692652242,0.01212179001362005,False
paper_poly3,softplus,"8,4",2,3,0,False,9.045840124599636e-05,7.31707916968248e-05,1.8647564734681944e-05,,,,0.11319487214843327,0.11343216855092582,0.057628011851873634,0.023929527133587942,2.4670541871131508e-05,0.004102141873054604,0.0006521966475264239,1.7988003315592068e-05,0.0009569694277428795,0.09211115373542676,False
paper_poly3,softplus,"8,4",2,3,0,False,1.4815072063356638e-05,7.31707916968248e-05,6.855057453236396e-05,,,,0.12794726319823885,0.12890303103114215,0.3806322250464429,0.023926959382381777,8.939803386093142e-05,0.004707193683387797,0.004406296659474736,7.703690259843176e-05,0.0047049575221863,-0.6936339857459808,False
paper_poly3,softplus,"8,4",2,3,0,False,9.465693437959999e-05,7.31707916968248e-05,3.2388297106484626e-05,,,,0.04655435151263253,0.04709448627701673,0.08740752696855153,0.023916072458520808,4.799387913776204e-05,0.004775276619625452,0.001411034066516308,3.2202375863158815e-05,0.0011751867985001132,0.11181468096014215,False
paper_poly3,softplus,"8,4",2,3,0,False,4.472861473914236e-05,7.31707916968248e-05,2.0032060501092896e-05,,,,0.101091651709206,0.10171950953328451,0.13625183311826047,0.02393036810289007,2.6888795964774896e-05,0.004489475608103002,0.0010732933615120246,1.981052292913798e-05,0.001866047254526811,-0.21375230593019656,False
paper_poly3,softplus,"8,4",2,3,0,False,6.370756454998627e-05,7.31707916968248e-05,9.023724795327842e-06,,,,0.05994793453603672,0.06912434595686606,0.002051623390749052,0.023929099941921984,1.3296486503436413e-05,0.0017509841574218387,0.00014738461089333234,8.83870523573594e-06,0.0005722908762054845,-0.06014675112289583,False
paper_poly3,softplus,"8,4",2,3,0,False,8.022051042644307e-05,7.31707916968248e-05,1.228150740178904e-05,,,,0.049990975619483805,0.04946429353702235,0.019352469654386376,0.023929977686078296,1.8075987299422378e-05,0.002169367553681662,0.0010148040569092065,1.1765860150497107e-05,0.0004025976006518158,0.03994766692100784,False
paper_poly3,softplus,"8,4",2,3,0,False,8.20417917566374e-05,7.31707916968248e-05,2.8454264189933614e-05,,,,0.03724800720445391,0.0385016386956509,0.0016006322231688604,0.023919296518582635,4.094499904136714e-05,0.004012259119567278,0.0012995557625527048,2.5096013479585762e-05,0.000503699673723464,0.04969738254133677,False
paper_poly3,softplus,"8,4",2,3,0,False,0.00010840737377293408,7.31707916968248e-05,1.9337209542502556e-05,,,,0.06352535240494658,0.07276254361126602,0.03986874436113494,0.023928447398054227,2.6433419484333197e-05,0.002631478762366386,0.00203774640435404,1.8905812035454116e-05,0.0018578934432818984,0.17072106947163262,False
paper_poly3,softplus,"8,4",2,3,0,False,4.3896096030948684e-05,7.31707916968248e-05,3.027528800032401e-05,,,,0.3466858729245146,0.32404476716213493,0.11750277966074926,0.02392526139172641,4.478493640863623e-05,0.004295670514561542,7.594529194666552e-05,3.0468692859146206e-05,0.0019285798390750522,-0.22191185676922912,False
paper_poly3,softplus,"8,4",2,3,0,False,4.220050323056057e-05,7.31707916968248e-05,2.8030440407720296e-05,,,,0.10525668014669606,0.1073724043711496,0.01665446485276651,0.02392975581430409,3.915394918467076e-05,0.0060168726772308005,0.001050049454469967,2.8184297928830745e-05,0.002057801293786547,-0.23902012421217667,False
paper_poly3,softplus,"8,4",2,3,0,False,8.799815259408206e-05,7.31707916968248e-05,1.0533077900611482e-05,,,,0.032571852515326835,0.03307720476534229,0.028606685160136876,0.023926194556656406,1.5523355096848956e-05,0.0015204902414558963,0.0007444017286778152,1.0380001704877737e-05,0.0008267403178592071,0.08013580074325889,False
paper_poly3,softplus,"8,4",2,3,0,False,7.291960355360061e-05,7.31707916968248e-05,9.344053844753306e-06,,,,0.12253642169237056,0.1193374026292423,0.1484378060020805,0.023930612452536002,1.2546372773553929e-05,0.0020879168139821564,0.0008337432028193575,9.382901676423279e-06,1.4695131146085644e-05,-0.0014934552245837842,False
paper_poly3,softplus,"8,4",2,3,0,False,3.374677908141166e-05,7.31707916968248e-05,0.0001764757723869053,,,,0.05995919960999517,0.059432934881279154,0.10439989350923157,0.02392409745778672,0.00023417232438288518,0.0075337959419124415,0.00392260512772231,0.0001914179989484142,0.002744794934042185,-0.33610542560073986,False
paper_poly3,softplus,"8,4",2,3,0,False,0.000462930416688323,7.31707916968248e-05,0.00020491295517450242,,,,0.13989929989037275,0.1445101659193266,0.07533283516633629,0.02386002104794651,0.0002799747400510697,0.0037921566772862476,0.002585282357236531,7.326197626143557e-05,0.01296182509102165,0.8011779628351158,False
paper_poly3,softplus,"8,4",2,3,0,False,0.000150327556184493,7.31707916968248e-05,9.65293173773476e-05,,,,0.28041019188646393,0.15724309876530077,0.03884514659609159,0.023898841094759225,0.00013336499053371976,0.026671523540299114,0.0016163744696651976,0.00010292514658947227,0.0037068211125387465,0.3127008433072608,False
paper_poly3,softplus,"8,4",2,3,0,False,8.381888619624078e-05,7.31707916968248e-05,1.8286515609414116e-05,,,,0.04783119453500233,0.04655776019098273,0.1526097237051311,0.023927064472248682,2.669866859699464e-05,0.0029354722052208617,0.0008101345024130237,1.8391954015297032e-05,0.0006012727560059973,0.059004131476778195,False
paper_poly3,softplus,"8,4",2,3,0,False,7.023868965916336e-05,7.31707916968248e-05,1.417871734012537e-05,,,,0.08597093004097996,0.09175944093291047,0.07796697685041439,0.023934424792264323,2.0439424789679105e-05,0.002769553856199893,0.0005741190334591224,1.4449937642520682e-05,0.0001731401726113805,-0.01776135308438172,False
paper_poly3,softplus,"8,4",2,3,0,False,4.774782792082988e-05,7.31707916968248e-05,1.2905058521546612e-05,,,,0.0680859562430294,0.07941187288947907,0.021314378615093738,0.023932772691114886,1.630014916500648e-05,0.0020281490719837873,0.0014840473841925236,1.2956692025660505e-05,0.0016440124215821323,-0.18538413402306222,False
paper_poly3,softplus,"16,8,4",3,3,0,True,2.120878161804285e-05,6.005314561861182e-09,2.05890251080702e-05,,,,0.11426676296981804,0.10635812185385407,0.07313178960634516,0.023934910237270655,2.4894558101730912e-05,0.003617405711537101,0.0015508885608478656,3.746696798631284e-06,0.004527805332655701,3.54797995936426,True
paper_poly3,softplus,"16,8,4",3,3,0,True,4.952921881340444e-05,6.005314561861182e-09,4.861037319950207e-05,,,,0.29284437546791653,0.29130237369820106,0.03514819331546431,0.023934864259821297,5.990261160182101e-05,0.005785647708466709,0.00242312467713906,1.5935019379735903e-05,0.0069602058593677095,3.916325717309131,True
paper_poly3,softplus,"16,8,4",3,3,0,True,0.0002771432918962091,6.005314561861182e-09,0.00027599533925084174,,,,0.23967859483430734,0.21424407967906525,0.05456661516618957,0.023917350530207573,0.000394844822088343,0.02963207248937938,0.001707229087536159,0.00019105852116648676,0.01657012724365488,4.664168610260485,True
paper_poly3,softplus,"16,8,4",3,3,0,True,5.4405249102273956e-05,6.005314561861182e-09,5.337341550023089e-05,,,,0.06596593186288287,0.06850913297649104,0.04169820349329333,0.02393364015369576,6.432715392481628e-05,0.0036801750387669757,0.0025238032863184596,7.3427761516265086e-06,0.007298497433245469,3.957105042188856,True
paper_poly3,softplus,"16,8,4",3,3,0,True,6.152129208203405e-05,6.005314561861182e-09,6.043875976472503e-05,,,,0.32043051543905005,0.31407596791092357,0.25129237556572387,0.023931845710895336,7.811825522021675e-05,0.004797747755222638,0.003105097570001644,0.0007262414188588931,0.0077660570220880725,4.0104896870938855,True
paper_poly3,softplus,"16,8,4",3,3,0,True,5.2568040700862184e-05,6.005314561861182e-09,5.152232790715883e-05,,,,0.025066596875414498,0.02638686154031809,0.029016642423095512,0.02393243591813987,6.165867469146115e-05,0.0017632101925256461,0.003697049844967944,6.5999214461145885e-06,0.007172888142551233,3.9421860295038713,True
paper_poly3,softplus,"16,8,4",3,3,0,True,0.0001204328509629704,6.005314561861182e-09,0.00011892717172213031,,,,0.06915717581590557,0.06628071517064732,0.1201112246222066,0.023934223040308587,0.00014071763971484257,0.005992807066490604,0.005566402135994929,3.4968409226259726e-05,0.010896696254327747,4.302209206438069,True
paper_poly3,softplus,"16,8,4",3,3,0,True,5.3127041610423476e-05,6.005314561861182e-09,5.210644364924487e-05,,,,0.145424171327373,0.15164953703897457,0.10551921336266153,0.02393032111470128,6.066932828630699e-05,0.004946460107457046,0.0035524684236182876,4.537190361838841e-06,0.0072113359558504606,3.94677987187923,True
paper_poly3,softplus,"16,8,4",3,3,0,True,7.041998469503596e-05,6.005314561861182e-09,6.951886440060381e-05,,,,0.4670679290305542,0.32478564160757234,0.11830904986583235,0.023935270457740444,8.468402156222918e-05,0.028253725381254056,0.0004471726840762872,9.389968544979827e-05,0.008314167652367727,4.069160165413637,True
paper_poly3,softplus,"16,8,4",3,3,0,True,6.448707426898181e-05,6.005314561861182e-09,6.33577153437275e-05,,,,0.06443347178672666,0.06785370454982205,0.0833101240738473,0.023934409574317146,7.961544050531604e-05,0.002157839561383308,0.003444319853230624,5.004475044052508e-06,0.0079528904762405,4.0309369128321375,True
paper_poly3,softplus,"16,8,4",3,3,0,True,0.000446019577793777,6.005314561861182e-09,0.0004458248063446125,,,,0.23883165015597166,0.09877559237247713,0.14443584129527529,0.02392719403935964,0.0005721515458344235,0.028498651884700583,0.008858989819533593,0.0013831439166382229,0.021041681629877833,4.870818161325735,True
paper_poly3,softplus,"16,8,4",3,3,0,True,7.329056825255975e-05,6.005314561861182e-09,7.206239141646161e-05,,,,0.04229877533222703,0.04423059609142719,0.19515994349872215,0.023930702300279813,8.715369770285022e-05,0.002270503691815747,0.0034772958493445214,1.614510197025829e-05,0.00848349711419374,4.086512328041999,True
paper_poly3,softplus,"16,8,4",3,3,0,True,0.00014284429198596627,6.005314561861182e-09,0.00014118331280222693,,,,0.08302142142475002,0.08512004415368292,0.028668903912597955,0.023933987682737527,0.000167726694656199,0.011334167277114504,0.005712394992941302,6.801385755458294e-05,0.011874254526062293,4.376327129859694,True
paper_poly3,softplus,"16,8,4",3,3,0,True,3.1810366635909304e-05,6.005314561861182e-09,3.101023838890159e-05,,,,0.13659136805640731,0.13727779564400874,0.18901363383665404,0.023934575817170567,3.298888503274524e-05,0.003026369570566908,0.0028032771761431086,0.00021630498911846994,0.0055625739990866315,3.724032913741053,True
paper_poly3,softplus,"16,8,4",3,3,0,True,3.871354419970885e-05,6.005314561861182e-09,3.7930786621605524e-05,,,,0.11609465802215145,0.12797380891105412,0.07712890044813299,0.023932471682379202,4.289950239739517e-05,0.003887016631201066,0.0031862053527137524,7.360543061540139e-06,0.006144526944936581,3.809327171583768,True
paper_poly3,softplus,"16,8,4",3,3,0,True,8.576017717132345e-05,6.005314561861182e-09,8.443501414010522e-05,,,,0.16485620375105814,0.16480532370932924,0.09156240533432262,0.023932051249410714,9.999387265405839e-05,0.008178746357103315,0.0034928745551766867,0.00013832888435084611,0.009183185123341523,4.15474990862373,True
paper_poly3,softplus,"16,8,4",3,3,0,True,4.919727871310897e-05,6.005314561861182e-09,4.821610100415599e-05,,,,0.0535509985433611,0.05862886775119225,0.03754304885121494,0.023927241732635055,5.6644565238587484e-05,0.0024401856343113154,0.0025270049172582496,0.00022676407839942452,0.006936583217181182,3.9134053200355527,True
paper_poly3,softplus,"16,8,4",3,3,0,True,6.833322549937293e-05,6.005314561861182e-09,6.716168801001131e-05,,,,0.1868436451754377,0.20580809377232612,0.038281420725601534,0.023934430902440337,8.675029935687796e-05,0.1774117474175702,0.0029542826394361225,1.1866005044903383e-05,0.008188897357981242,4.056096160061999,True
paper_poly3,softplus,"16,8,4",3,3,0,True,4.224841541144997e-05,6.005314561861182e-09,4.138481493845898e-05,,,,0.06346444444975445,0.05458670221110804,0.01702778466323795,0.023932917382561716,4.966924862748513e-05,0.002197506428872435,0.003621938861446388,2.281093782991737e-05,0.006422384142749934,3.847274663810383,True
paper_poly3,softplus,"16,8,4",3,3,0,True,0.0003969013341702521,6.005314561861182e-09,0.00039564005430355417,,,,0.36909301841894226,0.3132818760615103,0.09297349714460611,0.0239353734720578,0.000494910915751088,0.029723901821595716,0.00482673869996142,0.00047019048533505063,0.0198448887786126,4.820146797843967,True
paper_poly3,softplus,"16,8,4",3,3,0,True,3.278470830991864e-05,6.005314561861182e-09,3.203659470329613e-05,,,,0.09632891204615486,0.09733814528354305,0.13718567007836943,0.023932871466784522,4.132695376751367e-05,0.005082036915839944,0.0010777530062173024,0.00012173093090878036,0.005648299282540508,3.7371355631100007,True
paper_poly3,softplus,"16,8,4",3,3,0,True,3.973710772697814e-05,6.005314561861182e-09,3.8961118595527437e-05,,,,0.046484461573623626,0.047438313468871486,0.016268948192888568,0.02393141742911213,5.03068549104657e-05,0.00479168822157415,0.002024239381162176,1.662120397982607e-05,0.006226243635107542,3.8206604927851093,True
paper_poly3,softplus,"16,8,4",3,3,0,True,1.589186467754189e-05,6.005314561861182e-09,1.5330455550624245e-05,,,,0.05124706752838612,0.053610941566184594,0.14740385974205927,0.023933640253155197,1.781541392665442e-05,0.0024648288534518037,0.001540091709263096,2.5856235296602004e-05,0.003908966204133935,3.4226390973615883,True
paper_poly3,softplus,"16,8,4",3,3,0,True,7.25007921573706e-05,6.005314561861182e-09,7.127265430969245e-05,,,,0.05769226582215514,0.055372858679539,0.026348796822799864,0.02393371487854528,8.431538944408333e-05,0.002181309537791964,0.004284092575220251,0.00014798958515364454,0.008437245735238408,4.0818069908488965,True
paper_poly3,softplus,"16,8,4",3,3,0,True,0.0001319356233580038,6.005314561861182e-09,0.00013025067332954454,,,,0.05999666592695369,0.069645286359982,0.027630941852882132,0.023933182378335017,0.0001525986826177466,0.002430219312020663,0.004921922132809069,2.6051505449366093e-05,0.011408829352987775,4.341826312393204,True
paper_poly3,softplus,"16,8,4",3,3,0,True,6.60086443531327e-05,6.005314561861182e-09,6.48248412931795e-05,,,,0.03896084689087873,0.04143099751142446,0.0036255574219896188,0.023931903112616247,7.790569668739567e-05,0.0017531831255429339,0.0029205082740740816,9.530550860323594e-05,0.008047076445694256,4.041065052625842,True
paper_poly3,softplus,"16,8,4",3,3,0,True,4.370166061562486e-05,6.005314561861182e-09,4.276825525794723e-05,,,,0.06624323538855538,0.06735375769430588,0.10364458796248131,0.02393493672175452,5.1232044680753916e-05,0.0021435078975805513,0.003017614285762252,9.265076974760537e-06,0.006533229189077218,3.8619621790707686,True
paper_poly3,softplus,"16,8,4",3,3,0,True,0.0003336815570946783,6.005314561861182e-09,0.00033102626953916486,,,,0.06686802897008894,0.06139147210630704,0.06421010648142514,0.02393435361269513,0.00040539027447562066,0.0028390785452982945,0.007941825996677448,3.486857851485059e-05,0.01818945862995575,4.744796442506568,True
paper_poly3,softplus,"16,8,4",3,3,0,True,5.0602247938513756e-05,6.005314561861182e-09,4.957274691178112e-05,,,,0.042344106251418184,0.05007398666266697,0.01027477386149838,0.023932968636502214,5.848189277454689e-05,0.0016642568199605697,0.0029251883350715755,5.535673421458198e-06,0.007036031739112068,3.9256340492995565,True
paper_poly3,softplus,"16,8,4",3,3,0,True,6.268350989557803e-05,6.005314561861182e-09,6.155229859575989e-05,,,,0.052565818372266614,0.07367522556464727,0.06714910717961266,0.02393285259742851,7.311699765844161e-05,0.003704393029293181,0.003309206000320551,5.114852601333483e-06,0.007839797863689997,4.018617545397158,True
paper_poly3,softplus,"16,8,4",3,3,0,True,7.18587325536646e-05,6.005314561861182e-09,7.07358092880142e-05,,,,0.17044256581688996,0.16327985834519668,0.013577587454277463,0.02393466644250245,8.284817837111442e-05,0.002919978624113616,0.0039000774613689873,4.301050462542664e-05,0.008399459058291205,4.077943791906272,True
paper_poly3,softplus,"16,8,4",3,3,0,True,6.923842738615349e-05,6.005314561861182e-09,6.80611059754534e-05,,,,0.1194901579552778,0.11345535304062075,0.015940683056735683,0.023933708041801168,7.940852321518608e-05,0.0017771279898535345,0.004032025069841378,2.2387323948354187e-06,0.008243469163837612,4.061811434244055,True
paper_poly3,softplus,"16,8,4",3,3,0,True,6.596670573344454e-05,6.005314561861182e-09,6.482720502849022e-05,,,,0.017466062439211893,0.017309530974360998,0.05317596601295151,0.023928811612560885,7.638295472505445e-05,0.0018399626673197065,0.00438995533790724,3.373866407588238e-05,0.008044495061010737,4.040789035752837,True
paper_poly3,softplus,"16,8,4",3,3,0,True,3.93763039028272e-05,6.005314561861182e-09,3.8536886266484184e-05,,,,0.028996440215081177,0.02965710593734905,0.07371275645121303,0.023932244377385926,4.481132630112787e-05,0.001639685990857081,0.0033198507560310763,7.014238829645378e-05,0.006197560130929398,3.816699187286333,True
paper_poly3,softplus,"16,8,4",3,3,0,True,0.00012413147487677634,6.005314561861182e-09,0.00012253080054611332,,,,0.0640691347083673,0.07048790924604573,0.1549844542076131,0.023932826723981164,0.00014748601140597496,0.0030235235260257405,0.005125115777254744,9.344094860867551e-06,0.011063936593231814,4.3153461545891885,True
paper_poly3,softplus,"16,8,4",3,3,0,True,0.00022503269428852946,6.005314561861182e-09,0.00022364192536018367,,,,0.4229264108818755,0.30464095409550057,0.17825818117162526,0.023927830663463073,0.00030346751773251677,0.029999031221853635,0.002766581616872494,0.00018265618020454986,0.01492359580535079,4.57370985903562,True
paper_poly3,softplus,"16,8,4",3,3,0,True,1.1648485269688535e-05,6.005314561861182e-09,1.1335168457009815e-05,,,,0.07549489757175341,0.08369706405825235,0.027256477840533647,0.0239326540514224,1.3414134820312074e-05,0.002705404646369811,0.0023201812618760973,3.102711865356218e-05,0.003335493768917492,3.287733693890814,True
paper_poly3,softplus,"16,8,4",3,3,0,True,0.00015513271500822157,6.005314561861182e-09,0.00015382225188964095,,,,0.38144775035702905,0.13207414992512703,0.07714206228101103,0.023930553129914944,0.00019530272706634597,0.6668430844235028,0.004389427454185604,0.00021279322098576148,0.012377734455875592,4.412167632299881,True
paper_poly3,softplus,"16,8,4",3,3,0,True,6.433457656385144e-06,6.005314561861182e-09,6.4380196528565025e-06,,,,0.09405491625014101,0.08978275801356624,0.13501895590104585,0.0239331117999882,8.908849078397948e-06,0.007469994844304304,0.0004422679742591412,1.066185802852603e-05,0.002458932193595451,3.0299086859409328,True
paper_poly3,softplus,"16,8,4",3,3,0,True,7.926911348477006e-05,6.005314561861182e-09,7.796693341653644e-05,,,,0.06339670028736345,0.07163946025497764,0.036156944467215034,0.023930728171739964,9.679491106340296e-05,0.0021014527158499303,0.002962664541569849,9.41642875234582e-06,0.008825826398238876,4.120568240306679,True
paper_poly3,softplus,"16,8,4",3,3,0,True,1.250405784958275e-05,6.005314561861182e-09,1.212622520571652e-05,,,,0.0775961097573075,0.07572946803440951,0.1862595653393563,0.023932431153954183,1.5702370059272627e-05,0.0026219298131417877,0.001867378507272372,1.966832161445302e-05,0.003458613761278176,3.3185152133321973,True
paper_poly3,softplus,"16,8,4",3,3,0,True,2.5550660211592913e-05,6.005314561861182e-09,2.4834912496232983e-05,,,,0.04743818470614564,0.045286150137616936,0.04360022845466193,0.023934103029665775,2.9713424259732074e-05,0.0027748336697081153,0.0023908763484143006,9.670263809730741e-05,0.0049772721240317775,3.628866365556548,True
paper_poly3,softplus,"16,8,4",3,3,0,True,6.282132380874828e-05,6.005314561861182e-09,6.167046486705363e-05,,,,0.09231715019109614,0.08791799971062064,0.13468575965751337,0.02393421973699557,7.070150800428829e-05,0.0022586876136211588,0.003974552982687325,5.23218872814188e-06,0.007848496434553686,4.019571322941954,True
paper_poly3,softplus,"16,8,4",3,3,0,True,3.175988240400329e-05,6.005314561861182e-09,3.095408086953414e-05,,,,0.10646823652782332,0.11785899429231765,0.11132194251510057,0.023933711681159642,3.402522005021474e-05,0.002534252255065319,0.003255262457160384,8.233469847375678e-05,0.005558096723437854,3.7233431247822173,True
paper_poly3,softplus,"16,8,4",3,3,0,True,0.0006765152793377638,6.005314561861182e-09,0.0006728875127192768,,,,0.030357360045150814,0.03154387911829882,0.11167669600627485,0.02383961844247033,0.0008368140691718957,0.004653776814270767,0.007750977012992353,6.038213206125854e-06,0.025932413365753755,5.05174184880778,True
paper_poly3,softplus,"16,8,4",3,3,0,True,3.3310683647869155e-05,6.005314561861182e-09,3.25003537361399e-05,,,,0.05060374511358368,0.06437882680174828,0.2975786679998788,0.02393384714614073,3.7901422081214206e-05,0.004802465094243424,0.002493375254780572,3.572702998562811e-05,0.005694046873594166,3.7440477850422975,True
paper_poly3,softplus,"16,8,4",3,3,0,True,9.630689601181075e-05,6.005314561861182e-09,9.492319199900885e-05,,,,0.07040576790115001,0.081875481448006,0.049066163072083474,0.02393392821264915,0.00011355555870329548,0.005665855446927759,0.004534453541399842,6.702464565626493e-05,0.009736113731361563,4.205121624766572,True
paper_poly3,softplus,"16,8,4",3,3,0,True,0.00010145679698325694,6.005314561861182e-09,0.00010004722214424088,,,,0.12914619968869553,0.1314461269751945,0.020441395025977565,0.023931591190777875,0.0001196153386176996,0.006504653859368334,0.0032780997348852235,0.00017339158004851818,0.009995082517196533,4.227745386479476,True
paper_poly3,softplus,"16,8,4",3,3,0,True,7.394606654997915e-05,6.005314561861182e-09,7.276989388362873e-05,,,,0.03727479546717946,0.03827153763351937,0.018276613401756663,0.023931081367767386,8.64003500378856e-05,0.0037819688901541823,0.004646497392622766,7.817788473059889e-05,0.008521695912859345,4.090379316372519,True
paper_poly3,softplus,"16,8,4",3,3,0,True,0.0001132089746533893,6.005314561861182e-09,0.00011175970848267556,,,,0.058756321501972096,0.059942530093042116,0.2725708633413584,0.023907628872836557,0.00013430954884022743,0.0067241105865953055,0.004584554726976608,0.0007600801360399534,0.010562476648690337,4.275345096026102,True
paper_poly3,softplus,"16,8,4",3,3,0,False,2.120878161804285e-05,4.4409354797532207e-10,2.115149168347807e-05,,,,0.11426676296981804,0.10635812185385407,0.07313178960634516,0.023934910237270655,2.555337432118986e-05,0.0036193862056841447,0.001581772638090445,1.915702037154294e-05,0.004584225770151921,4.679041256735129,True
paper_poly3,softplus,"16,8,4",3,3,0,False,4.952921881340444e-05,4.4409354797532207e-10,4.9442417431920185e-05,,,,0.29284437546791653,0.29130237369820106,0.03514819331546431,0.023934864259821297,6.087614666650749e-05,0.005787833347067645,0.002453996355377894,5.067477917358749e-05,0.00701662629686393,5.04738701468,True
paper_poly3,softplus,"16,8,4",3,3,0,False,0.0002771432918962091,4.4409354797532207e-10,0.00027711771161840446,,,,0.23967859483430734,0.21424407967906525,0.05456661516618957,0.023917350530207573,0.00039618209174855626,0.02963959746419736,0.001737999531126376,0.00020120067895821505,0.016626547681151103,5.795229907631354,True
paper_poly3,softplus,"16,8,4",3,3,0,False,5.4405249102273956e-05,4.4409354797532207e-10,5.429819535348364e-05,,,,0.06596593186288287,0.06850913297649104,0.04169820349329333,0.02393364015369576,6.54165947932441e-05,0.003683003184375614,0.0025546758560321676,4.6634356864480364e-05,0.00735491787074169,5.088166339559725,True
paper_poly3,softplus,"16,8,4",3,3,0,False,6.152129208203405e-05,4.4409354797532207e-10,6.140872870715688e-05,,,,0.32043051543905005,0.31407596791092357,0.25129237556572387,0.023931845710895336,7.930435368526529e-05,0.004800226492539559,0.0031359583988053216,7.758180424516224e-05,0.007822477459584292,5.141550984464755,True
paper_poly3,softplus,"16,8,4",3,3,0,False,5.2568040700862184e-05,4.4409354797532207e-10,5.24445869448393e-05,,,,0.025066596875414498,0.02638686154031809,0.029016642423095512,0.02393243591813987,6.273809363483256e-05,0.0017646767514390056,0.0037279258406070523,1.1073292685767342e-06,0.007229308580047453,5.073247326874741,True
paper_poly3,softplus,"16,8,4",3,3,0,False,0.0001204328509629704,4.4409354797532207e-10,0.00012027926566439729,,,,0.06915717581590557,0.06628071517064732,0.1201112246222066,0.023934223040308587,0.00014227363393010822,0.005995000009062891,0.005597252064929474,2.132962028044566e-05,0.010953116691823967,5.433270503808938,True
paper_poly3,softplus,"16,8,4",3,3,0,False,5.3127041610423476e-05,4.4409354797532207e-10,5.301499751121702e-05,,,,0.145424171327373,0.15164953703897457,0.10551921336266153,0.02393032111470128,6.171131067381295e-05,0.004949352232885448,0.003583341002206385,1.4388884182040542e-05,0.007267756393346681,5.077841169250099,True
paper_poly3,softplus,"16,8,4",3,3,0,False,7.041998469503596e-05,4.4409354797532207e-10,7.033808760882459e-05,,,,0.4670679290305542,0.32478564160757234,0.11830904986583235,0.023935270457740444,8.569324347744831e-05,0.02825761609805649,0.00047795968455514783,8.750361513218439e-05,0.008370588089863946,5.200221462784506,True
paper_poly3,softplus,"16,8,4",3,3,0,False,6.448707426898181e-05,4.4409354797532207e-10,6.436507476149522e-05,,,,0.06443347178672666,0.06785370454982205,0.0833101240738473,0.023934409574317146,8.082587741263991e-05,0.002159398548694727,0.0034751885411368868,4.6570808336473694e-05,0.00800931091373672,5.161998210203007,True
paper_poly3,softplus,"16,8,4",3,3,0,False,0.000446019577793777,4.4409354797532207e-10,0.0004459867678279106,,,,0.23883165015597166,0.09877559237247713,0.14443584129527529,0.02392719403935964,0.0005728195561974009,0.02850148268769148,0.008828426702563053,0.0005123245821866397,0.021098102067374055,6.001879458696604,True
paper_poly3,softplus,"16,8,4",3,3,0,False,7.329056825255975e-05,4.4409354797532207e-10,7.315462552820394e-05,,,,0.04229877533222703,0.04423059609142719,0.19515994349872215,0.023930702300279813,8.844722902436381e-05,0.0022716858114556564,0.0035081610254354303,3.2899359008533335e-05,0.00853991755168996,5.217573625412868,True
paper_poly3,softplus,"16,8,4",3,3,0,False,0.00014284429198596627,4.4409354797532207e-10,0.0001426810875181958,,,,0.08302142142475002,0.08512004415368292,0.028668903912597955,0.023933987682737527,0.00016946613445618128,0.011337205699219702,0.00574324740155858,0.0001343430858064698,0.011930674963558513,5.5073884272305635,True
paper_poly3,softplus,"16,8,4",3,3,0,False,3.1810366635909304e-05,4.4409354797532207e-10,3.171130190073705e-05,,,,0.13659136805640731,0.13727779564400874,0.18901363383665404,0.023934575817170567,3.375473050870312e-05,0.003028552506846872,0.002834170066050221,6.539069387710173e-06,0.005618994436582852,4.855094211111922,True
paper_poly3,softplus,"16,8,4",3,3,0,False,3.871354419970885e-05,4.4409354797532207e-10,3.864300444199046e-05,,,,0.11609465802215145,0.12797380891105412,0.07712890044813299,0.023932471682379202,4.367589839364914e-05,0.0038889707616714163,0.0032170752900562284,1.735178462490401e-05,0.006200947382432802,4.940388468954637,True
paper_poly3,softplus,"16,8,4",3,3,0,False,8.576017717132345e-05,4.4409354797532207e-10,8.560304736756083e-05,,,,0.16485620375105814,0.16480532370932924,0.09156240533432262,0.023932051249410714,0.00010136213799885916,0.00817881311227242,0.0035237285702628563,4.8103961126625787e-05,0.009239605560837742,5.2858112059946,True
paper_poly3,softplus,"16,8,4",3,3,0,False,4.919727871310897e-05,4.4409354797532207e-10,4.9079992517490485e-05,,,,0.0535509985433611,0.05862886775119225,0.03754304885121494,0.023927241732635055,5.763755422553194e-05,0.002441773484649416,0.0025578860763054963,3.4414385201439246e-06,0.006993003654677403,5.044466617406422,True
paper_poly3,softplus,"16,8,4",3,3,0,False,6.833322549937293e-05,4.4409354797532207e-10,6.821016960318437e-05,,,,0.1868436451754377,0.20580809377232612,0.038281420725601534,0.023934430902440337,8.803621683835432e-05,0.17738279369154158,0.0029851601887564807,6.998371640777727e-05,0.008245317795477462,5.187157457432869,True
paper_poly3,softplus,"16,8,4",3,3,0,False,4.224841541144997e-05,4.4409354797532207e-10,4.216350055448809e-05,,,,0.06346444444975445,0.05458670221110804,0.01702778466323795,0.023932917382561716,5.0560946893651626e-05,0.0021979638709997877,0.003652822814801376,2.142667830397642e-05,0.006478804580246154,4.978335961181252,True
paper_poly3,softplus,"16,8,4",3,3,0,False,0.0003969013341702521,4.4409354797532207e-10,0.0003968315187350257,,,,0.36909301841894226,0.3132818760615103,0.09297349714460611,0.0239353734720578,0.0004966023514693257,0.02972639021837901,0.004796170025975595,0.0004458521574834003,0.01990130921610882,5.951208095214836,True
paper_poly3,softplus,"16,8,4",3,3,0,False,3.278470830991864e-05,4.4409354797532207e-10,3.270980767573851e-05,,,,0.09632891204615486,0.09733814528354305,0.13718567007836943,0.023932871466784522,4.2158772988294614e-05,0.005083821701902783,0.0011086198832790288,2.379886378531841e-05,0.005704719720036729,4.86819686048087,True
paper_poly3,softplus,"16,8,4",3,3,0,False,3.973710772697814e-05,4.4409354797532207e-10,3.9679026232582855e-05,,,,0.046484461573623626,0.047438313468871486,0.016268948192888568,0.02393141742911213,5.117898405259856e-05,0.004793731456551098,0.002055093700613547,3.291770614248513e-05,0.006282664072603763,4.951721790155979,True
paper_poly3,softplus,"16,8,4",3,3,0,False,1.589186467754189e-05,4.4409354797532207e-10,1.582343138873965e-05,,,,0.05124706752838612,0.053610941566184594,0.14740385974205927,0.023933640253155197,1.8382607815159377e-05,0.0024669352648595978,0.0015709756323778288,5.8823134198101346e-06,0.003965386641630156,4.5537003947324575,True
paper_poly3,softplus,"16,8,4",3,3,0,False,7.25007921573706e-05,4.4409354797532207e-10,7.235886357649925e-05,,,,0.05769226582215514,0.055372858679539,0.026348796822799864,0.02393371487854528,8.558302596101189e-05,0.0021826583957770236,0.004314957753722549,2.6503056660778412e-05,0.008493666172734627,5.212868288219766,True
paper_poly3,softplus,"16,8,4",3,3,0,False,0.0001319356233580038,4.4409354797532207e-10,0.0001317408848944598,,,,0.05999666592695369,0.069645286359982,0.027630941852882132,0.023933182378335017,0.00015433598958478536,0.0024320044486334895,0.004952793069071586,0.00011180102046375856,0.011465249790483995,5.472887609764074,True
paper_poly3,softplus,"16,8,4",3,3,0,False,6.60086443531327e-05,4.4409354797532207e-10,6.585954743145334e-05,,,,0.03896084689087873,0.04143099751142446,0.0036255574219896188,0.023931903112616247,7.912224965776781e-05,0.0017553037834163597,0.002951390879060894,8.333719367853697e-06,0.008103496883190476,5.172126349996711,True
paper_poly3,softplus,"16,8,4",3,3,0,False,4.370166061562486e-05,4.4409354797532207e-10,4.3597270359633216e-05,,,,0.06624323538855538,0.06735375769430588,0.10364458796248131,0.02393493672175452,5.220355437185356e-05,0.002145041806804311,0.003048487516075659,1.954000520116123e-05,0.0065896496265734385,4.993023476441637,True
paper_poly3,softplus,"16,8,4",3,3,0,False,0.0003336815570946783,4.4409354797532207e-10,0.00033338213544093816,,,,0.06686802897008894,0.06139147210630704,0.06421010648142514,0.02393435361269513,0.00040819293160063803,0.002840543179630394,0.007972676932538558,0.000245182953244352,0.01824587906745197,5.875857739877437,True
paper_poly3,softplus,"16,8,4",3,3,0,False,5.0602247938513756e-05,4.4409354797532207e-10,5.04829799686488e-05,,,,0.042344106251418184,0.05007398666266697,0.01027477386149838,0.023932968636502214,5.954383665521238e-05,0.001665267232248318,0.002956070141043595,2.9074503633925237e-05,0.007092452176608289,5.056695346670426,True
paper_poly3,softplus,"16,8,4",3,3,0,False,6.268350989557803e-05,4.4409354797532207e-10,6.255995321252762e-05,,,,0.052565818372266614,0.07367522556464727,0.06714910717961266,0.02393285259742851,7.429263914009577e-05,0.003707305379877388,0.003340087249581259,3.7921478885878514e-05,0.007896218301186217,5.1496788427680285,True
paper_poly3,softplus,"16,8,4",3,3,0,False,7.18587325536646e-05,4.4409354797532207e-10,7.17414157005413e-05,,,,0.17044256581688996,0.16327985834519668,0.013577587454277463,0.02393466644250245,8.397584182318917e-05,0.0029222615436752812,0.003930981657555275,4.309581662711324e-05,0.008455879495787424,5.209005089277142,True
paper_poly3,softplus,"16,8,4",3,3,0,False,6.923842738615349e-05,4.4409354797532207e-10,6.910339803844572e-05,,,,0.1194901579552778,0.11345535304062075,0.015940683056735683,0.023933708041801168,8.060250222252652e-05,0.0017779991133898877,0.004062911538135812,1.7284834590577782e-05,0.008299889601333831,5.192872731614925,True
paper_poly3,softplus,"16,8,4",3,3,0,False,6.596670573344454e-05,4.4409354797532207e-10,6.584958170262384e-05,,,,0.017466062439211893,0.017309530974360998,0.05317596601295151,0.023928811612560885,7.756741549622252e-05,0.0018415304838052416,0.004420820176189753,5.531803645944886e-06,0.008100915498506956,5.171850333123707,True
paper_poly3,softplus,"16,8,4",3,3,0,False,3.93763039028272e-05,4.4409354797532207e-10,3.929574518983632e-05,,,,0.028996440215081177,0.02965710593734905,0.07371275645121303,0.023932244377385926,4.566886749850206e-05,0.0016407481336719676,0.003350729024884272,4.976644314864528e-06,0.006253980568425618,4.947760484657202,True
paper_poly3,softplus,"16,8,4",3,3,0,False,0.00012413147487677634,4.4409354797532207e-10,0.0001239575766334458,,,,0.0640691347083673,0.07048790924604573,0.1549844542076131,0.023932826723981164,0.00014916624725859592,0.0030254027385922303,0.005155977048342527,8.07065030760178e-05,0.011120357030728034,5.446407451960058,True
paper_poly3,softplus,"16,8,4",3,3,0,False,0.00022503269428852946,4.4409354797532207e-10,0.0002249580990033366,,,,0.4229264108818755,0.30464095409550057,0.17825818117162526,0.023927830663463073,0.00030509470494284705,0.03000102969121023,0.0027973100181122174,0.00019598033375601266,0.01498001624284701,5.70477115640649,True
paper_poly3,softplus,"16,8,4",3,3,0,False,1.1648485269688535e-05,4.4409354797532207e-10,1.1624633543698259e-05,,,,0.07549489757175341,0.08369706405825235,0.027256477840533647,0.0239326540514224,1.3688727529913035e-05,0.002706559197134269,0.0023510816943258443,7.80927765907317e-06,0.0033919142064137123,4.4187949912616835,True
paper_poly3,softplus,"16,8,4",3,3,0,False,0.00015513271500822157,4.4409354797532207e-10,0.00015503582769195448,,,,0.38144775035702905,0.13207414992512703,0.07714206228101103,0.023930553129914944,0.00019664112440214465,0.6668264843568745,0.004420276737011478,0.00012001921543195299,0.012434154893371812,5.54322892967075,True
paper_poly3,softplus,"16,8,4",3,3,0,False,6.433457656385144e-06,4.4409354797532207e-10,6.449831773048021e-06,,,,0.09405491625014101,0.08978275801356624,0.13501895590104585,0.0239331117999882,8.91408188955466e-06,0.0074738644552876255,0.0004114001964425488,5.833980963815103e-06,0.0025153526310916713,4.160969983311802,True
paper_poly3,softplus,"16,8,4",3,3,0,False,7.926911348477006e-05,4.4409354797532207e-10,7.91132522645617e-05,,,,0.06339670028736345,0.07163946025497764,0.036156944467215034,0.023930728171739964,9.81735650484031e-05,0.0021032356229112774,0.0029935437631476566,3.271806749697109e-05,0.008882246835735096,5.251629537677548,True
paper_poly3,softplus,"16,8,4",3,3,0,False,1.250405784958275e-05,4.4409354797532207e-10,1.2483226952413789e-05,,,,0.0775961097573075,0.07572946803440951,0.1862595653393563,0.023932431153954183,1.610621750760387e-05,0.0026237589000755006,0.0018982641886778394,3.263034761043886e-06,0.0035150341987743965,4.449576510703067,True
paper_poly3,softplus,"16,8,4",3,3,0,False,2.5550660211592913e-05,4.4409354797532207e-10,2.5471220633566976e-05,,,,0.04743818470614564,0.045286150137616936,0.04360022845466193,0.023934103029665775,3.0458609482317502e-05,0.0027769402313982576,0.002421753859794122,9.936751773120306e-06,0.005033692561527998,4.759927662927417,True
paper_poly3,softplus,"16,8,4",3,3,0,False,6.282132380874828e-05,4.4409354797532207e-10,6.268526974669864e-05,,,,0.09231715019109614,0.08791799971062064,0.13468575965751337,0.02393421973699557,7.186533522708366e-05,0.0022600229986317294,0.004005431200317463,5.0047999372573686e-05,0.007904916872049906,5.150632620312823,True
paper_poly3,softplus,"16,8,4",3,3,0,False,3.175988240400329e-05,4.4409354797532207e-10,3.166581822511494e-05,,,,0.10646823652782332,0.11785899429231765,0.11132194251510057,0.023933711681159642,3.4824524343718087e-05,0.0025363543097582167,0.003286133018985983,2.4330158793979812e-05,0.0056145171609340745,4.854404422153086,True
paper_poly3,softplus,"16,8,4",3,3,0,False,0.0006765152793377638,4.4409354797532207e-10,0.0006760758887753275,,,,0.030357360045150814,0.03154387911829882,0.11167669600627485,0.02383961844247033,0.0008405931983874455,0.004656263031129841,0.007781904951963754,1.3417248577817537e-05,0.025988833803249976,6.18280314617865,True
paper_poly3,softplus,"16,8,4",3,3,0,False,3.3310683647869155e-05,4.4409354797532207e-10,3.322213668997753e-05,,,,0.05060374511358368,0.06437882680174828,0.2975786679998788,0.02393384714614073,3.8737285585274354e-05,0.0048046220621683925,0.002524248087247473,1.881926915699008e-05,0.0057504673110903865,4.875109082413167,True
paper_poly3,softplus,"16,8,4",3,3,0,False,9.630689601181075e-05,4.4409354797532207e-10,9.615269679292707e-05,,,,0.07040576790115001,0.081875481448006,0.049066163072083474,0.02393392821264915,0.00011498884544078455,0.0056685502360918965,0.004565316842801513,6.215643836327609e-05,0.009792534168857782,5.336182922137441,True
paper_poly3,softplus,"16,8,4",3,3,0,False,0.00010145679698325694,4.4409354797532207e-10,0.00010130508923674765,,,,0.12914619968869553,0.1314461269751945,0.020441395025977565,0.023931591190777875,0.00012108943835086711,0.006507026623778997,0.0033089637392030562,3.519490725314054e-05,0.010051502954692752,5.358806683850345,True
paper_poly3,softplus,"16,8,4",3,3,0,False,7.394606654997915e-05,4.4409354797532207e-10,7.382832679705047e-05,,,,0.03727479546717946,0.03827153763351937,0.018276613401756663,0.023931081367767386,8.761857135648415e-05,0.003784291018514521,0.004677364857896755,4.78979194711751e-06,0.008578116350355564,5.221440613743388,True
paper_poly3,softplus,"16,8,4",3,3,0,False,0.0001132089746533893,4.4409354797532207e-10,0.00011305442109272055,,,,0.058756321501972096,0.059942530093042116,0.2725708633413584,0.023907628872836557,0.00013581247244192512,0.0067264584091600785,0.004615401824528483,1.1423745612379878e-05,0.010618897086186557,5.4064063933969715,True
paper_poly3,tanh,4,1,3,0,True,0.0002634696720633656,0.0007134258517737688,0.0011734453409052643,0.19710744095839616,0.19402684822757496,0.81,0.1469284014475509,0.15966035446481064,0.43081356203630605,0.023860275997836838,0.0016844880543847747,0.017866401343792956,0.006294359622555166,0.0007865942273709695,0.010478283901361376,-0.43261821154545976,False
paper_poly3,tanh,4,1,3,0,True,0.00014597173139918596,0.0007134258517737688,0.0009981009970184366,4.620270093724854,4.617469561510791,0.735,0.11370902736328907,0.11890122104694777,0.20592604700197445,0.023912441161165927,0.001458288200768025,0.020192871868712874,0.002258255497174545,0.0007462839836644117,0.014628156638508534,-0.6890800831229357,False
paper_poly3,tanh,4,1,3,0,True,6.649572605965659e-05,0.0007134258517737688,0.0009477600914480653,0.043330111571688194,0.043111623088818087,0.895,0.03127322711419433,0.037816161671003705,0.2236918547088189,0.023889249899745366,0.001408018888337375,0.018668609177907462,0.0024712968764081765,0.0008127700599994195,0.018555541633606783,-1.030555110032246,False
paper_poly3,tanh,4,1,3,0,True,0.00023421687365043908,0.0007134258517737688,0.0011739546452657111,0.2865103095791205,0.28439178187830283,0.81,0.13229872410247517,0.13260892835471963,0.4170815933267291,0.02384987949055454,0.0017434177096459374,0.02256810751064115,0.0039529310061199386,0.0007439396315373842,0.011405887156367246,-0.4837306627533018,False
paper_poly3,tanh,4,1,3,0,True,0.0003114348801318556,0.0007134258517737688,0.0012945140945888956,0.4042714301659448,0.4007189274536102,0.805,0.18504349157690184,0.18652904683327526,0.30871378462593946,0.023835890960674143,0.0018965428683261594,0.02119561491470877,0.005714816807706024,0.0007478681701200687,0.009062515116248452,-0.35998159129108936,False
paper_poly3,tanh,4,1,3,0,True,0.0002404034457867965,0.0007134258517737688,0.0010974956853051047,3.1768492385134026,3.1715650626737153,0.615,0.09566231552707918,0.09366991476427458,0.21962359296109085,0.02391022805801573,0.0015555763783589905,0.017493359267357983,0.0043249901083813195,0.0010313924877261836,0.011205083718467585,-0.4724081541574824,False
paper_poly3,tanh,4,1,3,0,True,9.867826156551018e-05,0.0007134258517737688,0.0009211755494157583,1.0118694264678556,1.0099642542188014,0.69,0.09128853391703454,0.08673409535708257,0.28176487139899853,0.02392053910811505,0.0013562473297138691,0.02014270913380891,0.0025252032670928107,0.000699792361547049,0.016776339543436075,-0.8591273525945918,False
paper_poly3,tanh,4,1,3,0,True,0.00010557103087194264,0.0007134258517737688,0.0008844869425598316,0.1818889838572072,0.17991818150531372,0.835,0.09211828538475154,0.09677570237685174,0.22823697043408853,0.023893405918824294,0.0013326283510217626,0.02041461232119505,0.0028481987605914385,0.0007051937530418321,0.016435256353425298,-0.8298040800865688,False
paper_poly3,tanh,4,1,3,0,True,9.379503171658143e-05,0.0007134258517737688,0.0008615151106140717,0.27007865700799855,0.26809005750215975,0.66,0.07441573838253333,0.07946025237754176,0.3462079729579986,0.02391301801152297,0.001271345092791699,0.015722939474429234,0.0023002192265110725,0.0007565249108097016,0.017025249278267755,-0.8811690078356413,False
paper_poly3,tanh,4,1,3,0,True,9.292732283938676e-05,0.0007134258517737688,0.0009314849772679602,1.1569915479473052,1.1549768630193284,0.775,0.11782872010222913,0.11325467114251961,0.39090893218028444,0.023901794409750245,0.0013882216732234271,0.02249283592919372,0.002041023643347518,0.0007073719864275663,0.01707015090316414,-0.8852054167684424,False
paper_poly3,tanh,4,1,3,0,True,3.716734136105515e-05,0.0007134258517737688,0.0007691429437312626,0.20626346844178683,0.2052725834441011,0.695,0.15283008900288475,0.14952549101284424,0.35969697776433446,0.023907513956516847,0.001141706673217321,0.01701447904091077,0.0005967612610178188,0.0008313971953898386,0.020613530404928786,-1.2831873459948626,False
paper_poly3,tanh,4,1,3,0,True,0.00010565494449110702,0.0007134258517737688,0.0009319505513407342,7.972915034329243,7.971502039035544,0.725,0.1417567950854321,0.13311309035230143,0.42059647028462727,0.023917317852426727,0.001404280269238136,0.026295791719464813,0.0012069206556910934,0.0007738595922243982,0.016431173687904328,-0.8294590162409486,False
paper_poly3,tanh,4,1,3,0,True,0.00012784649152308702,0.0007134258517737688,0.000993980996188964,3.817449867718131,3.816836198770412,0.74,0.15498207916786716,0.14618298827468196,0.4039909117998103,0.023904147975273286,0.0014910835959466716,0.022072660094743658,0.00032884499545084145,0.0007725531180757845,0.015403110509039676,-0.7466600281965486,False
paper_poly3,tanh,4,1,3,0,True,0.0006462441524490714,0.0007134258517737688,0.0017902343852163186,0.3547887134142378,0.3553268466640221,0.535,0.18275276592619555,0.1846829546378623,0.09260638632574208,0.02384250177004927,0.0025498002241010017,0.02408134327349353,0.009098907724865792,0.000818089904824339,0.001288700167092656,-0.042952216028771965,False
paper_poly3,tanh,4,1,3,0,True,0.0001611533371033147,0.0007134258517737688,0.00109388661148472,0.054912940358593613,0.05462558280648015,0.86,0.0605762496539807,0.05825354502710775,0.42334568142386797,0.023891744191878814,0.0015969506350172538,0.016360014705031123,0.003956190922124726,0.0007750309602078669,0.014015414361661786,-0.6461095392777977,False
paper_poly3,tanh,4,1,3,0,True,0.00017988047329708934,0.0007134258517737688,0.0009668751641339421,0.2509220932050734,0.2479012572466975,0.725,0.10065896364070144,0.1108229865211265,0.17341591277327795,0.023872626052311326,0.0014301780597304658,0.020017851998285104,0.003533234102339077,0.000703975432993868,0.013298080164399076,-0.5983648208253332,False
paper_poly3,tanh,4,1,3,0,True,0.00014137511607259512,0.0007134258517737688,0.0010247773516029906,0.47957916712822224,0.4781040392361558,0.765,0.0514174056137818,0.05458996765182447,0.4380329928774484,0.02390414009040875,0.001511626470290982,0.020548679424358157,0.003952052185810769,0.0006925559342394863,0.014819905960805659,-0.7029758679271665,False
paper_poly3,tanh,4,1,3,0,True,0.0002667995577212423,0.0007134258517737688,0.0012492370274078044,0.13268234576525767,0.13191556747810979,0.815,0.055490167640387875,0.06316478790336089,0.4844024523365309,0.023906003441650194,0.0017873407122702338,0.016512371551407036,0.0067382454398341105,0.0007318282660566453,0.010376032739761329,-0.42716373712093597,False
paper_poly3,tanh,4,1,3,0,True,0.00039631302934139967,0.0007134258517737688,0.0013921528519216986,0.16764714760753413,0.16552081040332148,0.845,0.0980382717384634,0.1090678179975029,0.6481781531999269,0.023885222789970156,0.0019739012249133667,0.017503289814788284,0.007747862149106122,0.0007903497844250416,0.006802420445877925,-0.2553104918244129,False
paper_poly3,tanh,4,1,3,0,True,4.7099099901970476e-05,0.0007134258517737688,0.0009044740413024461,0.06326734240908363,0.06318149415920572,0.86,0.03321773756661742,0.03740926601089846,0.43371903314347043,0.023899561047163058,0.0013528950933236134,0.018571869502125905,0.0014760660564370966,0.0007502402597641378,0.01984715439472454,-1.180336234902711,False
paper_poly3,tanh,4,1,3,0,True,7.589934102725238e-05,0.0007134258517737688,0.000836183631937398,3.4449526769312615,3.44295413117966,0.66,0.19935554605228273,0.18798707472865797,0.10250146116254814,0.023907070352518794,0.0012641862825020684,0.02299893205361035,0.0008211815410730618,0.0007891953882843734,0.017998010006251168,-0.9731108371445071,False
paper_poly3,tanh,4,1,3,0,True,0.0007143396069295704,0.0007134258517737688,0.0017998469679277854,2.241442844902032,2.2412397953822683,0.785,0.14272519425112973,0.1415618582832504,0.16648036494840146,0.023808325145094053,0.002537456744019775,0.02370069463874489,0.0036536103179588475,0.0009489732871786265,1.7099618819939322e-05,0.0005558880469285213,False
paper_poly3,tanh,4,1,3,0,True,0.00018270546570420265,0.0007134258517737688,0.0011073646085161687,0.18855184422649876,0.18699955129826004,0.835,0.11248011161313412,0.11497959912486629,0.3021232762164893,0.023866964865285112,0.0016478196164263566,0.020674922497630713,0.0033546854968741478,0.0007557296934065336,0.013193174218646865,-0.5915973027945725,False
paper_poly3,tanh,4,1,3,0,True,0.00010655834921635687,0.0007134258517737688,0.0009384982772631333,0.39355698142660134,0.3908461613998414,0.8,0.09181104594743195,0.0912792735454118,0.36301371443351466,0.023878998451124272,0.001405744627187667,0.022526386279676992,0.0035620626594725226,0.0007004097381325067,0.016387322430517368,-0.8257613585649068,False
paper_poly3,tanh,4,1,3,0,True,8.65552865434438e-05,0.0007134258517737688,0.0009396776769195644,0.28716857774152804,0.2863794654802112,0.785,0.055945603601409,0.055917400708830715,0.2540679262586618,0.023916431546744873,0.0013935044990356802,0.01883706976477301,0.003073653542215303,0.0006989230969362706,0.017406523425364976,-0.9160552439710178,False
paper_poly3,tanh,4,1,3,0,True,8.751708082854748e-05,0.0007134258517737688,0.0009106009714751443,1.4644416153530928,1.4633541646647676,0.695,0.11746698464517746,0.1062493674668253,0.2622996949276455,0.023924634827126073,0.0013509703653714208,0.01947281803132246,0.0015057726790081813,0.0007258476201966642,0.017354976361377956,-0.9112560192838608,False
paper_poly3,tanh,4,1,3,0,True,0.00013161329843569547,0.0007134258517737688,0.0009558865422621469,5.0586738285871276,5.056619538322943,0.655,0.13632791868452052,0.12898991797215725,0.0690451081087663,0.023916975420356187,0.0014169830955977026,0.024899869013873678,0.00013937282146777913,0.0007416062738788751,0.015237748868327076,-0.7340490690658219,False
paper_poly3,tanh,4,1,3,0,True,0.00012719078222289681,0.0007134258517737688,0.0009532900047006085,0.17433823115422536,0.17160957442526611,0.825,0.08054204079520008,0.08761307344827095,0.27071236739383125,0.0238854676143236,0.0013971152093438962,0.01766371527708771,0.004022847951777664,0.0007657412818148208,0.015432143707036421,-0.7488932041875747,False
paper_poly3,tanh,4,1,3,0,True,0.00023911040625534952,0.0007134258517737688,0.0011829547538045814,0.16449662527557776,0.16331819131707537,0.8,0.055766132384053035,0.06462189476512732,0.41398540076901563,0.023901740615668687,0.0016994082517561013,0.016063379853413162,0.0059408676543986376,0.000773464430178448,0.01124683757751007,-0.4747503650951799,False
paper_poly3,tanh,4,1,3,0,True,0.0007320294389501214,0.0007134258517737688,0.001859042822436615,1.8112553249704062,1.8095985865801942,0.785,0.13295504987437334,0.13246089733820543,0.37736082197530196,0.023810787249649544,0.002619623214625141,0.02410168276851323,0.005016469209870283,0.0009458059866120526,0.0003460097664703052,0.01117970436359419,False
paper_poly3,tanh,4,1,3,0,True,8.504020661348477e-05,0.0007134258517737688,0.0008920659315583015,0.19380516307155876,0.1915823719530518,0.735,0.14146557646955585,0.13741070464621297,0.5844835309129215,0.023913436475609253,0.0013321302087613272,0.018248725950002303,0.0021068937762251153,0.0007786523243661234,0.017488308083184398,-0.9237245357503616,False
paper_poly3,tanh,4,1,3,0,True,0.0007201790576800704,0.0007134258517737688,0.0018053634964651116,0.4693015701769223,0.4665433427641362,0.805,0.14880553797256352,0.15303949730309255,0.1139100873591612,0.023809713544158208,0.0025464518254040523,0.02125024405916328,0.0073772161273607355,0.0009067376225938209,0.0001261192730018547,0.004091645801340814,False
paper_poly3,tanh,4,1,3,0,True,9.620239143259823e-05,0.0007134258517737688,0.0009253589071531533,0.40181022436708297,0.3997196152397812,0.78,0.07675879688398483,0.07696921145516161,0.6166298419733537,0.02389464876871055,0.001375649365683961,0.021328613935615963,0.003281038151753059,0.0007063762716020144,0.016901751014656657,-0.870162974412033,False
paper_poly3,tanh,4,1,3,0,True,0.00011344959057169035,0.0007134258517737688,0.0010514246421110577,0.08097345042369301,0.08104876896044852,0.85,0.03852705440569579,0.04036393736735108,0.5246690263384903,0.023924222534752446,0.001546982068200581,0.018481948458089904,0.003564414256383139,0.000725709890543582,0.016058761010560075,-0.798545909529617,False
paper_poly3,tanh,4,1,3,0,True,9.830239287111908e-05,0.0007134258517737688,0.0008523347385258835,0.7086053009803054,0.704602667136915,0.645,0.1157000934318258,0.12210025453908874,0.2951317354343557,0.023892155676755962,0.0012617212925309339,0.018896183912799513,0.002287521972857196,0.0008005637415079103,0.01679527647314927,-0.8607847528959538,False
paper_poly3,tanh,4,1,3,0,True,0.00022947815887164325,0.0007134258517737688,0.0011912191356959782,0.6201364929109847,0.614967412928628,0.795,0.13146454315630998,0.13353124659375332,0.1431142288359259,0.02384170316804718,0.0017615438930912348,0.026441019564856394,0.00602743729996826,0.0007883404251419643,0.011561496266711447,-0.4926074855954567,False
paper_poly3,tanh,4,1,3,0,True,0.0006525692297145724,0.0007134258517737688,0.001713196118214348,0.3594253165422916,0.3581923913527787,0.79,0.08714659361044985,0.09479687879273005,0.5498710969434809,0.023837339261603575,0.002405283696913425,0.018488235074647034,0.0065790586669858,0.0008954835255374687,0.0011645981765629823,-0.03872225057351509,False
paper_poly3,tanh,4,1,3,0,True,0.00010302918963134289,0.0007134258517737688,0.000949361256738675,0.11598845275939054,0.11579287186630202,0.735,0.08986077441986381,0.09347030015544462,0.7276785782199848,0.023900550308782464,0.0013887884031246627,0.01677996556203537,0.0018478107834292183,0.0007876752590745894,0.016559703259309836,-0.8403885585004295,False
paper_poly3,tanh,4,1,3,0,True,0.00013915212184656411,0.0007134258517737688,0.0009998226093422239,0.11299429098612633,0.11145188033012227,0.655,0.06168548824526348,0.06812788088693619,0.4283432857273442,0.02390521109893655,0.0014637147613755434,0.018163199744482873,0.00469781711605145,0.0007242033973187947,0.014913757030729365,-0.7098590094132303,False
paper_poly3,tanh,4,1,3,0,True,0.00016293507360387594,0.0007134258517737688,0.0010912783697078505,0.20412459771189959,0.20264419743377057,0.83,0.12103436104420064,0.12434879678757066,0.503058902035486,0.023872613318859256,0.0016317908471309096,0.023818171255408298,0.0031763612471103746,0.0007684644897905228,0.01394543042481359,-0.641334261292656,False
paper_poly3,tanh,4,1,3,0,True,0.0001475995813962072,0.0007134258517737688,0.0010107136414040064,1.2557519937616188,1.2521484384099795,0.76,0.0925170522570752,0.09652172189598754,0.2669241050541108,0.023916652540862705,0.001460282073777673,0.01744743199478603,0.004791665055183759,0.0006863378057573062,0.014560975981479008,-0.6842637166315949,False
paper_poly3,tanh,4,1,3,0,True,0.00010638625099090859,0.0007134258517737688,0.0009064015908732088,0.16129075351013714,0.1590514489691883,0.81,0.09461400631436197,0.10267061181964576,0.1684494656613269,0.023901854250302685,0.0013314265055137157,0.01593748767915249,0.003726617992143434,0.0007366168967654629,0.01639566170202946,-0.8264633376323024,False
paper_poly3,tanh,4,1,3,0,True,7.254651427501813e-05,0.0007134258517737688,0.000871841149110799,0.3432205228208137,0.3417737236424381,0.78,0.053131900000815926,0.05454773833557219,0.20089246265331548,0.02391054301055353,0.0013013280083572728,0.020468612528300196,0.0020946541099479085,0.000727416168724519,0.0181926086351702,-0.9927322921941935,False
paper_poly3,tanh,4,1,3,0,True,0.00015021806757431477,0.0007134258517737688,0.0010253142539413175,0.23913505162462653,0.23770703861046197,0.785,0.06685169293772149,0.06967306727245193,0.34751185230961606,0.02388278503326758,0.0014955744935235262,0.01874312293348431,0.004809060794512317,0.0007225546030429432,0.01445368474034622,-0.6766266715709842,False
paper_poly3,tanh,4,1,3,0,True,8.96042984095402e-05,0.0007134258517737688,0.0009542731726633191,0.07110847884462532,0.07119334974171232,0.735,0.08964281478022401,0.08449989094571683,0.2238739735344328,0.023876551275522594,0.0014111086033385474,0.016817994699663812,0.00169603278648799,0.0008303766428454803,0.017244078091019452,-0.9010199987168543,False
paper_poly3,tanh,4,1,3,0,True,8.205001358874142e-05,0.0007134258517737688,0.000924009123733557,0.5036828172554045,0.502387514243096,0.77,0.06953500227750284,0.06855725541405629,0.44977173868469533,0.02391933257811396,0.001363115304393525,0.020226298095875117,0.0030910061169844346,0.0007133948693359268,0.01765188653680053,-0.9392701851127804,False
paper_poly3,tanh,4,1,3,0,True,0.0001353543484583497,0.0007134258517737688,0.0009794474218059682,0.9984959021917668,0.99561531194513,0.705,0.06621224014351645,0.07565240047296157,0.33632416008298094,0.023915731197786307,0.0014216913421287447,0.016112353976591626,0.0036858712733223676,0.0007436646405056073,0.01507584401719182,-0.7218766297454368,False
paper_poly3,tanh,4,1,3,0,True,0.00017115179798565805,0.0007134258517737688,0.0010586239523201727,0.16742253711669977,0.16576455150099936,0.705,0.13644863988380157,0.1238713891961225,0.12484585067701896,0.023913297364995124,0.0015296793800631233,0.016107600879540544,0.0041210126596752565,0.000973515186340873,0.013627533108305116,-0.6199673765749362,False
paper_poly3,tanh,4,1,3,0,True,0.00019746665202546865,0.0007134258517737688,0.0011257556275453778,0.17087270426894946,0.16866680181538612,0.815,0.11048701138001274,0.12318023022562692,0.3485481533904892,0.023897388569728922,0.0016342389561750858,0.016711339178200106,0.005665089438402553,0.0007933564776019543,0.012657749987671944,-0.5578550794990569,False
paper_poly3,tanh,4,1,3,0,True,0.00010007350647356361,0.0007134258517737688,0.0009365913923720321,1.0611626962283696,1.059424509096028,0.74,0.06990187097298733,0.06818880321941,0.401558386505143,0.023913798785933808,0.0013866278845043145,0.02082931522576181,0.0023501060503380807,0.0007095664073918091,0.01670635814392418,-0.8530297251407696,False
paper_poly3,tanh,4,1,3,0,False,0.0002634696720633656,0.002982945129673862,0.002599680699843753,0.19710744095839616,0.19402684822757496,0.81,0.1469284014475509,0.15966035446481064,0.43081356203630605,0.023860275997836838,0.003878423938307821,0.0049876700545198275,0.012295572805475394,0.00260055817866609,0.03838459600376709,-1.0539146338445158,False
paper_poly3,tanh,4,1,3,0,False,0.00014597173139918596,0.002982945129673862,0.0028357011507616397,4.620270093724854,4.617469561510791,0.735,0.11370902736328907,0.11890122104694777,0.20592604700197445,0.023912441161165927,0.004128015209242371,0.008589550786391911,0.016382619587055905,0.00283692092734889,0.04253446874091425,-1.3103765054219916,False
paper_poly3,tanh,4,1,3,0,False,6.649572605965659e-05,0.002982945129673862,0.0028894542915785288,0.043330111571688194,0.043111623088818087,0.895,0.03127322711419433,0.037816161671003705,0.2236918547088189,0.023889249899745366,0.0041521487650897065,0.007897532779843551,0.016173449396182774,0.00289022833016814,0.0464618537360125,-1.651851532331302,False
paper_poly3,tanh,4,1,3,0,False,0.00023421687365043908,0.002982945129673862,0.002669875105738162,0.2865103095791205,0.28439178187830283,0.81,0.13229872410247517,0.13260892835471963,0.4170815933267291,0.02384987949055454,0.003945571331507268,0.0059518342874268415,0.014646710448799356,0.0026703713984904615,0.03931219925877296,-1.1050270850523576,False
paper_poly3,tanh,4,1,3,0,False,0.0003114348801318556,0.002982945129673862,0.0025991985673636804,0.4042714301659448,0.4007189274536102,0.805,0.18504349157690184,0.18652904683327526,0.30871378462593946,0.023835890960674143,0.0038764619247172983,0.004978371783003409,0.012866416614869251,0.0025995999200266627,0.03696882721865417,-0.9812780135901453,False
paper_poly3,tanh,4,1,3,0,False,0.0002404034457867965,0.002982945129673862,0.0026412515350952926,3.1768492385134026,3.1715650626737153,0.615,0.09566231552707918,0.09366991476427458,0.21962359296109085,0.02391022805801573,0.003880812601846339,0.006123617704369482,0.014302958884386499,0.0026418067376266547,0.0391113958208733,-1.0937045764565383,False
paper_poly3,tanh,4,1,3,0,False,9.867826156551018e-05,0.002982945129673862,0.0027407263410181987,1.0118694264678556,1.0099642542188014,0.69,0.09128853391703454,0.08673409535708257,0.28176487139899853,0.02392053910811505,0.003972127413238295,0.007408485282021474,0.016105701510371804,0.002740835742474402,0.04468265164584179,-1.4804237748936477,False
paper_poly3,tanh,4,1,3,0,False,0.00010557103087194264,0.002982945129673862,0.0027932461277902303,0.1818889838572072,0.17991818150531372,0.835,0.09211828538475154,0.09677570237685174,0.22823697043408853,0.023893405918824294,0.004034122611881706,0.005243736110666227,0.015747242958977684,0.0027927896258091245,0.04434156845583102,-1.4511005023856247,False
paper_poly3,tanh,4,1,3,0,False,9.379503171658143e-05,0.002982945129673862,0.0027145667442167788,0.27007865700799855,0.26809005750215975,0.66,0.07441573838253333,0.07946025237754176,0.3462079729579986,0.02391301801152297,0.003928163004589629,0.005933521904357328,0.016324616997783536,0.0027150204841225383,0.044931561380673474,-1.5024654301346974,False
paper_poly3,tanh,4,1,3,0,False,9.292732283938676e-05,0.002982945129673862,0.002811951967548905,1.1569915479473052,1.1549768630193284,0.775,0.11782872010222913,0.11325467114251961,0.39090893218028444,0.023901794409750245,0.00407185639815353,0.0075252651979485505,0.01657431154980856,0.0028132103231473444,0.04497646300556985,-1.5065018390674982,False
paper_poly3,tanh,4,1,3,0,False,3.716734136105515e-05,0.002982945129673862,0.002829285493863441,0.20626346844178683,0.2052725834441011,0.695,0.15283008900288475,0.14952549101284424,0.35969697776433446,0.023907513956516847,0.004039927765805955,0.006020658311590722,0.018053329554304283,0.0028282089399788834,0.0485198425073345,-1.9044837682939186,False
paper_poly3,tanh,4,1,3,0,False,0.00010565494449110702,0.002982945129673862,0.003034948892274109,7.972915034329243,7.971502039035544,0.725,0.1417567950854321,0.13311309035230143,0.42059647028462727,0.023917317852426727,0.004352528615960677,0.009186630734219341,0.01981804805094657,0.0030369366797020104,0.04433748579031004,-1.4507554385400045,False
paper_poly3,tanh,4,1,3,0,False,0.00012784649152308702,0.002982945129673862,0.0029313028178500735,3.817449867718131,3.816836198770412,0.74,0.15498207916786716,0.14618298827468196,0.4039909117998103,0.023904147975273286,0.004232367024945324,0.007137571961568986,0.018289092332003938,0.002931998624535767,0.043309422611445395,-1.3679564504956045,False
paper_poly3,tanh,4,1,3,0,False,0.0006462441524490714,0.002982945129673862,0.0026210717793706136,0.3547887134142378,0.3553268466640221,0.535,0.18275276592619555,0.1846829546378623,0.09260638632574208,0.02384250177004927,0.004018858563197961,0.007204329821706594,0.009464112921501119,0.0026175172451206275,0.02919501226949837,-0.6642486383278279,False
paper_poly3,tanh,4,1,3,0,False,0.0001611533371033147,0.002982945129673862,0.0027071170879109058,0.054912940358593613,0.05462558280648015,0.86,0.0605762496539807,0.05825354502710775,0.42334568142386797,0.023891744191878814,0.003977048275315153,0.006532133091204553,0.014673956902243015,0.0027056748393830656,0.0419217264640675,-1.2674059615768536,False
paper_poly3,tanh,4,1,3,0,False,0.00017988047329708934,0.002982945129673862,0.002684625051107724,0.2509220932050734,0.2479012572466975,0.725,0.10065896364070144,0.1108229865211265,0.17341591277327795,0.023872626052311326,0.003928982660133348,0.004634539380602482,0.015056975620966131,0.002684470160322518,0.04120439226680479,-1.2196612431243892,False
paper_poly3,tanh,4,1,3,0,False,0.00014137511607259512,0.002982945129673862,0.002723540594760803,0.47957916712822224,0.4781040392361558,0.765,0.0514174056137818,0.05458996765182447,0.4380329928774484,0.02390414009040875,0.003981751879913141,0.0069084031642794915,0.01466784383497915,0.0027233753410870133,0.04272621806321138,-1.3242722902262225,False
paper_poly3,tanh,4,1,3,0,False,0.0002667995577212423,0.002982945129673862,0.002681549642053302,0.13268234576525767,0.13191556747810979,0.815,0.055490167640387875,0.06316478790336089,0.4844024523365309,0.023906003441650194,0.003999811278046986,0.007838834277097535,0.011881717256948119,0.0026805996407299674,0.03828234484216704,-1.0484601594199918,False
paper_poly3,tanh,4,1,3,0,False,0.00039631302934139967,0.002982945129673862,0.0025468119299957128,0.16764714760753413,0.16552081040332148,0.845,0.0980382717384634,0.1090678179975029,0.6481781531999269,0.023885222789970156,0.0038377487354319087,0.005621173237719947,0.010835841225401144,0.002547265698452998,0.03470873254828364,-0.8766069141234688,False
paper_poly3,tanh,4,1,3,0,False,4.7099099901970476e-05,0.002982945129673862,0.002937863734412921,0.06326734240908363,0.06318149415920572,0.86,0.03321773756661742,0.03740926601089846,0.43371903314347043,0.023899561047163058,0.004195362900163148,0.008119307439891836,0.017173891719208603,0.002935707960056712,0.047753466497130255,-1.8016326572017667,False
paper_poly3,tanh,4,1,3,0,False,7.589934102725238e-05,0.002982945129673862,0.0029075768888925497,3.4449526769312615,3.44295413117966,0.66,0.19935554605228273,0.18798707472865797,0.10250146116254814,0.023907070352518794,0.004142058672483385,0.00705205485690464,0.019440094877069464,0.0029080709298543285,0.045904322108656886,-1.594407259443563,False
paper_poly3,tanh,4,1,3,0,False,0.0007143396069295704,0.002982945129673862,0.0026793877258114536,2.241442844902032,2.2412397953822683,0.785,0.14272519425112973,0.1415618582832504,0.16648036494840146,0.023808325145094053,0.004088793223353846,0.00746720543783703,0.014982796005594455,0.002680649616891513,0.027889212483585776,-0.6207405342521274,False
paper_poly3,tanh,4,1,3,0,False,0.00018270546570420265,0.002982945129673862,0.0027099237778744913,0.18855184422649876,0.18699955129826004,0.835,0.11248011161313412,0.11497959912486629,0.3021232762164893,0.023866964865285112,0.003956966883424131,0.00471326271058611,0.015262245873986358,0.0027096053123504184,0.04109948632105258,-1.2128937250936285,False
paper_poly3,tanh,4,1,3,0,False,0.00010655834921635687,0.002982945129673862,0.002738518862214043,0.39355698142660134,0.3908461613998414,0.8,0.09181104594743195,0.0912792735454118,0.36301371443351466,0.023878998451124272,0.003975286656467239,0.006409385948468977,0.015033044235345842,0.0027387604871712662,0.044293634532923086,-1.4470577808639629,False
paper_poly3,tanh,4,1,3,0,False,8.65552865434438e-05,0.002982945129673862,0.0027933092383911813,0.28716857774152804,0.2863794654802112,0.785,0.055945603601409,0.055917400708830715,0.2540679262586618,0.023916431546744873,0.004045916036318769,0.008040486158320384,0.015556058292925121,0.0027914393185361147,0.04531283552777069,-1.5373516662700737,False
paper_poly3,tanh,4,1,3,0,False,8.751708082854748e-05,0.002982945129673862,0.0028023165418316386,1.4644416153530928,1.4633541646647676,0.695,0.11746698464517746,0.1062493674668253,0.2622996949276455,0.023924634827126073,0.0040380048936385395,0.007520023141616327,0.017131347397894056,0.002802249174894887,0.04526128846378367,-1.5325524415829166,False
paper_poly3,tanh,4,1,3,0,False,0.00013161329843569547,0.002982945129673862,0.0028907095575177095,5.0586738285871276,5.056619538322943,0.655,0.13632791868452052,0.12898991797215725,0.0690451081087663,0.023916975420356187,0.004185490300450161,0.008100225092727426,0.018483727190584293,0.002891225447618654,0.04314406097073279,-1.355345491364878,False
paper_poly3,tanh,4,1,3,0,False,0.00012719078222289681,0.002982945129673862,0.002724545170768923,0.17433823115422536,0.17160957442526611,0.825,0.08054204079520008,0.08761307344827095,0.27071236739383125,0.0238854676143236,0.003995018329204524,0.006116275776072901,0.014586941213538897,0.0027240305803669694,0.043338455809442136,-1.3701896264866305,False
paper_poly3,tanh,4,1,3,0,False,0.00023911040625534952,0.002982945129673862,0.0026724448633165814,0.16449662527557776,0.16331819131707537,0.8,0.055766132384053035,0.06462189476512732,0.41398540076901563,0.023901740615668687,0.003969083913097135,0.007118483959960044,0.012674991922247972,0.0026714352888982324,0.03915314967991579,-1.0960467873942359,False
paper_poly3,tanh,4,1,3,0,False,0.0007320294389501214,0.002982945129673862,0.0026501839757051976,1.8112553249704062,1.8095985865801942,0.785,0.13295504987437334,0.13246089733820543,0.37736082197530196,0.023810787249649544,0.004057330978283135,0.007552082211651868,0.013604098153768437,0.002652311238337202,0.02756030233593541,-0.6101167179354617,False
paper_poly3,tanh,4,1,3,0,False,8.504020661348477e-05,0.002982945129673862,0.002686589499192416,0.19380516307155876,0.1915823719530518,0.735,0.14146557646955585,0.13741070464621297,0.5844835309129215,0.023913436475609253,0.0038865962414129157,0.004697245592788328,0.01651087267351954,0.0026866233514599848,0.04539462018559011,-1.5450209580494176,False
paper_poly3,tanh,4,1,3,0,False,0.0007201790576800704,0.002982945129673862,0.0024361253216904468,0.4693015701769223,0.4665433427641362,0.805,0.14880553797256352,0.15303949730309255,0.1139100873591612,0.023809713544158208,0.003737283141183162,0.005402018062110206,0.011213319138936336,0.0024368499983474052,0.02778019282940386,-0.6172047764977151,False
paper_poly3,tanh,4,1,3,0,False,9.620239143259823e-05,0.002982945129673862,0.0027435997270779462,0.40181022436708297,0.3997196152397812,0.78,0.07675879688398483,0.07696921145516161,0.6166298419733537,0.02389464876871055,0.003976088919215563,0.006778403785659786,0.015326397825168115,0.002743976700408664,0.04480806311706237,-1.491459396711089,False
paper_poly3,tanh,4,1,3,0,False,0.00011344959057169035,0.002982945129673862,0.0028464226890177013,0.08097345042369301,0.08104876896044852,0.85,0.03852705440569579,0.04036393736735108,0.5246690263384903,0.023924222534752446,0.004151755249689636,0.008176342290401827,0.015082667513903084,0.0028452263478720694,0.04396507311296579,-1.419842331828673,False
paper_poly3,tanh,4,1,3,0,False,9.830239287111908e-05,0.002982945129673862,0.0027187223636819585,0.7086053009803054,0.704602667136915,0.645,0.1157000934318258,0.12210025453908874,0.2951317354343557,0.023892155676755962,0.003936533449315639,0.005517157617738071,0.016326619464529186,0.0027187994121479174,0.044701588575554986,-1.4820811751950096,False
paper_poly3,tanh,4,1,3,0,False,0.00022947815887164325,0.002982945129673862,0.0025973342244650253,0.6201364929109847,0.614967412928628,0.795,0.13146454315630998,0.13353124659375332,0.1431142288359259,0.02384170316804718,0.0038418715481138496,0.0068813296102267964,0.012533749501677207,0.002598568073172582,0.03946780836911716,-1.1139039078945125,False
paper_poly3,tanh,4,1,3,0,False,0.0006525692297145724,0.002982945129673862,0.0024754937322031107,0.3594253165422916,0.3581923913527787,0.79,0.08714659361044985,0.09479687879273005,0.5498710969434809,0.023837339261603575,0.003777991913004571,0.006934193350217191,0.012038947768968872,0.0024754103974504605,0.029070910278968697,-0.6600186728725711,False
paper_poly3,tanh,4,1,3,0,False,0.00010302918963134289,0.002982945129673862,0.002788964395244554,0.11598845275939054,0.11579287186630202,0.735,0.08986077441986381,0.09347030015544462,0.7276785782199848,0.023900550308782464,0.0040594786808941345,0.0054222365907811935,0.01680330828718382,0.002788916062706901,0.04446601536171555,-1.4616849807994854,False
paper_poly3,tanh,4,1,3,0,False,0.00013915212184656411,0.002982945129673862,0.0026561502694515318,0.11299429098612633,0.11145188033012227,0.655,0.06168548824526348,0.06812788088693619,0.4283432857273442,0.02390521109893655,0.003886613100572627,0.004344921654885347,0.013910730180393788,0.002655496292488699,0.04282006913313508,-1.3311554317122862,False
paper_poly3,tanh,4,1,3,0,False,0.00016293507360387594,0.002982945129673862,0.0027334933062490956,0.20412459771189959,0.20264419743377057,0.83,0.12103436104420064,0.12434879678757066,0.503058902035486,0.023872613318859256,0.003985796909494435,0.006705181803454016,0.015434342706827862,0.002732660290570544,0.04185174252721931,-1.262630683591712,False
paper_poly3,tanh,4,1,3,0,False,0.0001475995813962072,0.002982945129673862,0.0026514431465159832,1.2557519937616188,1.2521484384099795,0.76,0.0925170522570752,0.09652172189598754,0.2669241050541108,0.023916652540862705,0.003887329691206907,0.007410621760986925,0.013839716797017782,0.002652983479141922,0.042467288083884724,-1.3055601389306508,False
paper_poly3,tanh,4,1,3,0,False,0.00010638625099090859,0.002982945129673862,0.002672662188120525,0.16129075351013714,0.1590514489691883,0.81,0.09461400631436197,0.10267061181964576,0.1684494656613269,0.023901854250302685,0.003903896242405656,0.0062852024589708875,0.014886761940689837,0.0026725390074945287,0.04430197380443517,-1.4477597599313583,False
paper_poly3,tanh,4,1,3,0,False,7.254651427501813e-05,0.002982945129673862,0.0028086651958688924,0.3432205228208137,0.3417737236424381,0.78,0.053131900000815926,0.05454773833557219,0.20089246265331548,0.02391054301055353,0.0040394931539205585,0.007755728608783468,0.01652633843266154,0.0028077385662548054,0.04609892073757592,-1.6140287144932493,False
paper_poly3,tanh,4,1,3,0,False,0.00015021806757431477,0.002982945129673862,0.0027144229091920864,0.23913505162462653,0.23770703861046197,0.785,0.06685169293772149,0.06967306727245193,0.34751185230961606,0.02388278503326758,0.003983340128705806,0.007462654277323805,0.013803888805807196,0.0027131455298754735,0.042359996842751935,-1.2979230938700401,False
paper_poly3,tanh,4,1,3,0,False,8.96042984095402e-05,0.002982945129673862,0.00282946844858346,0.07110847884462532,0.07119334974171232,0.735,0.08964281478022401,0.08449989094571683,0.2238739735344328,0.023876551275522594,0.004105628240220713,0.004603854111940404,0.016950426877154055,0.0028269569174817033,0.04515039019342516,-1.5223164210159104,False
paper_poly3,tanh,4,1,3,0,False,8.205001358874142e-05,0.002982945129673862,0.0027746954182625927,0.5036828172554045,0.502387514243096,0.77,0.06953500227750284,0.06855725541405629,0.44977173868469533,0.02391933257811396,0.004019444208736681,0.008308348462054483,0.015537870412033816,0.0027763557373014507,0.045558198639206245,-1.5605666074118363,False
paper_poly3,tanh,4,1,3,0,False,0.0001353543484583497,0.002982945129673862,0.0026880189520727075,0.9984959021917668,0.99561531194513,0.705,0.06621224014351645,0.07565240047296157,0.33632416008298094,0.023915731197786307,0.003922203036433478,0.008099011579507022,0.014947484648866702,0.0026879170559814865,0.042982156119597534,-1.3431730520444927,False
paper_poly3,tanh,4,1,3,0,False,0.00017115179798565805,0.002982945129673862,0.0026016062028602883,0.16742253711669977,0.16576455150099936,0.705,0.13644863988380157,0.1238713891961225,0.12484585067701896,0.023913297364995124,0.0038137059974332863,0.005477857753093705,0.01449508369745566,0.0026013253462608237,0.04153384521071083,-1.241263798873992,False
paper_poly3,tanh,4,1,3,0,False,0.00019746665202546865,0.002982945129673862,0.0025737908534171168,0.17087270426894946,0.16866680181538612,0.815,0.11048701138001274,0.12318023022562692,0.3485481533904892,0.023897388569728922,0.0037930468024603404,0.006056853437415644,0.012935970363621842,0.0025731749095428535,0.04056406209007766,-1.179151501798113,False
paper_poly3,tanh,4,1,3,0,False,0.00010007350647356361,0.002982945129673862,0.0027733997989422793,1.0611626962283696,1.059424509096028,0.74,0.06990187097298733,0.06818880321941,0.401558386505143,0.023913798785933808,0.004019349020026975,0.006478253043166595,0.016274331208639234,0.002773901825418379,0.044612670246329894,-1.4743261474398255,False
paper_poly3,tanh,"8,4",2,3,0,True,6.209635466802865e-05,5.453964524685896e-06,5.208692557423289e-05,,,,0.09566363902587745,0.08989430644557526,0.3492587261414313,0.02392954469320139,5.836409091384901e-05,0.015328844224416558,0.004920328420762183,1.1439870075588739e-05,0.005544751566662832,1.0563537971626278,False
paper_poly3,tanh,"8,4",2,3,0,True,2.052775744232349e-05,5.453964524685896e-06,2.4405242584725136e-05,,,,0.025288831962338776,0.025997126903602216,0.6063632189009253,0.023916110564396117,3.347631768931579e-05,0.013062320393492477,0.00264410489722739,3.363832690431114e-05,0.002195384369346538,0.5756291986555288,False
paper_poly3,tanh,"8,4",2,3,0,True,3.146115705021657e-05,5.453964524685896e-06,1.890839773062911e-05,,,,0.035507442921135814,0.03685116557228752,0.5742560160626313,0.023930630961328525,2.204227399111067e-05,0.015530718590164258,0.001930832888408601,6.4278566965169674e-06,0.0032736521482182473,0.7610623819277237,False
paper_poly3,tanh,"8,4",2,3,0,True,4.0336257370654494e-05,5.453964524685896e-06,3.232386208536616e-05,,,,0.02655317372090166,0.024470342085651055,0.1982440893264399,0.02392492651077987,3.857807387284744e-05,0.014511791122721647,0.0023144622525346917,8.539864775515832e-06,0.004015710705629916,0.8689832906665637,False
paper_poly3,tanh,"8,4",2,3,0,True,3.948942321585491e-05,5.453964524685896e-06,3.4479084790882696e-05,,,,0.08145658730758398,0.07617555560234822,0.20120931274391138,0.02393095806519863,4.6016768811485484e-05,0.015596815126196933,0.002212810041330055,1.5358955732380543e-05,0.003948688585365795,0.8597684817135515,False
paper_poly3,tanh,"8,4",2,3,0,True,1.6219952158280648e-05,5.453964524685896e-06,1.2170170263870545e-05,,,,0.22055530619032312,0.19966009572065907,0.31801555316969676,0.023929493432998494,1.7047959804375126e-05,0.01836000178506337,3.4218271684799605e-06,1.1242888576513728e-05,0.001692027714075645,0.47333726015327443,False
paper_poly3,tanh,"8,4",2,3,0,True,1.226905715157045e-05,5.453964524685896e-06,1.3986383845878264e-05,,,,0.11897106584098205,0.13009434529191616,0.3924788812863862,0.023922478656915224,1.9735433042089465e-05,0.014947800580987438,0.00037208179445011465,1.5934386290571897e-05,0.001167348932707527,0.352098880745002,False
paper_poly3,tanh,"8,4",2,3,0,True,0.0001624854776309803,5.453964524685896e-06,0.000154048981793248,,,,0.024238354840310825,0.02552011975906813,0.3544836092835184,0.02390255194309983,0.0001767638948232259,0.011722001406673501,0.005912861394508868,3.080114765521564e-05,0.010411606697557673,1.474102242620584,False
paper_poly3,tanh,"8,4",2,3,0,True,2.0851954104728065e-05,5.453964524685896e-06,1.3984110410656887e-05,,,,0.08594292681323412,0.07783141283042445,0.3739781745874813,0.023934207236113787,1.6502540972078727e-05,0.01729884764634918,0.001157254358719712,9.645259559178633e-06,0.0022310215340733386,0.5824344516251665,False
paper_poly3,tanh,"8,4",2,3,0,True,4.102661841898225e-05,5.453964524685896e-06,3.108347770573082e-05,,,,0.05384730093951286,0.05400777813966994,0.29841148521440386,0.023934284683683495,3.392209387768825e-05,0.010376921018038181,0.0036051669431721323,2.1582384713024127e-05,0.004069829989972008,0.8763534133755201,False
paper_poly3,tanh,"8,4",2,3,0,True,5.746907481807284e-05,5.453964524685896e-06,5.056869514014386e-05,,,,0.022367611019118286,0.02274541533747163,0.3268717052652096,0.023932330785014624,5.99901933307756e-05,0.010147868892234,0.004042567808239213,2.6721727991965298e-05,0.005245463564169491,1.022721896832955,False
paper_poly3,tanh,"8,4",2,3,0,True,3.1241281249094754e-05,5.453964524685896e-06,2.1623762492952884e-05,,,,0.09026937203083125,0.07598984236963878,0.2805444948503528,0.023931262568658677,2.8704862538863597e-05,0.01642808616000451,7.351210820610428e-05,1.183527697444844e-05,0.0032540176010404007,0.7580165278547628,False
paper_poly3,tanh,"8,4",2,3,0,True,9.399323971592821e-06,5.453964524685896e-06,4.484245682059464e-06,,,,0.14618747410695804,0.15444387099106907,0.5109412275336569,0.023935778734044892,7.040371973435643e-06,0.015183040036030035,0.0007814478699023924,4.203524743964128e-06,0.0007304592337715578,0.23638431017640565,False
paper_poly3,tanh,"8,4",2,3,0,True,6.469660729635507e-05,5.453964524685896e-06,5.007111010240258e-05,,,,0.08429921451796565,0.08180362190288405,0.31444223252834774,0.023929718361974262,6.524243911826838e-05,0.01380851434002,0.0022078174937023307,1.5152699462099448e-05,0.005708047664802131,1.0741691980259909,False
paper_poly3,tanh,"8,4",2,3,0,True,3.855293107335456e-05,5.453964524685896e-06,2.7857921489165993e-05,,,,0.1327486622472955,0.1193410976752955,0.36527969326227905,0.02392945545710253,2.9351665401736275e-05,0.01427374093942337,0.0029245296103393168,2.166886680772405e-05,0.0038737282059025557,0.8493450931114261,False
paper_poly3,tanh,"8,4",2,3,0,True,6.308605952654034e-05,5.453964524685896e-06,4.7367266843177026e-05,,,,0.12194081362661803,0.11087011588638267,0.5475973258489146,0.02393432876044778,5.733150851388827e-05,0.01721349358910845,0.0014453029703615395,1.437983183697659e-05,0.00560730086414978,1.0632210926600312,False
paper_poly3,tanh,"8,4",2,3,0,True,0.00011297574383206666,5.453964524685896e-06,9.391666655338558e-05,,,,0.28208228389836143,0.2612324036316466,0.3816090141207713,0.023934273803549747,9.487448944615678e-05,0.01590442521551137,0.0050530026405786735,4.5524629439878034e-05,0.008293632377813562,1.3162729006604412,False
paper_poly3,tanh,"8,4",2,3,0,True,6.010323704686016e-05,5.453964524685896e-06,4.845036750350532e-05,,,,0.023582251048867797,0.023883063144524964,0.44315420204813194,0.0239228172653623,6.232314941508083e-05,0.009765711970225955,0.00217883140283271,1.5043758379769817e-05,0.005417255291562565,1.0421855541672058,False
paper_poly3,tanh,"8,4",2,3,0,True,7.65277654863894e-05,5.453964524685896e-06,5.777167604576481e-05,,,,0.16376019149091708,0.15467608683465034,0.22502111580005935,0.023934599272643436,6.661684277952642e-05,0.017578993272165593,0.00377221897492664,5.137709702721316e-05,0.00641264248596244,1.1471067239207944,False
paper_poly3,tanh,"8,4",2,3,0,True,5.8087902289116755e-05,5.453964524685896e-06,4.5407977300054517e-05,,,,0.1548031710916209,0.13828537011374437,0.49377650639465764,0.023935982533229073,5.730704735569322e-05,0.019091554261946322,0.002213397128413994,1.3920713297077237e-05,0.0052861695294158465,1.0273733844676705,False
paper_poly3,tanh,"8,4",2,3,0,True,6.308757292572409e-05,5.453964524685896e-06,4.491170858375607e-05,,,,0.12751254806261608,0.11882862366804482,0.4460962673951813,0.023933419960510703,4.9210254248130326e-05,0.018934671741956653,0.0035024778800182826,1.5996490928887925e-05,0.005607396133717456,1.0632315110160961,False
paper_poly3,tanh,"8,4",2,3,0,True,3.8536545616807416e-05,5.453964524685896e-06,3.499655848008415e-05,,,,0.015077161882929478,0.016559314105198633,0.32540811176429485,0.023906666609224837,4.9106810824881256e-05,0.00934948850351512,0.0027158909151201093,5.047534838836001e-05,0.003872408594673494,0.8491604735297509,False
paper_poly3,tanh,"8,4",2,3,0,True,6.180688069434837e-05,5.453964524685896e-06,5.8252980048189105e-05,,,,0.24749379242093703,0.24088691364591214,0.6098309447306018,0.023938886137276953,7.829195670171077e-05,0.015508213922549946,0.002789285771003818,6.714322959028278e-05,0.00552636276206713,1.0543245171718558,False
paper_poly3,tanh,"8,4",2,3,0,True,7.912517321528867e-05,5.453964524685896e-06,6.53747814769153e-05,,,,0.07715870771953212,0.0636090289184983,0.3202940134540821,0.023912100474308667,7.692853172310246e-05,0.01710862099250472,0.0027030033919734184,1.0610319417386062e-05,0.006559860714224425,1.1616023650073284,False
paper_poly3,tanh,"8,4",2,3,0,True,3.657096021925099e-05,5.453964524685896e-06,4.041020507301406e-05,,,,0.030353500580060033,0.03004355088983126,0.332900034813423,0.023928515370456364,4.9323912278627764e-05,0.013020564163949469,0.003386381965889933,2.1518378373048706e-05,0.003712020385272486,0.8264240547213945,False
paper_poly3,tanh,"8,4",2,3,0,True,0.00012213463196530938,5.453964524685896e-06,0.0001069069575699203,,,,0.043581634622263436,0.03966084136366338,0.371967383729581,0.02392542255404734,0.00012513003287268883,0.013299202621229137,0.004449713929008595,2.8920189886410477e-05,0.00871608137992134,1.3501265193168253,False
paper_poly3,tanh,"8,4",2,3,0,True,0.00011832032032543793,5.453964524685896e-06,0.0001009089699945527,,,,0.1709533152647095,0.1509547828807492,0.2791503362128205,0.023931693859043472,0.00012864189314753518,0.018007779499745552,7.356312316902638e-05,4.157972471502928e-05,0.008542141977401304,1.3363470279980671,False
paper_poly3,tanh,"8,4",2,3,0,True,8.651343705423642e-06,5.453964524685896e-06,7.014471374939937e-06,,,,0.07457771467946621,0.08172004304057479,0.47673085854270764,0.02393266752064012,9.016903108615758e-06,0.012870811356453512,0.0014406233966040376,4.6389042831517385e-06,0.0006059442023547252,0.2003712575081695,False
paper_poly3,tanh,"8,4",2,3,0,True,6.191954162204638e-05,5.453964524685896e-06,5.095417182483844e-05,,,,0.07489089006653711,0.08499634646748236,0.3882907295451512,0.023928495583056424,7.031703109202935e-05,0.019100604255561322,0.001965800195172373,5.2759561010310135e-05,0.0055335246437621145,1.0551154239455565,False
paper_poly3,tanh,"8,4",2,3,0,True,5.497342863236554e-05,5.453964524685896e-06,4.748849060660662e-05,,,,0.04915154163231286,0.043273206414221416,0.26119280519560656,0.023928283641278872,5.3867948485225756e-05,0.015345725885119045,0.004010211033894208,1.2462129667950854e-05,0.0050790343699142395,1.0034405155340924,False
paper_poly3,tanh,"8,4",2,3,0,True,7.096712943166494e-05,5.453964524685896e-06,6.522439450313685e-05,,,,0.09602136850998562,0.08715981008767985,0.23646950413866943,0.02393097597436357,7.840159123575707e-05,0.014941800131742938,0.004585468435895657,5.289608232192882e-05,0.006088826578469302,1.1143449299447061,False
paper_poly3,tanh,"8,4",2,3,0,True,3.1595161999575794e-05,5.453964524685896e-06,2.528411372837733e-05,,,,0.07107687942901966,0.06269826070557688,0.4338811416605397,0.023929042077373744,3.461410016532939e-05,0.017739511147908966,0.0005593016582314519,2.318106995168527e-05,0.0032855849322036214,0.7629082777410101,False
paper_poly3,tanh,"8,4",2,3,0,True,1.4324055882752873e-05,5.453964524685896e-06,3.1513505319985543e-05,,,,0.040388307910996124,0.04128300376346061,0.2924686312224565,0.023921256012710605,4.714988000176812e-05,0.013895936927243285,0.0011189035921031012,2.9001960179308372e-05,0.0014493409883846891,0.4193536979195494,False
paper_poly3,tanh,"8,4",2,3,0,True,8.393379539484158e-05,5.453964524685896e-06,6.106925776512964e-05,,,,0.05707531281243579,0.06149610703508197,0.204218955787712,0.023931294048482467,7.069650804576617e-05,0.018619262725823323,0.003758277236369911,2.399098791116896e-05,0.006826166461143715,1.1872245531345542,False
paper_poly3,tanh,"8,4",2,3,0,True,3.988768730778247e-05,5.453964524685896e-06,2.5327293801700972e-05,,,,0.04662294914852685,0.048372483303593235,0.3991223308159447,0.023926444403451694,3.092043146899724e-05,0.014797101630776197,0.0017498489464337996,5.1866118478688296e-06,0.003980297521390867,0.8641265478548183,False
paper_poly3,tanh,"8,4",2,3,0,True,3.449614450801164e-05,5.453964524685896e-06,2.666988000459064e-05,,,,0.09900411402873964,0.07797236077322353,0.15789235974249857,0.02393057004628999,3.7569926113505754e-05,0.017768679946037546,0.0002898479324523357,5.308844541888812e-05,0.003537969392271713,0.8010582497339351,False
paper_poly3,tanh,"8,4",2,3,0,True,2.1516498236451298e-05,5.453964524685896e-06,3.143130184624439e-05,,,,0.052220263231324233,0.05012502550678813,0.7189600477283323,0.02391421222591015,4.404405471487945e-05,0.015013965604142495,0.0025484617230517805,3.227183417366482e-05,0.002303215497654954,0.5960592835115136,False
paper_poly3,tanh,"8,4",2,3,0,True,2.0772251446032897e-05,5.453964524685896e-06,1.885246613046996e-05,,,,0.16900706629667073,0.1412480336931214,0.39705365615694516,0.023922118067782355,2.1321825395985055e-05,0.018154014715067734,0.0005964934835438337,2.010303213927598e-05,0.002222286089124266,0.5807712623000513,False
paper_poly3,tanh,"8,4",2,3,0,True,5.995214087306522e-05,5.453964524685896e-06,4.9186983959950546e-05,,,,0.057155729232321685,0.06697300908114466,0.2336945718639838,0.023929136091920888,5.821307259052169e-05,0.016994183041843944,0.0022614155167219167,1.1867775050689537e-05,0.005407504323243663,1.0410923874919702,False
paper_poly3,tanh,"8,4",2,3,0,True,8.751000859774649e-05,5.453964524685896e-06,6.710066867086667e-05,,,,0.0718104232053289,0.06616863215065234,0.501539529182048,0.023932956840198416,7.98597001067993e-05,0.015347944765122735,0.0041868363328085864,3.630242064635071e-05,0.00701930597416979,1.2053454177640819,False
paper_poly3,tanh,"8,4",2,3,0,True,1.4381197615875863e-05,5.453964524685896e-06,8.071425182972099e-06,,,,0.11627521598628024,0.09977878491216455,0.2868983578628884,0.02393441579565371,9.798895693400398e-06,0.02095400832874341,0.0009475119900675248,2.9794411116663993e-06,0.0014568824918082444,0.42108274533328,False
paper_poly3,tanh,"8,4",2,3,0,True,8.975264790933579e-05,5.453964524685896e-06,7.284110577028823e-05,,,,0.12195404973929577,0.10050294490744756,0.32376154929494516,0.023928989706340817,9.381919700094559e-05,0.015196192367076655,0.002003128585765537,2.8815646264355423e-05,0.007138414951506812,1.2163349613782533,False
paper_poly3,tanh,"8,4",2,3,0,True,5.578720083576627e-05,5.453964524685896e-06,4.9838714706713936e-05,,,,0.03254538233987995,0.030227187514514732,0.33444663223548915,0.023931953791511695,6.110645871415827e-05,0.012039522699281713,0.003231118349386572,1.0843176331062284e-05,0.005133710538797919,1.0098222621626793,False
paper_poly3,tanh,"8,4",2,3,0,True,7.890165761637036e-06,5.453964524685896e-06,1.3860104951670075e-05,,,,0.12160812063394391,0.12242674006806198,0.3726517137257754,0.023923410049803952,1.7115747641540723e-05,0.015345507778701294,0.0009783337651389694,1.3685271800271135e-05,0.0004735714277150846,0.16037381849466842,False
paper_poly3,tanh,"8,4",2,3,0,True,2.1300358639564365e-05,5.453964524685896e-06,1.1262497630612578e-05,,,,0.042394127777645264,0.04320232262616197,0.161423318244151,0.023930475446503174,1.4088019521977413e-05,0.014112571562917162,0.0015351237326089377,6.809322772342008e-06,0.0022798586982403124,0.591674607080927,False
paper_poly3,tanh,"8,4",2,3,0,True,4.282507870811969e-05,5.453964524685896e-06,2.9861680607233e-05,,,,0.0806558223019838,0.07227889266717782,0.30236563476294914,0.023939402384923952,3.658816798545787e-05,0.013651685901330549,0.0014539897638242453,1.5799116786304537e-05,0.004208714849502989,0.894985861080979,False
paper_poly3,tanh,"8,4",2,3,0,True,7.212799391709268e-05,5.453964524685896e-06,5.336061068255804e-05,,,,0.03142595991918083,0.030104235555971866,0.4495551434642947,0.023929276461892995,6.408957786377903e-05,0.015992346200162558,0.002860053072229713,1.1216060909028486e-05,0.006157447679696865,1.1213915446576195,False
paper_poly3,tanh,"8,4",2,3,0,True,6.041734013706446e-05,5.453964524685896e-06,4.293407386786859e-05,,,,0.15366316360477814,0.15980177759202002,0.34717057917246696,0.023930733875518743,4.5559826592950475e-05,0.018634154621145656,0.003975494212636753,2.251690904231814e-05,0.005437486740096302,1.0444492928725797,False
paper_poly3,tanh,"8,4",2,3,0,True,0.00010804041085066274,5.453964524685896e-06,8.744122203023661e-05,,,,0.10270194139301657,0.09514022412296719,0.1837647045958871,0.02393100079074569,0.0001022593629690667,0.018055991724715434,0.0037911414141454844,7.248059622544673e-06,0.008058876472012113,1.2968739182856626,False
paper_poly3,tanh,"8,4",2,3,0,True,3.164715235470794e-05,5.453964524685896e-06,2.300551373701139e-05,,,,0.12321016948358304,0.11793104968726204,0.32686410036526825,0.023928916249182794,3.317968848047689e-05,0.020847022619147122,0.002193635593101028,1.93802644749059e-05,0.00329020771986635,0.7636223290739851,False
paper_poly3,tanh,"8,4",2,3,0,False,6.209635466802865e-05,7.31707916968248e-05,1.7782081860354284e-05,,,,0.09566363902587745,0.08989430644557526,0.3492587261414313,0.02392954469320139,2.793006990833421e-05,0.012192586325436426,0.0008105301095554688,1.7929434547359905e-05,0.0006738687080214516,-0.07127164815015984,False
paper_poly3,tanh,"8,4",2,3,0,False,2.052775744232349e-05,7.31707916968248e-05,4.9630388591847486e-05,,,,0.025288831962338776,0.025997126903602216,0.6063632189009253,0.023916110564396117,6.708367283487464e-05,0.010111344139253003,0.001460898483936414,5.4827287700090295e-05,0.004023235905337746,-0.5519962466572589,False
paper_poly3,tanh,"8,4",2,3,0,False,3.146115705021657e-05,7.31707916968248e-05,2.2660664284455978e-05,,,,0.035507442921135814,0.03685116557228752,0.5742560160626313,0.023930630961328525,2.8345057688881443e-05,0.012480922514500805,0.002177334779778611,1.498282339402171e-05,0.0029449681264660365,-0.36656306338506395,False
paper_poly3,tanh,"8,4",2,3,0,False,4.0336257370654494e-05,7.31707916968248e-05,1.786616305486417e-05,,,,0.02655317372090166,0.024470342085651055,0.1982440893264399,0.02392492651077987,2.091942433143809e-05,0.011461866864599102,0.0017912573446444507,1.4645615900439718e-05,0.0022029095690543673,-0.258642154646224,False
paper_poly3,tanh,"8,4",2,3,0,False,3.948942321585491e-05,7.31707916968248e-05,2.637018635935185e-05,,,,0.08145658730758398,0.07617555560234822,0.20120931274391138,0.02393095806519863,3.0106887028302795e-05,0.012376535653157144,0.001890644977173435,2.5483721633455635e-05,0.0022699316893184896,-0.26785696359923616,False
paper_poly3,tanh,"8,4",2,3,0,False,1.6219952158280648e-05,7.31707916968248e-05,4.9636990742420176e-05,,,,0.22055530619032312,0.19966009572065907,0.31801555316969676,0.023929493432998494,5.4923994041236425e-05,0.015080280336317215,0.004104027357506185,5.128012899226113e-05,0.004526592560608639,-0.6542881851595131,False
paper_poly3,tanh,"8,4",2,3,0,False,1.226905715157045e-05,7.31707916968248e-05,6.001373653709962e-05,,,,0.11897106584098205,0.13009434529191616,0.3924788812863862,0.023922478656915224,7.239223219538429e-05,0.011747665541316456,0.004482953443350717,6.401435777437683e-05,0.005051271341976757,-0.7755265645677857,False
paper_poly3,tanh,"8,4",2,3,0,False,0.0001624854776309803,7.31707916968248e-05,4.9584342116131606e-05,,,,0.024238354840310825,0.02552011975906813,0.3544836092835184,0.02390255194309983,6.487320968637486e-05,0.0090262923576673,0.001807498198028393,4.191077542145245e-05,0.00419298642287339,0.3464767973077964,False
paper_poly3,tanh,"8,4",2,3,0,False,2.0851954104728065e-05,7.31707916968248e-05,2.9416761743808372e-05,,,,0.08594292681323412,0.07783141283042445,0.3739781745874813,0.023934207236113787,3.312566446374795e-05,0.013874144137015489,0.002949478309404923,2.983684682222119e-05,0.003987598740610945,-0.5451909936876211,False
paper_poly3,tanh,"8,4",2,3,0,False,4.102661841898225e-05,7.31707916968248e-05,1.4905671829369531e-05,,,,0.05384730093951286,0.05400777813966994,0.29841148521440386,0.023934284683683495,2.1763080899105616e-05,0.007911438094328439,0.0005059739829729535,1.2816435374413734e-05,0.0021487902847122766,-0.2512720319372676,False
paper_poly3,tanh,"8,4",2,3,0,False,5.746907481807284e-05,7.31707916968248e-05,1.2441734317180492e-05,,,,0.022367611019118286,0.02274541533747163,0.3268717052652096,0.023932330785014624,1.7810044404455936e-05,0.007401676161611661,6.572522437791974e-05,1.1867364067734571e-05,0.000973156710514793,-0.10490354847983267,False
paper_poly3,tanh,"8,4",2,3,0,False,3.1241281249094754e-05,7.31707916968248e-05,3.346187263847783e-05,,,,0.09026937203083125,0.07598984236963878,0.2805444948503528,0.023931262568658677,3.368345614867997e-05,0.013207154770532602,0.004180282843161001,3.44669903608431e-05,0.002964602673643883,-0.3696089174580248,False
paper_poly3,tanh,"8,4",2,3,0,False,9.399323971592821e-06,7.31707916968248e-05,6.150088143941613e-05,,,,0.14618747410695804,0.15444387099106907,0.5109412275336569,0.023935778734044892,7.444931623378134e-05,0.012206467770208965,0.0033321199304195137,5.897510833206612e-05,0.005488161040912726,-0.8912411351363819,False
paper_poly3,tanh,"8,4",2,3,0,False,6.469660729635507e-05,7.31707916968248e-05,2.3179033755763314e-05,,,,0.08429921451796565,0.08180362190288405,0.31444223252834774,0.023929718361974262,2.8331310868101538e-05,0.010866367414402516,0.0018963751806339293,1.8706870792371157e-05,0.0005105726098821525,-0.05345624728679667,False
paper_poly3,tanh,"8,4",2,3,0,False,3.855293107335456e-05,7.31707916968248e-05,1.4894354964661936e-05,,,,0.1327486622472955,0.1193410976752955,0.36527969326227905,0.02392945545710253,2.1614972749487104e-05,0.011330181499716159,0.0011862907269978966,1.2195659661636631e-05,0.002344892068781728,-0.27828035220136155,False
paper_poly3,tanh,"8,4",2,3,0,False,6.308605952654034e-05,7.31707916968248e-05,1.68876176725656e-05,,,,0.12194081362661803,0.11087011588638267,0.5475973258489146,0.02393432876044778,1.9286412613974713e-05,0.014005458706669706,0.002661659270173646,1.675153590068217e-05,0.000611319410534503,-0.06440435265275654,False
paper_poly3,tanh,"8,4",2,3,0,False,0.00011297574383206666,7.31707916968248e-05,2.012542419430483e-05,,,,0.28208228389836143,0.2612324036316466,0.3816090141207713,0.023934273803549747,2.6209630162057697e-05,0.012804959144068307,0.0009387785216053706,1.9012394354946295e-05,0.0020750121031292788,0.18864745534765365,False
paper_poly3,tanh,"8,4",2,3,0,False,6.010323704686016e-05,7.31707916968248e-05,2.023564762086813e-05,,,,0.023582251048867797,0.023883063144524964,0.44315420204813194,0.0239228172653623,2.413279966943903e-05,0.007299949298793764,0.0019262199301788925,1.9842716597297507e-05,0.0008013649831217192,-0.08543989114558181,False
paper_poly3,tanh,"8,4",2,3,0,False,7.65277654863894e-05,7.31707916968248e-05,1.5271613491121128e-05,,,,0.16376019149091708,0.15467608683465034,0.22502111580005935,0.023934599272643436,2.2470028714754715e-05,0.014362730518272394,0.0003357589320182734,1.4966841379050103e-05,0.00019402221127815672,0.019481278608006726,False
paper_poly3,tanh,"8,4",2,3,0,False,5.8087902289116755e-05,7.31707916968248e-05,2.478381386366012e-05,,,,0.1548031710916209,0.13828537011374437,0.49377650639465764,0.023935982533229073,2.9035053830007803e-05,0.015694260209367553,0.0018892064555158846,2.219581367967507e-05,0.0009324507452684377,-0.10025206084511723,False
paper_poly3,tanh,"8,4",2,3,0,False,6.308757292572409e-05,7.31707916968248e-05,1.940828396111104e-05,,,,0.12751254806261608,0.11882862366804482,0.4460962673951813,0.023933419960510703,2.8169646628390875e-05,0.015386133759354732,0.0006044361584004227,1.9560565247974575e-05,0.0006112241409668272,-0.06439393429669155,False
paper_poly3,tanh,"8,4",2,3,0,False,3.8536545616807416e-05,7.31707916968248e-05,2.759741230540359e-05,,,,0.015077161882929478,0.016559314105198633,0.32540811176429485,0.023906666609224837,3.746001755728206e-05,0.007093014113670802,0.0013949445615858251,2.284660949594407e-05,0.00234621168001079,-0.27846497178303686,False
paper_poly3,tanh,"8,4",2,3,0,False,6.180688069434837e-05,7.31707916968248e-05,5.377530255788268e-05,,,,0.24749379242093703,0.24088691364591214,0.6098309447306018,0.023938886137276953,8.376766803086264e-05,0.012587051663341661,0.0013218379658647523,5.361323469627901e-05,0.0006922575126171535,-0.07330092814093185,False
paper_poly3,tanh,"8,4",2,3,0,False,7.912517321528867e-05,7.31707916968248e-05,1.6304121027349118e-05,,,,0.07715870771953212,0.0636090289184983,0.3202940134540821,0.023912100474308667,2.2161033630515897e-05,0.01381324609109773,0.0014052713663916699,1.6578253531138876e-05,0.00034124043954014173,0.03397691969454087,False
paper_poly3,tanh,"8,4",2,3,0,False,3.657096021925099e-05,7.31707916968248e-05,2.8337658951059157e-05,,,,0.030353500580060033,0.03004355088983126,0.332900034813423,0.023928515370456364,4.047643617690875e-05,0.010022084012873063,0.0007212709974065706,2.8578163072814797e-05,0.0025065998894117977,-0.3012013905913932,False
paper_poly3,tanh,"8,4",2,3,0,False,0.00012213463196530938,7.31707916968248e-05,2.0280224954911367e-05,,,,0.043581634622263436,0.03966084136366338,0.371967383729581,0.02392542255404734,2.648895851923111e-05,0.010269381979231246,0.00034263307460335784,2.1909810232536116e-05,0.0024974611052370563,0.22250107400403765,False
paper_poly3,tanh,"8,4",2,3,0,False,0.00011832032032543793,7.31707916968248e-05,4.913056747049166e-05,,,,0.1709533152647095,0.1509547828807492,0.2791503362128205,0.023931693859043472,5.45223589684554e-05,0.014627997101473875,0.004025855704387073,5.00054029271561e-05,0.0023235217027170203,0.2087215826852795,False
paper_poly3,tanh,"8,4",2,3,0,False,8.651343705423642e-06,7.31707916968248e-05,4.139073443213277e-05,,,,0.07457771467946621,0.08172004304057479,0.47673085854270764,0.02393266752064012,5.333211919725345e-05,0.00996020551786738,0.002673206597737602,4.098946914984099e-05,0.005612676072329559,-0.9272541878046181,False
paper_poly3,tanh,"8,4",2,3,0,False,6.191954162204638e-05,7.31707916968248e-05,2.8554817352075926e-05,,,,0.07489089006653711,0.08499634646748236,0.3882907295451512,0.023928495583056424,4.048476550706507e-05,0.015761457911567717,0.002144120290062598,2.8776307516034935e-05,0.0006850956309221688,-0.07251002136723121,False
paper_poly3,tanh,"8,4",2,3,0,False,5.497342863236554e-05,7.31707916968248e-05,1.3982116547843014e-05,,,,0.04915154163231286,0.043273206414221416,0.26119280519560656,0.023928283641278872,2.016213218668674e-05,0.012077942354390369,9.700068832171178e-05,1.4455545477818484e-05,0.0011395859047700447,-0.12418492977869519,False
paper_poly3,tanh,"8,4",2,3,0,False,7.096712943166494e-05,7.31707916968248e-05,2.044144536547442e-05,,,,0.09602136850998562,0.08715981008767985,0.23646950413866943,0.02393097597436357,3.1538080755822224e-05,0.011644099962380031,0.00047720148811406925,2.122522211859514e-05,0.00012979369621498107,-0.01328051536808153,False
paper_poly3,tanh,"8,4",2,3,0,False,3.1595161999575794e-05,7.31707916968248e-05,3.170005218157557e-05,,,,0.07107687942901966,0.06269826070557688,0.4338811416605397,0.023929042077373744,3.1011026824764095e-05,0.014377827833954764,0.003545556178285709,3.368807350788181e-05,0.0029330353424806624,-0.3647171675717775,False
paper_poly3,tanh,"8,4",2,3,0,False,1.4324055882752873e-05,7.31707916968248e-05,0.00012685571786754806,,,,0.040388307910996124,0.04128300376346061,0.2924686312224565,0.023921256012710605,0.00016140536918567966,0.010801083988777624,0.005231906178772407,0.00013158493992491095,0.004769279286299595,-0.7082717473932383,False
paper_poly3,tanh,"8,4",2,3,0,False,8.393379539484158e-05,7.31707916968248e-05,1.9261267435099406e-05,,,,0.05707531281243579,0.06149610703508197,0.204218955787712,0.023931294048482467,2.715210072979385e-05,0.015470299310940693,0.0003477723561909137,1.673330878937828e-05,0.0006075461864594317,0.05959910782176662,False
paper_poly3,tanh,"8,4",2,3,0,False,3.988768730778247e-05,7.31707916968248e-05,2.0055135780201136e-05,,,,0.04662294914852685,0.048372483303593235,0.3991223308159447,0.023926444403451694,2.2697435596105853e-05,0.011703666720061377,0.002356694724791895,1.3339900103799215e-05,0.0022383227532934164,-0.2634988974579693,False
paper_poly3,tanh,"8,4",2,3,0,False,3.449614450801164e-05,7.31707916968248e-05,3.3135015101922344e-05,,,,0.09900411402873964,0.07797236077322353,0.15789235974249857,0.02393057004628999,3.7149280288815425e-05,0.014569196887506242,0.0038180862363314458,3.2993134068578065e-05,0.0026806508824125707,-0.32656719557885255,False
paper_poly3,tanh,"8,4",2,3,0,False,2.1516498236451298e-05,7.31707916968248e-05,6.77846950024963e-05,,,,0.052220263231324233,0.05012502550678813,0.7189600477283323,0.02391421222591015,8.898013428036313e-05,0.01204980808674216,0.0015535214918344516,6.592692754973661e-05,0.00391540477702933,-0.531566161801274,False
paper_poly3,tanh,"8,4",2,3,0,False,2.0772251446032897e-05,7.31707916968248e-05,6.834978233258725e-05,,,,0.16900706629667073,0.1412480336931214,0.39705365615694516,0.023922118067782355,7.512459844313415e-05,0.014668180733608573,0.004697904019115572,7.054242729744374e-05,0.003996334185560018,-0.5468541830127364,False
paper_poly3,tanh,"8,4",2,3,0,False,5.995214087306522e-05,7.31707916968248e-05,1.3239327340389119e-05,,,,0.057155729232321685,0.06697300908114466,0.2336945718639838,0.023929136091920888,1.6460761196313035e-05,0.013631101386896258,0.0018463324792155793,1.4295930720691014e-05,0.000811115951440621,-0.08653305782081737,False
paper_poly3,tanh,"8,4",2,3,0,False,8.751000859774649e-05,7.31707916968248e-05,1.1173136337175127e-05,,,,0.0718104232053289,0.06616863215065234,0.501539529182048,0.023932956840198416,1.6010859966767357e-05,0.0123470243805817,7.876890070124543e-05,1.0383312680893239e-05,0.0008006856994855066,0.07771997245129422,False
paper_poly3,tanh,"8,4",2,3,0,False,1.4381197615875863e-05,7.31707916968248e-05,3.296049216343578e-05,,,,0.11627521598628024,0.09977878491216455,0.2868983578628884,0.02393441579565371,3.879097865055228e-05,0.01734763168524059,0.0031624045379192783,2.9908061221721356e-05,0.004761737782876039,-0.7065426999795076,False
paper_poly3,tanh,"8,4",2,3,0,False,8.975264790933579e-05,7.31707916968248e-05,3.2496085264938165e-05,,,,0.12195404973929577,0.10050294490744756,0.32376154929494516,0.023928989706340817,4.039530446721966e-05,0.012214557143601071,0.002098447548882579,2.9488357308894718e-05,0.0009197946768225284,0.08870951606546548,False
paper_poly3,tanh,"8,4",2,3,0,False,5.578720083576627e-05,7.31707916968248e-05,1.3156691602852882e-05,,,,0.03254538233987995,0.030227187514514732,0.33444663223548915,0.023931953791511695,1.8731262423827156e-05,0.009094799719237854,0.0008775254585660938,1.346265810315776e-05,0.001084909735886365,-0.11780318315010832,False
paper_poly3,tanh,"8,4",2,3,0,False,7.890165761637036e-06,7.31707916968248e-05,0.00010841527682054279,,,,0.12160812063394391,0.12242674006806198,0.3726517137257754,0.023923410049803952,0.0001237803105827463,0.012180171361349634,0.005086387346106513,0.00011006380605108893,0.005745048846969199,-0.9672516268181192,False
paper_poly3,tanh,"8,4",2,3,0,False,2.1300358639564365e-05,7.31707916968248e-05,3.3421817405831306e-05,,,,0.042394127777645264,0.04320232262616197,0.161423318244151,0.023930475446503174,3.994025861154135e-05,0.011217433149912082,0.002572632403674193,2.2170624627544186e-05,0.003938761576443971,-0.5359508382318606,False
paper_poly3,tanh,"8,4",2,3,0,False,4.282507870811969e-05,7.31707916968248e-05,1.9359888073027008e-05,,,,0.0806558223019838,0.07227889266717782,0.30236563476294914,0.023939402384923952,2.07329057462011e-05,0.010672393160598106,0.002652517201452604,2.0144155317795394e-05,0.002009905425181294,-0.23263958423180858,False
paper_poly3,tanh,"8,4",2,3,0,False,7.212799391709268e-05,7.31707916968248e-05,1.0066563218723851e-05,,,,0.03142595991918083,0.030104235555971866,0.4495551434642947,0.023929276461892995,1.2729306177665998e-05,0.012677825678727554,0.0012480210539503058,9.910158086884727e-06,6.117259498741867e-05,-0.006233900655168218,False
paper_poly3,tanh,"8,4",2,3,0,False,6.041734013706446e-05,7.31707916968248e-05,2.6658007838401397e-05,,,,0.15366316360477814,0.15980177759202002,0.34717057917246696,0.023930733875518743,4.297810642223742e-05,0.015349272201461494,0.00013743624146402155,2.376815389877456e-05,0.0007811335345879813,-0.08317615244020796,False
paper_poly3,tanh,"8,4",2,3,0,False,0.00010804041085066274,7.31707916968248e-05,1.8446510607514426e-05,,,,0.10270194139301657,0.09514022412296719,0.1837647045958871,0.02393100079074569,2.3812393513823742e-05,0.014802699269814684,0.00031514440177365943,1.9175031601784674e-05,0.0018402561973278296,0.16924847297287504,False
paper_poly3,tanh,"8,4",2,3,0,False,3.164715235470794e-05,7.31707916968248e-05,5.6590527218501277e-05,,,,0.12321016948358304,0.11793104968726204,0.32686410036526825,0.023928916249182794,7.53846421414675e-05,0.017641156856580582,0.0019118689250987066,5.866200140196389e-05,0.002928412554817934,-0.3640031162388026,False
paper_poly3,tanh,"16,8,4",3,3,0,True,3.538707096595317e-05,6.005314561861182e-09,3.462771180704322e-05,,,,0.08277901422343034,0.07954897768249956,0.3564761628315969,0.02393353643979415,4.570227917235653e-05,0.01569577215436054,0.001206954394103683,0.0001802408048912352,0.005871209336540393,3.7703088560723828,True
paper_poly3,tanh,"16,8,4",3,3,0,True,7.770880074531306e-06,6.005314561861182e-09,7.944570499668093e-06,,,,0.03299046116423559,0.031215544858068572,0.37355049220282965,0.02393345952185923,1.1736436645508342e-05,0.015890044470085515,0.001151146166537841,7.715295394695295e-06,0.0027101358662929014,3.1119344457544917,True
paper_poly3,tanh,"16,8,4",3,3,0,True,0.00013798719737678766,6.005314561861182e-09,0.00013630934195227673,,,,0.040916519061532895,0.041123346271541954,0.3552639423448713,0.02393415644529931,0.00017455689980688734,0.01803703873540205,0.0025763133024011794,0.0002581935975597395,0.011669301231320576,4.36130303295836,True
paper_poly3,tanh,"16,8,4",3,3,0,True,0.00023932030308060348,6.005314561861182e-09,0.00023765884931879338,,,,0.12980761563987056,0.12020360115576968,0.31307017362354705,0.023934089156283818,0.0003260999241115332,0.01797182692607476,0.0002584734752740116,0.00012863374842954697,0.01539248674250242,4.600443783238949,True
paper_poly3,tanh,"16,8,4",3,3,0,True,1.1232336873945314e-05,6.005314561861182e-09,1.1088032672807855e-05,,,,0.18652858714099693,0.20844255318754992,0.32720623901004603,0.023930715066090007,1.6614464170544453e-05,0.015197819434052375,0.0012481482985102544,2.4728469820007667e-05,0.0032739739038730844,3.271934359165795,True
paper_poly3,tanh,"16,8,4",3,3,0,True,4.793035623151809e-05,6.005314561861182e-09,4.6952492326021693e-05,,,,0.04836521488586829,0.042682366520040184,0.4424418237740575,0.02393524277277196,5.719498608584259e-05,0.020289208983150196,0.002452895332334558,3.362795929793952e-05,0.006845681335102237,3.9020748958674782,True
paper_poly3,tanh,"16,8,4",3,3,0,True,7.276383257703856e-06,6.005314561861182e-09,7.535605849757442e-06,,,,0.08626857364663526,0.07659700399989261,0.2654832502275115,0.02393582541379519,9.774012605762545e-06,0.014975987835509949,0.0019434214784004016,0.00023797531101435183,0.0026199832377635348,3.0833798049850953,True
paper_poly3,tanh,"16,8,4",3,3,0,True,0.00014080747496336699,6.005314561861182e-09,0.00014030484019989523,,,,0.12301450126395132,0.11376023617253454,0.37305389124341354,0.02393481379979888,0.00017034939943716754,0.020644298755631202,0.004883223317104254,0.0002855193999201,0.011788738586697099,4.370089949621373,True
paper_poly3,tanh,"16,8,4",3,3,0,True,0.0001290610380237922,6.005314561861182e-09,0.00012841868261423203,,,,0.06947249635527626,0.06440351123124016,0.33541004580434414,0.023929943177483877,0.0001678796082115438,0.023983777826670088,0.00451999926616001,0.0001366415651170662,0.011283009458310855,4.332259392836413,True
paper_poly3,tanh,"16,8,4",3,3,0,True,0.00011386639380361885,6.005314561861182e-09,0.0001124105368531616,,,,0.05034311143718545,0.05251217562160496,0.2414376942775538,0.02392999129846199,0.0001348995128359148,0.015670427900647647,0.003926373349887321,0.0003899223406034825,0.010593325769699072,4.2778598056478945,True
paper_poly3,tanh,"16,8,4",3,3,0,True,8.06711395853199e-05,6.005314561861182e-09,7.959831589099006e-05,,,,0.12415326283607737,0.1312878120126982,0.3659801450686552,0.023933272645828063,8.342215104561632e-05,0.015715193025528304,0.003647311400079318,4.190414517518224e-05,0.008904217430444858,4.128182431031982,True
paper_poly3,tanh,"16,8,4",3,3,0,True,6.488277722382918e-05,6.005314561861182e-09,6.400670020896325e-05,,,,0.14794491985420555,0.1387103409055586,0.3394094747640191,0.023931554954180395,8.298177095161232e-05,0.020144161225454885,0.000319234423455964,9.608000393218672e-05,0.007977490655033772,4.0335936700859945,True
paper_poly3,tanh,"16,8,4",3,3,0,True,4.834133505937643e-06,6.005314561861182e-09,4.659733969374219e-06,,,,0.03187085341225213,0.028600304971839973,0.4107913313770541,0.023930669486206937,6.156400505909216e-06,0.012468381706444022,0.0008833570994756437,7.910486327189411e-05,0.0021211723369530195,2.905782879366541,True
paper_poly3,tanh,"16,8,4",3,3,0,True,9.344610589323565e-05,6.005314561861182e-09,9.478922702354634e-05,,,,0.10666008648282499,0.08556418653754376,0.3267946294706033,0.023935701344631556,0.00011213642617150942,0.016670257639584823,0.004246271935998477,1.824276412115348e-05,0.009589258638610888,4.192025447144671,True
paper_poly3,tanh,"16,8,4",3,3,0,True,2.5785231628105976e-05,6.005314561861182e-09,2.5157224074309685e-05,,,,0.07344838260918081,0.06986954615016218,0.4033013684630918,0.023931535657628233,3.2458317776864535e-05,0.018717460059367988,1.4525155988316206e-05,2.052187906495739e-05,0.005000422106712241,3.632835276085292,True
paper_poly3,tanh,"16,8,4",3,3,0,True,9.602633326721843e-06,6.005314561861182e-09,9.900762247783794e-06,,,,0.0543606301854943,0.04258584560462699,0.42757796264610587,0.023929549386458783,1.1887950964483507e-05,0.0147764462996147,0.0018860694471580074,7.537132318528025e-06,0.003021317634420597,3.2038545848620585,True
paper_poly3,tanh,"16,8,4",3,3,0,True,0.00014016164641361684,6.005314561861182e-09,0.00013970313764061294,,,,0.11219070549650946,0.08569251949039645,0.45513752457044365,0.023934312976001623,0.0001731356185622962,0.02383412265528783,0.005331085730527839,0.00020970468058913817,0.011761494438625888,4.368093429377399,True
paper_poly3,tanh,"16,8,4",3,3,0,True,0.00017773275612853467,6.005314561861182e-09,0.00017582205146576366,,,,0.10263499126884003,0.081073582571402,0.37370662022769685,0.023932270050166092,0.00020079225901892974,0.02177843158434712,0.005448742754990618,3.795353131834953e-05,0.013254150949903063,4.471231714678246,True
paper_poly3,tanh,"16,8,4",3,3,0,True,7.434692815877497e-05,6.005314561861182e-09,7.375742348056285e-05,,,,0.08703790346823903,0.08527446944653656,0.37842896805320997,0.02393685820038087,0.0001067513621036325,0.02345058365522875,0.0013151712554635485,0.00021647371622753538,0.008544972513003225,4.092727268264502,True
paper_poly3,tanh,"16,8,4",3,3,0,True,0.000228477394557558,6.005314561861182e-09,0.00022698888890079684,,,,0.11114781776569505,0.10172929243681289,0.3363022382393763,0.0239323022450372,0.0003021062538062056,0.018502321452083956,0.00017727428703146996,0.00018621334622997304,0.015037974753079001,4.580307476714606,True
paper_poly3,tanh,"16,8,4",3,3,0,True,9.568751011101995e-06,6.005314561861182e-09,9.29611196031429e-06,,,,0.029649300440797128,0.029842136057670665,0.2294918029323015,0.023933979854285706,1.4474228447299733e-05,0.01222963427791184,0.0004147789622399117,0.00011836936450077549,0.003015845817998352,3.202319493001281,True
paper_poly3,tanh,"16,8,4",3,3,0,True,2.9164948500692844e-05,6.005314561861182e-09,2.8419949781309946e-05,,,,0.06470102858613742,0.064313739678014,0.3368780435486703,0.023932488296309628,3.258896998527905e-05,0.0178973132860486,0.002117118944089856,1.5832287738299357e-05,0.0053229642103909194,3.686325452960193,True
paper_poly3,tanh,"16,8,4",3,3,0,True,1.0605576790112536e-05,6.005314561861182e-09,1.0589435963385585e-05,,,,0.10652905967212097,0.09941792792486981,0.24004659641870163,0.02393575310155559,1.5734831540149755e-05,0.01712026427644164,0.0012513169513202183,0.00019532288551774504,0.003179126490655718,3.246998531906867,True
paper_poly3,tanh,"16,8,4",3,3,0,True,0.00021816728985868394,6.005314561861182e-09,0.00021623603728617731,,,,0.19343742075533135,0.18075269119147652,0.18025987463994678,0.023931584613453648,0.0002985964394070521,0.019860016988996202,0.0014679827963867528,0.0006065841402975189,0.014692993158589735,4.560253875793717,True
paper_poly3,tanh,"16,8,4",3,3,0,True,3.614641900639981e-05,6.005314561861182e-09,3.5453690027532564e-05,,,,0.03964489050366616,0.04844698273320364,0.2673244188267574,0.023932588558527576,4.7114543190153654e-05,0.020773628105216865,0.0001885170893139452,0.00010219524600570068,0.005934695237798329,3.7795295176616777,True
paper_poly3,tanh,"16,8,4",3,3,0,True,2.7514264729688875e-05,6.005314561861182e-09,2.7082768890052423e-05,,,,0.08062974728158025,0.08585652010080669,0.3014612648195962,0.02393553675280912,3.654558411712805e-05,0.018327282138801824,0.001455202634656376,2.0152683906301423e-05,0.005167910188451238,3.6610221506147065,True
paper_poly3,tanh,"16,8,4",3,3,0,True,7.05935453879647e-05,6.005314561861182e-09,6.937449150117809e-05,,,,0.19342110244499322,0.16660028114235073,0.27555949116305917,0.02393257439923538,8.549471907925982e-05,0.015011242535806624,0.003423352830388026,7.953995169053127e-05,0.00832450254733789,4.070229232888683,True
paper_poly3,tanh,"16,8,4",3,3,0,True,2.4476856196997687e-05,6.005314561861182e-09,2.3777212880599195e-05,,,,0.0829430593355494,0.07127153167824091,0.279149154172037,0.023932403562273247,2.980787989203939e-05,0.016046150844407886,0.0012248732884414428,7.022617274194263e-06,0.004869915074099327,3.6102198754187094,True
paper_poly3,tanh,"16,8,4",3,3,0,True,1.0535259207244962e-05,6.005314561861182e-09,1.0422626823737161e-05,,,,0.17580943768571622,0.1543318026147483,0.3160516699468265,0.023931669572631868,1.3502851749922094e-05,0.021003484251726726,0.0013254370076107604,3.379581108448248e-05,0.0031683124385491652,3.2441094644316326,True
paper_poly3,tanh,"16,8,4",3,3,0,True,5.840029552928172e-05,6.005314561861182e-09,5.765056278858399e-05,,,,0.13872690292574305,0.13764825529603983,0.31012181390714083,0.023934238804712477,7.55366195868986e-05,0.018165047675939246,0.001090553718066878,3.426491346696358e-05,0.00756451464099941,3.9878792838932378,True
paper_poly3,tanh,"16,8,4",3,3,0,True,0.00012020151189062744,6.005314561861182e-09,0.0001186456891659156,,,,0.24456777689952744,0.1368550768310387,0.3960861339944426,0.023934196947894205,0.00012652008545406668,0.019903035369707313,0.0062584199398182504,2.7583712236966382e-05,0.010886151044650717,4.301374169310967,True
paper_poly3,tanh,"16,8,4",3,3,0,True,6.064340050215833e-05,6.005314561861182e-09,5.9635437654099106e-05,,,,0.09365700859031666,0.0834363033132599,0.2432675568233185,0.02393496109122314,7.027022405628264e-05,0.01976829252208223,0.0028269660675983945,0.00011330721386137418,0.007709893305910483,4.004247784890147,True
paper_poly3,tanh,"16,8,4",3,3,0,True,1.300280200666748e-05,6.005314561861182e-09,1.3094615096275285e-05,,,,0.0797234463619607,0.07140530828046882,0.21618893933022798,0.02392922166997636,1.5583775956295857e-05,0.017172211571378493,0.0016759649768368608,0.00016709482263506712,0.003528445858260172,3.3355011886758037,True
paper_poly3,tanh,"16,8,4",3,3,0,True,5.9464317018864676e-05,6.005314561861182e-09,6.0427275237529893e-05,,,,0.07667379246707225,0.07099380755819201,0.5403654031505042,0.02393457816309369,7.246593225665553e-05,0.01753655237192416,0.005523799067486564,8.271023839672364e-05,0.0076338170145803415,3.9957206741998212,True
paper_poly3,tanh,"16,8,4",3,3,0,True,1.2144337233621627e-05,6.005314561861182e-09,1.1752036700748533e-05,,,,0.12329488549903202,0.1267501498113807,0.4019740058923778,0.023936786217637403,1.6134230304390113e-05,0.017079475524150747,5.9556533123702516e-05,4.4786028494002135e-05,0.0034073786633539147,3.3058380576219792,True
paper_poly3,tanh,"16,8,4",3,3,0,True,2.1646666937158443e-05,6.005314561861182e-09,2.1198531290160106e-05,,,,0.06482016760429872,0.06782650880669652,0.4185397019448081,0.023935351643582334,2.876926576474953e-05,0.018329532895934822,0.0009434454901597641,2.451698388487892e-05,0.004575103905022073,3.5568552740654757,True
paper_poly3,tanh,"16,8,4",3,3,0,True,0.00011234857083763927,6.005314561861182e-09,0.00011109162473688367,,,,0.08838757593427642,0.08006976972265645,0.2919546259397399,0.023933014752459042,0.0001361201079091798,0.017887053970988165,0.004277961811627921,5.9265888557990095e-05,0.010521966910177472,4.272031791290528,True
paper_poly3,tanh,"16,8,4",3,3,0,True,4.682250437326729e-05,6.005314561861182e-09,4.597581257896306e-05,,,,0.12863331697361804,0.11304337645192712,0.4837701431174393,0.02393385627198617,5.8471448872903456e-05,0.018930913440134832,0.0026124802341736795,9.060839281279748e-05,0.006765203191651274,3.8919188779548284,True
paper_poly3,tanh,"16,8,4",3,3,0,True,2.1137726434972137e-05,6.005314561861182e-09,2.0530944317049532e-05,,,,0.023152675309173035,0.020767357957198293,0.41553205960003486,0.023933570466750306,2.8570845739530545e-05,0.010926123311004659,5.6032550748224764e-05,4.6608774460207085e-06,0.004520084358194989,3.5465225120186243,True
paper_poly3,tanh,"16,8,4",3,3,0,True,4.2010560719063506e-05,6.005314561861182e-09,4.108886882506671e-05,,,,0.04890198140026297,0.04969166979407241,0.2804221312164036,0.023933043940123216,4.9344900505603435e-05,0.014853395799950127,0.002369015300237226,7.0896974546391875e-06,0.006404061459680767,3.8448227172159215,True
paper_poly3,tanh,"16,8,4",3,3,0,True,7.931978871056344e-06,6.005314561861182e-09,7.756315574360848e-06,,,,0.0931536008692428,0.08850118331343211,0.37105227809817093,0.023932829290805747,1.2058378963744288e-05,0.014783358511421483,0.0005238302422528746,0.000240222915239208,0.0027388829403266848,3.120845787743803,True
paper_poly3,tanh,"16,8,4",3,3,0,True,0.00010366089554736391,6.005314561861182e-09,0.00010234122036596529,,,,0.070783749993224,0.06000250947739921,0.19485612456944054,0.02393184388154783,0.00013061072555109346,0.02179879097408576,0.002839850667093767,4.642559627866279e-05,0.010103905523963943,4.237079195545569,True
paper_poly3,tanh,"16,8,4",3,3,0,True,1.1746117706934456e-05,6.005314561861182e-09,1.1438897227345549e-05,,,,0.16345659246386612,0.16056081858554186,0.21960571511922997,0.023935305675241905,1.254826117856204e-05,0.017308490025411086,0.0018301738650551892,0.00012322060721709646,0.003349766998090833,3.291358587628373,True
paper_poly3,tanh,"16,8,4",3,3,0,True,0.00011773122241720557,6.005314561861182e-09,0.00011639157968591683,,,,0.10849721912486347,0.09478004012609952,0.2860661885230626,0.023932189371122126,0.00014812684948688903,0.020500577924307595,0.002968046753192997,0.0002299398557329071,0.010772907982584467,4.292355892441229,True
paper_poly3,tanh,"16,8,4",3,3,0,True,0.0001663019065745175,6.005314561861182e-09,0.00016452667211261883,,,,0.07100910958318844,0.07661174674507043,0.4243342050782601,0.023935067890376548,0.00021361916304747942,0.01727929965721794,0.0034213703406969927,2.0954036708171702e-05,0.0128183156870833,4.442361467301937,True
paper_poly3,tanh,"16,8,4",3,3,0,True,0.00015284640539903194,6.005314561861182e-09,0.0001510366822876536,,,,0.02496400933093017,0.025543545506392772,0.5897543653084351,0.023935489150178693,0.0001706384366063833,0.014240007233787955,0.0053023149577570376,0.0003904217349324755,0.012285612659426506,4.405719468628804,True
paper_poly3,tanh,"16,8,4",3,3,0,True,8.09344055596739e-05,6.005314561861182e-09,7.973707223810932e-05,,,,0.03460222816991427,0.02986030449625382,0.30510314752462936,0.02393525279718689,0.00010449006262834493,0.012049379072267993,0.002203313948195969,0.00015342038093773736,0.008918861161684772,4.129597420362641,True
paper_poly3,tanh,"16,8,4",3,3,0,True,4.4846492528449744e-05,6.005314561861182e-09,4.415587301997396e-05,,,,0.11024004670265307,0.10356417567075053,0.3221835472960714,0.02393610103235077,5.743219839109641e-05,0.01636476121672582,0.0008822595361393912,5.012922505914758e-05,0.006619258421995696,3.8731927213401436,True
paper_poly3,tanh,"16,8,4",3,3,0,True,0.00013245680020190775,6.005314561861182e-09,0.00013110451445113468,,,,0.11729507432290202,0.10461711293001787,0.4121046179428567,0.023936337627116305,0.00016918784321087735,0.016797360864114548,1.393348326074765e-05,5.4657100461594524e-05,0.01143149383624769,4.343538498525673,True
paper_poly3,tanh,"16,8,4",3,3,0,True,1.774066549842246e-05,6.005314561861182e-09,1.7236654052262297e-05,,,,0.07333730874326626,0.06988208699669123,0.3783464432558672,0.023934194765540463,2.1071589103987287e-05,0.01726402892637833,0.0014393003553725937,2.6687590579135075e-05,0.004134472974698857,3.4704341463831585,True
paper_poly3,tanh,"16,8,4",3,3,0,False,3.538707096595317e-05,4.4409354797532207e-10,3.5268009808709693e-05,,,,0.08277901422343034,0.07954897768249956,0.3564761628315969,0.02393353643979415,4.6476259639385296e-05,0.015702302279523753,0.0012378174165837284,1.836827406140041e-05,0.005927629774036614,4.901370153443252,True
paper_poly3,tanh,"16,8,4",3,3,0,False,7.770880074531306e-06,4.4409354797532207e-10,7.777022988395044e-06,,,,0.03299046116423559,0.031215544858068572,0.37355049220282965,0.02393345952185923,1.1537356811785113e-05,0.015897229811298545,0.0011202573913597573,8.034351730585343e-06,0.0027665563037891218,4.242995743125361,True
paper_poly3,tanh,"16,8,4",3,3,0,False,0.00013798719737678766,4.4409354797532207e-10,0.00013779825404307622,,,,0.040916519061532895,0.041123346271541954,0.3552639423448713,0.02393415644529931,0.00017638754162852753,0.01804418754644138,0.0026071741643245417,0.00011423722749635705,0.011725721668816795,5.492364330329229,True
paper_poly3,tanh,"16,8,4",3,3,0,False,0.00023932030308060348,4.4409354797532207e-10,0.00023920250996761647,,,,0.12980761563987056,0.12020360115576968,0.31307017362354705,0.023934089156283818,0.00032817715004249836,0.017975878237314925,0.00028921803086527723,0.0002444001195825888,0.015448907179998639,5.731505080609818,True
paper_poly3,tanh,"16,8,4",3,3,0,False,1.1232336873945314e-05,4.4409354797532207e-10,1.1209381001668732e-05,,,,0.18652858714099693,0.20844255318754992,0.32720623901004603,0.023930715066090007,1.6767504454708292e-05,0.015205038877020814,0.0012172347449028581,1.1031270930479718e-05,0.0033303943413693048,4.402995656536664,True
paper_poly3,tanh,"16,8,4",3,3,0,False,4.793035623151809e-05,4.4409354797532207e-10,4.7808760162247256e-05,,,,0.04836521488586829,0.042682366520040184,0.4424418237740575,0.02393524277277196,5.819958284738161e-05,0.020295382199752823,0.002483776733540546,5.033961884616482e-05,0.006902101772598457,5.033136193238348,True
paper_poly3,tanh,"16,8,4",3,3,0,False,7.276383257703856e-06,4.4409354797532207e-10,7.31026921556057e-06,,,,0.08626857364663526,0.07659700399989261,0.2654832502275115,0.02393582541379519,9.529803702144075e-06,0.01497990852538747,0.0019125201047386162,8.034796464339545e-06,0.002676403675259755,4.2144411023559645,True
paper_poly3,tanh,"16,8,4",3,3,0,False,0.00014080747496336699,4.4409354797532207e-10,0.00014080944175142137,,,,0.12301450126395132,0.11376023617253454,0.37305389124341354,0.02393481379979888,0.00017125255392277168,0.02065094440320562,0.004852522724574752,0.00013826591070762102,0.011845159024193318,5.501151246992242,True
paper_poly3,tanh,"16,8,4",3,3,0,False,0.0001290610380237922,4.4409354797532207e-10,0.00012899805133442365,,,,0.06947249635527626,0.06440351123124016,0.33541004580434414,0.023929943177483877,0.00016880883109000804,0.02399110814310542,0.004489258729025934,0.00012151840517040645,0.011339429895807074,5.463320690207282,True
paper_poly3,tanh,"16,8,4",3,3,0,False,0.00011386639380361885,4.4409354797532207e-10,0.0001137204915442969,,,,0.05034311143718545,0.05251217562160496,0.2414376942775538,0.02392999129846199,0.00013641279437476316,0.015677723276758364,0.003957260901478816,0.00012364270434906733,0.010649746207195292,5.408921103018764,True
paper_poly3,tanh,"16,8,4",3,3,0,False,8.06711395853199e-05,4.4409354797532207e-10,8.053228916991942e-05,,,,0.12415326283607737,0.1312878120126982,0.3659801450686552,0.023933272645828063,8.435286613159847e-05,0.01572239429098537,0.0036782420956752667,6.539543435386995e-05,0.008960637867941077,5.2592437284028515,True
paper_poly3,tanh,"16,8,4",3,3,0,False,6.488277722382918e-05,4.4409354797532207e-10,6.47874775348891e-05,,,,0.14794491985420555,0.1387103409055586,0.3394094747640191,0.023931554954180395,8.396983437985653e-05,0.0201512008078733,0.00028841650315311065,5.801623810644331e-05,0.008033911092529992,5.164654967456864,True
paper_poly3,tanh,"16,8,4",3,3,0,False,4.834133505937643e-06,4.4409354797532207e-10,4.8155325835704284e-06,,,,0.03187085341225213,0.028600304971839973,0.4107913313770541,0.023930669486206937,6.359178616787396e-06,0.012473958763230701,0.0008524593173108566,4.576787481379787e-06,0.00217759277444924,4.03684417673741,True
paper_poly3,tanh,"16,8,4",3,3,0,False,9.344610589323565e-05,4.4409354797532207e-10,9.362487384341742e-05,,,,0.10666008648282499,0.08556418653754376,0.3267946294706033,0.023935701344631556,0.00011080766343305197,0.016675355257473993,0.00421542731313921,8.202748946091035e-05,0.009645679076107107,5.323086744515541,True
paper_poly3,tanh,"16,8,4",3,3,0,False,2.5785231628105976e-05,4.4409354797532207e-10,2.5715697663531476e-05,,,,0.07344838260918081,0.06986954615016218,0.4033013684630918,0.023931535657628233,3.3167165460810895e-05,0.0187253208035383,4.539080422981833e-05,2.7865394754383114e-05,0.005056842544208461,4.763896573456162,True
paper_poly3,tanh,"16,8,4",3,3,0,False,9.602633326721843e-06,4.4409354797532207e-10,9.658763348440247e-06,,,,0.0543606301854943,0.04258584560462699,0.42757796264610587,0.023929549386458783,1.1625679528035915e-05,0.014783314255931344,0.001855202361674792,7.05686908831864e-06,0.0030777380719168176,4.334915882232928,True
paper_poly3,tanh,"16,8,4",3,3,0,False,0.00014016164641361684,4.4409354797532207e-10,0.00014013371791718145,,,,0.11219070549650946,0.08569251949039645,0.45513752457044365,0.023934312976001623,0.00017390797196333404,0.023839866680107926,0.005300372428259356,0.00013522804087420922,0.011817914876122108,5.4991547267482686,True
paper_poly3,tanh,"16,8,4",3,3,0,False,0.00017773275612853467,4.4409354797532207e-10,0.00017748437797396929,,,,0.10263499126884003,0.081073582571402,0.37370662022769685,0.023932270050166092,0.00020267836405687023,0.021784944815129346,0.005479595475997496,0.00015454280319615946,0.013310571387399283,5.602293012049116,True
paper_poly3,tanh,"16,8,4",3,3,0,False,7.434692815877497e-05,4.4409354797532207e-10,7.43161142060062e-05,,,,0.08703790346823903,0.08527446944653656,0.37842896805320997,0.02393685820038087,0.00010738713582961349,0.023456840211859654,0.0013460367131239131,6.406987749544053e-05,0.008601392950499444,5.223788565635371,True
paper_poly3,tanh,"16,8,4",3,3,0,False,0.000228477394557558,4.4409354797532207e-10,0.0002283192222609922,,,,0.11114781776569505,0.10172929243681289,0.3363022382393763,0.0239323022450372,0.0003037394302540548,0.018509925937705028,0.00020802952127151967,0.00020811744334374484,0.01509439519057522,5.711368774085475,True
paper_poly3,tanh,"16,8,4",3,3,0,False,9.568751011101995e-06,4.4409354797532207e-10,9.55370334868415e-06,,,,0.029649300440797128,0.029842136057670665,0.2294918029323015,0.023933979854285706,1.483630488846547e-05,0.012236437328679562,0.00038387031914125874,1.1176374875430358e-05,0.0030722662554945723,4.33338079037215,True
paper_poly3,tanh,"16,8,4",3,3,0,False,2.9164948500692844e-05,4.4409354797532207e-10,2.907551380713529e-05,,,,0.06470102858613742,0.064313739678014,0.3368780435486703,0.023932488296309628,3.3324547038399125e-05,0.017903342246366978,0.0021480344226547958,3.153939643219126e-05,0.00537938464788714,4.817386750331062,True
paper_poly3,tanh,"16,8,4",3,3,0,False,1.0605576790112536e-05,4.4409354797532207e-10,1.0634972459949032e-05,,,,0.10652905967212097,0.09941792792486981,0.24004659641870163,0.02393575310155559,1.5747009341753144e-05,0.01712723815632121,0.0012821770127734073,1.1283170178594544e-05,0.0032355469281519383,4.378059829277737,True
paper_poly3,tanh,"16,8,4",3,3,0,False,0.00021816728985868394,4.4409354797532207e-10,0.0002179308594238612,,,,0.19343742075533135,0.18075269119147652,0.18025987463994678,0.023931584613453648,0.00030079433859866463,0.019868064386540686,0.0014987863737998476,0.00013896077960856156,0.014749413596085954,5.691315173164586,True
paper_poly3,tanh,"16,8,4",3,3,0,False,3.614641900639981e-05,4.4409354797532207e-10,3.607681638313294e-05,,,,0.03964489050366616,0.04844698273320364,0.2673244188267574,0.023932588558527576,4.791641793584909e-05,0.020780277284674548,0.00021936910250323866,3.001705600721185e-05,0.005991115675294549,4.910590815032547,True
paper_poly3,tanh,"16,8,4",3,3,0,False,2.7514264729688875e-05,4.4409354797532207e-10,2.7489590754511367e-05,,,,0.08062974728158025,0.08585652010080669,0.3014612648195962,0.02393553675280912,3.699611466073309e-05,0.01833476478021815,0.0014860654782744786,2.4423489425799347e-05,0.005224330625947458,4.792083447985576,True
paper_poly3,tanh,"16,8,4",3,3,0,False,7.05935453879647e-05,4.4409354797532207e-10,7.043391539721664e-05,,,,0.19342110244499322,0.16660028114235073,0.27555949116305917,0.02393257439923538,8.674842358027021e-05,0.015017108221523572,0.003454261347837963,4.815282844316846e-05,0.008380922984834109,5.201290530259553,True
paper_poly3,tanh,"16,8,4",3,3,0,False,2.4476856196997687e-05,4.4409354797532207e-10,2.438625202092612e-05,,,,0.0829430593355494,0.07127153167824091,0.279149154172037,0.023932403562273247,3.054333953552027e-05,0.016052973618189262,0.0012557520427821688,1.7690238296928748e-05,0.004926335511595548,4.741281172789579,True
paper_poly3,tanh,"16,8,4",3,3,0,False,1.0535259207244962e-05,4.4409354797532207e-10,1.055168065318218e-05,,,,0.17580943768571622,0.1543318026147483,0.3160516699468265,0.023931669572631868,1.37185238758635e-05,0.02101097207472323,0.0012945771246901808,1.2428315820011434e-05,0.0032247328760453857,4.375170761802502,True
paper_poly3,tanh,"16,8,4",3,3,0,False,5.840029552928172e-05,4.4409354797532207e-10,5.834303369686701e-05,,,,0.13872690292574305,0.13764825529603983,0.31012181390714083,0.023934238804712477,7.631124983228752e-05,0.018172736768155177,0.0011214391114806328,6.656884637615768e-05,0.007620935078495631,5.1189405812641064,True
paper_poly3,tanh,"16,8,4",3,3,0,False,0.00012020151189062744,4.4409354797532207e-10,0.00011996520654400874,,,,0.24456777689952744,0.1368550768310387,0.3960861339944426,0.023934196947894205,0.00012796236445444228,0.019910656360471925,0.006289379285040368,6.871093364465262e-05,0.010942571482146937,5.432435466681836,True
paper_poly3,tanh,"16,8,4",3,3,0,False,6.064340050215833e-05,4.4409354797532207e-10,6.054961174487139e-05,,,,0.09365700859031666,0.0834363033132599,0.2432675568233185,0.02393496109122314,7.129981519391428e-05,0.019775644770732095,0.0028578464845593716,6.063416933924626e-05,0.007766313743406704,5.135309082261016,True
paper_poly3,tanh,"16,8,4",3,3,0,False,1.300280200666748e-05,4.4409354797532207e-10,1.302007374490148e-05,,,,0.0797234463619607,0.07140530828046882,0.21618893933022798,0.02392922166997636,1.553994267110413e-05,0.01718032094411967,0.0016451281063815616,1.4004747814599658e-05,0.0035848662957563924,4.466562486046673,True
paper_poly3,tanh,"16,8,4",3,3,0,False,5.9464317018864676e-05,4.4409354797532207e-10,5.9572391859378975e-05,,,,0.07667379246707225,0.07099380755819201,0.5403654031505042,0.02393457816309369,7.148743695237775e-05,0.01754140595969927,0.005492933319278507,7.321597383830338e-05,0.007690237452076562,5.126781971570691,True
paper_poly3,tanh,"16,8,4",3,3,0,False,1.2144337233621627e-05,4.4409354797532207e-10,1.2101460274458319e-05,,,,0.12329488549903202,0.1267501498113807,0.4019740058923778,0.023936786217637403,1.657747808204492e-05,0.017086172195965837,9.043684507524084e-05,1.2307902753206637e-05,0.003463799100850135,4.436899354992848,True
paper_poly3,tanh,"16,8,4",3,3,0,False,2.1646666937158443e-05,4.4409354797532207e-10,2.1592931597468997e-05,,,,0.06482016760429872,0.06782650880669652,0.4185397019448081,0.023935351643582334,2.9272563400013905e-05,0.0183357387275676,0.0009125752089109631,2.2474966571535282e-05,0.004631524342518294,4.687916571436345,True
paper_poly3,tanh,"16,8,4",3,3,0,False,0.00011234857083763927,4.4409354797532207e-10,0.00011222781924965605,,,,0.08838757593427642,0.08006976972265645,0.2919546259397399,0.023933014752459042,0.00013738348997768894,0.017893573878332066,0.00430881829153212,0.00011559012497332044,0.010578387347673692,5.403093088661398,True
paper_poly3,tanh,"16,8,4",3,3,0,False,4.682250437326729e-05,4.4409354797532207e-10,4.6737108555334206e-05,,,,0.12863331697361804,0.11304337645192712,0.4837701431174393,0.02393385627198617,5.9358772719951315e-05,0.018939106386579974,0.0026433544997137882,3.094920276963036e-05,0.006821623629147494,5.0229801753256975,True
paper_poly3,tanh,"16,8,4",3,3,0,False,2.1137726434972137e-05,4.4409354797532207e-10,2.1063201712716532e-05,,,,0.023152675309173035,0.020767357957198293,0.41553205960003486,0.023933570466750306,2.9263529210350696e-05,0.010930383972988126,8.692042448699418e-05,1.2043843874576267e-05,0.0045765047956912094,4.6775838093894935,True
paper_poly3,tanh,"16,8,4",3,3,0,False,4.2010560719063506e-05,4.4409354797532207e-10,4.190739690303794e-05,,,,0.04890198140026297,0.04969166979407241,0.2804221312164036,0.023933043940123216,5.031287197663326e-05,0.014859974508445836,0.0023998819481191223,3.866268227179933e-05,0.006460481897176988,4.97588401458679,True
paper_poly3,tanh,"16,8,4",3,3,0,False,7.931978871056344e-06,4.4409354797532207e-10,7.918693861152575e-06,,,,0.0931536008692428,0.08850118331343211,0.37105227809817093,0.023932829290805747,1.2271132452683178e-05,0.01478883085479174,0.0005547257920871691,1.048763635285115e-05,0.002795303377822905,4.251907085114673,True
paper_poly3,tanh,"16,8,4",3,3,0,False,0.00010366089554736391,4.4409354797532207e-10,0.00010353238297947669,,,,0.070783749993224,0.06000250947739921,0.19485612456944054,0.02393184388154783,0.00013204595468726301,0.021807130461555493,0.002870695163893296,9.879228456950338e-05,0.010160325961460163,5.368140492916438,True
paper_poly3,tanh,"16,8,4",3,3,0,False,1.1746117706934456e-05,4.4409354797532207e-10,1.1693794072716735e-05,,,,0.16345659246386612,0.16056081858554186,0.21960571511922997,0.023935305675241905,1.2769200049567433e-05,0.017314191798690585,0.0018611044859720906,2.5233564769794652e-05,0.0034061874355870536,4.422419884999242,True
paper_poly3,tanh,"16,8,4",3,3,0,False,0.00011773122241720557,4.4409354797532207e-10,0.00011761896672260645,,,,0.10849721912486347,0.09478004012609952,0.2860661885230626,0.023932189371122126,0.0001495866713627091,0.020507914896060096,0.0029988898627621593,0.00010621456105502011,0.010829328420080686,5.423417189812098,True
paper_poly3,tanh,"16,8,4",3,3,0,False,0.0001663019065745175,4.4409354797532207e-10,0.00016611158336822396,,,,0.07100910958318844,0.07661174674507043,0.4243342050782601,0.023935067890376548,0.00021555342426215812,0.01728706508581903,0.0034522406946025583,0.00011796701350811856,0.01287473612457952,5.573422764672806,True
paper_poly3,tanh,"16,8,4",3,3,0,False,0.00015284640539903194,4.4409354797532207e-10,0.00015259399405803898,,,,0.02496400933093017,0.025543545506392772,0.5897543653084351,0.023935489150178693,0.0001723966318178562,0.01424697263625192,0.005333210099491492,0.00011318627827787279,0.012342033096922726,5.536780765999673,True
paper_poly3,tanh,"16,8,4",3,3,0,False,8.09344055596739e-05,4.4409354797532207e-10,8.081390105629792e-05,,,,0.03460222816991427,0.02986030449625382,0.30510314752462936,0.02393525279718689,0.00010579870203208685,0.012054755505494442,0.002234217989337222,8.078921997684604e-05,0.008975281599180991,5.26065871773351,True
paper_poly3,tanh,"16,8,4",3,3,0,False,4.4846492528449744e-05,4.4409354797532207e-10,4.4790866498545357e-05,,,,0.11024004670265307,0.10356417567075053,0.3221835472960714,0.02393610103235077,5.816451427695598e-05,0.016371771261220247,0.0009131304759880366,3.927421127266915e-05,0.006675678859491916,5.004254018711013,True
paper_poly3,tanh,"16,8,4",3,3,0,False,0.00013245680020190775,4.4409354797532207e-10,0.0001322887807833714,,,,0.11729507432290202,0.10461711293001787,0.4121046179428567,0.023936337627116305,0.00017065292830806725,0.016804184226593678,4.473470602771541e-05,7.676103365420951e-05,0.01148791427374391,5.474599795896542,True
paper_poly3,tanh,"16,8,4",3,3,0,False,1.774066549842246e-05,4.4409354797532207e-10,1.7687087922757615e-05,,,,0.07333730874326626,0.06988208699669123,0.3783464432558672,0.023934194765540463,2.157211375047793e-05,0.01727131451675879,0.0014701948349406587,1.5091862891619316e-05,0.004190893412195078,4.601495443754028,True
paper_poly3,sigmoid,4,1,3,0,True,9.009757195599377e-05,0.0007134258517737688,0.0009321833927457047,0.40447716481212354,0.4040710598462494,0.81,0.04860398075779559,0.049703695569207645,0.5351294157478622,0.02393275182875549,0.001376701123338758,0.021065186355503744,0.0016186886926855828,0.0007583455126642548,0.01721805871136504,-0.8986357551148407,False
paper_poly3,sigmoid,4,1,3,0,True,9.766736184246838e-05,0.0007134258517737688,0.0009454432082187421,2.338433022512709,2.3393155594309305,0.77,0.07529988331766048,0.0727916942426266,0.2843226009479743,0.023933991793900163,0.0014030926170872928,0.024276703397105,9.117102388961901e-05,0.0007885702660067892,0.01682735290071704,-0.8635993855652261,False
paper_poly3,sigmoid,4,1,3,0,True,9.165511437458917e-05,0.0007134258517737688,0.0009271731631461459,0.8183783428520769,0.8185257388512004,0.72,0.0664380477542462,0.0660223985011822,0.15078473102602125,0.023928954114399256,0.0013745071759328818,0.021217250429529048,0.00048241877792339907,0.000769398579514541,0.0171363650326735,-0.8911921387302453,False
paper_poly3,sigmoid,4,1,3,0,True,0.00010429631220176816,0.0007134258517737688,0.0009407502965631627,0.24474398150846405,0.2437801840246108,0.85,0.05462357150490256,0.05883859260466722,0.5154870892040069,0.023925204851412436,0.001386049031434518,0.021325761348809293,0.002118866544060226,0.0007712518991420155,0.016497476197661277,-0.8350798898855449,False
paper_poly3,sigmoid,4,1,3,0,True,9.394392691319808e-05,0.0007134258517737688,0.0010828601772789994,0.13117468651350284,0.13259750650863594,0.85,0.02800172242403359,0.028925705773655518,0.5715078281741435,0.023901100718584263,0.0015970609781238516,0.019488291434193977,0.0009198270132103127,0.0008449982571131102,0.017017565257647894,-0.8804801324279744,False
paper_poly3,sigmoid,4,1,3,0,True,0.00011616876145126298,0.0007134258517737688,0.0010411634014276675,0.09246315711195605,0.09263552829629008,0.895,0.0393149166395415,0.04437969275671644,0.1773475544091178,0.0239066715808973,0.0015168462587809603,0.015164676462009728,0.002315379140764435,0.0009198415059507316,0.015931871471925187,-0.78825948333441,False
paper_poly3,sigmoid,4,1,3,0,True,0.00014900138194207102,0.0007134258517737688,0.0009968524916100672,9.042297074732105,9.04114261208636,0.77,0.1277090585280683,0.12191911743611863,0.6992376369469961,0.023924689328996936,0.0014456490686988186,0.020644823060657333,0.0023951744225014435,0.0006897457917552789,0.014503420570294976,-0.680158546048794,False
paper_poly3,sigmoid,4,1,3,0,True,0.0001003629804472439,0.0007134258517737688,0.0010917638723946341,0.025654806757265957,0.025780809631343497,0.965,0.02770152542533316,0.03722381276396865,0.3519330430673866,0.023935595787535083,0.0016101655289337527,0.01948980862139617,0.0018792187165997418,0.0008489274193369461,0.016691900209616087,-0.8517752924897014,False
paper_poly3,sigmoid,4,1,3,0,True,0.0001595529174664989,0.0007134258517737688,0.0010185095675758417,0.4722677678724475,0.47034509549006664,0.715,0.08706785393095705,0.09634826562709214,0.6261262571500104,0.023929769099214144,0.0014709007813580393,0.01712513942834845,0.004469285317648525,0.0007250882643892151,0.014078607003312335,-0.6504440926382975,False
paper_poly3,sigmoid,4,1,3,0,True,4.75382330478169e-05,0.0007134258517737688,0.0008251519404437661,1.6900052715849865,1.6872755072811172,0.745,0.08231228299728255,0.08042389990001941,0.1939865771574457,0.023915784781438076,0.0012216871541254944,0.018510616243451895,0.0017484128162507575,0.0006805381317898689,0.01981523525751011,-1.1763058070600545,False
paper_poly3,sigmoid,4,1,3,0,True,0.0001961014640983194,0.0007134258517737688,0.0010751531893162065,5.008476360595212,5.008212833064796,0.67,0.11416378495918775,0.1198246566066427,0.43283367674395107,0.023907555407582833,0.001592135945918136,0.028091320972718402,0.0009576162731119034,0.0008441496479517359,0.012706409543507895,-0.5608680062946346,False
paper_poly3,sigmoid,4,1,3,0,True,8.310699195135385e-05,0.0007134258517737688,0.0008629336776096185,15.576452736385555,15.575791364158446,0.58,0.21413463239478228,0.19558467554109044,0.06061027315007011,0.023914531703353028,0.0013132856279747425,0.02687174349462389,0.0025425011814014745,0.000772490552485277,0.01759372915822692,-0.9337112790750136,False
paper_poly3,sigmoid,4,1,3,0,True,8.644279296277091e-05,0.0007134258517737688,0.0010549734341078266,0.026795555842077642,0.02711532847595948,0.955,0.033923269915571694,0.038354656881195506,0.28890783690299987,0.023917271571455363,0.001557380031320963,0.01827642016765852,0.0006497583162467523,0.0008442406110057992,0.01741257115161674,-0.9166200519545651,False
paper_poly3,sigmoid,4,1,3,0,True,0.00020012962340842932,0.0007134258517737688,0.0011247467763355083,0.08476603283766808,0.08491564424508892,0.82,0.11321055525785598,0.11554131459336084,0.3220885897756227,0.02391449805452093,0.0016230583617330408,0.016353944738064247,0.0037776217930959814,0.0009921960109067296,0.012563315031484326,-0.5520374642832604,False
paper_poly3,sigmoid,4,1,3,0,True,0.0001373335690004751,0.0007134258517737688,0.0009693091256303865,4.958477027819643,4.9572444974635514,0.685,0.11817293544097376,0.11653261210665532,0.13477261698531615,0.02391739273578848,0.0014369226354607174,0.026818617750650343,0.0003994509025412296,0.0007829535363642798,0.01499109218331349,-0.7155721358556304,False
paper_poly3,sigmoid,4,1,3,0,True,0.00010938521154457703,0.0007134258517737688,0.0009672434117351748,4.477585092355697,4.48125320749744,0.78,0.09550455850156431,0.0892482242158251,0.2639847347108773,0.0239317767053894,0.0014524369379766643,0.021944839051428945,0.001586320641310751,0.0008303758169178131,0.016251294266959874,-0.8143902313875206,False
paper_poly3,sigmoid,4,1,3,0,True,0.00013257787213660777,0.0007134258517737688,0.0011761822701087544,0.011959596544250401,0.012450259412234417,0.98,0.02101369539013695,0.020810550390406045,0.3439742342317269,0.02390398324743482,0.0017218460400000393,0.016154649799912883,0.002208056950916004,0.0008976452998657637,0.015195786306613354,-0.7308777980791903,False
paper_poly3,sigmoid,4,1,3,0,True,0.00021308680879883468,0.0007134258517737688,0.0012765761691270858,0.020963273914176597,0.021485727949094285,0.965,0.030187185064218434,0.02875757897126761,0.7512710995265219,0.02392318940161033,0.0018405155896720547,0.01521685930104395,0.0037085794237979473,0.0009732747964289209,0.012112539555636126,-0.5247922770082044,False
paper_poly3,sigmoid,4,1,3,0,True,0.00017499311070423573,0.0007134258517737688,0.000980387692237196,8.123791530150871,8.118410227451623,0.59,0.12120467400954474,0.1300135866666989,0.4055165244289771,0.02390682634097962,0.001434976919883975,0.02627325895374627,0.00044511292109597093,0.0007712999921539439,0.013481536630594392,-0.6103278911244605,False
paper_poly3,sigmoid,4,1,3,0,True,0.00011022956459783018,0.0007134258517737688,0.001003544658873586,0.0954929617540463,0.09515008585732541,0.88,0.09665741330040593,0.08912861953288209,0.5172749903085323,0.023917916106094554,0.001472625177881295,0.02102735474423366,0.002420800955669752,0.0007668994375049334,0.016211005951936423,-0.8110507504557554,False
paper_poly3,sigmoid,4,1,3,0,True,6.38810743112117e-05,0.0007134258517737688,0.000805780649969831,10.261323422520356,10.262314923859021,0.58,0.17858542603798777,0.1667328502883198,0.3825916328414519,0.023913146335903614,0.0012285574261776569,0.027530945189105788,0.004493277923232812,0.000821180105101103,0.01871746910417029,-1.0479766312119438,False
paper_poly3,sigmoid,4,1,3,0,True,0.00012248083658050746,0.0007134258517737688,0.0009661691585351164,0.1894033678169537,0.18876103978843747,0.845,0.07062868611002623,0.06488076111612914,0.7611905992439626,0.02392413944863956,0.001404448563948881,0.015447217731767994,0.0025438224224256815,0.0009184923130674898,0.015642926730768766,-0.7652806983670377,False
paper_poly3,sigmoid,4,1,3,0,True,0.00021702835510950536,0.0007134258517737688,0.0011293930604450865,14.1678982645338,14.170271875243053,0.755,0.13511860352743876,0.13569873792904466,0.3212937085021644,0.02390162703522644,0.0016473761271901051,0.02404771674271308,0.0015868479538042413,0.0007873502950408194,0.011978150526103402,-0.5168323635879362,False
paper_poly3,sigmoid,4,1,3,0,True,0.00010008570097852498,0.0007134258517737688,0.0009960511674049037,2.7263514170811702,2.727887474773669,0.785,0.1883454764583606,0.19243533434207766,0.1009853175143796,0.023910762824023473,0.001475337157083824,0.01779911231446366,0.0007170458912162931,0.0007805005819498301,0.016705748661213042,-0.8529768072032115,False
paper_poly3,sigmoid,4,1,3,0,True,0.0003837388358078897,0.0007134258517737688,0.0014488684417580467,33.01090327599433,33.01203888990779,0.72,0.13459032467405282,0.1366035095830456,0.22863625297536622,0.02384215903786264,0.0021471978255912278,0.029693850148894137,0.001071986362263729,0.0008379070275883928,0.0071207797232827365,-0.26931308877651283,False
paper_poly3,sigmoid,4,1,3,0,True,8.666386565892026e-05,0.0007134258517737688,0.000883363646709463,7.67931724680365,7.678681077198164,0.605,0.18869156711518373,0.1735147915385113,0.2458221903472564,0.023919123961092244,0.001337915599182287,0.02487451915122684,0.0014796338650266557,0.0007748640310505379,0.017400689869401388,-0.9155107855057978,False
paper_poly3,sigmoid,4,1,3,0,True,5.974959640298039e-05,0.0007134258517737688,0.0008904732731050135,0.7799472349518076,0.7810192759882096,0.665,0.13353071097810715,0.14404131139621937,0.6755488473745743,0.02392999908715263,0.0013258179741053003,0.022808614437874596,0.0006958372578186686,0.0007498843182804398,0.018980246482145153,-1.0770138663732531,False
paper_poly3,sigmoid,4,1,3,0,True,0.00016582815442234278,0.0007134258517737688,0.0010682250832425898,11.200501308539504,11.20488189089642,0.725,0.09671915100878754,0.10191862754776247,0.4618750328738762,0.023913677472407358,0.0015724895499730411,0.02466323691956276,0.00018131474601496724,0.0007852776848990953,0.013832604694326687,-0.6336905751264713,False
paper_poly3,sigmoid,4,1,3,0,True,0.00023515874636359513,0.0007134258517737688,0.0011152163874984416,3.2365922534090004,3.232126995430271,0.665,0.13941088965954995,0.14515955248546608,0.5934756711849667,0.02389545517186689,0.0016313779492606885,0.026037366944555017,0.0012434219225718579,0.0007860069454092368,0.011375146214337111,-0.48198770613786757,False
paper_poly3,sigmoid,4,1,3,0,True,0.00022458171588368714,0.0007134258517737688,0.000985230787220778,99.67089765664724,99.65420333175587,0.565,0.1986720563560708,0.20017282126331748,0.005779423177781973,0.02390073173705612,0.0014596307949389447,0.03062395639475562,0.0005342184230500021,0.0007498407642351266,0.011723982082417051,-0.501974446753646,False
paper_poly3,sigmoid,4,1,3,0,True,0.00019558094209060073,0.0007134258517737688,0.0011530012152121674,2.757975608437302,2.7596460969233116,0.785,0.0709531756560848,0.0667101556849305,0.015968131697093338,0.02390597453915201,0.0017208770822083458,0.02212079761904574,0.0014773793851669001,0.0008197401079507026,0.01272500715462605,-0.5620223086843741,False
paper_poly3,sigmoid,4,1,3,0,True,7.126624404918402e-05,0.0007134258517737688,0.0009715207106349439,0.22757055515753954,0.22801559287496329,0.875,0.02511338339217982,0.02592903088199072,0.3719159920473341,0.023933868031190124,0.0014356746442456014,0.018844758410212433,0.0014170635948107446,0.0007836517715073897,0.018268099124789522,-1.00046497168602,False
paper_poly3,sigmoid,4,1,3,0,True,0.00010761138400994241,0.0007134258517737688,0.0008852438058127264,5.191510338422837,5.189129100147909,0.63,0.17358384162085028,0.16414725823691967,0.22766080615295417,0.023900617690570773,0.001337141016344734,0.026682256286968548,0.0018908565875380811,0.000838480556937112,0.01633644209250734,-0.8214906254544064,False
paper_poly3,sigmoid,4,1,3,0,True,0.0001115145132644102,0.0007134258517737688,0.0009914542635197914,0.14274748105700585,0.1423464604686968,0.86,0.08787043672934527,0.08487801948724405,0.4198442494334782,0.023926125958294384,0.0014560689068480559,0.02076680824518623,0.002165097257545171,0.0007547075505462027,0.016149989550852714,-0.8060174492994233,False
paper_poly3,sigmoid,4,1,3,0,True,0.0002451948239468038,0.0007134258517737688,0.0011287807092197916,3.7944248886832423,3.7953670311262937,0.68,0.10288661583016286,0.08686357063070727,0.5965148484392178,0.02392117460597968,0.0016377640675825527,0.02239198650964743,0.0017145509020841056,0.0011466794404508018,0.011051334763980476,-0.4638375444242062,False
paper_poly3,sigmoid,4,1,3,0,True,0.0003382552822586149,0.0007134258517737688,0.0012521084169440646,6.832293802833371,6.82896942115477,0.59,0.1478542600973502,0.15896314566600833,0.2631499103229621,0.02391481881025597,0.0017746832504152495,0.023491967166573605,0.003925110824445861,0.0010387767499320532,0.008318315029864447,-0.32410425508014973,False
paper_poly3,sigmoid,4,1,3,0,True,7.541896775364876e-05,0.0007134258517737688,0.0009016774169195035,0.15678607536828879,0.15592784670476853,0.9,0.03878328810295994,0.041309939458926824,0.027387299534751913,0.023904424691566742,0.0013318088345608413,0.019031564269022354,0.0024831245529501516,0.0007503488324903438,0.018025623327573067,-0.9758682584308168,False
paper_poly3,sigmoid,4,1,3,0,True,8.909514144761488e-05,0.0007134258517737688,0.0009383850164047271,2.2465468628292222,2.246139647579221,0.715,0.06891731112666023,0.06719554433320259,0.18349329487350824,0.023922425874978875,0.0013738791163099386,0.021288129284590885,0.0018756934083888222,0.0006923994539950122,0.017271010520646113,-0.9034948207704557,False
paper_poly3,sigmoid,4,1,3,0,True,9.210874122800305e-05,0.0007134258517737688,0.0009367748764399811,0.46587673265862767,0.4655188783629884,0.765,0.04588448169212056,0.04191856369121769,0.22327068653621912,0.02390332125593205,0.0013745442885143124,0.015238684110739843,0.0018151419913319518,0.0007640856796087271,0.017112702891482864,-0.889047995217352,False
paper_poly3,sigmoid,4,1,3,0,True,2.5265237127314322e-05,0.0007134258517737688,0.0007221805799301271,10.582107592896202,10.583900920617577,0.59,0.14794764069771493,0.1496430477716252,0.05470704759943414,0.023930777999500632,0.0010764934576296843,0.023236219832782873,0.0012900923940875005,0.0006769390145362431,0.021683579059716393,-1.450825463756079,False
paper_poly3,sigmoid,4,1,3,0,True,0.00014377632760442793,0.0007134258517737688,0.0010395000507583524,1.0479800417769776,1.0473763225781196,0.74,0.08249283618178424,0.08162777160948619,0.25600828992922336,0.023929242190406937,0.0015038222676143802,0.017629653693985753,0.0033674683646623066,0.0007451367633795644,0.014719356097433097,-0.6956614559432895,False
paper_poly3,sigmoid,4,1,3,0,True,0.00017906860739458352,0.0007134258517737688,0.001049506766161142,1.7046038709302613,1.7021092864804401,0.735,0.07167295433674713,0.0675462645422657,0.015263141854330593,0.023932665752432462,0.0015120841400121767,0.017584971056438102,0.0033104964826128486,0.0009006122939320751,0.013328380899108271,-0.6003293862844197,False
paper_poly3,sigmoid,4,1,3,0,True,0.0003239991783630103,0.0007134258517737688,0.0012293101921792443,8.3038525360638,8.30120647146553,0.59,0.1465883666063711,0.1373183157684404,0.2350137643963318,0.023895841124081843,0.0018225039456454307,0.028498676505372855,0.0004611417955426999,0.0009419611773659147,0.008710055615714453,-0.34280493355711483,False
paper_poly3,sigmoid,4,1,3,0,True,0.0001420592307113111,0.0007134258517737688,0.0010068045172619735,5.675206719755798,5.677225926739392,0.73,0.10832456853209155,0.10448903195556204,0.2529898318142129,0.023907515786148085,0.001507791490243064,0.02774257572036918,0.0015818574578503504,0.0008058588981730111,0.014791172498306745,-0.7008793839059771,False
paper_poly3,sigmoid,4,1,3,0,True,0.0007493251468986273,0.0007134258517737688,0.0018651704374375174,8.508114591161068,8.507859535022405,0.77,0.11284605400724151,0.10013435568065171,0.5995415684449232,0.023827673252243227,0.002638974358335191,0.027888824517879125,0.0018512706688450726,0.0009447625173985282,0.0006637712343675467,0.021321465075022687,False
paper_poly3,sigmoid,4,1,3,0,True,0.00033276568865403533,0.0007134258517737688,0.0007489570966294985,2457.8646289622593,2457.8920310134436,0.55,0.25812614715895177,0.2762093881624905,0.5410575632231285,0.023893580561080832,0.001048019804773234,0.0291682912146322,3.762531819505484e-05,0.0007459112413917375,0.00846816642263944,-0.331210302442525,False
paper_poly3,sigmoid,4,1,3,0,True,0.00011918795644305646,0.0007134258517737688,0.0008864086603101298,16.820156684443173,16.820761700974728,0.62,0.16684835662983857,0.17436072222748722,0.3729984099582125,0.02390967888273543,0.001285656508371705,0.024666924452922897,0.00034641709329329823,0.0007762488582323089,0.015792709107450523,-0.7771164688571879,False
paper_poly3,sigmoid,4,1,3,0,True,8.334185986313969e-05,0.0007134258517737688,0.0009075278038888096,0.3175058038527247,0.31657557370274303,0.845,0.03432110181987273,0.04089375945415598,0.19365961998584735,0.023930049289909723,0.0013356263795542029,0.018448752219495584,0.0020088879957953667,0.0007634948689298679,0.017580856495371784,-0.9324856544503874,False
paper_poly3,sigmoid,4,1,3,0,True,0.00025207948056049645,0.0007134258517737688,0.0011902545621537643,0.578329501111499,0.5764328791870115,0.74,0.10178523286637027,0.09080360176554453,0.47249657375690124,0.02391901836617387,0.0017000699768787261,0.016235004296322585,0.0048236894628821275,0.0010297397809192112,0.010833021721077408,-0.451811347175871,False
paper_poly3,sigmoid,4,1,3,0,True,0.00011732848361134529,0.0007134258517737688,0.0011357417775025426,0.02014046292935166,0.02053892386546254,0.98,0.018401066991478223,0.020452689338774886,0.18129329647665224,0.023910593824507415,0.001666811410689611,0.01882495000172956,0.0024563450400993192,0.0008189340832694718,0.01587820544839861,-0.7839453846723332,False
paper_poly3,sigmoid,4,1,3,0,False,9.009757195599377e-05,0.002982945129673862,0.0028396076203813353,0.40447716481212354,0.4040710598462494,0.81,0.04860398075779559,0.049703695569207645,0.5351294157478622,0.02393275182875549,0.004104375358953981,0.010888736562006476,0.01702197227587292,0.0028396168820105675,0.045124370813770756,-1.5199321774138965,False
paper_poly3,sigmoid,4,1,3,0,False,9.766736184246838e-05,0.002982945129673862,0.0029230069399680246,2.338433022512709,2.3393155594309305,0.77,0.07529988331766048,0.0727916942426266,0.2843226009479743,0.023933991793900163,0.004206469980220061,0.009998584489379486,0.018552284232709923,0.002924853814191366,0.04473366500312275,-1.484895807864282,False
paper_poly3,sigmoid,4,1,3,0,False,9.165511437458917e-05,0.002982945129673862,0.002884641636570406,0.8183783428520769,0.8185257388512004,0.72,0.0664380477542462,0.0660223985011822,0.15078473102602125,0.023928954114399256,0.004168502896634636,0.0100627255985112,0.018166747000865152,0.0028858933555555816,0.045042677135079215,-1.5124885610293013,False
paper_poly3,sigmoid,4,1,3,0,False,0.00010429631220176816,0.002982945129673862,0.0028037620880913845,0.24474398150846405,0.2437801840246108,0.85,0.05462357150490256,0.05883859260466722,0.5154870892040069,0.023925204851412436,0.004063311518391273,0.011030550021886774,0.01651259699089433,0.0028042271766988464,0.04440378830006699,-1.456376312184601,False
paper_poly3,sigmoid,4,1,3,0,False,9.394392691319808e-05,0.002982945129673862,0.0031299063516704007,0.13117468651350284,0.13259750650863594,0.85,0.02800172242403359,0.028925705773655518,0.5715078281741435,0.023901100718584263,0.004518686871379435,0.009278866288453017,0.01777244988950225,0.003121408052261748,0.044923877360053606,-1.5017765547270303,False
paper_poly3,sigmoid,4,1,3,0,False,0.00011616876145126298,0.002982945129673862,0.002842315763285029,0.09246315711195605,0.09263552829629008,0.895,0.0393149166395415,0.04437969275671644,0.1773475544091178,0.0239066715808973,0.004123033632848071,0.0095321373314721,0.016348125616449587,0.0028409553592693123,0.043838183574330905,-1.4095559056334659,False
paper_poly3,sigmoid,4,1,3,0,False,0.00014900138194207102,0.002982945129673862,0.0028830837095711343,9.042297074732105,9.04114261208636,0.77,0.1277090585280683,0.12191911743611863,0.6992376369469961,0.023924689328996936,0.004187618908418999,0.008743019038745801,0.01626594805526924,0.0028827524189836856,0.04240973267270069,-1.30145496834785,False
paper_poly3,sigmoid,4,1,3,0,False,0.0001003629804472439,0.002982945129673862,0.0030208732340305544,0.025654806757265957,0.025780809631343497,0.965,0.02770152542533316,0.03722381276396865,0.3519330430673866,0.023935595787535083,0.004353276141160201,0.00974138924401303,0.016796466949876604,0.0030183400441913984,0.0445982123120218,-1.4730717147887573,False
paper_poly3,sigmoid,4,1,3,0,False,0.0001595529174664989,0.002982945129673862,0.0027004611476151652,0.4722677678724475,0.47034509549006664,0.715,0.08706785393095705,0.09634826562709214,0.6261262571500104,0.023929769099214144,0.003948093754270077,0.011045461144395367,0.01416661056247722,0.002701726415642679,0.04198491910571805,-1.2717405149373535,False
paper_poly3,sigmoid,4,1,3,0,False,4.75382330478169e-05,0.002982945129673862,0.0028654210424059684,1.6900052715849865,1.6872755072811172,0.745,0.08231228299728255,0.08042389990001941,0.1939865771574457,0.023915784781438076,0.004090898469136418,0.008842483553227698,0.016907004874296836,0.0028647028901381735,0.04772154735991582,-1.7976022293591103,False
paper_poly3,sigmoid,4,1,3,0,False,0.0001961014640983194,0.002982945129673862,0.002998169049437576,5.008476360595212,5.008212833064796,0.67,0.11416378495918775,0.1198246566066427,0.43283367674395107,0.023907555407582833,0.004361174756716933,0.010635415471319298,0.01957793440549642,0.0029986327958965915,0.04061272164591361,-1.1821644285936905,False
paper_poly3,sigmoid,4,1,3,0,False,8.310699195135385e-05,0.002982945129673862,0.0031457852197616515,15.576452736385555,15.575791364158446,0.58,0.21413463239478228,0.19558467554109044,0.06061027315007011,0.023914531703353028,0.004441614298768985,0.008883280845530066,0.021172482431979348,0.003147141755739834,0.04550004126063263,-1.5550077013740695,False
paper_poly3,sigmoid,4,1,3,0,False,8.644279296277091e-05,0.002982945129673862,0.003059002209753872,0.026795555842077642,0.02711532847595948,0.955,0.033923269915571694,0.038354656881195506,0.28890783690299987,0.023917271571455363,0.004389642965387711,0.009424862448030433,0.018041815876308667,0.0030523855771716303,0.04531888325402245,-1.537916474253621,False
paper_poly3,sigmoid,4,1,3,0,False,0.00020012962340842932,0.002982945129673862,0.002741609251372237,0.08476603283766808,0.08491564424508892,0.82,0.11321055525785598,0.11554131459336084,0.3220885897756227,0.02391449805452093,0.004031000444959552,0.010567923719252555,0.014854084521001001,0.0027422823945924897,0.04046962713389004,-1.1733338865823164,False
paper_poly3,sigmoid,4,1,3,0,False,0.0001373335690004751,0.002982945129673862,0.0029372924730851954,4.958477027819643,4.9572444974635514,0.685,0.11817293544097376,0.11653261210665532,0.13477261698531615,0.02391739273578848,0.00424926917207471,0.009781489683140781,0.019024285002619306,0.0029389477346376345,0.042897404285719205,-1.3368685581546864,False
paper_poly3,sigmoid,4,1,3,0,False,0.00010938521154457703,0.002982945129673862,0.0030538560000617863,4.477585092355697,4.48125320749744,0.78,0.09550455850156431,0.0892482242158251,0.2639847347108773,0.0239317767053894,0.004364480488876305,0.009355696910952714,0.020231732719596007,0.003054934344444891,0.04415760636936559,-1.4356866536865767,False
paper_poly3,sigmoid,4,1,3,0,False,0.00013257787213660777,0.002982945129673862,0.0030055281409127055,0.011959596544250401,0.012450259412234417,0.98,0.02101369539013695,0.020810550390406045,0.3439742342317269,0.02390398324743482,0.004364635793345709,0.00897288809305814,0.016480429238819753,0.0030029530280688884,0.04310209840901907,-1.3521742203782463,False
paper_poly3,sigmoid,4,1,3,0,False,0.00021308680879883468,0.002982945129673862,0.002908949988605804,0.020963273914176597,0.021485727949094285,0.965,0.030187185064218434,0.02875757897126761,0.7512710995265219,0.02392318940161033,0.004272789153688901,0.009451854471079353,0.014966161292886514,0.0029058791993402146,0.04001885165804184,-1.1460886993072603,False
paper_poly3,sigmoid,4,1,3,0,False,0.00017499311070423573,0.002982945129673862,0.002830250621101631,8.123791530150871,8.118410227451623,0.59,0.12120467400954474,0.1300135866666989,0.4055165244289771,0.02390682634097962,0.0041041714117243154,0.009032545215915016,0.018176758452455883,0.0028312998957824866,0.04138784873300011,-1.2316243134235165,False
paper_poly3,sigmoid,4,1,3,0,False,0.00011022956459783018,0.002982945129673862,0.0028094046488490333,0.0954929617540463,0.09515008585732541,0.88,0.09665741330040593,0.08912861953288209,0.5172749903085323,0.023917916106094554,0.004089262974218533,0.011188923022776295,0.01622189841630187,0.002808692529900683,0.04411731805434214,-1.4323471727548112,False
paper_poly3,sigmoid,4,1,3,0,False,6.38810743112117e-05,0.002982945129673862,0.003221792660762121,10.261323422520356,10.262314923859021,0.58,0.17858542603798777,0.1667328502883198,0.3825916328414519,0.023913146335903614,0.004511876019959445,0.009351241361670615,0.023129963107659517,0.003220885331315277,0.046623781206576,-1.6692730535109999,False
paper_poly3,sigmoid,4,1,3,0,False,0.00012248083658050746,0.002982945129673862,0.0027401142088774714,0.1894033678169537,0.18876103978843747,0.845,0.07062868611002623,0.06488076111612914,0.7611905992439626,0.02392413944863956,0.003981516546074613,0.010459956720969318,0.016097373830997002,0.002740148193603083,0.043549238833174485,-1.3865771206660937,False
paper_poly3,sigmoid,4,1,3,0,False,0.00021702835510950536,0.002982945129673862,0.0029997659678565386,14.1678982645338,14.170271875243053,0.755,0.13511860352743876,0.13569873792904466,0.3212937085021644,0.02390162703522644,0.004396930655419618,0.009553785645181296,0.017062280717788963,0.003004549947402903,0.039884462628509115,-1.1381287858869922,False
paper_poly3,sigmoid,4,1,3,0,False,0.00010008570097852498,0.002982945129673862,0.0029009715119934724,2.7263514170811702,2.727887474773669,0.785,0.1883454764583606,0.19243533434207766,0.1009853175143796,0.023910762824023473,0.004169624278146055,0.008736539636966904,0.017947101242334316,0.002902011041376793,0.04461206076361876,-1.4742732295022674,False
paper_poly3,sigmoid,4,1,3,0,False,0.0003837388358078897,0.002982945129673862,0.0031912586448866816,33.01090327599433,33.01203888990779,0.72,0.13459032467405282,0.1366035095830456,0.22863625297536622,0.02384215903786264,0.004787587681736232,0.010211881986150813,0.017506525469988102,0.003200552491023562,0.03502709182568845,-0.8906095110755688,False
paper_poly3,sigmoid,4,1,3,0,False,8.666386565892026e-05,0.002982945129673862,0.0030134186423427644,7.67931724680365,7.678681077198164,0.605,0.18869156711518373,0.1735147915385113,0.2458221903472564,0.023919123961092244,0.004282200420883747,0.008650852634743387,0.02011520146733111,0.0030144077181105517,0.04530700197180711,-1.5368072078048538,False
paper_poly3,sigmoid,4,1,3,0,False,5.974959640298039e-05,0.002982945129673862,0.0028656303528961117,0.7799472349518076,0.7810192759882096,0.665,0.13353071097810715,0.14404131139621937,0.6755488473745743,0.02392999908715263,0.0040950071765463005,0.012075921423131056,0.017955668444297666,0.002864909904129891,0.04688655858455087,-1.6983102886723092,False
paper_poly3,sigmoid,4,1,3,0,False,0.00016582815442234278,0.002982945129673862,0.0030338648301912667,11.200501308539504,11.20488189089642,0.725,0.09671915100878754,0.10191862754776247,0.4618750328738762,0.023913677472407358,0.004422374517302359,0.009802944171105362,0.018475871360489678,0.0030371997097505586,0.0417389167967324,-1.2549869974255272,False
paper_poly3,sigmoid,4,1,3,0,False,0.00023515874636359513,0.002982945129673862,0.0028553944449712047,3.2365922534090004,3.232126995430271,0.665,0.13941088965954995,0.14515955248546608,0.5934756711849667,0.02389545517186689,0.004195687317855775,0.009418123967657038,0.01736920764496853,0.0028541470298289752,0.039281458316742825,-1.1032841284369235,False
paper_poly3,sigmoid,4,1,3,0,False,0.00022458171588368714,0.002982945129673862,0.0031015521809094264,99.67089765664724,99.65420333175587,0.565,0.1986720563560708,0.20017282126331748,0.005779423177781973,0.02390073173705612,0.00450194470775371,0.010316512816249302,0.019115552478001212,0.0031040947151314193,0.039630294184822765,-1.1232708690527018,False
paper_poly3,sigmoid,4,1,3,0,False,0.00019558094209060073,0.002982945129673862,0.002900351425035017,2.757975608437302,2.7596460969233116,0.785,0.0709531756560848,0.0667101556849305,0.015968131697093338,0.02390597453915201,0.004219475884120787,0.008800500587251672,0.017155605627573883,0.0029014412845284033,0.04063131925703176,-1.18331873098343,False
paper_poly3,sigmoid,4,1,3,0,False,7.126624404918402e-05,0.002982945129673862,0.002928889931351991,0.22757055515753954,0.22801559287496329,0.875,0.02511338339217982,0.02592903088199072,0.3719159920473341,0.023933868031190124,0.0042055298623522005,0.010516746121404522,0.017247478809319306,0.002927574704377903,0.04617441122719524,-1.621761393985076,False
paper_poly3,sigmoid,4,1,3,0,False,0.00010761138400994241,0.002982945129673862,0.002970860675511799,5.191510338422837,5.189129100147909,0.63,0.17358384162085028,0.16414725823691967,0.22766080615295417,0.023900617690570773,0.004247570157843484,0.008371913703643544,0.020506215058938414,0.0029708089828981454,0.04424275419491305,-1.4427870477534623,False
paper_poly3,sigmoid,4,1,3,0,False,0.0001115145132644102,0.002982945129673862,0.002816270581742632,0.14274748105700585,0.1423464604686968,0.86,0.08787043672934527,0.08487801948724405,0.4198442494334782,0.023926125958294384,0.004099351439614438,0.010831200268438826,0.016480687324880568,0.002816792624821052,0.04405630165325843,-1.4273138715984792,False
paper_poly3,sigmoid,4,1,3,0,False,0.0002451948239468038,0.002982945129673862,0.0029007603029524128,3.7944248886832423,3.7953670311262937,0.68,0.10288661583016286,0.08686357063070727,0.5965148484392178,0.02392117460597968,0.004229037402516594,0.010623162310825726,0.016925751105801756,0.002902028239670842,0.03895764686638619,-1.0851339667232622,False
paper_poly3,sigmoid,4,1,3,0,False,0.0003382552822586149,0.002982945129673862,0.0028390100403323797,6.832293802833371,6.82896942115477,0.59,0.1478542600973502,0.15896314566600833,0.2631499103229621,0.02391481881025597,0.004206788167112108,0.009516925181231007,0.014705878996029355,0.002840481555605648,0.03622462713227016,-0.9454006773792057,False
paper_poly3,sigmoid,4,1,3,0,False,7.541896775364876e-05,0.002982945129673862,0.002768734050506439,0.15678607536828879,0.15592784670476853,0.9,0.03878328810295994,0.041309939458926824,0.027387299534751913,0.023904424691566742,0.003983216082104574,0.009725031466846515,0.016153132024479783,0.0027699913137713594,0.04593193542997878,-1.597164680729873,False
paper_poly3,sigmoid,4,1,3,0,False,8.909514144761488e-05,0.002982945129673862,0.0028537352661230564,2.2465468628292222,2.246139647579221,0.715,0.06891731112666023,0.06719554433320259,0.18349329487350824,0.023922425874978875,0.004120973163062503,0.009955623884852919,0.01679261651842436,0.0028539242871213994,0.04517732262305183,-1.5247912430695116,False
paper_poly3,sigmoid,4,1,3,0,False,9.210874122800305e-05,0.002982945129673862,0.0027532080382251557,0.46587673265862767,0.4655188783629884,0.765,0.04588448169212056,0.04191856369121769,0.22327068653621912,0.02390332125593205,0.003966530504591512,0.009346885781803524,0.01684334425771887,0.0027544160193671697,0.04501901499388858,-1.5103444175164078,False
paper_poly3,sigmoid,4,1,3,0,False,2.5265237127314322e-05,0.002982945129673862,0.003075538816135553,10.582107592896202,10.583900920617577,0.59,0.14794764069771493,0.1496430477716252,0.05470704759943414,0.023930777999500632,0.0043158842066057385,0.008365011197314781,0.019958150378576085,0.003074757177238912,0.04958989116212211,-2.0721218860551347,False
paper_poly3,sigmoid,4,1,3,0,False,0.00014377632760442793,0.002982945129673862,0.0027420579493864995,1.0479800417769776,1.0473763225781196,0.74,0.08249283618178424,0.08162777160948619,0.25600828992922336,0.023929242190406937,0.004011223109595964,0.009854534917037208,0.015284155532856298,0.002743480357841886,0.04262566819983881,-1.3169578782423454,False
paper_poly3,sigmoid,4,1,3,0,False,0.00017906860739458352,0.002982945129673862,0.0027722595836958148,1.7046038709302613,1.7021092864804401,0.735,0.07167295433674713,0.0675462645422657,0.015263141854330593,0.023932665752432462,0.0040377695521948325,0.009753255382174461,0.01534186336555972,0.0027729666034631895,0.041234693001513986,-1.2216258085834757,False
paper_poly3,sigmoid,4,1,3,0,False,0.0003239991783630103,0.002982945129673862,0.002999729399188306,8.3038525360638,8.30120647146553,0.59,0.1465883666063711,0.1373183157684404,0.2350137643963318,0.023895841124081843,0.004399939725235958,0.00971031294319688,0.019081671511540912,0.003001763870485622,0.03661636771812017,-0.9641013558561707,False
paper_poly3,sigmoid,4,1,3,0,False,0.0001420592307113111,0.002982945129673862,0.0030800537930989274,5.675206719755798,5.677225926739392,0.73,0.10832456853209155,0.10448903195556204,0.2529898318142129,0.023907515786148085,0.004455056184552187,0.010185834564646706,0.020204168788114086,0.003082241352835255,0.04269748460071246,-1.3221758062050333,False
paper_poly3,sigmoid,4,1,3,0,False,0.0007493251468986273,0.002982945129673862,0.002822692001188719,8.508114591161068,8.507859535022405,0.77,0.11284605400724151,0.10013435568065171,0.5995415684449232,0.023827673252243227,0.0043141976475188845,0.009762532208390327,0.016768211528191548,0.0028257101157781145,0.027242540868038168,-0.5999749572240333,False
paper_poly3,sigmoid,4,1,3,0,False,0.00033276568865403533,0.002982945129673862,0.003448195401011305,2457.8646289622593,2457.8920310134436,0.55,0.25812614715895177,0.2762093881624905,0.5410575632231285,0.023893580561080832,0.0049636901130115235,0.011151356581520305,0.018683851551056372,0.0034518391044230895,0.036374478525045155,-0.9525067247415809,False
paper_poly3,sigmoid,4,1,3,0,False,0.00011918795644305646,0.002982945129673862,0.0029532154161051516,16.820156684443173,16.820761700974728,0.62,0.16684835662983857,0.17436072222748722,0.3729984099582125,0.02390967888273543,0.004272051754763992,0.00903364453379507,0.018314580736685605,0.0029546470763739245,0.043699021209856234,-1.398412891156244,False
paper_poly3,sigmoid,4,1,3,0,False,8.334185986313969e-05,0.002982945129673862,0.002779645529430661,0.3175058038527247,0.31657557370274303,0.845,0.03432110181987273,0.04089375945415598,0.19365961998584735,0.023930049289909723,0.003998460047952693,0.010806834360466373,0.016634942633769655,0.002779063051551038,0.045487168597777496,-1.5537820767494435,False
paper_poly3,sigmoid,4,1,3,0,False,0.00025207948056049645,0.002982945129673862,0.0026373965332278488,0.578329501111499,0.5764328791870115,0.74,0.10178523286637027,0.09080360176554453,0.47249657375690124,0.02391901836617387,0.0038779498254475644,0.00880446218212768,0.013801171454872845,0.0026383109491362024,0.03873933382348312,-1.073107769474927,False
paper_poly3,sigmoid,4,1,3,0,False,0.00011732848361134529,0.002982945129673862,0.002978828251785309,0.02014046292935166,0.02053892386546254,0.98,0.018401066991478223,0.020452689338774886,0.18129329647665224,0.023910593824507415,0.004315555149258185,0.009738302501655787,0.016221046912998034,0.0029733051432879313,0.04378451755080432,-1.4052418069713892,False
paper_poly3,sigmoid,"8,4",2,3,0,True,7.184321293607354e-05,5.453964524685896e-06,6.966816512551652e-05,,,,0.012973083228851462,0.015905650190625988,0.18717917598703476,0.023912517999565265,0.00010296831930179793,0.009646646141851921,0.0011841530783527792,0.00014297233461095098,0.00614066511331251,1.1196734376469868,False
paper_poly3,sigmoid,"8,4",2,3,0,True,0.000104904844192788,5.453964524685896e-06,8.25400677730283e-05,,,,0.06118231615179135,0.06000089807744284,0.22889105634351292,0.023927490414065854,9.969689459170389e-05,0.012431275574869602,0.004215661707166422,5.7604444303702566e-05,0.007906934126048596,1.2840832343341388,False
paper_poly3,sigmoid,"8,4",2,3,0,True,0.0003628448466770351,5.453964524685896e-06,0.00041123238376644845,,,,0.07426405972527281,0.06550971800113596,0.38455526967447995,0.023932626653958185,0.0004945702385493021,0.018584472121189955,0.008920300923446728,0.00037069496023263144,0.016713114269798518,1.8230086506250123,False
paper_poly3,sigmoid,"8,4",2,3,0,True,7.628228922840208e-05,5.453964524685896e-06,5.033887062550628e-05,,,,0.10572844869565312,0.08743895884954367,0.21140954486507493,0.02389031864313644,6.599167228787851e-05,0.026936534887741517,0.0004410291454123339,2.9849370870634372e-05,0.006398600818913866,1.1457114089831073,False
paper_poly3,sigmoid,"8,4",2,3,0,True,0.0001248377957381308,5.453964524685896e-06,9.443307631357052e-05,,,,0.1720175390945441,0.1643862196860716,0.27255060817000043,0.02390953049938281,0.00011894665873897261,0.019884522268762264,0.0007151812133702804,2.3206877196367374e-05,0.008837711078077135,1.3596337829739689,False
paper_poly3,sigmoid,"8,4",2,3,0,True,6.291281897574663e-05,5.453964524685896e-06,6.031257011549619e-05,,,,0.11390800822576527,0.11623870911747289,0.4810225634349238,0.02392813865867883,7.928010833688974e-05,0.015474316644973908,0.003322574975929446,9.9560025973396e-05,0.005596387684088848,1.0620268365911378,False
paper_poly3,sigmoid,"8,4",2,3,0,True,0.00011478899250505492,5.453964524685896e-06,9.091409330004432e-05,,,,0.028213385493197372,0.03274375602356567,0.20772632571514407,0.02393556786355484,0.00011280267696771337,0.012358362950324497,0.002816438191082955,1.6139201745128527e-05,0.008378590042983379,1.323187935382699,False
paper_poly3,sigmoid,"8,4",2,3,0,True,6.16400720900856e-05,5.453964524685896e-06,5.3221140527660164e-05,,,,0.11253217220565755,0.09565639411144468,0.3516757787091358,0.02392142916761012,6.829014810148576e-05,0.017743617156377053,0.000547004963792413,7.875342178156085e-05,0.005515746702107907,1.0531508292221234,False
paper_poly3,sigmoid,"8,4",2,3,0,True,8.094612712739035e-05,5.453964524685896e-06,7.101008974446425e-05,,,,0.13777048995863111,0.1277944080122494,0.17775717520773696,0.023928553768972658,9.493315530437142e-05,0.018408964610728454,0.0015809145808795045,0.0001201478916906199,0.0066616341052983755,1.1714837659931099,False
paper_poly3,sigmoid,"8,4",2,3,0,True,6.542628398165107e-05,5.453964524685896e-06,4.7798159074745555e-05,,,,0.032683076789643384,0.034751291927370545,0.24879956342747853,0.02393058795084043,5.70344593957882e-05,0.011313835854203445,0.0033581788363622215,3.2367946065825734e-05,0.005753279095692785,1.0790399456176814,False
paper_poly3,sigmoid,"8,4",2,3,0,True,3.1033967388793826e-05,5.453964524685896e-06,2.217395349880153e-05,,,,0.04350676785218069,0.03907281656830945,0.26536263017790856,0.023934690838913572,2.6951936619347462e-05,0.009800121681763477,0.0024870892667832063,7.305529581707287e-06,0.0032354414297416476,0.7551249906833071,False
paper_poly3,sigmoid,"8,4",2,3,0,True,7.871016714489087e-05,5.453964524685896e-06,6.776586986114814e-05,,,,0.059338382159658164,0.0667258150751366,0.09619883918998451,0.023917903467666392,7.96760295754002e-05,0.010819169125190112,0.0030040907422707506,2.698325034883819e-05,0.006536502604122722,1.1593185258965937,False
paper_poly3,sigmoid,"8,4",2,3,0,True,0.00012454927491489798,5.453964524685896e-06,0.00011647373103277275,,,,0.015202111460724484,0.015438582782990217,0.32369374772374393,0.02390907847331035,0.00015326167502850105,0.01067455830290749,0.00333150168021478,0.00012480871955966463,0.008824792185989996,1.3586288948134029,False
paper_poly3,sigmoid,"8,4",2,3,0,True,0.00017526690498925745,5.453964524685896e-06,0.0001464416873873016,,,,0.15912757655662985,0.1515357047154947,0.3756058123512552,0.023948486383630938,0.00018781653225400703,0.01460182010399055,0.0005470345079615919,6.18072504501777e-05,0.010903468312588769,1.506987608845278,False
paper_poly3,sigmoid,"8,4",2,3,0,True,0.0003042332537006587,5.453964524685896e-06,0.00027738762841665094,,,,0.05504134313826824,0.0567625834651661,0.555913869121049,0.023892984358008372,0.0003419749465553997,0.011501602146170267,0.006158220767470215,0.000121590331850374,0.015106911040659905,1.7464943733882636,False
paper_poly3,sigmoid,"8,4",2,3,0,True,1.785016320354771e-05,5.453964524685896e-06,1.222755767020027e-05,,,,0.0466745844223879,0.042808760746907114,0.20366810810015729,0.023929113060543544,1.906060482566629e-05,0.01279378157415402,0.000987062283675487,1.421096950830527e-05,0.0018895728896585156,0.514929882462589,False
paper_poly3,sigmoid,"8,4",2,3,0,True,7.424919022014365e-05,5.453964524685896e-06,4.901915435964938e-05,,,,0.09464173395337845,0.0915231592562723,0.0846447174412079,0.02393324954653686,5.79498347184121e-05,0.022983692574388485,0.004057560944374931,2.060394806987086e-05,0.006281424521965548,1.1339794127468827,False
paper_poly3,sigmoid,"8,4",2,3,0,True,6.949336238903925e-05,5.453964524685896e-06,5.600910414114864e-05,,,,0.07315392270363258,0.0639477370563028,0.5928441850752919,0.023914737723622296,7.383172750172706e-05,0.018764149438583663,0.0003789248601825262,4.34468601395904e-05,0.006000895433790185,1.1052310164845338,False
paper_poly3,sigmoid,"8,4",2,3,0,True,6.995105650275946e-05,5.453964524685896e-06,5.563296541624124e-05,,,,0.059580367755628624,0.06487439924335732,0.4086597352136715,0.023924310362147212,6.73472042399826e-05,0.011717079539479008,0.0032814945281653125,1.2566599200054186e-05,0.00602830236096139,1.1080819694791306,False
paper_poly3,sigmoid,"8,4",2,3,0,True,7.023025682428852e-05,5.453964524685896e-06,5.411062405578306e-05,,,,0.05764275192293781,0.0540723291358906,0.38688169324616084,0.023931121780281027,6.306674199557117e-05,0.012109183863651809,0.004074360102605448,6.489100790741073e-06,0.006044976985716963,1.1098119478399269,False
paper_poly3,sigmoid,"8,4",2,3,0,True,0.00017280220345128328,5.453964524685896e-06,0.00014586130212796165,,,,0.23104781709659358,0.27215008519864564,0.23944399841029662,0.023930222757412887,0.00018000498439887472,0.015450931350551311,0.001605688432017461,3.4254040342238686e-05,0.010810052731445691,1.5008369672475628,False
paper_poly3,sigmoid,"8,4",2,3,0,True,8.358576451428235e-05,5.453964524685896e-06,5.8912489090731925e-05,,,,0.09142764641280415,0.07805137086991533,0.35788895602303505,0.023924145565051028,7.620398472967047e-05,0.0190096352100335,0.0012702181626563834,4.960936810710999e-05,0.006807152602752284,1.1854200103276802,False
paper_poly3,sigmoid,"8,4",2,3,0,True,8.998931298265234e-05,5.453964524685896e-06,6.937943859467687e-05,,,,0.037732339263263207,0.03684952805123718,0.31517238485897026,0.023934943464543366,8.299111378404906e-05,0.013410491248444099,0.004225237471243046,4.933771684398684e-05,0.007150897248992753,1.2174786274903606,False
paper_poly3,sigmoid,"8,4",2,3,0,True,0.0001343308249488473,5.453964524685896e-06,0.0001070252870277574,,,,0.042335825879650464,0.04378861538535466,0.25577275085552903,0.02391975902126592,0.00012746024224393019,0.015644179567626433,0.0037062298110258664,3.164946922057204e-05,0.009254745095916629,1.39146337308931,False
paper_poly3,sigmoid,"8,4",2,3,0,True,7.486134563805535e-05,5.453964524685896e-06,7.917688259841967e-05,,,,0.01013938844331819,0.015533277966531455,0.2824080262250951,0.023895241218327007,0.00012233068002225403,0.011328283634960213,0.0015903214347805215,0.0001798562640681232,0.006316872661721663,1.1375453205768227,False
paper_poly3,sigmoid,"8,4",2,3,0,True,5.688757300958969e-05,5.453964524685896e-06,4.767856977216255e-05,,,,0.07115161574937572,0.07509668570338468,0.11459303460531887,0.02391609606411509,5.105383987136545e-05,0.010967560268616726,0.003269794865977259,2.3560115667588207e-05,0.0052070126413340505,1.0183050971427512,False
paper_poly3,sigmoid,"8,4",2,3,0,True,0.0002009410527534783,5.453964524685896e-06,0.00016707928564118314,,,,0.04459174928086209,0.04749200281194762,0.47006150869661156,0.02392712850125375,0.000202138484660239,0.0194295589773908,0.004655313473875359,2.0213815565804284e-05,0.011839995357699763,1.566356364502433,False
paper_poly3,sigmoid,"8,4",2,3,0,True,7.173194899223745e-05,5.453964524685896e-06,5.4254056960826456e-05,,,,0.04775779332395978,0.04685943738349081,0.2584501353526186,0.023929239326105602,6.789074829477199e-05,0.01483914415309081,0.0020621914482373007,1.5925530843287412e-05,0.00613409912920573,1.1190003222436404,False
paper_poly3,sigmoid,"8,4",2,3,0,True,6.742293771822006e-05,5.453964524685896e-06,5.1639384223635755e-05,,,,0.025116764837117066,0.0224505951140776,0.25730752453884287,0.023927984326802862,6.272910783276034e-05,0.017570230199196804,0.0025686982280091674,9.598425253287347e-06,0.005875774702613627,1.0920953627110372,False
paper_poly3,sigmoid,"8,4",2,3,0,True,8.392073505092412e-05,5.453964524685896e-06,9.628069498283576e-05,,,,0.008475594427715753,0.010908982262271164,0.461647649816751,0.02389835350949809,0.00014804025359408464,0.01116288871355009,0.0011733035449407886,0.00017875598828332375,0.0068254536522953865,1.1871569703854739,False
paper_poly3,sigmoid,"8,4",2,3,0,True,0.00010945591930067167,5.453964524685896e-06,8.557327799947585e-05,,,,0.03352177212123099,0.03825191834427747,0.36055415216580655,0.02391652985569878,0.0001047911126002969,0.013014095553836442,0.001965414107312383,2.9396046178660242e-05,0.00812674583940328,1.3025269441390803,False
paper_poly3,sigmoid,"8,4",2,3,0,True,8.293659629998729e-05,5.453964524685896e-06,5.988613902655993e-05,,,,0.03462071718594413,0.0349872635308419,0.373976980766347,0.023927472034326974,7.229194752657275e-05,0.019514833593311524,0.002826151206319669,1.154169772873186e-05,0.006771580724722346,1.1820338992957218,False
paper_poly3,sigmoid,"8,4",2,3,0,True,5.201788735575974e-05,5.453964524685896e-06,3.7351334581685506e-05,,,,0.08235647116100678,0.07846533619336225,0.4665236596829859,0.02392385177922203,4.4318728387130604e-05,0.016909464731224563,0.0011699967553079579,2.019173380312778e-05,0.004876970249735808,0.9794404011212099,False
paper_poly3,sigmoid,"8,4",2,3,0,True,7.044607627904043e-05,5.453964524685896e-06,6.813975749686881e-05,,,,0.016600628181469873,0.018711663401291382,0.15772389624771138,0.02393430452901773,0.00010215942225874375,0.009271990717707145,0.0010507891957915346,0.00020602530934470996,0.006057843627239316,1.1111444999437998,False
paper_poly3,sigmoid,"8,4",2,3,0,True,8.722736674826592e-05,5.453964524685896e-06,7.204689241094558e-05,,,,0.0625426608858973,0.06598535833165806,0.29700582637513306,0.023913493296152836,9.305663069874347e-05,0.011150118444510703,0.001631313178020356,5.940629318319071e-05,0.007004186777845556,1.2039404532864486,False
paper_poly3,sigmoid,"8,4",2,3,0,True,0.0003874976246152073,5.453964524685896e-06,0.000357647634216287,,,,0.04136575705992539,0.04372562931721584,0.23724615344609878,0.023884829098760225,0.00043090257647042244,0.012056648543841374,0.008036680883801382,0.00014811063186580828,0.017349586890582695,1.8515567358518268,False
paper_poly3,sigmoid,"8,4",2,3,0,True,0.00010664657020242885,5.453964524685896e-06,9.174674798599061e-05,,,,0.3511977036538806,0.36431944506301944,0.23675840084843433,0.02391882750863522,0.0001312273751990696,0.018963364616442404,0.00275275880332117,0.00010246462881294834,0.007991610168645046,1.2912345841746404,False
paper_poly3,sigmoid,"8,4",2,3,0,True,0.00018607387028168887,5.453964524685896e-06,0.00015265654147921556,,,,0.06249415296696909,0.06714745005983228,0.20589858988447912,0.023927966155578368,0.00019438899002844002,0.012884703351072793,0.003491476297975621,2.6203434000957527e-05,0.011305517184549432,1.532973082174908,False
paper_poly3,sigmoid,"8,4",2,3,0,True,9.421991853741929e-05,5.453964524685896e-06,7.076817537517689e-05,,,,0.04157006813676342,0.042496728806155945,0.2729535752519258,0.02393304130346303,8.493108153763479e-05,0.015700397971689754,0.0032049396922260586,1.5388826076627742e-05,0.00737132206217035,1.2374304156649945,False
paper_poly3,sigmoid,"8,4",2,3,0,True,0.00015235072351060808,5.453964524685896e-06,0.00011433495631967987,,,,0.16393510304887773,0.1634720683582088,0.6330397088734603,0.023931171911128653,0.00013510222541456812,0.014672474812577444,0.004568743448651926,6.843167824634988e-05,0.010007671067527965,1.4461322122734024,False
paper_poly3,sigmoid,"8,4",2,3,0,True,0.0001046918987412937,5.453964524685896e-06,8.76508249412322e-05,,,,0.106957583606614,0.10088693405097929,0.39425204899320015,0.023927802747987163,0.0001167658599768161,0.018319955696552752,0.0024946591399821996,3.957037064459496e-05,0.007896533459774193,1.2832007676979145,False
paper_poly3,sigmoid,"8,4",2,3,0,True,0.00010497386392671615,5.453964524685896e-06,9.12670252574305e-05,,,,0.06572966768188226,0.06669611356976363,0.28214387595056084,0.02391452542221966,0.00010236288363976033,0.00943467907418649,0.004797755725007564,1.8253211002215344e-05,0.007910302917277276,1.2843688744634931,False
paper_poly3,sigmoid,"8,4",2,3,0,True,8.857659122440964e-05,5.453964524685896e-06,6.164384770163165e-05,,,,0.08290029716324528,0.08017533268594676,0.19172509609371252,0.023923779449721204,7.56674156446649e-05,0.020575966055035554,0.0028905482522350247,2.473540406020724e-05,0.00707614129887211,1.2106066541644498,False
paper_poly3,sigmoid,"8,4",2,3,0,True,4.2411411413922906e-05,5.453964524685896e-06,2.5076817684452813e-05,,,,0.04943572110069168,0.04569331183592357,0.19440537492337634,0.023928609500778325,3.328679637891012e-05,0.024527551423107433,0.00073931689817152,1.754911560494477e-05,0.004177031966950994,0.8907704168867951,False
paper_poly3,sigmoid,"8,4",2,3,0,True,0.0005123455775901675,5.453964524685896e-06,0.00044685580520688594,,,,0.06178422246522356,0.06679099593687253,0.2289564460464614,0.023897803442553364,0.0005351655582141574,0.025733075460065792,0.006266983142259921,0.0004025267960877565,0.020299679508393703,1.9728506831158081,False
paper_poly3,sigmoid,"8,4",2,3,0,True,0.00013309654605109245,5.453964524685896e-06,0.00010272744902663266,,,,0.1409505289456759,0.12285659076076304,0.4140575711155143,0.023927324298854778,0.0001136005810830585,0.013986167183481942,0.0058354940847989215,4.5488118616816424e-05,0.009201375177968023,1.3874544766276962,False
paper_poly3,sigmoid,"8,4",2,3,0,True,0.00012794823851436377,5.453964524685896e-06,0.00010280302382867112,,,,0.12998073045738234,0.1258341344446191,0.3415748454439783,0.023894898471717975,0.00012584181177909532,0.025959250437502007,0.0028457203182593142,9.469512891206604e-05,0.008976048252059821,1.3703220025105578,False
paper_poly3,sigmoid,"8,4",2,3,0,True,0.00014171736256685108,5.453964524685896e-06,0.00013537908297572338,,,,0.01116672896824588,0.014959982831568198,0.34727191072630914,0.02390217724893663,0.00018539762877551973,0.011027783033760893,0.0036455670235113094,0.00018944188198339928,0.009569137718007,1.4147107525460405,False
paper_poly3,sigmoid,"8,4",2,3,0,True,0.0002038375532720238,5.453964524685896e-06,0.00016128646859671825,,,,0.27979002164500877,0.2967486577365721,0.20302948064395787,0.02392264657114871,0.0002064699717759089,0.021139798573704502,0.005370486025689681,4.5691386110755497e-05,0.011941796492061936,1.5725718889634386,False
paper_poly3,sigmoid,"8,4",2,3,0,True,0.00019995792536064982,5.453964524685896e-06,0.00016044535800502138,,,,0.08571272425444124,0.08346837854790341,0.23857921476907773,0.02392745080569006,0.0002102938002676288,0.026813324116510936,0.0036517997551256142,0.00010302932338529916,0.011805275522826541,1.564226313387691,False
paper_poly3,sigmoid,"8,4",2,3,0,False,7.184321293607354e-05,7.31707916968248e-05,5.914781135556108e-05,,,,0.012973083228851462,0.015905650190625988,0.18717917598703476,0.023912517999565265,8.717790549320996e-05,0.007136186206139227,0.0029378915064729653,4.9109295347933705e-05,7.795516137177293e-05,-0.007952007665800778,False
paper_poly3,sigmoid,"8,4",2,3,0,False,0.000104904844192788,7.31707916968248e-05,2.1918383644249387e-05,,,,0.06118231615179135,0.06000089807744284,0.22889105634351292,0.023927490414065854,3.486264863426099e-05,0.009638427286398217,0.0001015897126360754,2.0671735155878646e-05,0.0016883138513643127,0.15645778902135124,False
paper_poly3,sigmoid,"8,4",2,3,0,False,0.0003628448466770351,7.31707916968248e-05,0.0007299194221653447,,,,0.07426405972527281,0.06550971800113596,0.38455526967447995,0.023932626653958185,0.0008556303900362184,0.015023824277278127,0.01303056799741245,0.000721976233672858,0.010494493995114233,0.6953832053122245,False
paper_poly3,sigmoid,"8,4",2,3,0,False,7.628228922840208e-05,7.31707916968248e-05,4.794378819822141e-05,,,,0.10572844869565312,0.08743895884954367,0.21140954486507493,0.02389031864313644,6.441352846574352e-05,0.023230191267107392,0.003664844896213988,4.5548755081811447e-05,0.000179980544229583,0.018085963670319564,False
paper_poly3,sigmoid,"8,4",2,3,0,False,0.0001248377957381308,7.31707916968248e-05,3.605131140964919e-05,,,,0.1720175390945441,0.1643862196860716,0.27255060817000043,0.02390953049938281,4.780761614675985e-05,0.01629698924387822,0.00339413697450804,3.917558839099897e-05,0.0026190908033928515,0.23200833766118129,False
paper_poly3,sigmoid,"8,4",2,3,0,False,6.291281897574663e-05,7.31707916968248e-05,5.376907746912373e-05,,,,0.11390800822576527,0.11623870911747289,0.4810225634349238,0.02392813865867883,8.470767610392076e-05,0.012422415022232357,0.0007904094115874868,5.2743936035980455e-05,0.0006222325905954357,-0.06559860872164995,False
paper_poly3,sigmoid,"8,4",2,3,0,False,0.00011478899250505492,7.31707916968248e-05,2.0761896139636706e-05,,,,0.028213385493197372,0.03274375602356567,0.20772632571514407,0.02393556786355484,2.689202350041767e-05,0.0093849364339003,0.0012893621396606065,2.1221518088338346e-05,0.0021599697682990956,0.19556249006991142,False
paper_poly3,sigmoid,"8,4",2,3,0,False,6.16400720900856e-05,7.31707916968248e-05,3.07750881344456e-05,,,,0.11253217220565755,0.09565639411144468,0.3516757787091358,0.02392142916761012,3.7241357785302055e-05,0.014325197299193269,0.0035583964942472986,3.252627533525563e-05,0.0007028735725763766,-0.07447461609066418,False
paper_poly3,sigmoid,"8,4",2,3,0,False,8.094612712739035e-05,7.31707916968248e-05,5.702750008065742e-05,,,,0.13777048995863111,0.1277944080122494,0.17775717520773696,0.023928553768972658,6.455288438959118e-05,0.014819405278836063,0.005683886734566432,6.198414152086188e-05,0.0004430138306140922,0.04385832068032216,False
paper_poly3,sigmoid,"8,4",2,3,0,False,6.542628398165107e-05,7.31707916968248e-05,1.4791315600188037e-05,,,,0.032683076789643384,0.034751291927370545,0.24879956342747853,0.02393058795084043,2.2646796733659712e-05,0.008427038159188537,0.0007528424913444947,1.3588048160999534e-05,0.00046534117899149803,-0.048585499695106185,False
paper_poly3,sigmoid,"8,4",2,3,0,False,3.1033967388793826e-05,7.31707916968248e-05,1.549531718366788e-05,,,,0.04350676785218069,0.03907281656830945,0.26536263017790856,0.023934690838913572,1.9233493842561507e-05,0.007271097168080779,0.0016229989053122193,1.2382586876531207e-05,0.002983178844942636,-0.3725004546294805,False
paper_poly3,sigmoid,"8,4",2,3,0,False,7.871016714489087e-05,7.31707916968248e-05,2.920602472566439e-05,,,,0.059338382159658164,0.0667258150751366,0.09619883918998451,0.023917903467666392,4.365336366535036e-05,0.008018007296809924,0.0011055919794139863,2.7911442110452144e-05,0.00031788232943843857,0.031693080583805926,False
paper_poly3,sigmoid,"8,4",2,3,0,False,0.00012454927491489798,7.31707916968248e-05,3.9550118072192105e-05,,,,0.015202111460724484,0.015438582782990217,0.32369374772374393,0.02390907847331035,6.225339352347833e-05,0.007982496631875103,0.0007877353526256369,3.5633286127325544e-05,0.0026061719113057123,0.2310034495006153,False
paper_poly3,sigmoid,"8,4",2,3,0,False,0.00017526690498925745,7.31707916968248e-05,7.066640725207853e-05,,,,0.15912757655662985,0.1515357047154947,0.3756058123512552,0.023948486383630938,8.552767247961608e-05,0.011469050287618382,0.004648433747905737,6.855005813704985e-05,0.004684848037904485,0.3793621635324903,False
paper_poly3,sigmoid,"8,4",2,3,0,False,0.0003042332537006587,7.31707916968248e-05,0.00010636819941353248,,,,0.05504134313826824,0.0567625834651661,0.555913869121049,0.023892984358008372,0.00014372926968391655,0.008592255426162213,0.00203698344963164,0.00013147067121612458,0.008888290765975622,0.6188689280754759,False
paper_poly3,sigmoid,"8,4",2,3,0,False,1.785016320354771e-05,7.31707916968248e-05,6.657599803497738e-05,,,,0.0466745844223879,0.042808760746907114,0.20366810810015729,0.023929113060543544,7.875595530891702e-05,0.009904556253468616,0.005100414804479851,6.17977495770672e-05,0.004329047385025768,-0.6126955628501987,False
paper_poly3,sigmoid,"8,4",2,3,0,False,7.424919022014365e-05,7.31707916968248e-05,3.8402346505147216e-05,,,,0.09464173395337845,0.0915231592562723,0.0846447174412079,0.02393324954653686,6.127035677126138e-05,0.019490214102101912,5.243570402856415e-05,3.294835112448225e-05,6.280424728126455e-05,0.006353967434095024,False
paper_poly3,sigmoid,"8,4",2,3,0,False,6.949336238903925e-05,7.31707916968248e-05,3.603285388728869e-05,,,,0.07315392270363258,0.0639477370563028,0.5928441850752919,0.023914737723622296,4.008421076324561e-05,0.015254513596739015,0.004483812152440718,3.4114345975459835e-05,0.00021772484089409815,-0.02239442882825382,False
paper_poly3,sigmoid,"8,4",2,3,0,False,6.995105650275946e-05,7.31707916968248e-05,1.6819414558907702e-05,,,,0.059580367755628624,0.06487439924335732,0.4086597352136715,0.023924310362147212,2.566654604946373e-05,0.008946850248514975,0.0008294636079704347,1.742610800007192e-05,0.0001903179137228931,-0.019543475833656905,False
paper_poly3,sigmoid,"8,4",2,3,0,False,7.023025682428852e-05,7.31707916968248e-05,9.87193574332176e-06,,,,0.05764275192293781,0.0540723291358906,0.38688169324616084,0.023931121780281027,1.3480115999083426e-05,0.009341866564028509,3.215012614005664e-05,7.113346302670715e-06,0.00017364328896731993,-0.017813497472860842,False
paper_poly3,sigmoid,"8,4",2,3,0,False,0.00017280220345128328,7.31707916968248e-05,4.386904637617942e-05,,,,0.23104781709659358,0.27215008519864564,0.23944399841029662,0.023930222757412887,5.4601501434707464e-05,0.012210648232643308,0.002500425656257214,4.2906008477794766e-05,0.004591432456761408,0.373211521934775,False
paper_poly3,sigmoid,"8,4",2,3,0,False,8.358576451428235e-05,7.31707916968248e-05,3.576284710182593e-05,,,,0.09142764641280415,0.07805137086991533,0.35788895602303505,0.023924145565051028,4.102285434968889e-05,0.0156563070760892,0.0028307542537198784,2.9047783243495054e-05,0.0005885323280680008,0.057794565014892635,False
paper_poly3,sigmoid,"8,4",2,3,0,False,8.998931298265234e-05,7.31707916968248e-05,1.576280583235652e-05,,,,0.037732339263263207,0.03684952805123718,0.31517238485897026,0.023934943464543366,2.4890495239059994e-05,0.010642627746942093,0.00011332708443060383,1.623933028652628e-05,0.00093227697430847,0.08985318217757297,False
paper_poly3,sigmoid,"8,4",2,3,0,False,0.0001343308249488473,7.31707916968248e-05,2.747450787937124e-05,,,,0.042335825879650464,0.04378861538535466,0.25577275085552903,0.02391975902126592,3.687542147330618e-05,0.012711708124781878,0.00040038126509865516,2.8500656293518088e-05,0.0030361248212323454,0.2638379277765224,False
paper_poly3,sigmoid,"8,4",2,3,0,False,7.486134563805535e-05,7.31707916968248e-05,0.00014441171826407734,,,,0.01013938844331819,0.015533277966531455,0.2824080262250951,0.023895241218327007,0.000191131962257926,0.00852157845982579,0.005713227914897608,0.00011663697542695381,9.825238703737964e-05,0.009919875264035018,False
paper_poly3,sigmoid,"8,4",2,3,0,False,5.688757300958969e-05,7.31707916968248e-05,2.002876010932061e-05,,,,0.07115161574937572,0.07509668570338468,0.11459303460531887,0.02391609606411509,3.0503349404495597e-05,0.00821921214850406,0.0008458330517223054,1.9241175578900883e-05,0.0010116076333502337,-0.10932034817003652,False
paper_poly3,sigmoid,"8,4",2,3,0,False,0.0002009410527534783,7.31707916968248e-05,4.948310024259546e-05,,,,0.04459174928086209,0.04749200281194762,0.47006150869661156,0.02392712850125375,6.272551768056835e-05,0.016007268629193726,0.0005522196231743748,4.6714959769808015e-05,0.0056213750830154795,0.4387309191896454,False
paper_poly3,sigmoid,"8,4",2,3,0,False,7.173194899223745e-05,7.31707916968248e-05,1.589317964634921e-05,,,,0.04775779332395978,0.04685943738349081,0.2584501353526186,0.023929239326105602,1.9422189706237892e-05,0.011748256183315294,0.00204465233804106,1.2950300135232429e-05,8.452114547855341e-05,-0.008625123069147264,False
paper_poly3,sigmoid,"8,4",2,3,0,False,6.742293771822006e-05,7.31707916968248e-05,1.6178757293089938e-05,,,,0.025116764837117066,0.0224505951140776,0.25730752453884287,0.023927984326802862,1.9836828371608647e-05,0.014281196231085876,0.0015364537587968482,1.3752735051289204e-05,0.0003428455720706561,-0.035530082601750335,False
paper_poly3,sigmoid,"8,4",2,3,0,False,8.392073505092412e-05,7.31707916968248e-05,0.00012046735137630141,,,,0.008475594427715753,0.010908982262271164,0.461647649816751,0.02389835350949809,0.00017422019279302769,0.00845480833301698,0.002949470459839353,9.888763922122024e-05,0.0006068333776111032,0.05953152507268629,False
paper_poly3,sigmoid,"8,4",2,3,0,False,0.00010945591930067167,7.31707916968248e-05,2.362490396403404e-05,,,,0.03352177212123099,0.03825191834427747,0.36055415216580655,0.02391652985569878,3.164917457550913e-05,0.0101541281849475,0.002142685377561315,2.40033469327033e-05,0.0019081255647189974,0.17490149882629277,False
paper_poly3,sigmoid,"8,4",2,3,0,False,8.293659629998729e-05,7.31707916968248e-05,1.7867876563213125e-05,,,,0.03462071718594413,0.0349872635308419,0.373976980766347,0.023927472034326974,2.3991273242977935e-05,0.01617200744570725,0.0012804251479190875,1.5419209803622628e-05,0.0005529604500380623,0.05440845398293398,False
paper_poly3,sigmoid,"8,4",2,3,0,False,5.201788735575974e-05,7.31707916968248e-05,2.3095064601244677e-05,,,,0.08235647116100678,0.07846533619336225,0.4665236596829859,0.02392385177922203,3.0310916719742393e-05,0.01340586920897132,0.002939137625778115,1.815367179392573e-05,0.0013416500249484762,-0.14818504419157774,False
paper_poly3,sigmoid,"8,4",2,3,0,False,7.044607627904043e-05,7.31707916968248e-05,6.730653465671752e-05,,,,0.016600628181469873,0.018711663401291382,0.15772389624771138,0.02393430452901773,9.74013780425223e-05,0.006772238133370122,0.0030710633783255503,5.0065808965298194e-05,0.00016077664744496706,-0.016480945368987705,False
paper_poly3,sigmoid,"8,4",2,3,0,False,8.722736674826592e-05,7.31707916968248e-05,3.182225866838648e-05,,,,0.0625426608858973,0.06598535833165806,0.29700582637513306,0.023913493296152836,4.9086368898419784e-05,0.008193590148171632,0.0024850964150922965,3.125772306160878e-05,0.0007855665031612728,0.07631500797366102,False
paper_poly3,sigmoid,"8,4",2,3,0,False,0.0003874976246152073,7.31707916968248e-05,0.0001486498298196895,,,,0.04136575705992539,0.04372562931721584,0.23724615344609878,0.023884829098760225,0.00019002403790958867,0.00918846859681712,0.003916891818099957,0.00018118512189181117,0.01113096661589841,0.7239312905390392,False
paper_poly3,sigmoid,"8,4",2,3,0,False,0.00010664657020242885,7.31707916968248e-05,0.0001261087758922788,,,,0.3511977036538806,0.36431944506301944,0.23675840084843433,0.02391882750863522,0.00016757137168446986,0.01562843708363197,0.006855050868908966,0.00011638712317910198,0.0017729898939607622,0.1636091388618528,False
paper_poly3,sigmoid,"8,4",2,3,0,False,0.00018607387028168887,7.31707916968248e-05,5.1631129683399125e-05,,,,0.06249415296696909,0.06714745005983228,0.20589858988447912,0.023927966155578368,7.203623751939522e-05,0.010075923744768471,0.0006134944709495577,5.068594817963115e-05,0.005086896909865149,0.4053476368621203,False
paper_poly3,sigmoid,"8,4",2,3,0,False,9.421991853741929e-05,7.31707916968248e-05,1.6515470915507883e-05,,,,0.04157006813676342,0.042496728806155945,0.2729535752519258,0.02393304130346303,2.1490863016761955e-05,0.012504143051805777,0.0009008359035705456,1.4188456692730427e-05,0.0011527017874860667,0.10980497035220697,False
paper_poly3,sigmoid,"8,4",2,3,0,False,0.00015235072351060808,7.31707916968248e-05,6.155538258328003e-05,,,,0.16393510304887773,0.1634720683582088,0.6330397088734603,0.023931171911128653,8.87832017650258e-05,0.011834260238279645,0.00046563548315010006,6.0318302392429674e-05,0.0037890507928436817,0.3185067669606147,False
paper_poly3,sigmoid,"8,4",2,3,0,False,0.0001046918987412937,7.31707916968248e-05,3.8383387501176425e-05,,,,0.106957583606614,0.10088693405097929,0.39425204899320015,0.023927802747987163,4.770795234977757e-05,0.014777550714347377,0.001604810394217683,3.799626848762056e-05,0.00167791318508991,0.1555753223851269,False
paper_poly3,sigmoid,"8,4",2,3,0,False,0.00010497386392671615,7.31707916968248e-05,1.8389764397643174e-05,,,,0.06572966768188226,0.06669611356976363,0.28214387595056084,0.02391452542221966,2.501609747089433e-05,0.006718672843174779,0.0006897200303848588,2.14108977169358e-05,0.0016916826425929926,0.1567434291507055,False
paper_poly3,sigmoid,"8,4",2,3,0,False,8.857659122440964e-05,7.31707916968248e-05,3.414965292890555e-05,,,,0.08290029716324528,0.08017533268594676,0.19172509609371252,0.023923779449721204,4.8799028688429e-05,0.017327091645616882,0.0012141442104640747,3.07253533850791e-05,0.0008575210241878271,0.0829812088516623,False
paper_poly3,sigmoid,"8,4",2,3,0,False,4.2411411413922906e-05,7.31707916968248e-05,5.14470892408805e-05,,,,0.04943572110069168,0.04569331183592357,0.19440537492337634,0.023928609500778325,6.145986216901651e-05,0.02113467900810653,0.003364234659121444,4.131973998067796e-05,0.00204158830773329,-0.2368550284259924,False
paper_poly3,sigmoid,"8,4",2,3,0,False,0.0005123455775901675,7.31707916968248e-05,0.00023683340508578,,,,0.06178422246522356,0.06679099593687253,0.2289564460464614,0.023897803442553364,0.0002944439757766011,0.022028048748816313,0.002168037967630296,0.0002353958405729705,0.014081059233709418,0.8452252378030205,False
paper_poly3,sigmoid,"8,4",2,3,0,False,0.00013309654605109245,7.31707916968248e-05,2.844307776757596e-05,,,,0.1409505289456759,0.12285659076076304,0.4140575711155143,0.023927324298854778,3.9879839598955954e-05,0.010812466177327966,0.0017283072449462051,2.6774381071959817e-05,0.00298275490328374,0.2598290313149086,False
paper_poly3,sigmoid,"8,4",2,3,0,False,0.00012794823851436377,7.31707916968248e-05,0.00012420149365750861,,,,0.12998073045738234,0.1258341344446191,0.3415748454439783,0.023894898471717975,0.0001335544477660852,0.022047104428599598,0.006936674894828857,0.00011996693660879345,0.002757427977375538,0.2426965571977701,False
paper_poly3,sigmoid,"8,4",2,3,0,False,0.00014171736256685108,7.31707916968248e-05,6.854204361678414e-05,,,,0.01116672896824588,0.014959982831568198,0.34727191072630914,0.02390217724893663,0.00010691891768184673,0.008188186346490822,0.0004775953418679751,6.383183803429638e-05,0.003350517443322716,0.28708530723325293,False
paper_poly3,sigmoid,"8,4",2,3,0,False,0.0002038375532720238,7.31707916968248e-05,9.637295308342297e-05,,,,0.27979002164500877,0.2967486577365721,0.20302948064395787,0.02392264657114871,0.00014602560199903166,0.017801551716292042,0.0012679327420098664,9.12305113772701e-05,0.005723176217377652,0.444946443650651,False
paper_poly3,sigmoid,"8,4",2,3,0,False,0.00019995792536064982,7.31707916968248e-05,8.941152005458733e-05,,,,0.08571272425444124,0.08346837854790341,0.23857921476907773,0.02392745080569006,0.0001275111575873761,0.023047917809211206,0.00044637452659806006,8.583197719219167e-05,0.005586655248142258,0.43660086807490334,False
paper_poly3,sigmoid,"16,8,4",3,3,0,True,7.248240581247956e-05,6.005314561861182e-09,7.171528939087707e-05,,,,0.22903310979107272,0.23536762382495668,0.3906329281146959,0.0239343522907334,9.136493835324237e-05,0.021979959742195673,0.0022171999307421223,8.242762849750496e-05,0.00843616598932777,4.081696838937735,True
paper_poly3,sigmoid,"16,8,4",3,3,0,True,0.0003399215347599238,6.005314561861182e-09,0.0003374007324551737,,,,0.24063195138298565,0.23016866224907137,0.3327416002634892,0.023934406301105264,0.00041880897842626666,0.019212585217834727,0.0034954937714301855,0.000916072407574106,0.018359467139577805,4.752842918011917,True
paper_poly3,sigmoid,"16,8,4",3,3,0,True,0.00019904319196939468,6.005314561861182e-09,0.00019772845124049082,,,,0.22561016913036258,0.16069419657097486,0.27680136325403987,0.023913894095282724,0.00027088987468685383,0.028880442811880125,0.0005148123658328167,0.0001546287938816485,0.014030772830691715,4.520411566727243,True
paper_poly3,sigmoid,"16,8,4",3,3,0,True,0.00010061982175102457,6.005314561861182e-09,0.00010077221543683145,,,,0.13973218526565412,0.09645123243679644,0.3742792122345066,0.023929815456998436,0.00013460756022956317,0.027572745287716367,0.0062489753612161155,0.0002366054247215181,0.009953449248748133,4.224147782701899,True
paper_poly3,sigmoid,"16,8,4",3,3,0,True,0.0003196813922841102,6.005314561861182e-09,0.00031762789879364803,,,,0.09077641489360351,0.09132478804844557,0.15882011891840406,0.023930948447175263,0.00042378604913490827,0.024706222290475775,0.0008807590578967413,0.00013211828390494957,0.017802142281175277,4.726181597068122,True
paper_poly3,sigmoid,"16,8,4",3,3,0,True,0.00012815538502763957,6.005314561861182e-09,0.00012653017069989036,,,,0.059157821441328445,0.08043426359902657,0.3734828929612441,0.023932920563649186,0.0001522720217358722,0.01814653950245871,0.0023736545932731934,1.8759950830525427e-05,0.011243079564414464,4.329201098817235,True
paper_poly3,sigmoid,"16,8,4",3,3,0,True,4.3450472730910406e-05,6.005314561861182e-09,4.274719143743209e-05,,,,0.10698809255237528,0.09209374495977722,0.413251789529064,0.023927142440370475,5.1273565722447764e-05,0.023521482517414954,2.3259823463109264e-05,7.060409504631455e-05,0.006514203292544981,3.859458744900384,True
paper_poly3,sigmoid,"16,8,4",3,3,0,True,0.0006397791439667344,6.005314561861182e-09,0.0006425100854475112,,,,0.2286955627039757,0.24148073119061234,0.34171788843590134,0.023933498831462733,0.0005959941029536234,0.02560780464136196,0.019542500532001218,0.0003763291149667974,0.02521636188939497,5.027494317567581,True
paper_poly3,sigmoid,"16,8,4",3,3,0,True,0.0010301951551809907,6.005314561861182e-09,0.001026809068163009,,,,0.10934078718972921,0.07956406632136302,0.3328422436420237,0.02390943242044216,0.0013541069812377142,0.027508998341070613,0.0026221541976097734,0.0024641814267106392,0.03201915936835421,5.23438374221032,True
paper_poly3,sigmoid,"16,8,4",3,3,0,True,0.00011340865603415295,6.005314561861182e-09,0.00011191501481699515,,,,0.025495123933456407,0.029785635616271806,0.359438684862393,0.02393399379839066,0.0001345743657299455,0.013588264537359849,0.0037659579521738674,4.0569646372865446e-05,0.010571856064037622,4.276110442870341,True
paper_poly3,sigmoid,"16,8,4",3,3,0,True,0.0006428946508094668,6.005314561861182e-09,0.0006455190760172991,,,,0.0957172673974007,0.11191761771777954,0.38453603926011587,0.023907925433617083,0.0007903037871505756,0.030107236408430733,0.015487623730659894,0.0007704662142020708,0.025277873333181315,5.029604051307333,True
paper_poly3,sigmoid,"16,8,4",3,3,0,True,0.0004277414409443736,6.005314561861182e-09,0.0004256174573666812,,,,0.11864358015965282,0.1341241430742253,0.2891467790350464,0.023930593900343522,0.0005611811677218873,0.02725686881392439,0.002096885867342369,0.00018872408549452997,0.020604416995005616,4.852645567187192,True
paper_poly3,sigmoid,"16,8,4",3,3,0,True,0.0005111850332468748,6.005314561861182e-09,0.0005137389006557301,,,,0.1149274436023518,0.09939055044286699,0.26313096228982835,0.023936658946648277,0.00062825099557792,0.02582935395658202,0.013502946078191603,0.0007724721041985586,0.02253190747027321,4.930042368895008,True
paper_poly3,sigmoid,"16,8,4",3,3,0,True,0.00019769031496252865,6.005314561861182e-09,0.00019623584648899902,,,,0.23349279420045077,0.2395245615766468,0.46496486727720027,0.02391129489127404,0.00018444339287105376,0.026617965395347706,0.01060306186241372,0.0006768299062305348,0.013982744829967909,4.517449632401402,True
paper_poly3,sigmoid,"16,8,4",3,3,0,True,7.697262481087819e-05,6.005314561861182e-09,7.58454320936937e-05,,,,0.06500230048852136,0.04337460956420889,0.3770531072027788,0.023931048782997864,9.390171351840363e-05,0.02176286052884263,0.001462948189327688,0.0004643891458959777,0.008695910437880849,4.107800535572496,True
paper_poly3,sigmoid,"16,8,4",3,3,0,True,0.00020789881818927824,6.005314561861182e-09,0.00020589545611861412,,,,0.061382412900657185,0.06409984287400385,0.11056817283843123,0.02392828793719972,0.00024298924917722073,0.022433099902201166,0.0042692175880713916,5.996370007697743e-05,0.0143412028623315,4.539316259639156,True
paper_poly3,sigmoid,"16,8,4",3,3,0,True,0.0005122031434439123,6.005314561861182e-09,0.0005100350846478751,,,,0.1393309583866604,0.15556215715594676,0.262123042966154,0.02392675343768825,0.0006788895630905996,0.027571754270269054,0.0013810064543583512,0.00036083130351656994,0.022554411466456408,4.930906478519263,True
paper_poly3,sigmoid,"16,8,4",3,3,0,True,0.00011983825243078172,6.005314561861182e-09,0.00011975283198303677,,,,0.16767046087081736,0.18543368755793907,0.4129899854370578,0.023933332554546195,0.00016327346595887223,0.03056666800132117,0.00440011415609872,0.0001199232067449747,0.010869571963265105,4.30005970626948,True
paper_poly3,sigmoid,"16,8,4",3,3,0,True,0.00031724368454888463,6.005314561861182e-09,0.0003149849355799171,,,,0.09262950541908754,0.1044324839342054,0.33896828511445737,0.023931009806898634,0.0004202870356832862,0.02653340060020975,0.002402885258336074,0.00021314450418673188,0.01773384187935136,4.722857224309852,True
paper_poly3,sigmoid,"16,8,4",3,3,0,True,0.002503885654732585,6.005314561861182e-09,0.0025015064122474034,,,,0.1584744543983592,0.1753083093055836,0.3767273203723029,0.02393920862978817,0.0030735585364679123,0.027317794285809098,0.022260541507512655,0.0023145785173893626,0.0499613474960549,5.620078731077728,True
paper_poly3,sigmoid,"16,8,4",3,3,0,True,0.00015636021271348,6.005314561861182e-09,0.0001548698611130642,,,,0.11021762993930344,0.11516298301354305,0.35553155773849193,0.023938199344005606,0.00019894528380131065,0.021782571922022088,0.0006033121316245138,0.00022428879055982534,0.012426913766735118,4.415590491646043,True
paper_poly3,sigmoid,"16,8,4",3,3,0,True,0.0002308652037754655,6.005314561861182e-09,0.00022882237582805165,,,,0.0925378719180206,0.09566983690221782,0.29337839875632515,0.02392626314304906,0.00028637515231755707,0.02262563837857444,0.0027245009252951902,3.305126211724902e-05,0.015116755071565865,4.584822719637795,True
paper_poly3,sigmoid,"16,8,4",3,3,0,True,0.00020652184321079403,6.005314561861182e-09,0.00020514914959557755,,,,0.12195707063995558,0.11597428694800109,0.3368398476449657,0.023933458298784883,0.00027289978043929295,0.02770000624109019,0.0012047195510666985,0.0002661682676880573,0.01429337390092879,4.536430231546076,True
paper_poly3,sigmoid,"16,8,4",3,3,0,True,0.00019684479048009962,6.005314561861182e-09,0.00019494135616846843,,,,0.01569207003670158,0.01562566723171509,0.3302792819576644,0.023911932978457475,0.00023998865010868946,0.012558097493808797,0.0037014124242726975,0.0007082614333528997,0.013952644683248363,4.515588164693498,True
paper_poly3,sigmoid,"16,8,4",3,3,0,True,0.00025946524692699313,6.005314561861182e-09,0.00025806314437836435,,,,0.11132961932662504,0.13550176227476668,0.2906148235414464,0.02393201459406192,0.00033035127566325085,0.023324751596426233,0.004026825339293454,0.000307368575878483,0.01603043100804649,4.63554343524669,True
paper_poly3,sigmoid,"16,8,4",3,3,0,True,4.552927930490114e-05,6.005314561861182e-09,4.498629455740459e-05,,,,0.26117013893776636,0.24573216710597834,0.42589631355804075,0.02393398043910966,6.547427068065511e-05,0.021320725770629705,0.0019861933402115423,0.000156442506425636,0.006670044794371184,3.8797550148677864,True
paper_poly3,sigmoid,"16,8,4",3,3,0,True,8.689166133990511e-05,6.005314561861182e-09,8.567142248270945e-05,,,,0.10000890161465441,0.10002463427660374,0.24798688326101528,0.023929211847282507,0.00010736076289290196,0.022029460169845274,6.0279666482562366e-05,7.832326511924068e-05,0.009244075717508765,4.160442339937833,True
paper_poly3,sigmoid,"16,8,4",3,3,0,True,8.605678885942325e-05,6.005314561861182e-09,8.511158968508016e-05,,,,0.07988165243126956,0.0761593032735257,0.3393843273716659,0.023935236788983013,0.00011407912751869661,0.022361804954274443,0.0017468649734802054,9.213682613996563e-05,0.009199185875619487,4.1562493757642835,True
paper_poly3,sigmoid,"16,8,4",3,3,0,True,0.00012117575533920899,6.005314561861182e-09,0.00011967044975139318,,,,0.11906569705572267,0.11861782916511372,0.32364359700779777,0.02393742806739588,0.00014272208218430439,0.024571446787808805,0.004299976271428863,4.2361435458381495e-05,0.010930492015471131,4.304879974610854,True
paper_poly3,sigmoid,"16,8,4",3,3,0,True,0.0002065900480374694,6.005314561861182e-09,0.00020490490396525899,,,,0.15094071096713757,0.16082046178959394,0.3490799740505078,0.023933071513681067,0.00027059982819056756,0.02619330640709655,0.00013310820672476187,0.00017152526515309345,0.014295746728965351,4.536573635697643,True
paper_poly3,sigmoid,"16,8,4",3,3,0,True,0.00015592041017953306,6.005314561861182e-09,0.00015471203552212722,,,,0.10163110004137,0.11160416921813232,0.28473212193414316,0.023933843807178466,0.00020908503598672176,0.026345813989062185,0.001387310538839916,0.00013808729846857427,0.012409315482874137,4.414367207677065,True
paper_poly3,sigmoid,"16,8,4",3,3,0,True,0.0004109957371838391,6.005314561861182e-09,0.0004089918179847455,,,,0.15437333317285237,0.16419436529254458,0.4063475527697846,0.02393320126546171,0.0005446296563059627,0.028318595549850015,0.0009716845323352136,0.0004231023877387474,0.02019553583315312,4.835301556498792,True
paper_poly3,sigmoid,"16,8,4",3,3,0,True,9.523276094114408e-05,6.005314561861182e-09,9.416626182470149e-05,,,,0.1160802938254349,0.10871301870072675,0.16530213053982848,0.023927896857259837,0.0001324912038237755,0.02104793903385517,6.788351990441134e-05,0.00013099318640937888,0.009681233459586934,4.200250614431956,True
paper_poly3,sigmoid,"16,8,4",3,3,0,True,0.00016788806533440948,6.005314561861182e-09,0.00016641612635852853,,,,0.08286392948710448,0.07003072336265599,0.27251370715280926,0.0239321031690074,0.00021779170061477654,0.02652355497846902,0.000970217713458402,0.00010013697425285824,0.01287966873918397,4.446484063594492,True
paper_poly3,sigmoid,"16,8,4",3,3,0,True,0.000103955710073933,6.005314561861182e-09,0.00010282745131825532,,,,0.05724613948183424,0.05527075196738704,0.22106492730058358,0.023931681624399875,0.00013198780947014865,0.025131173385517014,0.0005731169970507159,0.00013890914999858622,0.01011837333898418,4.238312588296092,True
paper_poly3,sigmoid,"16,8,4",3,3,0,True,0.0024818703532218933,6.005314561861182e-09,0.0024797328236641283,,,,0.3421274455095702,0.11731814864251015,0.3725395606733917,0.023923469606564364,0.003390636301606016,0.030899113505662275,0.01829133912122109,0.0032089949876656742,0.04974087968623187,5.616243330352329,True
paper_poly3,sigmoid,"16,8,4",3,3,0,True,0.00010055884922621772,6.005314561861182e-09,9.91389205874107e-05,,,,0.10605917729110514,0.10944900239582438,0.5644608263806022,0.02393393004213097,0.00011764359755120666,0.02275404608348828,0.0029869825831930928,1.3446481388043332e-05,0.009950409566278655,4.223884533802267,True
paper_poly3,sigmoid,"16,8,4",3,3,0,True,0.0003255335905123502,6.005314561861182e-09,0.00032295075474939044,,,,0.12410950065076469,0.1332842944006737,0.3683990702827207,0.023933458764337653,0.00039712226210330864,0.02511366860380549,0.004292203834392308,2.6739920712931307e-05,0.017965055481347348,4.73406004739951,True
paper_poly3,sigmoid,"16,8,4",3,3,0,True,0.000168140628375113,6.005314561861182e-09,0.00016676886227620983,,,,0.13141555558144316,0.13876998047165204,0.3451504874161569,0.0239304286264407,0.00021099084091500764,0.022647530721233967,0.0013841039570855929,8.849283117447153e-05,0.012889411154704,4.4471369051977145,True
paper_poly3,sigmoid,"16,8,4",3,3,0,True,4.2242780182277784e-05,6.005314561861182e-09,4.1448611951781803e-05,,,,0.03394541203299341,0.03729958682479608,0.13068495442625058,0.023926031155743606,5.611397099397685e-05,0.013477934088081126,0.0004713512552029702,9.031471928119437e-05,0.006421950640997839,3.847216732355628,True
paper_poly3,sigmoid,"16,8,4",3,3,0,True,0.00019254596554674208,6.005314561861182e-09,0.000191093830510338,,,,0.10989766048035375,0.1142617997691921,0.5171290845132348,0.02393424151600957,0.00025418681349198845,0.02583087527500684,0.00017222395678606335,0.00016892730502559162,0.013798599345280682,4.505998662265214,True
paper_poly3,sigmoid,"16,8,4",3,3,0,True,0.00022730758064426482,6.005314561861182e-09,0.00022548126521515968,,,,0.14891715444427575,0.1580770885096636,0.22395729738716372,0.023933682826658143,0.00028719226014911137,0.01635266881562396,0.003504915922303438,0.000478585121943915,0.014999229175454192,4.578078158634353,True
paper_poly3,sigmoid,"16,8,4",3,3,0,True,0.00014525603910442442,6.005314561861182e-09,0.00014406265028631056,,,,0.19376470539544868,0.1756250725834895,0.37630781137160607,0.023929236348310883,0.00018466769861432694,0.02418943545717806,0.00011252130237825337,9.2662761341161e-05,0.011974727370178517,4.383598436552059,True
paper_poly3,sigmoid,"16,8,4",3,3,0,True,0.00018589988758321851,6.005314561861182e-09,0.00018468382147119347,,,,0.12673989184473503,0.10380773241594958,0.4193898814792736,0.02393107018286049,0.00025173752045823167,0.027547548739606173,0.0012090905000865303,0.0004014614084839143,0.013557016939023593,4.490743366215129,True
paper_poly3,sigmoid,"16,8,4",3,3,0,True,0.00014526040467899293,6.005314561861182e-09,0.0001444018744102445,,,,0.17078729347520805,0.14476112870438881,0.1567811206405372,0.02392876893746282,0.0001933981877542458,0.025467231045900644,0.0021171152807405416,0.00021145888684702093,0.011974908479604182,4.383611488790486,True
paper_poly3,sigmoid,"16,8,4",3,3,0,True,0.0005088358884677291,6.005314561861182e-09,0.0005078037844891939,,,,0.1843544314203195,0.15508509390449404,0.1825371450479402,0.023919937424891867,0.0007222275969840186,0.02981622209701964,0.002287181450096941,0.0007696211319273661,0.022479897029575487,4.928041973811333,True
paper_poly3,sigmoid,"16,8,4",3,3,0,True,0.0018278025090694427,6.005314561861182e-09,0.0018309145232937281,,,,0.5401168384052464,0.5745170819099049,0.4168063114098894,0.023933255147272056,0.001942326936455106,0.03315898124639945,0.02905735219638721,0.0014863451001799657,0.04267531306678196,5.483393508226076,True
paper_poly3,sigmoid,"16,8,4",3,3,0,True,0.00011415709741413593,6.005314561861182e-09,0.0001127200863328094,,,,0.09337006264769905,0.11325561033280161,0.217923153217237,0.023930511630785856,0.0001410763122945962,0.017998800208701062,0.001557835590739723,0.00012930175609894432,0.010606938515060371,4.278967156839148,True
paper_poly3,sigmoid,"16,8,4",3,3,0,True,0.00022420477762352675,6.005314561861182e-09,0.00022269644162576039,,,,0.33462181123910534,0.3331911693192751,0.324428260433954,0.023931141910876877,0.00029380305150448723,0.023986347251826804,0.0037718572827123726,0.0001554802511705142,0.014895975159858901,4.57210910189206,True
paper_poly3,sigmoid,"16,8,4",3,3,0,True,0.02304236590862274,6.005314561861182e-09,0.023063666145375143,,,,0.21319013090502925,0.20668403653485115,0.33476531390659764,0.02393172091000829,0.027254265854294843,0.03510942886752329,0.06482678437089598,0.022920956454896176,0.15171962691915847,6.583991307930061,True
paper_poly3,sigmoid,"16,8,4",3,3,0,False,7.248240581247956e-05,4.4409354797532207e-10,7.242272998189185e-05,,,,0.22903310979107272,0.23536762382495668,0.3906329281146959,0.0239343522907334,9.207631472988041e-05,0.021987770726196183,0.0022480840797545303,6.639492308690525e-05,0.00849258642682399,5.212758136308604,True
paper_poly3,sigmoid,"16,8,4",3,3,0,False,0.0003399215347599238,4.4409354797532207e-10,0.0003395944743407796,,,,0.24063195138298565,0.23016866224907137,0.3327416002634892,0.023934406301105264,0.00042142423630220555,0.01922067913152452,0.0035262908192062407,0.00032423657485293103,0.018415887577074026,5.8839042153827865,True
paper_poly3,sigmoid,"16,8,4",3,3,0,False,0.00019904319196939468,4.4409354797532207e-10,0.0001989399671171119,,,,0.22561016913036258,0.16069419657097486,0.27680136325403987,0.023913894095282724,0.0002725003113458461,0.028888189236502146,0.0004840643306127309,0.0001258164851392866,0.014087193268187935,5.651472864098112,True
paper_poly3,sigmoid,"16,8,4",3,3,0,False,0.00010061982175102457,4.4409354797532207e-10,0.00010059563956414274,,,,0.13973218526565412,0.09645123243679644,0.3742792122345066,0.023929815456998436,0.00013454338501636847,0.02758194704475495,0.006218174721411571,0.00010394055205379792,0.010009869686244352,5.355209080072768,True
paper_poly3,sigmoid,"16,8,4",3,3,0,False,0.0003196813922841102,4.4409354797532207e-10,0.00031944924810956287,,,,0.09077641489360351,0.09132478804844557,0.15882011891840406,0.023930948447175263,0.00042613385901520763,0.024716373030645486,0.0008500054259644774,0.000292090140736327,0.0178585627186715,5.857242894438991,True
paper_poly3,sigmoid,"16,8,4",3,3,0,False,0.00012815538502763957,4.4409354797532207e-10,0.00012795548846726175,,,,0.059157821441328445,0.08043426359902657,0.3734828929612441,0.023932920563649186,0.0001539505821035976,0.018155317532147303,0.002404548027305075,0.00011820122591698536,0.011299500001910684,5.460262396188104,True
paper_poly3,sigmoid,"16,8,4",3,3,0,False,4.3450472730910406e-05,4.4409354797532207e-10,4.3388102682528115e-05,,,,0.10698809255237528,0.09209374495977722,0.413251789529064,0.023927142440370475,5.2028096134651425e-05,0.023531525829722545,5.409269688604713e-05,2.176197649725924e-05,0.006570623730041201,4.990520042271253,True
paper_poly3,sigmoid,"16,8,4",3,3,0,False,0.0006397791439667344,4.4409354797532207e-10,0.0006402582778069568,,,,0.2286955627039757,0.24148073119061234,0.34171788843590134,0.023933498831462733,0.0005939791859164954,0.02561844473733977,0.019511843304055705,0.000703648709156203,0.025272782326891192,6.15855561493845,True
paper_poly3,sigmoid,"16,8,4",3,3,0,False,0.0010301951551809907,4.4409354797532207e-10,0.0010298116353402197,,,,0.10934078718972921,0.07956406632136302,0.3328422436420237,0.02390943242044216,0.0013580056404431454,0.027519179240293012,0.002591624683145942,0.0008380376995778658,0.03207557980585042,6.365445039581189,True
paper_poly3,sigmoid,"16,8,4",3,3,0,False,0.00011340865603415295,4.4409354797532207e-10,0.00011320489578811988,,,,0.025495123933456407,0.029785635616271806,0.359438684862393,0.02393399379839066,0.00013605987233361748,0.013595686192288925,0.0037968441133608417,4.999024974774156e-05,0.010628276501533841,5.4071717402412105,True
paper_poly3,sigmoid,"16,8,4",3,3,0,False,0.0006428946508094668,4.4409354797532207e-10,0.0006433013607437325,,,,0.0957172673974007,0.11191761771777954,0.38453603926011587,0.023907925433617083,0.0007877788677283671,0.030115994938276536,0.015457013452019946,0.0007615850278253056,0.025334293770677536,6.160665348678202,True
paper_poly3,sigmoid,"16,8,4",3,3,0,False,0.0004277414409443736,4.4409354797532207e-10,0.00042755985450526596,,,,0.11864358015965282,0.1341241430742253,0.2891467790350464,0.023930593900343522,0.0005634895301013283,0.02726657277005956,0.0021276326794194955,0.000388530285076266,0.020660837432501838,5.983706864558061,True
paper_poly3,sigmoid,"16,8,4",3,3,0,False,0.0005111850332468748,4.4409354797532207e-10,0.0005114551495243731,,,,0.1149274436023518,0.09939055044286699,0.26313096228982835,0.023936658946648277,0.0006256838564358954,0.025837400250747662,0.013472230368924578,0.0005534685997093852,0.02258832790776943,6.061103666265877,True
paper_poly3,sigmoid,"16,8,4",3,3,0,False,0.00019769031496252865,4.4409354797532207e-10,0.00019745282813887142,,,,0.23349279420045077,0.2395245615766468,0.46496486727720027,0.02391129489127404,0.0001855851868337909,0.02662675038323983,0.010634128516807785,0.00015173438237161486,0.014039165267464128,5.6485109297722715,True
paper_poly3,sigmoid,"16,8,4",3,3,0,False,7.697262481087819e-05,4.4409354797532207e-10,7.685187043572072e-05,,,,0.06500230048852136,0.04337460956420889,0.3770531072027788,0.023931048782997864,9.51256369563856e-05,0.021771283694938512,0.0014937725552699043,7.867614009105137e-05,0.008752330875377069,5.238861832943365,True
paper_poly3,sigmoid,"16,8,4",3,3,0,False,0.00020789881818927824,4.4409354797532207e-10,0.00020767426746707624,,,,0.061382412900657185,0.06409984287400385,0.11056817283843123,0.02392828793719972,0.0002450502472069735,0.022443094074642185,0.004300059883771262,0.00014491950590573768,0.01439762329982772,5.670377557010025,True
paper_poly3,sigmoid,"16,8,4",3,3,0,False,0.0005122031434439123,4.4409354797532207e-10,0.0005120184894949178,,,,0.1393309583866604,0.15556215715594676,0.262123042966154,0.02392675343768825,0.0006814541829781657,0.02758143367682652,0.0013503544215232042,0.00046052387608841607,0.02261083190395263,6.061967775890132,True
paper_poly3,sigmoid,"16,8,4",3,3,0,False,0.00011983825243078172,4.4409354797532207e-10,0.00011991524776667792,,,,0.16767046087081736,0.18543368755793907,0.4129899854370578,0.023933332554546195,0.00016354858681850415,0.030577393744232854,0.004369329743083804,0.00011918511178569633,0.010925992400761324,5.431121003640349,True
paper_poly3,sigmoid,"16,8,4",3,3,0,False,0.00031724368454888463,4.4409354797532207e-10,0.00031696204343615594,,,,0.09262950541908754,0.1044324839342054,0.33896828511445737,0.023931009806898634,0.0004227816798403795,0.02654243306951316,0.0024336301557686645,0.00027110344163229066,0.01779026231684758,5.853918521680721,True
paper_poly3,sigmoid,"16,8,4",3,3,0,False,0.002503885654732585,4.4409354797532207e-10,0.0025037136853135996,,,,0.1584744543983592,0.1753083093055836,0.3767273203723029,0.02393920862978817,0.003077119699692662,0.027327829574914766,0.022230462273247296,0.0024784110398774623,0.050017767933551116,6.751140028448597,True
paper_poly3,sigmoid,"16,8,4",3,3,0,False,0.00015636021271348,4.4409354797532207e-10,0.00015617102027893278,,,,0.11021762993930344,0.11516298301354305,0.35553155773849193,0.023938199344005606,0.00020057587067798895,0.021791234661005125,0.0005725231004055002,0.00011519205278149595,0.012483334204231337,5.546651789016912,True
paper_poly3,sigmoid,"16,8,4",3,3,0,False,0.0002308652037754655,4.4409354797532207e-10,0.0002306359027461171,,,,0.0925378719180206,0.09566983690221782,0.29337839875632515,0.02392626314304906,0.00028855491408443244,0.022635398026660907,0.0027553300434666624,7.1786133953747e-05,0.015173175509062085,5.715884017008664,True
paper_poly3,sigmoid,"16,8,4",3,3,0,False,0.00020652184321079403,4.4409354797532207e-10,0.0002064020898337942,,,,0.12195707063995558,0.11597428694800109,0.3368398476449657,0.023933458298784883,0.0002745495935897266,0.027709409359661066,0.001173993126659299,0.00018344631628706794,0.01434979433842501,5.667491528916945,True
paper_poly3,sigmoid,"16,8,4",3,3,0,False,0.00019684479048009962,4.4409354797532207e-10,0.0001965337284351277,,,,0.01569207003670158,0.01562566723171509,0.3302792819576644,0.023911932978457475,0.00024181708164187023,0.01256614395337443,0.0037322764184007685,4.916562440393738e-05,0.014009065120744582,5.646649462064367,True
paper_poly3,sigmoid,"16,8,4",3,3,0,False,0.00025946524692699313,4.4409354797532207e-10,0.0002593307099505119,,,,0.11132961932662504,0.13550176227476668,0.2906148235414464,0.02393201459406192,0.0003320860578780746,0.023334212411720658,0.003996146129029857,0.00023842881531901082,0.01608685144554271,5.76660473261756,True
paper_poly3,sigmoid,"16,8,4",3,3,0,False,4.552927930490114e-05,4.4409354797532207e-10,4.544178972965668e-05,,,,0.26117013893776636,0.24573216710597834,0.42589631355804075,0.02393398043910966,6.61372543643158e-05,0.02132901513654662,0.0019553425266076872,3.978351310375199e-05,0.006726465231867405,5.0108163122386555,True
paper_poly3,sigmoid,"16,8,4",3,3,0,False,8.689166133990511e-05,4.4409354797532207e-10,8.674070702668102e-05,,,,0.10000890161465441,0.10002463427660374,0.24798688326101528,0.023929211847282507,0.00010863271524177406,0.02203932078393524,2.9377407367485224e-05,5.882312410891507e-05,0.009300496155004985,5.291503637308702,True
paper_poly3,sigmoid,"16,8,4",3,3,0,False,8.605678885942325e-05,4.4409354797532207e-10,8.595285128158501e-05,,,,0.07988165243126956,0.0761593032735257,0.3393843273716659,0.023935236788983013,0.00011519851141487856,0.02237201173199698,0.0017160473573792293,7.873058282795181e-05,0.009255606313115707,5.287310673135153,True
paper_poly3,sigmoid,"16,8,4",3,3,0,False,0.00012117575533920899,4.4409354797532207e-10,0.0001210116946798779,,,,0.11906569705572267,0.11861782916511372,0.32364359700779777,0.02393742806739588,0.00014426577623584088,0.024580653933459977,0.004330839673812439,9.003307952867631e-05,0.01098691245296735,5.435941271981723,True
paper_poly3,sigmoid,"16,8,4",3,3,0,False,0.0002065900480374694,4.4409354797532207e-10,0.00020643694867208742,,,,0.15094071096713757,0.16082046178959394,0.3490799740505078,0.023933071513681067,0.0002725483936795868,0.02620357910313524,0.00016389118924611733,0.0001444987434345623,0.014352167166461571,5.667634933068512,True
paper_poly3,sigmoid,"16,8,4",3,3,0,False,0.00015592041017953306,4.4409354797532207e-10,0.00015577575044220667,,,,0.10163110004137,0.11160416921813232,0.28473212193414316,0.023933843807178466,0.0002104872370242384,0.026354527699545983,0.0013565379812777137,0.00013207166354948187,0.012465735920370357,5.545428505047934,True
paper_poly3,sigmoid,"16,8,4",3,3,0,False,0.0004109957371838391,4.4409354797532207e-10,0.000410890301938927,,,,0.15437333317285237,0.16419436529254458,0.4063475527697846,0.02393320126546171,0.0005469422088313953,0.028329467996730234,0.0010024529576299474,0.0003969605179987017,0.02025195627064934,5.966362853869661,True
paper_poly3,sigmoid,"16,8,4",3,3,0,False,9.523276094114408e-05,4.4409354797532207e-10,9.508273108754286e-05,,,,0.1160802938254349,0.10871301870072675,0.16530213053982848,0.023927896857259837,0.00013370300480422466,0.021055716689387365,3.7071990400449665e-05,5.170108593394855e-05,0.009737653897083153,5.331311911802825,True
paper_poly3,sigmoid,"16,8,4",3,3,0,False,0.00016788806533440948,4.4409354797532207e-10,0.00016775326894501885,,,,0.08286392948710448,0.07003072336265599,0.27251370715280926,0.0239321031690074,0.00021949341325711589,0.0265327553047466,0.0009394077187673337,0.00012060837665065081,0.01293608917668019,5.577545360965361,True
paper_poly3,sigmoid,"16,8,4",3,3,0,False,0.000103955710073933,4.4409354797532207e-10,0.00010388541063914266,,,,0.05724613948183424,0.05527075196738704,0.22106492730058358,0.023931681624399875,0.00013330664387632796,0.02514042854702663,0.0006039193368116957,7.481596905797192e-05,0.010174793776480399,5.369373885666962,True
paper_poly3,sigmoid,"16,8,4",3,3,0,False,0.0024818703532218933,4.4409354797532207e-10,0.002481479724024881,,,,0.3421274455095702,0.11731814864251015,0.3725395606733917,0.023923469606564364,0.003393757461640829,0.030908407303906423,0.018261136188778605,0.0025354320437469507,0.049797300123728086,6.7473046277231985,True
paper_poly3,sigmoid,"16,8,4",3,3,0,False,0.00010055884922621772,4.4409354797532207e-10,0.00010038897463431881,,,,0.10605917729110514,0.10944900239582438,0.5644608263806022,0.02393393004213097,0.00011910244512386665,0.022763452583642794,0.00301785906054546,8.556203133389352e-05,0.010006830003774874,5.354945831173136,True
paper_poly3,sigmoid,"16,8,4",3,3,0,False,0.0003255335905123502,4.4409354797532207e-10,0.0003252243052774499,,,,0.12410950065076469,0.1332842944006737,0.3683990702827207,0.023933458764337653,0.0003998469837152705,0.0251241192229936,0.004323032398446989,0.00026021737437475134,0.01802147591884357,5.865121344770379,True
paper_poly3,sigmoid,"16,8,4",3,3,0,False,0.000168140628375113,4.4409354797532207e-10,0.0001680389147007912,,,,0.13141555558144316,0.13876998047165204,0.3451504874161569,0.0239304286264407,0.00021246478217922681,0.022657027050279718,0.0014149136046725385,9.195323442560338e-05,0.012945831592200219,5.578198202568584,True
paper_poly3,sigmoid,"16,8,4",3,3,0,False,4.2242780182277784e-05,4.4409354797532207e-10,4.213967815908061e-05,,,,0.03394541203299341,0.03729958682479608,0.13068495442625058,0.023926031155743606,5.6968234566911455e-05,0.013484562232630923,0.0005022302884812282,2.5174702858253196e-05,0.0064783710784940595,4.978278029726497,True
paper_poly3,sigmoid,"16,8,4",3,3,0,False,0.00019254596554674208,4.4409354797532207e-10,0.00019240676626311646,,,,0.10989766048035375,0.1142617997691921,0.5171290845132348,0.02393424151600957,0.0002558477638982883,0.025839788152442235,0.0002029926038111184,0.00016897215738709926,0.013855019782776902,5.637059959636083,True
paper_poly3,sigmoid,"16,8,4",3,3,0,False,0.00022730758064426482,4.4409354797532207e-10,0.00022713942057883105,,,,0.14891715444427575,0.1580770885096636,0.22395729738716372,0.023933682826658143,0.0002891037084761416,0.01636079948501381,0.0035358113196175818,0.00018130216120711403,0.015055649612950412,5.709139456005222,True
paper_poly3,sigmoid,"16,8,4",3,3,0,False,0.00014525603910442442,4.4409354797532207e-10,0.0001451534376810245,,,,0.19376470539544868,0.1756250725834895,0.37630781137160607,0.023929236348310883,0.00018599471229538187,0.02420141050084558,8.174288240177924e-05,0.00014842320712846026,0.012031147807674737,5.514659733922928,True
paper_poly3,sigmoid,"16,8,4",3,3,0,False,0.00018589988758321851,4.4409354797532207e-10,0.00018580967611204566,,,,0.12673989184473503,0.10380773241594958,0.4193898814792736,0.02393107018286049,0.0002530592551767156,0.027556815709426363,0.0012399198324787985,0.000162579993920442,0.013613437376519813,5.621804663585998,True
paper_poly3,sigmoid,"16,8,4",3,3,0,False,0.00014526040467899293,4.4409354797532207e-10,0.0001451586768462074,,,,0.17078729347520805,0.14476112870438881,0.1567811206405372,0.02392876893746282,0.0001942447554720342,0.025477626615786075,0.0020862786716522607,0.0001260904039114705,0.012031328917100402,5.514672786161355,True
paper_poly3,sigmoid,"16,8,4",3,3,0,False,0.0005088358884677291,4.4409354797532207e-10,0.0005088418040795541,,,,0.1843544314203195,0.15508509390449404,0.1825371450479402,0.023919937424891867,0.0007234937142101129,0.029825170998405186,0.002256472773196692,0.0004989120929666546,0.022536317467071708,6.059103271182202,True
paper_poly3,sigmoid,"16,8,4",3,3,0,False,0.0018278025090694427,4.4409354797532207e-10,0.0018283277570168815,,,,0.5401168384052464,0.5745170819099049,0.4168063114098894,0.023933255147272056,0.0019399975147738,0.0331694382541886,0.0290271212758387,0.0018551132625901359,0.042731733504278176,6.614454805596945,True
paper_poly3,sigmoid,"16,8,4",3,3,0,False,0.00011415709741413593,4.4409354797532207e-10,0.00011398906267575713,,,,0.09337006264769905,0.11325561033280161,0.217923153217237,0.023930511630785856,0.0001425792009680573,0.01800785473794062,0.0015887280878053287,5.47666156651712e-05,0.01066335895255659,5.410028454210017,True
paper_poly3,sigmoid,"16,8,4",3,3,0,False,0.00022420477762352675,4.4409354797532207e-10,0.00022412539830449934,,,,0.33462181123910534,0.3331911693192751,0.324428260433954,0.023931141910876877,0.0002954883202886313,0.02399526814506546,0.0038026444157371626,0.0002005091935202828,0.01495239559735512,5.7031703992629295,True
paper_poly3,sigmoid,"16,8,4",3,3,0,False,0.02304236590862274,4.4409354797532207e-10,0.023044781248994405,,,,0.21319013090502925,0.20668403653485115,0.33476531390659764,0.02393172091000829,0.02723283870491064,0.03511661884508423,0.06479732384292686,0.023459051527964857,0.1517760473566547,7.71505260530093,True
smooth_nonlinear_rand,softplus,4,1,3,0,True,0.013790816999971867,0.027705159356795465,0.019343950634473295,0.9311601994220203,1.0000271402582575,0.645,0.29613630052972695,0.2805373346612319,0.1593684333126678,0.008505907297988186,0.039614260455289596,0.2305750097492674,0.036858251873268334,0.01849784825805582,0.04901435953794529,-0.30297065696356024,False
smooth_nonlinear_rand,softplus,4,1,3,0,True,0.012257265858352184,0.027705159356795465,0.011149506272795111,0.05502413289547179,0.048937956008093746,0.53,0.34880210042021825,0.16908288405640132,0.208901129445283,0.008476480051457649,0.023682217872254385,0.19311754006134543,0.05490793394391828,0.011360732816721935,0.05573613179221225,-0.3541670465281616,False
smooth_nonlinear_rand,softplus,4,1,3,0,True,0.010431456379592419,0.027705159356795465,0.015191993820929329,0.11376322662198898,0.12149287455851915,0.62,0.19170698607356862,0.17682500194529133,0.20499372614985265,0.009910671449536983,0.029695402916594473,0.2510353344297529,0.18485052585149483,0.0161858051659964,0.06431416741807794,-0.4242157061708312,False
smooth_nonlinear_rand,softplus,4,1,3,0,True,0.020016996189951897,0.027705159356795465,0.028185798153069586,9.948369197592775,10.064756852760384,0.54,0.15242037388620958,0.1552536104740795,0.2191861018542445,0.008264074651415865,0.052976281719855745,0.3297902574892968,0.04452564958777767,0.026698183121864207,0.024967234752369477,-0.14116174600385517,False
smooth_nonlinear_rand,softplus,4,1,3,0,True,0.012588586658239365,0.027705159356795465,0.012994591521982507,0.03747754124709555,0.03592429214994272,0.715,0.07948140176428126,0.07199566967528377,0.040687343959977196,0.008111346862747844,0.02814903456424092,0.19502027046886977,0.022742213065538697,0.013234623192513334,0.0542497978142132,-0.3425836786394225,False
smooth_nonlinear_rand,softplus,4,1,3,0,True,0.01236255094408989,0.027705159356795465,0.017875059448118964,0.43663045181445265,0.48608781144892943,0.615,0.2784255415938761,0.26938455940993894,0.15422403015257688,0.008485604767748012,0.037506864522390215,0.20492779385725424,0.03157996010176943,0.016714804669657947,0.05526165995271745,-0.3504525582466962,False
smooth_nonlinear_rand,softplus,4,1,3,0,True,0.00814607460051775,0.027705159356795465,0.015336071562864102,3.7812631688040597,3.8516791483171913,0.49,0.3454457148683288,0.15957820345965334,0.14694102721687466,0.00983979101695194,0.031472020394909136,0.25225391815725406,0.1052273676569949,0.016238410626402924,0.07619306180364697,-0.5316122695422361,False
smooth_nonlinear_rand,softplus,4,1,3,0,True,0.013397758826613426,0.027705159356795465,0.01232126132661034,1.0004310904468958,1.0384890067038264,0.65,0.15906034452221324,0.1648229007662641,0.14447266241316342,0.008416642287808602,0.02527776959954063,0.1410060211932297,0.01820661349440835,0.01153115068045082,0.05069998060607721,-0.315528496733752,False
smooth_nonlinear_rand,softplus,4,1,3,0,True,0.011051173321902752,0.027705159356795465,0.012110099124667513,1.7488832560673153,1.711903726481317,0.36,0.3666648941729488,0.17071785215258967,0.17150061679817385,0.008110518698200914,0.02682565678319411,0.22235811395530877,0.037916586186538176,0.012993452582069562,0.061324107851392334,-0.39915226225927253,False
smooth_nonlinear_rand,softplus,4,1,3,0,True,0.06134930998086929,0.027705159356795465,0.037849569154270596,1.583710474683204,1.713458453252654,0.62,0.2496398525964844,0.24282702950116558,0.1505334839465548,0.0006833206241112349,0.07805786622188333,0.32762033220221365,0.34483144036541685,0.0007010138967999694,0.08123925977899116,0.3452490299009797,False
smooth_nonlinear_rand,softplus,4,1,3,0,True,0.013021793216466904,0.027705159356795465,0.013348660320657275,0.6069624913684692,0.56387144997727,0.185,0.20829320967698198,0.19760134201096827,0.16659033901687925,0.0077369636968947185,0.030602975112671384,0.22342670862169048,0.03586990881643712,0.013459540897245652,0.052335596767999745,-0.32788985795945186,False
smooth_nonlinear_rand,softplus,4,1,3,0,True,0.06345629692077637,0.027705159356795465,0.039181065162518874,2.7139604859701434,2.9092055524576583,0.51,0.3075144799986485,0.24287752287618652,0.5316268109768261,0.0007106493416391645,0.07702832044310481,0.32840889085294256,0.3714936672264522,0.0009899225673321835,0.08545666441739544,0.35991407214028553,False
smooth_nonlinear_rand,softplus,4,1,3,0,True,0.015152432955801487,0.027705159356795465,0.019469931354748848,2.2938785459581883,2.351060879887646,0.615,0.13066638494232208,0.13509315156694046,0.15687726490305637,0.008241466197654524,0.038985533892703386,0.23466908795507624,0.017037463150434234,0.018479156494658085,0.04335344977304388,-0.2620782814279129,False
smooth_nonlinear_rand,softplus,4,1,3,0,True,0.013745972886681557,0.027705159356795465,0.012616202628685498,0.15676981186051295,0.15286574857250385,0.605,0.11854734114231702,0.11302744515883209,0.13364505001412091,0.007425529528867131,0.028270231641289077,0.23064897741343815,0.012519160131810814,0.014185283752694513,0.049205447765354224,-0.3043851695661426,False
smooth_nonlinear_rand,softplus,4,1,3,0,True,0.012315521016716957,0.027705159356795465,0.012175713972044278,0.39361748561327675,0.3617728945139724,0.655,0.05964367380621921,0.059027838590920874,0.21426708211715415,0.00819280368214512,0.02663821592952115,0.1796203020998589,0.000551980364237119,0.012646338134063248,0.05547335168377192,-0.3521078628184162,False
smooth_nonlinear_rand,softplus,4,1,3,0,True,0.01269358117133379,0.027705159356795465,0.012479338020710124,0.5811586062817882,0.5608528678296597,0.4,0.21365896276747867,0.19872665992156,0.13500085361843855,0.007696030497254888,0.02788903227322783,0.24409523741522532,0.051949047974737525,0.013498892535074192,0.05378287468507181,-0.33897648798095553,False
smooth_nonlinear_rand,softplus,4,1,3,0,True,0.011467183008790016,0.027705159356795465,0.012245280384282308,0.40640387617900264,0.3915857790414387,0.42,0.3631667665291811,0.1693844991518164,0.1693697834742753,0.0074979358070388,0.02723277454137965,0.22772533824991337,0.044028394771595904,0.01359678627695406,0.059363735212733346,-0.38310390889251544,False
smooth_nonlinear_rand,softplus,4,1,3,0,True,0.011425492353737354,0.027705159356795465,0.013232813905908122,0.11485071301142362,0.13569824807789185,0.745,0.11287378359640249,0.08637828135425166,0.14201460198519317,0.008444632515977896,0.028376721486885633,0.149513863722207,0.018797947049709718,0.012923362938648028,0.059558574093567476,-0.3846857285065206,False
smooth_nonlinear_rand,softplus,4,1,3,0,True,0.012564105913043022,0.027705159356795465,0.012033686160520607,0.4677166566153936,0.4360233968646057,0.665,0.049847619649660294,0.03506501621925347,0.16977581011044526,0.00820044262508664,0.02620036817869654,0.1914279282746722,0.00839399658662466,0.012783299557639207,0.05435894623233356,-0.3434290637510682,False
smooth_nonlinear_rand,softplus,4,1,3,0,True,0.09237757325172424,0.027705159356795465,0.11557678207443256,203.25897817334928,203.41486966153022,0.385,0.34828265199573666,0.1725580346175499,0.14267629680303123,0.008813052785815612,0.15437699702565846,0.589448247310028,0.10368312328547714,0.11437754885578152,0.1374881227056007,0.5230058966805173,False
smooth_nonlinear_rand,softplus,4,1,3,0,True,0.012532833963632584,0.027705159356795465,0.01334032371560713,0.05943283272999471,0.05469886739890969,0.65,0.07731543364730642,0.06832894033563489,0.0664221491639526,0.008106915676555745,0.028923159846554407,0.19545586864871792,0.030131651239852807,0.013594447132842422,0.054498528309263494,-0.34451136638740065,False
smooth_nonlinear_rand,softplus,4,1,3,0,True,0.014194481074810028,0.027705159356795465,0.02041588017472313,2.108894525634031,2.2012029668472,0.63,0.2990416040433242,0.2741161990141255,0.12114817164504708,0.008462885399422264,0.04154505781959254,0.2578944262232744,0.04200917738171662,0.019493960221977823,0.04730807510256979,-0.29044113240163716,False
smooth_nonlinear_rand,softplus,4,1,3,0,True,0.019583843648433685,0.027705159356795465,0.018383063663778728,1.017250666944057,0.9589554952688569,0.225,0.2087193088323191,0.2248365666107064,0.20244124134598135,0.008578337993198265,0.03302675390256168,0.3718569382577132,0.1875972130349434,0.018158505889150182,0.02650638198589156,-0.150662719311829,False
smooth_nonlinear_rand,softplus,4,1,3,0,True,0.06155407428741455,0.027705159356795465,0.03834362375496707,2.2983908076499535,2.4510009334360916,0.75,0.344617186621785,0.15198322915047088,0.2420768541149031,0.0007044761210643416,0.07775739210592471,0.32807282947488886,0.3566201621836105,0.0009003704529602999,0.08165226684972329,0.3466961518209115,False
smooth_nonlinear_rand,softplus,4,1,3,0,True,0.011031966656446457,0.027705159356795465,0.011189252316395955,0.5190692526905412,0.49430668569689096,0.45,0.37160634726685704,0.1717040486503267,0.050553771430629,0.008587677943794964,0.02395626690162088,0.18748895639081312,0.047757763766016835,0.01157339201801186,0.0614154995191126,-0.39990771197655833,False
smooth_nonlinear_rand,softplus,4,1,3,0,True,0.010297209955751896,0.027705159356795465,0.012348513298154437,0.02335486502517673,0.02921619834872537,0.76,0.12099310571272603,0.11252636957859607,0.06598764939266169,0.00866920116968216,0.02701951699721054,0.202689589050784,0.08273230693174241,0.012684928946154916,0.0649734996760272,-0.42984108460083204,False
smooth_nonlinear_rand,softplus,4,1,3,0,True,0.007601622957736254,0.027705159356795465,0.016456666828520348,0.14494715273512748,0.17050702996876027,0.635,0.212804637066622,0.19380801173966283,0.1994347853255582,0.010103846969933472,0.033167598659476785,0.22324097421527678,0.12383254336923517,0.018018337947697315,0.0792613821596263,-0.5616543278193858,False
smooth_nonlinear_rand,softplus,4,1,3,0,True,0.012679423205554485,0.027705159356795465,0.010210278516808322,0.034537031046193496,0.048139709779558615,0.805,0.10901227473522318,0.10265428920731234,0.17286976511496902,0.008419235255230785,0.023009151911960783,0.18579560809940343,0.009412907130092648,0.009975813778381514,0.05384572391056815,-0.3394611548307887,False
smooth_nonlinear_rand,softplus,4,1,3,0,True,0.008521698415279388,0.027705159356795465,0.015447452367359803,0.5762679681488755,0.6131199029528895,0.545,0.23805567003818762,0.23051549820985895,0.19902710571054907,0.009850138376568628,0.03214584845955918,0.20176503936857848,0.08386521808771448,0.016675503693494128,0.07413562308651714,-0.5120344921512815,False
smooth_nonlinear_rand,softplus,4,1,3,0,True,0.012544720433652401,0.027705159356795465,0.012198824518170219,0.07791718164822212,0.06852430200110181,0.675,0.09084694722329723,0.09144164604127211,0.16998693986802021,0.008078709322897764,0.026731678165158583,0.18337778157951262,0.0006916921202621212,0.012599990602217708,0.054445452659070415,-0.3440996652586762,False
smooth_nonlinear_rand,softplus,4,1,3,0,True,0.012496373616158962,0.027705159356795465,0.0132180715378462,0.21627692287861922,0.20269635231390276,0.495,0.3577767644999047,0.1671627165250016,0.1696697047051044,0.00726849253941684,0.029523529310666704,0.23013039279176906,0.054123508876702656,0.01446956261311571,0.05466148881752937,-0.34577665126435453,False
smooth_nonlinear_rand,softplus,4,1,3,0,True,0.012855391949415207,0.027705159356795465,0.012553920293533742,0.04544443797098286,0.05059067683061115,0.91,0.12623742519505854,0.12936950695966581,0.11253207378030053,0.007975435574900889,0.0274201846436423,0.18726401717257687,0.016045037218546505,0.012777644019742254,0.05306704797202218,-0.33347533008204866,False
smooth_nonlinear_rand,softplus,4,1,3,0,True,0.011929681524634361,0.027705159356795465,0.013425279012857347,2.85182171803986,2.9643162747258067,0.6,0.11622590555175913,0.11425373819711081,0.21486400405117334,0.008391677351453852,0.029582956544953194,0.17914558264782907,0.02424520521332332,0.0131170760980732,0.05722558736990169,-0.3659318026353196,False
smooth_nonlinear_rand,softplus,4,1,3,0,True,0.00819662306457758,0.027705159356795465,0.01613391447208963,0.08490747122979403,0.09854342231291227,0.645,0.20506948496056143,0.1870867996244383,0.14906555380929326,0.009780584305648734,0.032419813799056,0.2727174167626998,0.13558321038722065,0.01741872727971426,0.07591346537989034,-0.5289256887259203,False
smooth_nonlinear_rand,softplus,4,1,3,0,True,0.011157874949276447,0.027705159356795465,0.011552946548952758,0.2585310506015864,0.2449082253141783,0.52,0.37203081814569383,0.17273481008987634,0.07465233563542714,0.0086741247532124,0.024837996635031154,0.18896435661578193,0.05050897018793215,0.0117616122445651,0.06081782604100165,-0.3949791627221655,False
smooth_nonlinear_rand,softplus,4,1,3,0,True,0.011427558958530426,0.027705159356795465,0.011812166214421155,0.22011606890136953,0.20804850348276827,0.51,0.37081423533918356,0.17343601825172988,0.1732256749591159,0.00854183587575495,0.025439225336477363,0.19815812953185802,0.06272743825514941,0.011867653759085361,0.05954890756947845,-0.38460718187849363,False
smooth_nonlinear_rand,softplus,4,1,3,0,True,0.06155867129564285,0.027705159356795465,0.038369867170788045,2.087809827529162,2.2360894669881666,0.75,0.3447041201374855,0.15235548444758135,0.15051789944789,0.0007005717349435508,0.0776405061731606,0.3278207853884096,0.35753568528534385,0.0009154824436205197,0.08166153106791313,0.34672858477979474,False
smooth_nonlinear_rand,softplus,4,1,3,0,True,0.012303348630666733,0.027705159356795465,0.01245501635228184,0.03216932022651414,0.03792535067091943,0.875,0.1256996484084284,0.12660418092556805,0.13396100843369826,0.008129388508538579,0.027397912949492762,0.18099104708736036,0.006577302897115324,0.01258451268246155,0.05552820800488362,-0.3525373220583979,False
smooth_nonlinear_rand,softplus,4,1,3,0,True,0.012499161064624786,0.027705159356795465,0.012837492814067515,0.030976778957201207,0.03510754938171397,0.81,0.1133422027569717,0.10744451885003845,0.10469294487968975,0.00808463904247906,0.027981134059651965,0.18456916851669558,0.020196149786909062,0.013067688941553,0.054649021855574256,-0.34567978808396843,False
smooth_nonlinear_rand,softplus,4,1,3,0,True,0.01361815258860588,0.027705159356795465,0.017077356543881397,0.7175654375549436,0.784094461040825,0.635,0.11862505404033039,0.12162315411680541,0.1629538151617252,0.00829631953868257,0.035390427827818594,0.20332987150199466,0.014966748583217348,0.016411797297283374,0.0497518283091757,-0.3084424564633753,False
smooth_nonlinear_rand,softplus,4,1,3,0,True,0.011125504970550537,0.027705159356795465,0.011115080952681442,0.03552252918915713,0.04644235714772436,0.88,0.09881184415240088,0.09572350352177143,0.10043850607285372,0.00848321407793583,0.024697373695021313,0.17429891925158109,0.009976635959829627,0.010813402891771755,0.06097115952308864,-0.3962409204159291,False
smooth_nonlinear_rand,softplus,4,1,3,0,True,0.012709958478808403,0.027705159356795465,0.012193084628713602,0.09442080454940938,0.08659970981872087,0.665,0.058000377356753036,0.05583208072737208,0.17226728953630013,0.008299895439679163,0.026395100276543806,0.20843515329772105,0.033382696418319015,0.012803974465447924,0.0537102171917888,-0.3384165207206455,False
smooth_nonlinear_rand,softplus,4,1,3,0,True,0.012625792995095253,0.027705159356795465,0.012412136748094492,1.0999678747254777,1.048032342764359,0.245,0.20929254697290312,0.19621756873785495,0.14876177760310247,0.007973256078041228,0.027855933060770846,0.23664923596874074,0.0412317013323683,0.013045777474253183,0.05408411483688551,-0.34130198789482846,False
smooth_nonlinear_rand,softplus,4,1,3,0,True,0.011222301982343197,0.027705159356795465,0.011543103451072621,0.2804093951995987,0.2655882131863547,0.49,0.37137152550647246,0.17193681707871636,0.02798225777590543,0.008593261070603882,0.02473586713925758,0.190092984782432,0.05240359802760467,0.011807110631737032,0.06051330183022008,-0.3924787015037212,False
smooth_nonlinear_rand,softplus,4,1,3,0,True,0.012845272198319435,0.027705159356795465,0.012682058707032562,0.04042198966711684,0.03729914309301796,0.715,0.09056769483056354,0.07655283633347795,0.5710594846687927,0.008103108896815854,0.02750245543294908,0.19073173311383684,0.021575285944521187,0.013055358344533714,0.053111683704724744,-0.333817340876867,False
smooth_nonlinear_rand,softplus,4,1,3,0,True,0.010834013111889362,0.027705159356795465,0.011371453496187145,0.5767958016517339,0.5508700421518966,0.365,0.36994206988171174,0.1725902646942412,0.16984311700034482,0.008544192772215586,0.024652700471629527,0.18850630268327,0.04377963223975826,0.01150917434526692,0.062362103361919205,-0.40777129565613207,False
smooth_nonlinear_rand,softplus,4,1,3,0,True,0.012061707675457,0.027705159356795465,0.012696325167133402,0.2749673148944983,0.3109433769420745,0.64,0.07401509149509426,0.05772919202762981,0.17958843219744244,0.008347894266443157,0.02854346344431945,0.15128956758645135,0.0032077035199100596,0.012399165888177504,0.056622862780345076,-0.36115185370394787,False
smooth_nonlinear_rand,softplus,4,1,3,0,True,0.012823565863072872,0.027705159356795465,0.013105056747000047,0.03166777872585749,0.03370602301489263,0.77,0.11212714496334807,0.10615553790519001,0.09160118431572407,0.008087965110311271,0.028234691155007256,0.18274241705588806,0.0188773932419526,0.01351774230106868,0.05320748435173178,-0.3345518457924705,False
smooth_nonlinear_rand,softplus,4,1,3,0,True,0.010990873910486698,0.027705159356795465,0.012347832094902424,0.1850352433736752,0.17275207803572062,0.545,0.22513982362112622,0.2123218072450413,0.1727761866449788,0.00833922899224551,0.02703672748739029,0.19399749539364564,0.044054475745107555,0.012514168023662262,0.061611299969790784,-0.4015284269314611,False
smooth_nonlinear_rand,softplus,4,1,3,0,True,0.061533618718385696,0.027705159356795465,0.03833027980920258,2.298260537491535,2.450509162582961,0.75,0.3442356661391267,0.1517828834249471,0.1504241135107115,0.0007007740322209443,0.07771485924657805,0.3278670373731446,0.35703536827026705,0.000898728425599103,0.08161103913589624,0.3465518036636219,False
smooth_nonlinear_rand,softplus,4,1,3,0,False,0.013790816999971867,0.06465677678278643,0.07251519881836843,0.9311601994220203,1.0000271402582575,0.645,0.29613630052972695,0.2805373346612319,0.1593684333126678,0.008505907297988186,0.14342545785341532,0.2901883181659278,0.24474796160874981,0.07254565056303763,0.13684265934739914,-0.6710240551687952,False
smooth_nonlinear_rand,softplus,4,1,3,0,False,0.012257265858352184,0.06465677678278643,0.048316629423654146,0.05502413289547179,0.048937956008093746,0.53,0.34880210042021825,0.16908288405640132,0.208901129445283,0.008476480051457649,0.09501886214069108,0.08244108801721393,0.1799189019039158,0.0481699278588477,0.1435644316016661,-0.7222204447333965,False
smooth_nonlinear_rand,softplus,4,1,3,0,False,0.010431456379592419,0.06465677678278643,0.04539076194017941,0.11376322662198898,0.12149287455851915,0.62,0.19170698607356862,0.17682500194529133,0.20499372614985265,0.009910671449536983,0.09428661267226571,0.0817281577633292,0.012440814721925772,0.04544054037231064,0.1521424672275318,-0.7922691043760661,False
smooth_nonlinear_rand,softplus,4,1,3,0,False,0.020016996189951897,0.06465677678278643,0.08795173414339207,9.948369197592775,10.064756852760384,0.54,0.15242037388620958,0.1552536104740795,0.2191861018542445,0.008264074651415865,0.16703862064358552,0.3709728701976093,0.2360236702600144,0.08786775350252647,0.11279553456182334,-0.5092151442090901,False
smooth_nonlinear_rand,softplus,4,1,3,0,False,0.012588586658239365,0.06465677678278643,0.05079704835435741,0.03747754124709555,0.03592429214994272,0.715,0.07948140176428126,0.07199566967528377,0.040687343959977196,0.008111346862747844,0.10112192840860576,0.09384871191984928,0.21372926641005122,0.05077630926607575,0.14207809762366708,-0.7106370768446574,False
smooth_nonlinear_rand,softplus,4,1,3,0,False,0.01236255094408989,0.06465677678278643,0.06835133399808803,0.43663045181445265,0.48608781144892943,0.615,0.2784255415938761,0.26938455940993894,0.15422403015257688,0.008485604767748012,0.13655235349747463,0.27152475114918906,0.24385186626611885,0.06835865302428111,0.14308995976217131,-0.718505956451931,False
smooth_nonlinear_rand,softplus,4,1,3,0,False,0.00814607460051775,0.06465677678278643,0.05515852598550852,3.7812631688040597,3.8516791483171913,0.49,0.3454457148683288,0.15957820345965334,0.14694102721687466,0.00983979101695194,0.11336121244500386,0.11256682151487195,0.09484755659883126,0.05554856517273892,0.16402136161310082,-0.8996656677474709,False
smooth_nonlinear_rand,softplus,4,1,3,0,False,0.013397758826613426,0.06465677678278643,0.05777687099970012,1.0004310904468958,1.0384890067038264,0.65,0.15906034452221324,0.1648229007662641,0.14447266241316342,0.008416642287808602,0.11446029881941808,0.13541809114799697,0.2038698903206187,0.05788083601686758,0.13852828041553106,-0.6835818949389868,False
smooth_nonlinear_rand,softplus,4,1,3,0,False,0.011051173321902752,0.06465677678278643,0.04961134506631386,1.7488832560673153,1.711903726481317,0.36,0.3666648941729488,0.17071785215258967,0.17150061679817385,0.008110518698200914,0.09836324778252692,0.06729046650425602,0.19666434849598016,0.04944529272709204,0.1491524076608462,-0.7672056604645074,False
smooth_nonlinear_rand,softplus,4,1,3,0,False,0.06134930998086929,0.06465677678278643,0.0027663710620363423,1.583710474683204,1.713458453252654,0.62,0.2496398525964844,0.24282702950116558,0.1505334839465548,0.0006833206241112349,0.004869868469203434,0.013252320387190646,0.12454350292676784,0.002872937336307176,0.006589040030462706,-0.022804368304255127,False
smooth_nonlinear_rand,softplus,4,1,3,0,False,0.013021793216466904,0.06465677678278643,0.044902287363454925,0.6069624913684692,0.56387144997727,0.185,0.20829320967698198,0.19760134201096827,0.16659033901687925,0.0077369636968947185,0.09092790750776578,0.06837921049755052,0.20753945035566343,0.04463393747704817,0.1401638965774536,-0.6959432561646868,False
smooth_nonlinear_rand,softplus,4,1,3,0,False,0.06345629692077637,0.06465677678278643,0.0034150380110415423,2.7139604859701434,2.9092055524576583,0.51,0.3075144799986485,0.24287752287618652,0.5316268109768261,0.0007106493416391645,0.005626259011955077,0.012070448946176149,0.1680062193781511,0.0035506379289485866,0.0023716353920584243,-0.008139326064949347,False
smooth_nonlinear_rand,softplus,4,1,3,0,False,0.015152432955801487,0.06465677678278643,0.07083400732657241,2.2938785459581883,2.351060879887646,0.615,0.13066638494232208,0.13509315156694046,0.15687726490305637,0.008241466197654524,0.13881079618516345,0.248171160062638,0.2258610354076502,0.07076642153704603,0.13118174958249773,-0.6301316796331478,False
smooth_nonlinear_rand,softplus,4,1,3,0,False,0.013745972886681557,0.06465677678278643,0.04821981654858588,0.15676981186051295,0.15286574857250385,0.605,0.11854734114231702,0.11302744515883209,0.13364505001412091,0.007425529528867131,0.09589634718644542,0.07543924768357914,0.23220095674819152,0.0480359263414777,0.13703374757480807,-0.6724385677713774,False
smooth_nonlinear_rand,softplus,4,1,3,0,False,0.012315521016716957,0.06465677678278643,0.052760930332297666,0.39361748561327675,0.3617728945139724,0.655,0.05964367380621921,0.059027838590920874,0.21426708211715415,0.00819280368214512,0.10487391099684301,0.08826008210539685,0.23590230056944891,0.05278554140800201,0.14330165149322577,-0.7201612610236511,False
smooth_nonlinear_rand,softplus,4,1,3,0,False,0.01269358117133379,0.06465677678278643,0.04583521724136501,0.5811586062817882,0.5608528678296597,0.4,0.21365896276747867,0.19872665992156,0.13500085361843855,0.007696030497254888,0.09109152945839394,0.062983566321284,0.18831477787772552,0.045605618315951245,0.14161117449452568,-0.7070298861861903,False
smooth_nonlinear_rand,softplus,4,1,3,0,False,0.011467183008790016,0.06465677678278643,0.04828358450632907,0.40640387617900264,0.3915857790414387,0.42,0.3631667665291811,0.1693844991518164,0.1693697834742753,0.0074979358070388,0.09593949714280253,0.06509720701860935,0.19206745391968955,0.047930154069096904,0.1471920350221872,-0.7511573070977503,False
smooth_nonlinear_rand,softplus,4,1,3,0,False,0.011425492353737354,0.06465677678278643,0.05609711480131635,0.11485071301142362,0.13569824807789185,0.745,0.11287378359640249,0.08637828135425166,0.14201460198519317,0.008444632515977896,0.11118795495700598,0.13042885452588326,0.20769374567403773,0.056083562135564924,0.14738687390302135,-0.7527391267117555,False
smooth_nonlinear_rand,softplus,4,1,3,0,False,0.012564105913043022,0.06465677678278643,0.051821767784762586,0.4677166566153936,0.4360233968646057,0.665,0.049847619649660294,0.03506501621925347,0.16977581011044526,0.00820044262508664,0.1026419683097964,0.0852646114674708,0.22916546383960265,0.05178576700949234,0.14218724604178742,-0.711482461956303,False
smooth_nonlinear_rand,softplus,4,1,3,0,False,0.09237757325172424,0.06465677678278643,0.2219636570178557,203.25897817334928,203.41486966153022,0.385,0.34828265199573666,0.1725580346175499,0.14267629680303123,0.008813052785815612,0.31425454432737,0.614042778657732,0.22807664843829276,0.22133630477900637,0.049659822896146844,0.15495249847528242,False
smooth_nonlinear_rand,softplus,4,1,3,0,False,0.012532833963632584,0.06465677678278643,0.05034288130212462,0.05943283272999471,0.05469886739890969,0.65,0.07731543364730642,0.06832894033563489,0.0664221491639526,0.008106915676555745,0.100303202632843,0.09051557739113686,0.20577129034886235,0.05032414255223317,0.14232682811871736,-0.7125647645926355,False
smooth_nonlinear_rand,softplus,4,1,3,0,False,0.014194481074810028,0.06465677678278643,0.0740422361360798,2.108894525634031,2.2012029668472,0.63,0.2990416040433242,0.2741161990141255,0.12114817164504708,0.008462885399422264,0.1462125013985372,0.3292205141685499,0.2483836529062539,0.07404966742638396,0.13513637491202365,-0.658494530606872,False
smooth_nonlinear_rand,softplus,4,1,3,0,False,0.019583843648433685,0.06465677678278643,0.040664432172583566,1.017250666944057,0.9589554952688569,0.225,0.2087193088323191,0.2248365666107064,0.20244124134598135,0.008578337993198265,0.07922801143020339,0.1289297586463697,0.01279198435145994,0.03989711056135497,0.11433468179534542,-0.5187161175170638,False
smooth_nonlinear_rand,softplus,4,1,3,0,False,0.06155407428741455,0.06465677678278643,0.0032570079428345684,2.2983908076499535,2.4510009334360916,0.75,0.344617186621785,0.15198322915047088,0.2420768541149031,0.0007044761210643416,0.005234752605983343,0.01208108230765247,0.14472270543445648,0.0031088867736442692,0.006176032959730571,-0.02135724638432332,False
smooth_nonlinear_rand,softplus,4,1,3,0,False,0.011031966656446457,0.06465677678278643,0.05031249910045304,0.5190692526905412,0.49430668569689096,0.45,0.37160634726685704,0.1717040486503267,0.050553771430629,0.008587677943794964,0.09907023265602577,0.08637395395181077,0.18413502841575458,0.05028942550487876,0.14924379932856646,-0.7679611101817931,False
smooth_nonlinear_rand,softplus,4,1,3,0,False,0.010297209955751896,0.06465677678278643,0.05133671636156916,0.02335486502517673,0.02921619834872537,0.76,0.12099310571272603,0.11252636957859607,0.06598764939266169,0.00866920116968216,0.10361395695583311,0.10364981426700978,0.13620922259314774,0.05087412414174215,0.15280179948548106,-0.7978944828060669,False
smooth_nonlinear_rand,softplus,4,1,3,0,False,0.007601622957736254,0.06465677678278643,0.056837071529304166,0.14494715273512748,0.17050702996876027,0.635,0.212804637066622,0.19380801173966283,0.1994347853255582,0.010103846969933472,0.1165829347461101,0.09480325598847837,0.07169351106531693,0.0566049094503079,0.16708968196908017,-0.9297077260246207,False
smooth_nonlinear_rand,softplus,4,1,3,0,False,0.012679423205554485,0.06465677678278643,0.05003604115959645,0.034537031046193496,0.048139709779558615,0.805,0.10901227473522318,0.10265428920731234,0.17286976511496902,0.008419235255230785,0.10129045628912811,0.1244350815197029,0.251865175800812,0.05010829964108768,0.14167402372002202,-0.7075145530360236,False
smooth_nonlinear_rand,softplus,4,1,3,0,False,0.008521698415279388,0.06465677678278643,0.05705155510878386,0.5762679681488755,0.6131199029528895,0.545,0.23805567003818762,0.23051549820985895,0.19902710571054907,0.009850138376568628,0.11737015509405371,0.0920173193077293,0.11944628341096578,0.05725556258513031,0.161963922895971,-0.8800878903565162,False
smooth_nonlinear_rand,softplus,4,1,3,0,False,0.012544720433652401,0.06465677678278643,0.05229972038339291,0.07791718164822212,0.06852430200110181,0.675,0.09084694722329723,0.09144164604127211,0.16998693986802021,0.008078709322897764,0.10402974567450811,0.08955470004261866,0.23830796738714918,0.052401142404664744,0.14227375246852428,-0.712153063463911,False
smooth_nonlinear_rand,softplus,4,1,3,0,False,0.012496373616158962,0.06465677678278643,0.04628752074894167,0.21627692287861922,0.20269635231390276,0.495,0.3577767644999047,0.1671627165250016,0.1696697047051044,0.00726849253941684,0.0921412134315241,0.06006050458090577,0.18447652435359777,0.045870350038074784,0.14248978862698325,-0.7138300494695894,False
smooth_nonlinear_rand,softplus,4,1,3,0,False,0.012855391949415207,0.06465677678278643,0.050502392372480456,0.04544443797098286,0.05059067683061115,0.91,0.12623742519505854,0.12936950695966581,0.11253207378030053,0.007975435574900889,0.10039761176877557,0.08740929476572827,0.22247082865187096,0.050484617309395435,0.14089534778147605,-0.7015287282872835,False
smooth_nonlinear_rand,softplus,4,1,3,0,False,0.011929681524634361,0.06465677678278643,0.060184163594119953,2.85182171803986,2.9643162747258067,0.6,0.11622590555175913,0.11425373819711081,0.21486400405117334,0.008391677351453852,0.1207427386787316,0.27071100292175565,0.2496418807330888,0.06011789315249017,0.14505388717935555,-0.7339852008405544,False
smooth_nonlinear_rand,softplus,4,1,3,0,False,0.00819662306457758,0.06465677678278643,0.05265945157955981,0.08490747122979403,0.09854342231291227,0.645,0.20506948496056143,0.1870867996244383,0.14906555380929326,0.009780584305648734,0.10895260398327755,0.09832114356245977,0.06137789739503706,0.05264503196101609,0.1637417651893442,-0.8969790869311551,False
smooth_nonlinear_rand,softplus,4,1,3,0,False,0.011157874949276447,0.06465677678278643,0.049600343763508636,0.2585310506015864,0.2449082253141783,0.52,0.37203081814569383,0.17273481008987634,0.07465233563542714,0.0086741247532124,0.09771772854447115,0.08549872597899881,0.18223609348416778,0.04957103728145364,0.1486461258504555,-0.7630325609274003,False
smooth_nonlinear_rand,softplus,4,1,3,0,False,0.011427558958530426,0.06465677678278643,0.04782327329932623,0.22011606890136953,0.20804850348276827,0.51,0.37081423533918356,0.17343601825172988,0.1732256749591159,0.00854183587575495,0.09433082398260276,0.07940823854037554,0.17105784821569078,0.04772787776924653,0.1473772073789323,-0.7526605800837285,False
smooth_nonlinear_rand,softplus,4,1,3,0,False,0.06155867129564285,0.06465677678278643,0.0032611675250888857,2.087809827529162,2.2360894669881666,0.75,0.3447041201374855,0.15235548444758135,0.15051789944789,0.0007005717349435508,0.005221164064006663,0.0118728050720483,0.14609912601478567,0.0031165331604471867,0.006166768741540735,-0.02132481342544017,False
smooth_nonlinear_rand,softplus,4,1,3,0,False,0.012303348630666733,0.06465677678278643,0.051124161328535346,0.03216932022651414,0.03792535067091943,0.875,0.1256996484084284,0.12660418092556805,0.13396100843369826,0.008129388508538579,0.10209519271315881,0.0886419021828897,0.23163462472819918,0.051183398892713824,0.14335650781433748,-0.7205907202636328,False
smooth_nonlinear_rand,softplus,4,1,3,0,False,0.012499161064624786,0.06465677678278643,0.05096631763272403,0.030976778957201207,0.03510754938171397,0.81,0.1133422027569717,0.10744451885003845,0.10469294487968975,0.00808463904247906,0.10150870050796809,0.09026504047209931,0.216233503082746,0.050982397250117606,0.14247732166502813,-0.7137331862892033,False
smooth_nonlinear_rand,softplus,4,1,3,0,False,0.01361815258860588,0.06465677678278643,0.06609087833376871,0.7175654375549436,0.784094461040825,0.635,0.11862505404033039,0.12162315411680541,0.1629538151617252,0.00829631953868257,0.1309125384927628,0.1661991840424476,0.2295291927871672,0.06608961763653685,0.13758012811862957,-0.6764958546686102,False
smooth_nonlinear_rand,softplus,4,1,3,0,False,0.011125504970550537,0.06465677678278643,0.05105080397015373,0.03552252918915713,0.04644235714772436,0.88,0.09881184415240088,0.09572350352177143,0.10043850607285372,0.00848321407793583,0.10324067217031889,0.12745702029590877,0.2264654002541889,0.05111865943613262,0.14879945933254252,-0.7642943186211639,False
smooth_nonlinear_rand,softplus,4,1,3,0,False,0.012709958478808403,0.06465677678278643,0.050545689828332706,0.09442080454940938,0.08659970981872087,0.665,0.058000377356753036,0.05583208072737208,0.17226728953630013,0.008299895439679163,0.1009728573186525,0.09872716179981926,0.20118100395564176,0.050778440230081864,0.14153851700124265,-0.7064699189258803,False
smooth_nonlinear_rand,softplus,4,1,3,0,False,0.012625792995095253,0.06465677678278643,0.04743529228405263,1.0999678747254777,1.048032342764359,0.245,0.20929254697290312,0.19621756873785495,0.14876177760310247,0.007973256078041228,0.09382467562979001,0.0753605666929143,0.19807344037170754,0.04727868746281464,0.14191241464633936,-0.7093553861000633,False
smooth_nonlinear_rand,softplus,4,1,3,0,False,0.011222301982343197,0.06465677678278643,0.0497052919870022,0.2804093951995987,0.2655882131863547,0.49,0.37137152550647246,0.17193681707871636,0.02798225777590543,0.008593261070603882,0.09778970318508316,0.08473689154278269,0.17991239322403493,0.049626301667528766,0.14834160163967394,-0.7605320997089561,False
smooth_nonlinear_rand,softplus,4,1,3,0,False,0.012845272198319435,0.06465677678278643,0.05045693174804833,0.04042198966711684,0.03729914309301796,0.715,0.09056769483056354,0.07655283633347795,0.5710594846687927,0.008103108896815854,0.10037958643034223,0.08716600018229703,0.21595609823671882,0.05044566163859206,0.1409399835141786,-0.7018707390821018,False
smooth_nonlinear_rand,softplus,4,1,3,0,False,0.010834013111889362,0.06465677678278643,0.05004900359786332,0.5767958016517339,0.5508700421518966,0.365,0.36994206988171174,0.1725902646942412,0.16984311700034482,0.008544192772215586,0.09887907158386905,0.08305517426288207,0.18906367055798762,0.05006727245361655,0.15019040317137305,-0.775824693861367,False
smooth_nonlinear_rand,softplus,4,1,3,0,False,0.012061707675457,0.06465677678278643,0.05246890263723258,0.2749673148944983,0.3109433769420745,0.64,0.07401509149509426,0.05772919202762981,0.17958843219744244,0.008347894266443157,0.10639103852492302,0.12958236636347886,0.2393227357048949,0.0524891667180233,0.14445116258979895,-0.7292052519091826,False
smooth_nonlinear_rand,softplus,4,1,3,0,False,0.012823565863072872,0.06465677678278643,0.05157586296345767,0.03166777872585749,0.03370602301489263,0.77,0.11212714496334807,0.10615553790519001,0.09160118431572407,0.008087965110311271,0.10243638184760287,0.0898687375129787,0.2169214843481287,0.05161502802799869,0.14103578416118565,-0.7026052439977054,False
smooth_nonlinear_rand,softplus,4,1,3,0,False,0.010990873910486698,0.06465677678278643,0.04936493881298392,0.1850352433736752,0.17275207803572062,0.545,0.22513982362112622,0.2123218072450413,0.1727761866449788,0.00833922899224551,0.09789150673260291,0.08496347143022051,0.19056590903669007,0.04942099436659803,0.14943959977924465,-0.7695818251366959,False
smooth_nonlinear_rand,softplus,4,1,3,0,False,0.061533618718385696,0.06465677678278643,0.0032438405680867426,2.298260537491535,2.450509162582961,0.75,0.3442356661391267,0.1517828834249471,0.1504241135107115,0.0007007740322209443,0.005210610529908294,0.011944306454178162,0.14527664262187467,0.003100322461016469,0.006217260673557629,-0.021501594541612917,False
smooth_nonlinear_rand,softplus,"8,4",2,3,0,True,0.0020238258875906467,0.009743964901904007,0.01122002914402287,,,,0.25154180087254074,0.20772279302566618,0.26896527430192485,0.011529865570660536,0.018247590125697884,0.6384483645956434,0.1624826256379334,0.010895999026640317,0.05372457123802359,-0.6825625640999872,False
smooth_nonlinear_rand,softplus,"8,4",2,3,0,True,0.00432721059769392,0.009743964901904007,0.005536393539494695,,,,0.37680960626046145,0.42665522070494055,0.5523085371865758,0.011083405156011184,0.01047794753000023,0.48038722668145295,0.09867398079581045,0.005284121757851622,0.032929986747200185,-0.3525276788898462,False
smooth_nonlinear_rand,softplus,"8,4",2,3,0,True,0.0021605852525681257,0.009743964901904007,0.008733835230997465,,,,0.09122867241495265,0.07528945298908088,0.6283338147645328,0.011421447538521557,0.016548207947141604,0.43701383573926644,0.11582711675988262,0.008623113017169311,0.052229427609848916,-0.6541643035317357,False
smooth_nonlinear_rand,softplus,"8,4",2,3,0,True,0.0022773901000618935,0.009743964901904007,0.0073558148952658576,,,,0.24429127416308988,0.18950570394003902,0.24407072771418975,0.011416104628209068,0.013356405564241693,0.556491983654526,0.11148959348231872,0.006859735572976712,0.05098951510287296,-0.6312982825316199,False
smooth_nonlinear_rand,softplus,"8,4",2,3,0,True,0.002901690313592553,0.009743964901904007,0.013526489398876242,,,,0.07447004109914719,0.042932159237133685,0.49731074795861685,0.0112782701603998,0.023021882408039637,0.6119571574870757,0.1852298513235339,0.013132348679508323,0.044844183700217775,-0.5260846509767662,False
smooth_nonlinear_rand,softplus,"8,4",2,3,0,True,0.00293145515024662,0.009743964901904007,0.008393762002144162,,,,0.19902947119347297,0.18702462221319793,0.15184367061914983,0.011352774178357573,0.014971501259009302,0.4072349756336552,0.1214457116639514,0.008208039402255986,0.04456860952527083,-0.5216524568581493,False
smooth_nonlinear_rand,softplus,"8,4",2,3,0,True,0.010277298279106617,0.009743964901904007,0.019239097453485603,,,,0.22534617986434577,0.12214853823864312,0.13415753084553847,0.010790288894242854,0.03456644691542435,0.5717406574459586,0.18554072485038856,0.017674027628279448,0.0026654869514718266,0.023143250336981093,False
smooth_nonlinear_rand,softplus,"8,4",2,3,0,True,0.0029045192059129477,0.009743964901904007,0.010597195839889946,,,,0.34777998713036407,0.3026001758486458,0.5957541819185062,0.011295520186944654,0.018225475639590143,0.6432051816088917,0.1594976411802118,0.010199421079634625,0.04481793214242241,-0.5256614583869251,False
smooth_nonlinear_rand,softplus,"8,4",2,3,0,True,0.013442408293485641,0.009743964901904007,0.003024836996187069,,,,0.369345515843851,0.32327886712095016,0.12380451838739889,0.009319873297253565,0.006605212333309135,0.5539054016749438,0.021916780013847975,0.003169665083337444,0.017229876603669106,0.1397413713766195,False
smooth_nonlinear_rand,softplus,"8,4",2,3,0,True,0.003750997129827738,0.009743964901904007,0.011070474036613407,,,,0.4806087083426299,0.5246095152201432,0.11610515742698646,0.011410918186176787,0.01994256602971348,0.5086387628504024,0.1385056114355358,0.010904449471418198,0.037466139093645226,-0.4145889791087701,False
smooth_nonlinear_rand,softplus,"8,4",2,3,0,True,0.006571903824806213,0.009743964901904007,0.007901260706102609,,,,0.10658294704700844,0.08159360970035137,0.09319198567479144,0.010397728997795494,0.013101210689144806,0.5755530310512241,0.12450563621080235,0.006145168966097453,0.01764424403415331,-0.17104451173298352,False
smooth_nonlinear_rand,softplus,"8,4",2,3,0,True,0.006285160779953003,0.009743964901904007,0.013514936040570176,,,,0.20424390115144897,0.17911974876946463,0.38506270470313025,0.011185722233950857,0.023239502957489465,0.553751039833065,0.1742000322931692,0.012931132093750417,0.019432517731210117,-0.19041931914824292,False
smooth_nonlinear_rand,softplus,"8,4",2,3,0,True,0.004043244291096926,0.009743964901904007,0.007883067178669299,,,,0.16621355084093087,0.12420602198597308,0.06252943205836428,0.010705679854493309,0.013415858351781954,0.6578405809212964,0.13795202630242306,0.0067967035657728,0.035125013361175766,-0.3820057289340712,False
smooth_nonlinear_rand,softplus,"8,4",2,3,0,True,0.0019391438690945506,0.009743964901904007,0.008905926576051432,,,,0.24830032834884558,0.22753305662226964,0.13737795695014193,0.011336371342280022,0.01688942124726281,0.37475121088591345,0.11652714898649309,0.008764217149728476,0.05467581235987649,-0.701125679468043,False
smooth_nonlinear_rand,softplus,"8,4",2,3,0,True,0.0025202033575624228,0.009743964901904007,0.008071692915345225,,,,0.10861022181657223,0.048925403287430724,0.10871607009228662,0.01096132705341484,0.013850368315481868,0.4319665061310123,0.14776016785523188,0.007398235896851629,0.048509896612048964,-0.5873001251252047,False
smooth_nonlinear_rand,softplus,"8,4",2,3,0,True,0.003723942907527089,0.009743964901904007,0.006777652694373775,,,,0.4946052203059791,0.4960718425207593,0.5721124425090597,0.01073310958825122,0.012412046911095343,0.46899961555032144,0.11032437304163757,0.006754476878327099,0.03768740622781621,-0.41773269683847153,False
smooth_nonlinear_rand,softplus,"8,4",2,3,0,True,0.005619990173727274,0.009743964901904007,0.013192432634122751,,,,0.2091371548372396,0.20406920497138864,0.3464291960340489,0.011119165806568599,0.021530155848971215,0.574149139378739,0.18457529304857623,0.012119429223858447,0.02374492993471916,-0.2390001547205206,False
smooth_nonlinear_rand,softplus,"8,4",2,3,0,True,0.0020636385306715965,0.009743964901904007,0.010203495872852509,,,,0.46877491495944434,0.305057748156526,0.2056773219041999,0.011390519156263287,0.017575607670701706,0.46019210121784293,0.12811411069696949,0.009750603508990392,0.05328423526079823,-0.6741020828584458,False
smooth_nonlinear_rand,softplus,"8,4",2,3,0,True,0.007570458576083183,0.009743964901904007,0.007964064241115431,,,,0.42476136605581316,0.46454849786852404,0.2834019978330863,0.009846377868024362,0.014842470858034272,0.6191161812157489,0.10373644121674522,0.006811017008264589,0.011703141435671013,-0.1096135235178727,False
smooth_nonlinear_rand,softplus,"8,4",2,3,0,True,0.008427176624536514,0.009743964901904007,0.01836824014020583,,,,0.129429172575309,0.06071483200901492,0.17608671781576868,0.010836752200265979,0.03361076562954794,0.5952486582821718,0.16858090414688975,0.01748330440219809,0.00691186883594859,-0.06305361458724143,False
smooth_nonlinear_rand,softplus,"8,4",2,3,0,True,0.006311957724392414,0.009743964901904007,0.010798218610740009,,,,0.12476569145752221,0.06182348645655791,0.13113276972996338,0.010501924323553458,0.019495050533370317,0.6206123805657271,0.11672826530066412,0.009877316645103213,0.01926369344734495,-0.18857162951160866,False
smooth_nonlinear_rand,softplus,"8,4",2,3,0,True,0.006284534931182861,0.009743964901904007,0.013428871246900035,,,,0.1563332919377324,0.09699056135299847,0.08683861853728658,0.010881250441132043,0.022650261129388147,0.4890432623821227,0.18602353205624877,0.011894246244059712,0.019436464957486854,-0.19046256644298248,False
smooth_nonlinear_rand,softplus,"8,4",2,3,0,True,0.0032788305543363094,0.009743964901904007,0.006372225246890878,,,,0.2661937870065768,0.23264744963476192,0.43143648106693994,0.011292138066365006,0.012386315154550699,0.4736730756400901,0.07412909960429125,0.0062696584778571185,0.04145045001364081,-0.4730167374680684,False
smooth_nonlinear_rand,softplus,"8,4",2,3,0,True,0.010879307053983212,0.009743964901904007,0.016846722734603498,,,,0.1886887348567874,0.20446929207499653,0.4548808346210412,0.010737780446396436,0.03007672438868567,0.5149516858502283,0.16754043567460603,0.01527927315542618,0.005592393118977329,0.04786552336497616,False
smooth_nonlinear_rand,softplus,"8,4",2,3,0,True,0.009322802536189556,0.009743964901904007,0.017902598638093906,,,,0.13449043869622643,0.19263397560749868,0.33387639212982745,0.011134903203538216,0.03132579673821509,0.5044144537603058,0.18216437411783945,0.016182993870336112,0.00215686278060874,-0.019189225306083982,False
smooth_nonlinear_rand,softplus,"8,4",2,3,0,True,0.0023398464545607567,0.009743964901904007,0.008479544808646107,,,,0.26034991144704456,0.250550276615839,0.130744790025694,0.011263413522262029,0.014389730721673863,0.4720846590487473,0.1463960455523247,0.008118293727387128,0.05033956426993165,-0.6195483518818219,False
smooth_nonlinear_rand,softplus,"8,4",2,3,0,True,0.010299261659383774,0.009743964901904007,0.007947835597636609,,,,0.5392534456532917,0.4531471250537458,0.4718881481460954,0.009785563705826965,0.01600608837749794,0.6336952826073867,0.09578644074603618,0.00553257883488956,0.0027737543895631073,0.024070380868944075,False
smooth_nonlinear_rand,softplus,"8,4",2,3,0,True,0.004606022499501705,0.009743964901904007,0.010349778831182993,,,,0.20061167662180107,0.21270169572312897,0.3131234561474321,0.010077826648755029,0.01837445414724895,0.544038492760104,0.1576369517155534,0.009185982341474332,0.03084383988895266,-0.32540965587262677,False
smooth_nonlinear_rand,softplus,"8,4",2,3,0,True,0.0015340883983299136,0.009743964901904007,0.013271858756397364,,,,0.4422920325109355,0.4756137960249734,0.292483653856101,0.011622587996877301,0.023679974294833702,0.6333483840097232,0.1437999496633753,0.013216114909198612,0.05954408311462623,-0.8028853253892796,False
smooth_nonlinear_rand,softplus,"8,4",2,3,0,True,0.0038685486651957035,0.009743964901904007,0.015025271964498687,,,,0.6241080317455179,0.5376886112913253,0.5334511605876984,0.011542896019327207,0.02533531232078153,0.5432166738551351,0.182801037130064,0.014780062023806138,0.03651386561677529,-0.40118764642413385,False
smooth_nonlinear_rand,softplus,"8,4",2,3,0,True,0.006336596794426441,0.009743964901904007,0.013243486858937155,,,,0.38936796810570207,0.38770840676271967,0.19492348661675807,0.01085637332430065,0.022000513560582188,0.5738461044128391,0.20231902155214962,0.012167301841288693,0.019108780016736993,-0.18687963764423923,False
smooth_nonlinear_rand,softplus,"8,4",2,3,0,True,0.011077841743826866,0.009743964901904007,0.024667248059534682,,,,0.4389496475760733,0.35843083584722907,0.17813666819668283,0.01154854780457338,0.04387600154539894,0.4390239663779838,0.2003771581344984,0.024332256093355046,0.006539802912602755,0.05571944564949263,False
smooth_nonlinear_rand,softplus,"8,4",2,3,0,True,0.004678919445723295,0.009743964901904007,0.013125137229816442,,,,0.5104367366995068,0.3795637064647065,0.43841276737562096,0.010929485003596794,0.023481204991878418,0.5778881550152924,0.1625312949716014,0.01255813374400401,0.03030889617628471,-0.31859014269084085,False
smooth_nonlinear_rand,softplus,"8,4",2,3,0,True,0.007129913195967674,0.009743964901904007,0.011705514875794751,,,,0.2143607300084975,0.20300219313703752,0.13538233253240614,0.010514074563912902,0.020718100604025444,0.5286363833536079,0.14596041288223727,0.010530456923099413,0.0142727103266541,-0.13565146843717885,False
smooth_nonlinear_rand,softplus,"8,4",2,3,0,True,0.006625988520681858,0.009743964901904007,0.012985977023264,,,,0.4037201799520058,0.4466753232866858,0.28670871427618494,0.011351990859906184,0.022595872342683263,0.5733716014728452,0.16118764508900818,0.012295375149961492,0.017311348464761636,-0.1674850318030199,False
smooth_nonlinear_rand,softplus,"8,4",2,3,0,True,0.015114691108465195,0.009743964901904007,0.007498046167696921,,,,0.5864039257074962,0.5349175936902291,0.10976805814339312,0.00957806847553478,0.015272958267936041,0.6286491932355146,0.032208777423056,0.00735285305619144,0.024230296361412468,0.19066356519304936,False
smooth_nonlinear_rand,softplus,"8,4",2,3,0,True,0.005945929791778326,0.009743964901904007,0.008924292372250689,,,,0.1583158069709355,0.13772046826372084,0.31742154130430617,0.01061105197578708,0.01549140018622375,0.5727931964229713,0.12456557139325129,0.00812405349663331,0.02160166830510897,-0.21451593410181977,False
smooth_nonlinear_rand,softplus,"8,4",2,3,0,True,0.005212581716477871,0.009743964901904007,0.008505419509089552,,,,0.5486379750174255,0.5663573469830877,0.10099486274220607,0.010812594030234428,0.015221167709606138,0.5642214039929538,0.13771125311525056,0.007688875793238894,0.026513312342243953,-0.27168283457533693,False
smooth_nonlinear_rand,softplus,"8,4",2,3,0,True,0.007411764934659004,0.009743964901904007,0.003652265188623827,,,,0.504390070329997,0.37733647544688614,0.3060866968340542,0.009547978264718121,0.007036926838199841,0.47618351455407293,0.07789348291755543,0.0022287037155731214,0.0126199158468224,-0.11881407380346623,False
smooth_nonlinear_rand,softplus,"8,4",2,3,0,True,0.008238167501986027,0.009743964901904007,0.016248608123491,,,,0.16488222931971488,0.12659204399128487,0.17766169591804476,0.010947502922532742,0.028009532789017327,0.610715566463964,0.1798229339990135,0.015042406520518121,0.007947172159809793,-0.07290509297450769,False
smooth_nonlinear_rand,softplus,"8,4",2,3,0,True,0.017074234783649445,0.009743964901904007,0.028830849408680234,,,,0.5954747092824488,0.5833776639101453,0.18417023481580846,0.011410759514526365,0.04876087258717182,0.5286674421586541,0.1902826111903586,0.02878102409543676,0.031956891748886135,0.2436055380565098,False
smooth_nonlinear_rand,softplus,"8,4",2,3,0,True,0.0015293705509975553,0.009743964901904007,0.00734705991260854,,,,0.1642210244418536,0.2056394567457487,0.2533481257183262,0.011382216354738841,0.013045775369669053,0.5377387569210428,0.11414416229995791,0.007027573076016476,0.05960435613865947,-0.8042229876309699,False
smooth_nonlinear_rand,softplus,"8,4",2,3,0,True,0.005825858563184738,0.009743964901904007,0.012530732055453839,,,,0.2528028396973311,0.1398902410443559,0.14960726651521325,0.010539346056025594,0.02312497082780466,0.6082623764110583,0.13241534104404948,0.011491490063151245,0.022384211613474148,-0.22337577407790263,False
smooth_nonlinear_rand,softplus,"8,4",2,3,0,True,0.00742192380130291,0.009743964901904007,0.017600739783887084,,,,0.43015213299509025,0.42859814873439905,0.29301986832123816,0.011019310045801707,0.030387593949807185,0.5764569295988107,0.20293733279165901,0.016563146518034064,0.01256093571944844,-0.1182192196853658,False
smooth_nonlinear_rand,softplus,"8,4",2,3,0,True,0.001361375441774726,0.009743964901904007,0.008494048918376212,,,,0.08675413428557563,0.047258995184773625,0.11340538501042874,0.011567941332797023,0.015980913176537236,0.5909608507088493,0.09678045652437535,0.008447538534101413,0.061814702085661394,-0.854757798966114,False
smooth_nonlinear_rand,softplus,"8,4",2,3,0,True,0.012641441076993942,0.009743964901904007,0.02151765969112015,,,,0.21093564357634437,0.15440605784295247,0.25031474596220815,0.011185056519375895,0.036619917550648126,0.609335180076873,0.23167933876159225,0.021077903184499577,0.013722639647065105,0.11306087376678983,False
smooth_nonlinear_rand,softplus,"8,4",2,3,0,True,0.011599141173064709,0.009743964901904007,0.012486283869063655,,,,0.7210732802621064,0.6691657367882705,0.21744931138534215,0.011478874465211857,0.021992604145277768,0.5639630305365291,0.04535387917265896,0.01226200361637057,0.00898778541189986,0.07569012331282189,False
smooth_nonlinear_rand,softplus,"8,4",2,3,0,True,0.0026615664828568697,0.009743964901904007,0.012088190709516937,,,,0.18847351970747744,0.24248862838944263,0.22789600036392368,0.011667430193499057,0.02159298843295976,0.5155509175291249,0.15206814465824448,0.011827478579313728,0.047121151655377315,-0.5635983921291386,False
smooth_nonlinear_rand,softplus,"8,4",2,3,0,True,0.004987919703125954,0.009743964901904007,0.008940846842277476,,,,0.1658663173095955,0.17081693830429118,0.08414470945649599,0.010755810005250789,0.016064914573033395,0.622522413747973,0.1525248391151684,0.007287915516379147,0.02808631779049804,-0.2908162574746841,False
smooth_nonlinear_rand,softplus,"8,4",2,3,0,True,0.0033745267428457737,0.009743964901904007,0.009216322040246316,,,,0.24643924873246503,0.19787577961710728,0.4876083247164785,0.011157157436651771,0.016621785803378503,0.49660113380370596,0.14404240872702737,0.008900169923569248,0.04062084675178358,-0.46052283670903726,False
smooth_nonlinear_rand,softplus,"8,4",2,3,0,False,0.0020238258875906467,0.01101349573202235,0.013316545416981249,,,,0.25154180087254074,0.20772279302566618,0.26896527430192485,0.011529865570660536,0.02140317646279224,0.23466744206480045,0.18313237371547886,0.013316553270764248,0.0599582510581441,-0.7357520409851466,False
smooth_nonlinear_rand,softplus,"8,4",2,3,0,False,0.00432721059769392,0.01101349573202235,0.007395991737438402,,,,0.37680960626046145,0.42665522070494055,0.5523085371865758,0.011083405156011184,0.014030378879682687,0.07932358557015956,0.11857228296804274,0.0074457467660025345,0.03916366656732069,-0.4057171557750056,False
smooth_nonlinear_rand,softplus,"8,4",2,3,0,False,0.0021605852525681257,0.01101349573202235,0.010424893842404075,,,,0.09122867241495265,0.07528945298908088,0.6283338147645328,0.011421447538521557,0.019470173365043343,0.12329446439273148,0.13711742074337732,0.010438944505284037,0.05846310742996942,-0.7073537804168951,False
smooth_nonlinear_rand,softplus,"8,4",2,3,0,False,0.0022773901000618935,0.01101349573202235,0.009234458385660557,,,,0.24429127416308988,0.18950570394003902,0.24407072771418975,0.011416104628209068,0.01655505241626989,0.1485185229311281,0.13113995918900836,0.009345140342791993,0.057223194922993464,-0.6844877594167793,False
smooth_nonlinear_rand,softplus,"8,4",2,3,0,False,0.002901690313592553,0.01101349573202235,0.015770107827083577,,,,0.07447004109914719,0.042932159237133685,0.49731074795861685,0.0112782701603998,0.02651123899736032,0.2044147830546799,0.20674487526984622,0.015374438577635605,0.05107786352033828,-0.5792741278619254,False
smooth_nonlinear_rand,softplus,"8,4",2,3,0,False,0.00293145515024662,0.01101349573202235,0.010597225400967867,,,,0.19902947119347297,0.18702462221319793,0.15184367061914983,0.011352774178357573,0.018667182714897673,0.10843927240025225,0.1427034807990829,0.010545936115080073,0.050802289345391334,-0.5748419337433087,False
smooth_nonlinear_rand,softplus,"8,4",2,3,0,False,0.010277298279106617,0.01101349573202235,0.021976982658782344,,,,0.22534617986434577,0.12214853823864312,0.13415753084553847,0.010790288894242854,0.038939367048825294,0.25504013954445626,0.2085364279255257,0.020499905694114015,0.0035681928686486786,-0.030046226548178255,False
smooth_nonlinear_rand,softplus,"8,4",2,3,0,False,0.0029045192059129477,0.01101349573202235,0.012957166845199304,,,,0.34777998713036407,0.3026001758486458,0.5957541819185062,0.011295520186944654,0.021965510019024505,0.28377239091871437,0.18062346014813105,0.012608013562990114,0.05105161196254292,-0.5788509352720845,False
smooth_nonlinear_rand,softplus,"8,4",2,3,0,False,0.013442408293485641,0.01101349573202235,0.003328241002292904,,,,0.369345515843851,0.32327886712095016,0.12380451838739889,0.009319873297253565,0.007328370227408858,0.14585673606261623,0.001903321268862375,0.003364004745410765,0.0109961967835486,0.0865518944914601,False
smooth_nonlinear_rand,softplus,"8,4",2,3,0,False,0.003750997129827738,0.01101349573202235,0.013244418813707547,,,,0.4806087083426299,0.5246095152201432,0.11610515742698646,0.011410918186176787,0.02373603397431409,0.1419387662087302,0.16043975179739817,0.013130640426833831,0.04369981891376573,-0.4677784559939295,False
smooth_nonlinear_rand,softplus,"8,4",2,3,0,False,0.006571903824806213,0.01101349573202235,0.01092165691066771,,,,0.10658294704700844,0.08159360970035137,0.09319198567479144,0.010397728997795494,0.018098623600819905,0.246591859349366,0.1448738538650588,0.010822927157527059,0.023877923854273814,-0.22423398861814295,False
smooth_nonlinear_rand,softplus,"8,4",2,3,0,False,0.006285160779953003,0.01101349573202235,0.01664378508737981,,,,0.20424390115144897,0.17911974876946463,0.38506270470313025,0.011185722233950857,0.02862889624974002,0.2011216456375039,0.19636418503805445,0.016444335074087307,0.025666197551330622,-0.24360879603340233,False
smooth_nonlinear_rand,softplus,"8,4",2,3,0,False,0.004043244291096926,0.01101349573202235,0.010024493952423733,,,,0.16621355084093087,0.12420602198597308,0.06252943205836428,0.010705679854493309,0.0168306365660557,0.35307267977640794,0.1589307243794394,0.009743970675205242,0.04135869318129627,-0.43519520581923055,False
smooth_nonlinear_rand,softplus,"8,4",2,3,0,False,0.0019391438690945506,0.01101349573202235,0.01039306424985975,,,,0.24830032834884558,0.22753305662226964,0.13737795695014193,0.011336371342280022,0.019351377353066575,0.0665321416359049,0.1376265162836796,0.010336049051596033,0.06090949217999699,-0.7543151563532025,False
smooth_nonlinear_rand,softplus,"8,4",2,3,0,False,0.0025202033575624228,0.01101349573202235,0.010266137460646108,,,,0.10861022181657223,0.048925403287430724,0.10871607009228662,0.01096132705341484,0.01757694840858673,0.10681755027711587,0.1687635627452542,0.010047894282841405,0.05474357643216947,-0.6404896020103641,False
smooth_nonlinear_rand,softplus,"8,4",2,3,0,False,0.003723942907527089,0.01101349573202235,0.008420375483920215,,,,0.4946052203059791,0.4960718425207593,0.5721124425090597,0.01073310958825122,0.01538254681309961,0.1901122621551821,0.13053999172644193,0.008378933971913104,0.043921086047936715,-0.470922173723631,False
smooth_nonlinear_rand,softplus,"8,4",2,3,0,False,0.005619990173727274,0.01101349573202235,0.01625873705729828,,,,0.2091371548372396,0.20406920497138864,0.3464291960340489,0.011119165806568599,0.026588580714475632,0.21498617661464137,0.20643012743289937,0.016023590101175975,0.029978609754839666,-0.29218963160568007,False
smooth_nonlinear_rand,softplus,"8,4",2,3,0,False,0.0020636385306715965,0.01101349573202235,0.012083959033365177,,,,0.46877491495944434,0.305057748156526,0.2056773219041999,0.011390519156263287,0.020641843714364134,0.11769126659398506,0.14872787294798176,0.012039333331436674,0.059517915080918735,-0.7272915597436052,False
smooth_nonlinear_rand,softplus,"8,4",2,3,0,False,0.007570458576083183,0.01101349573202235,0.010829159039453449,,,,0.42476136605581316,0.46454849786852404,0.2834019978330863,0.009846377868024362,0.019934049015152153,0.26563527703817347,0.12498384158365079,0.010219516651693787,0.01793682125579152,-0.16280300040303208,False
smooth_nonlinear_rand,softplus,"8,4",2,3,0,False,0.008427176624536514,0.01101349573202235,0.020977493843610875,,,,0.129429172575309,0.06071483200901492,0.17608671781576868,0.010836752200265979,0.03785261130670821,0.25088179516167397,0.1911356327177957,0.01954646702954892,0.013145548656069095,-0.11624309147240079,False
smooth_nonlinear_rand,softplus,"8,4",2,3,0,False,0.006311957724392414,0.01101349573202235,0.013607509325257543,,,,0.12476569145752221,0.06182348645655791,0.13113276972996338,0.010501924323553458,0.024266930884517937,0.2558316616851648,0.13804455497678458,0.013464878604525903,0.025497373267465456,-0.241761106396768,False
smooth_nonlinear_rand,softplus,"8,4",2,3,0,False,0.006284534931182861,0.01101349573202235,0.01613162383259199,,,,0.1563332919377324,0.09699056135299847,0.08683861853728658,0.010881250441132043,0.027144296674172414,0.11711685781696846,0.20821579048489175,0.0157033232043359,0.02567014477760736,-0.24365204332814192,False
smooth_nonlinear_rand,softplus,"8,4",2,3,0,False,0.0032788305543363094,0.01101349573202235,0.007931707904748878,,,,0.2661937870065768,0.23264744963476192,0.43143648106693994,0.011292138066365006,0.01521515058915181,0.1694108080753163,0.09356723759518926,0.007980566739469525,0.047684129833761316,-0.5262062143532278,False
smooth_nonlinear_rand,softplus,"8,4",2,3,0,False,0.010879307053983212,0.01101349573202235,0.019555624933702106,,,,0.1886887348567874,0.20446929207499653,0.4548808346210412,0.010737780446396436,0.03448057320622179,0.1881945494379902,0.19041519018167785,0.018916434358950837,0.0006412867011431761,-0.005323953520183266,False
smooth_nonlinear_rand,softplus,"8,4",2,3,0,False,0.009322802536189556,0.01101349573202235,0.020786828866598488,,,,0.13449043869622643,0.19263397560749868,0.33387639212982745,0.011134903203538216,0.03622432892393956,0.18291364554723294,0.2047077774727356,0.019561977137108694,0.008390542600729245,-0.0723787021912434,False
smooth_nonlinear_rand,softplus,"8,4",2,3,0,False,0.0023398464545607567,0.01101349573202235,0.010595318367869293,,,,0.26034991144704456,0.250550276615839,0.130744790025694,0.011263413522262029,0.017944585716189433,0.14251389577359108,0.16776206721130854,0.010538023875163591,0.056573244090052155,-0.6727378287669812,False
smooth_nonlinear_rand,softplus,"8,4",2,3,0,False,0.010299261659383774,0.01101349573202235,0.008800919117584788,,,,0.5392534456532917,0.4531471250537458,0.4718881481460954,0.009785563705826965,0.017297356043349164,0.30205745057757005,0.11771994814939082,0.006406690279719969,0.003459925430557398,-0.02911909601621532,False
smooth_nonlinear_rand,softplus,"8,4",2,3,0,False,0.004606022499501705,0.01101349573202235,0.012734146717503465,,,,0.20061167662180107,0.21270169572312897,0.3131234561474321,0.010077826648755029,0.022367120638268626,0.1915504137566928,0.17948006414555245,0.011649911535206925,0.037077519709073165,-0.3785991327577862,False
smooth_nonlinear_rand,softplus,"8,4",2,3,0,False,0.0015340883983299136,0.01101349573202235,0.014808815874730968,,,,0.4422920325109355,0.4756137960249734,0.292483653856101,0.011622587996877301,0.02582665829193951,0.30542929470292796,0.16454048528046578,0.01485809781884552,0.06577776293474674,-0.856074802274439,False
smooth_nonlinear_rand,softplus,"8,4",2,3,0,False,0.0038685486651957035,0.01101349573202235,0.01727190465174236,,,,0.6241080317455179,0.5376886112913253,0.5334511605876984,0.011542896019327207,0.02864175482441817,0.18871859379762218,0.2047796574426416,0.01713549721392573,0.042747545436895795,-0.45437712330929325,False
smooth_nonlinear_rand,softplus,"8,4",2,3,0,False,0.006336596794426441,0.01101349573202235,0.0161792840703791,,,,0.38936796810570207,0.38770840676271967,0.19492348661675807,0.01085637332430065,0.026932411770205875,0.23147939775907506,0.22435701352394977,0.01584427973829106,0.025342459836857498,-0.24006911452939866,False
smooth_nonlinear_rand,softplus,"8,4",2,3,0,False,0.011077841743826866,0.01101349573202235,0.02678360790908926,,,,0.4389496475760733,0.35843083584722907,0.17813666819668283,0.01154854780457338,0.04691907931065954,0.19352412690852894,0.22347548460828884,0.026676215872290198,0.00030612309248224945,0.002529968764333203,False
smooth_nonlinear_rand,softplus,"8,4",2,3,0,False,0.004678919445723295,0.01101349573202235,0.015449014380790509,,,,0.5104367366995068,0.3795637064647065,0.43841276737562096,0.010929485003596794,0.02716526475492143,0.23304999137349042,0.18482299268463362,0.01518228085521423,0.036542575996405216,-0.37177961957600025,False
smooth_nonlinear_rand,softplus,"8,4",2,3,0,False,0.007129913195967674,0.01101349573202235,0.014177192808187236,,,,0.2143607300084975,0.20300219313703752,0.13538233253240614,0.010514074563912902,0.02469125258534769,0.19628286358079217,0.16792187076391948,0.013879742514548314,0.020506390146774606,-0.18884094532233825,False
smooth_nonlinear_rand,softplus,"8,4",2,3,0,False,0.006625988520681858,0.01101349573202235,0.016042179298404523,,,,0.4037201799520058,0.4466753232866858,0.28670871427618494,0.011351990859906184,0.0278119639616091,0.1869331831611742,0.18321543496423656,0.015730923838840883,0.02354502828488214,-0.22067450868817928,False
smooth_nonlinear_rand,softplus,"8,4",2,3,0,False,0.015114691108465195,0.01101349573202235,0.009376534967126248,,,,0.5864039257074962,0.5349175936902291,0.10976805814339312,0.00957806847553478,0.018821301703528814,0.2789531656436831,0.05337815981232129,0.008917173154716858,0.017996616541291963,0.13747408830788996,False
smooth_nonlinear_rand,softplus,"8,4",2,3,0,False,0.005945929791778326,0.01101349573202235,0.01090277596445164,,,,0.1583158069709355,0.13772046826372084,0.31742154130430617,0.01061105197578708,0.0188397439393464,0.19713302481062006,0.14672785398298516,0.010908901991845433,0.027835348125229475,-0.26770541098697914,False
smooth_nonlinear_rand,softplus,"8,4",2,3,0,False,0.005212581716477871,0.01101349573202235,0.01096534798607675,,,,0.5486379750174255,0.5663573469830877,0.10099486274220607,0.010812594030234428,0.019544200058019733,0.23789813062724702,0.15903814268273936,0.010392476888320012,0.03274699216236446,-0.32487231146049633,False
smooth_nonlinear_rand,softplus,"8,4",2,3,0,False,0.007411764934659004,0.01101349573202235,0.004707939407528796,,,,0.504390070329997,0.37733647544688614,0.3060866968340542,0.009547978264718121,0.008678696369706394,0.11570945001823546,0.09895811724254061,0.003511897324948291,0.018853595666942904,-0.17200355068862563,False
smooth_nonlinear_rand,softplus,"8,4",2,3,0,False,0.008238167501986027,0.01101349573202235,0.019210003500478606,,,,0.16488222931971488,0.12659204399128487,0.17766169591804476,0.010947502922532742,0.03285288342201563,0.2789470942706838,0.20214396913727098,0.018677054363939925,0.014180851979930298,-0.12609456985966708,False
smooth_nonlinear_rand,softplus,"8,4",2,3,0,False,0.017074234783649445,0.01101349573202235,0.03200773344972346,,,,0.5954747092824488,0.5833776639101453,0.18417023481580846,0.011410759514526365,0.053122860629671975,0.2519274148993092,0.2101053881931964,0.03197682747473276,0.02572321192876563,0.1904160611713504,False
smooth_nonlinear_rand,softplus,"8,4",2,3,0,False,0.0015293705509975553,0.01101349573202235,0.009091522694373485,,,,0.1642210244418536,0.2056394567457487,0.2533481257183262,0.011382216354738841,0.015834759215731183,0.14043489943548282,0.1348393315973804,0.00903954407076698,0.06583803595877998,-0.8574124645161293,False
smooth_nonlinear_rand,softplus,"8,4",2,3,0,False,0.005825858563184738,0.01101349573202235,0.014928604592426398,,,,0.2528028396973311,0.1398902410443559,0.14960726651521325,0.010539346056025594,0.02688366705855358,0.2633726017418011,0.15379770625708794,0.014467109397796265,0.028617891433594653,-0.276565250963062,False
smooth_nonlinear_rand,softplus,"8,4",2,3,0,False,0.00742192380130291,0.01101349573202235,0.019957255367470214,,,,0.43015213299509025,0.42859814873439905,0.29301986832123816,0.011019310045801707,0.03389112641007556,0.26510370069718214,0.22594776340099776,0.019146283488882965,0.018794615539568946,-0.1714086965705252,False
smooth_nonlinear_rand,softplus,"8,4",2,3,0,False,0.001361375441774726,0.01101349573202235,0.009925380152275898,,,,0.08675413428557563,0.047258995184773625,0.11340538501042874,0.011567941332797023,0.018146627143276833,0.2008889014777855,0.11672585549445308,0.009916297825927742,0.0680483819057819,-0.9079472758512734,False
smooth_nonlinear_rand,softplus,"8,4",2,3,0,False,0.012641441076993942,0.01101349573202235,0.024886701436623183,,,,0.21093564357634437,0.15440605784295247,0.25031474596220815,0.011185056519375895,0.04219663256751161,0.528159923988058,0.2552140828643925,0.024639669569576243,0.0074889598269445995,0.0598713968816304,False
smooth_nonlinear_rand,softplus,"8,4",2,3,0,False,0.011599141173064709,0.01101349573202235,0.012783287898303537,,,,0.7210732802621064,0.6691657367882705,0.21744931138534215,0.011478874465211857,0.02280962289700019,0.22633491984695508,0.0631405225740829,0.01286274202235691,0.0027541055917793544,0.022500646427662523,False
smooth_nonlinear_rand,softplus,"8,4",2,3,0,False,0.0026615664828568697,0.01101349573202235,0.013878163752433247,,,,0.18847351970747744,0.24248862838944263,0.22789600036392368,0.011667430193499057,0.0243066510560701,0.1497225678893279,0.17373672491301811,0.013759578796128578,0.05335483147549782,-0.616787869014298,False
smooth_nonlinear_rand,softplus,"8,4",2,3,0,False,0.004987919703125954,0.01101349573202235,0.011349003447253724,,,,0.1658663173095955,0.17081693830429118,0.08414470945649599,0.010755810005250789,0.020224218147339157,0.25826041831863555,0.17413133096366853,0.01062122187205194,0.03431999761061855,-0.3440057343598435,False
smooth_nonlinear_rand,softplus,"8,4",2,3,0,False,0.0033745267428457737,0.01101349573202235,0.011178717575602976,,,,0.24643924873246503,0.19787577961710728,0.4876083247164785,0.011157157436651771,0.020075884856836212,0.16287451885149667,0.1655970236606986,0.011026405689041835,0.04685452657190409,-0.5137123135941967,False
smooth_nonlinear_rand,softplus,"16,8,4",3,3,0,True,0.004690411034971476,0.009724293236886762,0.01052457877899582,,,,0.41278987564839126,0.4047797192951836,0.3803736577500591,0.01171615792023559,0.02122966468813204,0.7486271006840919,0.07711213147044775,0.010421632078538585,0.030125255538076046,-0.3166471436277834,False
smooth_nonlinear_rand,softplus,"16,8,4",3,3,0,True,0.004692626651376486,0.009724293236886762,0.009607094191037092,,,,0.32709020943439215,0.2639091412829936,0.21102043328610873,0.011595748156093218,0.01993483648316286,0.8047798163326167,0.06745915113132198,0.009689355128497796,0.030109081895289436,-0.31644204373822543,False
smooth_nonlinear_rand,softplus,"16,8,4",3,3,0,True,0.003022214863449335,0.009724293236886762,0.012822469739093076,,,,0.4729101811758754,0.4372101277716898,0.16163934583714917,0.011616162687688331,0.026218495842834935,0.7486273291300263,0.018096248400214142,0.012807930828102256,0.043637156374050565,-0.507532709420546,False
smooth_nonlinear_rand,softplus,"16,8,4",3,3,0,True,0.005443532485514879,0.009724293236886762,0.007826378362392507,,,,0.07916447336659468,0.06112157241115876,0.20627605162209253,0.011044857692672778,0.014295082928420513,0.7710228070351948,0.10726574268703622,0.008830649152672412,0.024831532357529246,-0.2519772275408676,False
smooth_nonlinear_rand,softplus,"16,8,4",3,3,0,True,0.004460908006876707,0.009724293236886762,0.008750783145483172,,,,0.4680442687829678,0.4448697557927377,0.5835399491489747,0.011703372127860613,0.01673416673386307,0.764500700543056,0.05720647734113562,0.008653574988704466,0.03182180187277907,-0.3384347792696175,False
smooth_nonlinear_rand,softplus,"16,8,4",3,3,0,True,0.021477416157722473,0.009724293236886762,0.033008625700887875,,,,0.4139844980915288,0.3836947116968077,0.2951057140922933,0.0115778188715524,0.053595307034140366,0.8223930454687279,0.15600951114524106,0.031617958154325436,0.047939921369187524,0.3441239857818736,False
smooth_nonlinear_rand,softplus,"16,8,4",3,3,0,True,0.0018961738096550107,0.009724293236886762,0.0072108481888469,,,,0.17801324687335407,0.09904628729207217,0.23475963917235929,0.011541687476634775,0.015160670507504704,0.7286682993345849,0.07301713129046607,0.006968271967129858,0.05506675321635977,-0.7099799028392877,False
smooth_nonlinear_rand,softplus,"16,8,4",3,3,0,True,0.000736221089027822,0.009724293236886762,0.008829468194354156,,,,0.18723468931874043,0.18201889847654992,0.3847626762752865,0.01170795328798286,0.018159555324112956,0.8421457738211842,0.0902111115088504,0.008868664834020247,0.07147843676885421,-1.1208497929163184,False
smooth_nonlinear_rand,softplus,"16,8,4",3,3,0,True,0.0032747092191129923,0.009724293236886762,0.012361497598244597,,,,0.35324236207777765,0.38164730344849707,0.5050332907058833,0.0115279088663097,0.024383419322435367,0.7268882844447382,0.035215629143724156,0.012080236094318781,0.04138675602974339,-0.47268530410307036,False
smooth_nonlinear_rand,softplus,"16,8,4",3,3,0,True,0.0015858596889302135,0.009724293236886762,0.008593786903225938,,,,0.3025789516091682,0.2870280562118929,0.16076022924052566,0.01148518929279841,0.01762185775152465,0.7605332036466192,0.08398719219963881,0.008470186772769754,0.05878897726808368,-0.7875932866629836,False
smooth_nonlinear_rand,softplus,"16,8,4",3,3,0,True,0.0028709108009934425,0.009724293236886762,0.009084210876212188,,,,0.4156828763062901,0.4334805480028536,0.2216423653556372,0.01176096048352612,0.018661190687976836,0.7904110622456966,0.00433733506286442,0.009210948259525136,0.04503095019249277,-0.5298383473500526,False
smooth_nonlinear_rand,softplus,"16,8,4",3,3,0,True,0.006549786310642958,0.009724293236886762,0.010267629502891541,,,,0.6497226817124327,0.5703711539389611,0.34428245006972524,0.011377677370127685,0.019869450689091787,0.760640785064854,0.14103578227047994,0.012690753441594847,0.01768108102707125,-0.171630915361213,False
smooth_nonlinear_rand,softplus,"16,8,4",3,3,0,True,0.0061971587128937244,0.009724293236886762,0.01189895380936289,,,,0.27969685718423826,0.32700422137059787,0.26833263674199365,0.011690275989981284,0.021713881300294037,0.7340833857233867,0.09559344916558281,0.011905580463646894,0.019889796638821136,-0.19566542772545423,False
smooth_nonlinear_rand,softplus,"16,8,4",3,3,0,True,0.010665119625627995,0.009724293236886762,0.01714345847160123,,,,0.13568095851768977,0.12766157144060256,0.15819789538248544,0.01145254790089104,0.029452000864135228,0.781724684237348,0.13889806695203402,0.01668149078367886,0.00466023492681826,0.04010768453392637,False
smooth_nonlinear_rand,softplus,"16,8,4",3,3,0,True,0.0025683159474283457,0.009724293236886762,0.010562789641788693,,,,0.39127873674411645,0.3299514586581263,0.288876271308132,0.011681039761003348,0.021797380625509125,0.7779928783234762,0.08863634338734314,0.010525533283599753,0.04793327601624823,-0.5782095981150513,False
smooth_nonlinear_rand,softplus,"16,8,4",3,3,0,True,0.001830029534175992,0.009724293236886762,0.010117468258713172,,,,0.3009462518460873,0.22879835776615712,0.38421194561687244,0.011555823282765849,0.019455773405672953,0.7798538515782547,0.09096105712786773,0.010255424622530505,0.05583298665038575,-0.7253999478491991,False
smooth_nonlinear_rand,softplus,"16,8,4",3,3,0,True,0.004100150428712368,0.009724293236886762,0.010757493560063178,,,,0.16698728104792984,0.18521517259273435,0.10254930682235659,0.011474107784960916,0.021388675881898172,0.7738964802391443,0.11035511503270413,0.010592781113929304,0.0345794141057906,-0.37505825589416864,False
smooth_nonlinear_rand,softplus,"16,8,4",3,3,0,True,0.0019172646570950747,0.009724293236886762,0.009102449304140099,,,,0.3475552630662491,0.2521594506261719,0.22496559654519574,0.0117106552893839,0.017741832145046838,0.8177419727633319,0.07607686802355595,0.009135090848611466,0.054825250332342645,-0.7051759800090708,False
smooth_nonlinear_rand,softplus,"16,8,4",3,3,0,True,0.0055121914483606815,0.009724293236886762,0.007776508808936589,,,,0.35842813410344654,0.26310630834496584,0.41006263771841617,0.011313611004557762,0.015679833118065298,0.8333580176235452,0.10787847910477903,0.00826213734020883,0.024367697019553908,-0.24653375356272264,False
smooth_nonlinear_rand,softplus,"16,8,4",3,3,0,True,0.0055944533087313175,0.009724293236886762,0.007802347606792068,,,,0.26094013962474655,0.30878220801424877,0.447474456376177,0.011404943021004955,0.013530518018599403,0.7897838547141276,0.14042794230188177,0.007523139730514355,0.02381575295613239,-0.2401003929748648,False
smooth_nonlinear_rand,softplus,"16,8,4",3,3,0,True,0.0010520038194954395,0.009724293236886762,0.008158190011623994,,,,0.15238631699905583,0.15032450546243373,0.1872650662923875,0.011713373885027797,0.016692559283582632,0.7725812818346107,0.08364501824989448,0.008183501781387855,0.06617722275979529,-0.965840729948235,False
smooth_nonlinear_rand,softplus,"16,8,4",3,3,0,True,0.0030015527736395597,0.009724293236886762,0.010013728802378613,,,,0.1920989659171398,0.18935752386044666,0.3158594787930568,0.011686512378316203,0.018017834165780528,0.7797083922379116,0.11875243988150308,0.010048509692452466,0.04382540238428803,-0.5105120629820651,False
smooth_nonlinear_rand,softplus,"16,8,4",3,3,0,True,0.009330147877335548,0.009724293236886762,0.015734981303292782,,,,0.250879875006684,0.2321267180019276,0.38629771470202123,0.01151965587834367,0.029357401060926096,0.8406450206524775,0.008810708066794392,0.014908465078533939,0.0020191405203011242,-0.017969519443482487,False
smooth_nonlinear_rand,softplus,"16,8,4",3,3,0,True,0.0023378196638077497,0.009724293236886762,0.011316533241899884,,,,0.3879775161075638,0.3047078181246606,0.10830371122116023,0.0116691568484428,0.023311671714291923,0.7792509253957041,0.05509128188277729,0.010783152723139686,0.05026082633432334,-0.6190470393165974,False
smooth_nonlinear_rand,softplus,"16,8,4",3,3,0,True,0.019104205071926117,0.009724293236886762,0.029816052244759975,,,,0.376290628448584,0.3423982787580549,0.09156114910351859,0.01162112098724893,0.058503059868747605,0.8688823570057426,0.1320308785086604,0.0302953506748648,0.03960613106965079,0.2932709248035642,False
smooth_nonlinear_rand,softplus,"16,8,4",3,3,0,True,0.0020492873154580593,0.009724293236886762,0.006256486960920797,,,,0.4194770049087893,0.37618901772256313,0.22422393281479544,0.01136891557182568,0.01231351608919137,0.7743457662734892,0.10500845497923597,0.006026665352950785,0.05334277639785767,-0.6762551946599019,False
smooth_nonlinear_rand,softplus,"16,8,4",3,3,0,True,0.0015163621865212917,0.009724293236886762,0.008757595803818335,,,,0.26284627941141997,0.27743638369383056,0.3534826140216409,0.011710546317792864,0.018646718787437306,0.802514108960094,0.061823011646799916,0.008787225473452063,0.05967133566215318,-0.8070551006548112,False
smooth_nonlinear_rand,softplus,"16,8,4",3,3,0,True,0.04014778509736061,0.009724293236886762,0.04488128226309932,,,,0.7295631620006322,0.5338426464383691,0.34983882747915457,0.011639303360481305,0.08932717615914462,0.8038422952331351,0.004743820988293518,0.0449899639620887,0.1017572909953209,0.6158035442414014,False
smooth_nonlinear_rand,softplus,"16,8,4",3,3,0,True,0.0035843090154230595,0.009724293236886762,0.011836114208147942,,,,0.48773229160031417,0.3951949863457244,0.23558445050856922,0.011707578665083514,0.022639712023176654,0.918490998461094,0.06710201885298299,0.01157565717356571,0.0387427321173066,-0.4334526019529129,False
smooth_nonlinear_rand,softplus,"16,8,4",3,3,0,True,0.011455059051513672,0.009724293236886762,0.020746688548650978,,,,0.23996914750700973,0.16964781367146964,0.2677275769621624,0.01166501983015631,0.04216605292022497,0.6882288323651192,0.004254211666765519,0.020763997249446883,0.008416478459579296,0.07113928578951169,False
smooth_nonlinear_rand,softplus,"16,8,4",3,3,0,True,0.003035529050976038,0.009724293236886762,0.007503635831820312,,,,0.19029203991558077,0.2217535972477048,0.07053378627588779,0.011588683075733536,0.014501611775158326,0.7975167789760194,0.11768780229901825,0.007689662118721068,0.043516195621808536,-0.5056236529908437,False
smooth_nonlinear_rand,softplus,"16,8,4",3,3,0,True,0.005292731337249279,0.009724293236886762,0.01230202156443508,,,,0.11047096588774728,0.08672848357954795,0.3294727261403042,0.011537769452509124,0.025587665646989506,0.762806719214594,0.09108757980355955,0.012133393735840228,0.025860670736028546,-0.2641781970970751,False
smooth_nonlinear_rand,softplus,"16,8,4",3,3,0,True,0.004976891912519932,0.009724293236886762,0.00975993937842438,,,,0.6483543092979845,0.6034147380109949,0.42653329170193155,0.011601736572070712,0.018775954614694064,0.759022249521683,0.10860422379016522,0.010120844215579938,0.028064741084435463,-0.29089983765932614,False
smooth_nonlinear_rand,softplus,"16,8,4",3,3,0,True,0.004793102853000164,0.009724293236886762,0.008682779479892898,,,,0.2561521155810809,0.20495477260580997,0.15780922493312868,0.011451915368457737,0.019165344381218936,0.7586640019195149,0.05646553719965423,0.009474475028925082,0.029379592582112812,-0.30724129813739637,False
smooth_nonlinear_rand,softplus,"16,8,4",3,3,0,True,0.0028845560736954212,0.009724293236886762,0.012698968552682537,,,,0.35025036790836733,0.2777926364721102,0.34879499517215296,0.011700967761795415,0.024978236889935022,0.7895431797581283,0.07798974287711433,0.012327596871444711,0.044903767724736664,-0.527779060807081,False
smooth_nonlinear_rand,softplus,"16,8,4",3,3,0,True,0.006150686647742987,0.009724293236886762,0.009665826574027644,,,,0.3784641772533112,0.2609259190995698,0.4400099546281957,0.011341377533432256,0.018535431823322963,0.8772197730830754,0.11992046429050411,0.009087623214591452,0.02018551762953101,-0.19893444449088923,False
smooth_nonlinear_rand,softplus,"16,8,4",3,3,0,True,0.006065976805984974,0.009724293236886762,0.011770841040584673,,,,0.34387375215345806,0.3581716408746592,0.2628008663340243,0.011712047913384333,0.02563360797596619,0.7599588852975008,0.037164133181042336,0.011831082030567089,0.020727450105912412,-0.20495730115669422,False
smooth_nonlinear_rand,softplus,"16,8,4",3,3,0,True,0.009288220666348934,0.009724293236886762,0.015858124612397655,,,,0.6036008475294516,0.3355690584818502,0.3950130775036114,0.011663844963056903,0.026572816059340934,0.7969786876114381,0.18375495721001,0.015924910610490575,0.00223641586121813,-0.01992552188380238,False
smooth_nonlinear_rand,softplus,"16,8,4",3,3,0,True,0.005830015055835247,0.009724293236886762,0.01754231183229971,,,,0.5901388079070289,0.5391012471667089,0.18060524978469475,0.011674742487793635,0.03265643647462206,0.7773245986020236,0.04809244699819716,0.017397695911522962,0.0222572958532683,-0.22218837024301696,False
smooth_nonlinear_rand,softplus,"16,8,4",3,3,0,True,0.0038268184289336205,0.009724293236886762,0.009753817542038943,,,,0.4792012208278596,0.4095803744649095,0.46314534197371166,0.011604302951370566,0.018033999714775647,0.8065075244627932,0.10950871832080657,0.009879953401740573,0.036750547356211936,-0.40502018981403015,False
smooth_nonlinear_rand,softplus,"16,8,4",3,3,0,True,0.001840390614233911,0.009724293236886762,0.009506008560484528,,,,0.18649715806995162,0.11595968856291783,0.11194611161519745,0.011445249097865907,0.019120221789687128,0.7580415467013268,0.12351191920468702,0.00932496286029393,0.055712057062164845,-0.7229480368057816,False
smooth_nonlinear_rand,softplus,"16,8,4",3,3,0,True,0.0008386222762055695,0.009724293236886762,0.010333020101759224,,,,0.22186078341176993,0.19558197356915707,0.12179060393474504,0.011728681802823594,0.021175486083711084,0.7968982026765805,0.07675310748026037,0.010252033473027677,0.06965285537513533,-1.064291652231665,False
smooth_nonlinear_rand,softplus,"16,8,4",3,3,0,True,0.002335706725716591,0.009724293236886762,0.012954175023271442,,,,0.10997203200071347,0.11357688803018985,0.327914606068299,0.011696841760473215,0.02409289079465894,0.7929073855172044,0.11780185656595256,0.01294403711390606,0.050282681265141405,-0.6194397352552243,False
smooth_nonlinear_rand,softplus,"16,8,4",3,3,0,True,0.007215704303234816,0.009724293236886762,0.012119081204126789,,,,0.5966586663014999,0.5792068403397885,0.2037050547441537,0.011698508259631264,0.021370205682762773,0.7944597655662597,0.14780631366417546,0.012538575191899066,0.013666529288797954,-0.12957931887664934,False
smooth_nonlinear_rand,softplus,"16,8,4",3,3,0,True,0.0013555045006796718,0.009724293236886762,0.010647995371030235,,,,0.37510513097415304,0.28732880815844836,0.3463702254379708,0.011714885362342376,0.0210005401138271,0.7763474993458356,0.10190527156863373,0.010709100897538359,0.06179465441316941,-0.855757082649421,False
smooth_nonlinear_rand,softplus,"16,8,4",3,3,0,True,0.004297328181564808,0.009724293236886762,0.011998311950108259,,,,0.3848705400951078,0.24543590550525862,0.40080335872439354,0.011682277708329934,0.021151689185790967,0.8030515140098702,0.14762545380110295,0.012309772611885882,0.03305782146739887,-0.3546595250802399,False
smooth_nonlinear_rand,softplus,"16,8,4",3,3,0,True,0.0020543888676911592,0.009724293236886762,0.006577055164636049,,,,0.14309905853530072,0.11785024955212936,0.5174607975265713,0.01157674565938108,0.012481582864444193,0.723735489152066,0.09734538011336426,0.006750598687939897,0.05328646440698388,-0.6751753935126094,False
smooth_nonlinear_rand,softplus,"16,8,4",3,3,0,True,0.002016487531363964,0.009724293236886762,0.00885978431323437,,,,0.23806321100356467,0.35137930833101877,0.27337829603686675,0.011714752049957564,0.017266191853431458,0.7630357157155991,0.11779010903673201,0.008782974255389615,0.05370651371390213,-0.6832625055959018,False
smooth_nonlinear_rand,softplus,"16,8,4",3,3,0,True,0.006194090936332941,0.009724293236886762,0.009776028826055473,,,,0.6682215599152784,0.6634616013993275,0.23874288828006704,0.0117174042840088,0.01679506289313679,0.7983406458697788,0.1519116447049869,0.009865729753589706,0.019909283916652504,-0.19588046954883712,False
smooth_nonlinear_rand,softplus,"16,8,4",3,3,0,True,0.003861968871206045,0.009724293236886762,0.0064033268917170864,,,,0.408464960769237,0.38941554881497753,0.22267692910742695,0.011625814382495171,0.013389741486191195,0.8637127818416642,0.09081412039164044,0.0066946594069708844,0.036467089820544925,-0.4010492776606974,False
smooth_nonlinear_rand,softplus,"16,8,4",3,3,0,False,0.004690411034971476,0.010836028861391712,0.014340512612046831,,,,0.41278987564839126,0.4047797192951836,0.3803736577500591,0.01171615792023559,0.027090244645642903,0.41374480170052064,0.10481018495731362,0.014306937734518991,0.035609672483708624,-0.36365925016325956,False
smooth_nonlinear_rand,softplus,"16,8,4",3,3,0,False,0.004692626651376486,0.010836028861391712,0.012278018118971864,,,,0.32709020943439215,0.2639091412829936,0.21102043328610873,0.011595748156093218,0.024254630045059747,0.5284737938006306,0.09350961301049004,0.012414304539285331,0.035593498840922014,-0.36345415027370165,False
smooth_nonlinear_rand,softplus,"16,8,4",3,3,0,False,0.003022214863449335,0.010836028861391712,0.011602686797559018,,,,0.4729101811758754,0.4372101277716898,0.16163934583714917,0.011616162687688331,0.022731533415069893,0.45680724188139493,0.04377684023030717,0.01157918542330304,0.04912157331968314,-0.5545448159560221,False
smooth_nonlinear_rand,softplus,"16,8,4",3,3,0,False,0.005443532485514879,0.010836028861391712,0.011554194093917535,,,,0.07916447336659468,0.06112157241115876,0.20627605162209253,0.011044857692672778,0.020081283892019644,0.34872938186901564,0.13378159464245354,0.012374535097666253,0.030315949303161824,-0.2989893340763438,False
smooth_nonlinear_rand,softplus,"16,8,4",3,3,0,False,0.004460908006876707,0.010836028861391712,0.01299046461940056,,,,0.4680442687829678,0.4448697557927377,0.5835399491489747,0.011703372127860613,0.02362473680446457,0.4000831794383485,0.0845493810427337,0.013085470332181525,0.037306218818411646,-0.38544688580509373,False
smooth_nonlinear_rand,softplus,"16,8,4",3,3,0,False,0.021477416157722473,0.010836028861391712,0.03978593387154832,,,,0.4139844980915288,0.3836947116968077,0.2951057140922933,0.0115778188715524,0.06309921162037095,0.46793987214229765,0.17728179319812867,0.03898252192910728,0.042455504423554946,0.29711187924639737,False
smooth_nonlinear_rand,softplus,"16,8,4",3,3,0,False,0.0018961738096550107,0.010836028861391712,0.009789114319794479,,,,0.17801324687335407,0.09904628729207217,0.23475963917235929,0.011541687476634775,0.019106072484461577,0.44218302004599486,0.10005854113076816,0.009980701442229494,0.06055117016199235,-0.756992009374764,False
smooth_nonlinear_rand,softplus,"16,8,4",3,3,0,False,0.000736221089027822,0.010836028861391712,0.010862097627118518,,,,0.18723468931874043,0.18201889847654992,0.3847626762752865,0.01170795328798286,0.02058853287858744,0.45382195324312435,0.1164232412078683,0.010988113325857833,0.0769628537144868,-1.1678618994517944,False
smooth_nonlinear_rand,softplus,"16,8,4",3,3,0,False,0.0032747092191129923,0.010836028861391712,0.014030360852985169,,,,0.35324236207777765,0.38164730344849707,0.5050332907058833,0.0115279088663097,0.026052712417981017,0.49219607063067583,0.06110057785404477,0.013998341976290598,0.04687117297537597,-0.5196974106385466,False
smooth_nonlinear_rand,softplus,"16,8,4",3,3,0,False,0.0015858596889302135,0.010836028861391712,0.010594439867349693,,,,0.3025789516091682,0.2870280562118929,0.16076022924052566,0.01148518929279841,0.02013095385780388,0.4251429993081561,0.10998695682214304,0.010700279504933484,0.06427339421371625,-0.8346053931984598,False
smooth_nonlinear_rand,softplus,"16,8,4",3,3,0,False,0.0028709108009934425,0.010836028861391712,0.010486700933387686,,,,0.4156828763062901,0.4334805480028536,0.2216423653556372,0.01176096048352612,0.020735488766690152,0.35472648440588705,0.031250230539398426,0.010632305176794032,0.05051536713812535,-0.5768504538855289,False
smooth_nonlinear_rand,softplus,"16,8,4",3,3,0,False,0.006549786310642958,0.010836028861391712,0.014393152300472691,,,,0.6497226817124327,0.5703711539389611,0.34428245006972524,0.011377677370127685,0.026505885846771465,0.3995889898986556,0.1675920011857813,0.017262239437539937,0.023165497972703827,-0.2186430218966892,False
smooth_nonlinear_rand,softplus,"16,8,4",3,3,0,False,0.0061971587128937244,0.010836028861391712,0.015978216286029728,,,,0.27969685718423826,0.32700422137059787,0.26833263674199365,0.011690275989981284,0.027522821216882237,0.4912861590279947,0.1224001145557982,0.016001386935544547,0.025374213584453714,-0.24267753426093044,False
smooth_nonlinear_rand,softplus,"16,8,4",3,3,0,False,0.010665119625627995,0.010836028861391712,0.02333390402616218,,,,0.13568095851768977,0.12766157144060256,0.15819789538248544,0.01145254790089104,0.03892413975561149,0.3846919426867711,0.16493213871397747,0.023239252408732446,0.0008241820188143179,-0.006904422001549826,False
smooth_nonlinear_rand,softplus,"16,8,4",3,3,0,False,0.0025683159474283457,0.010836028861391712,0.013190061210534454,,,,0.39127873674411645,0.3299514586581263,0.288876271308132,0.011681039761003348,0.025569164033777243,0.4580096449344184,0.11455459331666787,0.013299450573842561,0.05341769296188081,-0.6252217046505276,False
smooth_nonlinear_rand,softplus,"16,8,4",3,3,0,False,0.001830029534175992,0.010836028861391712,0.01282976570226428,,,,0.3009462518460873,0.22879835776615712,0.38421194561687244,0.011555823282765849,0.022842993925857695,0.4349856988719578,0.11674315668513138,0.013029352165995383,0.06131740359601833,-0.7724120543846753,False
smooth_nonlinear_rand,softplus,"16,8,4",3,3,0,False,0.004100150428712368,0.010836028861391712,0.013650691873745497,,,,0.16698728104792984,0.18521517259273435,0.10254930682235659,0.011474107784960916,0.02528487955535242,0.44646538983362966,0.1369108041864072,0.013429839668469525,0.04006383105142318,-0.42207036242964485,False
smooth_nonlinear_rand,softplus,"16,8,4",3,3,0,False,0.0019172646570950747,0.010836028861391712,0.012322522309777498,,,,0.3475552630662491,0.2521594506261719,0.22496559654519574,0.0117106552893839,0.022136434006452224,0.4465115179756882,0.10269918251646869,0.012376280740647942,0.060309667277975224,-0.7521880865445469,False
smooth_nonlinear_rand,softplus,"16,8,4",3,3,0,False,0.0055121914483606815,0.010836028861391712,0.011452787941280556,,,,0.35842813410344654,0.26310630834496584,0.41006263771841617,0.011313611004557762,0.02182829418985109,0.4980568035995824,0.1343722278903909,0.01232718237380362,0.029852113965186486,-0.29354586009819883,False
smooth_nonlinear_rand,softplus,"16,8,4",3,3,0,False,0.0055944533087313175,0.010836028861391712,0.012133212157778654,,,,0.26094013962474655,0.30878220801424877,0.447474456376177,0.011404943021004955,0.02040797020047002,0.40430486600399934,0.16580206939735856,0.011914683844954217,0.02930016990176497,-0.287112499510341,False
smooth_nonlinear_rand,softplus,"16,8,4",3,3,0,False,0.0010520038194954395,0.010836028861391712,0.010286998381792003,,,,0.15238631699905583,0.15032450546243373,0.1872650662923875,0.011713373885027797,0.01938101028093802,0.4519082582794718,0.10994935731474482,0.010374230165727352,0.07166163970542787,-1.0128528364837113,False
smooth_nonlinear_rand,softplus,"16,8,4",3,3,0,False,0.0030015527736395597,0.010836028861391712,0.014231362860856182,,,,0.1920989659171398,0.18935752386044666,0.3158594787930568,0.011686512378316203,0.024230450157477195,0.40061053412553377,0.14435341619178563,0.014252685723684539,0.04930981932992061,-0.5575241695175414,False
smooth_nonlinear_rand,softplus,"16,8,4",3,3,0,False,0.009330147877335548,0.010836028861391712,0.01431462486109413,,,,0.250879875006684,0.2321267180019276,0.38629771470202123,0.01151965587834367,0.026402240130193003,0.39200516294735666,0.03359485728212466,0.014037871042718714,0.007503557465933702,-0.0649816259789587,False
smooth_nonlinear_rand,softplus,"16,8,4",3,3,0,False,0.0023378196638077497,0.010836028861391712,0.013356233247869847,,,,0.3879775161075638,0.3047078181246606,0.10830371122116023,0.0116691568484428,0.02567956497533889,0.42006327472581306,0.0818282402715363,0.012982765653498061,0.05574524327995592,-0.6660591458520737,False
smooth_nonlinear_rand,softplus,"16,8,4",3,3,0,False,0.019104205071926117,0.010836028861391712,0.033119042040059464,,,,0.376290628448584,0.3423982787580549,0.09156114910351859,0.01162112098724893,0.06223216170383711,0.7957362025951358,0.15555186711271535,0.033123270549563946,0.03412171412401821,0.24625881826808796,False
smooth_nonlinear_rand,softplus,"16,8,4",3,3,0,False,0.0020492873154580593,0.010836028861391712,0.008638921175363719,,,,0.4194770049087893,0.37618901772256313,0.22422393281479544,0.01136891557182568,0.015968144996767984,0.3729974430112083,0.13050958277678087,0.00926409008776835,0.05882719334349025,-0.7232673011953781,False
smooth_nonlinear_rand,softplus,"16,8,4",3,3,0,False,0.0015163621865212917,0.010836028861391712,0.009969639343665914,,,,0.26284627941141997,0.27743638369383056,0.3534826140216409,0.011710546317792864,0.019903951186161034,0.47149953157449176,0.08832865142176341,0.010010325709595392,0.06515575260778575,-0.8540672071902875,False
smooth_nonlinear_rand,softplus,"16,8,4",3,3,0,False,0.04014778509736061,0.010836028861391712,0.04448992319212336,,,,0.7295631620006322,0.5338426464383691,0.34983882747915457,0.011639303360481305,0.08654230506319352,0.5981430725704423,0.02989771527673443,0.0444602621493772,0.09627287404968832,0.5687914377059252,False
smooth_nonlinear_rand,softplus,"16,8,4",3,3,0,False,0.0035843090154230595,0.010836028861391712,0.013097931065129605,,,,0.48773229160031417,0.3951949863457244,0.23558445050856922,0.011707578665083514,0.02379135289892733,0.6769408746142046,0.09175600368456427,0.013075292215067853,0.044227149062939175,-0.48046470848838907,False
smooth_nonlinear_rand,softplus,"16,8,4",3,3,0,False,0.011455059051513672,0.010836028861391712,0.021660078635019932,,,,0.23996914750700973,0.16964781367146964,0.2677275769621624,0.01166501983015631,0.0430212881404161,0.5509349422713561,0.022432631369723267,0.021779664597077066,0.002932061513946718,0.024127179254035496,False
smooth_nonlinear_rand,softplus,"16,8,4",3,3,0,False,0.003035529050976038,0.010836028861391712,0.010328767642569086,,,,0.19029203991558077,0.2217535972477048,0.07053378627588779,0.011588683075733536,0.018554016736132727,0.293791510635195,0.14394933227498632,0.010444339356843822,0.049000612567441114,-0.5526357595263199,False
smooth_nonlinear_rand,softplus,"16,8,4",3,3,0,False,0.005292731337249279,0.010836028861391712,0.01554430510127578,,,,0.11047096588774728,0.08672848357954795,0.3294727261403042,0.011537769452509124,0.030562719174753547,0.42646660882991916,0.11706621486032638,0.015299540379701857,0.031345087681661124,-0.31119030363255135,False
smooth_nonlinear_rand,softplus,"16,8,4",3,3,0,False,0.004976891912519932,0.010836028861391712,0.013772794985459424,,,,0.6483543092979845,0.6034147380109949,0.42653329170193155,0.011601736572070712,0.024774107179285947,0.38155891742072917,0.13515409661205005,0.014549908055552648,0.03354915803006804,-0.3379119441948023,False
smooth_nonlinear_rand,softplus,"16,8,4",3,3,0,False,0.004793102853000164,0.010836028861391712,0.011122668720211358,,,,0.2561521155810809,0.20495477260580997,0.15780922493312868,0.011451915368457737,0.023270798872527795,0.40327818759838585,0.08443770346534264,0.01220889969561096,0.03486400952774539,-0.3542534046728726,False
smooth_nonlinear_rand,softplus,"16,8,4",3,3,0,False,0.0028845560736954212,0.010836028861391712,0.015563608840333816,,,,0.35025036790836733,0.2777926364721102,0.34879499517215296,0.011700967761795415,0.028665242407685126,0.38102928195707075,0.10346074521851127,0.015506698498857517,0.05038818467036924,-0.5747911673425573,False
smooth_nonlinear_rand,softplus,"16,8,4",3,3,0,False,0.006150686647742987,0.010836028861391712,0.01286620018808455,,,,0.3784641772533112,0.2609259190995698,0.4400099546281957,0.011341377533432256,0.023624625673715323,0.6559327365051308,0.14651014049813618,0.01223292739252295,0.02566993457516359,-0.24594655102636548,False
smooth_nonlinear_rand,softplus,"16,8,4",3,3,0,False,0.006065976805984974,0.010836028861391712,0.011609638628655359,,,,0.34387375215345806,0.3581716408746592,0.2628008663340243,0.011712047913384333,0.02457016047998126,0.3894274035240377,0.065478165425866,0.011654701594274931,0.02621186705154499,-0.2519694076921704,False
smooth_nonlinear_rand,softplus,"16,8,4",3,3,0,False,0.009288220666348934,0.010836028861391712,0.021446370241933507,,,,0.6036008475294516,0.3355690584818502,0.3950130775036114,0.011663844963056903,0.03472405233190025,0.5003987347975523,0.20844438812338376,0.021563039171364453,0.007720832806850708,-0.06693762841927861,False
smooth_nonlinear_rand,softplus,"16,8,4",3,3,0,False,0.005830015055835247,0.010836028861391712,0.01821023825524366,,,,0.5901388079070289,0.5391012471667089,0.18060524978469475,0.011674742487793635,0.03220513793652439,0.4344115392719319,0.07204783465632726,0.018264907475637363,0.027741712798900878,-0.26920047677849324,False
smooth_nonlinear_rand,softplus,"16,8,4",3,3,0,False,0.0038268184289336205,0.010836028861391712,0.014411250741250537,,,,0.4792012208278596,0.4095803744649095,0.46314534197371166,0.011604302951370566,0.0252273418495707,0.4993348511514092,0.13549122282402826,0.014443879011596938,0.042234964301844515,-0.4520322963495064,False
smooth_nonlinear_rand,softplus,"16,8,4",3,3,0,False,0.001840390614233911,0.010836028861391712,0.011475693044301549,,,,0.18649715806995162,0.11595968856291783,0.11194611161519745,0.011445249097865907,0.02168544390556168,0.37744055544281846,0.14900980261967273,0.011542543975499761,0.06119647400779742,-0.7699601433412578,False
smooth_nonlinear_rand,softplus,"16,8,4",3,3,0,False,0.0008386222762055695,0.010836028861391712,0.011815956547783495,,,,0.22186078341176993,0.19558197356915707,0.12179060393474504,0.011728681802823594,0.02242705732776347,0.39392118047005587,0.10263030974410176,0.011813590825346944,0.0751372723207679,-1.1113037587671413,False
smooth_nonlinear_rand,softplus,"16,8,4",3,3,0,False,0.002335706725716591,0.010836028861391712,0.016205963227649237,,,,0.10997203200071347,0.11357688803018985,0.327914606068299,0.011696841760473215,0.02800214928703753,0.42231622656680134,0.1427028034945555,0.01616135231666072,0.05576709821077398,-0.6664518417907005,False
smooth_nonlinear_rand,softplus,"16,8,4",3,3,0,False,0.007215704303234816,0.010836028861391712,0.017234009153844033,,,,0.5966586663014999,0.5792068403397885,0.2037050547441537,0.011698508259631264,0.02953032816382648,0.8682925483989676,0.17291676797524044,0.017522972810396296,0.019150946234430533,-0.17659142541212552,False
smooth_nonlinear_rand,softplus,"16,8,4",3,3,0,False,0.0013555045006796718,0.010836028861391712,0.011754829609633395,,,,0.37510513097415304,0.28732880815844836,0.3463702254379708,0.011714885362342376,0.021505161519686254,0.4234857990503386,0.12655360272331767,0.011819609205445945,0.06727907135880198,-0.9027691891848972,False
smooth_nonlinear_rand,softplus,"16,8,4",3,3,0,False,0.004297328181564808,0.010836028861391712,0.015568236129022498,,,,0.3848705400951078,0.24543590550525862,0.40080335872439354,0.011682277708329934,0.025965889500801087,0.5216554553406234,0.172590183482371,0.015939605175518543,0.03854223841303145,-0.4016716316157161,False
smooth_nonlinear_rand,softplus,"16,8,4",3,3,0,False,0.0020543888676911592,0.010836028861391712,0.00985741789758987,,,,0.14309905853530072,0.11785024955212936,0.5174607975265713,0.01157674565938108,0.01756061664216944,0.3871839546062993,0.12325899127481924,0.009900193066613796,0.05877088135261646,-0.7221875000480855,False
smooth_nonlinear_rand,softplus,"16,8,4",3,3,0,False,0.002016487531363964,0.010836028861391712,0.011748132564035898,,,,0.23806321100356467,0.35137930833101877,0.27337829603686675,0.011714752049957564,0.021019371871585237,0.43720664796654596,0.14360192824361745,0.011704638172667637,0.05919093065953471,-0.730274612131378,False
smooth_nonlinear_rand,softplus,"16,8,4",3,3,0,False,0.006194090936332941,0.010836028861391712,0.014763155634720235,,,,0.6682215599152784,0.6634616013993275,0.23874288828006704,0.0117174042840088,0.02477416816498161,0.5325176287831398,0.17697772137548926,0.014869486459803443,0.025393700862285082,-0.2428925760843133,False
smooth_nonlinear_rand,softplus,"16,8,4",3,3,0,False,0.003861968871206045,0.010836028861391712,0.008782961427050272,,,,0.408464960769237,0.38941554881497753,0.22267692910742695,0.011625814382495171,0.01724795330646093,0.6430232281938473,0.1180254722824979,0.00903571185910444,0.0419515067661775,-0.44806138419617364,False
smooth_nonlinear_rand,tanh,4,1,3,0,True,0.013128220103681087,0.027705159356795465,0.017777666271501034,263.17464009639326,263.62581493078926,0.39,0.2036270967347372,0.2086632968137639,0.29278412646888385,0.008540056120603347,0.036996570669651146,0.23481565277567717,0.05549488707159887,0.016995780820335565,0.051870223637908094,-0.3243548031603893,False
smooth_nonlinear_rand,tanh,4,1,3,0,True,0.014674421399831772,0.027705159356795465,0.008755725779966892,0.8174390167293264,0.7921880728755422,0.625,0.0999901128105075,0.09550080039755,0.3630680136160326,0.00819993980769057,0.02010664320118855,0.29383198719714604,0.012032716686540346,0.008299613032850199,0.04531064260071009,-0.27599966612465826,False
smooth_nonlinear_rand,tanh,4,1,3,0,True,0.00648103840649128,0.027705159356795465,0.015110388559080909,708.3059405959087,708.1056995449072,0.69,0.37358407866509596,0.3277727915986447,0.2946974658718161,0.009394661905083609,0.0331506563612278,0.2464045173054123,0.128868841323726,0.015098994240312982,0.08594377204876172,-0.6309160574331929,False
smooth_nonlinear_rand,tanh,4,1,3,0,True,0.004762094467878342,0.027705159356795465,0.018565189115302572,29.6338536616966,29.777885101129442,0.56,0.18647798066363563,0.13690515785313842,0.17288156292980705,0.010177947112586475,0.03922044142150789,0.2092754270781365,0.16594469064476322,0.019056223788309387,0.09744073836364246,-0.7647626460579973,False
smooth_nonlinear_rand,tanh,4,1,3,0,True,0.014070873148739338,0.027705159356795465,0.00897942687396451,56.971348868648136,56.960782969686285,0.6,0.1873057845708468,0.19958368106524832,0.17916525100441788,0.008128128405989515,0.020400545775260546,0.2634138826430432,0.0121052732423123,0.008668354805662564,0.04782795753699422,-0.29423960469402155,False
smooth_nonlinear_rand,tanh,4,1,3,0,True,0.014212504960596561,0.027705159356795465,0.009514149807739784,1.3971049170865886,1.3618820263429918,0.55,0.12990815653595852,0.12769059685961337,0.38562062818213705,0.008250433230396287,0.021675164497324456,0.27313953566498794,0.0034028004455437764,0.009491588504099585,0.04723245785384782,-0.2898900232357301,False
smooth_nonlinear_rand,tanh,4,1,3,0,True,0.006403463892638683,0.027705159356795465,0.014932388456800021,414.4477990874635,414.3818898533173,0.43,0.3678718096679516,0.33644128717834365,0.23624279802561252,0.009432236426590078,0.032525154022142636,0.24634341948818794,0.1367201791646684,0.015961055144107304,0.08642702243410512,-0.6361456875134326,False
smooth_nonlinear_rand,tanh,4,1,3,0,True,0.012378131970763206,0.027705159356795465,0.016374847790570676,1203.254734482513,1204.1200558548035,0.415,0.210518102917451,0.24380386066310375,0.26999019098335364,0.008448653061834382,0.034646650217933506,0.230124409998444,0.04934857338162171,0.015469943456007605,0.055191615256981144,-0.3499055438555013,False
smooth_nonlinear_rand,tanh,4,1,3,0,True,0.005971922073513269,0.027705159356795465,0.017751966779375884,218.97589139742934,218.55185835269774,0.56,0.470073427667016,0.2833741417442022,0.27837358958948016,0.009227562371535769,0.03806835851706629,0.24285587895058391,0.07177928459986031,0.017129558218904134,0.08917045668188404,-0.6664465204504957,False
smooth_nonlinear_rand,tanh,4,1,3,0,True,0.014636551961302757,0.027705159356795465,0.01169015221581106,109785.08753547077,109814.41099393168,0.33,0.6435664230071804,0.576188652279251,0.21490729701969072,0.008554636612145155,0.027095760093239364,0.24849835932557254,0.017395575674396983,0.01133764961440848,0.04546705055598062,-0.27712187364293567,False
smooth_nonlinear_rand,tanh,4,1,3,0,True,0.005096436943858862,0.027705159356795465,0.018686980849385925,30.359699205359284,30.56210129023572,0.625,0.18338899882396664,0.13192462318012235,0.7342282075328735,0.01004958195327036,0.03864068615239371,0.2383502121899203,0.1835653200955929,0.018779157492943597,0.09505933529053864,-0.7352939972812305,False
smooth_nonlinear_rand,tanh,4,1,3,0,True,0.01565966010093689,0.027705159356795465,0.016006296312307117,2904.2044476090978,2906.1288352878414,0.53,0.16013789766105516,0.1977030600973837,0.2899051315559614,0.007908778106742068,0.03221123489534132,0.2422866343408206,0.058573974977058595,0.014577766350907337,0.04131010523029746,-0.2477783212213358,False
smooth_nonlinear_rand,tanh,4,1,3,0,True,0.012895304709672928,0.027705159356795465,0.011060380044622955,7.984311872559601,7.927178059723949,0.535,0.11458634331139178,0.11890899977323871,0.7911038149331897,0.008343801795301163,0.024508392302217706,0.2621546343954559,0.00698285383413041,0.01081219370449405,0.05289117366284536,-0.33212904375450214,False
smooth_nonlinear_rand,tanh,4,1,3,0,True,0.013108767569065094,0.027705159356795465,0.010076125188878625,0.6853900381518211,0.680092990356647,0.67,0.13421387762387127,0.11566900255281017,0.4589644320731473,0.008138722445370734,0.022635285752687705,0.2650243658215609,0.00986172675486105,0.01032872696697428,0.051955142515094366,-0.32499878943626104,False
smooth_nonlinear_rand,tanh,4,1,3,0,True,0.014934036880731583,0.027705159356795465,0.008876654509565462,0.7139975823887669,0.7195432241016856,0.645,0.1036740148032696,0.11457240822116674,0.2956101694694636,0.008188320231593937,0.020427217106860837,0.2842533524676016,0.01000759373161872,0.00850250553763781,0.04424377171201123,-0.2683834329969596,False
smooth_nonlinear_rand,tanh,4,1,3,0,True,0.007092610001564026,0.027705159356795465,0.016583607329419103,11925.166919386107,11926.343465221771,0.455,0.30733877581257724,0.2755873199909515,0.19526424286163394,0.009900598527864917,0.035739508223336505,0.2862336063765861,0.05825145397297663,0.015539704185091794,0.0822310340923944,-0.591754572380956,False
smooth_nonlinear_rand,tanh,4,1,3,0,True,0.00859079323709011,0.027705159356795465,0.01743472250068738,86.53281747975805,87.06016309658433,0.675,0.28455558422717947,0.2590621273487047,0.20660420168843835,0.009858260525807926,0.03637412449859251,0.27510740703001335,0.16039848905743523,0.01843352030870274,0.07376213671100398,-0.5085273859365594,False
smooth_nonlinear_rand,tanh,4,1,3,0,True,0.006460134405642748,0.027705159356795465,0.015044808617506964,826.4165624209861,826.9579188979911,0.59,0.3752960123249789,0.33071453211220947,0.25528959039135246,0.009246034620557822,0.032262026311215046,0.25220455539763653,0.1574703380417394,0.014850817449927514,0.08607370752418983,-0.632319098756567,False
smooth_nonlinear_rand,tanh,4,1,3,0,True,0.01452003326267004,0.027705159356795465,0.021988394915242883,9257.478774508929,9259.967306415294,0.375,0.2604660964143809,0.29233641568859503,0.7808735008844899,0.008506742382176134,0.04406842252966968,0.23716616374568822,0.0649197406871817,0.020848590746234505,0.04594956816293187,-0.28059304126119977,False
smooth_nonlinear_rand,tanh,4,1,3,0,True,0.014430547133088112,0.027705159356795465,0.0097043752016862,0.8269088158576328,0.8113179978461035,0.84,0.07625911286392856,0.0697533908796028,0.495007729896213,0.007994472283775762,0.022185079402879712,0.2852477333590824,0.05294955384048096,0.009390930421225423,0.046321456542385175,-0.2832778548658899,False
smooth_nonlinear_rand,tanh,4,1,3,0,True,0.01607779785990715,0.027705159356795465,0.024691446795082523,11183.02720902021,11186.305474482684,0.335,0.3212555248715441,0.3315345650951115,0.36420806800303474,0.008548097270447733,0.04814024861662458,0.23205434023651167,0.07176180937672207,0.0235629848183703,0.03965041230116623,-0.23633408837374603,False
smooth_nonlinear_rand,tanh,4,1,3,0,True,0.012562176212668419,0.027705159356795465,0.014409270357444619,32.707229255937996,32.77102078539817,0.43,0.1394663446822756,0.14458458373773836,0.1995848245803349,0.008477842126968501,0.030891445684089386,0.22269381811749228,0.036574435944155236,0.013947694812512632,0.05436755440099689,-0.3434957714495547,False
smooth_nonlinear_rand,tanh,4,1,3,0,True,0.015311772003769875,0.027705159356795465,0.023196989406763745,12232.28694262819,12234.079202263569,0.495,0.16328996290587577,0.21735117435831386,0.21240946731674093,0.008410359321001865,0.045597315970868704,0.2650803650956953,0.047315959935681356,0.021712319579719072,0.04270792371084969,-0.25753519878934794,False
smooth_nonlinear_rand,tanh,4,1,3,0,True,0.012061184272170067,0.027705159356795465,0.0111374940640473,3.7950579965282953,3.7721234859630015,0.6,0.12039487389613224,0.1296738182306753,0.11943594217658277,0.008253605530926977,0.024978363006965314,0.26365183539766074,0.008475035802543192,0.010813178538789632,0.056625245685529096,-0.36117069979917177,False
smooth_nonlinear_rand,tanh,4,1,3,0,True,0.014083380810916424,0.027705159356795465,0.019671331877071974,43848.3776527584,43850.43012418119,0.59,0.25638391183952236,0.2964311117651489,0.2640125693504974,0.008373190239717526,0.0394521246995483,0.30484633071299244,0.03495306135663869,0.01865344171271257,0.04777524800698994,-0.29385372986102754,False
smooth_nonlinear_rand,tanh,4,1,3,0,True,0.006672575604170561,0.027705159356795465,0.015012763753363906,378.9496071606962,379.33390124470526,0.415,0.35083783405656144,0.31786015324412215,0.2981684949785327,0.009736148362273472,0.03234929787521261,0.26137815483797333,0.15610173922141957,0.015707448916524817,0.08476283405170841,-0.6182671492165104,False
smooth_nonlinear_rand,tanh,4,1,3,0,True,0.006309820339083672,0.027705159356795465,0.01502882140156092,384.4361058551128,384.7832024555833,0.435,0.35257173102662787,0.31931912906685594,0.42092861389374336,0.009701415937121339,0.03241274610793045,0.24181558603981165,0.15250779113058208,0.015702529235990387,0.08701429126990341,-0.6425436588566229,False
smooth_nonlinear_rand,tanh,4,1,3,0,True,0.0069733369164168835,0.027705159356795465,0.016229739294511304,217.72420089334975,217.95619313956536,0.415,0.3376958585366013,0.2921211320935452,0.10916037517168727,0.010070365416869384,0.03510212710358347,0.20904766236415123,0.09854945702431868,0.01501002232911292,0.082942160606652,-0.5991200038859966,False
smooth_nonlinear_rand,tanh,4,1,3,0,True,0.013510261662304401,0.027705159356795465,0.00952165342675924,0.619585187942461,0.5975927977493289,0.695,0.08805164508362356,0.08167630022625078,0.1824651095449075,0.008165743746918096,0.021865764066015335,0.28001021643643287,0.01820061659244698,0.009101285498609687,0.0502150176731795,-0.31189689213736,False
smooth_nonlinear_rand,tanh,4,1,3,0,True,0.012541664764285088,0.027705159356795465,0.010759533119750187,11.634517523335337,11.827656896787037,0.31,0.2524862304268975,0.22131962536128746,0.35946114116765754,0.008343964929185127,0.02469036663665365,0.22306514410144335,0.012964628329859791,0.010186572977141477,0.054459094479238246,-0.3442054645072198,False
smooth_nonlinear_rand,tanh,4,1,3,0,True,0.004617368336766958,0.027705159356795465,0.019378396395643524,28.965415657143318,29.08848936549055,0.485,0.18503051883955052,0.1352624835454545,0.215448751281971,0.010314412613759427,0.041007750685881486,0.20856845272482866,0.16607320157295627,0.019386963232452967,0.09849744856025149,-0.778166132035432,False
smooth_nonlinear_rand,tanh,4,1,3,0,True,0.012821180745959282,0.027705159356795465,0.010069754852406833,1.1631573519908738,1.1597338510554942,0.46,0.1414375504505954,0.1396893559685574,0.41450785358356557,0.008294113265021191,0.023001270816137634,0.21166573626310078,0.007673232279220582,0.0097496453719894,0.05321801597960052,-0.33463262983919195,False
smooth_nonlinear_rand,tanh,4,1,3,0,True,0.01335669495165348,0.027705159356795465,0.00977227577346411,0.8170960762560007,0.80015916905711,0.68,0.08627772282393886,0.07650301679472117,0.15893996739506105,0.008058583054180474,0.022190369109439813,0.27049031626225106,0.02020746644515658,0.009893398269330715,0.050877500493772834,-0.31686164510990233,False
smooth_nonlinear_rand,tanh,4,1,3,0,True,0.013155948370695114,0.027705159356795465,0.008391043981493311,0.7123920748002134,0.6821169363617479,0.62,0.08961111430362236,0.08609716405517195,0.31832801872261623,0.00833836973800504,0.019154592608217863,0.2871573803951168,0.032338935964131205,0.008582129262827023,0.05174928622638643,-0.3234384920481736,False
smooth_nonlinear_rand,tanh,4,1,3,0,True,0.013682441785931587,0.027705159356795465,0.019120329446881384,527.5027168630174,528.1267701554242,0.37,0.23053047976458957,0.23154491262740715,0.37616021204951866,0.008486939199288798,0.03923968539881048,0.23916632428232257,0.06020123648643705,0.018319395348337805,0.04947669874799317,-0.30639704346821817,False
smooth_nonlinear_rand,tanh,4,1,3,0,True,0.005240363068878651,0.027705159356795465,0.02248751365620162,33.251127177477244,33.47197308662581,0.375,0.2108715150887487,0.1719539354739177,0.30258554694991013,0.010261198169960548,0.04731015640556879,0.21557930704933712,0.16225265399327407,0.021490354831240732,0.09405831679176821,-0.7231992751961839,False
smooth_nonlinear_rand,tanh,4,1,3,0,True,0.013295672833919525,0.027705159356795465,0.018554053971725694,439.5953490108977,440.1701373350806,0.39,0.20743495508632165,0.21942148271824946,0.2651088322826143,0.00856194832569281,0.03837345410026548,0.23745425053635835,0.05760521085322017,0.017613758855449003,0.05114180505828428,-0.3188503326086623,False
smooth_nonlinear_rand,tanh,4,1,3,0,True,0.013140358962118626,0.027705159356795465,0.009771932754472476,0.5932593809859216,0.5712477239443582,0.64,0.10761132175121943,0.10444580968042452,0.21415900397982413,0.008242489717699208,0.02237497326840369,0.25632000436240854,0.0057917639637982575,0.009538273123977356,0.05181726405332346,-0.32395342327622617,False
smooth_nonlinear_rand,tanh,4,1,3,0,True,0.006814579479396343,0.027705159356795465,0.01585659173145264,560.565176743603,561.0389361692866,0.62,0.3624308820466131,0.322464034775426,0.17398092881443233,0.009689089451500904,0.03398474336136663,0.25174913372913904,0.17705070516439725,0.015497857320547974,0.08389820257665738,-0.6091215913762263,False
smooth_nonlinear_rand,tanh,4,1,3,0,True,0.012932091020047665,0.027705159356795465,0.011593903187221715,9.850836842646457,9.805073278042384,0.49,0.11835423967068304,0.12171887934531464,0.29999233052575264,0.008370009192908907,0.02567004162541426,0.2546209735022529,0.016626717790052523,0.011402445382039248,0.05272931683126757,-0.3308918998646628,False
smooth_nonlinear_rand,tanh,4,1,3,0,True,0.011665998958051205,0.027705159356795465,0.010916684636656722,0.3279489612532338,0.3225191898808263,0.675,0.07732103860198197,0.07668078193929492,0.23077456513107328,0.008451073189216996,0.02485854196377426,0.2536613742390604,0.05131763892350876,0.011629782897643772,0.05843941479560176,-0.37563871920854963,False
smooth_nonlinear_rand,tanh,4,1,3,0,True,0.005212530959397554,0.027705159356795465,0.01844553504335454,33.6840021177172,33.877333780562445,0.62,0.18608427918813258,0.13442419368018638,0.32750966890654254,0.010097231379003745,0.03828808232564293,0.2542819834315901,0.18320141826536554,0.01843383687081469,0.09425080903665303,-0.7255120050678163,False
smooth_nonlinear_rand,tanh,4,1,3,0,True,0.004998206626623869,0.027705159356795465,0.018585967199538082,33.30642034495566,33.523696734694255,0.64,0.1898892025617695,0.13836325434351107,0.18231757145069866,0.010134649979608477,0.03871605723129115,0.2142056877196281,0.17219143121037744,0.0187621950226275,0.09575067291795333,-0.7437464465518993,False
smooth_nonlinear_rand,tanh,4,1,3,0,True,0.013786383904516697,0.027705159356795465,0.009385172303876416,0.6271877897216663,0.5937015502335324,0.6,0.10702182014467007,0.10211137052674261,0.1779730493112196,0.008194379296234258,0.021482603183684043,0.274242477094103,0.010409697318222878,0.009170747312380777,0.049033235843330955,-0.30311028454339933,False
smooth_nonlinear_rand,tanh,4,1,3,0,True,0.013676953501999378,0.027705159356795465,0.020749575874770533,620678.4519562087,620694.559211243,0.37,0.34475392302382046,0.3854917348434862,0.5403488202977678,0.008519705494096495,0.042177323255663986,0.24823176987932022,0.057064881678753746,0.019843756280792275,0.04950016092616266,-0.30657128207501216,False
smooth_nonlinear_rand,tanh,4,1,3,0,True,0.01617000624537468,0.027705159356795465,0.024704614378162557,5293.232110125777,5294.599972732803,0.515,0.16229696871622123,0.2130633053139136,0.21227322605720592,0.008472966288999618,0.04797176900459088,0.2618524103186345,0.051967846803536874,0.023312198776332102,0.03928732940556581,-0.23385046486865063,False
smooth_nonlinear_rand,tanh,4,1,3,0,True,0.0058619617484509945,0.027705159356795465,0.015046268986634343,680.5895267435002,681.0816809024698,0.51,0.3572685953015675,0.3162326306286641,0.15284021182951282,0.009421930005840077,0.03220380544818388,0.2339264639822908,0.14783719323656375,0.01553751449436489,0.08988521966688134,-0.6745176723399557,False
smooth_nonlinear_rand,tanh,4,1,3,0,True,0.01400053407996893,0.027705159356795465,0.01981560419768584,893.6879127472976,894.0164557628319,0.555,0.14078631380436388,0.17759092854089964,0.33391102520173144,0.008285688883966531,0.04006333928702417,0.2725358074376169,0.030705975391017465,0.018799568780855615,0.04812481629429642,-0.2964160494382039,False
smooth_nonlinear_rand,tanh,4,1,3,0,True,0.024900835007429123,0.027705159356795465,0.016645860730508274,259888.39460393498,259935.26403512343,0.63,0.7390227268111184,0.7333297998646233,0.21142417220355836,0.008311997711934957,0.036576910079732065,0.3112999820118107,0.0885809749474185,0.016197140662576246,0.00864868465385546,-0.04634674184195283,False
smooth_nonlinear_rand,tanh,4,1,3,0,True,0.013014771044254303,0.027705159356795465,0.0179838742119676,161531.05559316993,161542.83384594857,0.33,0.4265953144832814,0.4183560599013644,0.2474761763267081,0.008538004759538916,0.03729128615118489,0.24622046822508808,0.04805204789301021,0.017139115316443156,0.052366369400093066,-0.32812412010604797,False
smooth_nonlinear_rand,tanh,4,1,3,0,False,0.013128220103681087,0.06465677678278643,0.06755207112551118,263.17464009639326,263.62581493078926,0.39,0.2036270967347372,0.2086632968137639,0.29278412646888385,0.008540056120603347,0.1341475008489697,0.078695777207716,0.27301469777837917,0.06758926096795362,0.13969852344736194,-0.6924082013656242,False
smooth_nonlinear_rand,tanh,4,1,3,0,False,0.014674421399831772,0.06465677678278643,0.03991910329748513,0.8174390167293264,0.7921880728755422,0.625,0.0999901128105075,0.09550080039755,0.3630680136160326,0.00819993980769057,0.08095953715902633,0.07814433169337051,0.2505945715496372,0.03997096495857784,0.13313894241016394,-0.6440530643298931,False
smooth_nonlinear_rand,tanh,4,1,3,0,False,0.00648103840649128,0.06465677678278643,0.045559189625167286,708.3059405959087,708.1056995449072,0.69,0.37358407866509596,0.3277727915986447,0.2946974658718161,0.009394661905083609,0.09697161494071949,0.06379707322682678,0.08796470580923865,0.04550924651874243,0.17377207185821558,-0.9989694556384279,False
smooth_nonlinear_rand,tanh,4,1,3,0,False,0.004762094467878342,0.06465677678278643,0.048965084515263185,29.6338536616966,29.777885101129442,0.56,0.18647798066363563,0.13690515785313842,0.17288156292980705,0.010177947112586475,0.10591658910386637,0.06632018022896533,0.0320566747970136,0.04875002179885111,0.1852690381730963,-1.132816044263232,False
smooth_nonlinear_rand,tanh,4,1,3,0,False,0.014070873148739338,0.06465677678278643,0.04164761765334991,56.971348868648136,56.960782969686285,0.6,0.1873057845708468,0.19958368106524832,0.17916525100441788,0.008128128405989515,0.08344654285354197,0.08454466950057163,0.2481389585962787,0.04166020557654156,0.1356562573464481,-0.6622930028992564,False
smooth_nonlinear_rand,tanh,4,1,3,0,False,0.014212504960596561,0.06465677678278643,0.04181188090373176,1.3971049170865886,1.3618820263429918,0.55,0.12990815653595852,0.12769059685961337,0.38562062818213705,0.008250433230396287,0.08468370625417529,0.07743809616794853,0.2568760116159593,0.041796349788302135,0.13506075766330167,-0.657943421440965,False
smooth_nonlinear_rand,tanh,4,1,3,0,False,0.006403463892638683,0.06465677678278643,0.045963502224345795,414.4477990874635,414.3818898533173,0.43,0.3678718096679516,0.33644128717834365,0.23624279802561252,0.009432236426590078,0.09821918711854218,0.05443002196446822,0.07617299701197645,0.0459720483698858,0.174255322243559,-1.0041990857186676,False
smooth_nonlinear_rand,tanh,4,1,3,0,False,0.012378131970763206,0.06465677678278643,0.06571769357630469,1203.254734482513,1204.1200558548035,0.415,0.210518102917451,0.24380386066310375,0.26999019098335364,0.008448653061834382,0.13130731808700546,0.080989192394774,0.2686028141302608,0.0657400714091364,0.14301991506643502,-0.7179589420607362,False
smooth_nonlinear_rand,tanh,4,1,3,0,False,0.005971922073513269,0.06465677678278643,0.05713070000715013,218.97589139742934,218.55185835269774,0.56,0.470073427667016,0.2833741417442022,0.27837358958948016,0.009227562371535769,0.1146354722646511,0.07419008134710273,0.1368350229238009,0.05733176647067739,0.1769987564913379,-1.0344999186557304,False
smooth_nonlinear_rand,tanh,4,1,3,0,False,0.014636551961302757,0.06465677678278643,0.04102847023758118,109785.08753547077,109814.41099393168,0.33,0.6435664230071804,0.576188652279251,0.21490729701969072,0.008554636612145155,0.08193010803403863,0.04109796338831587,0.2406994495416915,0.041004543730139044,0.1332953503654345,-0.6451752718481705,False
smooth_nonlinear_rand,tanh,4,1,3,0,False,0.005096436943858862,0.06465677678278643,0.04824274427753499,30.359699205359284,30.56210129023572,0.625,0.18338899882396664,0.13192462318012235,0.7342282075328735,0.01004958195327036,0.10471555412880584,0.05591175220503028,0.011115732341400286,0.048224089675604015,0.1828876350999925,-1.1033473954864654,False
smooth_nonlinear_rand,tanh,4,1,3,0,False,0.01565966010093689,0.06465677678278643,0.06989674164153632,2904.2044476090978,2906.1288352878414,0.53,0.16013789766105516,0.1977030600973837,0.2899051315559614,0.007908778106742068,0.13848146023184632,0.06438128684999468,0.2732204634747979,0.06977689834664712,0.12913840503975133,-0.6158317194265707,False
smooth_nonlinear_rand,tanh,4,1,3,0,False,0.012895304709672928,0.06465677678278643,0.05016658738636304,7.984311872559601,7.927178059723949,0.535,0.11458634331139178,0.11890899977323871,0.7911038149331897,0.008343801795301163,0.1013178098114632,0.08960457346634398,0.2493394169684509,0.05013908946357773,0.14071947347229924,-0.700182441959737,False
smooth_nonlinear_rand,tanh,4,1,3,0,False,0.013108767569065094,0.06465677678278643,0.04621300276646822,0.6853900381518211,0.680092990356647,0.67,0.13421387762387127,0.11566900255281017,0.4589644320731473,0.008138722445370734,0.09357619336791173,0.07951593956399852,0.2381860417270677,0.04609875058900117,0.13978344232454823,-0.6930521876414959,False
smooth_nonlinear_rand,tanh,4,1,3,0,False,0.014934036880731583,0.06465677678278643,0.04162634107485163,0.7139975823887669,0.7195432241016856,0.645,0.1036740148032696,0.11457240822116674,0.2956101694694636,0.008188320231593937,0.0823137918107793,0.07927190584021687,0.2503873028546777,0.04162411018287868,0.1320720715214651,-0.6364368312021944,False
smooth_nonlinear_rand,tanh,4,1,3,0,False,0.007092610001564026,0.06465677678278643,0.06172447787433679,11925.166919386107,11926.343465221771,0.455,0.30733877581257724,0.2755873199909515,0.19526424286163394,0.009900598527864917,0.1295798419473153,0.06015466598246754,0.14624677962406388,0.06170359086760923,0.17005933390184827,-0.9598079705861908,False
smooth_nonlinear_rand,tanh,4,1,3,0,False,0.00859079323709011,0.06465677678278643,0.048238697357026565,86.53281747975805,87.06016309658433,0.675,0.28455558422717947,0.2590621273487047,0.20660420168843835,0.009858260525807926,0.10365304072884018,0.07960686513377946,0.03852558643707394,0.04802019667269896,0.16159043652045785,-0.8765807841417944,False
smooth_nonlinear_rand,tanh,4,1,3,0,False,0.006460134405642748,0.06465677678278643,0.046303433891605954,826.4165624209861,826.9579188979911,0.59,0.3752960123249789,0.33071453211220947,0.25528959039135246,0.009246034620557822,0.09799246588047089,0.056119464748948245,0.0518740816374945,0.0463110393608118,0.1739020073336437,-1.0003724969618017,False
smooth_nonlinear_rand,tanh,4,1,3,0,False,0.01452003326267004,0.06465677678278643,0.07719660122403427,9257.478774508929,9259.967306415294,0.375,0.2604660964143809,0.29233641568859503,0.7808735008844899,0.008506742382176134,0.15146397817690987,0.08015528618142201,0.26982292146342446,0.07721705962038063,0.13377786797238572,-0.6486464394664346,False
smooth_nonlinear_rand,tanh,4,1,3,0,False,0.014430547133088112,0.06465677678278643,0.03876468304989566,0.8269088158576328,0.8113179978461035,0.84,0.07625911286392856,0.0697533908796028,0.495007729896213,0.007994472283775762,0.07756538424842963,0.0743671490253271,0.20399471443293943,0.03876409781874674,0.13414975635183904,-0.6513312530711248,False
smooth_nonlinear_rand,tanh,4,1,3,0,False,0.01607779785990715,0.06465677678278643,0.08200528728813702,11183.02720902021,11186.305474482684,0.335,0.3212555248715441,0.3315345650951115,0.36420806800303474,0.008548097270447733,0.15862333647701998,0.07911699532024197,0.2724316513498809,0.08197345982872811,0.1274787121106201,-0.6043874865789809,False
smooth_nonlinear_rand,tanh,4,1,3,0,False,0.012562176212668419,0.06465677678278643,0.059801761556053795,32.707229255937996,32.77102078539817,0.43,0.1394663446822756,0.14458458373773836,0.1995848245803349,0.008477842126968501,0.11973955259385936,0.08497230241828926,0.26459176215074215,0.05984773666120073,0.14219585421045075,-0.7115491696547895,False
smooth_nonlinear_rand,tanh,4,1,3,0,False,0.015311772003769875,0.06465677678278643,0.07823822571556335,12232.28694262819,12234.079202263569,0.495,0.16328996290587577,0.21735117435831386,0.21240946731674093,0.008410359321001865,0.1523122140562977,0.07039085936826546,0.24993531676875372,0.07829364700897141,0.13053622352030356,-0.6255885969945829,False
smooth_nonlinear_rand,tanh,4,1,3,0,False,0.012061184272170067,0.06465677678278643,0.0492733546072828,3.7950579965282953,3.7721234859630015,0.6,0.12039487389613224,0.1296738182306753,0.11943594217658277,0.008253605530926977,0.10044244504350744,0.0960218491463587,0.2314821999441135,0.0492171417875346,0.14445354549498296,-0.7292240980044067,False
smooth_nonlinear_rand,tanh,4,1,3,0,False,0.014083380810916424,0.06465677678278643,0.07121727171659761,43848.3776527584,43850.43012418119,0.59,0.25638391183952236,0.2964311117651489,0.2640125693504974,0.008373190239717526,0.1398047310387191,0.061778020891597896,0.2460611181088451,0.07121015509951929,0.1356035478164438,-0.6619071280662624,False
smooth_nonlinear_rand,tanh,4,1,3,0,False,0.006672575604170561,0.06465677678278643,0.04669813487504047,378.9496071606962,379.33390124470526,0.415,0.35083783405656144,0.31786015324412215,0.2981684949785327,0.009736148362273472,0.09875427337271962,0.07283451053727463,0.051723778358221464,0.0465913971246715,0.17259113386116226,-0.9863205474217451,False
smooth_nonlinear_rand,tanh,4,1,3,0,False,0.006309820339083672,0.06465677678278643,0.04740941182903349,384.4361058551128,384.7832024555833,0.435,0.35257173102662787,0.31931912906685594,0.42092861389374336,0.009701415937121339,0.10045917072409834,0.06750869700726173,0.054877533940795906,0.04734659081183429,0.1748425910793573,-1.0105970570618577,False
smooth_nonlinear_rand,tanh,4,1,3,0,False,0.0069733369164168835,0.06465677678278643,0.05679174341044543,217.72420089334975,217.95619313956536,0.415,0.3376958585366013,0.2921211320935452,0.10916037517168727,0.010070365416869384,0.12093701293566289,0.054373044469794726,0.10389156000234101,0.05682795031924119,0.17077046041610586,-0.9671734020912315,False
smooth_nonlinear_rand,tanh,4,1,3,0,False,0.013510261662304401,0.06465677678278643,0.04170925650450474,0.619585187942461,0.5975927977493289,0.695,0.08805164508362356,0.08167630022625078,0.1824651095449075,0.008165743746918096,0.08489347834481685,0.08677901349322469,0.2378993942748566,0.04170110341128092,0.13804331748263338,-0.6799502903425948,False
smooth_nonlinear_rand,tanh,4,1,3,0,False,0.012541664764285088,0.06465677678278643,0.04697424570793754,11.634517523335337,11.827656896787037,0.31,0.2524862304268975,0.22131962536128746,0.35946114116765754,0.008343964929185127,0.09394934961582066,0.07080891226419948,0.23233362261371907,0.04691779005910055,0.1422873942886921,-0.7122588627124546,False
smooth_nonlinear_rand,tanh,4,1,3,0,False,0.004617368336766958,0.06465677678278643,0.050058756876806436,28.965415657143318,29.08848936549055,0.485,0.18503051883955052,0.1352624835454545,0.215448751281971,0.010314412613759427,0.10808724931465796,0.06704500216534517,0.030583087519032513,0.049837068337972946,0.18632574836970534,-1.1462195302406668,False
smooth_nonlinear_rand,tanh,4,1,3,0,False,0.012821180745959282,0.06465677678278643,0.046410683239365105,1.1631573519908738,1.1597338510554942,0.46,0.1414375504505954,0.1396893559685574,0.41450785358356557,0.008294113265021191,0.09336294668893788,0.06464840697961112,0.24029082435319843,0.04645241150483825,0.14104631578905438,-0.7026860280444268,False
smooth_nonlinear_rand,tanh,4,1,3,0,False,0.01335669495165348,0.06465677678278643,0.044310009193349806,0.8170960762560007,0.80015916905711,0.68,0.08627772282393886,0.07650301679472117,0.15893996739506105,0.008058583054180474,0.08946087499318843,0.08093409011701772,0.23026679250495516,0.04421613779539016,0.1387058003032267,-0.6849150433151372,False
smooth_nonlinear_rand,tanh,4,1,3,0,False,0.013155948370695114,0.06465677678278643,0.040417376008829616,0.7123920748002134,0.6821169363617479,0.62,0.08961111430362236,0.08609716405517195,0.31832801872261623,0.00833836973800504,0.08285646223301127,0.07645609990801015,0.22274961756767697,0.0404469743365034,0.1395775860358403,-0.6914918902534084,False
smooth_nonlinear_rand,tanh,4,1,3,0,False,0.013682441785931587,0.06465677678278643,0.06969351364956577,527.5027168630174,528.1267701554242,0.37,0.23053047976458957,0.23154491262740715,0.37616021204951866,0.008486939199288798,0.13790393252891897,0.07125606752247356,0.27518542633267057,0.06972303308120532,0.13730499855744704,-0.674450441673453,False
smooth_nonlinear_rand,tanh,4,1,3,0,False,0.005240363068878651,0.06465677678278643,0.058026659405267564,33.251127177477244,33.47197308662581,0.375,0.2108715150887487,0.1719539354739177,0.30258554694991013,0.010261198169960548,0.12277415732194705,0.0664100853067371,0.025458337779500895,0.05754717394495883,0.18188661660122207,-1.0912526734014187,False
smooth_nonlinear_rand,tanh,4,1,3,0,False,0.013295672833919525,0.06465677678278643,0.06929365855325977,439.5953490108977,440.1701373350806,0.39,0.20743495508632165,0.21942148271824946,0.2651088322826143,0.00856194832569281,0.13746494554608446,0.07932381952396486,0.2725161161647047,0.06934875774642517,0.13897010486773814,-0.6869037308138972,False
smooth_nonlinear_rand,tanh,4,1,3,0,False,0.013140358962118626,0.06465677678278643,0.04422215114957929,0.5932593809859216,0.5712477239443582,0.64,0.10761132175121943,0.10444580968042452,0.21415900397982413,0.008242489717699208,0.08974927277441372,0.07920129141372587,0.2470296435251194,0.04422588486415946,0.13964556386277732,-0.6920068214814611,False
smooth_nonlinear_rand,tanh,4,1,3,0,False,0.006814579479396343,0.06465677678278643,0.04374284821556596,560.565176743603,561.0389361692866,0.62,0.3624308820466131,0.322464034775426,0.17398092881443233,0.009689089451500904,0.09224858958207034,0.07056005363961457,0.031824972068392576,0.04368685992865629,0.17172650238611126,-0.9771749895814612,False
smooth_nonlinear_rand,tanh,4,1,3,0,False,0.012932091020047665,0.06465677678278643,0.05119892385066179,9.850836842646457,9.805073278042384,0.49,0.11835423967068304,0.12171887934531464,0.29999233052575264,0.008370009192908907,0.10323418311832941,0.08273400803052583,0.25856837678057604,0.05119944220997616,0.14055761664072142,-0.6989452980698977,False
smooth_nonlinear_rand,tanh,4,1,3,0,False,0.011665998958051205,0.06465677678278643,0.04516926901611682,0.3279489612532338,0.3225191898808263,0.675,0.07732103860198197,0.07668078193929492,0.23077456513107328,0.008451073189216996,0.09389738302456882,0.07299398853442432,0.18618638084299305,0.045206476738959236,0.1462677146050556,-0.7436921174137845,False
smooth_nonlinear_rand,tanh,4,1,3,0,False,0.005212530959397554,0.06465677678278643,0.04715027524222021,33.6840021177172,33.877333780562445,0.62,0.18608427918813258,0.13442419368018638,0.32750966890654254,0.010097231379003745,0.10257070120164695,0.051656011492793544,0.013069895942699455,0.04717526912711614,0.1820791088461069,-1.093565403273051,False
smooth_nonlinear_rand,tanh,4,1,3,0,False,0.004998206626623869,0.06465677678278643,0.05013415787790231,33.30642034495566,33.523696734694255,0.64,0.1898892025617695,0.13836325434351107,0.18231757145069866,0.010134649979608477,0.1084028794624136,0.06769545839576863,0.022785824877632112,0.05005596508035549,0.1835789727274072,-1.1117998447571342,False
smooth_nonlinear_rand,tanh,4,1,3,0,False,0.013786383904516697,0.06465677678278643,0.041875675031308714,0.6271877897216663,0.5937015502335324,0.6,0.10702182014467007,0.10211137052674261,0.1779730493112196,0.008194379296234258,0.08512086938848364,0.08072908026441962,0.24738272692610835,0.04187776109897337,0.1368615356527848,-0.6711636827486341,False
smooth_nonlinear_rand,tanh,4,1,3,0,False,0.013676953501999378,0.06465677678278643,0.07420468584214115,620678.4519562087,620694.559211243,0.37,0.34475392302382046,0.3854917348434862,0.5403488202977678,0.008519705494096495,0.14672048858761133,0.0769377085392825,0.2647170544764768,0.07417449203142183,0.13732846073561653,-0.674624680280247,False
smooth_nonlinear_rand,tanh,4,1,3,0,False,0.01617000624537468,0.06465677678278643,0.08188377720984147,5293.232110125777,5294.599972732803,0.515,0.16229696871622123,0.2130633053139136,0.21227322605720592,0.008472966288999618,0.1581838725435967,0.07924854621792399,0.25090931569041675,0.08190543943214472,0.12711562921501968,-0.6019038630738854,False
smooth_nonlinear_rand,tanh,4,1,3,0,False,0.0058619617484509945,0.06465677678278643,0.04967728661936259,680.5895267435002,681.0816809024698,0.51,0.3572685953015675,0.3162326306286641,0.15284021182951282,0.009421930005840077,0.10487526189030012,0.0691281235578007,0.05803366492202166,0.049630936365535866,0.1777135194763352,-1.0425710705451907,False
smooth_nonlinear_rand,tanh,4,1,3,0,False,0.01400053407996893,0.06465677678278643,0.07137741934794523,893.6879127472976,894.0164557628319,0.555,0.14078631380436388,0.17759092854089964,0.33391102520173144,0.008285688883966531,0.1408250503507628,0.06986135491052742,0.24010188697201681,0.07137641620092858,0.13595311610375027,-0.6644694476434387,False
smooth_nonlinear_rand,tanh,4,1,3,0,False,0.024900835007429123,0.06465677678278643,0.03243413070273213,259888.39460393498,259935.26403512343,0.63,0.7390227268111184,0.7333297998646233,0.21142417220355836,0.008311997711934957,0.06012153861652257,0.047621353773427494,0.17855557184736612,0.0325141223148837,0.09647698446330932,-0.4144001400471877,False
smooth_nonlinear_rand,tanh,4,1,3,0,False,0.013014771044254303,0.06465677678278643,0.06828833631973812,161531.05559316993,161542.83384594857,0.33,0.4265953144832814,0.4183560599013644,0.2474761763267081,0.008538004759538916,0.13546179043119455,0.06019006194487388,0.2639058860426964,0.06825826203692602,0.14019466920954693,-0.6961775183112828,False
smooth_nonlinear_rand,tanh,"8,4",2,3,0,True,0.0037559799384325743,0.009743964901904007,0.014284360122544111,,,,0.4343582054757169,0.44098224713197787,0.18056910127949038,0.011542098757984539,0.026297761541359016,0.5457626414445527,0.1307889354507239,0.014443344932870632,0.037425473540204465,-0.41401244701613554,False
smooth_nonlinear_rand,tanh,"8,4",2,3,0,True,0.009334256872534752,0.009743964901904007,0.012431465236530376,,,,0.4299356978488285,0.38014098690593956,0.12362638726892028,0.01119411278694045,0.023904900061833104,0.5762685625326083,0.15480070952837527,0.011996816676184933,0.0020975656938744675,-0.018655962739394016,False
smooth_nonlinear_rand,tanh,"8,4",2,3,0,True,0.00265335850417614,0.009743964901904007,0.008230093164428059,,,,0.4270106508869348,0.36071883964384416,0.30965397460461713,0.01124931092426442,0.014838238793226717,0.5410476789240914,0.12551406727970868,0.007892296911949788,0.04720076260084346,-0.5649397780155531,False
smooth_nonlinear_rand,tanh,"8,4",2,3,0,True,0.0029086510185152292,0.009743964901904007,0.011478954595173601,,,,0.24775930077071046,0.2508345416223728,0.13200353797081868,0.01143060371821186,0.018575647665406255,0.5443011410772043,0.17253413433257803,0.010691857476343396,0.04477961270492326,-0.5250440934564905,False
smooth_nonlinear_rand,tanh,"8,4",2,3,0,True,0.004092033486813307,0.009743964901904007,0.013459506060511274,,,,0.12003170079932265,0.08495443187617877,0.22735599913259869,0.011236769757798854,0.02454948331675383,0.5542710513161657,0.17459481053173065,0.012353376404293064,0.034742519543129555,-0.37679653188080614,False
smooth_nonlinear_rand,tanh,"8,4",2,3,0,True,0.008471576496958733,0.009743964901904007,0.01613824287038339,,,,0.41408984755577194,0.32427753043191143,0.2479888687784858,0.01137046651061111,0.032760793720649495,0.5796908862348742,0.11287912376685999,0.016321872427619722,0.006670356249755968,-0.06077147414496204,False
smooth_nonlinear_rand,tanh,"8,4",2,3,0,True,0.0061002857983112335,0.009743964901904007,0.005455153109697285,,,,0.5753933302203487,0.5562706635231623,0.28621570442280475,0.01130666767409781,0.010805856650527988,0.5465387126799512,0.06113694511518976,0.004754711835277729,0.02060719727919716,-0.2033855287696911,False
smooth_nonlinear_rand,tanh,"8,4",2,3,0,True,0.00394153967499733,0.009743964901904007,0.00836127421932739,,,,0.5563750487844754,0.5229627751452594,0.47924482877866437,0.011060965052670122,0.014677739650433203,0.5608811072568285,0.13769631364196558,0.008027603031160763,0.035929841013931374,-0.39306980847844286,False
smooth_nonlinear_rand,tanh,"8,4",2,3,0,True,0.00264194468036294,0.009743964901904007,0.009711019406199414,,,,0.16709418885403932,0.13742853989085216,0.19608037004236872,0.011360580672744498,0.016386252810160686,0.5452281315584651,0.13101980533835442,0.009316279671797838,0.04731167267695947,-0.5668119912594287,False
smooth_nonlinear_rand,tanh,"8,4",2,3,0,True,0.0029528052546083927,0.009743964901904007,0.009699851720181856,,,,0.10581033414412187,0.06734595945015552,0.1943303831006359,0.011194023175273881,0.01835694577267153,0.5999224037613224,0.12099508073092528,0.009246951341137993,0.044371802871564135,-0.5185009059192204,False
smooth_nonlinear_rand,tanh,"8,4",2,3,0,True,0.01369394175708294,0.009743964901904007,0.0034343269093044223,,,,0.323407892680359,0.29681262320629637,0.2434983541448023,0.008521685167755866,0.00668325515801479,0.5072616346741232,0.02028983938428734,0.0018530404101412396,0.018309593061353602,0.14779276545089715,False
smooth_nonlinear_rand,tanh,"8,4",2,3,0,True,0.002370412927120924,0.009743964901904007,0.008954966712997569,,,,0.5427811617242108,0.5439028308262616,0.3838919478784311,0.011625944458750287,0.01587366693165925,0.5527843607028824,0.1069285475026458,0.008807283076651585,0.05002463704975376,-0.613911704031016,False
smooth_nonlinear_rand,tanh,"8,4",2,3,0,True,0.001498019671998918,0.009743964901904007,0.008444210194558465,,,,0.39245733923908066,0.38399927144165913,0.2228406180256039,0.011414419104374577,0.015574363512083965,0.49190783545502326,0.11604121818334524,0.008345041745492195,0.060007264559250595,-0.8132181943906279,False
smooth_nonlinear_rand,tanh,"8,4",2,3,0,True,0.003115106141194701,0.009743964901904007,0.013819948304812838,,,,0.3022254694578935,0.2775063811784704,0.20777688915016068,0.011553850506034557,0.02543733279030932,0.5595542252855853,0.1430316833803272,0.013642578183290378,0.04289838773330262,-0.4952628619592761,False
smooth_nonlinear_rand,tanh,"8,4",2,3,0,True,0.0007785902707837522,0.009743964901904007,0.010013870702709964,,,,0.362684617213233,0.3100736149494182,0.08980408683230734,0.011552355814784941,0.018350105545382876,0.45906527985746926,0.13693654901962807,0.009738775357837652,0.0708082931808538,-1.0974267384491352,False
smooth_nonlinear_rand,tanh,"8,4",2,3,0,True,0.007308431435376406,0.009743964901904007,0.01686835344440513,,,,0.42331901978196723,0.4358432926500008,0.4487639068364513,0.0115052949048211,0.03099033192992947,0.5347819699296831,0.17286615888681028,0.016571095582712435,0.013222159195366179,-0.12491153399809908,False
smooth_nonlinear_rand,tanh,"8,4",2,3,0,True,0.008089411072432995,0.009743964901904007,0.019597989068145468,,,,0.18389659182432755,0.09940986146500153,0.25679586460577897,0.011425505215739292,0.035245747115715285,0.5796217596490756,0.17162506896086008,0.019119427512823094,0.008770370266875313,-0.08081880581317137,False
smooth_nonlinear_rand,tanh,"8,4",2,3,0,True,0.0025495963636785746,0.009743964901904007,0.009040047124170914,,,,0.4985059338053591,0.44257519577490423,0.326046089757529,0.011303415963889505,0.015496802622360166,0.43715880355003445,0.12857082048403967,0.008997484929460904,0.04821799571451192,-0.5822642798874957,False
smooth_nonlinear_rand,tanh,"8,4",2,3,0,True,0.0016054646112024784,0.009743964901904007,0.008392636941820858,,,,0.22134828269549356,0.1582567929251048,0.1123452994874064,0.011489779714223667,0.015733909560386648,0.5905678974037911,0.12185428030864527,0.008261394071573747,0.05864327423778916,-0.7831349739690877,False
smooth_nonlinear_rand,tanh,"8,4",2,3,0,True,0.00513605959713459,0.009743964901904007,0.016353812644635937,,,,0.4194879883757501,0.37362475019765473,0.3290182897276923,0.011660120153492333,0.029742911578112378,0.5517891678289301,0.14850315325560945,0.016091706488864082,0.02704521638710733,-0.27810565644861657,False
smooth_nonlinear_rand,tanh,"8,4",2,3,0,True,0.0013450637925416231,0.009743964901904007,0.009465997471667556,,,,0.2397426202251034,0.23486052492784354,0.30055416375703287,0.01153003526694514,0.017480292656129423,0.5757532318111531,0.12320592191747723,0.009274240011001514,0.062036412302944946,-0.8599928287717741,False
smooth_nonlinear_rand,tanh,"8,4",2,3,0,True,0.004645874723792076,0.009743964901904007,0.007649124342679208,,,,0.3688732821831663,0.3123323233236468,0.32036726040578034,0.011400221465062373,0.013891490009552337,0.42819979947640785,0.07630465346803214,0.007614459232088223,0.030550869872486106,-0.3216682160949103,False
smooth_nonlinear_rand,tanh,"8,4",2,3,0,True,0.002513149054720998,0.009743964901904007,0.009930269304386723,,,,0.08829122316022125,0.05724449267316396,0.10600840373250597,0.011336366092739724,0.018331692053159293,0.4880004075823952,0.14349980254205622,0.009186783623626911,0.04858020555026779,-0.5885174636116327,False
smooth_nonlinear_rand,tanh,"8,4",2,3,0,True,0.0015161558985710144,0.009743964901904007,0.009499966801022724,,,,0.12867935768997985,0.11895078993052491,0.29897593128679256,0.011553457548906843,0.017416504070744923,0.5520976011475986,0.12652170037611923,0.00918053864825427,0.05977367704371558,-0.8079918510714239,False
smooth_nonlinear_rand,tanh,"8,4",2,3,0,True,0.008039334788918495,0.009743964901904007,0.01623265654208089,,,,0.23421226152858624,0.20598928186660784,0.07368819237562037,0.011320849703699669,0.02713282260910041,0.5653712057220593,0.20201187944109358,0.015785919170402916,0.009049186025030867,-0.08351559621123071,False
smooth_nonlinear_rand,tanh,"8,4",2,3,0,True,0.0032916534692049026,0.009743964901904007,0.010212956172790146,,,,0.13167003903796753,0.10568348241512657,0.4031912172761536,0.011317224804992494,0.017152712921770237,0.5469300302682607,0.15598196683250976,0.009891450412689575,0.0413385904074294,-0.4713216026136016,False
smooth_nonlinear_rand,tanh,"8,4",2,3,0,True,0.0010953835444524884,0.009743964901904007,0.008335384851826099,,,,0.39449343320539354,0.3432059733306398,0.2291045929508363,0.011607595818474117,0.014508108914022854,0.5398451382165301,0.13686394443639888,0.007701560345538772,0.06561494460848144,-0.9491694985538353,False
smooth_nonlinear_rand,tanh,"8,4",2,3,0,True,0.008107817731797695,0.009743964901904007,0.017453253499496973,,,,0.13952084427871247,0.08991982617256186,0.11770933122488168,0.011161628314202409,0.0310217406097325,0.5709834751325514,0.1786470373345389,0.01618494335164583,0.00866810228424536,-0.07983173399611461,False
smooth_nonlinear_rand,tanh,"8,4",2,3,0,True,0.002780260518193245,0.009743964901904007,0.008034670767857518,,,,0.3187584378116799,0.2569085172208034,0.29375119505057146,0.011503342385259688,0.014674334825432536,0.5329869711683302,0.09029063874732768,0.007573046070173683,0.04598334790047293,-0.5446502185145335,False
smooth_nonlinear_rand,tanh,"8,4",2,3,0,True,0.0038757657166570425,0.009743964901904007,0.006047020206537988,,,,0.13027522969927344,0.11630820192743088,0.12114177805789933,0.011233343681829972,0.011436960617959839,0.5237853374246249,0.09920757984914232,0.0054737455594590255,0.03645587558270454,-0.40037819412711195,False
smooth_nonlinear_rand,tanh,"8,4",2,3,0,True,0.0179120060056448,0.009743964901904007,0.008825326992105299,,,,0.4245240985161991,0.4306623425667742,0.41029839151294456,0.009321028747637034,0.017108757778595204,0.5684001143661463,0.06282677725997085,0.007973351875527546,0.03512421897816334,0.26440851523586817,False
smooth_nonlinear_rand,tanh,"8,4",2,3,0,True,0.005330825224518776,0.009743964901904007,0.008955853476687942,,,,0.1862813788083083,0.1733612817421831,0.195129724995648,0.011600068245007625,0.016075990381301843,0.4703172782111269,0.08252887722790081,0.00881081718626138,0.02569902318552232,-0.2619412668907309,False
smooth_nonlinear_rand,tanh,"8,4",2,3,0,True,0.0007933457964099944,0.009743964901904007,0.009535337876196264,,,,0.28512443886924677,0.2288882333281595,0.23266392355402887,0.011618830704794504,0.01729386452780954,0.5633854839420952,0.1269500993049377,0.009415050882183681,0.07054512884628164,-1.0892731860024338,False
smooth_nonlinear_rand,tanh,"8,4",2,3,0,True,0.007428464479744434,0.009743964901904007,0.01940945645410815,,,,0.445492120682246,0.3827959384754187,0.09715803571374274,0.011583595254111324,0.034991014165913256,0.5415587117511483,0.1763289847085895,0.01931840794845226,0.012522983348977432,-0.11783665989164509,False
smooth_nonlinear_rand,tanh,"8,4",2,3,0,True,0.003552717622369528,0.009743964901904007,0.012415574783613832,,,,0.1398799003814938,0.08301694408083954,0.13248291749937835,0.011294912417554311,0.0228837092714465,0.5455477537879528,0.1410792106486072,0.01191047297212225,0.03910684579660049,-0.4381750207455299,False
smooth_nonlinear_rand,tanh,"8,4",2,3,0,True,0.0024932583328336477,0.009743964901904007,0.010286358392417148,,,,0.3520159917208249,0.38107429404930426,0.1576974290902795,0.011436519110018452,0.01711749553677991,0.47169470993016693,0.15463108416365373,0.01004033206654096,0.048778985836161665,-0.5919684317576245,False
smooth_nonlinear_rand,tanh,"8,4",2,3,0,True,0.0037711893673986197,0.009743964901904007,0.012082727863890808,,,,0.42434504721521793,0.43752844856899836,0.4607150923182799,0.011294281414013901,0.021690885540557425,0.5245267813732477,0.12867060940016917,0.011517933437553361,0.037301513333882465,-0.4122573702285529,False
smooth_nonlinear_rand,tanh,"8,4",2,3,0,True,0.0027030035853385925,0.009743964901904007,0.01055547283760076,,,,0.40204405924136205,0.34228951053140877,0.44243452599940314,0.011414004798178806,0.017043757733335232,0.5298843848751755,0.17445149037434513,0.010090299709972866,0.046721105446038205,-0.5568890891886883,False
smooth_nonlinear_rand,tanh,"8,4",2,3,0,True,0.00614525843411684,0.009743964901904007,0.016361660441945945,,,,0.21675072230179188,0.20469138963623532,0.3318957279591229,0.011399485140493208,0.026983543060407518,0.526318728600846,0.18354552688424342,0.01590970805405476,0.02031982489534391,-0.2001955594210672,False
smooth_nonlinear_rand,tanh,"8,4",2,3,0,True,0.008656407706439495,0.009743964901904007,0.018382452582775655,,,,0.37301049650890217,0.336945872644226,0.1941242635604723,0.011336608701577947,0.03125033066730429,0.5342693564114986,0.20519549550939475,0.017741916275173394,0.005671705798316509,-0.051398007953623176,False
smooth_nonlinear_rand,tanh,"8,4",2,3,0,True,0.002722380217164755,0.009743964901904007,0.009364415086528449,,,,0.08764946154298282,0.06551742636590996,0.28878192619059495,0.011353297092012164,0.016962336267900523,0.5358544601140591,0.1341475084525251,0.008860719092466017,0.046535090111017335,-0.5537869307548138,False
smooth_nonlinear_rand,tanh,"8,4",2,3,0,True,0.0027148977387696505,0.009743964901904007,0.006638682665320656,,,,0.32120098011189163,0.34748272816487175,0.05900604720480275,0.011399461481851215,0.012542998611480321,0.5676420644243518,0.08469087253055918,0.00640464163796842,0.04660684306895041,-0.554982235153679,False
smooth_nonlinear_rand,tanh,"8,4",2,3,0,True,0.004293425474315882,0.009743964901904007,0.009502681954864884,,,,0.5287457533865214,0.5083440111534248,0.4449652298320752,0.011478814315706968,0.017949105784870235,0.5304147798423264,0.06172192667534598,0.00906442713282292,0.03318728787484626,-0.3559317821723793,False
smooth_nonlinear_rand,tanh,"8,4",2,3,0,True,0.01878857985138893,0.009743964901904007,0.01586553436522753,,,,0.5325537569955311,0.519114840513486,0.13811168181866468,0.011440391281970663,0.025334915459050655,0.4526970546217326,0.05269266560345109,0.01565171731874436,0.038359917031698776,0.2851582439256124,False
smooth_nonlinear_rand,tanh,"8,4",2,3,0,True,0.011989370919764042,0.009743964901904007,0.024955064651748838,,,,0.4344854326089575,0.42281409898252004,0.28088284724319934,0.011473618630746732,0.04226522610597318,0.5811271233386899,0.19661403874916145,0.024572633944287804,0.01078446220838225,0.0900606853916805,False
smooth_nonlinear_rand,tanh,"8,4",2,3,0,True,0.005406874231994152,0.009743964901904007,0.015701579103430986,,,,0.21951858134017616,0.19002950227068677,0.2581932151557041,0.011473306058887757,0.02759621448599956,0.4915547240075189,0.17149096145151893,0.015162537730369807,0.0251800730213909,-0.25578944327474795,False
smooth_nonlinear_rand,tanh,"8,4",2,3,0,True,0.003548686858266592,0.009743964901904007,0.011127936497866205,,,,0.3252464369571803,0.2658436727303315,0.14221563101736742,0.01160926721489621,0.0210361242430573,0.5407595433143135,0.1400898204196634,0.011017496582116943,0.03914066787383372,-0.4386680327406987,False
smooth_nonlinear_rand,tanh,"8,4",2,3,0,True,0.0014842834789305925,0.009743964901904007,0.0089434328535964,,,,0.16997939047299343,0.14618786044074303,0.2788450513391916,0.0113403370124876,0.015426398991969459,0.5090451329413234,0.15013408809041548,0.008443224409352836,0.06018512388702432,-0.8172188574591468,False
smooth_nonlinear_rand,tanh,"8,4",2,3,0,True,0.004741516895592213,0.009743964901904007,0.00856518362433235,,,,0.3781487136431114,0.39725223532391757,0.2513326721488375,0.011309338580534891,0.015444932520397239,0.5257045902470957,0.13464420091159104,0.007843904648001556,0.029852850302526796,-0.3128184085151566,False
smooth_nonlinear_rand,tanh,"8,4",2,3,0,True,0.00963116716593504,0.009743964901904007,0.012308231280717565,,,,0.27291530191393565,0.2987961836681798,0.2291256900412473,0.011578768919374767,0.021919524035069526,0.524411905107161,0.055947003541826565,0.011904889646785845,0.0005730135464783459,-0.005056790073764154,False
smooth_nonlinear_rand,tanh,"8,4",2,3,0,False,0.0037559799384325743,0.01101349573202235,0.01594337727554713,,,,0.4343582054757169,0.44098224713197787,0.18056910127949038,0.011542098757984539,0.028780736993067216,0.2524579792399273,0.1524570694637608,0.015962098795305187,0.04365915336032497,-0.46720192390129495,False
smooth_nonlinear_rand,tanh,"8,4",2,3,0,False,0.009334256872534752,0.01101349573202235,0.014288154924050434,,,,0.4299356978488285,0.38014098690593956,0.12362638726892028,0.01119411278694045,0.02685340613149581,0.34671576508988405,0.17719781193942066,0.013896327187057128,0.008331245513994973,-0.07184543962455346,False
smooth_nonlinear_rand,tanh,"8,4",2,3,0,False,0.00265335850417614,0.01101349573202235,0.010360354964214622,,,,0.4270106508869348,0.36071883964384416,0.30965397460461713,0.01124931092426442,0.018663604656004126,0.2572612533517187,0.1463275211341458,0.010302916537238548,0.053434442420963964,-0.6181292549007125,False
smooth_nonlinear_rand,tanh,"8,4",2,3,0,False,0.0029086510185152292,0.01101349573202235,0.013802354227415128,,,,0.24775930077071046,0.2508345416223728,0.13200353797081868,0.01143060371821186,0.02244757133491203,0.2693931196769087,0.19369941401538035,0.013734103263144918,0.05101329252504377,-0.5782335703416499,False
smooth_nonlinear_rand,tanh,"8,4",2,3,0,False,0.004092033486813307,0.01101349573202235,0.015269641693244997,,,,0.12003170079932265,0.08495443187617877,0.22735599913259869,0.011236769757798854,0.02742519491923514,0.2729036211084873,0.19662241507006592,0.014983302437951165,0.04097619936325006,-0.4299860087659655,False
smooth_nonlinear_rand,tanh,"8,4",2,3,0,False,0.008471576496958733,0.01101349573202235,0.017494398294950766,,,,0.41408984755577194,0.32427753043191143,0.2479888687784858,0.01137046651061111,0.03489853344204172,0.3033220068219909,0.13486812397745887,0.01771558262869734,0.012904036069876473,-0.11396095103012148,False
smooth_nonlinear_rand,tanh,"8,4",2,3,0,False,0.0061002857983112335,0.01101349573202235,0.007222699296217443,,,,0.5753933302203487,0.5562706635231623,0.28621570442280475,0.01130666767409781,0.01419733089783591,0.2573711299813755,0.08023191242917424,0.007268988844127608,0.026840877099317664,-0.25657500565485053,False
smooth_nonlinear_rand,tanh,"8,4",2,3,0,False,0.00394153967499733,0.01101349573202235,0.01094864901338743,,,,0.5563750487844754,0.5229627751452594,0.47924482877866437,0.011060965052670122,0.019330971922147833,0.25227648491955207,0.15843907862197196,0.010988043538908093,0.04216352083405188,-0.44625928536360226,False
smooth_nonlinear_rand,tanh,"8,4",2,3,0,False,0.00264194468036294,0.01101349573202235,0.012043461729732339,,,,0.16709418885403932,0.13742853989085216,0.19608037004236872,0.011360580672744498,0.020293426724346513,0.28103534653686146,0.15180686865136436,0.011938065584210747,0.05354535249707997,-0.6200014681445881,False
smooth_nonlinear_rand,tanh,"8,4",2,3,0,False,0.0029528052546083927,0.01101349573202235,0.01120206258269884,,,,0.10581033414412187,0.06734595945015552,0.1943303831006359,0.011194023175273881,0.02083673197804617,0.2532010595528694,0.14260640517068354,0.011106534737761544,0.05060548269168464,-0.5716903828043799,False
smooth_nonlinear_rand,tanh,"8,4",2,3,0,False,0.01369394175708294,0.01101349573202235,0.0027372390805966654,,,,0.323407892680359,0.29681262320629637,0.2434983541448023,0.008521685167755866,0.005371536275303252,0.1599177888332765,0.04153509067122992,0.0026754892382675147,0.012075913241233097,0.09460328856573769,False
smooth_nonlinear_rand,tanh,"8,4",2,3,0,False,0.002370412927120924,0.01101349573202235,0.010540667330539218,,,,0.5427811617242108,0.5439028308262616,0.3838919478784311,0.011625944458750287,0.018524914919138304,0.259740738960865,0.12642855133059075,0.010596934573703018,0.056258316869874266,-0.6671011809161754,False
smooth_nonlinear_rand,tanh,"8,4",2,3,0,False,0.001498019671998918,0.01101349573202235,0.010107755394769036,,,,0.39245733923908066,0.38399927144165913,0.2228406180256039,0.011414419104374577,0.018458040393169763,0.20079339580656624,0.13681070719615376,0.010102641354854813,0.0662409443793711,-0.8664076712757873,False
smooth_nonlinear_rand,tanh,"8,4",2,3,0,False,0.003115106141194701,0.01101349573202235,0.015309700687029455,,,,0.3022254694578935,0.2775063811784704,0.20777688915016068,0.011553850506034557,0.027648611833810864,0.2856766294733555,0.16474800731289205,0.015346614791538355,0.04913206755342313,-0.5484523388444354,False
smooth_nonlinear_rand,tanh,"8,4",2,3,0,False,0.0007785902707837522,0.01101349573202235,0.011187890093614615,,,,0.362684617213233,0.3100736149494182,0.08980408683230734,0.011552355814784941,0.01998314065235199,0.15673076278339665,0.15758982308424258,0.01121749018422772,0.0770419730009743,-1.1506162153342947,False
smooth_nonlinear_rand,tanh,"8,4",2,3,0,False,0.007308431435376406,0.01101349573202235,0.019278465656277544,,,,0.42331901978196723,0.4358432926500008,0.4487639068364513,0.0115052949048211,0.03474816179583754,0.2706311869748934,0.19488814711758315,0.01946537423530666,0.019455839015486684,-0.1781010108832585,False
smooth_nonlinear_rand,tanh,"8,4",2,3,0,False,0.008089411072432995,0.01101349573202235,0.021911743587074338,,,,0.18389659182432755,0.09940986146500153,0.25679586460577897,0.011425505215739292,0.03887640549935281,0.292270879026634,0.19422917743361748,0.021600926384175226,0.015004050086995818,-0.13400828269833076,False
smooth_nonlinear_rand,tanh,"8,4",2,3,0,False,0.0025495963636785746,0.01101349573202235,0.0115621327950741,,,,0.4985059338053591,0.44257519577490423,0.326046089757529,0.011303415963889505,0.0198335635129129,0.1427885374073655,0.14950188583306526,0.011633141522839629,0.05445167553463243,-0.6354537567726551,False
smooth_nonlinear_rand,tanh,"8,4",2,3,0,False,0.0016054646112024784,0.01101349573202235,0.009840177169179062,,,,0.22134828269549356,0.1582567929251048,0.1123452994874064,0.011489779714223667,0.018113875513162354,0.29022830099561214,0.14295839424818785,0.009785541624686932,0.06487695405790966,-0.8363244508542471,False
smooth_nonlinear_rand,tanh,"8,4",2,3,0,False,0.00513605959713459,0.01101349573202235,0.01780164576813414,,,,0.4194879883757501,0.37362475019765473,0.3290182897276923,0.011660120153492333,0.03201655019870894,0.27708359696409474,0.1704761341935371,0.017755425585590928,0.033278896207227834,-0.33129513333377597,False
smooth_nonlinear_rand,tanh,"8,4",2,3,0,False,0.0013450637925416231,0.01101349573202235,0.01065507118245403,,,,0.2397426202251034,0.23486052492784354,0.30055416375703287,0.01153003526694514,0.019356067674322186,0.26809076732194753,0.14350107512447147,0.010634095262580799,0.06827009212306545,-0.9131823056569335,False
smooth_nonlinear_rand,tanh,"8,4",2,3,0,False,0.004645874723792076,0.01101349573202235,0.009043095746477204,,,,0.3688732821831663,0.3123323233236468,0.32036726040578034,0.011400221465062373,0.016392155459774408,0.15872930864319573,0.0950078492819295,0.009060778898849493,0.03678454969260661,-0.37485769298006977,False
smooth_nonlinear_rand,tanh,"8,4",2,3,0,False,0.002513149054720998,0.01101349573202235,0.011725386756268856,,,,0.08829122316022125,0.05724449267316396,0.10600840373250597,0.011336366092739724,0.021344644264795168,0.19799353515506804,0.16482579955615365,0.011673521513491688,0.054813885370388296,-0.6417069404967922,False
smooth_nonlinear_rand,tanh,"8,4",2,3,0,False,0.0015161558985710144,0.01101349573202235,0.010657578489533207,,,,0.12867935768997985,0.11895078993052491,0.29897593128679256,0.011553457548906843,0.01925361675560342,0.2450077414336771,0.14711792990604028,0.010605713313112806,0.06600735686383608,-0.8611813279565833,False
smooth_nonlinear_rand,tanh,"8,4",2,3,0,False,0.008039334788918495,0.01101349573202235,0.019210866448186977,,,,0.23421226152858624,0.20598928186660784,0.07368819237562037,0.011320849703699669,0.031904500371642545,0.2669061488736878,0.22466351190702155,0.01900082040780599,0.015282865845151372,-0.13670507309639007,False
smooth_nonlinear_rand,tanh,"8,4",2,3,0,False,0.0032916534692049026,0.01101349573202235,0.012611594529000276,,,,0.13167003903796753,0.10568348241512657,0.4031912172761536,0.011317224804992494,0.02113206370398331,0.24614573958945143,0.17756022400318788,0.012591287774478021,0.0475722702275499,-0.524511079498761,False
smooth_nonlinear_rand,tanh,"8,4",2,3,0,False,0.0010953835444524884,0.01101349573202235,0.010081740336551005,,,,0.39449343320539354,0.3432059733306398,0.2291045929508363,0.011607595818474117,0.017334947968086795,0.25209613536348696,0.1572049010080833,0.01020397902174741,0.07184862442860196,-1.0023589754389948,False
smooth_nonlinear_rand,tanh,"8,4",2,3,0,False,0.008107817731797695,0.01101349573202235,0.019832929822847453,,,,0.13952084427871247,0.08991982617256186,0.11770933122488168,0.011161628314202409,0.03479291748687095,0.3027631197722209,0.2014018203427011,0.019208268148939688,0.014901782104365865,-0.133021210881274,False
smooth_nonlinear_rand,tanh,"8,4",2,3,0,False,0.002780260518193245,0.01101349573202235,0.009629073519257526,,,,0.3187584378116799,0.2569085172208034,0.29375119505057146,0.011503342385259688,0.01785988723130593,0.26662644534381635,0.11042670344169085,0.009686321595405232,0.05221702772059344,-0.5978396953996928,False
smooth_nonlinear_rand,tanh,"8,4",2,3,0,False,0.0038757657166570425,0.01101349573202235,0.007467304030382389,,,,0.13027522969927344,0.11630820192743088,0.12114177805789933,0.011233343681829972,0.014087322238945562,0.22872103362522211,0.1194956038443179,0.007411106030315933,0.04268955540282505,-0.4535676710122713,False
smooth_nonlinear_rand,tanh,"8,4",2,3,0,False,0.0179120060056448,0.01101349573202235,0.007686153219029005,,,,0.4245240985161991,0.4306623425667742,0.41029839151294456,0.009321028747637034,0.01564062194777586,0.26670467510468354,0.042896720368227,0.0075905080373827585,0.028890539158042836,0.21121903835070877,False
smooth_nonlinear_rand,tanh,"8,4",2,3,0,False,0.005330825224518776,0.01101349573202235,0.00979760015244311,,,,0.1862813788083083,0.1733612817421831,0.195129724995648,0.011600068245007625,0.017698309896129125,0.19026396262630052,0.10136813557035315,0.009899217184388204,0.031932703005642826,-0.3151307437758903,False
smooth_nonlinear_rand,tanh,"8,4",2,3,0,False,0.0007933457964099944,0.01101349573202235,0.01072698230235694,,,,0.28512443886924677,0.2288882333281595,0.23266392355402887,0.011618830704794504,0.019098909201286433,0.2217784871143493,0.14775454008305983,0.010683933622225875,0.07677880866640213,-1.1424626628875931,False
smooth_nonlinear_rand,tanh,"8,4",2,3,0,False,0.007428464479744434,0.01101349573202235,0.02144719784504,,,,0.445492120682246,0.3827959384754187,0.09715803571374274,0.011583595254111324,0.03800009625002643,0.29175959845670185,0.19859226313214884,0.021494924276192404,0.018756663169097937,-0.17102613677680448,False
smooth_nonlinear_rand,tanh,"8,4",2,3,0,False,0.003552717622369528,0.01101349573202235,0.014125770910677411,,,,0.1398799003814938,0.08301694408083954,0.13248291749937835,0.011294912417554311,0.025565960999176587,0.2525060486239705,0.1629099994287145,0.013818275024626283,0.04534052561672099,-0.49136449763068935,False
smooth_nonlinear_rand,tanh,"8,4",2,3,0,False,0.0024932583328336477,0.01101349573202235,0.012584530404153913,,,,0.3520159917208249,0.38107429404930426,0.1576974290902795,0.011436519110018452,0.020830349628040326,0.19632502496703044,0.17550023613120636,0.012615670694330007,0.05501266565628217,-0.6451579086427839,False
smooth_nonlinear_rand,tanh,"8,4",2,3,0,False,0.0037711893673986197,0.01101349573202235,0.014394699876758215,,,,0.42434504721521793,0.43752844856899836,0.4607150923182799,0.011294281414013901,0.025732037147807172,0.25722475346450174,0.15035720660614899,0.0141626347785884,0.04353519315400297,-0.4654468471137123,False
smooth_nonlinear_rand,tanh,"8,4",2,3,0,False,0.0027030035853385925,0.01101349573202235,0.012921411126998274,,,,0.40204405924136205,0.34228951053140877,0.44243452599940314,0.011414004798178806,0.0208991472118028,0.24937381087988847,0.19568952594131445,0.012996672362371777,0.05295478526615871,-0.6100785660738477,False
smooth_nonlinear_rand,tanh,"8,4",2,3,0,False,0.00614525843411684,0.01101349573202235,0.019072214004818098,,,,0.21675072230179188,0.20469138963623532,0.3318957279591229,0.011399485140493208,0.031391038836495196,0.24448085012201393,0.2057770997975765,0.018808020964875046,0.026553504715464415,-0.2533850363062266,False
smooth_nonlinear_rand,tanh,"8,4",2,3,0,False,0.008656407706439495,0.01101349573202235,0.021103027398757898,,,,0.37301049650890217,0.336945872644226,0.1941242635604723,0.011336608701577947,0.03551468669627078,0.26639098587004395,0.22789853338296798,0.020959625024704706,0.011905385618437014,-0.10458748483878257,False
smooth_nonlinear_rand,tanh,"8,4",2,3,0,False,0.002722380217164755,0.01101349573202235,0.011317844237072687,,,,0.08764946154298282,0.06551742636590996,0.28878192619059495,0.011353297092012164,0.020234527833286806,0.2624618989931017,0.15549530668420683,0.011201972248052021,0.05276876993113784,-0.6069764076399732,False
smooth_nonlinear_rand,tanh,"8,4",2,3,0,False,0.0027148977387696505,0.01101349573202235,0.008222432252405336,,,,0.32120098011189163,0.34748272816487175,0.05900604720480275,0.011399461481851215,0.015402803712310027,0.27005142673503985,0.10428350827233158,0.00819717542157464,0.052840522889070915,-0.6081717120388385,False
smooth_nonlinear_rand,tanh,"8,4",2,3,0,False,0.004293425474315882,0.01101349573202235,0.010507856202624526,,,,0.5287457533865214,0.5083440111534248,0.4449652298320752,0.011478814315706968,0.019750650567430056,0.260526650522855,0.08023672554637622,0.010676853242176577,0.039420967694966766,-0.4091212590575387,False
smooth_nonlinear_rand,tanh,"8,4",2,3,0,False,0.01878857985138893,0.01101349573202235,0.01546667717327076,,,,0.5325537569955311,0.519114840513486,0.13811168181866468,0.011440391281970663,0.02462951252693826,0.17515083101175538,0.0696279344516732,0.015403369863336135,0.03212623721157827,0.23196876704045302,False
smooth_nonlinear_rand,tanh,"8,4",2,3,0,False,0.011989370919764042,0.01101349573202235,0.02784737630006273,,,,0.4344854326089575,0.42281409898252004,0.28088284724319934,0.011473618630746732,0.04662405146090052,0.3435483056883234,0.21952949896158885,0.02766033912160891,0.004550782388261745,0.036871208506521064,False
smooth_nonlinear_rand,tanh,"8,4",2,3,0,False,0.005406874231994152,0.01101349573202235,0.01804831796839363,,,,0.21951858134017616,0.19002950227068677,0.2581932151557041,0.011473306058887757,0.03145363527766715,0.20597815148073298,0.19349280434226437,0.017978829567694896,0.031413752841511405,-0.30897892015990736,False
smooth_nonlinear_rand,tanh,"8,4",2,3,0,False,0.003548686858266592,0.01101349573202235,0.012670408020973268,,,,0.3252464369571803,0.2658436727303315,0.14221563101736742,0.01160926721489621,0.023493906709657335,0.27955096769078236,0.16200483895609502,0.012580532720801244,0.04537434769395422,-0.4918575096258581,False
smooth_nonlinear_rand,tanh,"8,4",2,3,0,False,0.0014842834789305925,0.01101349573202235,0.010767415563231528,,,,0.16997939047299343,0.14618786044074303,0.2788450513391916,0.0113403370124876,0.018327090053310117,0.21479473336347643,0.17103987138026905,0.01073269792717562,0.06641880370714483,-0.8704083343443062,False
smooth_nonlinear_rand,tanh,"8,4",2,3,0,False,0.004741516895592213,0.01101349573202235,0.010262542734496788,,,,0.3781487136431114,0.39725223532391757,0.2513326721488375,0.011309338580534891,0.018615445324581585,0.2434100479264744,0.1554244720743778,0.010159152260010877,0.0360865301226473,-0.366007885400316,False
smooth_nonlinear_rand,tanh,"8,4",2,3,0,False,0.00963116716593504,0.01101349573202235,0.01276023542959598,,,,0.27291530191393565,0.2987961836681798,0.2291256900412473,0.011578768919374767,0.0229216080318198,0.22253929497868932,0.07397514174452023,0.012748944534919754,0.006806693366598851,-0.058246266958923584,False
smooth_nonlinear_rand,tanh,"16,8,4",3,3,0,True,0.00931925792247057,0.009724293236886762,0.011950295930530354,,,,0.17049019338131577,0.14927420535689445,0.19376914624768315,0.011693245882332112,0.022977446121401346,0.7567009968108493,0.12312310036057762,0.011826101156221996,0.0020755274699005566,-0.018476714996450275,False
smooth_nonlinear_rand,tanh,"16,8,4",3,3,0,True,0.006603950634598732,0.009724293236886762,0.012181042283016969,,,,0.26881155821235897,0.2643407075599858,0.17356528827139836,0.011683026447234145,0.021218883918048603,0.7644060348462319,0.14745657878708865,0.012352601578866189,0.017347136236184058,-0.16805422836126613,False
smooth_nonlinear_rand,tanh,"16,8,4",3,3,0,True,0.008772489614784718,0.009724293236886762,0.013359217962215321,,,,0.3155230274306725,0.2971474869817318,0.08877313346763611,0.011685078539429256,0.02651736307016298,0.7610119750902115,0.12224522731128366,0.013220273419998398,0.0049502615477377,-0.04473518380266633,False
smooth_nonlinear_rand,tanh,"16,8,4",3,3,0,True,0.0032075033523142338,0.009724293236886762,0.012052659361877393,,,,0.18595859914525495,0.15837581980414708,0.22058766539467722,0.011716500357778693,0.022511645936344034,0.751643024401675,0.1374599188220782,0.011951079402070129,0.04197700656578219,-0.4816909276066597,False
smooth_nonlinear_rand,tanh,"16,8,4",3,3,0,True,0.002767267869785428,0.009724293236886762,0.008621721448678558,,,,0.13633577051275428,0.1082703946671326,0.2689935537963403,0.011686844076439487,0.01782579615394944,0.7632019931473428,0.06753593251910517,0.008467789744469136,0.04600700368220526,-0.5458068459478056,False
smooth_nonlinear_rand,tanh,"16,8,4",3,3,0,True,0.0015720692463219166,0.009724293236886762,0.009887552550125885,,,,0.15874367537546064,0.12093058598095312,0.17408011817118196,0.011705142195800948,0.020105442888323687,0.7704830098119467,0.0667543732286272,0.009759841689746935,0.0589625026729396,-0.7913863746785179,False
smooth_nonlinear_rand,tanh,"16,8,4",3,3,0,True,0.0010416440200060606,0.009724293236886762,0.0076268127186192415,,,,0.35818831913905985,0.3547324300518944,0.10454641034047663,0.011717479807776305,0.016388336511709324,0.770821982925435,0.0646310071147318,0.007573016311471261,0.06633732074430941,-0.9701387216048243,False
smooth_nonlinear_rand,tanh,"16,8,4",3,3,0,True,0.0022529626730829477,0.009724293236886762,0.008439581208685973,,,,0.05593246067335941,0.04039128153643956,0.07985144902784365,0.011588557648481207,0.018021402508570067,0.7677003662488425,0.07748294823426842,0.00894816277055557,0.05114644717485372,-0.6351040501307277,False
smooth_nonlinear_rand,tanh,"16,8,4",3,3,0,True,0.0018085072515532374,0.009724293236886762,0.009338535859253531,,,,0.2279031877968496,0.22147855554190107,0.14693472332663496,0.011672280608507724,0.01794784030624294,0.7536641324218777,0.11703936453067251,0.009340738607603937,0.056085283511090905,-0.7305377920683499,False
smooth_nonlinear_rand,tanh,"16,8,4",3,3,0,True,0.0015419666888192296,0.009724293236886762,0.008455180744077431,,,,0.27605226816123296,0.26443838017582205,0.18749795134929262,0.011709382129248515,0.01636541312312699,0.7474320297337362,0.06939330800389962,0.00851955881667415,0.05934394743879852,-0.7997830548240392,False
smooth_nonlinear_rand,tanh,"16,8,4",3,3,0,True,0.0015152052510529757,0.009724293236886762,0.010696206595347908,,,,0.12551636860998533,0.07666564064305938,0.05855743753691767,0.0116402375516348,0.021326832360527397,0.7513819386645717,0.10419335209525288,0.010601863249901007,0.059686193668131854,-0.8073865798150455,False
smooth_nonlinear_rand,tanh,"16,8,4",3,3,0,True,0.01939576491713524,0.009724293236886762,0.022072516107433115,,,,0.4514673229174086,0.4524080336899918,0.15815085753459443,0.011666098012248046,0.03929102937213093,0.7574220460041768,0.1626171373612739,0.02224522509891455,0.04065684776031518,0.2998488651319031,False
smooth_nonlinear_rand,tanh,"16,8,4",3,3,0,True,0.0032663315068930387,0.009724293236886762,0.010673194298961181,,,,0.3827481187909192,0.3554831961106832,0.1282403561895504,0.011694116232168726,0.02235551286364579,0.7684967053215267,0.08045471394687088,0.010757431290382608,0.041460002567751654,-0.47379778645259724,False
smooth_nonlinear_rand,tanh,"16,8,4",3,3,0,True,0.0027119226288050413,0.009724293236886762,0.012357489813693594,,,,0.16999470841456657,0.13100282728282545,0.21099239995361185,0.011724207113972585,0.02425853450554983,0.758946122493591,0.09028009811596903,0.012164098637576684,0.04653570771608264,-0.5545807516122521,False
smooth_nonlinear_rand,tanh,"16,8,4",3,3,0,True,0.0017787771066650748,0.009724293236886762,0.008992750753030106,,,,0.18144809628328432,0.1815191545201352,0.24718625542527936,0.011691079480882525,0.018899513046037382,0.7489055111239897,0.05815994151383473,0.009013189597157288,0.05643628006675568,-0.73773651522841,False
smooth_nonlinear_rand,tanh,"16,8,4",3,3,0,True,0.0017506096046417952,0.009724293236886762,0.009801138902037952,,,,0.11467986301859183,0.09923421385631938,0.4403270892740987,0.011720771193896732,0.019094790802190238,0.7538179388801544,0.11760336667424787,0.009737388422335853,0.056771544258869384,-0.7446687396802897,False
smooth_nonlinear_rand,tanh,"16,8,4",3,3,0,True,0.005208590067923069,0.009724293236886762,0.008121015771835587,,,,0.2016960392248457,0.1530736896892946,0.3678562424704654,0.011622927472301705,0.01610237725740967,0.7458974265070712,0.10855174113137514,0.0078588379299354,0.02644126878404196,-0.2711378680910272,False
smooth_nonlinear_rand,tanh,"16,8,4",3,3,0,True,0.002710676286369562,0.009724293236886762,0.00916800391006886,,,,0.3274916173642394,0.31406330365813634,0.1686026785457625,0.011685906093074811,0.018801284294526016,0.7561643173989375,0.011017006601514792,0.008777129518532408,0.046547675635208396,-0.5547803900735467,False
smooth_nonlinear_rand,tanh,"16,8,4",3,3,0,True,0.003583755809813738,0.009724293236886762,0.008042133323726889,,,,0.21651982002776773,0.20138483483565053,0.2035520684594314,0.011667900953365232,0.0169022658406275,0.7668914536479767,0.07610706237920986,0.008062087740900038,0.03874735242198589,-0.43351963654309056,False
smooth_nonlinear_rand,tanh,"16,8,4",3,3,0,True,0.002992242341861129,0.009724293236886762,0.007560062647066634,,,,0.18494595804496458,0.1689575616621732,0.24190889069230428,0.011638318800737228,0.015381223280217713,0.7560357123198482,0.11269607626197539,0.007526556306416429,0.04391043861638218,-0.5118612824063972,False
smooth_nonlinear_rand,tanh,"16,8,4",3,3,0,True,0.0009372390923090279,0.009724293236886762,0.00947089248144049,,,,0.18159368324418698,0.15127751397628225,0.30575327274199354,0.011668927964497065,0.019681237642483522,0.7701263070883033,0.08766302031574912,0.009494282699390112,0.06799747023667722,-1.0160076517993095,False
smooth_nonlinear_rand,tanh,"16,8,4",3,3,0,True,0.003881410462781787,0.009724293236886762,0.00973652267722361,,,,0.3916317855888149,0.3764740883582922,0.19145834385764993,0.011687048466306624,0.020206758359521196,0.7478526315895742,0.02190542189081139,0.009945715930783099,0.03631086433174009,-0.3988684743399669,False
smooth_nonlinear_rand,tanh,"16,8,4",3,3,0,True,0.015039289370179176,0.009724293236886762,0.02188266369833564,,,,0.24493489321272854,0.22209961067557635,0.13185179037612513,0.011613455571333012,0.03801609627603677,0.7576125273652858,0.04358421529871949,0.021923239450305436,0.024022949305947172,0.18936926909481908,False
smooth_nonlinear_rand,tanh,"16,8,4",3,3,0,True,0.0016211888287216425,0.009724293236886762,0.008303204112997403,,,,0.15031091410601075,0.11933926633839209,0.23248436482122067,0.011700162517939827,0.016481087357926128,0.7425252923481926,0.09031533516742625,0.008235956948163972,0.05834784189013973,-0.7780244441095435,False
smooth_nonlinear_rand,tanh,"16,8,4",3,3,0,True,0.0015372746856883168,0.009724293236886762,0.00949655644295637,,,,0.25839555975428813,0.2471385016518206,0.18494285237375216,0.011653358153757277,0.01957646410972001,0.7546340613517133,0.0846018882357763,0.009227604796523996,0.059403736475277906,-0.8011065708450751,False
smooth_nonlinear_rand,tanh,"16,8,4",3,3,0,True,0.002733788685873151,0.009724293236886762,0.012049089047961061,,,,0.30482564485337105,0.24364178863256936,0.3875264443822084,0.011702847575049788,0.024196620183663625,0.757960551014556,0.07237343867629416,0.011836746864198722,0.04632618599776747,-0.5510931047606009,False
smooth_nonlinear_rand,tanh,"16,8,4",3,3,0,True,0.0018322994001209736,0.009724293236886762,0.009138300828561645,,,,0.1853975588799659,0.16915348839796718,0.2760542061789215,0.011649942047658235,0.018062309908985046,0.7568777171172528,0.08789613343632019,0.009301705985756253,0.0558064646328361,-0.7248616071384236,False
smooth_nonlinear_rand,tanh,"16,8,4",3,3,0,True,0.00585264852270484,0.009724293236886762,0.01308266518214505,,,,0.3120998067373105,0.276291539208793,0.3260355098966911,0.011715609261292757,0.023852158997674337,0.7597366898334721,0.12595744177359056,0.013059229672118517,0.022109226441021285,-0.22050560295288751,False
smooth_nonlinear_rand,tanh,"16,8,4",3,3,0,True,0.0011346235405653715,0.009724293236886762,0.008178617346577967,,,,0.19310507375892147,0.20077477903916244,0.11676883183646936,0.01171167995070202,0.01649288104514452,0.7564341818481215,0.06852497998397011,0.008047764491525099,0.06492765767683543,-0.9330062567227361,False
smooth_nonlinear_rand,tanh,"16,8,4",3,3,0,True,0.0007592913461849093,0.009724293236886762,0.009182442270419786,,,,0.2706976856443807,0.25277690204965214,0.12108347666645387,0.011718218601952579,0.018938407897311795,0.7652680354081596,0.08887939250810527,0.009200697034215437,0.07105658940137821,-1.10744959640192,False
smooth_nonlinear_rand,tanh,"16,8,4",3,3,0,True,0.0026770096737891436,0.009724293236886762,0.011042932048858303,,,,0.24730713754923098,0.22558337165897138,0.19699748993275126,0.011696811124334136,0.023749808342990036,0.7640100688759807,0.054118266382858576,0.011084858449242658,0.04687200435411014,-0.560208105975518,False
smooth_nonlinear_rand,tanh,"16,8,4",3,3,0,True,0.00987844355404377,0.009724293236886762,0.008202279788440774,,,,0.3188851605078545,0.2974316353469378,0.2947134578512231,0.011634693813775616,0.01841665524697442,0.7558387662937592,3.4804368622692735e-05,0.008117416116474482,0.0007785283420526229,0.006830476054312088,False
smooth_nonlinear_rand,tanh,"16,8,4",3,3,0,True,0.0008570862701162696,0.009724293236886762,0.009863897347492523,,,,0.13989026787874073,0.11504396740928145,0.26101111848968,0.011713252479443768,0.0206848063883733,0.7780663208210818,0.0757984804985177,0.010036368029680087,0.06933579535519385,-1.0548335084717018,False
smooth_nonlinear_rand,tanh,"16,8,4",3,3,0,True,0.0013809496304020286,0.009724293236886762,0.007715754344103567,,,,0.22744258614281584,0.22175643554049698,0.31480777149404354,0.011709535959309438,0.016443933109310076,0.7454094458149905,0.05341577633634374,0.007764703092140986,0.06145070048079339,-0.8476802084096221,False
smooth_nonlinear_rand,tanh,"16,8,4",3,3,0,True,0.008692308329045773,0.009724293236886762,0.013922993580095912,,,,0.32412744938685295,0.29746013559893336,0.24086214215928403,0.011717265270728326,0.02575017488415984,0.7496991682815967,0.1463314693759881,0.013562887787374182,0.005379281390836238,-0.04872292356569307,False
smooth_nonlinear_rand,tanh,"16,8,4",3,3,0,True,0.0022942491341382265,0.009724293236886762,0.00551107492721069,,,,0.3552064168009091,0.33223364357170243,0.2041043748924042,0.011594797497409243,0.011792105358301682,0.7474899576130618,0.060837547877326516,0.00542326762985228,0.05071351033403485,-0.6272174700842996,False
smooth_nonlinear_rand,tanh,"16,8,4",3,3,0,True,0.006042851135134697,0.009724293236886762,0.011310246094095174,,,,0.22601417997192982,0.2303485954132495,0.19178456181969447,0.011687124952138478,0.02178549468998202,0.7486264185061053,0.00019673010537452778,0.01102976087643066,0.020876053416954143,-0.20661615096448502,False
smooth_nonlinear_rand,tanh,"16,8,4",3,3,0,True,0.0010768743231892586,0.009724293236886762,0.01087619799801552,,,,0.29159335252244073,0.2797460029576624,0.13758454956473126,0.011732121828883283,0.023279149215497175,0.7589018740262126,0.0611087350618577,0.010843401719537828,0.06579606778629865,-0.9556930247156402,False
smooth_nonlinear_rand,tanh,"16,8,4",3,3,0,True,0.0013869039248675108,0.009724293236886762,0.008789117923932272,,,,0.16385321557836424,0.13644834463129973,0.2617223089962721,0.011684626651984295,0.018202495240418025,0.76403914500868,0.08069128390511045,0.008816489670435926,0.061370672104072155,-0.8458116693649114,False
smooth_nonlinear_rand,tanh,"16,8,4",3,3,0,True,0.0021431720815598965,0.009724293236886762,0.009337155612233871,,,,0.2404967273957198,0.2244067047221686,0.17617599200311573,0.011637825089885537,0.019928417223615946,0.7867109782739392,0.05976034108703809,0.009354919826278596,0.05231742452981179,-0.6568010033386161,False
smooth_nonlinear_rand,tanh,"16,8,4",3,3,0,True,0.00131600524764508,0.009724293236886762,0.008799240193827162,,,,0.47012469936195417,0.4264550657314318,0.39361790877367264,0.01170575013081012,0.017911689925184427,0.7537107128692476,0.06259188933599784,0.008454467601829555,0.06233504449786854,-0.8686004255005638,False
smooth_nonlinear_rand,tanh,"16,8,4",3,3,0,True,0.001963030081242323,0.009724293236886762,0.011795591593422836,,,,0.28284419819189394,0.2710026276677827,0.24637974182434638,0.011712963592888925,0.023448071346739464,0.7640768114444056,0.10307557397227358,0.011809266254467338,0.05430573581448878,-0.69493109182706,False
smooth_nonlinear_rand,tanh,"16,8,4",3,3,0,True,0.0019851652905344963,0.009724293236886762,0.008384222471161717,,,,0.3267285224640751,0.2666188828091211,0.16253955242584567,0.011718556118345776,0.017762573843503653,0.7632483023468507,0.07508014501656009,0.008328643270053428,0.05405663736536465,-0.6900613733515217,False
smooth_nonlinear_rand,tanh,"16,8,4",3,3,0,True,0.0015744465636089444,0.009724293236886762,0.00891133040073851,,,,0.26044828395081565,0.2717057833900935,0.20105413536673242,0.011673322013330382,0.018257828816737195,0.7612399541797771,0.08419458857243929,0.00891790688985434,0.05893253471003468,-0.7907301211979624,False
smooth_nonlinear_rand,tanh,"16,8,4",3,3,0,True,0.004838157910853624,0.009724293236886762,0.008842880995055246,,,,0.20330481262382458,0.20339866521559682,0.17548093573612755,0.011566150784115777,0.01684860421639571,0.7632649381921159,0.10139929113326253,0.008368729448124296,0.02905496294136349,-0.303178007520887,False
smooth_nonlinear_rand,tanh,"16,8,4",3,3,0,True,0.0033909017220139503,0.009724293236886762,0.0072006923229541355,,,,0.08904983994616172,0.07990735274860339,0.0582268965269554,0.011571532293300251,0.014257994236022184,0.7559808795431882,0.09018074455323231,0.007358172361722314,0.04038038152456247,-0.4575428436857379,False
smooth_nonlinear_rand,tanh,"16,8,4",3,3,0,True,0.005184459034353495,0.009724293236886762,0.01174284957354717,,,,0.13799675914374823,0.1094023330555432,0.28812557494735186,0.011657689907246404,0.022728318010912366,0.7688500193823142,0.11031819409354267,0.011486433104161111,0.02660864345223829,-0.2731545993603943,False
smooth_nonlinear_rand,tanh,"16,8,4",3,3,0,True,0.001495563075877726,0.009724293236886762,0.007865511289004545,,,,0.28811488974359495,0.2496038576711713,0.07059563996156519,0.01166408190234995,0.016362871539181235,0.7599944738429549,0.07626992090710745,0.007515519074262039,0.0599393205232059,-0.8130533122856505,False
smooth_nonlinear_rand,tanh,"16,8,4",3,3,0,True,0.0013766058254987001,0.009724293236886762,0.009404965169339218,,,,0.18201270273366552,0.14423735492988296,0.2724510215685289,0.011734917873896793,0.020161617268713503,0.7651390987740574,0.04103596177039752,0.009519088391952764,0.06150919205643904,-0.8490484434935678,False
smooth_nonlinear_rand,tanh,"16,8,4",3,3,0,True,0.007096494548022747,0.009724293236886762,0.017614428638598408,,,,0.13941066629095067,0.12328357938985501,0.4189005419229585,0.01170319833260016,0.03137429562617398,0.7672076456010803,0.14566654521448913,0.017149469144419404,0.01437113698716247,-0.136814173103866,False
smooth_nonlinear_rand,tanh,"16,8,4",3,3,0,False,0.00931925792247057,0.010836028861391712,0.016757487068223886,,,,0.17049019338131577,0.14927420535689445,0.19376914624768315,0.011693245882332112,0.031038297518863278,0.521196414144316,0.15013333488901667,0.016685016125453575,0.007559944415533135,-0.0654888215319265,False
smooth_nonlinear_rand,tanh,"16,8,4",3,3,0,False,0.006603950634598732,0.010836028861391712,0.01713587514796463,,,,0.26881155821235897,0.2643407075599858,0.17356528827139836,0.011683026447234145,0.028801329932728617,0.4566331115116157,0.17329164519765253,0.017269793937715234,0.022831553181816636,-0.21506633489674232,False
smooth_nonlinear_rand,tanh,"16,8,4",3,3,0,False,0.008772489614784718,0.010836028861391712,0.016860444666451712,,,,0.3155230274306725,0.2971474869817318,0.08877313346763611,0.011685078539429256,0.03171279417270716,0.4159277511195528,0.14930323473007412,0.01677370564005321,0.010434678493370278,-0.09174729033814258,False
smooth_nonlinear_rand,tanh,"16,8,4",3,3,0,False,0.0032075033523142338,0.010836028861391712,0.015482412163174817,,,,0.18595859914525495,0.15837581980414708,0.22058766539467722,0.011716500357778693,0.027003161638212772,0.45749161267510285,0.1622381225302754,0.015507798222013423,0.04746142351141477,-0.5287030341421359,False
smooth_nonlinear_rand,tanh,"16,8,4",3,3,0,False,0.002767267869785428,0.010836028861391712,0.011909796934925722,,,,0.13633577051275428,0.1082703946671326,0.2689935537963403,0.011686844076439487,0.022988571235287775,0.4550652627598495,0.09469967728256169,0.011788353361624896,0.05149142062783784,-0.5928189524832819,False
smooth_nonlinear_rand,tanh,"16,8,4",3,3,0,False,0.0015720692463219166,0.010836028861391712,0.010764685237855266,,,,0.15874367537546064,0.12093058598095312,0.17408011817118196,0.011705142195800948,0.020627129283634027,0.47618713084096276,0.09206717744113506,0.010780087980900736,0.06444691961857218,-0.8383984812139942,False
smooth_nonlinear_rand,tanh,"16,8,4",3,3,0,False,0.0010416440200060606,0.010836028861391712,0.008612908487893518,,,,0.35818831913905985,0.3547324300518944,0.10454641034047663,0.011717479807776305,0.017238040212558422,0.43485194387711856,0.0915499985614518,0.008646577584892812,0.07182173768994199,-1.0171508281403006,False
smooth_nonlinear_rand,tanh,"16,8,4",3,3,0,False,0.0022529626730829477,0.010836028861391712,0.009709535389677743,,,,0.05593246067335941,0.04039128153643956,0.07985144902784365,0.011588557648481207,0.019259506100979817,0.44108877830531895,0.1043849604644025,0.009949412910441637,0.0566308641204863,-0.682116156666204,False
smooth_nonlinear_rand,tanh,"16,8,4",3,3,0,False,0.0018085072515532374,0.010836028861391712,0.012239044188880069,,,,0.2279031877968496,0.22147855554190107,0.14693472332663496,0.011672280608507724,0.021799386958950763,0.44348064738118675,0.1425405036937408,0.012440481316112606,0.06156970045672348,-0.7775498986038261,False
smooth_nonlinear_rand,tanh,"16,8,4",3,3,0,False,0.0015419666888192296,0.010836028861391712,0.011071011233162809,,,,0.27605226816123296,0.26443838017582205,0.18749795134929262,0.011709382129248515,0.019821901887034282,0.42346067962277006,0.09560743322563313,0.011171298259160746,0.0648283643844311,-0.8467951613595155,False
smooth_nonlinear_rand,tanh,"16,8,4",3,3,0,False,0.0015152052510529757,0.010836028861391712,0.013275391003477606,,,,0.12551636860998533,0.07666564064305938,0.05855743753691767,0.0116402375516348,0.02450506599902985,0.43743842807128064,0.12974010570022193,0.01336735399821147,0.06517061061376443,-0.8543986863505216,False
smooth_nonlinear_rand,tanh,"16,8,4",3,3,0,False,0.01939576491713524,0.010836028861391712,0.028062094416821757,,,,0.4514673229174086,0.4524080336899918,0.15815085753459443,0.011666098012248046,0.049020717383392906,0.5407955338343068,0.188740070352381,0.028209612771975725,0.035172430814682604,0.2528367585964269,False
smooth_nonlinear_rand,tanh,"16,8,4",3,3,0,False,0.0032663315068930387,0.010836028861391712,0.012582143099294318,,,,0.3827481187909192,0.3554831961106832,0.1282403561895504,0.011694116232168726,0.024620130849015015,0.4430364602056685,0.10792444382767188,0.012713383553361646,0.04694441951338423,-0.5208098929880735,False
smooth_nonlinear_rand,tanh,"16,8,4",3,3,0,False,0.0027119226288050413,0.010836028861391712,0.015602873546463024,,,,0.16999470841456657,0.13100282728282545,0.21099239995361185,0.011724207113972585,0.02858300454089436,0.4529888947862802,0.1163499411192541,0.01550254440101546,0.05202012466171522,-0.6015928581477282,False
smooth_nonlinear_rand,tanh,"16,8,4",3,3,0,False,0.0017787771066650748,0.010836028861391712,0.00964051808129917,,,,0.18144809628328432,0.1815191545201352,0.24718625542527936,0.011691079480882525,0.019075418804914326,0.4562458138308897,0.08437445645841317,0.009741437421857034,0.06192069701238826,-0.7847486217638862,False
smooth_nonlinear_rand,tanh,"16,8,4",3,3,0,False,0.0017506096046417952,0.010836028861391712,0.012737327014309708,,,,0.11467986301859183,0.09923421385631938,0.4403270892740987,0.011720771193896732,0.022976661928596494,0.4490099935677011,0.14339476882846824,0.012767377612811761,0.06225596120450196,-0.791680846215766,False
smooth_nonlinear_rand,tanh,"16,8,4",3,3,0,False,0.005208590067923069,0.010836028861391712,0.011894257712994565,,,,0.2016960392248457,0.1530736896892946,0.3678562424704654,0.011622927472301705,0.022363590787548793,0.47159177993126333,0.13581717584491124,0.011639021825667752,0.03192568572967454,-0.3181499746265034,False
smooth_nonlinear_rand,tanh,"16,8,4",3,3,0,False,0.002710676286369562,0.010836028861391712,0.009321923798395863,,,,0.3274916173642394,0.31406330365813634,0.1686026785457625,0.011685906093074811,0.01839396117911322,0.42587695428839306,0.037593983749002226,0.00934330415493832,0.052032092580840975,-0.601792496609023,False
smooth_nonlinear_rand,tanh,"16,8,4",3,3,0,False,0.003583755809813738,0.010836028861391712,0.009424137003161559,,,,0.21651982002776773,0.20138483483565053,0.2035520684594314,0.011667900953365232,0.018475689435142148,0.47950118732741087,0.10309449722786622,0.009296374585861484,0.04423176936761847,-0.4805317430785667,False
smooth_nonlinear_rand,tanh,"16,8,4",3,3,0,False,0.002992242341861129,0.010836028861391712,0.009990558872449859,,,,0.18494595804496458,0.1689575616621732,0.24190889069230428,0.011638318800737228,0.018813142186074473,0.44695880509875496,0.13917578659959726,0.009983798652936374,0.049394855562014756,-0.5588733889418734,False
smooth_nonlinear_rand,tanh,"16,8,4",3,3,0,False,0.0009372390923090279,0.010836028861391712,0.011164492140744015,,,,0.18159368324418698,0.15127751397628225,0.30575327274199354,0.011668927964497065,0.021351737660800327,0.42684281733723384,0.11409868078070143,0.011128040067864685,0.0734818871823098,-1.0630197583347858,False
smooth_nonlinear_rand,tanh,"16,8,4",3,3,0,False,0.003881410462781787,0.010836028861391712,0.00954319538095016,,,,0.3916317855888149,0.3764740883582922,0.19145834385764993,0.011687048466306624,0.01922397776960908,0.4376012787365966,0.0484966411772895,0.009472478248885596,0.04179528127737267,-0.4458805808754432,False
smooth_nonlinear_rand,tanh,"16,8,4",3,3,0,False,0.015039289370179176,0.010836028861391712,0.020118369101964267,,,,0.24493489321272854,0.22209961067557635,0.13185179037612513,0.011613455571333012,0.03531249051361793,0.4360117516340074,0.01822801469194481,0.02029180271899436,0.018538532360314594,0.14235716255934286,False
smooth_nonlinear_rand,tanh,"16,8,4",3,3,0,False,0.0016211888287216425,0.010836028861391712,0.010773442226749405,,,,0.15031091410601075,0.11933926633839209,0.23248436482122067,0.011700162517939827,0.019807778071521922,0.44701460592147524,0.116517191950237,0.010759634670387036,0.06383225883577232,-0.8250365506450197,False
smooth_nonlinear_rand,tanh,"16,8,4",3,3,0,False,0.0015372746856883168,0.010836028861391712,0.011383765339789053,,,,0.25839555975428813,0.2471385016518206,0.18494285237375216,0.011653358153757277,0.021701704484224184,0.48420999544231613,0.11074292517558254,0.011329359575424238,0.06488815342091048,-0.8481186773805512,False
smooth_nonlinear_rand,tanh,"16,8,4",3,3,0,False,0.002733788685873151,0.010836028861391712,0.01299445774925445,,,,0.30482564485337105,0.24364178863256936,0.3875264443822084,0.011702847575049788,0.024880939050531584,0.45412688362315,0.09729153877645509,0.012968693159406366,0.05181060294340005,-0.5981052112960771,False
smooth_nonlinear_rand,tanh,"16,8,4",3,3,0,False,0.0018322994001209736,0.010836028861391712,0.0116657605410056,,,,0.1853975588799659,0.16915348839796718,0.2760542061789215,0.011649942047658235,0.021600965720218704,0.4670425717542248,0.11326487054554601,0.01175805524044115,0.06129088157846868,-0.7718737136738998,False
smooth_nonlinear_rand,tanh,"16,8,4",3,3,0,False,0.00585264852270484,0.010836028861391712,0.017056325217494755,,,,0.3120998067373105,0.276291539208793,0.3260355098966911,0.011715609261292757,0.029458571706877455,0.47392486829486435,0.15229198924600462,0.017077345831803484,0.027593643386653863,-0.26751770948836373,False
smooth_nonlinear_rand,tanh,"16,8,4",3,3,0,False,0.0011346235405653715,0.010836028861391712,0.009642917363824366,,,,0.19310507375892147,0.20077477903916244,0.11676883183646936,0.01171167995070202,0.017839258810673383,0.45723862570917095,0.09453240691861987,0.009623615743109486,0.07041207462246801,-0.9800183632582123,False
smooth_nonlinear_rand,tanh,"16,8,4",3,3,0,False,0.0007592913461849093,0.010836028861391712,0.010977810469461908,,,,0.2706976856443807,0.25277690204965214,0.12108347666645387,0.011718218601952579,0.020884412005147082,0.4662880555142044,0.11495344188000152,0.01098316022566082,0.07654100634701079,-1.154461702937396,False
smooth_nonlinear_rand,tanh,"16,8,4",3,3,0,False,0.0026770096737891436,0.010836028861391712,0.011520523939052618,,,,0.24730713754923098,0.22558337165897138,0.19699748993275126,0.011696811124334136,0.023115770168444294,0.4186508984739149,0.08135485857099622,0.011535241003422299,0.05235642129974272,-0.6072202125109941,False
smooth_nonlinear_rand,tanh,"16,8,4",3,3,0,False,0.00987844355404377,0.010836028861391712,0.012562529244898653,,,,0.3188851605078545,0.2974316353469378,0.2947134578512231,0.011634693813775616,0.02756636848501487,0.425548383957461,0.03031695257895238,0.012477413107778373,0.004705888603579955,-0.04018163048116411,False
smooth_nonlinear_rand,tanh,"16,8,4",3,3,0,False,0.0008570862701162696,0.010836028861391712,0.01133699177101542,,,,0.13989026787874073,0.11504396740928145,0.26101111848968,0.011713252479443768,0.021969950683720606,0.45514131866285457,0.10243930299392455,0.011553338466449261,0.07482021230082643,-1.101845615007178,False
smooth_nonlinear_rand,tanh,"16,8,4",3,3,0,False,0.0013809496304020286,0.010836028861391712,0.00976781483237853,,,,0.22744258614281584,0.22175643554049698,0.31480777149404354,0.011709535959309438,0.019270337710609133,0.4719641039973326,0.080782896131794,0.009806823550384305,0.06693511742642597,-0.8946923149450984,False
smooth_nonlinear_rand,tanh,"16,8,4",3,3,0,False,0.008692308329045773,0.010836028861391712,0.019394630712539534,,,,0.32412744938685295,0.29746013559893336,0.24086214215928403,0.011717265270728326,0.03438589616648309,0.4516685198179523,0.17250292186647287,0.019063539316359873,0.010863698336468816,-0.09573503010116931,False
smooth_nonlinear_rand,tanh,"16,8,4",3,3,0,False,0.0022942491341382265,0.010836028861391712,0.006784674384390642,,,,0.3552064168009091,0.33223364357170243,0.2041043748924042,0.011594797497409243,0.013677565887175993,0.4518603319547345,0.08787940434582965,0.006792518578719957,0.05619792727966743,-0.6742295766197758,False
smooth_nonlinear_rand,tanh,"16,8,4",3,3,0,False,0.006042851135134697,0.010836028861391712,0.011979359069016218,,,,0.22601417997192982,0.2303485954132495,0.19178456181969447,0.011687124952138478,0.023203394166004282,0.4311403420944036,0.025581623852621856,0.011956115387782098,0.02636047036258672,-0.25362825749996126,False
smooth_nonlinear_rand,tanh,"16,8,4",3,3,0,False,0.0010768743231892586,0.010836028861391712,0.011889380881656673,,,,0.29159335252244073,0.2797460029576624,0.13758454956473126,0.011732121828883283,0.023719240816120972,0.4415954447246559,0.08808430721958628,0.011893791383896624,0.07128048473193124,-1.0027051312511164,False
smooth_nonlinear_rand,tanh,"16,8,4",3,3,0,False,0.0013869039248675108,0.010836028861391712,0.01049353746489039,,,,0.16385321557836424,0.13644834463129973,0.2617223089962721,0.011684626651984295,0.02016665540665768,0.40938588362648126,0.10745353561920885,0.010513710208439083,0.06685508904970473,-0.8928237759003875,False
smooth_nonlinear_rand,tanh,"16,8,4",3,3,0,False,0.0021431720815598965,0.010836028861391712,0.010648547404688275,,,,0.2404967273957198,0.2244067047221686,0.17617599200311573,0.011637825089885537,0.02131832763680492,0.4242868835798984,0.08657215007124806,0.010764055303170974,0.05780184147544437,-0.7038131098740924,False
smooth_nonlinear_rand,tanh,"16,8,4",3,3,0,False,0.00131600524764508,0.010836028861391712,0.01080978778960899,,,,0.47012469936195417,0.4264550657314318,0.39361790877367264,0.01170575013081012,0.020369189509369723,0.42731313166156887,0.08881072162560832,0.010813113333225245,0.06781946144350112,-0.9156125320360401,False
smooth_nonlinear_rand,tanh,"16,8,4",3,3,0,False,0.001963030081242323,0.010836028861391712,0.014098178732547763,,,,0.28284419819189394,0.2710026276677827,0.24637974182434638,0.011712963592888925,0.025894176171321726,0.4381918587818249,0.12861591776704615,0.014112043485980936,0.05979015276012136,-0.7419431983625363,False
smooth_nonlinear_rand,tanh,"16,8,4",3,3,0,False,0.0019851652905344963,0.010836028861391712,0.010263729818722953,,,,0.3267285224640751,0.2666188828091211,0.16253955242584567,0.011718556118345776,0.020166475997423702,0.4988326937849592,0.10189279394459928,0.010219430743516538,0.05954105431099723,-0.7370734798869979,False
smooth_nonlinear_rand,tanh,"16,8,4",3,3,0,False,0.0015744465636089444,0.010836028861391712,0.01104539927493316,,,,0.26044828395081565,0.2717057833900935,0.20105413536673242,0.011673322013330382,0.02089054235328903,0.4508027535953619,0.11057117582444652,0.01110448988008522,0.06441695165566726,-0.8377422277334385,False
smooth_nonlinear_rand,tanh,"16,8,4",3,3,0,False,0.004838157910853624,0.010836028861391712,0.013567606665984961,,,,0.20330481262382458,0.20339866521559682,0.17548093573612755,0.011566150784115777,0.024327947209563196,0.46855466545969376,0.12839426164145626,0.013579741939455756,0.03453937988699607,-0.35019011405636324,False
smooth_nonlinear_rand,tanh,"16,8,4",3,3,0,False,0.0033909017220139503,0.010836028861391712,0.010943652338124596,,,,0.08904983994616172,0.07990735274860339,0.0582268965269554,0.011571532293300251,0.020382585934355997,0.4500276745218955,0.11693083642771258,0.011105526720782471,0.04586479847019505,-0.5045549502212141,False
smooth_nonlinear_rand,tanh,"16,8,4",3,3,0,False,0.005184459034353495,0.010836028861391712,0.015098565843522373,,,,0.13799675914374823,0.1094023330555432,0.28812557494735186,0.011657689907246404,0.027599547125352356,0.42838102089301583,0.13692897556132336,0.01490424245915684,0.03209306039787087,-0.32016670589587054,False
smooth_nonlinear_rand,tanh,"16,8,4",3,3,0,False,0.001495563075877726,0.010836028861391712,0.009554580313863519,,,,0.28811488974359495,0.2496038576711713,0.07059563996156519,0.01166408190234995,0.018684163307448827,0.4344067412192714,0.10229527108879934,0.009479777018155,0.06542373746883848,-0.8600654188211267,False
smooth_nonlinear_rand,tanh,"16,8,4",3,3,0,False,0.0013766058254987001,0.010836028861391712,0.009775859633135302,,,,0.18201270273366552,0.14423735492988296,0.2724510215685289,0.011734917873896793,0.01970670938137832,0.4313013232854084,0.06808740523094943,0.009813489840583002,0.06699360900207162,-0.896060550029044,False
smooth_nonlinear_rand,tanh,"16,8,4",3,3,0,False,0.007096494548022747,0.010836028861391712,0.022710505937980505,,,,0.13941066629095067,0.12328357938985501,0.4189005419229585,0.01170319833260016,0.03864257187367148,0.48877761300347916,0.16933055402005723,0.02263530716516908,0.019855553932795048,-0.1838262796393422,False
smooth_nonlinear_rand,sigmoid,4,1,3,0,True,0.005724573042243719,0.027705159356795465,0.01955683847558181,50.31456788375067,50.49986012197123,0.405,0.23726038795309573,0.2019645232071536,0.3067015111110212,0.010111813425274244,0.040897532384499696,0.23084140474512374,0.17167490697147672,0.018387594682784506,0.09078776055132282,-0.6848175514251371,False
smooth_nonlinear_rand,sigmoid,4,1,3,0,True,0.006710399407893419,0.027705159356795465,0.01975689153551558,42.85740412177148,43.33782313661449,0.345,0.3236486154646498,0.22063827055598367,0.43825557706151497,0.010027860103389836,0.04205265040232237,0.20945623547310732,0.11720856639692365,0.018102122342965075,0.08453164125241328,-0.6158122820491925,False
smooth_nonlinear_rand,sigmoid,4,1,3,0,True,0.02427971549332142,0.027705159356795465,0.013919894548473049,230.15362810109932,229.08410184871926,0.415,0.43716654364916435,0.4125997444113104,0.5606461637964937,0.008267922547178033,0.030579600835912827,0.28154045912070214,0.10603571075197431,0.013204987719707293,0.010629172322336344,-0.057317059089081177,False
smooth_nonlinear_rand,sigmoid,4,1,3,0,True,0.015739915892481804,0.027705159356795465,0.014655848801480666,174827.43874455374,174817.75797344223,0.31,0.7497869546986443,0.8143923669044622,0.3018682053857936,0.0087268048568021,0.03012205105179018,0.18789592895366058,0.06118966747330315,0.013674416702346946,0.04098984733330813,-0.24555824517210273,False
smooth_nonlinear_rand,sigmoid,4,1,3,0,True,0.005939078517258167,0.027705159356795465,0.02033789316691113,67.74329321918174,67.80660447436216,0.41,0.2535589454825133,0.22519283381342067,0.39953082585811706,0.009702483564804831,0.04215764232038567,0.2438076504323174,0.18819085558406662,0.01939144623411034,0.0893832517056111,-0.6688415856324449,False
smooth_nonlinear_rand,sigmoid,4,1,3,0,True,0.005398882087320089,0.027705159356795465,0.020223752803419055,37.389472074410754,37.571659895245624,0.43,0.2203460406827275,0.181730673281767,0.24395610325879044,0.010262718422155525,0.04249559181157366,0.22281927521423353,0.1682987645008374,0.019122636620486834,0.0929715833771143,-0.7102568100182919,False
smooth_nonlinear_rand,sigmoid,4,1,3,0,True,0.005828608758747578,0.027705159356795465,0.020916530724454936,57.74296654897319,57.70996244057068,0.415,0.25333659922270735,0.22929923783812195,0.150490320155026,0.009624681063899155,0.043148747270491894,0.2439391416513232,0.20075980116827571,0.020015766858597475,0.09010334311812669,-0.6769957479265578,False
smooth_nonlinear_rand,sigmoid,4,1,3,0,True,0.006018552929162979,0.027705159356795465,0.021995108279259493,60.70825742684939,61.05548427523908,0.41,0.23559074562609184,0.2045698527257,0.12598222642485807,0.009860506393646606,0.046141420874270755,0.22755822158014985,0.16088550928573256,0.02105922574951401,0.0888693357028315,-0.6630685683029947,False
smooth_nonlinear_rand,sigmoid,4,1,3,0,True,0.011327364481985569,0.027705159356795465,0.016324965092954155,433.02641688435955,433.0847053867089,0.38,0.4376432095030439,0.2669267140872733,0.2822712862271932,0.007027433561497562,0.035362618419470915,0.2860046929993427,0.131107465178142,0.012199446250397358,0.06001857683992454,-0.38843177743171353,False
smooth_nonlinear_rand,sigmoid,4,1,3,0,True,0.007477400358766317,0.027705159356795465,0.01969729051020911,64.78885676678405,65.43013627338686,0.285,0.3352161944332041,0.23259699188083433,0.38962793842991583,0.008907021727329972,0.041221706109769225,0.24225414060594008,0.14550992467515,0.018238690404960064,0.07997670598666849,-0.56881001802867,False
smooth_nonlinear_rand,sigmoid,4,1,3,0,True,0.006321599707007408,0.027705159356795465,0.02037550610816853,69.6592674083799,70.06879688277148,0.465,0.22860067070018103,0.18112379144656165,0.21973833869397985,0.009994892729325569,0.04321873893422948,0.21421040523163015,0.14518391427792005,0.01956058234143168,0.08694018056438753,-0.6417336603047792,False
smooth_nonlinear_rand,sigmoid,4,1,3,0,True,0.006110168062150478,0.027705159356795465,0.019874747894456733,75.55875259209013,75.70787134695964,0.41,0.25463984706631393,0.2241913233349287,0.2988255738189588,0.009626398414763036,0.04139420906649419,0.24357875234952753,0.17778194980661527,0.018951460268067054,0.08828110483163605,-0.6565074966963835,False
smooth_nonlinear_rand,sigmoid,4,1,3,0,True,0.05164353549480438,0.027705159356795465,0.07227190491298952,24701.438952501958,24706.09997143987,0.3,0.35662352094430905,0.34424569925297355,0.7371081999449771,0.008507292256637605,0.11227016727732184,0.2602104495670136,0.11442720296034699,0.07074353503259564,0.060803471958011,0.27045531371689085,False
smooth_nonlinear_rand,sigmoid,4,1,3,0,True,0.023252936080098152,0.027705159356795465,0.013443712162788295,1505.1231488361655,1503.6407956095936,0.395,0.46195820920350983,0.4481646186568887,0.3912412277320152,0.008151784880352904,0.029318998201261732,0.27685660555152947,0.11368890829665838,0.012785695057007062,0.01395953453280202,-0.0760828547336409,False
smooth_nonlinear_rand,sigmoid,4,1,3,0,True,0.006616258528083563,0.027705159356795465,0.01995714735930044,90.72665008618263,90.64689538697782,0.4,0.2623838772842363,0.23693473024557354,0.4065583381591881,0.00933372027581711,0.041176236476801194,0.25061180428561175,0.2043775470160087,0.019402387582029102,0.08510828201420903,-0.6219481857262249,False
smooth_nonlinear_rand,sigmoid,4,1,3,0,True,0.006024390459060669,0.027705159356795465,0.020204244505401182,67.68962276389377,67.68938889545342,0.41,0.2553920163959217,0.2281866373129676,0.3256611379284279,0.009615232791166281,0.041796287397999524,0.24546394599651233,0.1952075334934597,0.019359133824507765,0.08883172185091862,-0.662647540462982,False
smooth_nonlinear_rand,sigmoid,4,1,3,0,True,0.006023860536515713,0.027705159356795465,0.02019035618075159,69.64297603322758,69.67658089176231,0.41,0.25525207496429914,0.22728561124827731,0.22539695758256806,0.0096420129896777,0.04175777182767808,0.24509541821340478,0.19279318721763045,0.01928513755458969,0.08883513562986405,-0.6626857439229438,False
smooth_nonlinear_rand,sigmoid,4,1,3,0,True,0.005290587432682514,0.027705159356795465,0.020877327146328045,39.80609421096175,40.050457432667024,0.48,0.20741723482919872,0.15967424575025918,0.378457137275815,0.010514251066466265,0.044448235134217154,0.18832944375434843,0.14137802349474515,0.01991863285747838,0.09371224444702775,-0.7190567565447722,False
smooth_nonlinear_rand,sigmoid,4,1,3,0,True,0.006266968324780464,0.027705159356795465,0.01741075687656439,713.9575368820948,713.6627318953902,0.275,0.5031600619601677,0.31990135216438076,0.8095591769729283,0.00953940739319639,0.0379977814563308,0.21270432933844127,0.09304877292737664,0.015491206105174763,0.08728448296253068,-0.6455031528682644,False
smooth_nonlinear_rand,sigmoid,4,1,3,0,True,0.03968609496951103,0.027705159356795465,0.05737146042076156,18859.938114398727,18863.847078280196,0.3,0.3624479547812036,0.35308536610513197,0.2054662884391929,0.008571740247660978,0.09355701525567758,0.2509702990918625,0.10500977002150942,0.05591464745722688,0.03276502288745217,0.1560777148081315,False
smooth_nonlinear_rand,sigmoid,4,1,3,0,True,0.009240720421075821,0.027705159356795465,0.015721670324156802,1144.1525751841396,1145.1841241799104,0.57,0.3858972595310296,0.3447205848555776,0.2274312151720513,0.00780741940889448,0.03287000206488573,0.2630032735608693,0.21477743215360862,0.01464177773575766,0.07032000286505471,-0.476854821693702,False
smooth_nonlinear_rand,sigmoid,4,1,3,0,True,0.015593940392136574,0.027705159356795465,0.008675818866292966,61.435950741735766,61.30258387754513,0.48,0.1701807077210868,0.15926992961109165,0.494727114377647,0.007662195749976505,0.019335615193350454,0.25836088463979723,0.037211375109117824,0.009597791112639555,0.04157296906820135,-0.24960478271709252,False
smooth_nonlinear_rand,sigmoid,4,1,3,0,True,0.00616262573748827,0.027705159356795465,0.020070826461450985,79.78424562762866,79.72797764091833,0.41,0.2621709661312287,0.23569068728200254,0.38167372517883746,0.00954150434874178,0.0413857082161633,0.24805502160592524,0.20016167473050064,0.019178736500029915,0.08794627563862611,-0.6527948591263818,False
smooth_nonlinear_rand,sigmoid,4,1,3,0,True,0.014825169928371906,0.027705159356795465,0.022131660443844795,7489.038461086057,7490.7177177633075,0.295,0.41741051787286537,0.39884987074990474,0.42259351760171204,0.008263715086916885,0.043684690270743856,0.24884004101589613,0.05358875321653923,0.02121675081476082,0.04469001440550904,-0.27156097249873073,False
smooth_nonlinear_rand,sigmoid,4,1,3,0,True,0.006667295005172491,0.027705159356795465,0.019863381639595543,39.35149336569681,39.81940559338756,0.345,0.32124474026087035,0.21812043343135834,0.3997942107308454,0.010102847758188108,0.0422169111060624,0.20658854661533532,0.12056691530153225,0.018161311882553377,0.08479516306062977,-0.6186109809061799,False
smooth_nonlinear_rand,sigmoid,4,1,3,0,True,0.0053832028061151505,0.027705159356795465,0.01983559336302935,34.285060656183894,34.38445040389384,0.43,0.22016035723663788,0.1845634299006288,0.30555861006797036,0.010272329541633362,0.04157035390153194,0.2247826678171562,0.17933608259385944,0.01880737724865047,0.09307835599540251,-0.7115199108331647,False
smooth_nonlinear_rand,sigmoid,4,1,3,0,True,0.015263826586306095,0.027705159356795465,0.008209538857921446,75.1539748755702,74.94520637365157,0.565,0.18547343698382293,0.17776765672241818,0.49794730374599194,0.007930069757386677,0.01825187897354078,0.2488356675933233,0.03457807897708404,0.008827354090103165,0.04290180895415974,-0.2588972291837908,False
smooth_nonlinear_rand,sigmoid,4,1,3,0,True,0.02798844501376152,0.027705159356795465,0.04233006820400717,14777.792931087954,14781.305501620976,0.315,0.38776181627350575,0.37255750607048366,0.18028117786402775,0.008442931248613745,0.07339429667284948,0.23723405052031607,0.09427120062172506,0.041348651869705114,0.0008488057840459196,0.004418118024716866,False
smooth_nonlinear_rand,sigmoid,4,1,3,0,True,0.005936446134001017,0.027705159356795465,0.020463920178353686,64.00681351678215,64.06061256532162,0.405,0.2516805885319664,0.22389615689642645,0.3654384788216055,0.009747496545898914,0.04240965748826461,0.24347199880251943,0.18934684045001754,0.019540368487500473,0.08940033248651326,-0.669034121048796,False
smooth_nonlinear_rand,sigmoid,4,1,3,0,True,0.006280897650867701,0.027705159356795465,0.01939170824965189,83.64789522763054,83.79207088475805,0.4,0.25806207813049786,0.2269865687140031,0.22782259304479568,0.009404041211783794,0.04042736397561004,0.2456584338890806,0.1779929008054793,0.018500238506742695,0.08719655434624843,-0.6445389360121094,False
smooth_nonlinear_rand,sigmoid,4,1,3,0,True,0.005883750505745411,0.027705159356795465,0.020586399578607258,57.14247853733812,57.30050464149668,0.41,0.24264181662897388,0.21151227530571406,0.12719775341999273,0.009732890725418122,0.042840426506596155,0.23955936277351372,0.18018036472929824,0.01957436175069307,0.08974305948461656,-0.6729064038685297,False
smooth_nonlinear_rand,sigmoid,4,1,3,0,True,0.006142783910036087,0.027705159356795465,0.016650784465759936,59.70780808368385,59.868941141532325,0.485,0.22869291765946864,0.18366820163528455,0.4103884152120447,0.010131707949620938,0.035470661233383716,0.1943726316829203,0.16025241989217717,0.015729565461252863,0.08807275474077209,-0.6541954144737293,False
smooth_nonlinear_rand,sigmoid,4,1,3,0,True,0.016788050532341003,0.027705159356795465,0.01628086603794186,14601250.33616916,14601299.98177927,0.355,0.42986935977618845,0.4336346820332419,0.2512426199679782,0.009369139092811786,0.03355652017439935,0.2630703214216402,0.15257693364867653,0.015911603617178725,0.0368799591383443,-0.21756038473773123,False
smooth_nonlinear_rand,sigmoid,4,1,3,0,True,0.005397943314164877,0.027705159356795465,0.02029391541712674,44.06460609132745,44.32588269250322,0.5,0.20962708018631043,0.15926902809418175,0.17308230459481713,0.010531846075675033,0.0433159356873017,0.18126770438452156,0.1365178791393912,0.019421410130691374,0.09297797185838066,-0.710332332958959,False
smooth_nonlinear_rand,sigmoid,4,1,3,0,True,0.013971725478768349,0.027705159356795465,0.014589941026688208,1639417.1911505926,1639493.0325170667,0.305,0.5602148104995268,0.5962660236990015,0.2850500320893036,0.008389845021201856,0.030457628912672265,0.19699353950337628,0.025609805911323155,0.013316596499003061,0.048246615219703304,-0.2973106086303263,False
smooth_nonlinear_rand,sigmoid,4,1,3,0,True,0.007710707373917103,0.027705159356795465,0.019485662503597213,41.79503504665055,42.35604975140288,0.285,0.31606093948285263,0.21273312665348618,0.5254385552391849,0.0086334920863995,0.040633928841525196,0.24601613087167898,0.15287184484329275,0.017987680286453176,0.07863803523066254,-0.5554664308183632,False
smooth_nonlinear_rand,sigmoid,4,1,3,0,True,0.016693763434886932,0.027705159356795465,0.01768511941362303,44682.496087111904,44697.4122168171,0.345,0.4366847426101834,0.37104156537485067,0.35006807509434423,0.006469637713102773,0.03387034219492304,0.31489674450111355,0.1953574620899178,0.011801469068327788,0.037244321249472356,-0.22000639763434976,False
smooth_nonlinear_rand,sigmoid,4,1,3,0,True,0.006039892323315144,0.027705159356795465,0.018425761589940214,611.207127139371,610.3120717586075,0.24,0.49858566595784665,0.30767182206018084,0.22006978479007017,0.00907155310844883,0.03873376489237064,0.26703849573796634,0.09150071982466519,0.01658775045212621,0.08873192467143982,-0.6615314562445365,False
smooth_nonlinear_rand,sigmoid,4,1,3,0,True,0.0058220489881932735,0.027705159356795465,0.019243000522533284,51.23939898516489,51.51923974745878,0.47,0.22540210040683212,0.18011078482999712,0.22171785834934235,0.010138744497083896,0.04072460123057926,0.2148342384454901,0.15084903791960153,0.01808469889436251,0.09014631639248918,-0.6774847971317114,False
smooth_nonlinear_rand,sigmoid,4,1,3,0,True,0.0051513253711164,0.027705159356795465,0.019325457166910878,31.879008293771207,32.00210308756,0.49,0.20362180369758612,0.15972459488890753,0.22966198201268162,0.010420221394165019,0.04090527995199563,0.207628726116395,0.16870387801812728,0.01845819729829896,0.09467593465843241,-0.7306416705969075,False
smooth_nonlinear_rand,sigmoid,4,1,3,0,True,0.005519197788089514,0.027705159356795465,0.02197799258468335,32.75591376935486,32.8551059366069,0.475,0.20383828977442664,0.16605401463208902,0.7583839386218152,0.009627937096586561,0.04609248605447435,0.2282499038166933,0.18767210956170663,0.021817901618266685,0.09215736525136656,-0.7006846946257104,False
smooth_nonlinear_rand,sigmoid,4,1,3,0,True,0.006256578024476767,0.027705159356795465,0.01819622733763438,714.7382324381911,713.6984856383516,0.225,0.5028508575267072,0.311754869973091,0.2371081913569342,0.008979958250710674,0.03818316475768366,0.27170005595790797,0.08668292537602539,0.016451171132813573,0.08735013519153025,-0.6462237875825432,False
smooth_nonlinear_rand,sigmoid,4,1,3,0,True,0.009044601581990719,0.027705159356795465,0.01505374654552588,1763.5487042446944,1764.6333217787098,0.515,0.39476108795432424,0.3565888742589816,0.25801026886209816,0.007729898545936277,0.031820811742439746,0.26275457544770275,0.1956583113437381,0.013597645406899199,0.0713455585700076,-0.486171211727197,False
smooth_nonlinear_rand,sigmoid,4,1,3,0,True,0.006184020545333624,0.027705159356795465,0.020062615194811766,83.43238594067736,83.37508922815621,0.405,0.2623947616280719,0.23542458008738865,0.35602456940837707,0.00948567502681907,0.04138041306953123,0.24837108879225178,0.19979168968427316,0.01917728179277421,0.08781012519764896,-0.6512897287329215,False
smooth_nonlinear_rand,sigmoid,4,1,3,0,True,0.006255832500755787,0.027705159356795465,0.019500193128609754,85.6732818453054,85.7881622905517,0.405,0.2606069202186091,0.2304578058350672,0.22776431590268778,0.009501501713661844,0.04053073940479062,0.245999061797945,0.18110457471590025,0.018590482752007385,0.08735484795861212,-0.6462755404942431,False
smooth_nonlinear_rand,sigmoid,4,1,3,0,True,0.005959941074252129,0.027705159356795465,0.020255020326764798,53.078185340739275,53.381334366725206,0.415,0.23437839178581163,0.19444626260597142,0.20418657299274365,0.010099442527368961,0.04252236990047224,0.22505750825560417,0.15219316071569353,0.018909867661559044,0.08924801421134548,-0.6673186866078015,False
smooth_nonlinear_rand,sigmoid,4,1,3,0,True,0.019106941297650337,0.027705159356795465,0.030117405645516248,7152.432856732259,7155.035386257331,0.32,0.40268701259723716,0.38064128345604364,0.21768604442445633,0.00837054918590519,0.05605764754282032,0.2284652269380263,0.07676812152315006,0.02931825690978076,0.02822080877135988,-0.16136948319123073,False
smooth_nonlinear_rand,sigmoid,4,1,3,0,True,0.014819630421698093,0.027705159356795465,0.014349833482955803,45127.99033908709,45126.51813456405,0.405,0.6166069901963463,0.6859748143296109,0.2037941739577369,0.00858390035490686,0.029759385002762304,0.19431559632911682,0.03772892249623932,0.013693190682841689,0.04471276442793379,-0.2717232793573026,False
smooth_nonlinear_rand,sigmoid,4,1,3,0,True,0.007428039330989122,0.027705159356795465,0.01963639131031208,48.57532399220295,49.15480783131481,0.29,0.326178500665958,0.2232303819917062,0.49677689967105504,0.008930008345460462,0.04117876084826221,0.24130288741847017,0.1454346526366567,0.018181199839292454,0.08026259495374134,-0.5716864578784338,False
smooth_nonlinear_rand,sigmoid,4,1,3,0,True,0.006143318023532629,0.027705159356795465,0.019787353127675864,83.04713704651112,83.16609384450969,0.405,0.259523850705872,0.22975864216527891,0.23916640968940214,0.009566029792915256,0.04113020020203474,0.24528641944843896,0.18134279511306287,0.01887366723286627,0.08806934743195174,-0.6541576543207274,False
smooth_nonlinear_rand,sigmoid,4,1,3,0,False,0.005724573042243719,0.06465677678278643,0.05399623133365941,50.31456788375067,50.49986012197123,0.405,0.23726038795309573,0.2019645232071536,0.3067015111110212,0.010111813425274244,0.11522998789030944,0.0464478882968391,0.019740875814909385,0.05356997594675332,0.17861606036077668,-1.0528709496303719,False
smooth_nonlinear_rand,sigmoid,4,1,3,0,False,0.006710399407893419,0.06465677678278643,0.06061652125967241,42.85740412177148,43.33782313661449,0.345,0.3236486154646498,0.22063827055598367,0.43825557706151497,0.010027860103389836,0.12448151866295416,0.055186596325547344,0.0788695820976294,0.060077836793329925,0.17235994106186714,-0.9838656802544274,False
smooth_nonlinear_rand,sigmoid,4,1,3,0,False,0.02427971549332142,0.06465677678278643,0.029903776531655463,230.15362810109932,229.08410184871926,0.415,0.43716654364916435,0.4125997444113104,0.5606461637964937,0.008267922547178033,0.05633197772650669,0.04925863054965431,0.15973067843130637,0.029990082802262102,0.09845747213179021,-0.42537045729431605,False
smooth_nonlinear_rand,sigmoid,4,1,3,0,False,0.015739915892481804,0.06465677678278643,0.06651408457398249,174827.43874455374,174817.75797344223,0.31,0.7497869546986443,0.8143923669044622,0.3018682053857936,0.0087268048568021,0.13100661593974552,0.14923599979498017,0.2838032090847897,0.06660433609596547,0.128818147142762,-0.6136116433773375,False
smooth_nonlinear_rand,sigmoid,4,1,3,0,False,0.005939078517258167,0.06465677678278643,0.052474419646260255,67.74329321918174,67.80660447436216,0.41,0.2535589454825133,0.22519283381342067,0.39953082585811706,0.009702483564804831,0.11230897346153179,0.03972937130401395,0.0014107827279866486,0.051970083734312195,0.17721155151506496,-1.0368949838376798,False
smooth_nonlinear_rand,sigmoid,4,1,3,0,False,0.005398882087320089,0.06465677678278643,0.05471874140695279,37.389472074410754,37.571659895245624,0.43,0.2203460406827275,0.181730673281767,0.24395610325879044,0.010262718422155525,0.11652392412740253,0.05132388475795821,0.022948036595111392,0.054300100338634284,0.18079988318656814,-1.0783102082235267,False
smooth_nonlinear_rand,sigmoid,4,1,3,0,False,0.005828608758747578,0.06465677678278643,0.05212259267783868,57.74296654897319,57.70996244057068,0.415,0.25333659922270735,0.22929923783812195,0.150490320155026,0.009624681063899155,0.11130200636865337,0.03914979208653788,0.0129437761002746,0.05144747900663221,0.17793164292758057,-1.0450491461317928,False
smooth_nonlinear_rand,sigmoid,4,1,3,0,False,0.006018552929162979,0.06465677678278643,0.05789063610420353,60.70825742684939,61.05548427523908,0.41,0.23559074562609184,0.2045698527257,0.12598222642485807,0.009860506393646606,0.12252249036854684,0.05865176103687282,0.026976168177596797,0.057434277156188235,0.17669763551228534,-1.0311219665082296,False
smooth_nonlinear_rand,sigmoid,4,1,3,0,False,0.011327364481985569,0.06465677678278643,0.03570663852436916,433.02641688435955,433.0847053867089,0.38,0.4376432095030439,0.2669267140872733,0.2822712862271932,0.007027433561497562,0.07343047826369661,0.03259052996898064,0.10242945869146157,0.03580707745415454,0.1478468766493784,-0.7564851756369484,False
smooth_nonlinear_rand,sigmoid,4,1,3,0,False,0.007477400358766317,0.06465677678278643,0.05891114437493279,64.78885676678405,65.43013627338686,0.285,0.3352161944332041,0.23259699188083433,0.38962793842991583,0.008907021727329972,0.12012897693792442,0.03888245033162846,0.0482789880906626,0.058018037887662376,0.16780500579612234,-0.9368634162339049,False
smooth_nonlinear_rand,sigmoid,4,1,3,0,False,0.006321599707007408,0.06465677678278643,0.05694338399619136,69.6592674083799,70.06879688277148,0.465,0.22860067070018103,0.18112379144656165,0.21973833869397985,0.009994892729325569,0.12057182657730288,0.06406938542232829,0.04739604963084115,0.05668025168796206,0.1747684803738414,-1.0097870585100142,False
smooth_nonlinear_rand,sigmoid,4,1,3,0,False,0.006110168062150478,0.06465677678278643,0.05283835815945777,75.55875259209013,75.70787134695964,0.41,0.25463984706631393,0.2241913233349287,0.2988255738189588,0.009626398414763036,0.11310502470181252,0.04017882174631539,0.013423331478844103,0.052438838896777,0.17610940464108993,-1.0245608949016185,False
smooth_nonlinear_rand,sigmoid,4,1,3,0,False,0.05164353549480438,0.06465677678278643,0.15987649052535044,24701.438952501958,24706.09997143987,0.3,0.35662352094430905,0.34424569925297355,0.7371081999449771,0.008507292256637605,0.2612892234782907,0.17315805364027176,0.26172405476026167,0.15981446591688742,0.027024827851442862,-0.097598084488344,False
smooth_nonlinear_rand,sigmoid,4,1,3,0,False,0.023252936080098152,0.06465677678278643,0.030886265933245855,1505.1231488361655,1503.6407956095936,0.395,0.46195820920350983,0.4481646186568887,0.3912412277320152,0.008151784880352904,0.05904445438706312,0.04285744051107197,0.14605744579248214,0.03090308567315903,0.10178783434225588,-0.44413625293887576,False
smooth_nonlinear_rand,sigmoid,4,1,3,0,False,0.006616258528083563,0.06465677678278643,0.04828228065701859,90.72665008618263,90.64689538697782,0.4,0.2623838772842363,0.23693473024557354,0.4065583381591881,0.00933372027581711,0.103915224558899,0.036114811022087495,0.01331133879959017,0.047646119936384616,0.1729365818236629,-0.9900015839314598,False
smooth_nonlinear_rand,sigmoid,4,1,3,0,False,0.006024390459060669,0.06465677678278643,0.05115293503634054,67.68962276389377,67.68938889545342,0.41,0.2553920163959217,0.2281866373129676,0.3256611379284279,0.009615232791166281,0.10965679903719015,0.038362125787702324,0.005389537070635484,0.05058322834361353,0.17666002166037248,-1.0307009386682169,False
smooth_nonlinear_rand,sigmoid,4,1,3,0,False,0.006023860536515713,0.06465677678278643,0.05165888163535906,69.64297603322758,69.67658089176231,0.41,0.25525207496429914,0.22728561124827731,0.22539695758256806,0.0096420129896777,0.11068749293691325,0.03875818901738152,0.0031317412699307192,0.051131089627953846,0.1766634354393179,-1.0307391421281786,False
smooth_nonlinear_rand,sigmoid,4,1,3,0,False,0.005290587432682514,0.06465677678278643,0.05762992896568782,39.80609421096175,40.050457432667024,0.48,0.20741723482919872,0.15967424575025918,0.378457137275815,0.010514251066466265,0.12210740325846996,0.08656652461895162,0.05089306622559818,0.05737564753109696,0.1815405442564816,-1.087110154750007,False
smooth_nonlinear_rand,sigmoid,4,1,3,0,False,0.006266968324780464,0.06465677678278643,0.05151382086937522,713.9575368820948,713.6627318953902,0.275,0.5031600619601677,0.31990135216438076,0.8095591769729283,0.00953940739319639,0.10579107278006102,0.09006810575238129,0.12123043401312263,0.051461918846739375,0.17511278277198455,-1.0135565510734992,False
smooth_nonlinear_rand,sigmoid,4,1,3,0,False,0.03968609496951103,0.06465677678278643,0.13745466385938337,18859.938114398727,18863.847078280196,0.3,0.3624479547812036,0.35308536610513197,0.2054662884391929,0.008571740247660978,0.23513125803621046,0.13793764812726603,0.26334835468493495,0.13739015242574149,0.05506327692200169,-0.21197568339710335,False
smooth_nonlinear_rand,sigmoid,4,1,3,0,False,0.009240720421075821,0.06465677678278643,0.037232496848144725,1144.1525751841396,1145.1841241799104,0.57,0.3858972595310296,0.3447205848555776,0.2274312151720513,0.00780741940889448,0.07997291746751431,0.04112947163259975,0.0059142738805051396,0.03710964538896595,0.15814830267450858,-0.8449082198989368,False
smooth_nonlinear_rand,sigmoid,4,1,3,0,False,0.015593940392136574,0.06465677678278643,0.04494056962618267,61.435950741735766,61.30258387754513,0.48,0.1701807077210868,0.15926992961109165,0.494727114377647,0.007662195749976505,0.08825622376523456,0.05871415120358142,0.3021007492608486,0.04475114412516908,0.1294012688776552,-0.6176581809223274,False
smooth_nonlinear_rand,sigmoid,4,1,3,0,False,0.00616262573748827,0.06465677678278643,0.05020139067456344,79.78424562762866,79.72797764091833,0.41,0.2621709661312287,0.23569068728200254,0.38167372517883746,0.00954150434874178,0.10781908998712558,0.03676481165214833,0.01018884219733188,0.0496452455681722,0.17577457544807998,-1.0208482573316167,False
smooth_nonlinear_rand,sigmoid,4,1,3,0,False,0.014825169928371906,0.06465677678278643,0.07458839732414317,7489.038461086057,7490.7177177633075,0.295,0.41741051787286537,0.39884987074990474,0.42259351760171204,0.008263715086916885,0.14604293197228624,0.057096051692950435,0.2614183100759241,0.074529904924478,0.1325183142149629,-0.6396143707039657,False
smooth_nonlinear_rand,sigmoid,4,1,3,0,False,0.006667295005172491,0.06465677678278643,0.06081110104726432,39.35149336569681,39.81940559338756,0.345,0.32124474026087035,0.21812043343135834,0.3997942107308454,0.010102847758188108,0.12497650006178915,0.05702716237992779,0.07456072157390578,0.060311963360135536,0.17262346287008362,-0.9866643791114148,False
smooth_nonlinear_rand,sigmoid,4,1,3,0,False,0.0053832028061151505,0.06465677678278643,0.05245518205793722,34.285060656183894,34.38445040389384,0.43,0.22016035723663788,0.1845634299006288,0.30555861006797036,0.010272329541633362,0.11225239558356483,0.04941036757867083,0.01257431326588611,0.05199253656153657,0.18090665580485638,-1.0795733090383994,False
smooth_nonlinear_rand,sigmoid,4,1,3,0,False,0.015263826586306095,0.06465677678278643,0.04544460222676286,75.1539748755702,74.94520637365157,0.565,0.18547343698382293,0.17776765672241818,0.49794730374599194,0.007930069757386677,0.0892765736506578,0.08044810397712443,0.29756536414697493,0.0453325319183723,0.1307301087636136,-0.6269506273890257,False
smooth_nonlinear_rand,sigmoid,4,1,3,0,False,0.02798844501376152,0.06465677678278643,0.11295639332404489,14777.792931087954,14781.305501620976,0.315,0.38776181627350575,0.37255750607048366,0.18028117786402775,0.008442931248613745,0.20319292355601384,0.10556497010451299,0.26832118847666886,0.11281532638618659,0.08697949402540794,-0.36363528018051794,False
smooth_nonlinear_rand,sigmoid,4,1,3,0,False,0.005936446134001017,0.06465677678278643,0.05240245647549844,64.00681351678215,64.06061256532162,0.405,0.2516805885319664,0.22389615689642645,0.3654384788216055,0.009747496545898914,0.11217046324627761,0.03997011470305584,3.710175819697973e-05,0.05189639834595866,0.17722863229596714,-1.037087519254031,False
smooth_nonlinear_rand,sigmoid,4,1,3,0,False,0.006280897650867701,0.06465677678278643,0.05175222556338228,83.64789522763054,83.79207088475805,0.4,0.25806207813049786,0.2269865687140031,0.22782259304479568,0.009404041211783794,0.1110092948674612,0.03870382172451795,0.014629132050551748,0.0513810190166616,0.1750248541557023,-1.0125923342173444,False
smooth_nonlinear_rand,sigmoid,4,1,3,0,False,0.005883750505745411,0.06465677678278643,0.054039710074230786,57.14247853733812,57.30050464149668,0.41,0.24264181662897388,0.21151227530571406,0.12719775341999273,0.009732890725418122,0.11524061580648391,0.042658189561989954,0.009215135338794233,0.05355410245378899,0.17757135929407042,-1.0409598020737647,False
smooth_nonlinear_rand,sigmoid,4,1,3,0,False,0.006142783910036087,0.06465677678278643,0.04891166830205712,59.70780808368385,59.868941141532325,0.485,0.22869291765946864,0.18366820163528455,0.4103884152120447,0.010131707949620938,0.10509888851998889,0.0653313254139434,0.0411772208343304,0.048648957860803976,0.17590105455022595,-1.0222488126789642,False
smooth_nonlinear_rand,sigmoid,4,1,3,0,False,0.016788050532341003,0.06465677678278643,0.03430712074348194,14601250.33616916,14601299.98177927,0.355,0.42986935977618845,0.4336346820332419,0.2512426199679782,0.009369139092811786,0.06884363827419648,0.03868717785760413,0.07885586442824893,0.03398248180988312,0.12470825894779816,-0.5856137829429661,False
smooth_nonlinear_rand,sigmoid,4,1,3,0,False,0.005397943314164877,0.06465677678278643,0.057395467124419126,44.06460609132745,44.32588269250322,0.5,0.20962708018631043,0.15926902809418175,0.17308230459481713,0.010531846075675033,0.12162606806456902,0.08850453136944136,0.057147914124020614,0.05719434682420101,0.18080627166783453,-1.078385731164194,False
smooth_nonlinear_rand,sigmoid,4,1,3,0,False,0.013971725478768349,0.06465677678278643,0.06358749242774751,1639417.1911505926,1639493.0325170667,0.305,0.5602148104995268,0.5962660236990015,0.2850500320893036,0.008389845021201856,0.12550564836650563,0.06641212107898586,0.2480722383297981,0.06346934660648039,0.13607491502915717,-0.6653640068355612,False
smooth_nonlinear_rand,sigmoid,4,1,3,0,False,0.007710707373917103,0.06465677678278643,0.057726228500852975,41.79503504665055,42.35604975140288,0.285,0.31606093948285263,0.21273312665348618,0.5254385552391849,0.0086334920863995,0.11779703624199961,0.0370370061057792,0.04103771292935349,0.056796734978875246,0.1664663350401164,-0.9235198290235981,False
smooth_nonlinear_rand,sigmoid,4,1,3,0,False,0.016693763434886932,0.06465677678278643,0.03409834107449459,44682.496087111904,44697.4122168171,0.345,0.4366847426101834,0.37104156537485067,0.35006807509434423,0.006469637713102773,0.06982730569856256,0.028564634591987347,0.02129709473629929,0.03445254825157537,0.12507262105892622,-0.5880597958395846,False
smooth_nonlinear_rand,sigmoid,4,1,3,0,False,0.006039892323315144,0.06465677678278643,0.05583748386410897,611.207127139371,610.3120717586075,0.24,0.49858566595784665,0.30767182206018084,0.22006978479007017,0.00907155310844883,0.11302402011735042,0.05305620664041207,0.11451822909976637,0.05546545525529255,0.1765602244808937,-1.0295848544497714,False
smooth_nonlinear_rand,sigmoid,4,1,3,0,False,0.0058220489881932735,0.06465677678278643,0.05491408660890871,51.23939898516489,51.51923974745878,0.47,0.22540210040683212,0.18011078482999712,0.22171785834934235,0.010138744497083896,0.11681212858040535,0.05448485939169898,0.04383826021909631,0.05464291209905591,0.17797461620194305,-1.0455381953369463,False
smooth_nonlinear_rand,sigmoid,4,1,3,0,False,0.0051513253711164,0.06465677678278643,0.05163216617074199,31.879008293771207,32.00210308756,0.49,0.20362180369758612,0.15972459488890753,0.22966198201268162,0.010420221394165019,0.11067472693151537,0.060089775203197374,0.02641662110677672,0.05129952584784477,0.18250423446788627,-1.0986950688021424,False
smooth_nonlinear_rand,sigmoid,4,1,3,0,False,0.005519197788089514,0.06465677678278643,0.05069717464208765,32.75591376935486,32.8551059366069,0.475,0.20383828977442664,0.16605401463208902,0.7583839386218152,0.009627937096586561,0.10868106333748148,0.05971847155392357,0.003711186887290972,0.05007737990684711,0.17998566506082042,-1.0687380928309451,False
smooth_nonlinear_rand,sigmoid,4,1,3,0,False,0.006256578024476767,0.06465677678278643,0.055815287520478624,714.7382324381911,713.6984856383516,0.225,0.5028508575267072,0.311754869973091,0.2371081913569342,0.008979958250710674,0.11273126358611144,0.051635965056484254,0.12029354537870048,0.055379292496989585,0.17517843500098412,-1.0142771857877781,False
smooth_nonlinear_rand,sigmoid,4,1,3,0,False,0.009044601581990719,0.06465677678278643,0.03721918143834577,1763.5487042446944,1764.6333217787098,0.515,0.39476108795432424,0.3565888742589816,0.25801026886209816,0.007729898545936277,0.08062749176730392,0.0371282765701427,0.017810066656220234,0.037269465435084234,0.15917385837946146,-0.854224609932432,False
smooth_nonlinear_rand,sigmoid,4,1,3,0,False,0.006184020545333624,0.06465677678278643,0.05014870641279648,83.43238594067736,83.37508922815621,0.405,0.2623947616280719,0.23542458008738865,0.35602456940837707,0.00948567502681907,0.10774336739283481,0.036759321593401915,0.00970467215455007,0.04961612916586674,0.1756384250071028,-1.0193431269381563,False
smooth_nonlinear_rand,sigmoid,4,1,3,0,False,0.006255832500755787,0.06465677678278643,0.051763123954313574,85.6732818453054,85.7881622905517,0.405,0.2606069202186091,0.2304578058350672,0.22776431590268778,0.009501501713661844,0.11110197046930884,0.0385451852119582,0.010786232524210595,0.05140426000975278,0.17518314776806598,-1.014328938699478,False
smooth_nonlinear_rand,sigmoid,4,1,3,0,False,0.005959941074252129,0.06465677678278643,0.05712145560026108,53.078185340739275,53.381334366725206,0.415,0.23437839178581163,0.19444626260597142,0.20418657299274365,0.010099442527368961,0.12109834787169352,0.050408010507561066,0.03921292869859264,0.056804500778892306,0.17707631402079935,-1.0353720848130363,False
smooth_nonlinear_rand,sigmoid,4,1,3,0,False,0.019106941297650337,0.06465677678278643,0.09123140474565325,7152.432856732259,7155.035386257331,0.32,0.40268701259723716,0.38064128345604364,0.21768604442445633,0.00837054918590519,0.17210004542674348,0.08449507036672474,0.26850687594121647,0.0909640724359323,0.11604910858081374,-0.5294228813964656,False
smooth_nonlinear_rand,sigmoid,4,1,3,0,False,0.014819630421698093,0.06465677678278643,0.06444674719356815,45127.99033908709,45126.51813456405,0.405,0.6166069901963463,0.6859748143296109,0.2037941739577369,0.00858390035490686,0.12714558160309036,0.11401679863838518,0.26013183498582054,0.0645579639569152,0.13254106423738765,-0.6397766775625374,False
smooth_nonlinear_rand,sigmoid,4,1,3,0,False,0.007428039330989122,0.06465677678278643,0.058430492966204006,48.57532399220295,49.15480783131481,0.29,0.326178500665958,0.2232303819917062,0.49677689967105504,0.008930008345460462,0.11949035537268447,0.03943643172571423,0.04875586701941988,0.0576116210970413,0.16809089476319522,-0.9397398560836686,False
smooth_nonlinear_rand,sigmoid,4,1,3,0,False,0.006143318023532629,0.06465677678278643,0.05235716977406418,83.04713704651112,83.16609384450969,0.405,0.259523850705872,0.22975864216527891,0.23916640968940214,0.009566029792915256,0.11221513130866566,0.03911598407100089,0.009741946543375731,0.051964138444736206,0.1758976472414056,-1.0222110525259622,False
smooth_nonlinear_rand,sigmoid,"8,4",2,3,0,True,0.020377201959490776,0.009743964901904007,0.03285160544554905,,,,0.6589968429647755,0.675637143348014,0.5490503035861527,0.01167227702236137,0.05561761501321557,0.6098908753092598,0.22232828569853436,0.03205900800489072,0.044037213502466005,0.3204088388412306,False
smooth_nonlinear_rand,sigmoid,"8,4",2,3,0,True,0.009004953317344189,0.009743964901904007,0.02064161873838966,,,,0.6101029559794804,0.6115595062936653,0.5761004464742748,0.011220120462907695,0.03325845758394873,0.5581342677623801,0.22919778509480598,0.01998229983348112,0.0038170911643801014,-0.034254245216353264,False
smooth_nonlinear_rand,sigmoid,"8,4",2,3,0,True,0.018569717183709145,0.009743964901904007,0.030115829330115373,,,,0.5704277242107316,0.5644139013917214,0.28857394610897835,0.011350229896118384,0.05341447238731825,0.4903780075262138,0.20389356806563252,0.0296592415652843,0.037559225899863186,0.28006957854893666,False
smooth_nonlinear_rand,sigmoid,"8,4",2,3,0,True,0.004226744640618563,0.009743964901904007,0.012264429726154007,,,,0.555626033201633,0.5404536810592258,0.585273999645004,0.011412916799143216,0.02257258331594937,0.5230899001168665,0.1246059594855234,0.011878575313212868,0.0336981047257216,-0.3627297002895985,False
smooth_nonlinear_rand,sigmoid,"8,4",2,3,0,True,0.00975708942860365,0.009743964901904007,0.021082839591161705,,,,0.48494076464292146,0.47833402890440924,0.3398664198187532,0.011529308031413062,0.0371937298881668,0.5740532327310363,0.17567010419999216,0.021037797408420066,6.645683150076354e-05,0.0005845745863004387,False
smooth_nonlinear_rand,sigmoid,"8,4",2,3,0,True,0.0015511461533606052,0.009743964901904007,0.00940016518021061,,,,0.18059219404117127,0.1725627719108986,0.4014458815345523,0.011515096433640964,0.01631315498942428,0.4587577722771007,0.13575400482579714,0.008994667618405758,0.05932693081064957,-0.7980829907568221,False
smooth_nonlinear_rand,sigmoid,"8,4",2,3,0,True,0.02252286858856678,0.009743964901904007,0.03431220534227684,,,,0.6149176430876175,0.5848113651693319,0.602723914521351,0.01121416369717175,0.06787733573853731,0.5968957680832023,0.10251492868797932,0.03410830112038091,0.05136468561601035,0.3638879919651838,False
smooth_nonlinear_rand,sigmoid,"8,4",2,3,0,True,0.005203854292631149,0.009743964901904007,0.009360341700581637,,,,0.2089538161321866,0.20660819127900595,0.3698558315297021,0.011402759769244236,0.01692043900560318,0.5024215412530748,0.08043529670886097,0.00908375020918146,0.026573778383093855,-0.2724105830876812,False
smooth_nonlinear_rand,sigmoid,"8,4",2,3,0,True,0.005354945547878742,0.009743964901904007,0.011833521799445072,,,,0.42674749316549365,0.4012882151923218,0.7029550364823058,0.011318042707595885,0.020214006375853466,0.5609342783519158,0.16696990872499298,0.011230667449582597,0.02553403020130146,-0.2599806519100907,False
smooth_nonlinear_rand,sigmoid,"8,4",2,3,0,True,0.012970908544957638,0.009743964901904007,0.02056246578882619,,,,0.6241122659502344,0.5898514467492171,0.41912414297445194,0.011557473050789458,0.03780201285134534,0.5875826525968482,0.16317119214736062,0.01978849604323771,0.015178372935544221,0.1242346862804505,False
smooth_nonlinear_rand,sigmoid,"8,4",2,3,0,True,0.002575649879872799,0.009743964901904007,0.01100377184595085,,,,0.43205750899357054,0.440427280551119,0.4252317966751887,0.01156723580198095,0.019599115100923964,0.6077694797319946,0.14980004466951727,0.010726808839286532,0.047960662774891916,-0.577848883926972,False
smooth_nonlinear_rand,sigmoid,"8,4",2,3,0,True,0.001285756821744144,0.009743964901904007,0.009711868572521225,,,,0.2801307867345923,0.22856950844994123,0.6070926916073134,0.011520682580925427,0.017572863214221045,0.4990552102222112,0.1306694838538005,0.009366700901993992,0.06285407224131268,-0.8795768737448828,False
smooth_nonlinear_rand,sigmoid,"8,4",2,3,0,True,0.0017947390442714095,0.009743964901904007,0.009399219982580092,,,,0.6067970272489022,0.6196504263881574,0.6365811305553658,0.011547309378774384,0.017860298339184132,0.5194396953885236,0.12254459603831887,0.009260616489124147,0.05634716310939794,-0.7347344000235,False
smooth_nonlinear_rand,sigmoid,"8,4",2,3,0,True,0.003526141634210944,0.009743964901904007,0.009377660857419057,,,,0.5756606597778732,0.5714304898686007,0.45375958535689476,0.011495448048821326,0.016220653560420538,0.5182279145977023,0.12262943743834942,0.009387082930805353,0.03933019970172223,-0.4414359583673023,False
smooth_nonlinear_rand,sigmoid,"8,4",2,3,0,True,0.013857104815542698,0.009743964901904007,0.019578579703396205,,,,0.5696924834553527,0.5318222979024865,0.13517687429196745,0.011199832663954818,0.039673002864843654,0.5656537298831699,0.10704051001106395,0.01870513859757507,0.01900468090497101,0.15293679104670083,False
smooth_nonlinear_rand,sigmoid,"8,4",2,3,0,True,0.0067896973341703415,0.009743964901904007,0.015814664849888405,,,,0.4074497264014162,0.3572930271167983,0.678179995047417,0.011102756531449143,0.02845425552152651,0.5422856247869869,0.17439438742334112,0.014911493132274854,0.01631190390773475,-0.15688529587652794,False
smooth_nonlinear_rand,sigmoid,"8,4",2,3,0,True,0.025270776823163033,0.009743964901904007,0.023857790783702284,,,,0.49838247541871944,0.46251797652286886,0.15007269356201455,0.011010783182479486,0.04724491144264249,0.5677782637776381,0.08292156271351996,0.022820492624206448,0.060256324741420286,0.41388288138062,False
smooth_nonlinear_rand,sigmoid,"8,4",2,3,0,True,0.003073681378737092,0.009743964901904007,0.010853477223774343,,,,0.3550928878401127,0.3380802209589246,0.48119249974755135,0.011459558830545353,0.01942501836636739,0.5295485940352902,0.1061990995467472,0.010486154375354672,0.04327073200341196,-0.5010768649046682,False
smooth_nonlinear_rand,sigmoid,"8,4",2,3,0,True,0.0027985915075987577,0.009743964901904007,0.009744192612386918,,,,0.6300913134732395,0.5822206864476924,0.5644827784174586,0.011365719863311648,0.018248661801436923,0.5473087085943459,0.10453737468045719,0.009379055746978046,0.04580980810808706,-0.5417961990279266,False
smooth_nonlinear_rand,sigmoid,"8,4",2,3,0,True,0.0044939834624528885,0.009743964901904007,0.010615244787935917,,,,0.5597944084595694,0.5408414850015946,0.6627646846536841,0.011378901935113154,0.018668161353213884,0.5079607015428147,0.13552731803801565,0.010167000844576788,0.03167434395062903,-0.336104241035477,False
smooth_nonlinear_rand,sigmoid,"8,4",2,3,0,True,0.0027218591421842575,0.009743964901904007,0.008641540410549136,,,,0.396861349505897,0.3405220081860466,0.48574075086267865,0.011193201321762093,0.014974545858650525,0.5401769647367562,0.1619495779292509,0.00800058110018429,0.046540083743980463,-0.5538700644946962,False
smooth_nonlinear_rand,sigmoid,"8,4",2,3,0,True,0.015701930969953537,0.009743964901904007,0.027906424966790636,,,,0.4231938945714947,0.36169359194709266,0.3339859094942087,0.011199598516614055,0.04936592929633966,0.5971074137914456,0.18285471508636358,0.02661836829670818,0.026595822380440365,0.2072173528006562,False
smooth_nonlinear_rand,sigmoid,"8,4",2,3,0,True,0.003952399827539921,0.009743964901904007,0.007976173234848715,,,,0.7708504317038003,0.701510837865422,0.6287361626534032,0.011397604937749786,0.015960213796136918,0.4787396620639249,0.08387216523475831,0.007589663986761489,0.03584340909931455,-0.39187483927554434,False
smooth_nonlinear_rand,sigmoid,"8,4",2,3,0,True,0.008737112395465374,0.009743964901904007,0.009798508574152692,,,,0.5783915763506459,0.5195978102665545,0.5076908846717021,0.011375683118330496,0.01937503564457572,0.5447878773484105,0.0735603599224383,0.009616717066379656,0.0052390015116855065,-0.04736778837386803,False
smooth_nonlinear_rand,sigmoid,"8,4",2,3,0,True,0.0037112953141331673,0.009743964901904007,0.01358107104565631,,,,0.28278765363823466,0.26955595449775016,0.31357301657491454,0.011453655459701005,0.022535992406161658,0.5272981764223055,0.1841672734997848,0.01312052270332102,0.03779112219233409,-0.41921019766747286,False
smooth_nonlinear_rand,sigmoid,"8,4",2,3,0,True,0.004197533708065748,0.009743964901904007,0.01403778552287001,,,,0.41003347097460413,0.35913282684202424,0.2947900441966365,0.011449040012918318,0.024280314626885298,0.5359023841961554,0.18237235332422516,0.013243796070510986,0.03392314731849844,-0.3657415185457235,False
smooth_nonlinear_rand,sigmoid,"8,4",2,3,0,True,0.004191583022475243,0.009743964901904007,0.010527498226279863,,,,0.4914492770554043,0.44544085956586393,0.4728693109549273,0.011289694288616712,0.019483245938263685,0.5687479272807345,0.136843231952877,0.009677535535376824,0.033969087627851086,-0.3663576383189845,False
smooth_nonlinear_rand,sigmoid,"8,4",2,3,0,True,0.004849457647651434,0.009743964901904007,0.010582969533675091,,,,0.3066779919853859,0.2370397667186065,0.5809964929316296,0.01114900244208619,0.019218700460412307,0.5080935852360995,0.10747734431850395,0.009829016842544195,0.029073476238915125,-0.3030425401401381,False
smooth_nonlinear_rand,sigmoid,"8,4",2,3,0,True,0.004039811436086893,0.009743964901904007,0.013657624173482987,,,,0.4040243978713147,0.39772257399883815,0.7363752540004784,0.011255191549873856,0.02306096192216637,0.537134783308663,0.1612501385162559,0.012915495372308482,0.03515201267248476,-0.38237461667355627,False
smooth_nonlinear_rand,sigmoid,"8,4",2,3,0,True,0.006665172055363655,0.009743964901904007,0.012287467685822794,,,,0.44952826874985635,0.45811314351153765,0.42070702000845206,0.010917955182095587,0.02335939377231982,0.5883943974271899,0.13909983108054566,0.011714551672923077,0.0170710186609455,-0.164924346135761,False
smooth_nonlinear_rand,sigmoid,"8,4",2,3,0,True,0.004836915526539087,0.009743964901904007,0.010164231733960366,,,,0.3167613747051417,0.2961104824573966,0.5500086234417012,0.01122941107828127,0.019732279303562073,0.503346223399655,0.1102101253630765,0.009354045339150146,0.029163586756683707,-0.30416720815293646,False
smooth_nonlinear_rand,sigmoid,"8,4",2,3,0,True,0.006957358215004206,0.009743964901904007,0.01795017561626888,,,,0.5731958146412219,0.5149943900827385,0.6511893802142323,0.01129384858935262,0.03181390824095076,0.5735238939371188,0.19357614783885124,0.017421264963102437,0.015300743684232787,-0.1462913464009412,False
smooth_nonlinear_rand,sigmoid,"8,4",2,3,0,True,0.023597819730639458,0.009743964901904007,0.0353556146516973,,,,0.4342811385890434,0.4117087270603325,0.46543717313966926,0.011083371718523055,0.06011956631843797,0.6245796231289216,0.23446285182981114,0.033398503146459695,0.054904294968091905,0.3841361681791768,False
smooth_nonlinear_rand,sigmoid,"8,4",2,3,0,True,0.013309646397829056,0.009743964901904007,0.014635771140438443,,,,0.637840703836094,0.608296441224406,0.34132008360951294,0.011498794669265469,0.029811345516459094,0.5444657820020775,0.03633558299964139,0.014631530279225934,0.016655917151676802,0.1354308066219868,False
smooth_nonlinear_rand,sigmoid,"8,4",2,3,0,True,0.0018856099341064692,0.009743964901904007,0.009523209426933377,,,,0.31839231607828333,0.3043586119544868,0.4762375570689564,0.011399430136655588,0.016794819549241974,0.530333148856027,0.14216116589159672,0.009176236031731688,0.05528791332286636,-0.7132838533980675,False
smooth_nonlinear_rand,sigmoid,"8,4",2,3,0,True,0.0014194961404427886,0.009743964901904007,0.009435126842256298,,,,0.2652686946543211,0.20802902879220747,0.5489460161623846,0.011566618317540916,0.016396140765915508,0.49069677823702357,0.1332355390879214,0.009229964907211783,0.06103532240552775,-0.8366014949150511,False
smooth_nonlinear_rand,sigmoid,"8,4",2,3,0,True,0.021975435316562653,0.009743964901904007,0.03667486463964045,,,,0.6624501405838384,0.600922406061466,0.3960793808643611,0.01129102157819517,0.06427706038583551,0.5552864385909191,0.2320709237435229,0.036027682611061665,0.0495296154297519,0.3532017759244878,False
smooth_nonlinear_rand,sigmoid,"8,4",2,3,0,True,0.008321484550833702,0.009743964901904007,0.013947176625489124,,,,0.3705341220224231,0.35345823372377605,0.6152073839025827,0.011264694705145378,0.024124790269879036,0.5645428308574774,0.141762303270419,0.013029372868726036,0.007489352275494299,-0.06853489971474974,False
smooth_nonlinear_rand,sigmoid,"8,4",2,3,0,True,0.0169106163084507,0.009743964901904007,0.024420253548903283,,,,0.5158157293024633,0.47271490791485726,0.7074516460313368,0.011183808679065911,0.04764723444463616,0.6287440466079964,0.19765119079878418,0.02300027691445524,0.031329301892061706,0.23942372482726934,False
smooth_nonlinear_rand,sigmoid,"8,4",2,3,0,True,0.0038949386216700077,0.009743964901904007,0.010530561198060652,,,,0.6392659890820708,0.631228614957003,0.5048839624728222,0.011401464614007113,0.02106170430895033,0.5265899600419088,0.11802967029588429,0.010397102906699249,0.03630208028370342,-0.3982350927083538,False
smooth_nonlinear_rand,sigmoid,"8,4",2,3,0,True,0.005496995989233255,0.009743964901904007,0.009780375695413113,,,,0.3888223611046333,0.34254061072239866,0.3449872711689672,0.011365843164857194,0.018307545555293372,0.5098216329294543,0.09061667161154152,0.00940639733501686,0.02456979458476323,-0.24861029085591652,False
smooth_nonlinear_rand,sigmoid,"8,4",2,3,0,True,0.0061692665331065655,0.009743964901904007,0.015064373853273423,,,,0.5819041467980333,0.5771849770656843,0.44811648090158174,0.010955998280824145,0.026617486937010052,0.5456227071820969,0.16683652660343343,0.014476402676683315,0.020166845073857464,-0.19850217731336056,False
smooth_nonlinear_rand,sigmoid,"8,4",2,3,0,True,0.011201384477317333,0.009743964901904007,0.014411475877146269,,,,0.6316958474691223,0.5888795030348735,0.6234780818553649,0.01116918406977789,0.02764658967355515,0.5639622031383387,0.09741373563253093,0.013759379860703747,0.0071250696279138576,0.06053599330250899,False
smooth_nonlinear_rand,sigmoid,"8,4",2,3,0,True,0.01752282679080963,0.009743964901904007,0.03055377181223637,,,,0.4620367129147517,0.4226800240081704,0.5415857053219107,0.011168370469680335,0.059531618810200075,0.5645024005053516,0.15987127486134392,0.030292842290976202,0.033662290943391904,0.25486845712959105,False
smooth_nonlinear_rand,sigmoid,"8,4",2,3,0,True,0.001860524294897914,0.009743964901904007,0.0068795140653475206,,,,0.4510777758408398,0.36087048289929874,0.528173227523792,0.011417059065738647,0.012903922092178086,0.49399301287323255,0.10355283921296778,0.006665628040880527,0.05557772837719851,-0.7191003654959917,False
smooth_nonlinear_rand,sigmoid,"8,4",2,3,0,True,0.0026263820473104715,0.009743964901904007,0.007915757490377935,,,,0.3491325577797821,0.3262975132690114,0.16365308803090028,0.011585927588527983,0.015465299056607205,0.507773449823927,0.08953200113894422,0.007746864212779136,0.04746328419731998,-0.5693778098455919,False
smooth_nonlinear_rand,sigmoid,"8,4",2,3,0,True,0.03233286365866661,0.009743964901904007,0.04945141995450325,,,,0.4992606582971421,0.38910522930581215,0.6306867107839571,0.011382423565322946,0.08916333117286603,0.5911786487589766,0.21808586144480654,0.048668733223177905,0.08110188980287497,0.5209084599821747,False
smooth_nonlinear_rand,sigmoid,"8,4",2,3,0,True,0.004275196697562933,0.009743964901904007,0.007151080069176975,,,,0.6301721649625855,0.6119237815724752,0.6719690401531042,0.011547227446470337,0.014038924009750889,0.5331204296778332,0.06194554842246141,0.00720708607268513,0.03332653533337006,-0.3577796099654338,False
smooth_nonlinear_rand,sigmoid,"8,4",2,3,0,True,0.026856280863285065,0.009743964901904007,0.03220297690066082,,,,0.41125800017533315,0.31833082461452067,0.4763949063448819,0.010940734121878062,0.06040894995487802,0.6153720020963704,0.19214587524773305,0.030104221597464932,0.06516733667765112,0.4403101591722568,False
smooth_nonlinear_rand,sigmoid,"8,4",2,3,0,True,0.0024027766194194555,0.009743964901904007,0.008485723981386022,,,,0.3473641245416636,0.3324128519304269,0.5003755311623268,0.011216056260784615,0.015276634657089512,0.5127515762704061,0.10658280725564448,0.00808038043875288,0.04969339823580493,-0.6080223136201143,False
smooth_nonlinear_rand,sigmoid,"8,4",2,3,0,False,0.020377201959490776,0.01101349573202235,0.036285472121385734,,,,0.6589968429647755,0.675637143348014,0.5490503035861527,0.01167227702236137,0.060980485941898394,0.32387964472091446,0.24566328831888118,0.03604824731709448,0.0378035336823455,0.26721936195607127,False
smooth_nonlinear_rand,sigmoid,"8,4",2,3,0,False,0.009004953317344189,0.01101349573202235,0.02333279757382324,,,,0.6101029559794804,0.6115595062936653,0.5761004464742748,0.011220120462907695,0.037050367836530505,0.2920567197285757,0.25181929998350167,0.023225416057356937,0.010050770984500607,-0.08744372210151266,False
smooth_nonlinear_rand,sigmoid,"8,4",2,3,0,False,0.018569717183709145,0.01101349573202235,0.03258866280738587,,,,0.5704277242107316,0.5644139013917214,0.28857394610897835,0.011350229896118384,0.05705359940832702,0.31012944743106474,0.22720836300019517,0.0324147222732834,0.03132554607974268,0.2268801016637772,False
smooth_nonlinear_rand,sigmoid,"8,4",2,3,0,False,0.004226744640618563,0.01101349573202235,0.014395827640458825,,,,0.555626033201633,0.5404536810592258,0.585273999645004,0.011412916799143216,0.02595691456983358,0.2734397036074091,0.1463478701166786,0.014441132977867453,0.039931784545842106,-0.41591917717475796,False
smooth_nonlinear_rand,sigmoid,"8,4",2,3,0,False,0.00975708942860365,0.01101349573202235,0.023251538619108905,,,,0.48494076464292146,0.47833402890440924,0.3398664198187532,0.011529308031413062,0.04048035810575539,0.3126647764170205,0.198622463737526,0.02345486955555753,0.006167222988619742,-0.05260490229885896,False
smooth_nonlinear_rand,sigmoid,"8,4",2,3,0,False,0.0015511461533606052,0.01101349573202235,0.011098001997489624,,,,0.18059219404117127,0.1725627719108986,0.4014458815345523,0.011515096433640964,0.019002550088781878,0.15946971006441618,0.1563372729946011,0.011057291130040474,0.06556061063077007,-0.8512724676419816,False
smooth_nonlinear_rand,sigmoid,"8,4",2,3,0,False,0.02252286858856678,0.01101349573202235,0.03504967739133119,,,,0.6149176430876175,0.5848113651693319,0.602723914521351,0.01121416369717175,0.06899777164614615,0.32077269879330395,0.12445142429920565,0.034188616820019245,0.04513100579588984,0.3106985150800244,False
smooth_nonlinear_rand,sigmoid,"8,4",2,3,0,False,0.005203854292631149,0.01101349573202235,0.01004578658663984,,,,0.2089538161321866,0.20660819127900595,0.3698558315297021,0.011402759769244236,0.017952252761070545,0.2185075163137921,0.09886107965680871,0.010145546277565524,0.03280745820321436,-0.32560005997284064,False
smooth_nonlinear_rand,sigmoid,"8,4",2,3,0,False,0.005354945547878742,0.01101349573202235,0.014401100148903088,,,,0.42674749316549365,0.4012882151923218,0.7029550364823058,0.011318042707595885,0.02435440225284348,0.26514641158734903,0.18876909938046718,0.01435357494078065,0.031767710021421966,-0.3131701287952501,False
smooth_nonlinear_rand,sigmoid,"8,4",2,3,0,False,0.012970908544957638,0.01101349573202235,0.02305437370252667,,,,0.6241122659502344,0.5898514467492171,0.41912414297445194,0.011557473050789458,0.04175042318915188,0.30570170574679334,0.18631263676368523,0.02280929293487461,0.008944693115423716,0.07104520939529103,False
smooth_nonlinear_rand,sigmoid,"8,4",2,3,0,False,0.002575649879872799,0.01101349573202235,0.012651386381149326,,,,0.43205750899357054,0.440427280551119,0.4252317966751887,0.01156723580198095,0.02224997199059328,0.3166524069584039,0.17110206868133734,0.012547375450516199,0.05419434259501242,-0.6310383608121314,False
smooth_nonlinear_rand,sigmoid,"8,4",2,3,0,False,0.001285756821744144,0.01101349573202235,0.011124448460550041,,,,0.2801307867345923,0.22856950844994123,0.6070926916073134,0.011520682580925427,0.01983326362029749,0.2164355853929642,0.15113823778134872,0.011084925765654816,0.06908775206143317,-0.9327663506300422,False
smooth_nonlinear_rand,sigmoid,"8,4",2,3,0,False,0.0017947390442714095,0.01101349573202235,0.010763500737500788,,,,0.6067970272489022,0.6196504263881574,0.6365811305553658,0.011547309378774384,0.020095725780486455,0.23636030130169,0.14357583705353452,0.010747769877407321,0.06258084292951845,-0.7879238769086594,False
smooth_nonlinear_rand,sigmoid,"8,4",2,3,0,False,0.003526141634210944,0.01101349573202235,0.010523535301003868,,,,0.5756606597778732,0.5714304898686007,0.45375958535689476,0.011495448048821326,0.018182596076356368,0.23819091125098485,0.14216174463614,0.010577167788000505,0.04556387952184274,-0.4946254352524617,False
smooth_nonlinear_rand,sigmoid,"8,4",2,3,0,False,0.013857104815542698,0.01101349573202235,0.021992667910309877,,,,0.5696924834553527,0.5318222979024865,0.13517687429196745,0.011199832663954818,0.044193468269239186,0.3129416689165042,0.1293545519594068,0.021150114266787187,0.012771001084850506,0.09974731416154138,False
smooth_nonlinear_rand,sigmoid,"8,4",2,3,0,False,0.0067896973341703415,0.01101349573202235,0.017875903530489283,,,,0.4074497264014162,0.3572930271167983,0.678179995047417,0.011102756531449143,0.03159887761479463,0.27950156365122125,0.1971851951757537,0.017333322407532718,0.022545583727855256,-0.21007477276168735,False
smooth_nonlinear_rand,sigmoid,"8,4",2,3,0,False,0.025270776823163033,0.01101349573202235,0.0257204524440268,,,,0.49838247541871944,0.46251797652286886,0.15007269356201455,0.011010783182479486,0.05012207521793269,0.28543037519010533,0.10462620375368586,0.02447755933765022,0.05402264492129978,0.3606934044954606,False
smooth_nonlinear_rand,sigmoid,"8,4",2,3,0,False,0.003073681378737092,0.01101349573202235,0.012579120785992737,,,,0.3550928878401127,0.3380802209589246,0.48119249974755135,0.011459558830545353,0.02221608802548647,0.2555193247136148,0.12710667955225258,0.012356355083949465,0.04950441182353246,-0.5542663417898276,False
smooth_nonlinear_rand,sigmoid,"8,4",2,3,0,False,0.0027985915075987577,0.01101349573202235,0.011113757542717095,,,,0.6300913134732395,0.5822206864476924,0.5644827784174586,0.011365719863311648,0.020801771196362104,0.28711030565304463,0.12528691474729084,0.011116351861817872,0.052043487928207566,-0.594985675913086,False
smooth_nonlinear_rand,sigmoid,"8,4",2,3,0,False,0.0044939834624528885,0.01101349573202235,0.012252378717277667,,,,0.5597944084595694,0.5408414850015946,0.6627646846536841,0.011378901935113154,0.021411105012320228,0.232154391044132,0.15518717050343864,0.01228171426038414,0.03790802377074953,-0.3892937179206364,False
smooth_nonlinear_rand,sigmoid,"8,4",2,3,0,False,0.0027218591421842575,0.01101349573202235,0.010087479318415605,,,,0.396861349505897,0.3405220081860466,0.48574075086267865,0.011193201321762093,0.017137200918718662,0.24324769855600087,0.18342085497528013,0.009967263112797563,0.05277376356410097,-0.6070595413798556,False
smooth_nonlinear_rand,sigmoid,"8,4",2,3,0,False,0.015701930969953537,0.01101349573202235,0.030620358081246035,,,,0.4231938945714947,0.36169359194709266,0.3339859094942087,0.011199598516614055,0.05342197159013566,0.3306894271783939,0.20558665347806576,0.030094084982699134,0.02036214256031986,0.15402787591549677,False
smooth_nonlinear_rand,sigmoid,"8,4",2,3,0,False,0.003952399827539921,0.01101349573202235,0.009513928956533454,,,,0.7708504317038003,0.701510837865422,0.6287361626534032,0.011397604937749786,0.01851278473417298,0.20703045516577273,0.10404702273894853,0.009462591466311992,0.042077088919435054,-0.44506431616070374,False
smooth_nonlinear_rand,sigmoid,"8,4",2,3,0,False,0.008737112395465374,0.01101349573202235,0.010353862977902528,,,,0.5783915763506459,0.5195978102665545,0.5076908846717021,0.011375683118330496,0.020516890287211795,0.29791379269559737,0.09311143671245625,0.010318082374490818,0.011472681331806012,-0.10055726525902742,False
smooth_nonlinear_rand,sigmoid,"8,4",2,3,0,False,0.0037112953141331673,0.01101349573202235,0.01580906324186629,,,,0.28278765363823466,0.26955595449775016,0.31357301657491454,0.011453655459701005,0.025918790717304085,0.2487664765185798,0.20611733776116523,0.01584355955200661,0.044024802012454595,-0.47239967455263226,False
smooth_nonlinear_rand,sigmoid,"8,4",2,3,0,False,0.004197533708065748,0.01101349573202235,0.016285703293558634,,,,0.41003347097460413,0.35913282684202424,0.2947900441966365,0.011449040012918318,0.027924756284939123,0.2494989936745771,0.20436888308730405,0.01602169269352407,0.04015682713861894,-0.4189309954308829,False
smooth_nonlinear_rand,sigmoid,"8,4",2,3,0,False,0.004191583022475243,0.01101349573202235,0.012244254504469745,,,,0.4914492770554043,0.44544085956586393,0.4728693109549273,0.011289694288616712,0.02236138449757203,0.2745645833425613,0.15844781528895135,0.012175155450173926,0.04020276744797159,-0.4195471152041439,False
smooth_nonlinear_rand,sigmoid,"8,4",2,3,0,False,0.004849457647651434,0.01101349573202235,0.01326381341960382,,,,0.3066779919853859,0.2370397667186065,0.5809964929316296,0.01114900244208619,0.023965348248208226,0.2181682845152558,0.12736543682660678,0.013142740794606382,0.03530715605903563,-0.35623201702529744,False
smooth_nonlinear_rand,sigmoid,"8,4",2,3,0,False,0.004039811436086893,0.01101349573202235,0.015949185831582727,,,,0.4040243978713147,0.39772257399883815,0.7363752540004784,0.011255191549873856,0.026573087056791574,0.2661320078229829,0.18300581375384112,0.01582433917921611,0.041385692492605264,-0.43556409355871567,False
smooth_nonlinear_rand,sigmoid,"8,4",2,3,0,False,0.006665172055363655,0.01101349573202235,0.014697892608707765,,,,0.44952826874985635,0.45811314351153765,0.42070702000845206,0.010917955182095587,0.02726080599408052,0.2891294813246762,0.1603944300766362,0.014660311058574975,0.023304698481066005,-0.21811382302092044,False
smooth_nonlinear_rand,sigmoid,"8,4",2,3,0,False,0.004836915526539087,0.01101349573202235,0.012171614860713212,,,,0.3167613747051417,0.2961104824573966,0.5500086234417012,0.01122941107828127,0.023389147582738603,0.22983952159174756,0.13138210143519002,0.011857587005993686,0.03539726657680421,-0.3573566850380959,False
smooth_nonlinear_rand,sigmoid,"8,4",2,3,0,False,0.006957358215004206,0.01101349573202235,0.020187546789308293,,,,0.5731958146412219,0.5149943900827385,0.6511893802142323,0.01129384858935262,0.03523957419049051,0.3137184032491317,0.21617934092326999,0.020031041157543106,0.021534423504353292,-0.19948082328610064,False
smooth_nonlinear_rand,sigmoid,"8,4",2,3,0,False,0.023597819730639458,0.01101349573202235,0.039333571185243915,,,,0.4342811385890434,0.4117087270603325,0.46543717313966926,0.011083371718523055,0.06625125395147242,0.34512263790857767,0.257820030062346,0.03826905030297983,0.0486706151479714,0.33094669129401744,False
smooth_nonlinear_rand,sigmoid,"8,4",2,3,0,False,0.013309646397829056,0.01101349573202235,0.014929538216246643,,,,0.637840703836094,0.608296441224406,0.34132008360951294,0.011498794669265469,0.030837841737306065,0.2647285339767721,0.055889101407387294,0.01494278575127646,0.010422237331556297,0.08224132973682738,False
smooth_nonlinear_rand,sigmoid,"8,4",2,3,0,False,0.0018856099341064692,0.01101349573202235,0.01120067158129584,,,,0.31839231607828333,0.3043586119544868,0.4762375570689564,0.011399430136655588,0.019452590366247004,0.2395414879854193,0.16250843509266227,0.01123175825263315,0.061521593142986865,-0.766473330283227,False
smooth_nonlinear_rand,sigmoid,"8,4",2,3,0,False,0.0014194961404427886,0.01101349573202235,0.011129871380585911,,,,0.2652686946543211,0.20802902879220747,0.5489460161623846,0.011566618317540916,0.01908232419493494,0.19940280651227338,0.15341699304862988,0.011044730956973836,0.06726900222564826,-0.8897909718002105,False
smooth_nonlinear_rand,sigmoid,"8,4",2,3,0,False,0.021975435316562653,0.01101349573202235,0.039568764710110116,,,,0.6624501405838384,0.600922406061466,0.3960793808643611,0.01129102157819517,0.06820691628558513,0.29508052633579884,0.25551052446729083,0.03930900089435284,0.043295935609631395,0.3000122990393284,False
smooth_nonlinear_rand,sigmoid,"8,4",2,3,0,False,0.008321484550833702,0.01101349573202235,0.017266715229332163,,,,0.3705341220224231,0.35345823372377605,0.6152073839025827,0.011264694705145378,0.02993905439801533,0.2878547003846656,0.16294353436332323,0.017042000851572352,0.013723032095614804,-0.12172437659990917,False
smooth_nonlinear_rand,sigmoid,"8,4",2,3,0,False,0.0169106163084507,0.01101349573202235,0.027293840901829628,,,,0.5158157293024633,0.47271490791485726,0.7074516460313368,0.011183808679065911,0.05268245451477682,0.4028894628280761,0.22108869468382603,0.026365981465491815,0.0250956220719412,0.1862342479421099,False
smooth_nonlinear_rand,sigmoid,"8,4",2,3,0,False,0.0038949386216700077,0.01101349573202235,0.011803897794292188,,,,0.6392659890820708,0.631228614957003,0.5048839624728222,0.011401464614007113,0.023194343035525384,0.25818208726884695,0.13974069576268203,0.011660625048355055,0.04253576010382393,-0.4514245695935132,False
smooth_nonlinear_rand,sigmoid,"8,4",2,3,0,False,0.005496995989233255,0.01101349573202235,0.010876655607978373,,,,0.3888223611046333,0.34254061072239866,0.3449872711689672,0.011365843164857194,0.020407287718454955,0.22915059557455675,0.10979188299191939,0.010835692342436497,0.030803474404883735,-0.3017997677410759,False
smooth_nonlinear_rand,sigmoid,"8,4",2,3,0,False,0.0061692665331065655,0.01101349573202235,0.01733628524225306,,,,0.5819041467980333,0.5771849770656843,0.44811648090158174,0.010955998280824145,0.03031415724230608,0.26854573305415286,0.1893047733196028,0.017261875965201113,0.02640052489397797,-0.25169165419852,False
smooth_nonlinear_rand,sigmoid,"8,4",2,3,0,False,0.011201384477317333,0.01101349573202235,0.016002022134015314,,,,0.6316958474691223,0.5888795030348735,0.6234780818553649,0.01116918406977789,0.03015921354842166,0.29896168053592576,0.11986174424551789,0.015334151223387708,0.0008913898077933524,0.0073465164173495325,False
smooth_nonlinear_rand,sigmoid,"8,4",2,3,0,False,0.01752282679080963,0.01101349573202235,0.030306654538245804,,,,0.4620367129147517,0.4226800240081704,0.5415857053219107,0.011168370469680335,0.05844727523575201,0.28860556006835075,0.18300659696596674,0.029899046153951576,0.0274286111232714,0.2016789802444317,False
smooth_nonlinear_rand,sigmoid,"8,4",2,3,0,False,0.001860524294897914,0.01101349573202235,0.008239442905385305,,,,0.4510777758408398,0.36087048289929874,0.528173227523792,0.011417059065738647,0.015148654245271821,0.20653381220098305,0.12341579192024658,0.00825188890239865,0.061811408197319014,-0.772289842381151,False
smooth_nonlinear_rand,sigmoid,"8,4",2,3,0,False,0.0026263820473104715,0.01101349573202235,0.009127947083730308,,,,0.3491325577797821,0.3262975132690114,0.16365308803090028,0.011585927588527983,0.01772327125426261,0.2278581339744517,0.10960921460493622,0.009127109940583907,0.053696964017440486,-0.6225672867307513,False
smooth_nonlinear_rand,sigmoid,"8,4",2,3,0,False,0.03233286365866661,0.01101349573202235,0.0527582384335965,,,,0.4992606582971421,0.38910522930581215,0.6306867107839571,0.011382423565322946,0.09438535500122805,0.31642812180996027,0.2413960469889768,0.05258245406981124,0.07486820998275447,0.4677189830970154,False
smooth_nonlinear_rand,sigmoid,"8,4",2,3,0,False,0.004275196697562933,0.01101349573202235,0.008393658316443689,,,,0.6301721649625855,0.6119237815724752,0.6719690401531042,0.011547227446470337,0.016120789630784116,0.2392818597491547,0.08094973796116076,0.008428288451999949,0.03956021515349056,-0.4109690868505932,False
smooth_nonlinear_rand,sigmoid,"8,4",2,3,0,False,0.026856280863285065,0.01101349573202235,0.03505692988806305,,,,0.41125800017533315,0.31833082461452067,0.4763949063448819,0.010940734121878062,0.06509822837939776,0.3633620899090213,0.21651997690676095,0.033845830119069616,0.05893365685753062,0.3871206822870974,False
smooth_nonlinear_rand,sigmoid,"8,4",2,3,0,False,0.0024027766194194555,0.01101349573202235,0.009921991711867757,,,,0.3473641245416636,0.3324128519304269,0.5003755311623268,0.011216056260784615,0.0178039462312658,0.2302945487370834,0.12672166910171426,0.00974193687552129,0.055927078055925436,-0.6612117905052737,False
smooth_nonlinear_rand,sigmoid,"16,8,4",3,3,0,True,0.014945821836590767,0.009724293236886762,0.0144987420897864,,,,0.32198958509777414,0.2611681056071107,0.7331723634593494,0.011750714878913845,0.03157353906887775,0.7479569406979292,0.05597081755071995,0.014439503866266946,0.02364127451144009,0.18666175433740181,False
smooth_nonlinear_rand,sigmoid,"16,8,4",3,3,0,True,0.05484679341316223,0.009724293236886762,0.051847189082306996,,,,0.615736812037725,0.629833479349729,0.4385120060460052,0.011684777548667112,0.10660432164716284,0.7479282886673259,0.17382050520983636,0.05181958295228745,0.13558209154463652,0.7512931953153597,False
smooth_nonlinear_rand,sigmoid,"16,8,4",3,3,0,True,0.015202696435153484,0.009724293236886762,0.019898147123233175,,,,0.5330036332933382,0.49023569209528856,0.4547047865459875,0.011471648783655109,0.032675741497571666,0.7607735599354359,0.0975414339587202,0.019877182132846335,0.024687383942766164,0.19406257711608216,False
smooth_nonlinear_rand,sigmoid,"16,8,4",3,3,0,True,0.031496599316596985,0.009724293236886762,0.03327137551341694,,,,0.6351102112726011,0.598559925604513,0.6466045848554723,0.011575131807221053,0.06593665040281159,0.749697980913559,0.24196573912146485,0.032589014757143625,0.07886098177400848,0.5104056190509447,False
smooth_nonlinear_rand,sigmoid,"16,8,4",3,3,0,True,0.031005118042230606,0.009724293236886762,0.032155025574527436,,,,0.5773312184804849,0.5687152833207558,0.6252804188651283,0.011696731800904971,0.05477137472198974,0.7529513740970525,0.20441020963536874,0.03217478343012047,0.07747087115976976,0.5035753425700262,False
smooth_nonlinear_rand,sigmoid,"16,8,4",3,3,0,True,0.005694057792425156,0.009724293236886762,0.008210365505603024,,,,0.43035355987712776,0.44695743933624915,0.4231430099387514,0.011696960504476547,0.017322553909647476,0.7569563302802775,0.06861495656336455,0.008193028225083858,0.023152850260271224,-0.23243617580585796,False
smooth_nonlinear_rand,sigmoid,"16,8,4",3,3,0,True,0.004511195234954357,0.009724293236886762,0.012667294371819142,,,,0.3388718008957145,0.2895391471915515,0.5464805576097639,0.01163435491126483,0.025122177653129813,0.7495791603744131,0.10839682132913074,0.012476431316450584,0.03144639927502414,-0.33356642370789,False
smooth_nonlinear_rand,sigmoid,"16,8,4",3,3,0,True,0.01700093224644661,0.009724293236886762,0.02060650751843669,,,,0.43231949754840565,0.4090011927300368,0.4748482897480235,0.011701450499041623,0.04044880596170437,0.758787941095894,0.10827616485532036,0.020677336477297383,0.03177579193673029,0.24261469002182687,False
smooth_nonlinear_rand,sigmoid,"16,8,4",3,3,0,True,0.0028955491725355387,0.009724293236886762,0.011752363045465099,,,,0.48337098778911686,0.4407952180817329,0.5407183943077806,0.011515886054627555,0.02342970243518233,0.7547383434665738,0.03222104255665207,0.011851115814668557,0.04480152381266627,-0.5261271019868436,False
smooth_nonlinear_rand,sigmoid,"16,8,4",3,3,0,True,0.009921425022184849,0.009724293236886762,0.016090458811040462,,,,0.37437764682711333,0.3112686698441207,0.41590875354576645,0.011460559387407648,0.028606035437578788,0.7329493895607907,0.10317972905398029,0.016045993539769668,0.000994519190294016,0.008716008141276998,False
smooth_nonlinear_rand,sigmoid,"16,8,4",3,3,0,True,0.008471827954053879,0.009724293236886762,0.018258292010869058,,,,0.47065162666407706,0.4076461543590577,0.566075367914446,0.011599122256813244,0.03626119607726836,0.7597627744996218,0.0570697619674599,0.018161757785268226,0.0065692977236963546,-0.05988091902231052,False
smooth_nonlinear_rand,sigmoid,"16,8,4",3,3,0,True,0.004113274626433849,0.009724293236886762,0.008962849026522342,,,,0.42750198034693954,0.42230644959965064,0.5154841228042099,0.011414526613084489,0.017953880444679,0.7641399563283024,0.09570535703810917,0.008762598475140973,0.034477015096228275,-0.37367034002165467,False
smooth_nonlinear_rand,sigmoid,"16,8,4",3,3,0,True,0.011185144074261189,0.009724293236886762,0.01281430377644271,,,,0.5116446760941338,0.4860225285894721,0.6274200442220751,0.01176087609168731,0.022981155752201422,0.7451508653279162,0.2178919102791118,0.012743061418590546,0.007148010380497685,0.06078353599889309,False
smooth_nonlinear_rand,sigmoid,"16,8,4",3,3,0,True,0.007463579066097736,0.009724293236886762,0.009842048590039485,,,,0.43947597653290876,0.46229814069240044,0.4103939875728528,0.011715744629754016,0.020252025198673078,0.7498157175754305,0.10502105417844906,0.009845479524547047,0.012219823005497635,-0.11491090863957244,False
smooth_nonlinear_rand,sigmoid,"16,8,4",3,3,0,True,0.005010637454688549,0.009724293236886762,0.013265317485170878,,,,0.45285751739391017,0.3295338581369927,0.3406046842867773,0.011574253783833012,0.02592751073200604,0.7610003303007792,0.0666936857745612,0.012807468259548111,0.027825974802127076,-0.2879650661089993,False
smooth_nonlinear_rand,sigmoid,"16,8,4",3,3,0,True,0.014188260771334171,0.009724293236886762,0.016255373711345455,,,,0.5851407710173778,0.5784143182210884,0.34112189242060764,0.011685604314850192,0.030324437805743083,0.7511304455964609,0.08853705359062783,0.01603614349204834,0.020502654864186495,0.164071115377777,False
smooth_nonlinear_rand,sigmoid,"16,8,4",3,3,0,True,0.01577657088637352,0.009724293236886762,0.017119946709550898,,,,0.42946641418760906,0.4256203849509234,0.733651737467729,0.011626563857650853,0.03448525872234566,0.7511011571362305,0.004889415326524554,0.01716417744841489,0.02699298919479999,0.2101545665787327,False
smooth_nonlinear_rand,sigmoid,"16,8,4",3,3,0,True,0.0036117136478424072,0.009724293236886762,0.00798655919121507,,,,0.40822699884190733,0.39620369030967045,0.5362600543121995,0.011649023228672705,0.01619170193744993,0.7628234283044588,0.04568921251611791,0.007862579304978157,0.03851429666297304,-0.4301447362795792,False
smooth_nonlinear_rand,sigmoid,"16,8,4",3,3,0,True,0.027275536209344864,0.009724293236886762,0.026608411564596823,,,,0.3617746190284252,0.35812316091939195,0.3763078002205833,0.011574782047068542,0.046500448187828454,0.7509244163056221,0.16738952725466338,0.026762635246676263,0.06654123790769183,0.4479152505771397,False
smooth_nonlinear_rand,sigmoid,"16,8,4",3,3,0,True,0.019786201417446136,0.009724293236886762,0.020894958390024584,,,,0.5964713263165226,0.5419388408473268,0.507379417917608,0.011248327853475274,0.04294505084733185,0.7503118713127603,0.05882428233619689,0.021636480952535706,0.04205160200097348,0.3085043791925007,False
smooth_nonlinear_rand,sigmoid,"16,8,4",3,3,0,True,0.0067556388676166534,0.009724293236886762,0.016133792056504285,,,,0.5074768679531224,0.4206461903444793,0.3606496527473046,0.011683802365596612,0.03303555537011759,0.76278151269317,0.0008724029710844285,0.015817688488853773,0.016419137603014097,-0.15819162087180494,False
smooth_nonlinear_rand,sigmoid,"16,8,4",3,3,0,True,0.007902124896645546,0.009724293236886762,0.010137048888000981,,,,0.3755376195375506,0.3658267270339026,0.4401116612100191,0.01135570164135691,0.020693635609538047,0.754176398222397,0.09507576772811313,0.00971311815285867,0.009717934273237513,-0.09011415693597107,False
smooth_nonlinear_rand,sigmoid,"16,8,4",3,3,0,True,0.0029683897737413645,0.009724293236886762,0.008236619276696201,,,,0.16090072352969528,0.12960029535250223,0.5192147976039899,0.011512147948825819,0.016941468086711712,0.7549194740986864,0.11058306868220046,0.008404551003343958,0.04412890008912395,-0.5153371198035064,False
smooth_nonlinear_rand,sigmoid,"16,8,4",3,3,0,True,0.03258240595459938,0.009724293236886762,0.04343698166816507,,,,0.6053226170639734,0.5917618119526326,0.5079834016163797,0.011635942190439268,0.08422849257885803,0.7596067574252912,0.01343450570787814,0.04328243467896123,0.08189414095436846,0.5251251038350726,False
smooth_nonlinear_rand,sigmoid,"16,8,4",3,3,0,True,0.010359645821154118,0.009724293236886762,0.009184383768632983,,,,0.37093199782988834,0.33105852350208026,0.3145701237987211,0.011655150788725446,0.019580088097329786,0.7598362675311204,0.09174701252657728,0.00907720584024788,0.003170514211129169,0.02748686131032514,False
smooth_nonlinear_rand,sigmoid,"16,8,4",3,3,0,True,0.009192288853228092,0.009724293236886762,0.012971782738837772,,,,0.2673522110637739,0.2571777836723637,0.3516599722216786,0.011659073999858577,0.02496260559741327,0.7459401912044363,0.1347311191164862,0.012786191589926041,0.0027354062117774247,-0.024434383639582877,False
smooth_nonlinear_rand,sigmoid,"16,8,4",3,3,0,True,0.027212824672460556,0.009724293236886762,0.02752557392759881,,,,0.43648578205400024,0.46223989174187813,0.4450499656583058,0.011526315639604092,0.05670147300272001,0.7477818539224431,0.16167121661707282,0.026971959127415637,0.06635126982194194,0.4469155770319961,False
smooth_nonlinear_rand,sigmoid,"16,8,4",3,3,0,True,0.04838361218571663,0.009724293236886762,0.04434717040989379,,,,0.4279326386329325,0.4087958254738567,0.44271595349282955,0.01163603107653733,0.08298227791286232,0.7514542021075876,0.016909288179027867,0.043609423606700136,0.12135092069405369,0.6968402418968849,False
smooth_nonlinear_rand,sigmoid,"16,8,4",3,3,0,True,0.005306840408593416,0.009724293236886762,0.009439252743888644,,,,0.4573668956128914,0.44432410067470274,0.46606529142733777,0.011607080340010331,0.01991124195694023,0.7507197132386454,0.01943806090886727,0.009344506188734893,0.0257637672572011,-0.2630220191692474,False
smooth_nonlinear_rand,sigmoid,"16,8,4",3,3,0,True,0.004400826524943113,0.009724293236886762,0.008241386730360768,,,,0.2775866130218595,0.27644263584410017,0.4785850125464106,0.011647087186913612,0.01704877265828217,0.7611816413812387,0.09388590588639101,0.00814473784935231,0.0322731054395104,-0.34432379699859433,False
smooth_nonlinear_rand,sigmoid,"16,8,4",3,3,0,True,0.05190446972846985,0.009724293236886762,0.053363653242225285,,,,0.513059251498785,0.5051839626674806,0.41384519648121865,0.011424884768713759,0.10919265082497162,0.7510168305571758,0.04099010020616736,0.05347810754380846,0.12921369363164065,0.7273467119638042,False
smooth_nonlinear_rand,sigmoid,"16,8,4",3,3,0,True,0.08757873624563217,0.009724293236886762,0.08513625417055057,,,,0.6408087291538299,0.671527268360753,0.3397550378441405,0.010793099802525033,0.1701659387088832,0.7439699562250408,0.3560926105120232,0.08290237124973371,0.19732521665450564,0.9545406275099774,False
smooth_nonlinear_rand,sigmoid,"16,8,4",3,3,0,True,0.04739398881793022,0.009724293236886762,0.04404017101166326,,,,0.46198905129389756,0.42940210531227235,0.4824541390479786,0.011558698388035703,0.08922159069135924,0.7470482646570654,0.16258538595979968,0.04358799907556682,0.1190897738759799,0.687865215186897,False
smooth_nonlinear_rand,sigmoid,"16,8,4",3,3,0,True,0.05366640165448189,0.009724293236886762,0.05160234363545225,,,,0.43042864260218866,0.4297992796684997,0.5191688906770354,0.011704411028449116,0.09425576922377654,0.7502318967203423,0.2864572893483876,0.05109283279548934,0.13304826828076133,0.7418444301550188,False
smooth_nonlinear_rand,sigmoid,"16,8,4",3,3,0,True,0.010672289878129959,0.009724293236886762,0.00949990236827393,,,,0.3007798417527607,0.2885154301176338,0.5731451940076815,0.011497538499894364,0.019660663649301503,0.7632211040408423,0.06564013836356254,0.0094581488949831,0.004694944447144397,0.04039956637760777,False
smooth_nonlinear_rand,sigmoid,"16,8,4",3,3,0,True,0.0029039245564490557,0.009724293236886762,0.009395483841873751,,,,0.39523224523226336,0.39590162911689236,0.649822654413952,0.011584009521423681,0.019326440736294515,0.7560043641567904,0.10758562938960195,0.009103290161190847,0.04472375677675432,-0.5248727172905213,False
smooth_nonlinear_rand,sigmoid,"16,8,4",3,3,0,True,0.003194228047505021,0.009724293236886762,0.010531200011296598,,,,0.4869134625292663,0.40118686955316546,0.3330871233106663,0.011731319618026185,0.021794439039297543,0.752236658947943,0.022090213566943333,0.010528351725126936,0.04209432898590108,-0.48349212779091766,False
smooth_nonlinear_rand,sigmoid,"16,8,4",3,3,0,True,0.017345651984214783,0.009724293236886762,0.021103423239296322,,,,0.6128444000220479,0.5063348852466159,0.3895229424959388,0.011609286083360967,0.03863134987589592,0.7516298756199666,0.1558135758581225,0.02168832137441106,0.033091061726556445,0.2513325820862382,False
smooth_nonlinear_rand,sigmoid,"16,8,4",3,3,0,True,0.05029962956905365,0.009724293236886762,0.0398757396381399,,,,0.4920581506887442,0.45024241164261286,0.3546767127893591,0.011472995864710475,0.0842328856023265,0.7490432572875749,0.12280595819348544,0.03914480142983641,0.1256639579633202,0.713706740156154,False
smooth_nonlinear_rand,sigmoid,"16,8,4",3,3,0,True,0.03981710970401764,0.009724293236886762,0.04608675468884979,,,,0.40142629470700303,0.37417030595607953,0.4493065948053161,0.011521341754578859,0.08846993108411089,0.7495206995095599,0.02975856944008171,0.04665122229559771,0.10093041930311665,0.6122116851489389,False
smooth_nonlinear_rand,sigmoid,"16,8,4",3,3,0,True,0.007653288077563047,0.009724293236886762,0.014063303384617398,,,,0.39379619983264974,0.4538412149740878,0.6911448183036389,0.011477814061731113,0.028797000848235894,0.7534146189552735,0.12463430888906836,0.014126464460669312,0.011128758028566874,-0.10400998563163959,False
smooth_nonlinear_rand,sigmoid,"16,8,4",3,3,0,True,0.07680566608905792,0.009724293236886762,0.0809916406563516,,,,0.5180840999347182,0.5295180618947847,0.4555069203014918,0.01165072971581422,0.15813453127869218,0.7451176114831697,0.35457408782492217,0.07987089538698236,0.17852652077111741,0.8975352133253536,False
smooth_nonlinear_rand,sigmoid,"16,8,4",3,3,0,True,0.012039885856211185,0.009724293236886762,0.012630897427539034,,,,0.5225606952203904,0.4696865712457783,0.3785476795228442,0.011412477264696621,0.026495165665569406,0.7529145087245306,0.08780452622371816,0.012720616070045088,0.011114582546712382,0.09276432306940574,False
smooth_nonlinear_rand,sigmoid,"16,8,4",3,3,0,True,0.03344985097646713,0.009724293236886762,0.03625582678750776,,,,0.6819064369498462,0.6538270540363837,0.47807880037139033,0.011598179232934507,0.0734142157305436,0.7506187564527137,0.09945471698102756,0.03553300925029132,0.08428117305560888,0.5365361407128288,False
smooth_nonlinear_rand,sigmoid,"16,8,4",3,3,0,True,0.016154728829860687,0.009724293236886762,0.018208360168435352,,,,0.5681413839768286,0.5262044070130795,0.500565118237398,0.0117330299948822,0.03691097911389252,0.749238226650151,0.11712270894639157,0.018185476274358688,0.028489423121646415,0.2204416258763836,False
smooth_nonlinear_rand,sigmoid,"16,8,4",3,3,0,True,0.004271126817911863,0.009724293236886762,0.009153317693112539,,,,0.5677940213172682,0.5658962332636214,0.46643702564031625,0.011717809914941014,0.017976391386131683,0.7525029144898762,0.07286397774406342,0.009173489277910929,0.033257972642627184,-0.357315579904858,False
smooth_nonlinear_rand,sigmoid,"16,8,4",3,3,0,True,0.007126741576939821,0.009724293236886762,0.010093205915669291,,,,0.45323474911715994,0.4346632258104047,0.49588795815406367,0.011474150253142303,0.020063999915696185,0.7618391972829406,0.01898669669746664,0.010064135671627837,0.014191800458436779,-0.13496703544271238,False
smooth_nonlinear_rand,sigmoid,"16,8,4",3,3,0,True,0.0023055996280163527,0.009724293236886762,0.008984805186450704,,,,0.1648740054828862,0.13212370868534684,0.5983326707505601,0.011669918781484528,0.019497056139948864,0.7542644733820603,0.04176157203331736,0.008919748450199072,0.05059517121957283,-0.6250741531544853,False
smooth_nonlinear_rand,sigmoid,"16,8,4",3,3,0,True,0.004828623495995998,0.009724293236886762,0.011130494844550849,,,,0.30145260324291456,0.25078317610566797,0.6169828377861496,0.011694080193240038,0.022318982247396042,0.7494449837669429,0.0394916408219892,0.011174003164901252,0.029123533573127955,-0.30403470323568144,False
smooth_nonlinear_rand,sigmoid,"16,8,4",3,3,0,True,0.002262093825265765,0.009724293236886762,0.007080970024780458,,,,0.317173727015809,0.3301426419080408,0.4241294903327398,0.011525288872997336,0.014143215237911663,0.7446546121191532,0.08193224397013044,0.006863579197907325,0.051050356949796635,-0.6333474322835998,False
smooth_nonlinear_rand,sigmoid,"16,8,4",3,3,0,False,0.014945821836590767,0.010836028861391712,0.01912316413195814,,,,0.32198958509777414,0.2611681056071107,0.7331723634593494,0.011750714878913845,0.040453680015219685,0.4308369871123484,0.0841126335836593,0.019193936736758916,0.01815685756580751,0.13964964780192557,False
smooth_nonlinear_rand,sigmoid,"16,8,4",3,3,0,False,0.05484679341316223,0.010836028861391712,0.06186761160037376,,,,0.615736812037725,0.629833479349729,0.4385120060460052,0.011684777548667112,0.12508530212640015,0.4693874537218587,0.19908943506700696,0.06139193897456567,0.13009767459900393,0.7042810887798834,False
smooth_nonlinear_rand,sigmoid,"16,8,4",3,3,0,False,0.015202696435153484,0.010836028861391712,0.02226368424277879,,,,0.5330036332933382,0.49023569209528856,0.4547047865459875,0.011471648783655109,0.034801544005114746,0.4808689715456428,0.12146245020073806,0.0222725610771235,0.019202966997133586,0.14705047058060594,False
smooth_nonlinear_rand,sigmoid,"16,8,4",3,3,0,False,0.031496599316596985,0.010836028861391712,0.0396133801757283,,,,0.6351102112726011,0.598559925604513,0.6466045848554723,0.011575131807221053,0.07602437814250165,0.4836647816167843,0.26555378442049776,0.03921137302791451,0.0733765648283759,0.46339351251546845,False
smooth_nonlinear_rand,sigmoid,"16,8,4",3,3,0,False,0.031005118042230606,0.010836028861391712,0.039646035789793525,,,,0.5773312184804849,0.5687152833207558,0.6252804188651283,0.011696731800904971,0.067191433967813,0.42613296635963915,0.2290403914423593,0.039467525060025294,0.07198645421413719,0.4565632360345499,False
smooth_nonlinear_rand,sigmoid,"16,8,4",3,3,0,False,0.005694057792425156,0.010836028861391712,0.010728612101968944,,,,0.43035355987712776,0.44695743933624915,0.4231430099387514,0.011696960504476547,0.022110892592169556,0.4660399644401169,0.0966921856399192,0.010609382178997553,0.028637267205903802,-0.2794482823413342,False
smooth_nonlinear_rand,sigmoid,"16,8,4",3,3,0,False,0.004511195234954357,0.010836028861391712,0.014298594691954157,,,,0.3388718008957145,0.2895391471915515,0.5464805576097639,0.01163435491126483,0.02625427445927535,0.43243103447438247,0.13337042188924703,0.014168185626788265,0.03693081622065672,-0.38057853024336624,False
smooth_nonlinear_rand,sigmoid,"16,8,4",3,3,0,False,0.01700093224644661,0.010836028861391712,0.024926809377408796,,,,0.43231949754840565,0.4090011927300368,0.4748482897480235,0.011701450499041623,0.046796215506310995,0.4709982843371582,0.13499997126530516,0.02496181080884009,0.02629137499109771,0.19560258348635068,False
smooth_nonlinear_rand,sigmoid,"16,8,4",3,3,0,False,0.0028955491725355387,0.010836028861391712,0.012347504175861976,,,,0.48337098778911686,0.4407952180817329,0.5407183943077806,0.011515886054627555,0.023557566313865262,0.4225676157254217,0.05812609866721343,0.012563410260334782,0.05028594075829885,-0.5731392085223198,False
smooth_nonlinear_rand,sigmoid,"16,8,4",3,3,0,False,0.009921425022184849,0.010836028861391712,0.01759003386119046,,,,0.37437764682711333,0.3112686698441207,0.41590875354576645,0.011460559387407648,0.029617264324819693,0.41068141611262465,0.12627508905374984,0.017830657706414777,0.004489897755338562,-0.038296098394199216,False
smooth_nonlinear_rand,sigmoid,"16,8,4",3,3,0,False,0.008471827954053879,0.010836028861391712,0.018309852403465304,,,,0.47065162666407706,0.4076461543590577,0.566075367914446,0.011599122256813244,0.03521599323301611,0.4217144451843654,0.0820672621928727,0.018009845727758517,0.012053714669328933,-0.10689302555778668,False
smooth_nonlinear_rand,sigmoid,"16,8,4",3,3,0,False,0.004113274626433849,0.010836028861391712,0.010180784340947243,,,,0.42750198034693954,0.42230644959965064,0.5154841228042099,0.011414526613084489,0.018836821973747028,0.44639456860665994,0.12138207966568092,0.01009404492211069,0.03996143204186085,-0.42068244655713094,False
smooth_nonlinear_rand,sigmoid,"16,8,4",3,3,0,False,0.011185144074261189,0.010836028861391712,0.01703210004269896,,,,0.5116446760941338,0.4860225285894721,0.6274200442220751,0.01176087609168731,0.028911728651642217,0.45543071369728905,0.24170665326133334,0.016926763917896093,0.0016635934348651071,0.013771429463416883,False
smooth_nonlinear_rand,sigmoid,"16,8,4",3,3,0,False,0.007463579066097736,0.010836028861391712,0.013009887190756776,,,,0.43947597653290876,0.46229814069240044,0.4103939875728528,0.011715744629754016,0.025154636461577402,0.4740968956699156,0.13252592486028517,0.012944020957281078,0.017704239951130213,-0.16192301517504873,False
smooth_nonlinear_rand,sigmoid,"16,8,4",3,3,0,False,0.005010637454688549,0.010836028861391712,0.012717358444277571,,,,0.45285751739391017,0.3295338581369927,0.3406046842867773,0.011574253783833012,0.023889923150264038,0.442784196756887,0.09138251744569266,0.013199446758281974,0.033310391747759655,-0.33497717264447546,False
smooth_nonlinear_rand,sigmoid,"16,8,4",3,3,0,False,0.014188260771334171,0.010836028861391712,0.021010719153914382,,,,0.5851407710173778,0.5784143182210884,0.34112189242060764,0.011685604314850192,0.0375087547445557,0.5014877861706004,0.11515066538049895,0.020709904616381142,0.015018237918553917,0.11705900884230071,False
smooth_nonlinear_rand,sigmoid,"16,8,4",3,3,0,False,0.01577657088637352,0.010836028861391712,0.021566034295207245,,,,0.42946641418760906,0.4256203849509234,0.733651737467729,0.011626563857650853,0.04156911915412176,0.4014144626067858,0.024896120624847723,0.02154955915150452,0.021508572249167413,0.16314246004325644,False
smooth_nonlinear_rand,sigmoid,"16,8,4",3,3,0,False,0.0036117136478424072,0.010836028861391712,0.008277881778699186,,,,0.40822699884190733,0.39620369030967045,0.5362600543121995,0.011649023228672705,0.015957559042754504,0.42715275190811974,0.07158531316751057,0.008303660256478586,0.04399871360860562,-0.4771568428150554,False
smooth_nonlinear_rand,sigmoid,"16,8,4",3,3,0,False,0.027275536209344864,0.010836028861391712,0.033018787834793034,,,,0.3617746190284252,0.35812316091939195,0.3763078002205833,0.011574782047068542,0.056688641950887124,0.4809615884619479,0.1936463214663333,0.03277795242815067,0.06105682096205925,0.4009031440416635,False
smooth_nonlinear_rand,sigmoid,"16,8,4",3,3,0,False,0.019786201417446136,0.010836028861391712,0.023244965776112528,,,,0.5964713263165226,0.5419388408473268,0.507379417917608,0.011248327853475274,0.04730964416030569,0.45387512853889406,0.08584061166906512,0.023146083067283222,0.0365671850553409,0.26149227265702446,False
smooth_nonlinear_rand,sigmoid,"16,8,4",3,3,0,False,0.0067556388676166534,0.010836028861391712,0.014418315153987768,,,,0.5074768679531224,0.4206461903444793,0.3606496527473046,0.011683802365596612,0.028897130992632167,0.41584216263303025,0.026469992731386716,0.014397275381368597,0.021903554548646675,-0.20520372740728118,False
smooth_nonlinear_rand,sigmoid,"16,8,4",3,3,0,False,0.007902124896645546,0.010836028861391712,0.013051845188415014,,,,0.3755376195375506,0.3658267270339026,0.4401116612100191,0.01135570164135691,0.0248976500395453,0.41261976637707043,0.12197618071153724,0.012087351821274107,0.015202351218870092,-0.1371262634714473,False
smooth_nonlinear_rand,sigmoid,"16,8,4",3,3,0,False,0.0029683897737413645,0.010836028861391712,0.010316625138487839,,,,0.16090072352969528,0.12960029535250223,0.5192147976039899,0.011512147948825819,0.019646762674664208,0.5007133553534902,0.13725045367210897,0.01052595126859842,0.04961331703475653,-0.5623492263389827,False
smooth_nonlinear_rand,sigmoid,"16,8,4",3,3,0,False,0.03258240595459938,0.010836028861391712,0.044473285004874324,,,,0.6053226170639734,0.5917618119526326,0.5079834016163797,0.011635942190439268,0.08395625091895237,0.4766737099244693,0.01311922078881014,0.044321112816080775,0.07640972400873589,0.47811299729959644,False
smooth_nonlinear_rand,sigmoid,"16,8,4",3,3,0,False,0.010359645821154118,0.010836028861391712,0.012333462911978944,,,,0.37093199782988834,0.33105852350208026,0.3145701237987211,0.011655150788725446,0.025895419934584156,0.4551982182668014,0.11974571749296915,0.012251601239140281,0.002313902734503409,-0.01952524522515112,False
smooth_nonlinear_rand,sigmoid,"16,8,4",3,3,0,False,0.009192288853228092,0.010836028861391712,0.017535066388464603,,,,0.2673522110637739,0.2571777836723637,0.3516599722216786,0.011659073999858577,0.032096727118341606,0.46682877016975555,0.1615468857241103,0.017351791285648777,0.008219823157410003,-0.0714464901750591,False
smooth_nonlinear_rand,sigmoid,"16,8,4",3,3,0,False,0.027212824672460556,0.010836028861391712,0.031307010951971644,,,,0.43648578205400024,0.46223989174187813,0.4450499656583058,0.011526315639604092,0.0618740239930249,0.47976334035813395,0.18593506701646856,0.030321000223003453,0.06086685287630936,0.3999034704965198,False
smooth_nonlinear_rand,sigmoid,"16,8,4",3,3,0,False,0.04838361218571663,0.010836028861391712,0.046678418938810466,,,,0.4279326386329325,0.4087958254738567,0.44271595349282955,0.01163603107653733,0.08693471711491013,0.46356660439523506,0.040973071339336975,0.04618007008656321,0.11586650374842111,0.6498281353614087,False
smooth_nonlinear_rand,sigmoid,"16,8,4",3,3,0,False,0.005306840408593416,0.010836028861391712,0.00892953172528414,,,,0.4573668956128914,0.44432410067470274,0.46606529142733777,0.011607080340010331,0.018773043686391253,0.4379361526396277,0.0464784011698935,0.00891810695310886,0.03124818420283368,-0.3100341257047236,False
smooth_nonlinear_rand,sigmoid,"16,8,4",3,3,0,False,0.004400826524943113,0.010836028861391712,0.011030143542975362,,,,0.2775866130218595,0.27644263584410017,0.4785850125464106,0.011647087186913612,0.021221178083106525,0.4528619679810413,0.12101918673635559,0.010958330695881235,0.037757522385142975,-0.39133590353407055,False
smooth_nonlinear_rand,sigmoid,"16,8,4",3,3,0,False,0.05190446972846985,0.010836028861391712,0.0509962498119722,,,,0.513059251498785,0.5051839626674806,0.41384519648121865,0.011424884768713759,0.10415984425727123,0.5189284207732593,0.013259273164100027,0.050920209485979716,0.12372927668600806,0.6803346054283279,False
smooth_nonlinear_rand,sigmoid,"16,8,4",3,3,0,False,0.08757873624563217,0.010836028861391712,0.09802583455285914,,,,0.6408087291538299,0.671527268360753,0.3397550378441405,0.010793099802525033,0.19126151693615476,0.52095536235115,0.37499758870434313,0.09111436217993511,0.19184079970887305,0.907528520974501,False
smooth_nonlinear_rand,sigmoid,"16,8,4",3,3,0,False,0.04739398881793022,0.010836028861391712,0.04481966462092496,,,,0.46198905129389756,0.42940210531227235,0.4824541390479786,0.011558698388035703,0.0896789308926245,0.5002411199317885,0.18881319944779998,0.044096269912509006,0.11360535693034732,0.6408531086514209,False
smooth_nonlinear_rand,sigmoid,"16,8,4",3,3,0,False,0.05366640165448189,0.010836028861391712,0.06357818648413054,,,,0.43042864260218866,0.4297992796684997,0.5191688906770354,0.011704411028449116,0.11405990840013668,0.44875375869245426,0.30808619410266797,0.062435325343941465,0.12756385133512876,0.6948323236195425,False
smooth_nonlinear_rand,sigmoid,"16,8,4",3,3,0,False,0.010672289878129959,0.010836028861391712,0.010411149264586497,,,,0.3007798417527607,0.2885154301176338,0.5731451940076815,0.011497538499894364,0.021449630701827108,0.45034050488708544,0.0929960047918743,0.010487668750671903,0.0007894724984881807,-0.006612540157868417,False
smooth_nonlinear_rand,sigmoid,"16,8,4",3,3,0,False,0.0029039245564490557,0.010836028861391712,0.012313952993951504,,,,0.39523224523226336,0.39590162911689236,0.649822654413952,0.011584009521423681,0.023817175327533288,0.4870394824659643,0.13342990153929382,0.012148540660521644,0.050208173722386895,-0.5718848238259976,False
smooth_nonlinear_rand,sigmoid,"16,8,4",3,3,0,False,0.003194228047505021,0.010836028861391712,0.009314550042588368,,,,0.4869134625292663,0.40118686955316546,0.3330871233106663,0.011731319618026185,0.019190203536656437,0.4275275384338397,0.04821556983067778,0.00931299166634658,0.04757874593153366,-0.5305042343263939,False
smooth_nonlinear_rand,sigmoid,"16,8,4",3,3,0,False,0.017345651984214783,0.010836028861391712,0.028907167586150653,,,,0.6128444000220479,0.5063348852466159,0.3895229424959388,0.011609286083360967,0.051437773697269,0.4613748268837058,0.18124255797778174,0.02927095747320391,0.027606644780923867,0.204320475550762,False
smooth_nonlinear_rand,sigmoid,"16,8,4",3,3,0,False,0.05029962956905365,0.010836028861391712,0.04596574801977787,,,,0.4920581506887442,0.45024241164261286,0.3546767127893591,0.011472995864710475,0.0957091351653484,0.46143669182356156,0.1512642412549315,0.045186546219893424,0.12017954101768763,0.6666946336206778,False
smooth_nonlinear_rand,sigmoid,"16,8,4",3,3,0,False,0.03981710970401764,0.010836028861391712,0.04931238661172054,,,,0.40142629470700303,0.37417030595607953,0.4493065948053161,0.011521341754578859,0.09254854695209398,0.48174740880386474,0.0023517464151241478,0.0487990648600387,0.09544600235748407,0.5651995786134627,False
smooth_nonlinear_rand,sigmoid,"16,8,4",3,3,0,False,0.007653288077563047,0.010836028861391712,0.017706824527181537,,,,0.39379619983264974,0.4538412149740878,0.6911448183036389,0.011477814061731113,0.034043198665612874,0.442130692167812,0.15159375181111578,0.01758232026901951,0.01661317497419945,-0.15102209216711582,False
smooth_nonlinear_rand,sigmoid,"16,8,4",3,3,0,False,0.07680566608905792,0.010836028861391712,0.09224467451429805,,,,0.5180840999347182,0.5295180618947847,0.4555069203014918,0.01165072971581422,0.1748936306220279,0.4792194731196269,0.3734247997816877,0.09061457290368752,0.17304210382548482,0.8505231067898773,False
smooth_nonlinear_rand,sigmoid,"16,8,4",3,3,0,False,0.012039885856211185,0.010836028861391712,0.01574040850454843,,,,0.5225606952203904,0.4696865712457783,0.3785476795228442,0.011412477264696621,0.03190383061585575,0.48165268616122925,0.11631345933104643,0.015173691799340042,0.0056301656010798035,0.04575221653392954,False
smooth_nonlinear_rand,sigmoid,"16,8,4",3,3,0,False,0.03344985097646713,0.010836028861391712,0.03656336690492407,,,,0.6819064369498462,0.6538270540363837,0.47807880037139033,0.011598179232934507,0.07409031978688806,0.4623398601600607,0.12579419316129553,0.0359089281248409,0.0787967561099763,0.48952403417735263,False
smooth_nonlinear_rand,sigmoid,"16,8,4",3,3,0,False,0.016154728829860687,0.010836028861391712,0.02179406456871967,,,,0.5681413839768286,0.5262044070130795,0.500565118237398,0.0117330299948822,0.042166632849648514,0.43553194813286505,0.1453001731646178,0.021670616201337253,0.023005006176013837,0.17342951934090742,False
smooth_nonlinear_rand,sigmoid,"16,8,4",3,3,0,False,0.004271126817911863,0.010836028861391712,0.010054178652984493,,,,0.5677940213172682,0.5658962332636214,0.46643702564031625,0.011717809914941014,0.01896269154968446,0.4115388931232434,0.09824371967848206,0.010057199262912294,0.03874238958825976,-0.40432768644033423,False
smooth_nonlinear_rand,sigmoid,"16,8,4",3,3,0,False,0.007126741576939821,0.010836028861391712,0.010347567651641836,,,,0.45323474911715994,0.4346632258104047,0.49588795815406367,0.011474150253142303,0.020270341507841003,0.41981438911396246,0.04541891354618207,0.010286690477431627,0.019676217404069357,-0.18197914197818857,False
smooth_nonlinear_rand,sigmoid,"16,8,4",3,3,0,False,0.0023055996280163527,0.010836028861391712,0.01010161960917358,,,,0.1648740054828862,0.13212370868534684,0.5983326707505601,0.011669918781484528,0.020664730443319103,0.43983455203878746,0.0690623907579435,0.010290874197136717,0.05607958816520541,-0.6720862596899616,False
smooth_nonlinear_rand,sigmoid,"16,8,4",3,3,0,False,0.004828623495995998,0.010836028861391712,0.010794991836672162,,,,0.30145260324291456,0.25078317610566797,0.6169828377861496,0.011694080193240038,0.02135543437707138,0.4108593829536198,0.06574162688872688,0.010760506470117632,0.03460795051876053,-0.3510468097711577,False
smooth_nonlinear_rand,sigmoid,"16,8,4",3,3,0,False,0.002262093825265765,0.010836028861391712,0.008458595511552583,,,,0.317173727015809,0.3301426419080408,0.4241294903327398,0.011525288872997336,0.01564919984323472,0.43445465587769716,0.10796051651083775,0.00843787468533571,0.05653477389542921,-0.680359538819076,False
smooth_nonlinear,softplus,4,1,3,0,True,0.0018152828561142087,0.017302870024894067,0.019020378227509564,0.7213898065792835,0.7084214026238342,0.705,0.06360060504056231,0.06878403334107727,0.1652085124548446,0.02162641990176134,0.03849066095008953,0.20636459831764076,0.03683746980398758,0.01888944954384334,0.08893423775791437,-0.9791738393658029,False
smooth_nonlinear,softplus,4,1,3,0,True,0.0033508699852973223,0.017302870024894067,0.014226623943867468,0.023437569294356874,0.018308210617500903,0.8,0.08581675114551174,0.0890151577600656,0.04788062141326907,0.020445865664954332,0.02956257715686662,0.24039831232034775,0.002315497720173424,0.013684543304525143,0.0736536745704415,-0.71296056806186,False
smooth_nonlinear,softplus,4,1,3,0,True,0.0016627715667709708,0.017302870024894067,0.017219487093690804,0.01573675382966699,0.015187856655114414,0.9,0.11159336417784937,0.11428404691273424,0.1316282611919664,0.02210736591877295,0.03607160561069727,0.23506705491632063,0.03754634683573408,0.016858564504563203,0.09076327801962793,-1.0172855559702976,False
smooth_nonlinear,softplus,4,1,3,0,True,0.02256510965526104,0.017302870024894067,0.06148246199511524,219.0679180963077,218.77259101864664,0.465,0.20603593581983784,0.182143851300742,0.14032188445830607,0.0220034624280542,0.0997748744931404,0.4536846888660582,0.09350158440360012,0.06035569476788377,0.018676501276264995,0.11531930284209471,False
smooth_nonlinear,softplus,4,1,3,0,True,0.003238602075725794,0.017302870024894067,0.014655228667281466,0.023373993155892517,0.018012082926035112,0.855,0.10884661438783791,0.11381679754825011,0.07590662183809234,0.02062024026136612,0.030624048934621083,0.23882944687618274,0.005430527638234288,0.013940542491392848,0.07463165707964907,-0.7277605555797164,False
smooth_nonlinear,softplus,4,1,3,0,True,0.0015474912943318486,0.017302870024894067,0.012402818757989124,0.052322643754647985,0.04292509724873117,0.72,0.1766160448423365,0.18008492829669898,0.24028468751850762,0.02250166700249529,0.026288897267630843,0.2249749639269119,0.03401305782908565,0.012683796162645235,0.09220220825078732,-1.0484899309717526,False
smooth_nonlinear,softplus,4,1,3,0,True,0.002292509889230132,0.017302870024894067,0.0189875323967119,0.03346954357459937,0.03244197509200639,0.835,0.1329119645740362,0.12704791918084507,0.1439034289549372,0.021930006418815658,0.039630786868780674,0.22493358038681627,0.041828498867254066,0.018029952543151553,0.0836602123745562,-0.8778069277074312,False
smooth_nonlinear,softplus,4,1,3,0,True,0.0031078418251127005,0.017302870024894067,0.014220533896221578,0.21089130076206822,0.2166217844968297,0.735,0.05665606246789938,0.039340242327866495,0.2568403939085037,0.020867639024111265,0.03013785815326152,0.23782779698757572,0.006548081534341031,0.013608709063076194,0.07579235330690931,-0.745659238380211,False
smooth_nonlinear,softplus,4,1,3,0,True,0.0032271777745336294,0.017302870024894067,0.015376670491986622,1.3071454783693508,1.3094409342499593,0.615,0.11228070588774736,0.11395988893939132,0.16477783021576142,0.01963349643633197,0.032777472709307164,0.2622568113288033,0.01432012979695887,0.016074694571430997,0.07473211966708154,-0.7292952555680755,False
smooth_nonlinear,softplus,4,1,3,0,True,0.06801271438598633,0.017302870024894067,0.03489721366549064,0.01484787881498794,0.08871222733057488,0.825,0.05740492775968931,0.01859075050792581,0.016453595607647198,0.0008611322866539118,0.07203718845382158,0.3286632063321622,0.22402957415198324,6.191061010259233e-05,0.12925209966611084,0.5944719624002468,False
smooth_nonlinear,softplus,4,1,3,0,True,0.004675887990742922,0.017302870024894067,0.015249976035949823,5.903412501166348,5.889024229946623,0.595,0.04676255016371508,0.04622848477616695,0.03480873215706252,0.019852643986391964,0.03296234950501922,0.26891521275190666,0.03202305224061328,0.016560526624670745,0.06315990914581619,-0.5682540462329732,False
smooth_nonlinear,softplus,4,1,3,0,True,0.06806813180446625,0.017302870024894067,0.03484495545625665,0.03251452999600776,0.11009506936620773,0.8,0.06052938807660785,0.022411502025097608,0.7496072335576418,0.0008548916718482654,0.0717746155924725,0.3285771611418883,0.22129829374646084,6.22203948572095e-05,0.12935832614881743,0.594825685661843,False
smooth_nonlinear,softplus,4,1,3,0,True,0.0018325505079701543,0.017302870024894067,0.019274808954473584,0.3608749334180368,0.35387814920640887,0.71,0.08832879929314275,0.08826380628113546,0.16478105676953825,0.021757792127332802,0.039173743141099684,0.20622247489640838,0.04209635797347715,0.018917685970293606,0.08873207460274941,-0.9750621921592277,False
smooth_nonlinear,softplus,4,1,3,0,True,0.0052457768470048904,0.017302870024894067,0.015549753806284507,0.15983723979550912,0.14600924456054057,0.65,0.09708061226904047,0.09901681973576945,0.06045941637015244,0.01847702256083771,0.03375177326534207,0.2668053953867892,0.0039510703128390855,0.016628674154605557,0.059112638781190455,-0.5183083335206292,False
smooth_nonlinear,softplus,4,1,3,0,True,0.0029978780075907707,0.017302870024894067,0.014291633865203116,0.09586331121214428,0.09691769630769277,0.725,0.08728947315683484,0.0706910748078965,0.1459980121367952,0.020814985369082224,0.02996464845881812,0.23975393102729609,0.007341944072885732,0.013829425046776039,0.07678749285276046,-0.7613041893140412,False
smooth_nonlinear,softplus,4,1,3,0,True,0.006197877693921328,0.017302870024894067,0.01652557284583476,0.1353036993937703,0.11963196769854115,0.535,0.07476604076830971,0.07942108684123603,0.062240625402061545,0.018629004109236708,0.03603708738086653,0.2657912109974898,0.00475982458651503,0.01718892930367315,0.052813773195252045,-0.44587514365586073,False
smooth_nonlinear,softplus,4,1,3,0,True,0.004614170175045729,0.017302870024894067,0.01517693543432775,9.799631725989869,9.805887976001491,0.625,0.021504969881654876,0.02384067939208273,0.014601825854540715,0.019364997231399984,0.03281209361425628,0.27015587971006344,0.012003789934926231,0.01566755176281937,0.06361269070305475,-0.5740245377956116,False
smooth_nonlinear,softplus,4,1,3,0,True,0.002375429728999734,0.017302870024894067,0.01738329939470173,0.0392948782950869,0.03542612777141816,0.84,0.11743295672877824,0.12728745213406337,0.1932750015971659,0.02176909944852278,0.03674395045214329,0.22921148618548493,0.03046973531899154,0.016803279708174353,0.08280199367366992,-0.8623759580192552,False
smooth_nonlinear,softplus,4,1,3,0,True,0.0027937579434365034,0.017302870024894067,0.014550714449615521,0.4230760412017562,0.43164221076473164,0.71,0.049561326716623236,0.037414505531615114,0.03705929264336541,0.021042540792073613,0.03050107989450075,0.24451808378526624,0.010309198222386575,0.014120915522769825,0.07868436270286414,-0.7919293701767159,False
smooth_nonlinear,softplus,4,1,3,0,True,0.002541142515838146,0.017302870024894067,0.0177245282570266,0.05464689637905274,0.04959457547610157,0.835,0.12007206322929548,0.12759332067937837,0.06203583702936807,0.021695587715090774,0.03726031779995322,0.2313256095925174,0.03018016076402857,0.017099619304529082,0.08113062788622537,-0.83308912304347,False
smooth_nonlinear,softplus,4,1,3,0,True,0.0031154293101280928,0.017302870024894067,0.01449672899947593,0.030334684990291974,0.026654863228339876,0.74,0.07668019760173224,0.06396714991979874,0.05635856081490685,0.020484659588440916,0.030284645928571094,0.23955885833324073,0.0024013379291133105,0.013840186466777309,0.07572434318271881,-0.7446002440234335,False
smooth_nonlinear,softplus,4,1,3,0,True,0.0016425977228209376,0.017302870024894067,0.01848542650833871,0.2141370307592872,0.2081464443806178,0.72,0.32306192352336677,0.28449141106945375,0.14419619283257853,0.022114951974735328,0.03940675844137041,0.286249287171805,0.019753862773159225,0.017319555491186016,0.09101140025646218,-1.02258692905821,False
smooth_nonlinear,softplus,4,1,3,0,True,0.0015922104939818382,0.017302870024894067,0.018594740552917658,0.1994500308013064,0.19433958684426428,0.73,0.3328654092248502,0.3036321633802274,0.11031466138012347,0.022069357991889846,0.039484390030355004,0.2801498967900815,0.018686914082007962,0.01733891211619261,0.09163786174799196,-1.0361176635235931,False
smooth_nonlinear,softplus,4,1,3,0,True,0.06739147007465363,0.017302870024894067,0.03461982232239482,0.00011209350199856973,0.06815213057862143,0.97,0.027727861216378206,0.021325394559267664,0.010976778349047814,0.000781669904979428,0.07144583702383606,0.3281833473508617,0.22188598497534887,6.917862889341096e-05,0.12805829704793587,0.5904867846809739,False
smooth_nonlinear,softplus,4,1,3,0,True,0.0027787259314209223,0.017302870024894067,0.014496169006738186,0.20364028276959853,0.20894525249365323,0.635,0.053480287064328516,0.047244290784059936,0.02246795989242631,0.02079673305034272,0.03022917114914856,0.24520608852726355,0.0063991074665849254,0.014072812460306188,0.07882675224752586,-0.7942724314943976,False
smooth_nonlinear,softplus,4,1,3,0,True,0.0018612013664096594,0.017302870024894067,0.01644271654560532,0.021280603311318157,0.019234687302058514,0.88,0.10682180256227966,0.11032697061248653,0.08528188329383274,0.022138536060753687,0.034682903040909985,0.233915758997539,0.03382943824360329,0.016180167975099316,0.0883987310590903,-0.9683247827746974,False
smooth_nonlinear,softplus,4,1,3,0,True,0.0015566813526675105,0.017302870024894067,0.01711068936929346,0.02318567102663045,0.020717065952995734,0.9,0.14293351249203848,0.15338792918073774,0.1644360882418393,0.0222731677280081,0.03678337119995409,0.26416096190422494,0.02026965412185685,0.016045816166171553,0.09208557273552678,-1.0459184224004063,False
smooth_nonlinear,softplus,4,1,3,0,True,0.0016664169961586595,0.017302870024894067,0.016071455414839106,0.07274470265552523,0.06833813187299877,0.685,0.07076491290156744,0.07451800711838621,0.1309091926207548,0.021997108386969624,0.03415524192210945,0.21312000266691467,0.028679007854625974,0.01590529671205698,0.09071860301968836,-1.0163344590467887,False
smooth_nonlinear,softplus,4,1,3,0,True,0.0019184591947123408,0.017302870024894067,0.01820254928381743,68.26961976048409,68.18272105785745,0.53,0.6923384013704762,0.7159332411536732,0.18860963028040129,0.021898585210242672,0.03830118964985749,0.2809550469657391,0.005262940906065536,0.016695522568475046,0.08774015500763382,-0.9551655792095853,False
smooth_nonlinear,softplus,4,1,3,0,True,0.06808540225028992,0.017302870024894067,0.03501017089329275,0.8322700488279015,0.9386532955123029,0.77,0.7733012979396806,0.7390874137762418,0.7355368861449503,0.0009201147261338413,0.07115323116680237,0.33058048959067565,0.22369080897364074,0.0001501997687171502,0.12939142204095383,0.5949358621536033,False
smooth_nonlinear,softplus,4,1,3,0,True,0.004992885980755091,0.017302870024894067,0.015642429596595026,0.07069583141742884,0.05537585748189225,0.695,0.10704210886264885,0.11146322962184452,0.07413520137873596,0.018851718687406538,0.0339185560591599,0.2617562362623771,0.012398937961033758,0.016725048653243264,0.060880017624466876,-0.5397664970037287,False
smooth_nonlinear,softplus,4,1,3,0,True,0.003428390948101878,0.017302870024894067,0.01425129863247143,0.024836954356891185,0.018578997702633545,0.8,0.10910899387187638,0.10038470773509948,0.11111926781025248,0.020496069355701935,0.029996001857348235,0.2348830917581095,0.0006378464822315129,0.013448963931287616,0.07298791091358134,-0.7030278057007511,False
smooth_nonlinear,softplus,4,1,3,0,True,0.0020462169777601957,0.017302870024894067,0.01683792454414835,0.027471433619665985,0.027293544006712415,0.67,0.11390050749658874,0.1017934843303213,0.20678186960219128,0.022322969258642657,0.03658465424796596,0.24946040887019885,0.014335504744436468,0.0160647211448145,0.08630524421717614,-0.9271664617259809,False
smooth_nonlinear,softplus,4,1,3,0,True,0.0017902870895341039,0.017302870024894067,0.017487888887759574,0.02160066003590144,0.020445534921728993,0.875,0.1016264458090756,0.10772475918978622,0.15694894395400008,0.021944865384278908,0.03649646826646287,0.22917109216990253,0.03330139558255833,0.01712894842475027,0.08922858983798987,-0.9851954656669689,False
smooth_nonlinear,softplus,4,1,3,0,True,0.0031585567630827427,0.017302870024894067,0.014387327675876502,0.02572192873478456,0.022256600755187955,0.78,0.08405637604986416,0.08735412843191141,0.05987249635487128,0.020574620635522834,0.0298910990782512,0.24049645486467333,0.0009065947520984583,0.01385402429128689,0.07533933531694512,-0.7386294593780778,False
smooth_nonlinear,softplus,4,1,3,0,True,0.00561876455321908,0.017302870024894067,0.015786100464050143,0.7061230108881432,0.6975697106624575,0.445,0.0688520633346682,0.07366398717534639,0.07323306555527881,0.018800403154919626,0.03423776147708354,0.2647579593148953,0.005174228673458556,0.01644220818683188,0.056581955296638314,-0.4884773115260577,False
smooth_nonlinear,softplus,4,1,3,0,True,0.0673653781414032,0.017302870024894067,0.034738448643851984,1.3995871753871993e-05,0.06757991965798585,1.0,0.021287715910461826,0.019160141468833332,0.7349905441923138,0.0007473600343359764,0.07161171569831876,0.326991636541825,0.22610988204399018,6.214436669293025e-05,0.12800803781678716,0.5903186064707462,False
smooth_nonlinear,softplus,4,1,3,0,True,0.0033460662234574556,0.017302870024894067,0.014304073139149151,0.02350112718385381,0.016841271210593603,0.865,0.10495427735252327,0.10006427877038242,0.10305703042146953,0.02043613872442846,0.02998385933537442,0.236974843320728,0.0033581990495539695,0.013497736383559462,0.07369518224633267,-0.7135836134522332,False
smooth_nonlinear,softplus,4,1,3,0,True,0.003223308827728033,0.017302870024894067,0.014650186168640859,0.0223648118479246,0.01594973033585694,0.92,0.11345096715437361,0.11339039365451861,0.10975666954581355,0.020501902084092256,0.030771555966759654,0.2355532199282744,0.00242125334305453,0.013651627700790245,0.07476618256096271,-0.7298162278771568,False
smooth_nonlinear,softplus,4,1,3,0,True,0.0021347200963646173,0.017302870024894067,0.01609584333635375,0.7834911966610423,0.7575601711097255,0.66,0.10093488100373026,0.11649666246561335,0.20975930690755598,0.021215032277925053,0.03347029404342337,0.25113894954290117,0.0014018088986479636,0.014920450869934274,0.08533734287831125,-0.9087772068981381,False
smooth_nonlinear,softplus,4,1,3,0,True,0.001908231875859201,0.017302870024894067,0.01784857393241538,0.024530358119845382,0.023328712819347026,0.865,0.1081668050865573,0.10798453477815928,0.13048276705224582,0.02180766681002913,0.03728973308402652,0.22676873204987125,0.03590433471906787,0.017359925321442444,0.08785706065319357,-0.9574869992752418,False
smooth_nonlinear,softplus,4,1,3,0,True,0.0030249811243265867,0.017302870024894067,0.014451359707535144,0.04089872015887245,0.039869935727725715,0.71,0.07948241918729017,0.08253050210652986,0.018815048550897485,0.020665901129153955,0.029989330112524536,0.2425446050678117,0.0015671244434530282,0.014038846018045921,0.07654054572210522,-0.7573954764460095,False
smooth_nonlinear,softplus,4,1,3,0,True,0.0037287897430360317,0.017302870024894067,0.01458911930545057,40.72536209080626,40.78661633787494,0.6,0.013086991310240548,0.013429708525776423,0.12830450643668068,0.019231000605752918,0.03114888403744182,0.2660801314502257,0.011098653960586118,0.015514719061724977,0.07047655715406653,-0.666550250184222,False
smooth_nonlinear,softplus,4,1,3,0,True,0.0030478171538561583,0.017302870024894067,0.014030023486792902,0.17455834692450026,0.1790998687966362,0.735,0.055971622524033204,0.043913017032433166,0.042176073512321624,0.02079760746827117,0.029414861754726924,0.2433166127250468,0.006961025501971433,0.013737298039168537,0.07633333513650215,-0.7541292364341888,False
smooth_nonlinear,softplus,4,1,3,0,True,0.06804513931274414,0.017302870024894067,0.03485019895301211,0.027982104071303554,0.10458516234605869,0.81,0.059885950116230074,0.021351847372660056,0.15506649723058263,0.0008549960138033384,0.0718041480780292,0.32862931968101927,0.22170815117931716,6.329876914290502e-05,0.12931425840592725,0.594678962094139,False
smooth_nonlinear,softplus,4,1,3,0,True,0.0032471991144120693,0.017302870024894067,0.014147489674622213,0.05410562171284386,0.053250093452834164,0.74,0.07847380989832617,0.07082789505284172,0.026047292105373973,0.020524806715040787,0.029466230098296853,0.24209429982779956,0.00011682564760432461,0.01369220998341602,0.07455617355647293,-0.7266092256084852,False
smooth_nonlinear,softplus,4,1,3,0,True,0.0025300204288214445,0.017302870024894067,0.014556752945812506,0.06687387685460901,0.06276318621661131,0.665,0.14375013620359883,0.17295499238327589,0.6968777271008324,0.021989992685213927,0.031065180584947318,0.25361962767242485,0.03502226144610696,0.014340855258230326,0.08124106569197173,-0.8349941175451551,False
smooth_nonlinear,softplus,4,1,3,0,True,0.0032018825877457857,0.017302870024894067,0.014667179816033295,0.052601272979173504,0.05079757779874792,0.74,0.09370128276902023,0.07432768208441332,0.0714082508290562,0.02063001347383616,0.03088785325416528,0.23578474665004745,0.005852958094703571,0.013790583840599956,0.0749551941944945,-0.7327127430729138,False
smooth_nonlinear,softplus,4,1,3,0,True,0.0028175381012260914,0.017302870024894067,0.01438041646517998,0.12528207866003135,0.12820679564221618,0.74,0.06463848610903855,0.04810668744467933,0.06351686671485314,0.02092509276410509,0.030178679865000047,0.23961979310761217,0.0072396789376948725,0.013793629640953537,0.07845988711473763,-0.788248347805892,False
smooth_nonlinear,softplus,4,1,3,0,True,0.06806642562150955,0.017302870024894067,0.034955844286772064,0.0182124543131979,0.09329218459599897,0.795,0.052533135536642094,0.014021509939978537,0.0107312515425485,0.0008762645027811528,0.07205384018953911,0.32880402555585875,0.22602742324266717,6.981664657643952e-05,0.12935505630951433,0.5948147995818166,False
smooth_nonlinear,softplus,4,1,3,0,False,0.0018152828561142087,0.06856708565927308,0.06921275587951878,0.7213898065792835,0.7084214026238342,0.705,0.06360060504056231,0.06878403334107727,0.1652085124548446,0.02162641990176134,0.13667627190022485,0.14649346348305758,0.22635673275170848,0.06917900968643362,0.21924703940012635,-1.5771713847151025,False
smooth_nonlinear,softplus,4,1,3,0,False,0.0033508699852973223,0.06856708565927308,0.055889799142490725,0.023437569294356874,0.018308210617500903,0.8,0.08581675114551174,0.0890151577600656,0.04788062141326907,0.020445865664954332,0.11159665334504948,0.11644252012175293,0.20015766317449193,0.05577485274417213,0.20396647621265349,-1.3109581134111596,False
smooth_nonlinear,softplus,4,1,3,0,False,0.0016627715667709708,0.06856708565927308,0.06522910986523532,0.01573675382966699,0.015187856655114414,0.9,0.11159336417784937,0.11428404691273424,0.1316282611919664,0.02210736591877295,0.13054793792264274,0.15601919828956023,0.23018446327776287,0.06522822021027626,0.2210760796618399,-1.6152831013195972,False
smooth_nonlinear,softplus,4,1,3,0,False,0.02256510965526104,0.06856708565927308,0.1431748986452971,219.0679180963077,218.77259101864664,0.465,0.20603593581983784,0.182143851300742,0.14032188445830607,0.0220034624280542,0.24403321316150378,0.5496011477290079,0.23859688321488629,0.1429902412331179,0.11163630036594699,-0.48267824250720487,False
smooth_nonlinear,softplus,4,1,3,0,False,0.003238602075725794,0.06856708565927308,0.056606788464539315,0.023373993155892517,0.018012082926035112,0.855,0.10884661438783791,0.11381679754825011,0.07590662183809234,0.02062024026136612,0.11333226596562511,0.11571202194891234,0.19537743567487334,0.05661962487629065,0.20494445872186107,-1.325758100929016,False
smooth_nonlinear,softplus,4,1,3,0,False,0.0015474912943318486,0.06856708565927308,0.0596019080154602,0.052322643754647985,0.04292509724873117,0.72,0.1766160448423365,0.18008492829669898,0.24028468751850762,0.02250166700249529,0.12065536560269599,0.137468799800599,0.23104753899701813,0.059875037952459964,0.2225150098929993,-1.6464874763210522,False
smooth_nonlinear,softplus,4,1,3,0,False,0.002292509889230132,0.06856708565927308,0.06752296238710906,0.03346954357459937,0.03244197509200639,0.835,0.1329119645740362,0.12704791918084507,0.1439034289549372,0.021930006418815658,0.13539760808601342,0.14226704766382778,0.23144942082114234,0.06749417185307263,0.2139730140167682,-1.4758044730567308,False
smooth_nonlinear,softplus,4,1,3,0,False,0.0031078418251127005,0.06856708565927308,0.055885345693284745,0.21089130076206822,0.2166217844968297,0.735,0.05665606246789938,0.039340242327866495,0.2568403939085037,0.020867639024111265,0.11200089596135174,0.1081282709324034,0.20910574063506193,0.055909560768215155,0.2061051549491213,-1.3436567837295106,False
smooth_nonlinear,softplus,4,1,3,0,False,0.0032271777745336294,0.06856708565927308,0.05680229046393238,1.3071454783693508,1.3094409342499593,0.615,0.11228070588774736,0.11395988893939132,0.16477783021576142,0.01963349643633197,0.11414274952256995,0.08576705758617864,0.2156231024166879,0.0567239114486602,0.20504492130929353,-1.3272928009173752,False
smooth_nonlinear,softplus,4,1,3,0,False,0.06801271438598633,0.06856708565927308,0.00030602207436818943,0.01484787881498794,0.08871222733057488,0.825,0.05740492775968931,0.01859075050792581,0.016453595607647198,0.0008611322866539118,0.0007096797778885064,0.0036561144298235,0.0006314631031773595,0.000304372250012676,0.0010607019761011416,-0.003525582949052779,False
smooth_nonlinear,softplus,4,1,3,0,False,0.004675887990742922,0.06856708565927308,0.05445876220499348,5.903412501166348,5.889024229946623,0.595,0.04676255016371508,0.04622848477616695,0.03480873215706252,0.019852643986391964,0.10825168071893819,0.06741051592700184,0.2389954521822525,0.054096632153899905,0.1934727107880282,-1.1662515915822729,False
smooth_nonlinear,softplus,4,1,3,0,False,0.06806813180446625,0.06856708565927308,0.0002825387934974998,0.03251452999600776,0.11009506936620773,0.8,0.06052938807660785,0.022411502025097608,0.7496072335576418,0.0008548916718482654,0.000666979217510255,0.0034882547941220057,0.0036818678575565277,0.0002821377622278816,0.0009544754933945576,-0.0031718596874565456,False
smooth_nonlinear,softplus,4,1,3,0,False,0.0018325505079701543,0.06856708565927308,0.0695818904277435,0.3608749334180368,0.35387814920640887,0.71,0.08832879929314275,0.08826380628113546,0.16478105676953825,0.021757792127332802,0.13763912873094158,0.14627178361225573,0.23121930664402787,0.06955766207388064,0.21904487624496138,-1.5730597375085273,False
smooth_nonlinear,softplus,4,1,3,0,False,0.0052457768470048904,0.06856708565927308,0.05229192096155872,0.15983723979550912,0.14600924456054057,0.65,0.09708061226904047,0.09901681973576945,0.06045941637015244,0.01847702256083771,0.10553416359836154,0.07443473298147271,0.2091974304263552,0.052115145028674564,0.18942544042340242,-1.1163058788699287,False
smooth_nonlinear,softplus,4,1,3,0,False,0.0029978780075907707,0.06856708565927308,0.056724786553980985,0.09586331121214428,0.09691769630769277,0.725,0.08728947315683484,0.0706910748078965,0.1459980121367952,0.020814985369082224,0.11332932999955372,0.11099663209221053,0.2094360988826843,0.05673988272378766,0.20710029449497244,-1.359301734663341,False
smooth_nonlinear,softplus,4,1,3,0,False,0.006197877693921328,0.06856708565927308,0.05127573851417214,0.1353036993937703,0.11963196769854115,0.535,0.07476604076830971,0.07942108684123603,0.062240625402061545,0.018629004109236708,0.1043794045795321,0.07724526823338473,0.19963664394768457,0.05113867168168761,0.18312657483746403,-1.0438726890051604,False
smooth_nonlinear,softplus,4,1,3,0,False,0.004614170175045729,0.06856708565927308,0.05362356205808411,9.799631725989869,9.805887976001491,0.625,0.021504969881654876,0.02384067939208273,0.014601825854540715,0.019364997231399984,0.10785859518842913,0.07856380944084237,0.21695160781633863,0.053549333693926685,0.19392549234526674,-1.172022083144911,False
smooth_nonlinear,softplus,4,1,3,0,False,0.002375429728999734,0.06856708565927308,0.06418970269079771,0.0392948782950869,0.03542612777141816,0.84,0.11743295672877824,0.12728745213406337,0.1932750015971659,0.02176909944852278,0.12952648279464374,0.13083818606822686,0.2224037290759496,0.06416228531711714,0.2131147953158819,-1.4603735033685548,False
smooth_nonlinear,softplus,4,1,3,0,False,0.0027937579434365034,0.06856708565927308,0.05752351046591086,0.4230760412017562,0.43164221076473164,0.71,0.049561326716623236,0.037414505531615114,0.03705929264336541,0.021042540792073613,0.11494155895336736,0.11565625694937326,0.2115640356823102,0.05749468689458086,0.20899716434507612,-1.3899269155260157,False
smooth_nonlinear,softplus,4,1,3,0,False,0.002541142515838146,0.06856708565927308,0.06511042534359614,0.05464689637905274,0.04959457547610157,0.835,0.12007206322929548,0.12759332067937837,0.06203583702936807,0.021695587715090774,0.13121638537274813,0.12613334708043583,0.2213406015989489,0.06501809508931185,0.21144342952843737,-1.4310866683927697,False
smooth_nonlinear,softplus,4,1,3,0,False,0.0031154293101280928,0.06856708565927308,0.05633877213030658,0.030334684990291974,0.026654863228339876,0.74,0.07668019760173224,0.06396714991979874,0.05635856081490685,0.020484659588440916,0.11272877499641712,0.1146260704680256,0.20440201012572928,0.05628057889543263,0.2060371448249308,-1.342597789372733,False
smooth_nonlinear,softplus,4,1,3,0,False,0.0016425977228209376,0.06856708565927308,0.06421152625716632,0.2141370307592872,0.2081464443806178,0.72,0.32306192352336677,0.28449141106945375,0.14419619283257853,0.022114951974735328,0.12929850240526725,0.2136768888131526,0.21123897940596223,0.06417941832004426,0.22132420189867416,-1.6205844744075095,False
smooth_nonlinear,softplus,4,1,3,0,False,0.0015922104939818382,0.06856708565927308,0.06475051892762833,0.1994500308013064,0.19433958684426428,0.73,0.3328654092248502,0.3036321633802274,0.11031466138012347,0.022069357991889846,0.13018560862664927,0.20643139187535037,0.20979549027242997,0.06469755966176433,0.22195066339020394,-1.6341152088728927,False
smooth_nonlinear,softplus,4,1,3,0,False,0.06739147007465363,0.06856708565927308,0.0002704906843106825,0.00011209350199856973,0.06815213057862143,0.97,0.027727861216378206,0.021325394559267664,0.010976778349047814,0.000781669904979428,0.0006293140329753305,0.004163475911891685,0.004080788425114099,0.0002688839467636418,0.002254504594276119,-0.007510760668325747,False
smooth_nonlinear,softplus,4,1,3,0,False,0.0027787259314209223,0.06856708565927308,0.057466472291862025,0.20364028276959853,0.20894525249365323,0.635,0.053480287064328516,0.047244290784059936,0.02246795989242631,0.02079673305034272,0.11483427907150691,0.11924354493801355,0.2074107790019851,0.05746776062545174,0.20913955388973784,-1.3922699768436972,False
smooth_nonlinear,softplus,4,1,3,0,False,0.0018612013664096594,0.06856708565927308,0.06349774846794737,0.021280603311318157,0.019234687302058514,0.88,0.10682180256227966,0.11032697061248653,0.08528188329383274,0.022138536060753687,0.127426933181459,0.14458529452763902,0.22790966478888472,0.06355355724493233,0.21871153270130228,-1.566322328123997,False
smooth_nonlinear,softplus,4,1,3,0,False,0.0015566813526675105,0.06856708565927308,0.06146843143480311,0.02318567102663045,0.020717065952995734,0.9,0.14293351249203848,0.15338792918073774,0.1644360882418393,0.0222731677280081,0.12466956295151942,0.19086183085207434,0.2133220485370028,0.06146938084241575,0.22239837437773877,-1.643915967749706,False
smooth_nonlinear,softplus,4,1,3,0,False,0.0016664169961586595,0.06856708565927308,0.06213982954719438,0.07274470265552523,0.06833813187299877,0.685,0.07076491290156744,0.07451800711838621,0.1309091926207548,0.021997108386969624,0.12501914043449863,0.15630795967798544,0.22237735653574536,0.0620933414813529,0.22103140466190035,-1.6143320043960883,False
smooth_nonlinear,softplus,4,1,3,0,False,0.0019184591947123408,0.06856708565927308,0.06391989421140525,68.26961976048409,68.18272105785745,0.53,0.6923384013704762,0.7159332411536732,0.18860963028040129,0.021898585210242672,0.12968307001959883,0.19296639180468514,0.18378594453889974,0.0639302920150442,0.2180529566498458,-1.553163124558885,False
smooth_nonlinear,softplus,4,1,3,0,False,0.06808540225028992,0.06856708565927308,0.00033709460405565524,0.8322700488279015,0.9386532955123029,0.77,0.7733012979396806,0.7390874137762418,0.7355368861449503,0.0009201147261338413,0.0006729957580098523,0.006242540565940947,0.00212137510139349,0.00032845189375583687,0.0009213796012581543,-0.0030616831956963276,False
smooth_nonlinear,softplus,4,1,3,0,False,0.004992885980755091,0.06856708565927308,0.053113625278082964,0.07069583141742884,0.05537585748189225,0.695,0.10704210886264885,0.11146322962184452,0.07413520137873596,0.018851718687406538,0.1068755064258738,0.07957577428603492,0.21780451252797617,0.05284880354204995,0.19119281926667886,-1.1377640423530284,False
smooth_nonlinear,softplus,4,1,3,0,False,0.003428390948101878,0.06856708565927308,0.0552419668945409,0.024836954356891185,0.018578997702633545,0.8,0.10910899387187638,0.10038470773509948,0.11111926781025248,0.020496069355701935,0.11057763559692871,0.11074353657894034,0.20243982542631403,0.055137936618679856,0.20330071255579332,-1.3010253510500507,False
smooth_nonlinear,softplus,4,1,3,0,False,0.0020462169777601957,0.06856708565927308,0.05969499741904577,0.027471433619665985,0.027293544006712415,0.67,0.11390050749658874,0.1017934843303213,0.20678186960219128,0.022322969258642657,0.12153893509974706,0.17075090809154872,0.2083460543267621,0.05971984618015803,0.21661804585938813,-1.5251640070752805,False
smooth_nonlinear,softplus,4,1,3,0,False,0.0017902870895341039,0.06856708565927308,0.06581510979383835,0.02160066003590144,0.020445534921728993,0.875,0.1016264458090756,0.10772475918978622,0.15694894395400008,0.021944865384278908,0.13219197799924373,0.15158097907814105,0.22438382450040276,0.06583144836649284,0.21954139148020185,-1.5831930110162686,False
smooth_nonlinear,softplus,4,1,3,0,False,0.0031585567630827427,0.06856708565927308,0.0565678686765138,0.02572192873478456,0.022256600755187955,0.78,0.08405637604986416,0.08735412843191141,0.05987249635487128,0.020574620635522834,0.11298571933642643,0.11791557355173579,0.2007509636054722,0.05649022288746645,0.2056521369591571,-1.3366270047273774,False
smooth_nonlinear,softplus,4,1,3,0,False,0.00561876455321908,0.06856708565927308,0.051719928955801533,0.7061230108881432,0.6975697106624575,0.445,0.0688520633346682,0.07366398717534639,0.07323306555527881,0.018800403154919626,0.1045005255493392,0.07438433485785746,0.2111530204359293,0.05160940863507531,0.1868947569388503,-1.0864748568753573,False
smooth_nonlinear,softplus,4,1,3,0,False,0.0673653781414032,0.06856708565927308,0.00028274841179778807,1.3995871753871993e-05,0.06757991965798585,1.0,0.021287715910461826,0.019160141468833332,0.7349905441923138,0.0007473600343359764,0.0006489318826808546,0.0035851318582900034,0.0010729149160950797,0.00027895918186629786,0.002304763825424827,-0.007678938878553489,False
smooth_nonlinear,softplus,4,1,3,0,False,0.0033460662234574556,0.06856708565927308,0.055343589896021145,0.02350112718385381,0.016841271210593603,0.865,0.10495427735252327,0.10006427877038242,0.10305703042146953,0.02043613872442846,0.11082956973661608,0.11381845830341895,0.19930649494966143,0.05524270765839114,0.20400798388854466,-1.3115811588015327,False
smooth_nonlinear,softplus,4,1,3,0,False,0.003223308827728033,0.06856708565927308,0.05586793089797684,0.0223648118479246,0.01594973033585694,0.92,0.11345096715437361,0.11339039365451861,0.10975666954581355,0.020501902084092256,0.11209124442646833,0.11537615774776377,0.19935274129619274,0.05576134072142309,0.2050789842031747,-1.3278137732264566,False
smooth_nonlinear,softplus,4,1,3,0,False,0.0021347200963646173,0.06856708565927308,0.06108202037292314,0.7834911966610423,0.7575601711097255,0.66,0.10093488100373026,0.11649666246561335,0.20975930690755598,0.021215032277925053,0.12206060250009985,0.13925015937208257,0.1974377926793928,0.060994948731410877,0.21565014452052322,-1.5067747522474377,False
smooth_nonlinear,softplus,4,1,3,0,False,0.001908231875859201,0.06856708565927308,0.06625786689170274,0.024530358119845382,0.023328712819347026,0.865,0.1081668050865573,0.10798453477815928,0.13048276705224582,0.02180766681002913,0.13283701153138144,0.1457211163297889,0.22693313307190383,0.06623664217901033,0.21816986229540555,-1.5554845446245416,False
smooth_nonlinear,softplus,4,1,3,0,False,0.0030249811243265867,0.06856708565927308,0.057073720411109835,0.04089872015887245,0.039869935727725715,0.71,0.07948241918729017,0.08253050210652986,0.018815048550897485,0.020665901129153955,0.11383721579424862,0.11990622006902762,0.20298923311638348,0.0569903620753853,0.2068533473643172,-1.355393021795309,False
smooth_nonlinear,softplus,4,1,3,0,False,0.0037287897430360317,0.06856708565927308,0.05495535864446757,40.72536209080626,40.78661633787494,0.6,0.013086991310240548,0.013429708525776423,0.12830450643668068,0.019231000605752918,0.11010443866241154,0.0674092088692832,0.2148761625541481,0.054907806341244425,0.20078935879627852,-1.2645477955335216,False
smooth_nonlinear,softplus,4,1,3,0,False,0.0030478171538561583,0.06856708565927308,0.056479913840866994,0.17455834692450026,0.1790998687966362,0.735,0.055971622524033204,0.043913017032433166,0.042176073512321624,0.02079760746827117,0.1127387516201036,0.11449137271831238,0.20945276971788154,0.05644441480307195,0.20664613677871413,-1.3521267817834886,False
smooth_nonlinear,softplus,4,1,3,0,False,0.06804513931274414,0.06856708565927308,0.00028460442934895546,0.027982104071303554,0.10458516234605869,0.81,0.059885950116230074,0.021351847372660056,0.15506649723058263,0.0008549960138033384,0.0006691391095735057,0.0035071976630416347,0.003183033673199147,0.00028356079089757706,0.0009985432362847324,-0.003318583255160637,False
smooth_nonlinear,softplus,4,1,3,0,False,0.0032471991144120693,0.06856708565927308,0.05616107858571835,0.05410562171284386,0.053250093452834164,0.74,0.07847380989832617,0.07082789505284172,0.026047292105373973,0.020524806715040787,0.11209371161114723,0.11487499421915101,0.2024741653290759,0.05607790428297413,0.2048689751986849,-1.324606770957785,False
smooth_nonlinear,softplus,4,1,3,0,False,0.0025300204288214445,0.06856708565927308,0.05959548629432577,0.06687387685460901,0.06276318621661131,0.665,0.14375013620359883,0.17295499238327589,0.6968777271008324,0.021989992685213927,0.11978832521456956,0.14929551187441503,0.23325305517836128,0.05964561904495162,0.21155386733418372,-1.4329916628944548,False
smooth_nonlinear,softplus,4,1,3,0,False,0.0032018825877457857,0.06856708565927308,0.056158212349358465,0.052601272979173504,0.05079757779874792,0.74,0.09370128276902023,0.07432768208441332,0.0714082508290562,0.02063001347383616,0.11253539852441849,0.11064602545340763,0.2081227053290156,0.05605174390739896,0.2052679958367065,-1.3307102884222135,False
smooth_nonlinear,softplus,4,1,3,0,False,0.0028175381012260914,0.06856708565927308,0.057180837506985646,0.12528207866003135,0.12820679564221618,0.74,0.06463848610903855,0.04810668744467933,0.06351686671485314,0.02092509276410509,0.1143099737950127,0.11672675824241721,0.20863490441147606,0.057173128717805034,0.2087726887569496,-1.3862458931551918,False
smooth_nonlinear,softplus,4,1,3,0,False,0.06806642562150955,0.06856708565927308,0.00033301865404857396,0.0182124543131979,0.09329218459599897,0.795,0.052533135536642094,0.014021509939978537,0.0107312515425485,0.0008762645027811528,0.0007531582046738027,0.004171365204004606,0.0016497200309085749,0.0003301693648568215,0.000957745332697657,-0.0031827457674829516,False
smooth_nonlinear,softplus,"8,4",2,3,0,True,0.0010730641661211848,0.00022765328660665025,0.0009966629206554327,,,,0.38791223993035906,0.3570245078461637,0.12111967631917796,0.02375818804538362,0.0015834988140102201,0.19991405063511392,0.028237277248502037,0.0010013170431690574,0.017669474454506482,0.673351767737946,False
smooth_nonlinear,softplus,"8,4",2,3,0,True,0.0018691342556849122,0.00022765328660665025,0.0018924882689893279,,,,0.15006864098848596,0.1601358746697215,0.07878699455134974,0.022541618066809144,0.00374738277263266,0.1802521999059412,0.030554488026750856,0.0015554629056972744,0.028145301677167108,0.9143665723358899,False
smooth_nonlinear,softplus,"8,4",2,3,0,True,0.0008452532347291708,0.00022765328660665025,0.0008122188074361015,,,,0.05746987909591719,0.06342513621214096,0.14886530424576308,0.023550238026593687,0.0014230446749854606,0.16100598489205356,0.02689393825272175,0.000771710552881263,0.013985055476093213,0.569712916904324,False
smooth_nonlinear,softplus,"8,4",2,3,0,True,0.0026998252142220736,0.00022765328660665025,0.0027515477537339134,,,,0.29896712308157475,0.2408149643704386,0.47276634555105557,0.023518444880238017,0.004175624716150707,0.4562794372595893,0.033038805718130206,0.002720382805638544,0.03687165864804268,1.0740617244367057,False
smooth_nonlinear,softplus,"8,4",2,3,0,True,0.002943507395684719,0.00022765328660665025,0.0028156028471138204,,,,0.12118005088403258,0.07843616643626024,0.41332042986783635,0.02308400481234914,0.004910102184368933,0.21129442098596002,0.03884003311860821,0.0028541631484158,0.03916591659123511,1.1115912067790947,False
smooth_nonlinear,softplus,"8,4",2,3,0,True,0.0021330974996089935,0.00022765328660665025,0.0017943437573944,,,,0.08645095507172608,0.07659100468370077,0.17759550384503625,0.022622311610029006,0.0035706488759540533,0.17953217975443828,0.004553508706695831,0.0010073047855864061,0.031097284814784635,0.9717367820795376,False
smooth_nonlinear,softplus,"8,4",2,3,0,True,0.0010636920342221856,0.00022765328660665025,0.0010781123757536825,,,,0.014880929535217021,0.012385427939242948,0.13727093296193194,0.02263130918411754,0.0022175690935051246,0.1726484186680714,0.012744720070434121,0.0009196027181726768,0.017526108195751785,0.6695419823551105,False
smooth_nonlinear,softplus,"8,4",2,3,0,True,0.0007628989405930042,0.00022765328660665025,0.0005978433034224732,,,,0.24134111418972307,0.25859309157835064,0.22819538290646615,0.02341788428055142,0.0011119527484110465,0.17217586582791883,0.026914958613475606,0.0005141133516548489,0.012532441600328553,0.5251930872551483,False
smooth_nonlinear,softplus,"8,4",2,3,0,True,0.0003388309560250491,0.00022765328660665025,0.0001935054575052767,,,,0.13605493190977863,0.12887715977464193,0.4191473111127908,0.023648649382905697,0.0003850614315657529,0.10930363814677038,0.011808011658253185,0.00017814930799262398,0.003319177788006864,0.17270915661148978,False
smooth_nonlinear,softplus,"8,4",2,3,0,True,0.0004893793375231326,0.00022765328660665025,0.00022014388893632373,,,,0.08353093871484157,0.08485417653432117,0.08935193971121544,0.023697040158760674,0.00045437342886199864,0.1314719151208092,0.0007301909993499502,0.00020150631448298203,0.007033736167744897,0.3323717041543859,False
smooth_nonlinear,softplus,"8,4",2,3,0,True,0.0019147418206557631,0.00022765328660665025,0.0019118933444744128,,,,0.1251905675371338,0.12889140481305453,0.18010967488074958,0.02351418657104543,0.003175963437875371,0.18082941150231222,0.0491191335866322,0.001815832428870358,0.02866957930103699,0.9248362984386498,False
smooth_nonlinear,softplus,"8,4",2,3,0,True,0.0008574334788136184,0.00022765328660665025,0.000804254713996918,,,,0.20410007965152782,0.20426107406108945,0.4614837218275687,0.02348983416471174,0.001408209705826027,0.1451366273311972,0.02798605073357045,0.0008072618339954616,0.014193781402862527,0.5759265121441343,False
smooth_nonlinear,softplus,"8,4",2,3,0,True,0.0003318934759590775,0.00022765328660665025,0.0002100799563757794,,,,0.09493159782224515,0.08855679946720693,0.21133443533308321,0.02357877486530311,0.00040739402212401404,0.10089655107610293,0.00841881610316521,0.0001934203108094896,0.003129760115773147,0.16372479099825232,False
smooth_nonlinear,softplus,"8,4",2,3,0,True,0.0007350080995820463,0.00022765328660665025,0.0006702714007381981,,,,0.478184108076825,0.447700835494211,0.22749335866524095,0.023552274426141953,0.0012066634819717138,0.12744451038052312,0.018007866196296966,0.0006317386962897601,0.01202284912696144,0.5090182003599126,False
smooth_nonlinear,softplus,"8,4",2,3,0,True,0.0005188435316085815,0.00022765328660665025,0.0004000983972427817,,,,0.05759052823114119,0.04841969479240904,0.25156556465633906,0.02375201851712551,0.0006811015243876483,0.13639307510604787,0.015068588605394544,0.00039020232559686276,0.0076899534660053726,0.3577624822269357,False
smooth_nonlinear,softplus,"8,4",2,3,0,True,0.001207026420161128,0.00022765328660665025,0.0012016809050429593,,,,0.3462315372235185,0.3005778120694184,0.45012296529367146,0.023407633836992466,0.00230639296652094,0.1687520224868032,0.0336859646692431,0.001161004999582989,0.019654102089901485,0.7244428517615157,False
smooth_nonlinear,softplus,"8,4",2,3,0,True,0.0027103330940008163,0.00022765328660665025,0.0024576421299714584,,,,0.29707676798123916,0.31191086598576223,0.16034801436207685,0.02372232427432757,0.003938317656080607,0.1671149858219676,0.0250497013263751,0.0024228704100279774,0.036972675845509506,1.075748743441623,False
smooth_nonlinear,softplus,"8,4",2,3,0,True,0.000394036847865209,0.00022765328660665025,0.00018259638380824762,,,,0.10878349245572597,0.0835178364306994,0.3634073790591021,0.023711392396796104,0.00032799127027950323,0.09485325454536007,0.003105768349992537,0.00016278542173243593,0.0047621777290228935,0.2382629116789302,False
smooth_nonlinear,softplus,"8,4",2,3,0,True,0.0019499650225043297,0.00022765328660665025,0.0013903988734512824,,,,0.6234035874821964,0.554910112627203,0.4245172938484697,0.022260630745888375,0.00235713950035674,0.2539862596527308,0.014108760507623242,0.0007794661494479713,0.02907022461284144,0.9327528967221367,False
smooth_nonlinear,softplus,"8,4",2,3,0,True,0.0006084267515689135,0.00022765328660665025,0.0006102960949088466,,,,0.10002556390489681,0.07048012904936897,0.22021389569749036,0.023498805107815712,0.0009963816760693253,0.13637174879508335,0.03608731891153866,0.0006215216087877001,0.009578124349819334,0.42693437649379906,False
smooth_nonlinear,softplus,"8,4",2,3,0,True,0.0005988271441310644,0.00022765328660665025,0.00047684707807674453,,,,0.04008427756397118,0.04159234239450131,0.15722125701622017,0.02340083927962112,0.0009588057146481418,0.1520900227981375,0.005644059120131931,0.0003789147823931979,0.009382761221700807,0.42002755362253874,False
smooth_nonlinear,softplus,"8,4",2,3,0,True,0.0015729308361187577,0.00022765328660665025,0.0015557523132480107,,,,0.0743292265058725,0.06600537246090109,0.20883264383854566,0.02336786597986336,0.0027793259507477696,0.23220719933808603,0.037679446400309936,0.001544900015761153,0.0245720084088638,0.839435701978109,False
smooth_nonlinear,softplus,"8,4",2,3,0,True,0.0006251123268157244,0.00022765328660665025,0.0005302505702344748,,,,0.2475855748846434,0.22755262569406756,0.10493423869351928,0.023704614130258615,0.0008773289690754327,0.16941355022025667,0.02854198103497116,0.0005291021785278679,0.009914062760513834,0.4386841384435645,False
smooth_nonlinear,softplus,"8,4",2,3,0,True,0.0012985357316210866,0.00022765328660665025,0.0012291065108750606,,,,0.3047124591027014,0.24913736526736419,0.1856818614063494,0.023514936727476548,0.002374140942516263,0.19594154235498207,0.007204801057450516,0.001309560485368535,0.020947017609721143,0.7561799799951731,False
smooth_nonlinear,softplus,"8,4",2,3,0,True,0.0023364683147519827,0.00022765328660665025,0.002287545821047331,,,,0.5019247091704444,0.4609203246074065,0.2524294080012249,0.023632133428148714,0.004074471396936017,0.24028484188827592,0.031566173993467964,0.0022589737158980206,0.03324884472729665,1.0112859713048161,False
smooth_nonlinear,softplus,"8,4",2,3,0,True,0.0005647414363920689,0.00022765328660665025,0.00047560797096579807,,,,0.05398651788188569,0.06317874792063974,0.11477704644369069,0.023488927162345838,0.0009337235278949652,0.13741253555269956,0.017794160244183753,0.0004008572994366977,0.008676105424364824,0.39457572954830283,False
smooth_nonlinear,softplus,"8,4",2,3,0,True,0.002120313001796603,0.00022765328660665025,0.0020741394300916875,,,,0.2512483246776853,0.2403005429548391,0.2355684059725287,0.023744716556802888,0.0037340915975733694,0.2762208906535526,0.034431469855768504,0.0020748953672026587,0.030958672914874443,0.9691260519032687,False
smooth_nonlinear,softplus,"8,4",2,3,0,True,0.000509978795889765,0.00022765328660665025,0.0004900011863374314,,,,0.18346306658396186,0.22404962667231826,0.47183288157685,0.02324565835028429,0.0009958015160950098,0.7853082977206357,0.007681839863651699,0.00041950433196354434,0.007494526434629924,0.3502781946435286,False
smooth_nonlinear,softplus,"8,4",2,3,0,True,0.002351151779294014,0.00022765328660665025,0.0023075925292355822,,,,0.3100847658518208,0.29954453315706764,0.4224454991142868,0.02329276616867087,0.0037441110605108243,0.20901667484673747,0.03508316396617185,0.002333920295172601,0.033400493140381377,1.0140067414844072,False
smooth_nonlinear,softplus,"8,4",2,3,0,True,0.0011995101813226938,0.00022765328660665025,0.0010996073525241642,,,,0.35089054590962077,0.2946491739531586,0.17826778714775598,0.023473220606740834,0.0020241850475748763,0.302462084508665,0.03406698612903544,0.0010758023075302895,0.019545761831274832,0.7217300140143013,False
smooth_nonlinear,softplus,"8,4",2,3,0,True,0.0041371360421180725,0.00022765328660665025,0.003893354266806981,,,,0.017164606162103555,0.00680306688820996,0.26108769123151765,0.021760111097378097,0.0073313303257082985,0.35108636575569063,0.0492783463647699,0.0029312618424882997,0.04923238878929512,1.2594258775530713,False
smooth_nonlinear,softplus,"8,4",2,3,0,True,0.00027977212448604405,0.00022765328660665025,0.0002635027232657998,,,,0.4690011593735603,0.41143929146970515,0.3139225175939234,0.02366994625687179,0.0005220656026659655,0.10859592254135478,0.007282157038410803,0.00033349447127199554,0.0016382063865270913,0.089530516177884,False
smooth_nonlinear,softplus,"8,4",2,3,0,True,0.00041976236389018595,0.00022765328660665025,0.00030762766503214913,,,,0.5044858657868649,0.46664096922810505,0.18477688037725049,0.02346048869763618,0.0005473847376983518,0.23408320142962313,0.0035156037005065867,0.0003352819304127138,0.0053999193093044046,0.26572957237151623,False
smooth_nonlinear,softplus,"8,4",2,3,0,True,0.0021453567314893007,0.00022765328660665025,0.002211417609665807,,,,0.20744489914410455,0.1570263938147183,0.09840733321316483,0.022828984699898885,0.0042245243975630765,0.1908579978441652,0.03736659486222587,0.0021067939537110203,0.031229812087999406,0.9742255927766426,False
smooth_nonlinear,softplus,"8,4",2,3,0,True,0.0003326288133393973,0.00022765328660665025,0.00016716879742889788,,,,0.3967217505248256,0.40172783300801945,0.34247635190156206,0.023663414823680236,0.00028499841701644786,0.11147840625775113,0.0195114342293977,0.00018292774536656853,0.0031499306284057914,0.1646859418944704,False
smooth_nonlinear,softplus,"8,4",2,3,0,True,0.0018818704411387444,0.00022765328660665025,0.0018399894595059988,,,,0.08188556683668984,0.07695621918029741,0.059279377435127636,0.023437235927861184,0.003185893362224978,0.17401597133259084,0.041102998319254805,0.002006009973976864,0.028292346994298157,0.9173157962193701,False
smooth_nonlinear,softplus,"8,4",2,3,0,True,0.0022012777626514435,0.00022765328660665025,0.0021502828637861,,,,0.14956672836581703,0.14207235015304087,0.12385943696215425,0.02362759350358639,0.0032059155043178125,0.23940616954687227,0.05201134516058329,0.002136591891245571,0.03182959294179556,0.9854009218053636,False
smooth_nonlinear,softplus,"8,4",2,3,0,True,0.0010337593266740441,0.00022765328660665025,0.001007045113324372,,,,0.20453236429724903,0.17984314451270794,0.06540229124493657,0.023410641138249852,0.001809780540644965,0.18893966772612136,0.025601148911852487,0.0009901266255681624,0.017063944196764966,0.6571455162706055,False
smooth_nonlinear,softplus,"8,4",2,3,0,True,0.0007944487151689827,0.00022765328660665025,0.0007477853756631308,,,,0.17404954251429214,0.18461632272436024,0.15023322950206847,0.023339782472069685,0.0014229731188267415,0.14397000110033875,0.023732489256599706,0.0007543558259141339,0.013097782960477353,0.5427919424550672,False
smooth_nonlinear,softplus,"8,4",2,3,0,True,0.0006772612105123699,0.00022765328660665025,0.0005350976264412792,,,,0.325758319218293,0.2751738569746829,0.5344036365799095,0.02370087498910259,0.0010897813723016842,0.11444346293472075,0.0038526351695025753,0.0005271406698547944,0.010936059071313925,0.47348227796444764,False
smooth_nonlinear,softplus,"8,4",2,3,0,True,0.00035416532773524523,0.00022765328660665025,0.00025863444381428837,,,,0.47470542258165677,0.45981179534337613,0.10160358741661471,0.02320450560975515,0.0004761653419857623,0.21631320365284676,0.02199150788633949,0.00019132635194624124,0.0037310970694942602,0.19193211759056755,False
smooth_nonlinear,softplus,"8,4",2,3,0,True,0.00038475170731544495,0.00022765328660665025,0.0002821352270605775,,,,0.2698059996234119,0.27588301823409667,0.46370474470366746,0.02369205804868487,0.0005620285335159658,0.14047161810122719,0.014286111491034327,0.0003189639883341028,0.004526905091571953,0.22790663111328385,False
smooth_nonlinear,softplus,"8,4",2,3,0,True,0.0004770731320604682,0.00022765328660665025,0.00024465205203301796,,,,0.12085693192746835,0.08890846434976424,0.19427864619670285,0.023602340844572786,0.0004826289691294599,0.1813616741821013,0.0025649105685366267,0.00024371446259389203,0.00675382017231433,0.3213110339748119,False
smooth_nonlinear,softplus,"8,4",2,3,0,True,0.00036238934262655675,0.00022765328660665025,0.00018502031387663005,,,,0.34565995392602844,0.3136360060055189,0.42013090225661576,0.023361970674613267,0.00033228953364814145,0.12604619884038165,0.00910588678663177,0.0001181946049719422,0.003948342862986388,0.2019014926342178,False
smooth_nonlinear,softplus,"8,4",2,3,0,True,0.0003257481148466468,0.00022765328660665025,0.00011850566216479376,,,,0.4808217393668205,0.47870733174731894,0.13174983188271175,0.023744351673129868,0.00021964711893779414,0.14567104442764056,0.014500829143646417,0.0001181426125718708,0.0029603097483108624,0.15560798651097615,False
smooth_nonlinear,softplus,"8,4",2,3,0,True,0.001348511315882206,0.00022765328660665025,0.0012854332616135478,,,,0.0981204839211138,0.07744433917421857,0.18148214985979266,0.023338381454759864,0.002362033412101037,0.15796294439532552,0.02789934417461329,0.0014003310191512469,0.02163389845403599,0.7725806705844687,False
smooth_nonlinear,softplus,"8,4",2,3,0,True,0.0014790198765695095,0.00022765328660665025,0.0012803066168267858,,,,0.4773382592365273,0.4305268366608789,0.257570729243125,0.023703028666068108,0.0021782776737015144,0.36990076156797186,0.015596107119119523,0.0012651163089482072,0.023369843791049467,0.8127000859725266,False
smooth_nonlinear,softplus,"8,4",2,3,0,True,0.0005216752178966999,0.00022765328660665025,0.00044350052340647814,,,,0.20402513088966343,0.19879704513051372,0.18459241263528342,0.02369229237050737,0.0007216346615272573,0.18706091007008227,0.02462874514707643,0.00044242442801715,0.007752026873560684,0.3601262815645013,False
smooth_nonlinear,softplus,"8,4",2,3,0,True,0.0007487203110940754,0.00022765328660665025,0.0006268258606771157,,,,0.23852139300578093,0.22547631149075067,0.02464770899229553,0.023721020162452564,0.0011683746737936038,0.11726433896607749,0.018435373624651395,0.0006242570682351006,0.01227457040972479,0.5170456901646283,False
smooth_nonlinear,softplus,"8,4",2,3,0,True,0.0026961599942296743,0.00022765328660665025,0.0025717279749207845,,,,0.729030026054088,0.720275053612512,0.38024405758754715,0.023720563638503743,0.0047351929613705275,0.7975447829098549,0.032156531366631096,0.0025512087717597647,0.03683637693212549,1.0734717357688446,False
smooth_nonlinear,softplus,"8,4",2,3,0,False,0.0010730641661211848,0.0013376247418403508,0.002336627762102084,,,,0.38791223993035906,0.3570245078461637,0.12111967631917796,0.02375818804538362,0.0040412580922251015,0.13520753564862423,0.040347309039261335,0.0023133515576502857,0.0038158943620108104,-0.09570860095651805,False
smooth_nonlinear,softplus,"8,4",2,3,0,False,0.0018691342556849122,0.0013376247418403508,0.003435522507193426,,,,0.15006864098848596,0.1601358746697215,0.07878699455134974,0.022541618066809144,0.006317577438071158,0.1617551542371955,0.042845862632588966,0.003063011159389703,0.006659932860649816,0.14530620364142585,False
smooth_nonlinear,softplus,"8,4",2,3,0,False,0.0008452532347291708,0.0013376247418403508,0.0018424966728402,,,,0.05746987909591719,0.06342513621214096,0.14886530424576308,0.023550238026593687,0.0034291117375069265,0.10909238911658548,0.039003029855463174,0.0018233215491769309,0.007500313340424079,-0.1993474517901401,False
smooth_nonlinear,softplus,"8,4",2,3,0,False,0.0026998252142220736,0.0013376247418403508,0.003916189783695936,,,,0.29896712308157475,0.2408149643704386,0.47276634555105557,0.023518444880238017,0.006252137157258355,0.2967597134887515,0.045157471175921796,0.003859341129758985,0.01538628983152538,0.30500135574224163,False
smooth_nonlinear,softplus,"8,4",2,3,0,False,0.002943507395684719,0.0013376247418403508,0.0037243866904440527,,,,0.12118005088403258,0.07843616643626024,0.41332042986783635,0.02308400481234914,0.006578174823560583,0.15612445432810668,0.05110091862052131,0.0035320973149418344,0.017680547774717822,0.34253083808463053,False
smooth_nonlinear,softplus,"8,4",2,3,0,False,0.0021330974996089935,0.0013376247418403508,0.0009892285773639223,,,,0.08645095507172608,0.07659100468370077,0.17759550384503625,0.022622311610029006,0.0018970572774885815,0.080196245702785,0.016904252666328015,0.0009532316477102071,0.009611915998267342,0.20267641338507353,False
smooth_nonlinear,softplus,"8,4",2,3,0,False,0.0010636920342221856,0.0013376247418403508,0.00174116057494887,,,,0.014880929535217021,0.012385427939242948,0.13727093296193194,0.02263130918411754,0.0034241914492699147,0.13021463172441014,0.02506819782922193,0.001595107651148771,0.003959260620765508,-0.09951838633935353,False
smooth_nonlinear,softplus,"8,4",2,3,0,False,0.0007628989405930042,0.0013376247418403508,0.0019552314197123157,,,,0.24134111418972307,0.25859309157835064,0.22819538290646615,0.02341788428055142,0.003544962286737837,0.17252720233960533,0.039034955269748116,0.0018633365763508,0.00895292721618874,-0.24386728143931577,False
smooth_nonlinear,softplus,"8,4",2,3,0,False,0.0003388309560250491,0.0013376247418403508,0.0014063024307411382,,,,0.13605493190977863,0.12887715977464193,0.4191473111127908,0.023648649382905697,0.002688201502433476,0.14739591178882644,0.02386661031901989,0.0013772726110274727,0.01816619102851043,-0.5963512120829743,False
smooth_nonlinear,softplus,"8,4",2,3,0,False,0.0004893793375231326,0.0013376247418403508,0.0012643559634722256,,,,0.08353093871484157,0.08485417653432117,0.08935193971121544,0.023697040158760674,0.0023192586212934605,0.07770788587863628,0.011527219192393886,0.0012560703635926698,0.014451632648772396,-0.43668866454007815,False
smooth_nonlinear,softplus,"8,4",2,3,0,False,0.0019147418206557631,0.0013376247418403508,0.003523586400774326,,,,0.1251905675371338,0.12889140481305453,0.18010967488074958,0.02351418657104543,0.006119421224795035,0.16549359203924502,0.061050783706000554,0.003401835334383316,0.007184210484519699,0.15577592974418572,False
smooth_nonlinear,softplus,"8,4",2,3,0,False,0.0008574334788136184,0.0013376247418403508,0.002142914986111166,,,,0.20410007965152782,0.20426107406108945,0.4614837218275687,0.02348983416471174,0.0038131978735072474,0.11963910548591195,0.04009551452005974,0.0020849757070379006,0.007291587413654765,-0.1931338565503298,False
smooth_nonlinear,softplus,"8,4",2,3,0,False,0.0003318934759590775,0.0013376247418403508,0.0009818273683496416,,,,0.09493159782224515,0.08855679946720693,0.21133443533308321,0.02357877486530311,0.001894145508286836,0.05474083165206674,0.020447061545526838,0.0009633881085412779,0.018355608700744146,-0.6053355776962117,False
smooth_nonlinear,softplus,"8,4",2,3,0,False,0.0007350080995820463,0.0013376247418403508,0.001874200665131685,,,,0.478184108076825,0.447700835494211,0.22749335866524095,0.023552274426141953,0.003372213861881002,0.11593522176786167,0.030233417958435472,0.0018268565405113162,0.009462519689555852,-0.2600421683345514,False
smooth_nonlinear,softplus,"8,4",2,3,0,False,0.0005188435316085815,0.0013376247418403508,0.001560978940828867,,,,0.05759052823114119,0.04841969479240904,0.25156556465633906,0.02375201851712551,0.002878956828795529,0.09470384832347195,0.02721063516168965,0.0015487655935371308,0.01379541535051192,-0.41129788646752835,False
smooth_nonlinear,softplus,"8,4",2,3,0,False,0.001207026420161128,0.0013376247418403508,0.0023129786734559987,,,,0.3462315372235185,0.3005778120694184,0.45012296529367146,0.023407633836992466,0.004278145218642868,0.16724145331798945,0.04583177608208516,0.002196699531493923,0.0018312667266158072,-0.04461751693294836,False
smooth_nonlinear,softplus,"8,4",2,3,0,False,0.0027103330940008163,0.0013376247418403508,0.0029775505011179356,,,,0.29707676798123916,0.31191086598576223,0.16034801436207685,0.02372232427432757,0.005142533727662416,0.23632438223697905,0.01338319553443215,0.0029844032284234985,0.015487307028992217,0.306688374747159,False
smooth_nonlinear,softplus,"8,4",2,3,0,False,0.000394036847865209,0.0013376247418403508,0.0011806236509297884,,,,0.10878349245572597,0.0835178364306994,0.3634073790591021,0.023711392396796104,0.0021566419590540774,0.07697911423550242,0.009040361632505666,0.001166982252199734,0.0167231910874944,-0.5307974570155338,False
smooth_nonlinear,softplus,"8,4",2,3,0,False,0.0019499650225043297,0.0013376247418403508,0.0007901253356600018,,,,0.6234035874821964,0.554910112627203,0.4245172938484697,0.022260630745888375,0.001361462526402641,0.21073704122199832,0.002007348339777564,0.0007900898238448666,0.007584855796324147,0.1636925280276725,False
smooth_nonlinear,softplus,"8,4",2,3,0,False,0.0006084267515689135,0.0013376247418403508,0.0018746842044518766,,,,0.10002556390489681,0.07048012904936897,0.22021389569749036,0.023498805107815712,0.0034152648353580725,0.11104354632997883,0.048017845893235024,0.0017756377272549549,0.011907244466697959,-0.34212599220066503,False
smooth_nonlinear,softplus,"8,4",2,3,0,False,0.0005988271441310644,0.0013376247418403508,0.0016972919921580273,,,,0.04008427756397118,0.04159234239450131,0.15722125701622017,0.02340083927962112,0.0031261129524405382,0.1545249770210231,0.01797262209983201,0.0016274812951065421,0.012102607594816486,-0.3490328150719253,False
smooth_nonlinear,softplus,"8,4",2,3,0,False,0.0015729308361187577,0.0013376247418403508,0.002746062603564763,,,,0.0743292265058725,0.06600537246090109,0.20883264383854566,0.02336786597986336,0.004731556505273626,0.18626531399617227,0.04977243405949518,0.002651772139369642,0.0030866395923465073,0.07037533328364493,False
smooth_nonlinear,softplus,"8,4",2,3,0,False,0.0006251123268157244,0.0013376247418403508,0.0016460643116882265,,,,0.2475855748846434,0.22755262569406756,0.10493423869351928,0.023704614130258615,0.002966492526750569,0.105395003036831,0.040484490011750085,0.001637334730826148,0.011571306056003459,-0.33037623025089957,False
smooth_nonlinear,softplus,"8,4",2,3,0,False,0.0012985357316210866,0.0013376247418403508,0.0032083157024064154,,,,0.3047124591027014,0.24913736526736419,0.1856818614063494,0.023514936727476548,0.006250312210205392,0.16706878497452698,0.019603065591612182,0.0032412913400571624,0.0005383512067961491,-0.012880388699291005,False
smooth_nonlinear,softplus,"8,4",2,3,0,False,0.0023364683147519827,0.0013376247418403508,0.00426440511808068,,,,0.5019247091704444,0.4609203246074065,0.2524294080012249,0.023632133428148714,0.007712301876501051,0.1896145471337642,0.04390034968270257,0.004098598507081028,0.011763475910779357,0.24222560261035211,False
smooth_nonlinear,softplus,"8,4",2,3,0,False,0.0005647414363920689,0.0013376247418403508,0.001440384547214923,,,,0.05398651788188569,0.06317874792063974,0.11477704644369069,0.023488927162345838,0.0026531008995871446,0.09475984156994413,0.029929198762497992,0.0014135681712631298,0.012809263392152468,-0.37448463914616126,False
smooth_nonlinear,softplus,"8,4",2,3,0,False,0.002120313001796603,0.0013376247418403508,0.00325520627561362,,,,0.2512483246776853,0.2403005429548391,0.2355684059725287,0.023744716556802888,0.005714768643979196,0.1531625160992225,0.04663136444572732,0.0032564092319587556,0.00947330409835715,0.20006568320880455,False
smooth_nonlinear,softplus,"8,4",2,3,0,False,0.000509978795889765,0.0013376247418403508,0.0013016689816893912,,,,0.18346306658396186,0.22404962667231826,0.47183288157685,0.02324565835028429,0.0026086608631971245,0.6376109016983893,0.01988978732546295,0.0012418540951613698,0.013990842381887369,-0.4187821740509355,False
smooth_nonlinear,softplus,"8,4",2,3,0,False,0.002351151779294014,0.0013376247418403508,0.003397548564589631,,,,0.3100847658518208,0.29954453315706764,0.4224454991142868,0.02329276616867087,0.006140465536701814,0.2074085113286285,0.046994105707107776,0.0032928405941360624,0.01191512432386408,0.24494637278994302,False
smooth_nonlinear,softplus,"8,4",2,3,0,False,0.0011995101813226938,0.0013376247418403508,0.0025071077402107262,,,,0.35089054590962077,0.2946491739531586,0.17826778714775598,0.023473220606740834,0.004523418741323584,0.22862231423774176,0.04618408128597667,0.002453472802988429,0.0019396069852424605,-0.04733035468016283,False
smooth_nonlinear,softplus,"8,4",2,3,0,False,0.0041371360421180725,0.0013376247418403508,0.0040175354662632425,,,,0.017164606162103555,0.00680306688820996,0.26108769123151765,0.021760111097378097,0.007345887555254195,0.35978156842587705,0.061563038667780325,0.002979715335044399,0.02774701997277783,0.49036550885860725,False
smooth_nonlinear,softplus,"8,4",2,3,0,False,0.00027977212448604405,0.0013376247418403508,0.0014017009753154225,,,,0.4690011593735603,0.41143929146970515,0.3139225175939234,0.02366994625687179,0.002670268046082832,0.110919081457602,0.01950483754965897,0.0014073816082626712,0.0198471624299902,-0.67952985251658,False
smooth_nonlinear,softplus,"8,4",2,3,0,False,0.00041976236389018595,0.0013376247418403508,0.0010922653518717726,,,,0.5044858657868649,0.46664096922810505,0.18477688037725049,0.02346048869763618,0.002208989656125409,0.2239837875332641,0.015438793798624001,0.0010861824304394525,0.016085449507212888,-0.5033307963229479,False
smooth_nonlinear,softplus,"8,4",2,3,0,False,0.0021453567314893007,0.0013376247418403508,0.003706521220072674,,,,0.20744489914410455,0.1570263938147183,0.09840733321316483,0.022828984699898885,0.006944234368929471,0.208975886376746,0.049635798539485125,0.003437633308437155,0.009744443271482113,0.20516522408217858,False
smooth_nonlinear,softplus,"8,4",2,3,0,False,0.0003326288133393973,0.0013376247418403508,0.0010240060258668614,,,,0.3967217505248256,0.40172783300801945,0.34247635190156206,0.023663414823680236,0.0018637427932784237,0.07260643443908067,0.031437658059037,0.0010055779397708023,0.0183354381881115,-0.6043744267999938,False
smooth_nonlinear,softplus,"8,4",2,3,0,False,0.0018818704411387444,0.0013376247418403508,0.003236299173120554,,,,0.08188556683668984,0.07695621918029741,0.059279377435127636,0.023437235927861184,0.005731775290964542,0.16264009056104461,0.05320797127059232,0.003213337899850823,0.006806978177780865,0.14825542752490597,False
smooth_nonlinear,softplus,"8,4",2,3,0,False,0.0022012777626514435,0.0013376247418403508,0.003323035343716452,,,,0.14956672836581703,0.14207235015304087,0.12385943696215425,0.02362759350358639,0.005354624897024854,0.28005771439285243,0.06388299619298511,0.003309696465898065,0.010344224125278266,0.21634055311089956,False
smooth_nonlinear,softplus,"8,4",2,3,0,False,0.0010337593266740441,0.0013376247418403508,0.0024282589934355348,,,,0.20453236429724903,0.17984314451270794,0.06540229124493657,0.023410641138249852,0.004477546621898436,0.14591328249046331,0.03782405678733898,0.0023367970466425577,0.004421424619752326,-0.11191485242385851,False
smooth_nonlinear,softplus,"8,4",2,3,0,False,0.0007944487151689827,0.0013376247418403508,0.002162363190078467,,,,0.17404954251429214,0.18461632272436024,0.15023322950206847,0.023339782472069685,0.004167519653776596,0.16689137155440564,0.03588991227521897,0.00202853345833132,0.00838758585603994,-0.22626842623939683,False
smooth_nonlinear,softplus,"8,4",2,3,0,False,0.0006772612105123699,0.0013376247418403508,0.0016037402164160379,,,,0.325758319218293,0.2751738569746829,0.5344036365799095,0.02370087498910259,0.0029845412432398,0.14576338455403504,0.008460595558535297,0.0015878295321585117,0.010549309745203368,-0.2955780907300165,False
smooth_nonlinear,softplus,"8,4",2,3,0,False,0.00035416532773524523,0.0013376247418403508,0.001180557427782814,,,,0.47470542258165677,0.45981179534337613,0.10160358741661471,0.02320450560975515,0.0021333364358283114,0.21394045806203435,0.03391828554198828,0.0011031719319664407,0.017754271747023032,-0.5771282511038964,False
smooth_nonlinear,softplus,"8,4",2,3,0,False,0.00038475170731544495,0.0013376247418403508,0.0015987910952684058,,,,0.2698059996234119,0.27588301823409667,0.46370474470366746,0.02369205804868487,0.003056141847821752,0.125664926488823,0.026345388423051234,0.0016042730164090788,0.01695846372494534,-0.5411537375811802,False
smooth_nonlinear,softplus,"8,4",2,3,0,False,0.0004770731320604682,0.0013376247418403508,0.0010863892325222403,,,,0.12085693192746835,0.08890846434976424,0.19427864619670285,0.023602340844572786,0.0021099805458324127,0.16777885302604734,0.009457343098439559,0.0010806213226670046,0.014731548644202962,-0.4477493347196521,False
smooth_nonlinear,softplus,"8,4",2,3,0,False,0.00036238934262655675,0.0013376247418403508,0.0007677610516974312,,,,0.34565995392602844,0.3136360060055189,0.42013090225661576,0.023361970674613267,0.0014887827317504815,0.12704617250560005,0.021191114268041336,0.0007163793461961632,0.017537025953530905,-0.5671588760602463,False
smooth_nonlinear,softplus,"8,4",2,3,0,False,0.0003257481148466468,0.0013376247418403508,0.0010102192218246178,,,,0.4808217393668205,0.47870733174731894,0.13174983188271175,0.023744351673129868,0.0018738455158883738,0.14342486054064188,0.026432133837076825,0.0010023268962748417,0.01852505906820643,-0.613452382183488,False
smooth_nonlinear,softplus,"8,4",2,3,0,False,0.001348511315882206,0.0013376247418403508,0.0027528083032710648,,,,0.0981204839211138,0.07744433917421857,0.18148214985979266,0.023338381454759864,0.005091124355318919,0.13468625904184275,0.04007841949403794,0.002742897908549708,0.00014852963751869896,0.00352030189000458,False
smooth_nonlinear,softplus,"8,4",2,3,0,False,0.0014790198765695095,0.0013376247418403508,0.0017482626808809653,,,,0.4773382592365273,0.4305268366608789,0.257570729243125,0.023703028666068108,0.0032262819681817285,0.4901385654370407,0.003764266413866253,0.0017559006439078594,0.0018844749745321743,0.043639717278062554,False
smooth_nonlinear,softplus,"8,4",2,3,0,False,0.0005216752178966999,0.0013376247418403508,0.0017158284791213383,,,,0.20402513088966343,0.19879704513051372,0.18459241263528342,0.02369229237050737,0.003041316862763531,0.06609552834640754,0.03669547796848464,0.0016678510489970407,0.013733341942956608,-0.4089340871299627,False
smooth_nonlinear,softplus,"8,4",2,3,0,False,0.0007487203110940754,0.0013376247418403508,0.0020277798657211917,,,,0.23852139300578093,0.22547631149075067,0.02464770899229553,0.023721020162452564,0.0036342964153395323,0.14995463929310615,0.03068067553021943,0.0020101133128434642,0.009210798406792502,-0.2520146785298357,False
smooth_nonlinear,softplus,"8,4",2,3,0,False,0.0026961599942296743,0.0013376247418403508,0.004218180863272919,,,,0.729030026054088,0.720275053612512,0.38024405758754715,0.023720563638503743,0.0076844197673881665,0.645226819529978,0.044470090209448664,0.004164072922104925,0.015351008115608203,0.3044113670743805,False
smooth_nonlinear,softplus,"16,8,4",3,3,0,True,0.0006638884078711271,0.00026772763843105796,0.0003216351344619175,,,,0.19346101387128792,0.18104073853395886,0.09603699700820152,0.023715650778169166,0.0005909348469804382,0.18823472595305363,0.008924950522787677,0.0002618542914196325,0.009403647191431382,0.3944018783227649,False
smooth_nonlinear,softplus,"16,8,4",3,3,0,True,0.0005883011035621166,0.00026772763843105796,0.0002646280523535443,,,,0.19463019402133672,0.2183200252623598,0.17222853471680755,0.023731338976224398,0.0005038806192261091,0.22474353807190078,0.0183178460067411,0.0002696250513267067,0.007892534298345143,0.3419064558658395,False
smooth_nonlinear,softplus,"16,8,4",3,3,0,True,0.0016892957501113415,0.00026772763843105796,0.0010696448917876485,,,,0.25496765469724414,0.24125226255094787,0.13362811153638507,0.02366934228667999,0.002022427630202012,0.2981276516185332,0.009895939288324693,0.0009761525894414871,0.024738658311665458,0.8000124822828569,False
smooth_nonlinear,softplus,"16,8,4",3,3,0,True,0.0005807583802379668,0.00026772763843105796,0.00027032862367309203,,,,0.266067994011564,0.2412979477515077,0.2927366014520253,0.02377954139310043,0.0005661565168648778,0.231324237537456,0.006472086685604562,0.00026626814531819525,0.007736544162985512,0.3363022781161749,False
smooth_nonlinear,softplus,"16,8,4",3,3,0,True,0.0006337325903587043,0.00026772763843105796,0.000363589166851937,,,,0.34201031981381075,0.3370602893828127,0.3850967634701843,0.023786461047751943,0.0006613739140709279,0.2050277467068306,0.0068361227018511675,0.00033010930329591977,0.008811661103401744,0.3742128345539073,False
smooth_nonlinear,softplus,"16,8,4",3,3,0,True,0.0003388287441339344,0.00026772763843105796,0.00028151386976679456,,,,0.11724189768914416,0.13271783653530764,0.2949825591140777,0.023753211837037297,0.0005542705720370674,0.22343194621771859,0.005912821782545902,0.00025088185825100775,0.002044916517282301,0.10228703888606641,False
smooth_nonlinear,softplus,"16,8,4",3,3,0,True,0.002055212389677763,0.00026772763843105796,0.0012655265047741442,,,,0.17252107467590175,0.17501357485097666,0.3749610555303155,0.02374037097153786,0.0021513666278026077,0.2104058336240438,0.004763458235873233,0.0011524259112901606,0.028972065498787506,0.8851635021826919,False
smooth_nonlinear,softplus,"16,8,4",3,3,0,True,0.001382971415296197,0.00026772763843105796,0.0010743892549694013,,,,0.25208121554443585,0.2122263298667584,0.22652232952472096,0.023757938294571103,0.0019422772076868988,0.21304838113923968,0.025120056637390677,0.0009943890607225626,0.020825938778121774,0.7131199965563724,False
smooth_nonlinear,softplus,"16,8,4",3,3,0,True,0.0003915490524377674,0.00026772763843105796,0.0002316974955942806,,,,0.3142810833835053,0.26937571165015334,0.6227364350415089,0.023446224291844335,0.0004122923396508755,0.30093194180049043,0.0071121949852207,0.00021279041826396516,0.0034252135866899396,0.1650929701052819,False
smooth_nonlinear,softplus,"16,8,4",3,3,0,True,0.00199682405218482,0.00026772763843105796,0.0025623985825391432,,,,0.639647539668888,0.600191206830902,0.5841831898037805,0.023657486354220967,0.00428108680866849,0.3136303141957659,0.025143082253410762,0.002597614101397381,0.028323452402440923,0.8726465920145505,False
smooth_nonlinear,softplus,"16,8,4",3,3,0,True,0.0007207620656117797,0.00026772763843105796,0.0003377678958768382,,,,0.18432019491715038,0.19366647919671823,0.1758660037661084,0.02376932082382114,0.0006565098569985852,0.1898127915339145,0.01747728950900723,0.0003261912595010481,0.010484627364972632,0.43009871405192174,False
smooth_nonlinear,softplus,"16,8,4",3,3,0,True,0.002080504549667239,0.00026772763843105796,0.0020393120322353994,,,,0.15601592712892368,0.0989334400451763,0.2423956921906002,0.022569651933454473,0.0036566024289694543,0.29208094938367507,0.04450294538604914,0.0011303424636746955,0.02925016329640903,0.8904754626575063,False
smooth_nonlinear,softplus,"16,8,4",3,3,0,True,0.0010717690456658602,0.00026772763843105796,0.0006045362703299102,,,,0.3738910104514492,0.3356397725221331,0.3552219323824401,0.023741883681129478,0.0010368276791159724,0.20852461288363733,0.01711148667595618,0.0005446629736438238,0.016375499088373314,0.6024080026060502,False
smooth_nonlinear,softplus,"16,8,4",3,3,0,True,0.001130593242123723,0.00026772763843105796,0.0013748110943222315,,,,0.0902413734577212,0.07444756949771478,0.175727233193688,0.023642109109502506,0.0025759125451491564,0.27025275386061104,0.0038289394024441994,0.001956072100351881,0.01726191055073371,0.625613178038815,False
smooth_nonlinear,softplus,"16,8,4",3,3,0,True,0.001471766852773726,0.00026772763843105796,0.0009319066213205172,,,,0.2247456574204718,0.1857850586870464,0.27540508919611695,0.0237462369284133,0.001866893047990455,0.2151557866921343,0.004302861753081407,0.0009433199435408394,0.02200122879255217,0.7401458103005232,False
smooth_nonlinear,softplus,"16,8,4",3,3,0,True,0.001299672992900014,0.00026772763843105796,0.0006699741338767721,,,,0.18666907775023409,0.19313834754141365,0.1571698534464772,0.023766358983409137,0.001184036876818607,0.21835029981655898,0.01865877211462107,0.0006155795863730805,0.019688592833068796,0.6861408872351157,False
smooth_nonlinear,softplus,"16,8,4",3,3,0,True,0.0009109351667575538,0.00026772763843105796,0.0003783893895358676,,,,0.11819104396140902,0.1197718258631756,0.23930716598174798,0.02373160075838638,0.0007235875876979872,0.20698263581615897,0.015318199991815936,0.0004636194655671622,0.013819317652089526,0.5317942611956624,False
smooth_nonlinear,softplus,"16,8,4",3,3,0,True,0.000659875338897109,0.00026772763843105796,0.0005109570821827724,,,,0.26626022062918164,0.26172263586120253,0.07365123186736498,0.023717394922405564,0.0009826705446069873,0.6051330507037964,0.009463754922818066,0.0004284040777403262,0.009325653965530523,0.3917686908611116,False
smooth_nonlinear,softplus,"16,8,4",3,3,0,True,0.0006671525770798326,0.00026772763843105796,0.00021377559134590996,,,,0.5336045051826694,0.5255182992755608,0.28690119701589684,0.023742917925780458,0.0003565380963806809,0.33208236258084345,0.01962265071926575,0.00019740110118594698,0.009466912011645848,0.3965319607668189,False
smooth_nonlinear,softplus,"16,8,4",3,3,0,True,0.0008335281745530665,0.00026772763843105796,0.0012047604256976016,,,,0.3652277745962718,0.26996986781669086,0.4049144712700363,0.023713588889327536,0.002050580319707191,0.34922714889744766,0.021218883774633306,0.0011475574112676213,0.012508503147363782,0.493227077051536,False
smooth_nonlinear,softplus,"16,8,4",3,3,0,True,0.0007184708374552429,0.00026772763843105796,0.000291267394624972,,,,0.1598767877676018,0.11998947641416424,0.3419463972015879,0.02373594057126225,0.0005070281929541434,0.21737719544533746,0.01618823371906421,0.00034891047797959505,0.01044192145916479,0.42871593773590216,False
smooth_nonlinear,softplus,"16,8,4",3,3,0,True,0.00045072741340845823,0.00026772763843105796,0.0002838986285412733,,,,0.37131841418214667,0.35462423922964503,0.16149692142454283,0.02377557494020918,0.0005845922219821305,0.3092015828084842,0.00987149924332036,0.00027818040654617964,0.004867956947120694,0.22622076563390925,False
smooth_nonlinear,softplus,"16,8,4",3,3,0,True,0.0006186946993693709,0.00026772763843105796,0.00040245849155535714,,,,0.14056768439401593,0.1224165894571615,0.2657803696395076,0.02373229867741053,0.0006102934475295833,0.1863652053016212,0.011527700209659686,0.00023057057162948337,0.008511189454529323,0.36378318805155896,False
smooth_nonlinear,softplus,"16,8,4",3,3,0,True,0.0005366228870116174,0.00026772763843105796,0.00015669263929283733,,,,0.26570379789889514,0.24834021889577526,0.19533861609222566,0.023720041236972203,0.00030452098735086173,0.2560999743845327,0.0032319548297187754,0.00020949893098589232,0.006802737346360967,0.30197598423557137,False
smooth_nonlinear,softplus,"16,8,4",3,3,0,True,0.0011994917877018452,0.00026772763843105796,0.0007851329683808485,,,,0.3897556263437962,0.388436030543249,0.18671465161765866,0.02378472622546253,0.0015832924078024453,0.22553125270251007,0.011081988145773148,0.0007604713159875948,0.01827129509808043,0.6513040717331338,False
smooth_nonlinear,softplus,"16,8,4",3,3,0,True,0.03166160732507706,0.00026772763843105796,0.03443713733640637,,,,0.2002859675060601,0.16538195017617355,0.35836630489678667,0.023729111485964943,0.04984068130036084,0.8946295038642467,0.08128089291407667,0.033137015126691115,0.16157470324623296,2.072839751176988,False
smooth_nonlinear,softplus,"16,8,4",3,3,0,True,0.0012611077399924397,0.00026772763843105796,0.000792276080134413,,,,0.12397521190518719,0.13173957852812268,0.16880288109145927,0.02371467597879911,0.0015270055167820778,0.1933948039722994,0.02164018348577586,0.0008642238065677687,0.019149693926275854,0.6730589839692056,False
smooth_nonlinear,softplus,"16,8,4",3,3,0,True,0.0005781124345958233,0.00026772763843105796,0.00030457391719235563,,,,0.30458870914952835,0.33090993639365684,0.32561183468312316,0.023767237735286877,0.0005971911487408794,0.23054648803963235,0.012623708115012558,0.00029419897032253393,0.007681583914168035,0.3343191035053355,False
smooth_nonlinear,softplus,"16,8,4",3,3,0,True,0.0014959597028791904,0.00026772763843105796,0.001731694137678025,,,,0.47612379894505713,0.4383265894558979,0.1917095959972159,0.0237664467798598,0.0029772514760599104,0.8650239399112261,0.029558214567892278,0.0016476492850202764,0.022315253415693185,0.7472266877718371,False
smooth_nonlinear,softplus,"16,8,4",3,3,0,True,0.002106672152876854,0.00026772763843105796,0.0013528826932855435,,,,0.3671098050262187,0.34360530099640857,0.2579655631715266,0.02375339597495871,0.0024841662986903952,0.18938902817914327,0.02499298759030299,0.0012046547986001206,0.029536113508989967,0.8959037473650648,False
smooth_nonlinear,softplus,"16,8,4",3,3,0,True,0.001735661760903895,0.00026772763843105796,0.0011505003286526438,,,,0.21863172385737906,0.21531453642081802,0.1359325349116544,0.02359647758136227,0.002216228402196445,0.23970262448184615,0.026404416810592447,0.0010484096243152607,0.025298889251426367,0.8117718882539059,False
smooth_nonlinear,softplus,"16,8,4",3,3,0,True,0.000608957139775157,0.00026772763843105796,0.0002835735236324332,,,,0.03572710958469404,0.03451390057042527,0.19845613902762285,0.02351256129494391,0.0005687544177965553,0.18830098797856437,0.0130842054737869,0.0004036796542033488,0.008314672087450029,0.35689351957211934,False
smooth_nonlinear,softplus,"16,8,4",3,3,0,True,0.001205752370879054,0.00026772763843105796,0.0005695986740759331,,,,0.2676763249308188,0.26995370286514936,0.2064399852630802,0.023753987698949097,0.0009063739421740956,0.20476605581291885,0.024502966359754217,0.000583367450010034,0.018361560345222076,0.6535649173591181,False
smooth_nonlinear,softplus,"16,8,4",3,3,0,True,0.001550522749312222,0.00026772763843105796,0.000869637911815285,,,,0.09234655475642156,0.07483882277744443,0.21474341756389348,0.023688037089187527,0.0012793699748382646,0.1903785924274483,0.028060004214178702,0.0009090046720469007,0.023014292869502368,0.7627849354087943,False
smooth_nonlinear,softplus,"16,8,4",3,3,0,True,0.0006498907459899783,0.00026772763843105796,0.0002875784559030986,,,,0.13407347771196707,0.11620065692376884,0.09878674443725079,0.0237494579763873,0.0005116294773715601,0.2432069753735608,0.024433841058391054,0.00026650786103642426,0.009130569966702907,0.38514714575601217,False
smooth_nonlinear,softplus,"16,8,4",3,3,0,True,0.001960005611181259,0.00026772763843105796,0.002574537965348856,,,,0.6593140479444681,0.5712578617517466,0.5155769654037505,0.023730138261612386,0.0043838898073942055,0.37698840686963,0.02171272280209233,0.0025500050136925924,0.027909565750346237,0.8645641074817803,False
smooth_nonlinear,softplus,"16,8,4",3,3,0,True,0.0003884554316755384,0.00026772763843105796,0.00020681595636938807,,,,0.21085402824876706,0.20676697040650605,0.17140497010323927,0.023779750086557184,0.00038864996806579736,0.14775233919284358,0.0014832112489592784,0.00015784921067551281,0.003346887869499996,0.16164799126633572,False
smooth_nonlinear,softplus,"16,8,4",3,3,0,True,0.001416198443621397,0.00026772763843105796,0.0018137089665939844,,,,0.36649733961086484,0.30205024931908314,0.20255163703105183,0.023688180588387044,0.003042950375663912,0.36446467826370166,0.02262654254722761,0.0018842013523231718,0.021270027278149122,0.7234309055766879,False
smooth_nonlinear,softplus,"16,8,4",3,3,0,True,0.007989532314240932,0.00026772763843105796,0.006467747296315467,,,,0.28642830366320293,0.21103401875288155,0.30165788934106175,0.023736157976311678,0.011533759203179375,0.4479472583730063,0.055522727665394664,0.006388663216132584,0.07302179893983063,1.474828150433912,False
smooth_nonlinear,softplus,"16,8,4",3,3,0,True,0.0006696959608234465,0.00026772763843105796,0.00033632016804339423,,,,0.13941426354705097,0.1660154365104015,0.7243655783314785,0.023776658791447077,0.0006183194582695934,0.25377190669130223,0.013288854487231822,0.00031813621327065456,0.009516099651788058,0.39818447236645776,False
smooth_nonlinear,softplus,"16,8,4",3,3,0,True,0.001239116652868688,0.00026772763843105796,0.0015448101015438972,,,,0.2498417062556677,0.24397234906598228,0.0923189802422747,0.02356217589029056,0.0025371218046563323,0.2951807317673256,0.02590470035543442,0.0013912689882351519,0.018838703938519778,0.665418986442028,False
smooth_nonlinear,softplus,"16,8,4",3,3,0,True,0.0003574294096324593,0.00026772763843105796,0.00042818844742738873,,,,0.11722418831520597,0.09018384508187359,0.14205814798873664,0.023637792152614398,0.0008020068343633182,0.1808760720871485,0.012739068486396835,0.0003714996991757273,0.0025434187327816847,0.1254970766118626,False
smooth_nonlinear,softplus,"16,8,4",3,3,0,True,0.0011675661662593484,0.00026772763843105796,0.0015853592246141866,,,,0.23803487191138592,0.17317991788125395,0.2350956472445149,0.023704121408581153,0.0027103832926671377,0.32489765232515866,0.020427514996676624,0.0017084875881559355,0.017807282478149052,0.6395882943179155,False
smooth_nonlinear,softplus,"16,8,4",3,3,0,True,0.0011150192003697157,0.00026772763843105796,0.0005371793135745048,,,,0.18085459859342046,0.15872365634943753,0.13226645203133988,0.023770955991656517,0.000867710692474797,0.2473592312079707,0.01463357068801882,0.0005810394454036949,0.017029518351947142,0.619589138706099,False
smooth_nonlinear,softplus,"16,8,4",3,3,0,True,0.0006052014650776982,0.00026772763843105796,0.00021672582767291306,,,,0.2060003671975373,0.16887733367989255,0.17850391680454117,0.023791857553917554,0.0004213315377288974,0.23156517927119655,0.007987903402884269,0.00021432898061092516,0.008238457907897446,0.35420676350497987,False
smooth_nonlinear,softplus,"16,8,4",3,3,0,True,0.0007958805654197931,0.00026772763843105796,0.0004203689889179203,,,,0.13774057283864002,0.1252273557694004,0.5494321125464858,0.02369815858351066,0.0008229283115147124,0.18578440785989647,0.01304157819111158,0.00041087752985629055,0.011848970392902666,0.47315469261760257,False
smooth_nonlinear,softplus,"16,8,4",3,3,0,True,0.0008076026570051908,0.00026772763843105796,0.0003229032998344317,,,,0.21022261624671248,0.17595930530333068,0.22626141347930706,0.02374303742472906,0.0006099897945835116,0.18655552916659796,0.014365148477435478,0.0003094716951025976,0.012055965844945987,0.479504531906914,False
smooth_nonlinear,softplus,"16,8,4",3,3,0,True,0.0009544956847093999,0.00026772763843105796,0.0005465029063806095,,,,0.3558713813638876,0.31763294108982854,0.12817665812602547,0.02379492097953035,0.001158765239938631,0.24189932705491096,0.009297465443831568,0.000542554288262559,0.014532528709626624,0.5520807620898459,False
smooth_nonlinear,softplus,"16,8,4",3,3,0,True,0.42107948660850525,0.00026772763843105796,0.4189592066134086,,,,0.6280876117932074,0.41622869784596955,0.4100291073299293,0.02375717365694338,0.3819734500610709,0.763431637807947,0.15421830252124455,0.41871820166780294,0.6325439925193379,3.196670877567956,False
smooth_nonlinear,softplus,"16,8,4",3,3,0,True,0.0022027106024324894,0.00026772763843105796,0.0014031439640594975,,,,0.092534229369039,0.09661123679129903,0.12119146154145505,0.023738603217811634,0.0022824387195940756,0.22637346586989487,0.04565617140541767,0.0014563903397822907,0.03057065895857149,0.9152642350235807,False
smooth_nonlinear,softplus,"16,8,4",3,3,0,False,0.0006638884078711271,0.0002903926854337073,0.0004272778251966924,,,,0.19346101387128792,0.18104073853395886,0.09603699700820152,0.023715650778169166,0.0008072876177769334,0.12017777757644912,0.010908643907466571,0.0004001793125856111,0.008725119948370351,0.3591094125904782,False
smooth_nonlinear,softplus,"16,8,4",3,3,0,False,0.0005883011035621166,0.0002903926854337073,0.00041117780376257016,,,,0.19463019402133672,0.2183200252623598,0.17222853471680755,0.023731338976224398,0.0007808747492457336,0.09551122275846853,0.02025534679703444,0.0004194193227969798,0.007214007055284112,0.3066139901335529,False
smooth_nonlinear,softplus,"16,8,4",3,3,0,False,0.0016892957501113415,0.0002903926854337073,0.001188715791325366,,,,0.25496765469724414,0.24125226255094787,0.13362811153638507,0.02366934228667999,0.002245848917976033,0.23962039182046074,0.01189564772374404,0.0011541244926049628,0.024060131068604426,0.7647200165505703,False
smooth_nonlinear,softplus,"16,8,4",3,3,0,False,0.0005807583802379668,0.0002903926854337073,0.0003850021383675075,,,,0.266067994011564,0.2412979477515077,0.2927366014520253,0.02377954139310043,0.000756750217189558,0.07825966020021888,0.008456723886509384,0.00038484453437228624,0.007058016919924481,0.30100981238388824,False
smooth_nonlinear,softplus,"16,8,4",3,3,0,False,0.0006337325903587043,0.0002903926854337073,0.00031117540618430235,,,,0.34201031981381075,0.3370602893828127,0.3850967634701843,0.023786461047751943,0.0005645012924691663,0.11680624962249653,0.008803884633539176,0.00031729578855173383,0.008133133860340713,0.3389203688216206,False
smooth_nonlinear,softplus,"16,8,4",3,3,0,False,0.0003388287441339344,0.0002903926854337073,0.0002561305207826374,,,,0.11724189768914416,0.13271783653530764,0.2949825591140777,0.023753211837037297,0.0005030905271827317,0.06604656446165773,0.0038967805797842326,0.00023608326111863563,0.0013663892742212698,0.06699457315377974,False
smooth_nonlinear,softplus,"16,8,4",3,3,0,False,0.002055212389677763,0.0002903926854337073,0.00161248714871395,,,,0.17252107467590175,0.17501357485097666,0.3749610555303155,0.02374037097153786,0.0028477746249366206,0.12675338772371247,0.006798606723603737,0.0016112934524230818,0.028293538255726475,0.8498710364504053,False
smooth_nonlinear,softplus,"16,8,4",3,3,0,False,0.001382971415296197,0.0002903926854337073,0.0009853417389224912,,,,0.25208121554443585,0.2122263298667584,0.22652232952472096,0.023757938294571103,0.0017419053323091376,0.17428442357988594,0.02702026594072953,0.0009749802022092958,0.020147411535060743,0.6778275308240856,False
smooth_nonlinear,softplus,"16,8,4",3,3,0,False,0.0003915490524377674,0.0002903926854337073,0.000272082089433879,,,,0.3142810833835053,0.26937571165015334,0.6227364350415089,0.023446224291844335,0.0005003572489143946,0.23693487890550247,0.009080363915054599,0.00021156248335877926,0.0027466863436289082,0.12980050437299526,False
smooth_nonlinear,softplus,"16,8,4",3,3,0,False,0.00199682405218482,0.0002903926854337073,0.002308848392891994,,,,0.639647539668888,0.600191206830902,0.5841831898037805,0.023657486354220967,0.0038403586851198743,0.20201197953711283,0.02314048340368853,0.0022464413806687093,0.027644925159379892,0.8373541262822638,False
smooth_nonlinear,softplus,"16,8,4",3,3,0,False,0.0007207620656117797,0.0002903926854337073,0.0005053626755055812,,,,0.18432019491715038,0.19366647919671823,0.1758660037661084,0.02376932082382114,0.0009847519850008518,0.10040064927128453,0.019420416483928834,0.0004917711630171861,0.0098061001219116,0.39480624831963507,False
smooth_nonlinear,softplus,"16,8,4",3,3,0,False,0.002080504549667239,0.0002903926854337073,0.0014272761907882265,,,,0.15601592712892368,0.0989334400451763,0.2423956921906002,0.022569651933454473,0.0025085386351287034,0.2302965991066436,0.04236046657329608,0.0010073284502132664,0.028571636053347997,0.8551829969252197,False
smooth_nonlinear,softplus,"16,8,4",3,3,0,False,0.0010717690456658602,0.0002903926854337073,0.0007098125805394247,,,,0.3738910104514492,0.3356397725221331,0.3552219323824401,0.023741883681129478,0.00125193331608983,0.1185966881721718,0.019068368251651847,0.0007221617645103696,0.015696971845312283,0.5671155368737636,False
smooth_nonlinear,softplus,"16,8,4",3,3,0,False,0.001130593242123723,0.0002903926854337073,0.0013346896390943165,,,,0.0902413734577212,0.07444756949771478,0.175727233193688,0.023642109109502506,0.002538506415866725,0.2559874521147648,0.001859906257623052,0.0014547731110742031,0.01658338330767268,0.5903207123065284,False
smooth_nonlinear,softplus,"16,8,4",3,3,0,False,0.001471766852773726,0.0002903926854337073,0.0011954069543661267,,,,0.2247456574204718,0.1857850586870464,0.27540508919611695,0.0237462369284133,0.0023460064574257404,0.2573087486808647,0.002216512188667755,0.0012411960216636207,0.02132270154949114,0.7048533445682365,False
smooth_nonlinear,softplus,"16,8,4",3,3,0,False,0.001299672992900014,0.0002903926854337073,0.0009511786088943195,,,,0.18666907775023409,0.19313834754141365,0.1571698534464772,0.023766358983409137,0.0017207643209427876,0.1348607696589679,0.02062312051332318,0.000950529608579216,0.019010065590007764,0.6508484215028291,False
smooth_nonlinear,softplus,"16,8,4",3,3,0,False,0.0009109351667575538,0.0002903926854337073,0.0006639440836290631,,,,0.11819104396140902,0.1197718258631756,0.23930716598174798,0.02373160075838638,0.0012712523930536984,0.15570673464241902,0.017277516203214875,0.0006433310116210676,0.013140790409028495,0.49650179546337575,False
smooth_nonlinear,softplus,"16,8,4",3,3,0,False,0.000659875338897109,0.0002903926854337073,0.0005384935806935816,,,,0.26626022062918164,0.26172263586120253,0.07365123186736498,0.023717394922405564,0.0010216089963521876,0.7683651341500233,0.01143332424329855,0.0005077918854015852,0.008647126722469492,0.3564762251288249,False
smooth_nonlinear,softplus,"16,8,4",3,3,0,False,0.0006671525770798326,0.0002903926854337073,0.00036420201984772095,,,,0.5336045051826694,0.5255182992755608,0.28690119701589684,0.023742917925780458,0.0006389247363235811,0.08618782577668328,0.02154397291075787,0.00035455815853828004,0.008788384768584817,0.3612394950345322,False
smooth_nonlinear,softplus,"16,8,4",3,3,0,False,0.0008335281745530665,0.0002903926854337073,0.0010256674991333057,,,,0.3652277745962718,0.26996986781669086,0.4049144712700363,0.023713588889327536,0.0017426247996667934,0.2375033646724576,0.019197960234702983,0.00099025203574643,0.01182997590430275,0.4579346113192493,False
smooth_nonlinear,softplus,"16,8,4",3,3,0,False,0.0007184708374552429,0.0002903926854337073,0.0005264539813305755,,,,0.1598767877676018,0.11998947641416424,0.3419463972015879,0.02373594057126225,0.0009742990662498124,0.10094511463599176,0.018141539456455073,0.0005018301061994595,0.009763394216103758,0.3934234720036155,False
smooth_nonlinear,softplus,"16,8,4",3,3,0,False,0.00045072741340845823,0.0002903926854337073,0.00025135316968092047,,,,0.37131841418214667,0.35462423922964503,0.16149692142454283,0.02377557494020918,0.0005192149781506365,0.17213424033575067,0.011830599436416317,0.0002507494952211046,0.004189429704059663,0.1909282999016226,False
smooth_nonlinear,softplus,"16,8,4",3,3,0,False,0.0006186946993693709,0.0002903926854337073,0.0003752062086607873,,,,0.14056768439401593,0.1224165894571615,0.2657803696395076,0.02373229867741053,0.0005460055912138747,0.150355039366719,0.013464376454464024,0.00036520817088783584,0.007832662211468291,0.32849072231927223,False
smooth_nonlinear,softplus,"16,8,4",3,3,0,False,0.0005366228870116174,0.0002903926854337073,0.0003300803790605687,,,,0.26570379789889514,0.24834021889577526,0.19533861609222566,0.023720041236972203,0.0006341735658420723,0.07644817482618388,0.005241049809353559,0.00035254338535800595,0.006124210103299936,0.2666835185032847,False
smooth_nonlinear,softplus,"16,8,4",3,3,0,False,0.0011994917877018452,0.0002903926854337073,0.000868409763294665,,,,0.3897556263437962,0.388436030543249,0.18671465161765866,0.02378472622546253,0.0017000494070898227,0.13419698289015164,0.013073149450752171,0.0008792500274546131,0.017592767855019398,0.6160116060008471,False
smooth_nonlinear,softplus,"16,8,4",3,3,0,False,0.03166160732507706,0.0002903926854337073,0.03335908689852189,,,,0.2002859675060601,0.16538195017617355,0.35836630489678667,0.023729111485964943,0.04816340245503251,0.8493348195503029,0.0794777775120599,0.03177786790488392,0.16089617600317194,2.0375472854447008,False
smooth_nonlinear,softplus,"16,8,4",3,3,0,False,0.0012611077399924397,0.0002903926854337073,0.0009823622590607799,,,,0.12397521190518719,0.13173957852812268,0.16880288109145927,0.02371467597879911,0.001875876299665533,0.16814024837482092,0.02358269683556457,0.0010119920402272482,0.018471166683214822,0.6377665182369189,False
smooth_nonlinear,softplus,"16,8,4",3,3,0,False,0.0005781124345958233,0.0002903926854337073,0.0004828980949320892,,,,0.30458870914952835,0.33090993639365684,0.32561183468312316,0.023767237735286877,0.000935677352526887,0.17721552549716418,0.014582524461538265,0.00046868396082883903,0.007003056671107004,0.29902663777304883,False
smooth_nonlinear,softplus,"16,8,4",3,3,0,False,0.0014959597028791904,0.0002903926854337073,0.0015649708636219697,,,,0.47612379894505713,0.4383265894558979,0.1917095959972159,0.0237664467798598,0.002717570514764146,0.7834211430228822,0.027537176482996202,0.0015805620318853108,0.021636726172632154,0.7119342220395504,False
smooth_nonlinear,softplus,"16,8,4",3,3,0,False,0.002106672152876854,0.0002903926854337073,0.0016203755222086755,,,,0.3671098050262187,0.34360530099640857,0.2579655631715266,0.02375339597495871,0.002984142927310489,0.12262010945514826,0.02693729135885793,0.0015856751849367514,0.028857586265928936,0.8606112816327782,False
smooth_nonlinear,softplus,"16,8,4",3,3,0,False,0.001735661760903895,0.0002903926854337073,0.0015165449759891579,,,,0.21863172385737906,0.21531453642081802,0.1359325349116544,0.02359647758136227,0.0029061156625910254,0.17691948304838656,0.028340498643641056,0.0014755190712683202,0.024620362008365336,0.7764794225216193,False
smooth_nonlinear,softplus,"16,8,4",3,3,0,False,0.000608957139775157,0.0002903926854337073,0.0002973326551419759,,,,0.03572710958469404,0.03451390057042527,0.19845613902762285,0.02351256129494391,0.0005782736825674201,0.15553767105089708,0.015039498597969962,0.00042090686358876856,0.007636144844388997,0.3216010538398326,False
smooth_nonlinear,softplus,"16,8,4",3,3,0,False,0.001205752370879054,0.0002903926854337073,0.000776838252723005,,,,0.2676763249308188,0.26995370286514936,0.2064399852630802,0.023753987698949097,0.0013106430111484092,0.12868420985632495,0.026425546699251595,0.0008155383321489216,0.017683033102161044,0.6182724516268315,False
smooth_nonlinear,softplus,"16,8,4",3,3,0,False,0.001550522749312222,0.0002903926854337073,0.0011273651663519819,,,,0.09234655475642156,0.07483882277744443,0.21474341756389348,0.023688037089187527,0.0017988646701064279,0.18143554406046003,0.029950862327491366,0.0012456313177042842,0.022335765626441337,0.7274924696765077,False
smooth_nonlinear,softplus,"16,8,4",3,3,0,False,0.0006498907459899783,0.0002903926854337073,0.0003798548433161658,,,,0.13407347771196707,0.11620065692376884,0.09878674443725079,0.0237494579763873,0.0006672336062025971,0.1976623364598945,0.02632919635163472,0.0003654435270221947,0.008452042723641875,0.3498546800237255,False
smooth_nonlinear,softplus,"16,8,4",3,3,0,False,0.001960005611181259,0.0002903926854337073,0.0023562601381287756,,,,0.6593140479444681,0.5712578617517466,0.5155769654037505,0.023730138261612386,0.004025107514628106,0.29901764487370575,0.01972305618432315,0.002319319744917683,0.027231038507285206,0.8292716417494935,False
smooth_nonlinear,softplus,"16,8,4",3,3,0,False,0.0003884554316755384,0.0002903926854337073,0.0002503286445794446,,,,0.21085402824876706,0.20676697040650605,0.17140497010323927,0.023779750086557184,0.00047824693996736565,0.12857489290547347,0.003478939515012689,0.00023742656227756858,0.0026683606264389648,0.12635552553404905,False
smooth_nonlinear,softplus,"16,8,4",3,3,0,False,0.001416198443621397,0.0002903926854337073,0.0017181608020936756,,,,0.36649733961086484,0.30205024931908314,0.20255163703105183,0.023688180588387044,0.0029049527462815003,0.2712134127929331,0.02059415375804569,0.0017031160055319685,0.02059150003508809,0.6881384398444013,False
smooth_nonlinear,softplus,"16,8,4",3,3,0,False,0.007989532314240932,0.0002903926854337073,0.007057363296791036,,,,0.28642830366320293,0.21103401875288155,0.30165788934106175,0.023736157976311678,0.012619094570904755,0.36945057201429965,0.0573400152337916,0.007046880408157073,0.0723432716967696,1.4395356847016254,False
smooth_nonlinear,softplus,"16,8,4",3,3,0,False,0.0006696959608234465,0.0002903926854337073,0.000371103816749534,,,,0.13941426354705097,0.1660154365104015,0.7243655783314785,0.023776658791447077,0.0006645725637456042,0.10133237117326449,0.015240992505355948,0.0003704204387195953,0.008837572408727026,0.36289200663417115,False
smooth_nonlinear,softplus,"16,8,4",3,3,0,False,0.001239116652868688,0.0002903926854337073,0.00126212527642087,,,,0.2498417062556677,0.24397234906598228,0.0923189802422747,0.02356217589029056,0.002056980449287169,0.23379750204300392,0.023877904072146357,0.001132833450246041,0.018160176695458746,0.6301265207097414,False
smooth_nonlinear,softplus,"16,8,4",3,3,0,False,0.0003574294096324593,0.0002903926854337073,0.0003188095992543268,,,,0.11722418831520597,0.09018384508187359,0.14205814798873664,0.023637792152614398,0.0005721966831005066,0.15650701456086852,0.01068799862321506,0.00031459125149136666,0.0018648914897206534,0.09020461087957594,False
smooth_nonlinear,softplus,"16,8,4",3,3,0,False,0.0011675661662593484,0.0002903926854337073,0.0014349599835328298,,,,0.23803487191138592,0.17317991788125395,0.2350956472445149,0.023704121408581153,0.0024599341776314573,0.2275806602225749,0.018413037239594712,0.0014362562461006146,0.01712875523508802,0.6042958285856287,False
smooth_nonlinear,softplus,"16,8,4",3,3,0,False,0.0011150192003697157,0.0002903926854337073,0.000743092037462391,,,,0.18085459859342046,0.15872365634943753,0.13226645203133988,0.023770955991656517,0.00127797923806394,0.10521783718188575,0.016601674945088546,0.0007417842392691469,0.01635099110888611,0.5842966729738124,False
smooth_nonlinear,softplus,"16,8,4",3,3,0,False,0.0006052014650776982,0.0002903926854337073,0.0003008533651300267,,,,0.2060003671975373,0.16887733367989255,0.17850391680454117,0.023791857553917554,0.0005687836273510424,0.16205865911767306,0.009971339738062463,0.0002973283180703626,0.0075599306648364145,0.3189142977726932,False
smooth_nonlinear,softplus,"16,8,4",3,3,0,False,0.0007958805654197931,0.0002903926854337073,0.0005220841195750412,,,,0.13774057283864002,0.1252273557694004,0.5494321125464858,0.02369815858351066,0.0010126324649059565,0.1312912690584942,0.015013911427100424,0.0005209318502628835,0.011170443149841634,0.4378622268853159,False
smooth_nonlinear,softplus,"16,8,4",3,3,0,False,0.0008076026570051908,0.0002903926854337073,0.0005024240875775977,,,,0.21022261624671248,0.17595930530333068,0.22626141347930706,0.02374303742472906,0.0009684970195095064,0.11049483197592833,0.01632085742452348,0.0005307395704569032,0.011377438601884955,0.4442120661746273,False
smooth_nonlinear,softplus,"16,8,4",3,3,0,False,0.0009544956847093999,0.0002903926854337073,0.000645336767804097,,,,0.3558713813638876,0.31763294108982854,0.12817665812602547,0.02379492097953035,0.001356397423105974,0.1489428344844916,0.011283415624422517,0.0006507720766761927,0.013854001466565593,0.5167882963575592,False
smooth_nonlinear,softplus,"16,8,4",3,3,0,False,0.42107948660850525,0.0002903926854337073,0.4176633955059539,,,,0.6280876117932074,0.41622869784596955,0.4100291073299293,0.02375717365694338,0.3812081450003386,0.723602744629477,0.15315189800140805,0.41806024270662284,0.6318654652762768,3.1613784118356696,False
smooth_nonlinear,softplus,"16,8,4",3,3,0,False,0.0022027106024324894,0.0002903926854337073,0.0017890000269836573,,,,0.092534229369039,0.09661123679129903,0.12119146154145505,0.023738603217811634,0.0030059353455267218,0.13956896291679446,0.04748505092948923,0.001821004235551239,0.02989213171551046,0.879971769291294,False
