activation,p,case,case_label,budget,budget_multiplier,n_design_params,n_fullpr_features,shape_nn_fpr_mean,shape_nn_fpr_std,shape_nn_fpr_count,abs_rmse_gap_mean,abs_rmse_gap_std,abs_rmse_gap_count,full_fpr_mse_vs_nn_mean,full_fpr_mse_vs_nn_std,full_fpr_mse_vs_nn_count,random_mse_median_mean,random_mse_median_std,random_mse_median_count,dopt_mse_vs_nn_mean,dopt_mse_vs_nn_std,dopt_mse_vs_nn_count,dopt_shape_vs_nn_mean,dopt_shape_vs_nn_std,dopt_shape_vs_nn_count,dopt_gain_vs_random_median_pct_mean,dopt_gain_vs_random_median_pct_std,dopt_gain_vs_random_median_pct_count,dopt_shape_gain_vs_random_median_pct_mean,dopt_shape_gain_vs_random_median_pct_std,dopt_shape_gain_vs_random_median_pct_count,aopt_mse_vs_nn_mean,aopt_mse_vs_nn_std,aopt_mse_vs_nn_count,aopt_shape_vs_nn_mean,aopt_shape_vs_nn_std,aopt_shape_vs_nn_count,aopt_gain_vs_random_median_pct_mean,aopt_gain_vs_random_median_pct_std,aopt_gain_vs_random_median_pct_count,aopt_shape_gain_vs_random_median_pct_mean,aopt_shape_gain_vs_random_median_pct_std,aopt_shape_gain_vs_random_median_pct_count,iopt_mse_vs_nn_mean,iopt_mse_vs_nn_std,iopt_mse_vs_nn_count,iopt_shape_vs_nn_mean,iopt_shape_vs_nn_std,iopt_shape_vs_nn_count,iopt_gain_vs_random_median_pct_mean,iopt_gain_vs_random_median_pct_std,iopt_gain_vs_random_median_pct_count,iopt_shape_gain_vs_random_median_pct_mean,iopt_shape_gain_vs_random_median_pct_std,iopt_shape_gain_vs_random_median_pct_count,latin_mse_vs_nn_mean,latin_mse_vs_nn_std,latin_mse_vs_nn_count,latin_shape_vs_nn_mean,latin_shape_vs_nn_std,latin_shape_vs_nn_count,latin_gain_vs_random_median_pct_mean,latin_gain_vs_random_median_pct_std,latin_gain_vs_random_median_pct_count,latin_shape_gain_vs_random_median_pct_mean,latin_shape_gain_vs_random_median_pct_std,latin_shape_gain_vs_random_median_pct_count,shape_nn_fpr_se,shape_nn_fpr_ci95,abs_rmse_gap_se,abs_rmse_gap_ci95,full_fpr_mse_vs_nn_se,full_fpr_mse_vs_nn_ci95,random_mse_median_se,random_mse_median_ci95,dopt_mse_vs_nn_se,dopt_mse_vs_nn_ci95,dopt_shape_vs_nn_se,dopt_shape_vs_nn_ci95,dopt_gain_vs_random_median_pct_se,dopt_gain_vs_random_median_pct_ci95,dopt_shape_gain_vs_random_median_pct_se,dopt_shape_gain_vs_random_median_pct_ci95,aopt_mse_vs_nn_se,aopt_mse_vs_nn_ci95,aopt_shape_vs_nn_se,aopt_shape_vs_nn_ci95,aopt_gain_vs_random_median_pct_se,aopt_gain_vs_random_median_pct_ci95,aopt_shape_gain_vs_random_median_pct_se,aopt_shape_gain_vs_random_median_pct_ci95,iopt_mse_vs_nn_se,iopt_mse_vs_nn_ci95,iopt_shape_vs_nn_se,iopt_shape_vs_nn_ci95,iopt_gain_vs_random_median_pct_se,iopt_gain_vs_random_median_pct_ci95,iopt_shape_gain_vs_random_median_pct_se,iopt_shape_gain_vs_random_median_pct_ci95,latin_mse_vs_nn_se,latin_mse_vs_nn_ci95,latin_shape_vs_nn_se,latin_shape_vs_nn_ci95,latin_gain_vs_random_median_pct_se,latin_gain_vs_random_median_pct_ci95,latin_shape_gain_vs_random_median_pct_se,latin_shape_gain_vs_random_median_pct_ci95
identity,5,highdim_poly2,Quadratic,62.0,2.0,31,30,3.599399311267581e-14,2.1017507735130563e-14,6,5.0440159872951656e-09,4.889902889156585e-09,6,1.5107852081827693e-14,1.0365865184294583e-14,6,2.4031912418756398e-08,1.640073576281297e-08,6,5.230569234806898e-11,3.1297559425322723e-11,6,1.0421078585110456e-10,6.935660382501749e-11,6,99.77498573787712,0.05692439698290974,6,99.81609862033463,0.08635550333780305,6,1.0473109522600452e-10,8.010887716504861e-11,6,1.8425544998297429e-10,1.2437993181448048e-10,6,99.61644693459067,0.11215632343545495,6,99.69594466046959,0.08120149345027798,6,3.4826080760215404e-10,2.351729698916517e-10,6,7.495760328435022e-10,4.978509841479149e-10,6,98.65353298418334,0.4360770084726944,6,98.72716714586856,0.25415504404232364,6,8.360647320348037e-10,9.043016033056702e-10,6,1.5131853313901423e-09,1.2941996662369173e-09,6,96.68061453052117,1.9205942840306915,6,96.51903801732595,3.4293287954691802,6,8.58036160267807e-15,1.6817508741249018e-14,1.9962944950324807e-09,3.912737210263662e-09,4.2318467406671406e-15,8.294419611707595e-15,6.6955723375179366e-09,1.3123321781535156e-08,1.2777175131079165e-11,2.5043263256915165e-11,2.8314714943942815e-11,5.5496841290127914e-11,0.023239287753959188,0.045549003997760004,0.035254486609804514,0.06909879375521685,3.270431215361069e-11,6.410045182107696e-11,5.077789453127351e-11,9.952467328129608e-11,0.04578762730723658,0.0897437495221837,0.03315037088418856,0.06497472693300958,9.600896292157635e-11,1.8817756732628965e-10,2.0324681318413804e-10,3.9836375384091057e-10,0.178027693219573,0.3489342787103631,0.10375836224304645,0.20336638999637105,3.691795836132703e-10,7.235919838820098e-10,5.283548012601237e-10,1.0355754104698424e-09,0.7840793331301968,1.5367954929351857,1.4000176181887916,2.744034531650031
identity,5,highdim_poly2,Quadratic,93.0,3.0,31,30,3.599399311267581e-14,2.1017507735130563e-14,6,5.0440159872951656e-09,4.889902889156585e-09,6,1.5107852081827693e-14,1.0365865184294583e-14,6,8.197392545135424e-09,6.862407216307852e-09,6,1.7190362187938543e-11,1.234206548189295e-11,6,3.9763672875949314e-11,2.9965079792697137e-11,6,99.71722146655232,0.16132062945443662,6,99.74938090249883,0.1333903221665523,6,4.960478625822638e-11,4.1973178815759805e-11,6,7.666388700245143e-11,5.6469115222386176e-11,6,99.43418255741774,0.11392624470843328,6,99.58473679232138,0.05255284549362353,6,2.582405496528066e-10,1.81295527497457e-10,6,5.662618045938399e-10,4.1987356743005716e-10,6,96.65639062067333,0.8439592869383375,6,96.72281415883782,0.7858960936188985,6,6.728574512487986e-11,5.5051620673838037e-11,6,1.357254779352587e-10,1.0675263973338669e-10,6,99.0516921458805,0.32091380130618424,6,99.08361177344653,0.4653366986334295,6,8.58036160267807e-15,1.6817508741249018e-14,1.9962944950324807e-09,3.912737210263662e-09,4.2318467406671406e-15,8.294419611707595e-15,2.801566014524558e-09,5.491069388468134e-09,5.038627133775851e-12,9.875709182200668e-12,1.2233192598981854e-11,2.3977057494004435e-11,0.06585887119132806,0.129083387535003,0.054456370988918916,0.10673448713828107,1.7135478496867973e-11,3.3585537853861226e-11,2.305341975354606e-11,4.518470271695028e-11,0.04651019464118561,0.09115998149672379,0.021454609331783336,0.04205103429029534,7.40135891695811e-11,1.4506663477237895e-10,1.7141266611428437e-10,3.3596882558399734e-10,0.34454493611367715,0.6753080747828072,0.32084073670214336,0.628847843936201,2.247473002735944e-11,4.40504708536245e-11,4.3581582673659776e-11,8.541990204037316e-11,0.13101251076950954,0.2567845211082387,0.18997291170719544,0.37234690694610306
identity,5,highdim_poly2,Quadratic,124.0,4.0,31,30,3.599399311267581e-14,2.1017507735130563e-14,6,5.0440159872951656e-09,4.889902889156585e-09,6,1.5107852081827693e-14,1.0365865184294583e-14,6,2.5259928611874945e-09,2.112474982240455e-09,6,1.0031651917386621e-11,8.048602061152695e-12,6,2.36691033005681e-11,2.0320387333299498e-11,6,99.45940474676992,0.3466396991051975,6,99.4867113509074,0.3564317907711955,6,3.8411140430636837e-11,3.050129848668886e-11,6,5.0711855986145814e-11,3.7030018917255506e-11,6,98.64197264930509,0.569756988092414,6,99.14509035343696,0.21292536709047916,6,2.1530485583270231e-10,1.5274533746608428e-10,6,4.736557937773574e-10,3.4452962450948855e-10,6,90.98847533439755,1.960255032846161,6,91.2851205795858,1.3385563594954202,6,2.1214010241772396e-11,1.2790429357401227e-11,6,4.4360898366782725e-11,2.9063706353151426e-11,6,98.73763477605728,1.01282937849186,6,99.06083944368362,0.5074155402478648,6,8.58036160267807e-15,1.6817508741249018e-14,1.9962944950324807e-09,3.912737210263662e-09,4.2318467406671406e-15,8.294419611707595e-15,8.624143001473453e-10,1.6903320282887968e-09,3.2858280320895122e-12,6.440222942895444e-12,8.295763390383056e-12,1.625969624515079e-11,0.14151506456660476,0.2773695265505453,0.1455126692493139,0.28520483172865524,1.245210296411874e-11,2.440612180967273e-11,1.511744191881407e-11,2.9630186160875575e-11,0.2326023163685676,0.4559005400823925,0.0869264171110786,0.17037577753771405,6.235802289685476e-11,1.2222172487783532e-10,1.4065363022015535e-10,2.7568111523150446e-10,0.8002707660326289,1.5685307014239527,0.5464633454535374,1.071068157088933,5.221670919457858e-12,1.02344750021374e-11,1.1865208433217785e-11,2.3255808529106857e-11,0.41348586230087875,0.8104322901097223,0.2071515268609883,0.4060169926475371
identity,5,highdim_smooth,Smooth,62.0,2.0,31,30,1.0071391103884938e-13,4.8202110688585064e-14,6,1.8158129305723136e-08,1.5468113113966304e-08,6,4.4760194295529926e-14,1.0015975397716256e-14,6,6.119756995701478e-08,1.5701470501113056e-08,6,4.6256207605710435e-10,5.810664997815667e-10,6,3.903635106472274e-10,3.711912506016088e-10,6,99.26428722090789,0.9147733855594411,6,99.71794679892092,0.26443529399303417,6,3.4515524566892156e-10,3.1753255245083123e-10,6,4.067426345208042e-10,3.425075427875141e-10,6,99.44553533114656,0.4929805831166972,6,99.70237204167307,0.24100891036368685,6,2.122737424944262e-09,2.1106281908337164e-09,6,4.372207326572292e-09,4.059622220004338e-09,6,96.88380047788077,2.966596381286899,6,97.21023987096585,2.2925320792074064,6,2.162405027977468e-09,2.14340117291753e-09,6,2.6423661973805947e-09,2.113624181787096e-09,6,96.58183296329916,3.336266179531478,6,98.06974588317571,1.5047803510398332,6,1.9678429285364753e-14,3.8569721399314915e-14,6.314830735478405e-09,1.2377068241537673e-08,4.089004833445772e-15,8.014449473553713e-15,6.41009848984818e-09,1.2563793040102433e-08,2.3721940518164526e-10,4.649500341560247e-10,1.5153819349325016e-10,2.970148592467703e-10,0.3734546708164821,0.7319711548003048,0.10795525671096523,0.21159230315349184,1.2963212170467878e-10,2.540789585411704e-10,1.3982811881398104e-10,2.7406311287540283e-10,0.20125848028926996,0.39446662136696914,0.09839147564253356,0.19284729225936578,8.616603507127008e-10,1.6888542873968935e-09,1.6573338312458835e-09,3.2483743092419316e-09,1.211107901156659,2.3737714862670516,0.9359223021699892,1.8344077122531788,8.750398646218206e-10,1.7150781346587682e-09,8.628834588976633e-10,1.69125157943942e-09,1.3620249643261295,2.6695689300792136,0.6143240058356236,1.2040750514378222
identity,5,highdim_smooth,Smooth,93.0,3.0,31,30,1.0071391103884938e-13,4.8202110688585064e-14,6,1.8158129305723136e-08,1.5468113113966304e-08,6,4.4760194295529926e-14,1.0015975397716256e-14,6,1.6633260945097116e-08,6.5858590371360204e-09,6,1.7370121054293028e-10,2.1973332976144654e-10,6,1.6879658622522402e-10,1.5895508435595176e-10,6,98.59576929458824,1.9292631393581032,6,99.41585539139595,0.6407565617167766,6,1.3672950766718414e-10,5.888540709224308e-11,6,1.85982793246763e-10,9.315499265425546e-11,6,99.06372170954266,0.6206254529119742,6,99.39863759445312,0.4228719640159838,6,1.4748254473880066e-09,1.505532488266077e-09,6,3.0716978585179844e-09,2.964344301841539e-09,6,92.52068480699745,5.698336066091798,6,92.36354208410064,5.662628234249797,6,3.76657729629196e-10,2.506239017361313e-10,6,7.084593342280956e-10,4.885191907082973e-10,6,97.13587841539292,2.69364009366135,6,97.46376272972525,2.2924964388045597,6,1.9678429285364753e-14,3.8569721399314915e-14,6.314830735478405e-09,1.2377068241537673e-08,4.089004833445772e-15,8.014449473553713e-15,2.6886656931467634e-09,5.269784758567656e-09,8.970575623304283e-11,1.7582328221676396e-10,6.489314144885645e-11,1.2719055723975864e-10,0.7876183784978912,1.5437320218558668,0.26158777092437685,0.5127120310117786,2.4039866778676873e-11,4.711813888620667e-11,3.8030366499273514e-11,7.453951833857609e-11,0.2533692801696742,0.4966037891325614,0.17263675639462162,0.33836804253345837,6.146310645724319e-10,1.2046768865619665e-09,1.2101884935731018e-09,2.3719694474032793e-09,2.326335957470551,4.55961847664228,2.311758296164883,4.531046260483171,1.023167794331588e-10,2.0054088768899124e-10,1.9943712446545226e-10,3.9089676395228645e-10,1.0996739633621662,2.1553609681898456,0.9359077520364555,1.8343791939914527
identity,5,highdim_smooth,Smooth,124.0,4.0,31,30,1.0071391103884938e-13,4.8202110688585064e-14,6,1.8158129305723136e-08,1.5468113113966304e-08,6,4.4760194295529926e-14,1.0015975397716256e-14,6,6.034898876503502e-09,1.3449911095393027e-09,6,9.65580553566298e-11,1.220007874072864e-10,6,9.593389766920727e-11,1.0218086594050042e-10,6,98.04194333552137,2.6756470480764074,6,99.22452401148034,0.8772897743225053,6,8.574829045939582e-11,2.2604933819918325e-11,6,1.1118130152877671e-10,4.104050601812167e-11,6,98.53504154386432,0.4822678850210663,6,99.15754636872494,0.3765676790653692,6,1.0869617523235208e-09,1.0742944005221346e-09,6,2.328015558156845e-09,2.212464860747043e-09,6,83.47508004366601,13.849049229824947,6,83.91866980568012,13.74322795157328,6,5.1839871343040474e-11,2.255402995649804e-11,6,7.594029427195636e-11,3.206205632278614e-11,6,99.11355943877267,0.37517623830559954,6,99.43913020141065,0.21588218881120674,6,1.9678429285364753e-14,3.8569721399314915e-14,6.314830735478405e-09,1.2377068241537673e-08,4.089004833445772e-15,8.014449473553713e-15,5.490903211585147e-10,1.0762170294706888e-09,4.980661289426987e-11,9.762096127276893e-11,4.171516383832647e-11,8.176172112311988e-11,1.092328333261875,2.140963533193275,0.358152050608591,0.7019780191928384,9.228425588030418e-12,1.808771415253962e-11,1.6754716421670053e-11,3.2839244186473306e-11,0.19688503960547318,0.3858946776267274,0.15373311122238162,0.30131689799586797,4.3857885246806205e-10,8.596145508374016e-10,9.032349971113492e-10,1.7703405943382443e-09,5.653850672625914,11.081547318346791,5.61064931668497,10.996872660702541,9.20764417281108e-12,1.8046982578709717e-11,1.3089279682533533e-11,2.5654988177765725e-11,0.1531650579109239,0.30020351350541086,0.08813353452377205,0.1727417276665932
identity,5,highdim_strong,Strong nonlinear,62.0,2.0,31,30,9.039658561915263e-14,3.511087682654207e-14,6,3.17566767465971e-08,2.015807958496007e-08,6,3.938394202334356e-14,1.1252173106961345e-14,6,5.624749929864528e-08,2.5292038800728275e-08,6,3.184130850318581e-10,3.8937959677830665e-10,6,2.8792599697170514e-10,2.5537561138700114e-10,6,99.40356738977518,0.7364522449734134,6,99.75014689652052,0.21643314964859367,6,2.4704162859669086e-10,1.575939381718123e-10,6,2.950519664369036e-10,1.7562986216721032e-10,6,99.53171543118019,0.29084651374466697,6,99.73258681779237,0.15252733076196812,6,2.3978019538484763e-09,2.5208180491155613e-09,6,4.927383016118133e-09,4.76722364032425e-09,6,96.45340814300772,2.6152113463166646,6,96.54696694954093,2.0906263670662644,6,2.024010250935256e-09,1.5743704266409534e-09,6,2.5226595599053595e-09,1.5435940248226292e-09,6,96.2994932970626,2.5683011766787516,6,97.83112209562456,1.1962963071945418,6,1.4333955441123065e-14,2.8094552664601206e-14,8.229501529594446e-09,1.6129822998005114e-08,4.593680434920424e-15,9.00361365244403e-15,1.032543160274301e-08,2.02378459413763e-08,1.58963554726252e-10,3.115685672634539e-10,1.0425665677490706e-10,2.0434304727881782e-10,0.3006553700186701,0.5892845252365934,0.0883584633437478,0.1731825881537457,6.43374558461101e-11,1.261014134583758e-10,7.170059098416751e-11,1.4053315832896831e-10,0.11873759202363474,0.23272568036632407,0.062269022032589674,0.12204728318387575,1.0291196591218783e-09,2.0170745318788813e-09,1.946210901421289e-09,3.814573366785727e-09,1.0676555613354761,2.092604900217533,0.8534946403534791,1.672849495092819,6.42734035233032e-10,1.2597587090567426e-09,6.301696218040722e-10,1.2351324587359814e-09,1.0485045647754283,2.0550689469598393,0.48838592230040406,0.9572364077087919
identity,5,highdim_strong,Strong nonlinear,93.0,3.0,31,30,9.039658561915263e-14,3.511087682654207e-14,6,3.17566767465971e-08,2.015807958496007e-08,6,3.938394202334356e-14,1.1252173106961345e-14,6,1.5340655425660887e-08,9.099327138897698e-09,6,1.2370760803426567e-10,1.5498905973113872e-10,6,1.2822919055242266e-10,1.1739913846970359e-10,6,98.8654575886087,1.527522372668348,6,99.52556090785326,0.4806280818166349,6,1.0399910779884843e-10,3.6070347541071115e-11,6,1.4283058763965608e-10,4.246594314868994e-11,6,99.23395387292472,0.2595979764389629,6,99.50768413238698,0.20700853767513366,6,1.6805903223216117e-09,1.7775905156473009e-09,6,3.5155175110328774e-09,3.4517646191636898e-09,6,91.2495111433343,5.007149116686924,6,91.20464021689185,4.604202938419642,6,3.010703522855804e-10,1.7068762569114598e-10,6,5.476773976466591e-10,3.796052517699757e-10,6,97.40928144397515,2.1031891610487987,6,97.9058921234991,1.7309875568373314,6,1.4333955441123065e-14,2.8094552664601206e-14,8.229501529594446e-09,1.6129822998005114e-08,4.593680434920424e-15,9.00361365244403e-15,3.7147847488264194e-09,7.280978107699782e-09,6.327401867583893e-11,1.240170766046443e-10,4.792799758218683e-11,9.393887526108619e-11,0.623608397287157,1.2222724586828277,0.1962155927505669,0.3845825617911111,1.4725657720079688e-11,2.886228913135619e-11,1.7336648693388267e-11,3.3979831439041e-11,0.1059804300890848,0.20772164297460619,0.0845108816172975,0.1656413279699031,7.256982891577874e-10,1.4223686467492632e-09,1.4091770048572238e-09,2.7619869295201584e-09,2.0441600669850786,4.0065537312907535,1.879657978558514,3.6841296379746873,6.96829313917461e-11,1.3657854552782236e-10,1.5497319508619692e-10,3.03747462368946e-10,0.8586233795202984,1.6829018238597848,0.7066727108930595,1.3850785133503967
identity,5,highdim_strong,Strong nonlinear,124.0,4.0,31,30,9.039658561915263e-14,3.511087682654207e-14,6,3.17566767465971e-08,2.015807958496007e-08,6,3.938394202334356e-14,1.1252173106961345e-14,6,5.4878580073994295e-09,2.0865975498456045e-09,6,7.062931256147836e-11,8.970186021971414e-11,6,7.57614305393725e-11,7.674672294932005e-11,6,98.43272928451792,2.0966490375857805,6,99.27713175657156,0.8445253884672387,6,7.102735053748302e-11,2.9790804240825306e-11,6,9.123056386436295e-11,2.3028759598011198e-11,6,98.7126205732327,0.13629923622217283,6,99.22287344666653,0.275608305721082,6,1.204232686880165e-09,1.2055477015129714e-09,6,2.6148263322862533e-09,2.4182400899850627e-09,6,81.64714893405197,12.413597798363607,6,82.17855250555833,10.091792116934808,6,5.969287756326493e-11,4.099110248773097e-11,6,7.401031053239864e-11,3.859665832379677e-11,6,98.82567398971071,0.7999034792951264,6,99.39664088118701,0.24786940681079128,6,1.4333955441123065e-14,2.8094552664601206e-14,8.229501529594446e-09,1.6129822998005114e-08,4.593680434920424e-15,9.00361365244403e-15,8.518498826105534e-10,1.6696257699166846e-09,3.66206310861267e-11,7.177643692880833e-11,3.1331718442763635e-11,6.141016814781673e-11,0.8559533852970986,1.6776686351823134,0.34477604609508006,0.6757610503463569,1.2162044902860532e-11,2.3837608009606644e-11,9.40145173739135e-12,1.8426845405287044e-11,0.0556439301792323,0.1090621031512953,0.11251661964827346,0.22053257451061598,4.921627882153101e-10,9.646390649020078e-10,9.872423826675802e-10,1.9349950700284573e-09,5.0678300796879165,9.932946956188315,4.119956879455325,8.075115483732436,1.6734547514845173e-11,3.2799713129096535e-11,1.575701977830786e-11,3.088375876548341e-11,0.3265592279583314,0.6400560867983296,0.10119226158879735,0.19833683271404282
identity,10,highdim_poly2,Quadratic,172.0,2.0,86,85,1.8140466703625652e-14,9.513819028179164e-15,6,2.802102309444147e-09,3.5040022670357837e-09,6,1.22622810579932e-14,4.725746822714063e-15,6,2.2062669843059026e-09,9.910312793141595e-10,6,1.3176505377123279e-11,3.8124567800076624e-12,6,1.5645632597774317e-11,4.952305571226289e-12,6,99.3448308164168,0.15662731819793402,6,99.39746868375592,0.18052427836584603,6,2.6213214701081765e-11,1.0792099389232709e-11,6,3.153653768672088e-11,1.9046273213960846e-11,6,98.71531514043552,0.3747760359440511,6,98.84535500497708,0.5470277768943977,6,1.9881897581679032e-10,1.091716016311347e-10,6,2.6582860701582984e-10,1.579566843530321e-10,6,90.74663337590216,3.089259682920345,6,90.3103150174946,4.403004119247121,6,2.0485906619376858e-10,8.040018797415764e-11,6,2.9008409472990577e-10,1.7625986046243436e-10,6,88.49464169122514,6.485042166900131,6,87.21847170247158,8.934833675289296,6,3.884000354036715e-15,7.612640693911961e-15,1.4305029352988592e-09,2.803785753185764e-09,1.929278061538049e-15,3.781385000614575e-15,4.0458682557622075e-10,7.929901781293926e-10,1.5564289629054922e-12,3.050600767294765e-12,2.0217702833077973e-12,3.9626697552832825e-12,0.06394283489424607,0.1253279563927223,0.07369872803007918,0.1444495069389552,4.405856126170354e-12,8.635478007293894e-12,7.775608479307181e-12,1.5240192619442074e-11,0.15300167598098216,0.29988328492272504,0.22332315475338535,0.4377133833166353,4.456911973311262e-11,8.735547467690073e-11,6.448554635446538e-11,1.2639167085475213e-10,1.2611849843511664,2.471922569328286,1.797518904587984,3.523137052992449,3.28232392934231e-11,6.433354901510928e-11,7.195778671118787e-11,1.4103726195392823e-10,2.6475073782230445,5.189114461317167,3.6476305735158094,7.149355924090987
identity,10,highdim_poly2,Quadratic,258.0,3.0,86,85,1.8140466703625652e-14,9.513819028179164e-15,6,2.802102309444147e-09,3.5040022670357837e-09,6,1.22622810579932e-14,4.725746822714063e-15,6,4.3352294635864354e-10,2.2156766550669867e-10,6,3.926935004406624e-12,1.9085481693586053e-12,6,5.502385111304723e-12,3.1923079493539128e-12,6,98.96283455385384,0.4170045303450511,6,98.81791088745219,0.5659493823051823,6,8.179467169160883e-12,4.29748440144912e-12,6,9.937184092068221e-12,6.071985105255581e-12,6,98.05135761193405,0.6185172190200389,6,97.99439330460505,1.091954104062753,6,7.783486710159983e-11,4.73717081010992e-11,6,9.304584467182968e-11,5.0060650460481915e-11,6,80.63366577282301,8.427544721352822,6,80.46906309826166,8.298073842237095,6,4.567371989878425e-11,2.593286011177035e-11,6,7.98541499750808e-11,5.825478417593661e-11,6,89.20208829660267,3.478514066579761,6,84.68903757989898,7.829810634347821,6,3.884000354036715e-15,7.612640693911961e-15,1.4305029352988592e-09,2.803785753185764e-09,1.929278061538049e-15,3.781385000614575e-15,9.045462066517876e-11,1.7729105650375036e-10,7.79161527408586e-13,1.5271565937208285e-12,1.3032542629579351e-12,2.5543783553975527e-12,0.17024138662905322,0.3336731177929443,0.23104786781516995,0.4528538209177331,1.754440660186721e-12,3.438703693965973e-12,2.4788775389426307e-12,4.858599976327556e-12,0.2525085972873936,0.49491685068329144,0.4457883962486181,0.8737452566472914,1.933941884862688e-11,3.7905260943308685e-11,2.043717497000074e-11,4.005686294120145e-11,3.4405307253000426,6.7434402215880835,3.3876744602361937,6.639841942062939,1.0587045807468751e-11,2.075060978263875e-11,2.3782416051167425e-11,4.6613535460288154e-11,1.4200974210356876,2.7833909452299475,3.196506806128273,6.265153340011414
identity,10,highdim_poly2,Quadratic,344.0,4.0,86,85,1.8140466703625652e-14,9.513819028179164e-15,6,2.802102309444147e-09,3.5040022670357837e-09,6,1.22622810579932e-14,4.725746822714063e-15,6,1.1655690371772633e-10,6.33155382548821e-11,6,1.8656400673307996e-12,8.854481321721875e-13,6,2.3703067421696114e-12,1.2918427518668843e-12,6,98.10599949916191,0.8361136635705427,6,98.10771515154734,1.108098347518656,6,4.063774056153844e-12,2.291589356856555e-12,6,5.146464845382131e-12,3.266437389715012e-12,6,96.37157099215398,1.5790779478906123,6,96.27998971236575,2.542323199401682,6,3.883378017888566e-11,2.42578308558345e-11,6,4.5146858081169394e-11,2.447077403884823e-11,6,64.06562308238485,18.689691421607183,6,67.33651885876516,14.222423590598208,6,1.1541434214850949e-11,7.87910881411352e-12,6,1.8069119437137464e-11,1.3767717672206908e-11,6,88.69850883621507,6.112588802888457,6,86.80504585456794,7.292278715743176,6,3.884000354036715e-15,7.612640693911961e-15,1.4305029352988592e-09,2.803785753185764e-09,1.929278061538049e-15,3.781385000614575e-15,2.584846025235494e-11,5.066298209461568e-11,3.614826862537162e-13,7.085060650572838e-13,5.273925949977879e-13,1.0336894861956643e-12,0.3413419737861516,0.6690302686208571,0.452379256040323,0.8866633418390331,9.35537437381872e-13,1.833653377268469e-12,1.333517480258397e-12,2.613694261306458e-12,0.6446558727355275,1.2635255105616339,1.0378990999623554,2.0342822359262165,9.903217977255983e-12,1.9410307235421726e-11,9.990151667687271e-12,1.958069726866705e-11,7.630034572168259,14.954867761449787,5.806280117114635,11.380309029544685,3.2166327037405997e-12,6.3046000993315755e-12,5.620647203267587e-12,1.101646851840447e-11,2.4954539290877635,4.8910897010120165,2.9770603192881664,5.835038225804806
identity,10,highdim_smooth,Smooth,172.0,2.0,86,85,4.512969003723329e-14,8.95331024083657e-15,6,1.7518537012243634e-08,1.7405415703218293e-08,6,3.328979691140681e-14,8.389184692081337e-16,6,4.1078899437222955e-09,8.741654437591005e-10,6,3.5192343179113695e-11,2.2911623500243928e-12,6,4.112564006044306e-11,3.627870705544897e-12,6,99.11281881421422,0.17735151958507075,6,99.10316346729921,0.1767888740459788,6,9.979378710625092e-11,4.982826879917684e-11,6,1.0796069026859665e-10,6.319675786637922e-11,6,97.68144687076817,0.9051817348800012,6,97.8650769686112,1.0235495414964442,6,5.268112128942211e-10,1.4435406010530572e-10,6,6.053485028432744e-10,1.658949341538737e-10,6,87.06273221236394,3.1446222370893198,6,87.09725052101066,3.278811158825358,6,5.478497117806929e-10,3.344500541849966e-10,6,5.857309391605295e-10,3.8607935554619025e-10,6,86.22374125997658,9.367499899363299,6,86.89083276171887,10.803227039969578,6,3.655173599814128e-15,7.16414025563569e-15,7.105731205651745e-09,1.392723316307742e-08,3.4248703089278156e-16,6.712745805498519e-16,3.56876547997237e-10,6.994780340745845e-10,9.353631125726254e-13,1.833311700642346e-12,1.4810720135626329e-12,2.9029011465827605e-12,0.07240345468177346,0.14191077117627598,0.07217375560230205,0.14146056098051202,2.034230555403779e-11,3.987091888591407e-11,2.5799968361808007e-11,5.056793798914369e-11,0.3695388958238742,0.7242962358147935,0.4178623505209942,0.8190102070211486,5.89322982595088e-11,1.1550730458863724e-10,6.772632326493406e-11,1.3274359359927074e-10,1.2837866524463635,2.5162218387948725,1.3385690503442902,2.6235953386748085,1.3653866286657123e-10,2.676157792184796e-10,1.5761623688512213e-10,3.0892782429483935e-10,3.824265819835476,7.495561006877533,4.41039897056056,8.644381982298697
identity,10,highdim_smooth,Smooth,258.0,3.0,86,85,4.512969003723329e-14,8.95331024083657e-15,6,1.7518537012243634e-08,1.7405415703218293e-08,6,3.328979691140681e-14,8.389184692081337e-16,6,6.903672305544139e-10,1.4814035760174245e-10,6,1.0491518943389488e-11,1.5282189796815213e-12,6,1.1464096725270674e-11,1.261934799408313e-12,6,98.4232898980146,0.3873045360266684,6,98.54430703534418,0.16769072428277998,6,3.358061583733982e-11,2.1661079877077215e-11,6,3.4805194851485336e-11,2.2426927772614565e-11,6,95.19841752245382,3.046114834566829,6,95.8475763969966,2.606806640241715,6,2.1358836856767086e-10,4.9783940030108316e-11,6,2.360452967156965e-10,4.4730134262560416e-11,6,68.41963734914442,7.904232245293718,6,70.0157136627037,5.678580479705666,6,1.363840979443716e-10,1.1951969897448272e-10,6,2.0645085524787176e-10,2.1555926135818723e-10,6,81.16926891625731,15.242306678633273,6,73.64177700095057,30.340223517644944,6,3.655173599814128e-15,7.16414025563569e-15,7.105731205651745e-09,1.392723316307742e-08,3.4248703089278156e-16,6.712745805498519e-16,6.047804773961669e-11,1.1853697356964872e-10,6.238927859094101e-13,1.2228298603824438e-12,5.151827245353017e-13,1.0097581400891913e-12,0.15811641472178703,0.30990817285470257,0.06845945151509193,0.1341805249695802,8.843098829417959e-12,1.7332473705659198e-11,9.155754923526428e-12,1.79452796501118e-11,1.243571173768521,2.4373995005863014,1.0642243544485266,2.085879734719112,2.0324208409847198e-11,3.9835448483300504e-11,1.8261000844909357e-11,3.579156165602234e-11,3.2268893015705022,6.324703031078184,2.3182707731013013,4.543810715278551,4.8793712783088097e-11,9.563567705485267e-11,8.800169994313299e-11,1.7248333188854066e-10,6.222645644277956,12.196385462784795,12.386344383370043,24.277234991405283
identity,10,highdim_smooth,Smooth,344.0,4.0,86,85,4.512969003723329e-14,8.95331024083657e-15,6,1.7518537012243634e-08,1.7405415703218293e-08,6,3.328979691140681e-14,8.389184692081337e-16,6,1.913617360434495e-10,3.4941042170905827e-11,6,4.865272682950935e-12,5.724208528535116e-13,6,5.199976533738001e-12,1.1685388248597223e-12,6,97.42631354194934,0.27335044236605666,6,97.74033692121351,0.3888028872212858,6,1.5878905741151837e-11,9.679994561731871e-12,6,1.639264097405284e-11,1.0051255295239905e-11,6,92.0303405468626,4.712996053121394,6,93.44734419994836,3.6129617273543784,6,1.0625939434599776e-10,4.1166720597459876e-11,6,1.1013443021048017e-10,2.702192717632934e-11,6,43.72000895571414,21.473304291583833,6,51.73128980555819,11.52658902911501,6,2.802865212291589e-11,1.4996013094071143e-11,6,3.441810957990406e-11,1.841643457274355e-11,6,84.83341989976603,8.656820938496566,6,84.35665828724245,9.448521586328399,6,3.655173599814128e-15,7.16414025563569e-15,7.105731205651745e-09,1.392723316307742e-08,3.4248703089278156e-16,6.712745805498519e-16,1.426462073329805e-11,2.7958656637264176e-11,2.336898346033126e-13,4.580320758224927e-13,4.770539775896331e-13,9.35025796075681e-13,0.11159485079348336,0.2187259075552274,0.15872811403550408,0.311107103509588,3.9518412315265275e-12,7.745608813791993e-12,4.103407791297542e-12,8.042679270943183e-12,1.924072581649743,3.771182260033496,1.4749854487037906,2.8909714794594294,1.6806243307916494e-11,3.294023688351633e-11,1.1031655574775456e-11,2.1622044926559894e-11,8.766439767649434,17.18222194459289,4.705710266015722,9.223192121390815,6.12209670942825e-12,1.199930955047937e-11,7.518477930762138e-12,1.473621674429379e-11,3.534132348992997,6.926899404026274,3.857342785029476,7.560391858657773
identity,10,highdim_strong,Strong nonlinear,172.0,2.0,86,85,4.751751854364733e-14,1.0905721765752806e-14,6,4.436357182076763e-08,2.1075269369657343e-08,6,3.3563761874310094e-14,5.849105080440807e-15,6,4.68878207868079e-09,1.6221658167637553e-09,6,3.366148517599672e-11,7.313022380472355e-12,6,4.0566759991817076e-11,7.734447812252496e-12,6,99.24929111026069,0.16831485724781597,6,99.1948931180006,0.17955307019679112,6,8.426768700594788e-11,4.352675235521368e-11,6,9.046227669964438e-11,5.123113560273368e-11,6,98.2121960703385,0.8006210012383731,6,98.34368052446685,0.722667866986578,6,4.4211790073749756e-10,1.3058044690056357e-10,6,4.9157724114024e-10,1.3632407402099523e-10,6,89.49012086464118,5.241589486909101,6,89.7978754218277,4.345182154166426,6,6.452802228253085e-10,4.720741874933403e-10,6,8.498848433646403e-10,8.383360209882955e-10,6,86.53554989224699,9.36072213359183,6,84.45438130526861,13.536283860190734,6,4.452242267143125e-15,8.726394843600524e-15,8.603942691228026e-09,1.6863727674806933e-08,2.3878871498334556e-15,4.680258813673573e-15,6.622464215427192e-10,1.2980029862237296e-09,2.985528884951809e-12,5.851636614505546e-12,3.157575097034047e-12,6.188847190186732e-12,0.06871425273109003,0.13467993535293646,0.07330223395537798,0.14367237855254084,1.776972223845991e-11,3.482865558738142e-11,2.0915023528338374e-11,4.0993446115543216e-11,0.3268521550650322,0.640630223927463,0.29502792127043687,0.5782547256900562,5.330924421516232e-11,1.0448611866171815e-10,5.565407016814043e-11,1.0908197752955523e-10,2.1398699473439975,4.194145096794235,1.7739131861925292,3.476869844937357,1.9272348001627333e-10,3.777380208318957e-10,3.422492474027489e-10,6.708085249093878e-10,3.8214988085461092,7.490137664750374,5.526164745156448,10.831282900506638
identity,10,highdim_strong,Strong nonlinear,258.0,3.0,86,85,4.751751854364733e-14,1.0905721765752806e-14,6,4.436357182076763e-08,2.1075269369657343e-08,6,3.3563761874310094e-14,5.849105080440807e-15,6,8.386202829146714e-10,2.5301873110121867e-10,6,1.0501445676460671e-11,2.4824129542185797e-12,6,1.2124913200930811e-11,3.3390095946819138e-12,6,98.72265573616602,0.16149831195529046,6,98.73629547676951,0.2926330860479755,6,2.8313140085671862e-11,1.7450162396364327e-11,6,3.039733061104603e-11,1.820332973503475e-11,6,96.6796546604434,1.9603355534211016,6,97.07496420416165,1.6099944425203505,6,1.7738836708187146e-10,4.551715752912727e-11,6,2.017449668012121e-10,5.317185168980303e-11,6,77.33113204697794,8.778068248480581,6,77.30562046908148,9.681936184191299,6,1.4673901203733273e-10,1.1934511193158992e-10,6,2.2030421968548816e-10,2.017221780528615e-10,6,83.13797933483023,13.415129332022689,6,77.85741584503548,23.23494182819822,6,4.452242267143125e-15,8.726394843600524e-15,8.603942691228026e-09,1.6863727674806933e-08,2.3878871498334556e-15,4.680258813673573e-15,1.0329446442740838e-10,2.0245715027772042e-10,1.0134408447850831e-12,1.986344055778763e-12,1.3631449588713275e-12,2.671764119387802e-12,0.06593140976854699,0.12922556314635208,0.11946695711225053,0.23415523594001103,7.123998966632524e-12,1.3963037974599746e-11,7.431478245077942e-12,1.4565697360352767e-11,0.8003036384196955,1.5685951313026032,0.6572774788152533,1.2882638584778965,1.8582301748040562e-11,3.64213114261595e-11,2.1707317553160156e-11,4.25463424041939e-11,3.583631356017314,7.023917457793935,3.9526338955763154,7.747162435329578,4.872243792128997e-11,9.549597832572834e-11,8.23527343387277e-11,1.614113593039063e-10,5.476703616149888,10.73433908765378,9.485625280389229,18.591825549562888
identity,10,highdim_strong,Strong nonlinear,344.0,4.0,86,85,4.751751854364733e-14,1.0905721765752806e-14,6,4.436357182076763e-08,2.1075269369657343e-08,6,3.3563761874310094e-14,5.849105080440807e-15,6,2.1893960045624907e-10,5.3817866112424576e-11,6,4.957075120355211e-12,1.3128608923569043e-12,6,5.610751870655534e-12,1.8439297355805727e-12,6,97.72610611960833,0.26409367537814127,6,97.9641871762294,0.20327089064673262,6,1.3831057004659748e-11,7.735555714215169e-12,6,1.4571369762802735e-11,8.371548013111723e-12,6,94.09155668165192,2.5740830286807204,6,95.13786152018167,1.9153740230769285,6,8.485474759865402e-11,2.025293248496314e-11,6,8.932515096117856e-11,1.4231206173064659e-11,6,60.94227082326336,4.047585432812263,6,66.22564460401502,5.823235273360199,6,3.1691330509404266e-11,2.37568523728209e-11,6,3.6553692441245065e-11,2.6467273071960422e-11,6,85.20342216727776,10.394936995188582,6,85.96853133952789,10.210640023168969,6,4.452242267143125e-15,8.726394843600524e-15,8.603942691228026e-09,1.6863727674806933e-08,2.3878871498334556e-15,4.680258813673573e-15,2.19710518368104e-11,4.306326160014838e-11,5.359732149215679e-13,1.0505075012462731e-12,7.527811622862518e-13,1.4754510780810535e-12,0.10781579149544457,0.21131895133107134,0.08298499360759544,0.16265058747088706,3.15802739611631e-12,6.189733696387968e-12,3.4176701648890103e-12,6.69863352318246e-12,1.050864995970947,2.0596953921030563,0.7819481705200478,1.5326184142192938,8.26822506386624e-12,1.620572112517783e-11,5.809865591392422e-12,1.1387336559129148e-11,1.6524198334520417,3.2387428735660015,2.3773258453181674,4.659558656823608,9.6986943680065e-12,1.900944096129274e-11,1.0805218984868079e-11,2.1178229210341435e-11,4.243715257765304,8.317681905219995,4.168476334000631,8.170213614641236
identity,20,highdim_poly2,Quadratic,542.0,2.0,271,270,1.3264958996284838e-14,1.3573007278062381e-14,6,2.4488792706630256e-09,1.8126919741135654e-09,6,1.8711882683453906e-14,1.042923114679437e-14,6,7.753041944847095e-11,1.5335822508593086e-11,6,2.289416099944027e-12,2.573457169597537e-13,6,1.2222864163335275e-12,2.919820699021748e-13,6,97.00522366876142,0.28395793083965126,6,97.28896693126022,0.5870309942380578,6,2.7949507111792126e-12,8.077432647033891e-13,6,1.900401273827214e-12,9.32971249277396e-13,6,96.40098075420963,0.8761372945695632,6,95.8196916874886,1.9463478227006792,6,1.2606152765536927e-11,1.823308257883931e-12,6,9.45096370761485e-12,2.2867512544852876e-12,6,83.3443676237075,3.2632429307111246,6,78.9039063775377,5.555276307814355,6,2.756962323515169e-11,6.890848136810634e-12,6,1.7765521633072248e-11,3.757160852349785e-12,6,63.74156102304742,9.46994586804785,6,60.74135256417973,5.969381913175334,6,5.541157017722538e-15,1.0860667754736174e-14,7.400283995694282e-10,1.4504556631560792e-09,4.257715786531275e-15,8.345122941601299e-15,6.260823321990359e-12,1.2271213711101103e-11,1.0506094900701663e-13,2.059194600537526e-13,1.1920118088366303e-13,2.336343145319795e-13,0.11592533982894349,0.22721366606472923,0.23965439984698894,0.4697226237000983,3.2975980694885825e-13,6.463292216197622e-13,3.808839175694316e-13,7.465324784360859e-13,0.3576815527196582,0.7010558433305301,0.7945931712656144,1.557402615680604,7.443624792697593e-13,1.4589504593687282e-12,9.335622903597128e-13,1.8297820891050372e-12,1.332213347831103,2.6111381617489617,2.2679320557196117,4.445146829210438,2.8131769716990374e-12,5.513826864530114e-12,1.5338544949695503e-12,3.0063548101403186e-12,3.8660892114158583,7.577534854375082,2.436989961179734,4.776500323912279
identity,20,highdim_poly2,Quadratic,813.0,3.0,271,270,1.3264958996284838e-14,1.3573007278062381e-14,6,2.4488792706630256e-09,1.8126919741135654e-09,6,1.8711882683453906e-14,1.042923114679437e-14,6,1.180478881782878e-11,3.1676171964757305e-12,6,6.031687742980857e-13,1.7584118184148855e-13,6,4.994726019729226e-13,3.106757850075381e-13,6,94.90372480197487,0.29175059548456994,6,93.27714211420567,3.277825891402324,6,7.52010832846735e-13,2.601288928260357e-13,6,5.312551642811613e-13,3.4219274883994947e-13,6,93.69569294549409,1.4260070948342376,6,92.61025512914813,4.2745422692738835,6,2.9353462968240125e-12,5.798051015695307e-13,6,1.6867256899875265e-12,4.636552905617116e-13,6,74.45086410021956,5.122921668227123,6,75.7948909438244,6.600570622226781,6,5.802990541495309e-12,2.8340496575006442e-12,6,3.1398396626003315e-12,9.309443950306232e-13,6,51.45092287724679,16.14177350695805,6,55.562530940146424,11.066371055163751,6,5.541157017722538e-15,1.0860667754736174e-14,7.400283995694282e-10,1.4504556631560792e-09,4.257715786531275e-15,8.345122941601299e-15,1.2931743053051516e-12,2.5346216383980973e-12,7.178686187993298e-14,1.4070224928466864e-13,1.2683285811784608e-13,2.4859240191097833e-13,0.11910668184838973,0.23344909642284387,1.3381668166031868,2.622806960542246,1.0619717579648653e-13,2.081464645611136e-13,1.3969960472303943e-13,2.7381122525715727e-13,0.5821649586554173,1.1410433189646179,1.7450745739465847,3.420346164935306,2.367044415179874e-13,4.639407053752552e-13,1.8928647973634446e-13,3.7100150028323514e-13,2.0914240132340045,4.099191065938649,2.69467167261008,5.281556478315757,1.1569959277643345e-12,2.2677120184180954e-12,3.800564577881671e-13,7.449106572648075e-13,6.589851439270499,12.916108820970178,4.517827064909378,8.85494104722238
identity,20,highdim_poly2,Quadratic,1084.0,4.0,271,270,1.3264958996284838e-14,1.3573007278062381e-14,6,2.4488792706630256e-09,1.8126919741135654e-09,6,1.8711882683453906e-14,1.042923114679437e-14,6,3.9152006435571884e-12,1.2012914558945856e-12,6,2.548174199951316e-13,8.04798890110471e-14,6,1.7617159173733495e-13,1.1128476549632817e-13,6,93.49720366720241,0.4530390986854646,6,93.07351630508096,2.927545734039127,6,2.6792409205599254e-13,9.285348517582184e-14,6,1.864544066916281e-13,1.1177289938274479e-13,6,93.15392266826404,1.631192129748707,6,92.62976702031187,3.2692799607630176,6,7.107817432977312e-13,1.78265342428888e-13,6,5.173122590275307e-13,2.8557063753215087e-13,6,81.30936375121995,4.4095924250492775,6,79.43872729647501,7.554618357334625,6,1.7585735626663296e-12,1.0675369686883476e-12,6,1.3492022789290066e-12,1.5903267711752894e-12,6,57.01342558684135,15.482292229840526,6,49.93545656690312,45.75762650286535,6,5.541157017722538e-15,1.0860667754736174e-14,7.400283995694282e-10,1.4504556631560792e-09,4.257715786531275e-15,8.345122941601299e-15,4.904251832178098e-13,9.612333591069072e-13,3.2855777105481414e-14,6.439732312674357e-14,4.543181526854787e-14,8.904635792635382e-14,0.18495243755163027,0.3625067776011953,1.1951655411762487,2.3425244607054476,3.7907276586640916e-14,7.42982621098162e-14,4.563109509319493e-14,8.943694638266206e-14,0.6659313983880175,1.3052255408405142,1.3346779550292671,2.6159687918573633,7.277652129554868e-14,1.426419817392754e-13,1.1658372457917608e-13,2.285041001751851e-13,1.8002085691687677,3.5284087955707846,3.084160029488778,6.044953657798004,4.358201424739924e-13,8.542074792490251e-13,6.49248185611227e-13,1.272526443798005e-12,6.320619335294345,12.388413897176916,18.68047279547873,36.61372667913832
identity,20,highdim_smooth,Smooth,542.0,2.0,271,270,3.6667790348724676e-14,2.973937257002936e-14,6,1.2782738030107469e-08,6.927264005707835e-09,6,6.391051094526384e-14,4.061941866143663e-14,6,2.141316594433607e-10,6.52699478758131e-11,6,7.168974461105316e-12,4.6369651898367225e-12,6,4.5898530382849056e-12,3.1623023534118556e-12,6,96.89332982618674,1.0874422086308124,6,96.8934147721659,1.1558293245860656,6,7.97805431075963e-12,3.101312184935795e-12,6,5.184915499466771e-12,2.1145961979514655e-12,6,96.33972783202182,0.3432948386429232,6,96.21977247853361,0.6051502305316684,6,4.179311819411024e-11,1.6436554277167852e-11,6,2.6136925012808108e-11,9.481072999223235e-12,6,78.65489117245416,12.080155662682264,6,79.07307943102252,10.708036118629611,6,1.509892245440148e-10,5.612390541603368e-11,6,9.298296481966858e-11,3.6944502568590296e-11,6,29.860086562712173,12.845607772911231,6,30.422400968021222,19.908911187002516,6,1.2141048011182387e-14,2.379645410191748e-14,2.8280436879220758e-09,5.5429656283272684e-09,1.6582808228167443e-14,3.250230412720819e-14,2.6646344638966145e-11,5.222683549237364e-11,1.893033111691284e-12,3.710344898914917e-12,1.2910045297102409e-12,2.530368878232072e-12,0.4439464226517767,0.8701349883974823,0.47186534583026274,0.9248560778273149,1.266105397694786e-12,2.481566579481781e-12,8.632802828350703e-13,1.6920293543567377e-12,0.1401495310010411,0.2746930807620406,0.24705154708836624,0.48422103229319785,6.710195184770272e-12,1.3151982562149732e-11,3.8706318436959765e-12,7.586438413644114e-12,4.931702897827389,9.666137679741682,4.371537439655838,8.568213381725442,2.2912488440251297e-11,4.490847734289254e-11,1.5082530015664786e-11,2.956175883070298e-11,5.244197413260322,10.27862692999023,8.127778957090657,15.930446755897687
identity,20,highdim_smooth,Smooth,813.0,3.0,271,270,3.6667790348724676e-14,2.973937257002936e-14,6,1.2782738030107469e-08,6.927264005707835e-09,6,6.391051094526384e-14,4.061941866143663e-14,6,4.0978036511784316e-11,2.206173158033797e-11,6,1.6753495027134396e-12,8.990607919659802e-13,6,1.0122011895132132e-12,4.544172437065309e-13,6,95.80002969843584,0.8702010331746012,6,95.46949564070955,1.384145850497048,6,1.9659139836435434e-12,1.0354818150516575e-12,6,1.3481357119385763e-12,7.743983121194548e-13,6,95.09787082034268,0.7730764226387312,6,94.43053227751703,0.7579654315716762,6,8.043035592961518e-12,2.92096371959605e-12,6,4.858724917377507e-12,1.5123672140122537e-12,6,76.76091175104753,12.834331026535459,6,75.4992046676713,14.285540969271638,6,1.933181884696757e-11,1.5014798201233972e-11,6,8.711497762742158e-12,5.018438337299749e-12,6,53.6373753801617,27.37805451458071,6,51.94695402370696,53.29448582344178,6,1.2141048011182387e-14,2.379645410191748e-14,2.8280436879220758e-09,5.5429656283272684e-09,1.6582808228167443e-14,3.250230412720819e-14,9.006664202345595e-12,1.7653061836597367e-11,3.6704003134319826e-13,7.193984614326686e-13,1.8551506290049186e-13,3.63609523284964e-13,0.3552580841534183,0.6963058449406999,0.5650751772180697,1.1075473473474164,4.227336808012572e-13,8.285580143704641e-13,3.1614678706086846e-13,6.196477026393022e-13,0.3156071279401809,0.6185899707627546,0.309438091669841,0.6064986596728883,1.192478445032054e-12,2.3372577522628257e-12,6.174213296740979e-13,1.2101458061612318e-12,5.239593700830418,10.26960365362762,5.832047679056624,11.430813450950982,6.129765697313655e-12,1.2014340766734763e-11,2.048768872000934e-12,4.015586989121831e-12,11.177043951804023,21.907006145535885,21.757382728570693,42.64447014799856
identity,20,highdim_smooth,Smooth,1084.0,4.0,271,270,3.6667790348724676e-14,2.973937257002936e-14,6,1.2782738030107469e-08,6.927264005707835e-09,6,6.391051094526384e-14,4.061941866143663e-14,6,1.2929303867314457e-11,7.71473390544808e-12,6,7.643396898916985e-13,4.5004100299797683e-13,6,5.336235462134481e-13,3.370481363102903e-13,6,94.04276878774182,0.5104570946623977,6,93.23432598851075,0.9204196700415382,6,7.116461376635102e-13,3.2236758561787117e-13,6,4.852904733619324e-13,2.3329316297900933e-13,6,94.10359261273238,0.962770559669662,6,93.44231401390124,1.0777777406623317,6,1.7665012143472705e-12,4.839460326707624e-13,6,1.152421967345986e-12,3.6482058421392964e-13,6,83.93084277096476,6.0214410232821605,6,82.04736932919978,9.134590643849133,6,5.4028276223433464e-12,3.369422258062086e-12,6,3.014493093415219e-12,2.064061214266132e-12,6,51.362151837962045,31.67463486798909,6,52.96574337607421,42.452095202233906,6,1.2141048011182387e-14,2.379645410191748e-14,2.8280436879220758e-09,5.5429656283272684e-09,1.6582808228167443e-14,3.250230412720819e-14,3.1495269282827806e-12,6.17307277943425e-12,1.837284701125663e-13,3.6010780142062995e-13,1.375993254527071e-13,2.6969467788730594e-13,0.2083932362510742,0.40845074305210544,0.3757597568037709,0.736489123335391,1.3160601572945892e-13,2.579477908297395e-13,9.524153496308795e-14,1.8667340852765237e-13,0.39304943509407614,0.7703768927843893,0.44000092012540165,0.8624018034457872,1.9757014051460755e-13,3.872374754086308e-13,1.4893737983136455e-13,2.919172644694745e-13,2.4582430038839163,4.818156287612476,3.729181014438607,7.309194788299669,1.3755608767047358e-12,2.696099318341282e-12,8.426494621369137e-13,1.6515929457883509e-12,12.931115535923615,25.344986450410286,17.330995292921155,33.96875077412546
identity,20,highdim_strong,Strong nonlinear,542.0,2.0,271,270,4.604020116034473e-14,3.311943456116627e-14,6,3.332018412109209e-08,1.4603106522519242e-08,6,7.409411212784765e-14,3.646321681989021e-14,6,2.5880810998917253e-10,7.418066223232799e-11,6,8.019886324068089e-12,4.64297584208784e-12,6,4.817828069847486e-12,3.2709449023718986e-12,6,97.04958727706945,0.9375790214489572,6,97.11439728791505,1.0938533429012964,6,9.446780866066497e-12,3.3842759457135516e-12,6,5.969684963755496e-12,2.5607214216742327e-12,6,96.34733147669637,0.6299721178962119,6,96.14515593909407,1.0627155054102815,6,4.171286106075629e-11,1.2991162836987288e-11,6,2.7838505635893003e-11,8.554084393964575e-12,6,83.83714444163911,3.127510613378205,6,81.58094392488968,5.072222453067271,6,1.4393553271216125e-10,5.751200029386391e-11,6,8.581169582218522e-11,3.485722534850714e-11,6,44.21136953200794,18.371343493967498,6,43.741632137783064,20.551495228677354,6,1.352095254072591e-14,2.6501066979822785e-14,5.961693273280168e-09,1.168491881562913e-08,1.4886045931533357e-14,2.917665002580538e-14,3.028412854182515e-11,5.93568919419773e-11,1.8954869501973758e-12,3.715154422386856e-12,1.335357664594815e-12,2.6173010226058375e-12,0.3827650326813184,0.7502194640553841,0.4465637572576361,0.8752649642249667,1.3816248692955308e-12,2.70798474381924e-12,1.0454101427526984e-12,2.049003879795289e-12,0.25718504017102767,0.5040826787352142,0.4338517883331876,0.8503495051330477,5.303620019337729e-12,1.0395095237901949e-11,3.4921903303196475e-12,6.844693047426509e-12,1.27680086131924,2.5025296881857106,2.0707261453171353,4.058623244821585,2.347917580112713e-11,4.6019184570209175e-11,1.4230402658841673e-11,2.7891589211329676e-11,7.500069574936644,14.700136366875823,8.390112793583768,16.444621075424184
identity,20,highdim_strong,Strong nonlinear,813.0,3.0,271,270,4.604020116034473e-14,3.311943456116627e-14,6,3.332018412109209e-08,1.4603106522519242e-08,6,7.409411212784765e-14,3.646321681989021e-14,6,4.5553078166471e-11,1.7536327553031675e-11,6,1.8657399819480244e-12,8.003341664151995e-13,6,1.2883315649941964e-12,4.2906711301875873e-13,6,95.95455187040005,0.22728761807082362,6,94.95217342908222,1.5990994104318776,6,2.2522450731840835e-12,9.993048713682318e-13,6,1.5581835927221346e-12,8.235876476877665e-13,6,95.14516500636631,0.44405761109414943,6,94.23679510150855,2.354392274269823,6,9.421023350288117e-12,2.250779141968044e-12,6,5.434879251231444e-12,1.0397165155120873e-12,6,78.24961895307352,4.494783686279283,6,78.17452783905074,5.35238546199611,6,2.1322981620898372e-11,1.1669857857435525e-11,6,9.386703926692911e-12,3.1157302732313803e-12,6,55.13094853786645,10.581904811859468,6,61.38973793310632,18.400875383136427,6,1.352095254072591e-14,2.6501066979822785e-14,5.961693273280168e-09,1.168491881562913e-08,1.4886045931533357e-14,2.917665002580538e-14,7.15917574453952e-12,1.4031984459297459e-11,3.267350552388261e-13,6.404007082680991e-13,1.7516591538417338e-13,3.433251941529798e-13,0.09278978152101718,0.18186797178119365,0.6528296005905854,1.2795460171575472,4.079645053882912e-13,7.996104305610507e-13,3.3622824921568503e-13,6.590073684627427e-13,0.18128576059665344,0.3553200907694407,0.9611766210519819,1.8839061772618844,9.188767369201744e-13,1.800998404363542e-12,4.244624900248542e-13,8.319464804487142e-13,1.8349877559283778,3.5965760016196207,2.1851022147635457,4.282800340936549,4.764199520254333e-12,9.337831059698493e-12,1.271991557593216e-12,2.493103452882703e-12,4.3200445492929544,8.46728731661419,7.512125918204028,14.723766799679893
identity,20,highdim_strong,Strong nonlinear,1084.0,4.0,271,270,4.604020116034473e-14,3.311943456116627e-14,6,3.332018412109209e-08,1.4603106522519242e-08,6,7.409411212784765e-14,3.646321681989021e-14,6,1.4156813423615102e-11,6.553486304378559e-12,6,8.562765754734573e-13,4.0062949464903793e-13,6,6.045101157268021e-13,3.312598989579883e-13,6,93.86244775886053,0.7229842058549599,6,93.26613386039362,1.4737206283874884,6,8.325544908569754e-13,3.328518597204816e-13,6,5.939282131628496e-13,2.5089578263591245e-13,6,93.9354588959567,0.5539762361105355,6,93.06664384288656,1.5041906114130614,6,2.178514294698235e-12,5.256125523711172e-13,6,1.5188855913006866e-12,5.103184045978568e-13,6,83.1068613567318,3.9049059618068074,6,81.35875614685587,5.358278530808229,6,5.961124966387515e-12,3.736454354773968e-12,6,3.6041203159732966e-12,3.2396756067945598e-12,6,56.70657945070053,22.642512648391595,6,57.83020025723525,35.728290460077524,6,1.352095254072591e-14,2.6501066979822785e-14,5.961693273280168e-09,1.168491881562913e-08,1.4886045931533357e-14,2.917665002580538e-14,2.6754495803408863e-12,5.243881177468137e-12,1.635563062998711e-13,3.2057036034774736e-13,1.3523628744883074e-13,2.6506312339970826e-13,0.295157066072661,0.5785078495024156,0.6016439271605222,1.1792220972346235,1.3588620270860417e-13,2.6633695730886415e-13,1.0242777434570424e-13,2.007584377175803e-13,0.22615985134973146,0.44327330864547365,0.6140832456411752,1.2036031614567033,2.145804259518563e-13,4.205776348656383e-13,2.08336616269321e-13,4.0833976788786916e-13,1.594171183329776,3.124575519326361,2.187508050031679,4.287515778062091,1.5254011027327289e-12,2.9897861613561487e-12,1.3225920281313573e-12,2.5922803751374604e-12,9.243767080512265,18.11778347780404,14.586013501522997,28.588586462985074
identity,50,highdim_poly2,Quadratic,2852.0,2.0,1426,1425,7.554655373515913e-15,2.0795116460995935e-15,6,1.0034119785062856e-09,7.361417300704048e-10,6,2.859734727477498e-14,5.404582460515247e-15,6,1.2122293235095223e-12,1.9976415879979307e-13,6,2.751586764038585e-13,5.0943256940292326e-14,6,7.448917926360927e-14,9.558295536082496e-15,6,77.26837048088447,1.9787276392568853,6,76.13471022554184,1.7099312768829729,6,2.4593224615513853e-13,5.525293847370913e-14,6,6.531472019907855e-14,1.627055106249908e-14,6,79.83459671237593,1.6498369022155666,6,79.41638215467687,2.1129371120914,6,3.4373955364665764e-13,4.623391061197291e-14,6,8.952116115866934e-14,1.239564994706773e-14,6,71.51621942143997,0.9816970013770784,6,71.41761323205138,0.6661740564808784,6,1.4844885832090414e-12,1.4080226735637282e-13,6,3.7436195050338504e-13,3.954799623725687e-14,6,-24.647390863174703,20.38809816921005,6,-21.27791232903394,19.331883536208576,6,8.489570745198528e-16,1.6639558660589115e-15,3.005286028403533e-10,5.890360615670925e-10,2.206411550176328e-15,4.324566638345603e-15,8.155337632596719e-14,1.5984461759889568e-13,2.079749755653567e-14,4.076309521080991e-14,3.902157812354052e-15,7.648229312213942e-15,0.8078121760202189,1.5833118649996292,0.6980765205981642,1.3682299803724018,2.255691767499676e-14,4.421155864299365e-14,6.642424656170241e-15,1.3019152326093672e-14,0.6735430948737007,1.3201444659524533,0.8626029638689657,1.6907018091831727,1.8874914968797e-14,3.6994833338842116e-14,5.0605029000788754e-15,9.918585684154595e-15,0.40077612256569284,0.7855212002287579,0.27196441970969554,0.5330502626310032,5.748228494167499e-14,1.1266527848568298e-13,1.6145401855131407e-14,3.1644987636057554e-14,8.32340622338942,16.31387619784326,7.89220840510365,15.468728474003154
identity,50,highdim_poly2,Quadratic,4278.0,3.0,1426,1425,7.554655373515913e-15,2.0795116460995935e-15,6,1.0034119785062856e-09,7.361417300704048e-10,6,2.859734727477498e-14,5.404582460515247e-15,6,1.9209122479868115e-13,3.661332587203189e-14,6,7.637803857641795e-14,1.251153683294148e-14,6,2.1701458680516613e-14,5.122067436605943e-15,6,60.04551259407578,1.57453092449689,6,57.568768660535135,3.583268416114874,6,6.947395944622969e-14,1.3142124743957247e-14,6,2.0103119147432532e-14,5.447037961248498e-15,6,63.8154937014549,0.956847458722484,6,60.986649568850545,4.324948858383273,6,8.106676969822602e-14,1.1589781876056913e-14,6,2.0485762260792457e-14,2.0231300164790158e-15,6,57.40202934771856,3.154904945784055,6,59.05018947039415,4.811271635247459,6,1.9846243224561116e-13,4.8278716622923024e-14,6,5.07571881029541e-14,7.64524817064181e-15,6,-3.1020796945145634,14.832064005599525,6,-0.7795078492612696,9.633325787104342,6,8.489570745198528e-16,1.6639558660589115e-15,3.005286028403533e-10,5.890360615670925e-10,2.206411550176328e-15,4.324566638345603e-15,1.4947327695453347e-14,2.929676228308856e-14,5.1078135231240144e-15,1.0011314505323067e-14,2.0910752746349973e-15,4.0985075382845944e-15,0.6427995582083411,1.2598871340883486,1.4628632051520516,2.867211882098021,5.36524995978338e-15,1.0515889921175424e-14,2.223743935771465e-15,4.358538114112072e-15,0.39063133925814586,0.7656374249459659,1.7656529777786074,3.4606798364460705,4.731508637749298e-15,9.273756929988625e-15,8.259393706136853e-16,1.6188411664028231e-15,1.2879845506923269,2.524449719356961,1.9641934200470499,3.8498191032922175,1.9709703527097614e-14,3.863101891311132e-14,3.1211594958364956e-15,6.117472611839531e-15,6.055164774336603,11.868122957699741,3.9327887840667954,7.708266016770919
identity,50,highdim_poly2,Quadratic,5704.0,4.0,1426,1425,7.554655373515913e-15,2.0795116460995935e-15,6,1.0034119785062856e-09,7.361417300704048e-10,6,2.859734727477498e-14,5.404582460515247e-15,6,6.762972793910916e-14,1.1508079599452068e-14,6,4.274126369410825e-14,7.011483923593474e-15,6,1.0846036465467888e-14,2.4520838969937693e-15,6,36.74042256050806,0.732757441952174,6,39.7197534183383,4.303789485266146,6,3.991415869436531e-14,7.014240263127058e-15,6,1.1719127079821432e-14,2.3997249909608888e-15,6,41.03094999392092,0.750801542763783,6,34.53459897189083,5.467503915444074,6,4.340595511817554e-14,7.5168551810923e-15,6,1.198597256398912e-14,2.2428623387803464e-15,6,35.82907527186291,1.0447007893268223,6,32.471558771050496,8.08880403940189,6,6.913739301510823e-14,9.683692339584015e-15,6,1.9709569986126048e-14,2.47059107663405e-15,6,-2.907097092113369,8.365396203544876,6,-11.529782809675007,11.963113760464278,6,8.489570745198528e-16,1.6639558660589115e-15,3.005286028403533e-10,5.890360615670925e-10,2.206411550176328e-15,4.324566638345603e-15,4.698153822998365e-15,9.208381493076795e-15,2.8624263254218948e-15,5.610355597826914e-15,1.0010590590216736e-15,1.96207575568248e-15,0.2991469730016484,0.5863280670832308,1.757014699876253,3.4437488117574557,2.8635515963244184e-15,5.61256112879586e-15,9.79683625143192e-16,1.920179905280656e-15,0.30651344631094535,0.6007663547694528,2.232099126584521,4.374914288105661,3.068743277345363e-15,6.014736823596912e-15,9.156447155528581e-16,1.794663642483602e-15,0.42649731128892354,0.8359347301262902,3.3022404209830114,6.472391225126702,3.9533508430131805e-15,7.748567652305833e-15,1.0086145834711258e-15,1.9768845836034064e-15,3.4151586991500857,6.693711050334168,4.883920741334258,9.572484653015145
identity,50,highdim_smooth,Smooth,2852.0,2.0,1426,1425,2.7124983865803442e-14,6.7043084405087724e-15,6,2.7257781804827335e-08,1.6941547831739008e-08,6,1.373720024869872e-13,4.162997041296423e-14,6,7.236015941600663e-12,5.085467761748785e-12,6,1.2350166147285776e-12,1.1037937716053111e-13,6,3.410783682390204e-13,8.440820432515708e-14,6,76.38016459464708,11.437778986113308,6,74.90133955399766,9.913549037652054,6,1.0774758753727012e-12,1.7076940263637733e-13,6,2.8081902342649977e-13,9.177457406593583e-14,6,79.75952029033931,9.449167758102476,6,79.28695592562946,8.739912850545084,6,1.3783452344816278e-12,1.1780724258701284e-13,6,3.502678764515275e-13,8.636728726012332e-14,6,73.94517597712701,12.359331229675115,6,73.52506719788201,11.974785799673215,6,8.663124556716613e-12,9.497793502140602e-12,6,3.142672500537567e-12,3.941358310142321e-12,6,-21.215936472886288,78.60540078663472,6,-73.45758121603535,158.65246326273078,6,2.737022459580154e-15,5.364564020777102e-15,6.9163579401192156e-09,1.3556061562633662e-08,1.6995364253153844e-14,3.3310913936181536e-14,2.0761335199430297e-12,4.069221699088338e-12,4.50621920282528e-14,8.832189637537548e-14,3.445950511686983e-14,6.754063002906486e-14,4.669453717784255,9.15212928685714,4.047189447051125,7.932491316220205,6.971631668983615e-14,1.3664398071207887e-13,3.746681297046748e-14,7.343495342211626e-14,3.8576065835515894,7.560908903761115,3.5680544800381786,6.99338678087483,4.8094605390409595e-14,9.42654265652028e-14,3.525929737594672e-14,6.910822285685558e-14,5.0456758457915,9.88952465775134,4.888685831387534,9.581824229519565,3.8774579604276875e-12,7.599817602438268e-12,1.6090527922211427e-12,3.1537434727534395e-12,32.090520492370416,62.897420165046015,64.76959690489068,126.94840993358572
identity,50,highdim_smooth,Smooth,4278.0,3.0,1426,1425,2.7124983865803442e-14,6.7043084405087724e-15,6,2.7257781804827335e-08,1.6941547831739008e-08,6,1.373720024869872e-13,4.162997041296423e-14,6,8.20871371780917e-13,2.2276393714564745e-13,6,3.7194001740725356e-13,7.569949836066573e-14,6,1.1664961568288267e-13,4.3748164634238064e-14,6,53.832634849980614,3.7979947455076353,6,43.698411231871205,17.102271537576016,6,3.19717006857368e-13,7.574883788454489e-14,6,7.470232758047857e-14,2.2920459186311037e-14,6,60.663942758389446,1.7813033590764,6,63.58254066634252,8.285078462949608,6,3.798146852654796e-13,7.128467744343781e-14,6,1.0970477427590548e-13,3.652967204640128e-14,6,52.62750037391904,4.937100887650254,6,47.87198191712674,7.397610065024587,6,1.0902919666748433e-12,7.985490180744711e-13,6,2.458820680625877e-13,1.1385337296010137e-13,6,-36.55223803135505,88.01454263965907,6,-17.447749811637326,39.24764054496247,6,2.737022459580154e-15,5.364564020777102e-15,6.9163579401192156e-09,1.3556061562633662e-08,1.6995364253153844e-14,3.3310913936181536e-14,9.094299651671001e-14,1.782482731727516e-13,3.090419079471379e-14,6.057221395763902e-14,1.7860113422859322e-14,3.500582230880427e-14,1.5505248620442267,3.039028729606684,6.981973118264191,13.684667311797815,3.092433357098976e-14,6.061169379913992e-14,9.357238279458227e-15,1.8340187027738124e-14,0.7272140511404771,1.425339540235335,3.3823691188581475,6.629443472961969,2.9101847702551387e-14,5.703962149700071e-14,1.4913176164148887e-14,2.922982528173182e-14,2.015562997230837,3.9505034745724408,3.0200616625645544,5.919320858626526,3.2600627148049933e-13,6.389722921017787e-13,4.6480444874506e-14,9.110167195403175e-14,35.9317865685996,70.42630167445522,16.022782157221126,31.404653028153408
identity,50,highdim_smooth,Smooth,5704.0,4.0,1426,1425,2.7124983865803442e-14,6.7043084405087724e-15,6,2.7257781804827335e-08,1.6941547831739008e-08,6,1.373720024869872e-13,4.162997041296423e-14,6,2.844142301602645e-13,7.330080602686105e-14,6,2.0174553421933691e-13,5.084932142166099e-14,6,3.844693640657305e-14,4.499696916376959e-15,6,28.955314245358505,2.6438126866829963,6,45.143340922793186,13.135912772357276,6,1.890096426833061e-13,5.322087608145524e-14,6,5.2998743353887837e-14,2.2805198156033332e-14,6,33.94427667304009,3.475301660187316,6,26.847758397664503,29.933700416804122,6,2.0593541185153524e-13,5.607137864729432e-14,6,6.735779228637683e-14,3.281791408307983e-14,6,27.853892113179114,3.342460723977639,6,8.52911523917667,38.89032565981642,6,3.261800533567189e-13,1.2604635174646167e-13,6,9.607724555603684e-14,6.791540860680511e-14,6,-13.102984416609042,23.491045564523713,6,-29.523312765783704,79.69943403351776,6,2.737022459580154e-15,5.364564020777102e-15,6.9163579401192156e-09,1.3556061562633662e-08,1.6995364253153844e-14,3.3310913936181536e-14,2.992492875008925e-14,5.865286035017494e-14,2.075914854164059e-14,4.068793114161556e-14,1.8369935737164098e-15,3.600507404484163e-15,1.079332009645006,2.115490738904212,5.3627139329972815,10.510919308674671,2.17273316772432e-14,4.258557008739667e-14,9.31018316089025e-15,1.824795899534489e-14,1.4187859616176968,2.7808204847706857,12.220382022417708,23.951948763938706,2.289104447670986e-14,4.486644717435132e-14,1.3397857321007275e-14,2.6259800349174258e-14,1.3645538765064773,2.6745255979526954,15.87690896620296,31.118741573757802,5.1458207619699734e-14,1.0085808693461148e-13,2.7726349459882917e-14,5.434364494137052e-14,9.590179192925518,18.796751218134016,32.53715769512105,63.77282908243726
identity,50,highdim_strong,Strong nonlinear,2852.0,2.0,1426,1425,2.791251861880344e-14,5.534340424409221e-15,6,6.68497997374784e-08,3.342522002907534e-08,6,1.3350741755305103e-13,3.6087028260620685e-14,6,6.849068150704173e-12,4.530058653247148e-12,6,1.220744697679976e-12,1.8464173695433176e-13,6,3.349073593877135e-13,8.585459114261093e-14,6,75.93196755432866,11.607782317993852,6,74.35125843405213,9.869765670912452,6,1.054211610294403e-12,1.4394054510234443e-13,6,2.767246811261846e-13,8.033614519934671e-14,6,79.56806046861182,9.349648006203156,6,78.54352699974284,8.926854295275733,6,1.355764842767479e-12,1.365549714075663e-13,6,3.438463823497968e-13,8.165436236186193e-14,6,73.48648847424126,12.483661783396542,6,72.80960596343262,11.95529628456974,6,8.304672326514566e-12,8.73818561019657e-12,6,3.0074099560137896e-12,3.669967067609031e-12,6,-20.041512052911674,70.78769571729165,6,-75.65976734935818,154.9766696362128,6,2.259385017110115e-15,4.428394633535825e-15,1.3645788935248483e-08,2.6745746313087027e-08,1.4732467595319507e-14,2.887563648682623e-14,1.8493887008891777e-12,3.6248018537427882e-12,7.537967345988423e-14,1.4774415998137308e-13,3.504999006244483e-14,6.869798052239187e-14,4.738857287397647,9.288160283299389,4.029314962428931,7.897457326360704,5.876348146646869e-14,1.1517642367427863e-13,3.2797093940089973e-14,6.428230412257634e-14,3.816977814971304,7.481276517343756,3.6443730052663112,7.14297109032197,5.5748333631480636e-14,1.0926673391770205e-13,3.333525384314693e-14,6.533709753256799e-14,5.0964335818006985,9.989009820329368,4.88072927016457,9.566229369522558,3.5673493371186776e-12,6.992004700752608e-12,1.4982577814100635e-12,2.9365852515637246e-12,28.89895576246044,56.64195329442246,63.26896044076675,124.00716246390282
identity,50,highdim_strong,Strong nonlinear,4278.0,3.0,1426,1425,2.791251861880344e-14,5.534340424409221e-15,6,6.68497997374784e-08,3.342522002907534e-08,6,1.3350741755305103e-13,3.6087028260620685e-14,6,7.828383734918406e-13,1.8929868204868497e-13,6,3.6249887347989894e-13,6.963933925133088e-14,6,1.0935995390259591e-13,4.2769814574362455e-14,6,53.13166186357383,2.903057474042672,6,46.46922161801475,15.726429711561337,6,3.1281371324530723e-13,6.571508471481139e-14,6,7.386529663420261e-14,1.9416251959805732e-14,6,59.730588616594225,1.6484609504817176,6,62.77387238948992,9.258490669448072,6,3.7038026545823605e-13,6.671272928015025e-14,6,1.0691769609416356e-13,3.291622742564084e-14,6,51.93796440201464,4.049119435361297,6,48.06197261733601,6.24205396082448,6,1.0473596536693402e-12,7.250542664962206e-13,6,2.4067912001412846e-13,9.356941259013282e-14,6,-37.5992773012763,88.21942670731794,6,-19.326580624418416,37.69539589888156,6,2.259385017110115e-15,4.428394633535825e-15,1.3645788935248483e-08,2.6745746313087027e-08,1.4732467595319507e-14,2.887563648682623e-14,7.7280863333438e-14,1.5147049213353847e-13,2.843014119838883e-14,5.57230767488421e-14,1.7460703683439886e-14,3.422297921954218e-14,1.1851682508962613,2.322929771756672,6.420288044845019,12.583764567896235,2.6828070992509688e-14,5.258301914531899e-14,7.926651669806321e-15,1.553623727282039e-14,0.672981364930596,1.3190434752639681,3.7797629880778025,7.408335456632493,2.723535768079984e-14,5.338130105436769e-14,1.3437993575037599e-14,2.6338467407073693e-14,1.6530460873702522,3.239970331245694,2.548307858489779,4.994683402639967,2.9600216479061224e-13,5.801642429895999e-13,3.819955272962959e-14,7.4871123350074e-14,36.01543013896461,70.59024307237064,15.38908093407691,30.162598630790743
identity,50,highdim_strong,Strong nonlinear,5704.0,4.0,1426,1425,2.791251861880344e-14,5.534340424409221e-15,6,6.68497997374784e-08,3.342522002907534e-08,6,1.3350741755305103e-13,3.6087028260620685e-14,6,2.775687029721714e-13,6.457315691036749e-14,6,1.9715936156747574e-13,4.3988343029300666e-14,6,3.8618766679431223e-14,5.118710766113353e-15,6,28.787852829324304,1.9177411486477203,6,44.420468507731975,12.34240627383865,6,1.8400347935983403e-13,4.599360025046984e-14,6,5.1255229864850956e-14,1.8806258644954642e-14,6,33.9389830305585,2.1435555848546137,6,27.996545047020792,24.868932219268302,6,2.016947694267828e-13,4.9196411494333e-14,6,6.476314765152088e-14,2.902147632258199e-14,6,27.484597804694403,2.0742826312079905,6,10.497782876134552,35.4899501554153,6,3.1767510615410356e-13,1.0859572734870884e-13,6,9.428652834924648e-14,5.959354479736246e-14,6,-13.733257950120878,23.528085029167404,6,-29.12987378011809,73.26677605899489,6,2.259385017110115e-15,4.428394633535825e-15,1.3645788935248483e-08,2.6745746313087027e-08,1.4732467595319507e-14,2.887563648682623e-14,2.6361880918512315e-14,5.166928660028414e-14,1.7958165842049983e-14,3.5198005050417966e-14,2.089704919644747e-15,4.095821642503704e-15,0.7829145454876368,1.534512509155768,5.038766261505087,9.87598187254997,1.8776808674532617e-14,3.6802545002083925e-14,7.677622941823978e-15,1.5048140965974996e-14,0.8751029030311622,1.715201689941078,10.152699064177968,19.899290165788816,2.008435088951819e-14,3.936532774345565e-14,1.1847968095431577e-14,2.322201746704589e-14,0.8468223381295459,1.6597717827339098,14.488711479596008,28.397874500008175,4.433402004179016e-14,8.689467928190871e-14,2.4328962786204864e-14,4.7684767060961535e-14,9.605300491046002,18.826388962450164,29.911036073883356,58.62563070481138
tanh,5,highdim_poly2,Quadratic,62.0,2.0,31,30,0.001115285135732112,0.0006136453347030644,6,0.0036815226120607233,0.0016983758717284262,6,0.0004395433311756274,0.00020556827885358873,6,0.0010939551623558635,0.0004992076429895893,6,0.0012337634380193252,0.0005970435228895302,6,0.001996529948521472,0.000906972636351222,6,-12.48911712496358,25.74249818249401,6,23.589573371027768,5.575431778689227,6,0.0011763366553116238,0.0005098167218207407,6,0.002180635559805127,0.0009778078835122877,6,-9.596920507164441,29.788301624508946,6,14.613702123503122,20.157038362864824,6,0.0012433745275963325,0.0004966751391102124,6,0.0025652287106885333,0.0009471755125424754,6,-19.997374504524394,30.29290964050805,6,-4.489861394758717,32.05992426062712,6,0.0011212575254952704,0.0004802505560713912,6,0.002290899993235902,0.0010476375941132561,6,-12.372883881824203,53.292631659634814,6,8.636804263778565,22.340318501201537,6,0.0002505196588436511,0.0004910185313335562,0.0006933590461982032,0.0013589837305484783,8.39228984155763e-05,0.00016448888089452954,0.0002038006668369943,0.00039944930700050885,0.00024374199755217298,0.00047773431520225905,0.0003702700282878893,0.000725729255444263,10.509330875272282,20.59828851553367,2.2761604922477723,4.461274564805634,0.00020813180513320822,0.0004079383380610881,0.0003991883968459796,0.00078240925781812,12.161023214027692,23.835605499494275,8.22907645245407,16.128989846809976,0.00020276677645764558,0.0003974228818569853,0.0003866827837646989,0.0007578982561788097,12.367028573913688,24.239376004870827,13.08840927180195,25.65328217273182,0.00019606146851046505,0.00038428047828051147,0.00042769625682241124,0.000838284663371926,21.75662576936626,42.642986507957865,9.12039683653374,17.87597779960613
tanh,5,highdim_poly2,Quadratic,93.0,3.0,31,30,0.001115285135732112,0.0006136453347030644,6,0.0036815226120607233,0.0016983758717284262,6,0.0004395433311756274,0.00020556827885358873,6,0.0008512107689937378,0.000396588751276169,6,0.0011173564335801474,0.0005602638134845005,6,0.0017819786412270784,0.0009117356124283987,6,-28.40034228084198,13.327844346966039,6,14.349939931300568,12.377891971876078,6,0.0008594842598659691,0.0002768861415253729,6,0.0018450837325954272,0.0007350835049584368,6,-8.12822806304096,24.0361634975305,6,7.845952908840663,24.41922442924214,6,0.0010714462333162068,0.0004463917585696019,6,0.0023318591534992887,0.0009292807060778637,6,-32.36083051272923,36.81401275831914,6,-18.864788375334843,40.52328629944168,6,0.0007864808721996151,0.00033550963571778907,6,0.0017390159352920376,0.0007801096954164789,6,4.503404930959278,12.989196866241246,6,14.82500078895499,17.39388183330326,6,0.0002505196588436511,0.0004910185313335562,0.0006933590461982032,0.0013589837305484783,8.39228984155763e-05,0.00016448888089452954,0.00016190667972569418,0.00031733709226236057,0.00022872674406381198,0.0004483044183650715,0.000372214505128917,0.0007295404300526773,5.441069670217346,10.664496553625998,5.053253237064784,9.904376344646975,0.00011303829393086874,0.00022155505610450273,0.0003000965842474664,0.0005881893051250341,9.812722657176733,19.232936408066397,9.969106627691506,19.53944899027535,0.00018223867231319748,0.00035718779773386705,0.0003793772596173394,0.0007435794288499852,15.029257773698632,29.457345236449317,16.54356235572475,32.42538221722051,0.00013697123521594083,0.00026846362102324404,0.0003184784495280624,0.0006242177610750023,5.302817415141556,10.393522133677449,7.101022522976501,13.918004145033942
tanh,5,highdim_poly2,Quadratic,124.0,4.0,31,30,0.001115285135732112,0.0006136453347030644,6,0.0036815226120607233,0.0016983758717284262,6,0.0004395433311756274,0.00020556827885358873,6,0.0007328268725646543,0.000347206711286124,6,0.0009799816679683636,0.0004885044957845889,6,0.0016577865535269659,0.0008777115991916669,6,-32.05345122812643,27.472238913355046,6,11.385742356424918,9.503625369050761,6,0.0008336935568906714,0.0002815449806531062,6,0.0017337967141774246,0.0007531798685288626,6,-23.604144463190355,29.379561987592066,6,3.959052561334401,9.725873730550303,6,0.0009912731738261921,0.0003956421073821418,6,0.0022321683469087,0.0010045154725261394,6,-42.76160164015343,37.54398427532377,6,-24.123366307304412,28.335227246786314,6,0.0006461135820201295,0.0003537983661574906,6,0.001525381070143898,0.0007438013320438052,6,11.837209506254533,11.04969178332335,6,17.811432215650306,4.767420789732135,6,0.0002505196588436511,0.0004910185313335562,0.0006933590461982032,0.0013589837305484783,8.39228984155763e-05,0.00016448888089452954,0.0001417465463201402,0.00027782323078747476,0.00019943112528796983,0.00039088500556442083,0.00035832425989030137,0.0007023155493849906,11.215494571592012,21.982369360320344,3.8798388101239727,7.604484067842987,0.000114940257040312,0.00022528290379901153,0.0003074843937387053,0.0006026694117278623,11.994155956011555,23.50854567378265,3.9705713237645552,7.7823197945785285,0.00016152021397427952,0.00031657961938958784,0.000410091724403296,0.0008037797798304601,15.327267397603087,30.04144409930205,11.567808083405586,22.67290384347495,0.0001444375781527034,0.00028309765317929863,0.0003036556222516276,0.0005951650196131901,4.511017780694352,8.841594850160929,1.946291387330024,3.814731119166847
tanh,5,highdim_smooth,Smooth,62.0,2.0,31,30,0.0003867470150645918,0.00023309350212991938,6,0.0014426545403615904,0.0007838215892550878,6,0.00016221275212188483,6.575876982138656e-05,6,0.00043064767941442954,0.00014020538518707325,6,0.0006170193150207443,0.00027612609160159894,6,0.0009126095786804964,0.00030904016073246316,6,-41.125157316946314,31.074890035237082,6,0.4826447611954261,16.569027904028594,6,0.0005697993166910081,0.000312403773792043,6,0.0008915996552891036,0.0003046815047350808,6,-26.339378482173256,33.072380016599325,6,2.9195605651921,18.408941414467357,6,0.0009016697139394018,0.0003176879799547641,6,0.0016984642172926205,0.00048650820868743156,6,-116.05103230306997,73.22107859607443,6,-92.79804760556164,66.31668455411076,6,0.0005299751708250443,0.00037379027360273534,6,0.0007621147515075136,0.00029149879374007096,6,-16.39936755211107,55.50780692703706,6,17.480751346572443,21.707377991587986,6,9.516002376277441e-05,0.00018651364657503784,0.00031999382384205786,0.0006271878947304334,2.684590536258773e-05,5.261797451067195e-05,5.7238608816450084e-05,0.00011218767328024216,0.00011272800484882082,0.0002209468895036888,0.00012616511730370554,0.00024728362991526285,12.686270733238072,24.86509063714662,6.764277316467718,13.257983540276726,0.00012753830658506095,0.00024997508090671947,0.00012438570344405411,0.00024379597875034606,13.501742603347902,26.463415502561887,7.515418861705707,14.730220968943186,0.00012969557471745043,0.00025420332644620285,0.00019861614449328025,0.0003892876432068293,29.89238016276754,58.589065119024376,27.073673098446992,53.0643992729561,0.00015259924019033635,0.00029909451077305923,0.0001190038842166622,0.0002332476130646579,22.660967285361053,44.41549587930766,8.86199995551868,17.369519912816614
tanh,5,highdim_smooth,Smooth,93.0,3.0,31,30,0.0003867470150645918,0.00023309350212991938,6,0.0014426545403615904,0.0007838215892550878,6,0.00016221275212188483,6.575876982138656e-05,6,0.0003280322215025424,0.0001149662575897698,6,0.0006546015933834628,0.0003771470803188092,6,0.000818953507897055,0.0002912253639546668,6,-88.95661272268994,48.92940930213835,6,-13.71968456847018,13.400062831614443,6,0.00037813012754407444,0.00015452872781366615,6,0.0007384434053317396,0.0002984431440432487,6,-14.159690666528823,16.242963321337854,6,-2.006084508288122,22.071952559699653,6,0.0006960666787897951,0.00016964332155210344,6,0.0013044497731614397,0.00022749227621374684,6,-121.31251427352338,46.188748198679164,6,-90.12315602320281,39.97892370811478,6,0.00029267919910300183,0.00011393781421466466,6,0.000635779719356918,0.00028279357990809603,6,10.394111782378786,17.143467344697815,6,12.856846424960507,21.484066505543577,6,9.516002376277441e-05,0.00018651364657503784,0.00031999382384205786,0.0006271878947304334,2.684590536258773e-05,5.261797451067195e-05,4.693477812205164e-05,9.19921651192212e-05,0.0001539696507935911,0.0003017805155554386,0.00011889225697420904,0.0002330288236694497,19.975347701004623,39.15168149396906,5.470552743114949,10.722283376505299,6.308608895748481e-05,0.00012364873435667022,0.00012183890335631672,0.00023880425057838076,6.63116200800341,12.997077535686683,9.01083689969687,17.661240323405863,6.925659601225764e-05,0.00013574292818402498,9.287333285799509e-05,0.00018203173240167038,18.8564774907766,36.95869588192214,16.32132725842306,31.9898014265092,4.651491787232608e-05,9.116923902975911e-05,0.00011544999555163606,0.00022628199128120667,6.998791236095944,13.71763082274805,8.770833423100106,17.190833509276207
tanh,5,highdim_smooth,Smooth,124.0,4.0,31,30,0.0003867470150645918,0.00023309350212991938,6,0.0014426545403615904,0.0007838215892550878,6,0.00016221275212188483,6.575876982138656e-05,6,0.00028718770194923946,0.00011173863093273602,6,0.00047078741133716194,0.0001610422806674617,6,0.0007238550485960804,0.0002477608597450871,6,-68.25685525936801,39.54553572710163,6,-13.161897539796561,21.201879591162466,6,0.00035254636502470233,0.00013994349235306894,6,0.0006931748226871133,0.0002607175283393961,6,-23.155209571251106,17.37314977332529,6,-5.6663055610124955,6.832520427329494,6,0.000571492634557528,0.00013013669942218525,6,0.001143284414286251,0.00016926286986217382,6,-111.59170669900796,46.292550331055104,6,-86.74104205000793,43.42344829809349,6,0.00025754757306997977,8.632916523239169e-05,6,0.0005353209171933701,0.00027948585817038474,6,7.879266098408421,16.426033318284343,6,21.198868886919943,13.329370520035804,6,9.516002376277441e-05,0.00018651364657503784,0.00031999382384205786,0.0006271878947304334,2.684590536258773e-05,5.261797451067195e-05,4.561710505706201e-05,8.940952591184154e-05,6.574523577489287e-05,0.00012886066211879004,0.00010114794743478876,0.00019824997697218596,16.14439735606686,31.643018817891047,8.655631097712744,16.96503695151698,5.7131691514683086e-05,0.00011197811536877885,0.00010643748523852223,0.00020861747106750355,7.0925586949327,13.901415042068091,2.789364784016689,5.46715497667271,5.312808506571672e-05,0.00010413104672880477,6.910127726023979e-05,0.00013543850343007,18.898854533865585,37.041754886376545,17.72754853374261,34.74599512613551,3.5243734123296266e-05,6.907771888166068e-05,0.00011409962380688526,0.00022363526266149512,6.705900021292039,13.143564041732397,5.44169272776403,10.6657177464175
tanh,5,highdim_strong,Strong nonlinear,62.0,2.0,31,30,0.0014183846413673854,0.0006661279519219501,5,0.00954483684318425,0.002565025278915897,5,0.0007578422488439917,0.00035784116701706524,5,0.003230536931690596,0.0009449857750333103,5,0.006494617123610838,0.006093389964689241,5,0.006859374561922546,0.0026650187105028574,5,-89.73935826888253,133.9280835925789,5,-6.3420811434598505,35.13359141665575,5,0.006349214169525911,0.003150768018452423,5,0.008474669655078359,0.0030635530144821955,5,-93.11554644144672,70.63625809010856,5,-29.24020748270244,37.49123341289003,5,0.008438896301007127,0.0029715086836473266,5,0.015594225696585601,0.005159956308909892,5,-174.29072661807044,92.94416024174132,5,-143.1442691774918,74.21413413496022,5,0.0024656234050084162,0.0016349147094562387,5,0.004559478465693793,0.0024776208285249308,5,19.10559955017385,47.441561676519065,5,25.48909228518777,44.48905665620654,5,0.00029790147644203843,0.0005838868938263953,0.0011471141775322607,0.002248343787963231,0.0001600314349196027,0.0003136616124424213,0.00042261048614896106,0.0008283165528519637,0.002725046834892037,0.005341091796388393,0.0011918325995986443,0.0023359918952133426,59.89445980185613,117.39314121163801,15.712219740269077,30.79595069092739,0.001409066294118386,0.0027617699364720365,0.0013700625586113174,0.002685322614878182,31.589494953140438,61.91541010815526,16.76658929430671,32.86251501684115,0.001328899082473268,0.002604642201647605,0.0023076026135302845,0.004522901122519358,41.56589208243337,81.4691484815694,33.18956976341172,65.05155673628697,0.0007311560855516935,0.0014330659276813192,0.001108025719010219,0.0021717304092600293,21.2165113734891,41.58436229203864,19.896110987623462,38.996377535741985
tanh,5,highdim_strong,Strong nonlinear,93.0,3.0,31,30,0.0014183846413673854,0.0006661279519219501,5,0.00954483684318425,0.002565025278915897,5,0.0007578422488439917,0.00035784116701706524,5,0.001770967157035811,0.0006034322871267279,5,0.004838486441209943,0.0049081024997038696,5,0.005251492149764893,0.002146315774173808,5,-145.2167937536964,166.3367837536415,5,-44.600847381510874,25.51098127513613,5,0.004910075730010283,0.00205558978450456,5,0.00700302596713855,0.002193155990936916,5,-172.28538113701057,56.08263595561498,5,-95.40812286615899,39.68203065044001,5,0.005971733828052524,0.0007240178693854707,5,0.010927340001623573,0.0007399829697714199,5,-274.10627189548785,136.42311227349893,5,-224.86594117647127,94.66885950918348,5,0.0017208074200735282,0.0006631604759434063,5,0.0035860378668955708,0.0016891514949003506,5,-5.5439424316046715,46.11916269568285,5,-4.129415375735058,57.08770038608505,5,0.00029790147644203843,0.0005838868938263953,0.0011471141775322607,0.002248343787963231,0.0001600314349196027,0.0003136616124424213,0.0002698631227667069,0.0005289317206227456,0.002194970165974899,0.004302141525310802,0.0009598615944465445,0.0018813287251152272,74.388071126365,145.8006194076754,11.40885766078573,22.36136101514003,0.0009192876984012679,0.001801803888866485,0.0009808091761991714,0.001922385985350376,25.080917270825793,49.15859785081855,17.74634360392281,34.7828334636887,0.00032379063457409527,0.0006346296437652267,0.00033093044452021334,0.0006486236712596182,61.01027054912589,119.58013027628675,42.33720104298232,82.98091404424535,0.0002965743808401141,0.0005812857864466236,0.0007554115133785146,0.0014806065662218886,20.62511657058386,40.425228478344366,25.53039574848543,50.03957566703144
tanh,5,highdim_strong,Strong nonlinear,124.0,4.0,31,30,0.0014183846413673854,0.0006661279519219501,5,0.00954483684318425,0.002565025278915897,5,0.0007578422488439917,0.00035784116701706524,5,0.001302919681488727,0.0005479713615037373,5,0.004269139323017463,0.004810907933603922,5,0.004844870658780873,0.0022239593373189342,5,-173.67477662861776,165.51641176149116,5,-72.0086928676433,18.19365762436745,5,0.004685868474682753,0.002139979792654258,5,0.006274356897037124,0.0018616430216460392,5,-283.7006352441455,204.91875510471226,5,-148.45281229910717,110.20672881780875,5,0.004609954969502488,0.0009641791471026342,5,0.008812067393554484,0.0016925821210045427,5,-289.6208320588979,143.42001371571968,5,-250.84799664042052,136.11865011066888,5,0.0014048211511942178,0.0004053100125828071,5,0.002381477784381327,0.00033990852090792426,5,-12.983731350119943,28.387609240948382,5,4.730506247561595,34.24477460792982,5,0.00029790147644203843,0.0005838868938263953,0.0011471141775322607,0.002248343787963231,0.0001600314349196027,0.0003136616124424213,0.0002450602428090936,0.00048031807590582343,0.0021515034346062827,0.004216946731828314,0.0009945848514881044,0.0019493863089166846,74.02118961810798,145.08153165149164,8.13645104148859,15.947444041317635,0.0009570280573701651,0.0018757749924455235,0.0008325520692477312,0.0016318020557255532,91.64245325575372,179.6192083812773,49.285947442901076,96.60045698808611,0.0004311940230818519,0.0008451402852404297,0.0007569457360133864,0.0014836136425862372,64.13938000046028,125.71318480090214,60.87411093059298,119.31325742396223,0.00018126014801929036,0.00035526989011780907,0.00015201171177630542,0.00029794295508155864,12.695324796292358,24.88283660073302,15.314728779497957,30.016868407815995
tanh,10,highdim_poly2,Quadratic,172.0,2.0,86,85,0.0017300369043968759,0.0006563225489555137,6,0.009522645688543377,0.003080510997403358,6,0.0013120634821533787,0.0005235643248392743,6,0.0028739897767491654,0.0011394361451233814,6,0.0022446467282588385,0.0007731138810897573,6,0.002486832494218707,0.0008699656396945622,6,18.563371856027313,21.27794281405807,6,31.22746283793975,6.552596919999843,6,0.0022382326580274,0.0008836106267317871,6,0.0027751596302203595,0.0012060605312202723,6,21.46677552959901,10.798375398426657,6,25.93366939637292,9.160435602723448,6,0.0027710432817597704,0.0010425683640463187,6,0.003429935650039066,0.001189386172310875,6,2.547544771898396,6.318991496140897,6,5.501283025438878,7.513018466425394,6,0.00247100557746069,0.0011177409167925274,6,0.0030640330848073203,0.001439060240597952,6,15.657133808149267,7.729633052425439,6,18.854037419348973,7.67599561780755,6,0.00026794255860397353,0.0005251674148637881,0.0012576133484450507,0.0024649221629522993,0.0002137442405635004,0.0004189387115044608,0.00046517285833935464,0.000911738802345135,0.00031562242028877573,0.0006186199437660004,0.0003551619851676061,0.0006961174909285079,8.686683778427046,17.025900205717008,2.6750864906887104,5.243169521749873,0.00036073252779895466,0.0007070357544859511,0.0004923721500666147,0.0009650494141305647,4.408418296194719,8.640499860541649,3.7397321747161545,7.329875062443663,0.00042562675231361605,0.0008342284345346874,0.00048556487154727236,0.0009517071482326538,2.5797174757552095,5.056246252480211,3.0671769451416013,6.0116668124775385,0.00045631581846206033,0.0008943790041856382,0.0005874938830986293,0.0011514880108733133,3.155609479565657,6.184994579948688,3.133712088578037,6.142075693612952
tanh,10,highdim_poly2,Quadratic,258.0,3.0,86,85,0.0017300369043968759,0.0006563225489555137,6,0.009522645688543377,0.003080510997403358,6,0.0013120634821533787,0.0005235643248392743,6,0.002107347138169831,0.0008245674430858602,6,0.0017599646626632293,0.0005728800269807554,6,0.0022575689395866426,0.0008911892713566813,6,13.954084132493534,10.175010235978352,6,17.481344279359984,7.1288260876149625,6,0.001863142137776772,0.0006898833581902196,6,0.0023950498455905848,0.0009406438964127555,6,10.54260033453493,9.314047299772753,6,12.612473390807581,12.761029654384378,6,0.002392998635487719,0.0008335781888753633,6,0.003064944463372046,0.001085403774079277,6,-15.333574090716445,9.204713784451686,6,-12.769787478065998,11.597087064298654,6,0.0018339905233236264,0.0006428965197495572,6,0.0023061782908517293,0.0008984337587486673,6,11.6121442188567,4.586099651750875,6,16.35388579464671,5.374201372007098,6,0.00026794255860397353,0.0005251674148637881,0.0012576133484450507,0.0024649221629522993,0.0002137442405635004,0.0004189387115044608,0.0003366282490119611,0.0006597913680634438,0.00023387729165578515,0.0004583994916453389,0.0003638264965111009,0.0007130999331617577,4.1539305342904695,8.14170384720932,2.9103310632829977,5.7042488840346754,0.00028164370160062605,0.0005520216551372271,0.0003840162626457745,0.0007526718747857179,3.802443887431786,7.452790019366301,5.209668540961084,10.210950340283723,0.0003403068705763302,0.0006670014663296073,0.0004431142352308899,0.0008685039010525442,3.757808666711556,7.36530498675465,4.734490968360506,9.27960229798659,0.0002624614051329239,0.0005144243540605309,0.0003667840461041662,0.0007188967303641657,1.8722673427242125,3.6696439917394565,2.1940085227304453,4.300256704551673
tanh,10,highdim_poly2,Quadratic,344.0,4.0,86,85,0.0017300369043968759,0.0006563225489555137,6,0.009522645688543377,0.003080510997403358,6,0.0013120634821533787,0.0005235643248392743,6,0.0018264401527371375,0.0007147180271418376,6,0.0016288181374404357,0.0005772729017590593,6,0.0021150984881459583,0.0007872771409304643,6,8.92601411613608,8.004609102111838,6,11.980379639070547,7.487369044991007,6,0.0017925043667485865,0.0006926902252390621,6,0.002339600873986551,0.0009913722526706508,6,1.5436256743568253,7.847818633790458,6,5.049182371101529,7.849382619735488,6,0.002311346458388316,0.0008845591127250472,6,0.002860914138058911,0.001129547922403982,6,-26.671060155169574,6.235802601549247,6,-17.69297426127359,6.563204390311305,6,0.001672041150030215,0.000629575258139416,6,0.002191108271948057,0.0008433202351620122,6,8.027495294115427,2.6406133205688134,6,10.018306252603535,5.454329079453973,6,0.00026794255860397353,0.0005251674148637881,0.0012576133484450507,0.0024649221629522993,0.0002137442405635004,0.0004189387115044608,0.0002917824127443601,0.0005718935289789458,0.00023567067527424955,0.0004619145235375291,0.00032140454690613986,0.0006299529119360341,3.2678679817686356,6.405021244266526,3.0567056126896253,5.9911430008716655,0.00028278960027487536,0.0005542676165387557,0.00040472602736610206,0.00079326301363756,3.2038585411154035,6.279562740586191,3.204497035703772,6.280814189979393,0.00036111974558423207,0.0007077947013450948,0.0004611360083184339,0.0009038265763041304,2.54575575175259,4.989681273435076,2.679416972309511,5.251657265726641,0.0002570230228537619,0.0005037651247933733,0.00034428404431847444,0.0006747967268642098,1.0780258738983228,2.1129307128407127,2.2267205223144204,4.364372223736264
tanh,10,highdim_smooth,Smooth,172.0,2.0,86,85,0.00044806564231327585,8.582695420896239e-05,6,0.004224515095573474,0.0008923524070851767,6,0.00035204199027739956,6.093829105944513e-05,6,0.0007884984488092887,0.0001069163946310732,6,0.0006450505773093357,0.00010906261519072263,6,0.0007491257572581744,0.00010480857500161126,6,17.376771905831998,16.2965133629352,6,20.993593132820973,15.701974943397643,6,0.000723932545296655,0.00017158659870520924,6,0.0008543813106853749,0.00019788091931011157,6,6.749185585633168,27.398428779288732,6,10.228068021530545,23.039141597082917,6,0.0011585077887549388,0.00034556080392628895,6,0.0013605820967642207,0.0004835424184876894,6,-49.757965467415964,50.586086287869925,6,-43.322509613048396,51.955831511698364,6,0.000704661609695008,5.4342439398232984e-05,6,0.0008457893896901412,0.00015069918648272628,6,9.404735046267383,12.902902262441934,6,11.067084752391542,17.421243378339533,6,3.503870733152915e-05,6.867586636979713e-05,0.0003643013446838366,0.0007140306355803196,2.4877953148807784e-05,4.876078817166326e-05,4.364843533069538e-05,8.555093324816295e-05,4.452462620513065e-05,8.726826736205608e-05,4.2787921570361366e-05,8.386432627790828e-05,6.653023720939796,13.039926493042,6.410304427548501,12.564196677995062,7.004993558791056e-05,0.0001372978737523047,8.078454702377067e-05,0.00015833771216659052,11.185361710540532,21.923308952659443,9.405690170763977,18.435152734697393,0.00014107460745422563,0.0002765062306102822,0.00019740536571436103,0.00038691451680014763,20.65168324828036,40.47729916662951,21.210879394279363,41.573323612787554,2.2185207983964695e-05,4.34830076485708e-05,6.15226852558679e-05,0.00012058446310150109,5.267587790664231,10.324472069701892,7.1121928269620085,13.939897940845537
tanh,10,highdim_smooth,Smooth,258.0,3.0,86,85,0.00044806564231327585,8.582695420896239e-05,6,0.004224515095573474,0.0008923524070851767,6,0.00035204199027739956,6.093829105944513e-05,6,0.0005745487001742099,8.855125862884355e-05,6,0.0005206840193425149,8.392316126854237e-05,6,0.0006263487349823999,9.359078097367934e-05,6,8.838775907094876,11.836821964466562,6,13.354802443397048,8.39104941672718,6,0.0006115116925305662,0.00013909874393036223,6,0.0007335238300887739,0.0001643927088324876,6,-6.801898530735611,21.17565431688482,6,-1.069703413993888,18.142634477892422,6,0.0008623225158852959,0.00019859953617159338,6,0.0009998287426729309,0.00024966487740284225,6,-52.251505305811925,38.57967353699682,6,-39.53499333081391,36.26615505485023,6,0.000509812399088171,5.957322719629434e-05,6,0.0006176650384659782,0.00010220500396315652,6,10.827550143546096,3.7768430128193313,6,14.76507961036745,7.2568004615430075,6,3.503870733152915e-05,6.867586636979713e-05,0.0003643013446838366,0.0007140306355803196,2.4877953148807784e-05,4.876078817166326e-05,3.615089995364878e-05,7.08557639091516e-05,3.426148711820551e-05,6.71525147516828e-05,3.820827633568243e-05,7.488822161793756e-05,4.8323623315185795,9.471430169776415,3.4256315795766663,6.714237895970266,5.678682441524103e-05,0.00011130217585387242,6.711304234558667e-05,0.00013154156299734985,8.644924674321949,16.94405236167102,7.406699510110322,14.51713103981623,8.107792112896913e-05,0.0001589127254127795,0.0001019252593885803,0.0001997735084016174,15.75008576813289,30.87016810554046,14.805595802839992,29.018967773566384,2.4320668160302478e-05,4.766850959419286e-05,4.1725018144810996e-05,8.178103556382955e-05,1.541889703333878,3.022103818534401,2.9625763826623053,5.806649710018118
tanh,10,highdim_smooth,Smooth,344.0,4.0,86,85,0.00044806564231327585,8.582695420896239e-05,6,0.004224515095573474,0.0008923524070851767,6,0.00035204199027739956,6.093829105944513e-05,6,0.0005013775513742593,8.427214357165543e-05,6,0.00048461096849067097,8.107444380228689e-05,6,0.000581366097880464,6.705196482634107e-05,6,2.4114490948948397,14.150473475405128,6,7.319715703711894,11.224577839954236,6,0.0005524196600187774,0.00012329341246276136,6,0.0006814891988634366,0.0001548197553332328,6,-11.020805184377936,22.344073883128814,6,-7.724031408611896,18.712378741510356,6,0.0007372332968888446,0.00011623092202315352,6,0.0008446788184720373,0.0001699758869895747,6,-49.404471121487575,28.41913984662283,6,-34.395963741872954,25.47457071505775,6,0.0004583509396978602,9.097171074242591e-05,6,0.0005496835023239487,9.870414556201541e-05,6,8.820117092682503,5.81035663268036,6,13.4471970497788,5.6028509696444075,6,3.503870733152915e-05,6.867586636979713e-05,0.0003643013446838366,0.0007140306355803196,2.4877953148807784e-05,4.876078817166326e-05,3.4403958546853554e-05,6.743175875183297e-05,3.309850308259216e-05,6.487306604188064e-05,2.737385001259682e-05,5.3652746024689765e-05,5.776906605588382,11.32273694695323,4.582414714339877,8.981532840106158,5.033432486337827e-05,9.865527673222142e-05,6.320490044482584e-05,0.00012388160487185863,9.121929964785588,17.878982730979754,7.639296631733936,14.973021398198515,4.7451075214991e-05,9.300410742138236e-05,6.939236528357265e-05,0.0001360090359558024,11.602065258837222,22.740047907320953,10.399949944723117,20.38390189165731,3.713904539116842e-05,7.27925289666901e-05,4.0295798687389086e-05,7.897976542728261e-05,2.372068162277125,4.649253598063165,2.287354330081127,4.4832144869590085
tanh,10,highdim_strong,Strong nonlinear,172.0,2.0,86,85,0.0006533125315649697,0.0001039801842036414,6,0.0067379936124248785,0.0017488238930061597,6,0.0005645851822458215,6.0962156155806524e-05,6,0.0013831856233034864,0.00023358726511633646,6,0.00256010402739478,0.000469557863102013,6,0.002512237427305188,0.0003003198044848335,6,-92.21012309974371,60.890857466783665,6,-51.5536110789464,31.126743995606965,6,0.0029233299543892587,0.0008197009078346168,6,0.003149021190155593,0.0008643516336931962,6,-110.16589925344799,36.271517814538356,6,-84.91259864467793,31.695810564037387,6,0.004395265131413192,0.00195389208950696,6,0.005360370578907809,0.0024255243183638427,6,-245.6815013271511,209.48267016644127,6,-244.39154105573687,211.23815950453715,6,0.0011978114474423805,0.0001637239453195821,6,0.001356873013725406,0.00019325455377405647,6,11.956228411491791,15.176615657363794,6,17.578034522457052,20.768703813737048,6,4.244973244325418e-05,8.320147558877819e-05,0.0007139543646421224,0.0013993505546985598,2.4887696033599078e-05,4.877988422585419e-05,9.536160165787352e-05,0.0001869087392494321,0.00019169619488526143,0.0003757245419751124,0.00012260504677337488,0.00024030589167581477,24.85858846569318,48.72283339275863,12.707440023912858,24.9065824468692,0.00033464149431515884,0.0006558973288577114,0.00035287007681489453,0.0006916253505571933,14.807785140314838,29.02325887501708,12.939760477634714,25.36193053616404,0.0007976731052920817,0.0015634392863724802,0.0009902161564505655,0.0019408236666431085,85.52094197725494,167.62104627541967,86.23761749846011,169.0257302969818,6.684002078471839e-05,0.00013100644073804805,7.889584120261525e-05,0.0001546358487571259,6.195827397145866,12.143821698405898,8.478787827108462,16.618424141132586
tanh,10,highdim_strong,Strong nonlinear,258.0,3.0,86,85,0.0006533125315649697,0.0001039801842036414,6,0.0067379936124248785,0.0017488238930061597,6,0.0005645851822458215,6.0962156155806524e-05,6,0.0009766233735240034,0.00013979024125399762,6,0.0017764040258978044,0.00022985758621636688,6,0.0018673722387374627,0.00023165791395747464,6,-84.02838047101315,28.465716574208628,6,-61.83241274291157,20.90452921696219,6,0.001989876461544074,0.00046738959096399933,6,0.00228751995395263,0.0004763363470124575,6,-104.2566533031342,38.026556805424995,6,-97.95551571027954,39.10038487865491,6,0.0028347527256079325,0.000892974289569772,6,0.0032584191255015747,0.0009788986956954888,6,-206.35422598314616,140.32093974852816,6,-193.63147285504388,127.30107747288503,6,0.00116433921487628,6.436311059529446e-05,6,0.0013099935922678467,0.00028046469253334395,6,-21.713893696092097,21.70791286559939,6,-15.910449474368226,37.018661687107084,6,4.244973244325418e-05,8.320147558877819e-05,0.0007139543646421224,0.0013993505546985598,2.4887696033599078e-05,4.877988422585419e-05,5.706912701547551e-05,0.000111855488950332,9.383896662298179e-05,0.0001839243745810443,9.457394734556371e-05,0.00018536493679730486,11.621080128249524,22.777317051369067,8.534238315776692,16.727107098922318,0.00019081100149165694,0.0003739895629236476,0.00019446349935363721,0.00038114845873312895,15.524276808041732,30.427582543761794,15.962665283189947,31.286823955052295,0.000364555227145042,0.0007145282452042823,0.0003996337190549886,0.0007832820893477776,57.28578376861935,112.28013618649393,51.9704472525131,101.86207661492567,2.6276129869465514e-05,5.150121454415241e-05,0.00011449923126221064,0.00022441849327393284,8.86221831691945,17.36994790116212,15.112805349021572,29.62109848408228
tanh,10,highdim_strong,Strong nonlinear,344.0,4.0,86,85,0.0006533125315649697,0.0001039801842036414,6,0.0067379936124248785,0.0017488238930061597,6,0.0005645851822458215,6.0962156155806524e-05,6,0.0008861752608590004,0.00014380831794971204,6,0.0014389746993191885,0.00016826486393669752,6,0.0016751790356874328,0.0001761548527201198,6,-64.98496894031986,25.85728287321269,6,-54.850305397791125,19.7266315358061,6,0.0016216060246359656,0.00021440399027828884,6,0.001861965771868557,0.0003375693375703291,6,-86.51172904505717,35.082541720214984,6,-73.18346988082429,39.45488478717604,6,0.002256876672804824,0.0005759722583497971,6,0.00257750434374818,0.0006927203836051873,6,-170.0196887411972,117.19522174157454,6,-149.20361419050914,109.42838453260484,6,0.0008084046550878473,0.00012651530173303933,6,0.0009938051027727618,0.0001835118977403932,6,8.550714538025288,5.702602603905151,6,9.547742414188058,7.266251790721303,6,4.244973244325418e-05,8.320147558877819e-05,0.0007139543646421224,0.0013993505546985598,2.4887696033599078e-05,4.877988422585419e-05,5.8709499957453614e-05,0.00011507061991660907,6.869384304729128e-05,0.00013463993237269092,7.191491747990249e-05,0.0001409532382606089,10.556191529029606,20.69013539689803,8.053363601103369,15.784592658162603,8.753006249974213e-05,0.00017155892249949456,0.00013781210497610554,0.00027011172575316684,14.322387682404921,28.071879857513643,16.107389264813296,31.57048295903406,0.00023513968982591513,0.00046087379205879365,0.00028280191237628916,0.0005542917482575267,47.84474892653116,93.77570789600107,44.67395091365816,87.56094379077,5.164965565003312e-05,0.00010123332507406491,7.491841853229478e-05,0.00014684010032329776,2.328077764239052,4.563032417908542,2.9664348716419555,5.814212348418232
tanh,20,highdim_poly2,Quadratic,542.0,2.0,271,270,0.0023102499176709426,0.0004644828659529768,6,0.021566481976902547,0.004466022853886618,6,0.003431388847422561,0.0006894973349516137,6,0.00610887073974873,0.0012002931132166009,6,0.00483341826258539,0.0011532566407390493,6,0.0031013668235378984,0.0006788913762171935,6,21.46296030702855,6.632010767017046,6,23.865874508806115,6.910350681253187,6,0.004995283239878449,0.0010239124791207852,6,0.0033182299627242903,0.0007014147503215119,6,18.22443088671089,3.2368522784327607,6,18.491681713394332,3.1896834300820327,6,0.006000374476587374,0.001060515101937281,6,0.004091512964213719,0.000874345127859925,6,1.2225576894844874,5.222778651808428,6,-0.7795468536340954,8.503826032480644,6,0.0056436180685517845,0.0008872469677899252,6,0.0038416211237549645,0.0005404202021352181,6,6.589257833760484,8.197912028868103,6,3.740174345861234,13.811084044667185,6,0.00018962433597505846,0.00037166369851111456,0.0018232461952717544,0.0035735625427326385,0.00028148610827338587,0.0005517127722158363,0.0004900176115262253,0.0009604345185914016,0.0004708150520478144,0.0009227975020137161,0.00027715624375132856,0.000543226237752604,2.707507057972642,5.306713833626378,2.821138852127405,5.529432150169714,0.00041801051918567646,0.0008193006176039258,0.0002863513727248946,0.0005612486905407934,1.3214394091542345,2.5900212419422997,1.3021828074519006,2.552278302605725,0.00043295347737700444,0.0008485888156589287,0.00035694990372422215,0.0006996218112994754,2.13219045607195,4.179093293901022,3.471672440162318,6.804477982718144,0.0003622170578194831,0.0007099454333261869,0.00022062562365383808,0.0004324262223615226,3.346783571158542,6.5596957994707425,5.638351450688114,11.051168843348702
tanh,20,highdim_poly2,Quadratic,813.0,3.0,271,270,0.0023102499176709426,0.0004644828659529768,6,0.021566481976902547,0.004466022853886618,6,0.003431388847422561,0.0006894973349516137,6,0.004707987587634803,0.000947304701978882,6,0.004143366043666039,0.0008339736574249837,6,0.002744607098401491,0.0004954221087377772,6,12.001328275660454,2.145783696664405,6,12.496575620476733,5.672574645095912,6,0.004261653978465857,0.0008752037650096576,6,0.0029051606056111376,0.0005988278175727163,6,9.565711164337914,1.9127986552271372,6,8.089801482544663,4.307011172363408,6,0.004867164762035913,0.0008423087732913831,6,0.0033063905501422414,0.000573060392350133,6,-4.002916437925335,3.8569847507093353,6,-5.429274793242936,5.4489315029656264,6,0.004471992375973171,0.0008127042129873592,6,0.0029021756439968926,0.000558963929001227,6,4.6077699760860815,4.452378219666744,6,7.91633498538945,3.854455229313333,6,0.00018962433597505846,0.00037166369851111456,0.0018232461952717544,0.0035735625427326385,0.00028148610827338587,0.0005517127722158363,0.00038673552513125784,0.0007580016292572653,0.00034046831993564495,0.0006673179070738641,0.0002022552289501996,0.0003964202487423912,0.8760125258684719,1.7169845507022048,2.315818901389061,4.5390050467225596,0.00035730044087272923,0.0007003088641105492,0.00024447043280626744,0.0004791620483002842,0.7808967809980549,1.5305576907561875,1.75832994812612,3.446326698327195,0.00034387111673892076,0.0006739873888082846,0.00023395092550949242,0.0004585438139986051,1.574607430822275,3.086230564411659,2.224516970940405,4.360053263043193,0.0003317851056048687,0.0006502988069855426,0.00022819606844571503,0.00044726429415360144,1.8176757966774864,3.5626445614878732,1.5735747580366655,3.0842065257518643
tanh,20,highdim_poly2,Quadratic,1084.0,4.0,271,270,0.0023102499176709426,0.0004644828659529768,6,0.021566481976902547,0.004466022853886618,6,0.003431388847422561,0.0006894973349516137,6,0.004229764200863157,0.0008402468938550453,6,0.003900066878223595,0.0007740959088229709,6,0.0026241248669561525,0.0005136889508652869,6,7.807637653573656,1.6451340467091768,6,8.08509870177211,4.235710045823555,6,0.003919080456837437,0.0007969428261445162,6,0.0025574364499519695,0.0005107820774883902,6,7.37350753932177,3.5513868384547123,6,10.358495880198571,7.094332413637938,6,0.004163600123190828,0.0007838633184401307,6,0.0028598024192862015,0.0005719865455096861,6,1.3421404842172062,2.1980584430776715,6,-0.02904938952630154,5.206046699384866,6,0.003981022652739833,0.0007476715894605277,6,0.002689497496032639,0.0004958377181624388,6,5.541618056800715,3.4016448258289844,6,5.519178440603521,4.579263329795393,6,0.00018962433597505846,0.00037166369851111456,0.0018232461952717544,0.0035735625427326385,0.00028148610827338587,0.0005517127722158363,0.00034302935798389325,0.0006723375416484307,0.0003160233314320483,0.0006194057296068146,0.00020971263602092871,0.0004110367666010203,0.6716231621529185,1.3163813978197203,1.7292213851080773,3.3892739148118314,0.00032535054637093837,0.0006376870708870391,0.00020852590993421572,0.0004087107834710628,1.4498476055749996,2.841701306926999,2.8962490798500595,5.676648196506116,0.00032001085971051406,0.0006272212850326075,0.00023351252937265995,0.0004576845575704135,0.8973536017261198,1.7588130593831948,2.1253596650989084,4.165704943593861,0.0003052356482256597,0.0005982618705222929,0.00020242490078731837,0.000396752805543144,1.388715684909928,2.721882742423459,1.8694764259728263,3.6641737949067394
tanh,20,highdim_smooth,Smooth,542.0,2.0,271,270,0.0005521396024049729,9.182005904051687e-05,6,0.010104523102919684,0.0015139475095559056,6,0.0008541262846234089,0.00017821197956237108,6,0.0014795627069913104,0.00030477180567972727,6,0.0012212798473285509,0.00023911634916945726,6,0.0007680481169044933,0.0001653183267083238,6,17.185306835783546,5.781733539887964,6,20.402212839762374,10.715610857842435,6,0.0012627881875725967,0.0002686374331069103,6,0.000795616818496048,0.0001865537839352177,6,14.709060044896747,3.116943506465688,6,18.232700180526397,3.5609566414602343,6,0.0015844470460766496,0.00028250787574156025,6,0.0010668402604553518,0.00019673382832233703,6,-7.612886984973457,8.18450547559308,6,-10.568829270713737,10.398713973584075,6,0.001365532086883628,0.0002487559865106477,6,0.0009171089945216568,0.00019851120737925535,6,7.23727257526419,5.642207072754924,6,5.05959847071576,10.32388487594547,6,3.7485382133581984e-05,7.347134898182068e-05,0.0006180664826282215,0.001211410305951314,7.27547359965189e-05,0.00014259928255317704,0.00012442256865033332,0.0002438682345546533,9.761884077039108e-05,0.0001913329279099665,6.749092426101959e-05,0.00013228221155159837,2.3603828335768404,4.626350353810607,4.374629813990183,8.57427443542076,0.0001096707728204965,0.00021495471472817316,7.61602633711175e-05,0.0001492741162073903,1.272486857987056,2.49407424165463,1.4537544612920799,2.8493587441324766,0.00011533335731406942,0.00022605338033557606,8.031624908900522e-05,0.00015741984821445023,3.341310368703001,6.548968322657882,4.245257202738383,8.32070411736723,0.00010155420623562371,0.00019904624422182246,8.10418610504984e-05,0.00015884204765897686,2.3034213918953146,4.514705928114816,4.2147083515504695,8.26082836903892
tanh,20,highdim_smooth,Smooth,813.0,3.0,271,270,0.0005521396024049729,9.182005904051687e-05,6,0.010104523102919684,0.0015139475095559056,6,0.0008541262846234089,0.00017821197956237108,6,0.0011623644709682563,0.0002384629077309188,6,0.0010147773590959768,0.00018719288583900619,6,0.0006542462570664452,0.00011713006037925662,6,12.363375411325983,3.7687130751853917,6,13.660170990792807,5.747598835226201,6,0.0010619215234045525,0.00020660903867924263,6,0.0007243388270383465,0.0001387676846486932,6,8.431138273646582,4.49893911042125,6,4.4325885976958554,8.149033785192389,6,0.0012243933187751582,0.00022763658737442858,6,0.0008061383113573075,0.00016488280817635262,6,-5.749446003448374,5.871293997761732,6,-6.068431009899943,8.32493761316011,6,0.0011203529413442576,0.00021695281416666038,6,0.0006978699234710084,0.0001561470093470753,6,3.472158614595822,2.635343387849813,6,8.337896418847635,8.057278496610971,6,3.7485382133581984e-05,7.347134898182068e-05,0.0006180664826282215,0.001211410305951314,7.27547359965189e-05,0.00014259928255317704,9.735207442018952e-05,0.00019081006586357146,7.642117563077135e-05,0.00014978550423631185,4.781814691176057e-05,9.372356794705071e-05,1.5385706701932442,3.0155985135787584,2.3464473987531873,4.599036901556247,8.434778683518296e-05,0.0001653216621969586,5.6651670029457444e-05,0.00011103727325773659,1.836684200730488,3.5999010334317565,3.3268291117370556,6.520585059004629,9.293224764263826e-05,0.00018214720537957098,6.731312456487702e-05,0.00013193372414715894,2.3969457373969676,4.698013645298056,3.3986415487909274,6.661337435630218,8.857061549486327e-05,0.00017359840636993202,6.374674962698834e-05,0.00012494362926889713,1.0758744328749312,2.108713888434865,3.289370172032674,6.44716553718404
tanh,20,highdim_smooth,Smooth,1084.0,4.0,271,270,0.0005521396024049729,9.182005904051687e-05,6,0.010104523102919684,0.0015139475095559056,6,0.0008541262846234089,0.00017821197956237108,6,0.0010458030120597736,0.00020572226837451514,6,0.000956456005896431,0.00018254173498294466,6,0.0006481126531152089,0.0001368042097683377,6,8.41207758619108,3.686302023426737,6,6.214948477974331,3.3618325626927006,6,0.000981836984933355,0.00020155591219570473,6,0.0006217741208995654,0.00013455623906540482,6,6.166338109755514,4.549504863108101,6,9.892970767411542,8.814553607146491,6,0.0010294627756038896,0.0001922721103589505,6,0.0006777190692829694,0.00011999945581147742,6,1.3989365489935626,3.1520732649838203,6,1.3903275725987172,6.129648319817515,6,0.0010052138124833872,0.0001691092698550468,6,0.0006319991151403663,0.00014416553985005734,6,3.3988409575967595,4.146633812812948,6,8.920724438304552,4.765544085072596,6,3.7485382133581984e-05,7.347134898182068e-05,0.0006180664826282215,0.001211410305951314,7.27547359965189e-05,0.00014259928255317704,8.398576437424385e-05,0.00016461209817351794,7.45223512450947e-05,0.0001460638084403856,5.585008476618358e-05,0.00010946616614171982,1.5049264991974447,2.9496559384269916,1.3724623965450427,2.6900262972282833,8.228485658678094e-05,0.00016127831891009066,5.4932354569698386e-05,0.00010766741495660884,1.8573275828209137,3.640362062328991,3.5985264413196325,7.0531118249864795,7.849476035792076e-05,0.0001538497303015247,4.898957269162953e-05,9.601956247559388e-05,1.2868285218464919,2.522183902819124,2.502418447710191,4.9047401575119745,6.903857031991495e-05,0.0001353155978270333,5.8855335187585835e-05,0.00011535645696766824,1.6928561652605363,3.317998083910651,1.9455252258610618,3.813229442687681
tanh,20,highdim_strong,Strong nonlinear,542.0,2.0,271,270,0.0007551133604737453,0.0005700559358564096,6,0.005780513951678133,0.005930912396347147,6,0.0011214603357337894,0.0004356607100304022,6,0.0020183724650784103,0.0006387684795890647,6,0.0020801320032432066,0.00039081198810698786,6,0.0012764128138394867,0.0002697376281642965,6,-9.94530717829857,32.76417780148677,6,-8.72921569118489,34.81595373523813,6,0.0020495763163884666,0.00012108791445986323,6,0.001219127926579038,0.0001494629183193729,6,-8.883959733003996,29.629385995301956,6,-5.155271376281536,37.534093627242456,6,0.0026136744279154273,0.000281621281096761,6,0.0016897992472564062,0.00030083115488628483,6,-38.29370056691516,36.03164952709781,6,-39.37197844014104,34.26587130590813,6,0.0021067599278753986,0.0005302991997112331,6,0.0014124104210170877,0.0005930974897370487,6,-6.386990568070327,16.376297287686974,6,-8.734670656128996,15.893517174144694,6,0.0002327243612821568,0.0004561397481130273,0.0024212848466996562,0.004745718299531326,0.00017785774009218444,0.0003486011705806815,0.00026077613979443666,0.0005111212339970958,0.00015954832603746138,0.0003127147190334243,0.0001101199255718512,0.00021583505412082834,13.375919575911023,26.216802368785604,14.213553593279915,27.858565042828634,4.943393407407365e-05,9.689051078518435e-05,6.101798089162399e-05,0.00011959524254758302,12.096146180075948,23.708446512948857,15.32322955743231,30.033529932567326,0.00011497140656599572,0.0002253439568693516,0.00012281380470059537,0.00024071505721316692,14.709859322030741,28.831324271180254,13.988983381891732,27.418407428507795,0.00021649374171646562,0.0004243277337642726,0.00024213103626355867,0.000474576831076575,6.685595371826205,13.103766928779361,6.488501215802619,12.717462382973132
tanh,20,highdim_strong,Strong nonlinear,813.0,3.0,271,270,0.0007551133604737453,0.0005700559358564096,6,0.005780513951678133,0.005930912396347147,6,0.0011214603357337894,0.0004356607100304022,6,0.001618364440622646,0.0005432463753801245,6,0.001579441305175919,0.00024014753334756359,6,0.0009996235780540812,0.0002920772629932844,6,-2.4460898280425853,18.344440549537826,6,-3.1934972891206796,17.755035641471935,6,0.0016224411076623615,0.00018861750184448144,6,0.00106216976349594,0.00024065048735654327,6,-6.05534770260475,21.261406776363167,6,-14.946466550699524,33.725511824335626,6,0.0020225022640957577,0.0002854160169045972,6,0.001322756311296115,0.00027778833231622234,6,-33.70165259934128,34.63030326338006,6,-42.69135410970302,40.06132552196865,6,0.0015799471019716715,0.0006008476003458291,6,0.0007243354181256833,0.0002604689646682285,6,2.69284915312581,18.044884649779206,6,21.634077214684805,35.976124058368804,6,0.0002327243612821568,0.0004561397481130273,0.0024212848466996562,0.004745718299531326,0.00017785774009218444,0.0003486011705806815,0.00022177940404962583,0.00043468763193726663,9.803981994825637e-05,0.0001921580470985825,0.00011924004330037249,0.00023371048486873008,7.489086493864786,14.67860952797498,7.2484629477558755,14.206987377601516,7.700277267957408e-05,0.0001509254344519652,9.824515006260428e-05,0.00019256049412270438,8.679932969307057,17.012668619841833,13.768382547303819,26.986029792715485,0.00011652060097230685,0.00022838037790572142,0.00011340661177890525,0.0002222769590866543,14.137762105520046,27.71001372681929,16.354967658060026,32.05573660979765,0.00024529500567049915,0.00048077821111417834,0.00010633600954469664,0.0002084185787076054,7.366793309889965,14.43891488738433,14.687191144344919,28.78689464291604
tanh,20,highdim_strong,Strong nonlinear,1084.0,4.0,271,270,0.0007551133604737453,0.0005700559358564096,6,0.005780513951678133,0.005930912396347147,6,0.0011214603357337894,0.0004356607100304022,6,0.001429864747718637,0.0004900360720009642,6,0.0013906225183192647,0.00026181313083030894,6,0.0009325660301678266,0.0002296859055467235,6,-1.4017687640979828,16.258200740389096,6,-11.203052064793072,30.402486846757864,6,0.0013927007994966314,0.00023077399764166812,6,0.0008123259847327349,7.046115758768416e-05,6,-2.1091539404012125,17.648151514221688,6,1.267381816898473,26.168921634483922,6,0.0015701037617877629,0.00019525509861632366,6,0.0009511437206525603,0.0001403334424309087,6,-16.578480414606844,24.89293952933786,6,-18.169401955151397,42.612678900530696,6,0.0013864335878438557,0.0004261012991063546,6,0.0008042897766071395,0.0002047410116830721,6,2.188307360375303,4.347285030521203,6,6.827218669282581,16.658820960235634,6,0.0002327243612821568,0.0004561397481130273,0.0024212848466996562,0.004745718299531326,0.00017785774009218444,0.0003486011705806815,0.00020005638866002015,0.00039211052177363947,0.00010688476308246534,0.00020949413564163205,9.376887828309419e-05,0.0001837870014348646,6.637382658282161,13.009270010233035,12.41176328103898,24.3270560308364,9.421309002072258e-05,0.00018465765644061626,2.876564712927691e-05,5.638066837338274e-05,7.20482768552824,14.121462263635351,10.683417520560862,20.93949834029929,7.971256021446713e-05,0.00015623661802035557,5.7290887967327416e-05,0.00011229014041596173,10.1625000074725,19.9185000146461,17.396553313227184,34.09724449392528,0.00017395512692460044,0.00034095204877221684,8.3585168007456e-05,0.00016382692929461375,1.7747716818694237,3.4785524964640704,6.800935178159767,13.329832949193143
tanh,50,highdim_smooth,Smooth,2852.0,2.0,1426,1425,0.0023991724517634177,0.0005840242191940342,6,0.05890414156358259,0.008142442734656393,6,0.008816844569838231,0.001975883725615758,6,0.010071302660558692,0.002131431497072169,6,0.009635766951903326,0.002007864955342979,6,0.002533180931574621,0.0006056778892650417,6,4.285007559246567,1.0439666530694784,6,6.935794956183112,2.6301673199922035,6,0.009595586511336336,0.0019736052727414104,6,0.002588333148678622,0.0005146727184347084,6,4.617757372332137,1.9117548592754705,6,4.2613707660641404,2.8458036249096303,6,0.00966359024137381,0.0020687837107133443,6,0.0026333379021594443,0.0006444552202668103,6,4.107486450836768,1.4895615281259618,6,3.399616131451756,2.7915057007288615,6,0.010090918815876435,0.002188579065782123,6,0.0026978022551873613,0.0005737582879103535,6,-0.12304229768714646,1.1923952759592655,6,0.44695606600927446,3.9046249730845504,6,0.0002384268890754569,0.0004673167025878955,0.0033241383266233745,0.006515311120181814,0.0008066511531380019,0.0015810362601504837,0.0008701532649205454,0.001705500399244269,0.0008197074355010719,0.0016066265735821008,0.00024726696286421425,0.00048464324721385994,0.4261976014168954,0.835347298777115,1.0737613120207374,2.1045721715606454,0.0008057209786471469,0.001579213118148408,0.00021011425744935883,0.0004118239446007433,0.7804706530851939,1.52972248004698,1.1617944648652212,2.2771171511358337,0.0008445774132382098,0.0016553717299468912,0.0002630977419544376,0.0005156715742306977,0.6081109473981634,1.1918974569004002,1.1396274301426859,2.2336697630796642,0.0008934836621505502,0.0017512279778150784,0.00023423584017887475,0.0004591022467505945,0.4867933329675564,0.9541149326164106,1.594056470164275,3.124350681521979
tanh,50,highdim_smooth,Smooth,4278.0,3.0,1426,1425,0.0023991724517634177,0.0005840242191940342,6,0.05890414156358259,0.008142442734656393,6,0.008816844569838231,0.001975883725615758,6,0.00925429811953388,0.002049537555537737,6,0.009117870204424904,0.002047990687210205,6,0.0024886891449481135,0.0005890846894428162,6,1.5346130003819836,0.9113889068458275,6,0.00937309214149353,2.924434252028466,6,0.009099914957083056,0.0019262825979899855,6,0.0024646598088525666,0.0006167465655347257,6,1.4926045725561305,1.2389127475960684,6,1.2299310130211192,3.981763183967272,6,0.009086348418566592,0.0020067407160159504,6,0.0024241651659598013,0.0005012828357192669,6,1.8103905567132292,0.7083162017449881,6,2.0201701663492533,4.067629154945104,6,0.0093150092052099,0.002144866622824089,6,0.0024790197054136765,0.0006109659039502005,6,-0.5082664100575057,1.3189105018520673,6,0.6117031847237252,3.016077658981711,6,0.0002384268890754569,0.0004673167025878955,0.0033241383266233745,0.006515311120181814,0.0008066511531380019,0.0015810362601504837,0.0008367202032897659,0.001639971598447941,0.0008360886969394783,0.0016387338460013773,0.0002404928174034654,0.00047136592211079214,0.372072963167538,0.7292630078083745,1.193895283964587,2.340034756570591,0.0007864015775797004,0.0015413470920562127,0.00025178573102901063,0.0004935000328168608,0.5057840112399824,0.9913366620303655,1.6255480128865871,3.1860741052577106,0.0008192484667177403,0.001605726994766771,0.00020464786072126823,0.0004011098070136857,0.28916887847024814,0.5667710018016864,1.6606026487473067,3.254781191544721,0.0008756381320409336,0.0017162507388002299,0.0002494257858193781,0.0004888745402059811,0.5384429576559422,1.0553481970056466,1.2313085481855337,2.413364754443646
tanh,50,highdim_smooth,Smooth,5704.0,4.0,1426,1425,0.0023991724517634177,0.0005840242191940342,6,0.05890414156358259,0.008142442734656393,6,0.008816844569838231,0.001975883725615758,6,0.008978003352277594,0.002002508211586615,6,0.008899667514642808,0.001974205693166117,6,0.002354493159611504,0.0005819699246837868,6,0.8415209103773105,0.5069728987521229,6,2.0461064312333996,4.039121468267835,6,0.008917248988290416,0.0019647459044902713,6,0.0023709950511051486,0.0005559841528156371,6,0.6282310846869081,0.35582383799032224,6,1.1343601067200555,1.067390455077049,6,0.008915695173886197,0.001970042545736258,6,0.002387636572877948,0.000498344587468143,6,0.662227991489872,0.5271149668905849,6,-0.06819048499426428,3.120084008897932,6,0.00901515676736109,0.0020176182863675097,6,0.0024419546964328078,0.0005731612348146788,6,-0.38569128947528825,0.5946296643662468,6,-1.8696856883783195,2.529514201259516,6,0.0002384268890754569,0.0004673167025878955,0.0033241383266233745,0.006515311120181814,0.0008066511531380019,0.0015810362601504837,0.0008175205540200834,0.0016023402858793634,0.0008059660992590931,0.0015796935545478224,0.0002375882268535391,0.00046567292463293666,0.2069708192270633,0.4056628056850441,1.648964434396232,3.2319702914166144,0.0008021041567040296,0.001572124147139898,0.00022697957991198305,0.0004448799766274868,0.14526447356583963,0.28471836818904567,0.43576032854265007,0.8540902439435941,0.000804266501437904,0.0015763623428182918,0.00020344832589578844,0.00039875871875574533,0.21519378411099707,0.4217798168575543,1.2737689627362172,2.4965871669629855,0.0008236892162181647,0.001614430863787603,0.0002339920942732494,0.0004586245047755688,0.2427565439366209,0.47580282611577696,1.0326698483682615,2.0240329028017925
tanh,50,highdim_strong,Strong nonlinear,2852.0,2.0,1426,1425,0.0008195998022794846,0.00020549293732730298,6,0.01824220586268924,0.0038307460864793266,6,0.0029331692019212968,0.0005208478476212644,6,0.0038022846591613123,0.0005553228212726061,6,0.0037392652145537193,0.0005576782660835802,6,0.0010039726066270462,0.00016422826750837403,6,1.67429090809654,1.8014124247614605,6,1.0931804393926912,6.515385375263019,6,0.0037957086356132344,0.000639991157035026,6,0.0010166591905044439,0.00014708105344258325,6,0.41767670886327174,2.928711025744127,6,-0.44787380900615287,6.191130666606409,6,0.0038021564487859343,0.000566338526230769,6,0.001008226040938431,0.00018869826408204597,6,-0.011763559048443173,2.3428583095182134,6,0.85656731002238,8.677929075817527,6,0.003834288789468439,0.0005643745350881087,6,0.0009587006460579861,0.00015005309293630593,6,-0.8541680939109483,1.5064273718983996,6,5.390388136546972,6.152444492642399,6,8.389214036626919e-05,0.0001644285951178876,0.0015638955410063188,0.0030652352603723846,0.00021263524338316383,0.0004167650770310011,0.00022670959244011082,0.0004443508011826172,0.00022767119875747297,0.000446235549564647,6.704590945613568e-05,0.00013140998253402593,0.7354235428292285,1.441430143945288,2.6598949411643824,5.213394084682189,0.0002612752957715391,0.0005120995797122166,6.0045588627558695e-05,0.00011768935371001504,1.1956412695227068,2.3434568882645053,2.5275185106804634,4.953936280933708,0.00023120673515753513,0.00045316520090876884,7.703574372499385e-05,0.00015099005770098794,0.9564678996598668,1.8746770833333388,3.5427497099691565,6.943789431539547,0.00023040493913105786,0.0004515936806968734,6.125891867006206e-05,0.00012006748059332164,0.6149963992854917,1.2053929425995635,2.5117249462950686,4.922980894738334
tanh,50,highdim_strong,Strong nonlinear,4278.0,3.0,1426,1425,0.0008195998022794846,0.00020549293732730298,6,0.01824220586268924,0.0038307460864793266,6,0.0029331692019212968,0.0005208478476212644,6,0.0032596273629573055,0.0005302028330535969,6,0.003179396158357342,0.0005259591676988299,6,0.0008530280720864254,0.00013982203074245898,6,2.5010167921825244,1.0655136665598313,6,0.8019946266964807,11.328555504817626,6,0.003194715379015753,0.0005454646188807124,6,0.0008548115176367477,9.331676031056998e-05,6,2.094938807601162,1.848819097274144,6,0.362654628643889,4.605605885936501,6,0.0031839374207602283,0.0005435132268653655,6,0.0008445453624973887,0.00015113118515580048,6,2.4210755391978065,1.7756887504141283,6,2.2900959480683176,8.347427881663236,6,0.0032807249941728713,0.0005044101871291604,6,0.0009017598098507119,0.0002185925747831155,6,-0.7636727830226543,1.039303885173206,6,-3.5862121817742203,12.415096188916312,6,8.389214036626919e-05,0.0001644285951178876,0.0015638955410063188,0.0030652352603723846,0.00021263524338316383,0.0004167650770310011,0.00021645440019322793,0.00042425062437872677,0.00021472193106684354,0.00042085498489101333,5.7082105019794585e-05,0.00011188092583879738,0.43499413283893373,0.8525885003643101,4.624863418266781,9.06473229980289,0.00022268499816657341,0.00043646259640648386,3.809640786841626e-05,7.466895942209587e-05,0.7547772358391118,1.4793633822446592,1.8802307294838818,3.6852522297884085,0.00022188834571228324,0.00043490115759607515,6.16990479756331e-05,0.00012093013403224088,0.7249218967524811,1.4208469176348628,3.407823162459402,6.679333398420428,0.000205924596588037,0.0004036122093125525,8.924004496330105e-05,0.00017491048812807005,0.4242940343944123,0.8316163074130482,5.068441795069506,9.934145918336233
tanh,50,highdim_strong,Strong nonlinear,5704.0,4.0,1426,1425,0.0008195998022794846,0.00020549293732730298,6,0.01824220586268924,0.0038307460864793266,6,0.0029331692019212968,0.0005208478476212644,6,0.003047228033543568,0.000518977981269416,6,0.003011481580749629,0.0005197291899821638,6,0.0008874557893552024,0.00020094872625398325,6,1.2113244127175096,0.8501178137799288,6,-8.272071158725282,10.974656249361729,6,0.0030193940370413868,0.0005202116962611315,6,0.0008383152920693518,0.00013725476983385244,6,0.9496619657152557,1.1775608921027707,6,-2.849317929699858,4.948526453517706,6,0.0030220348198204167,0.0005278699989275312,6,0.0008657853113800165,0.0001946999792672772,6,0.8903225178410912,0.5954142872871253,6,-5.496559314060129,9.711841886203612,6,0.003043552077083607,0.0005429457320121598,6,0.0007937539408046941,8.225536026105964e-05,6,0.237549394672995,1.3439239051777103,6,1.6799217054809195,8.564926385797826,6,8.389214036626919e-05,0.0001644285951178876,0.0015638955410063188,0.0030652352603723846,0.00021263524338316383,0.0004167650770310011,0.00021187187364162582,0.0004152688723375866,0.00021217855331438667,0.0004158699644961979,8.203697396407946e-05,0.00016079246896959573,0.3470591441685326,0.680235922570324,4.480384652230477,8.781553918371735,0.0002123755356779133,0.00041625604992871003,5.603402514268126e-05,0.00010982668927965526,0.4807372211180576,0.9422449533913929,2.020227464963807,3.9596458313290612,0.00021550202464932586,0.00042238396831267865,7.94859336892155e-05,0.00015579243003086238,0.24307686490272834,0.4764306552093475,3.9648428472979638,7.771091980704009,0.00022165666690861498,0.0004344470671408854,3.3580610208066775e-05,6.581799600781088e-05,0.5486546368023191,1.0753630881325453,3.4966165549507955,6.853368447703559
