activation,dataset_family,p,case,case_label,budget,budget_multiplier,n_design_params,n_fullpr_features,shape_nn_fpr_mean,shape_nn_fpr_std,shape_nn_fpr_count,abs_rmse_gap_mean,abs_rmse_gap_std,abs_rmse_gap_count,full_fpr_mse_vs_nn_mean,full_fpr_mse_vs_nn_std,full_fpr_mse_vs_nn_count,random_mse_median_mean,random_mse_median_std,random_mse_median_count,dopt_mse_vs_nn_mean,dopt_mse_vs_nn_std,dopt_mse_vs_nn_count,dopt_shape_vs_nn_mean,dopt_shape_vs_nn_std,dopt_shape_vs_nn_count,dopt_gain_vs_random_median_pct_mean,dopt_gain_vs_random_median_pct_std,dopt_gain_vs_random_median_pct_count,dopt_shape_gain_vs_random_median_pct_mean,dopt_shape_gain_vs_random_median_pct_std,dopt_shape_gain_vs_random_median_pct_count,aopt_mse_vs_nn_mean,aopt_mse_vs_nn_std,aopt_mse_vs_nn_count,aopt_shape_vs_nn_mean,aopt_shape_vs_nn_std,aopt_shape_vs_nn_count,aopt_gain_vs_random_median_pct_mean,aopt_gain_vs_random_median_pct_std,aopt_gain_vs_random_median_pct_count,aopt_shape_gain_vs_random_median_pct_mean,aopt_shape_gain_vs_random_median_pct_std,aopt_shape_gain_vs_random_median_pct_count,iopt_mse_vs_nn_mean,iopt_mse_vs_nn_std,iopt_mse_vs_nn_count,iopt_shape_vs_nn_mean,iopt_shape_vs_nn_std,iopt_shape_vs_nn_count,iopt_gain_vs_random_median_pct_mean,iopt_gain_vs_random_median_pct_std,iopt_gain_vs_random_median_pct_count,iopt_shape_gain_vs_random_median_pct_mean,iopt_shape_gain_vs_random_median_pct_std,iopt_shape_gain_vs_random_median_pct_count,latin_mse_vs_nn_mean,latin_mse_vs_nn_std,latin_mse_vs_nn_count,latin_shape_vs_nn_mean,latin_shape_vs_nn_std,latin_shape_vs_nn_count,latin_gain_vs_random_median_pct_mean,latin_gain_vs_random_median_pct_std,latin_gain_vs_random_median_pct_count,latin_shape_gain_vs_random_median_pct_mean,latin_shape_gain_vs_random_median_pct_std,latin_shape_gain_vs_random_median_pct_count,shape_nn_fpr_se,shape_nn_fpr_ci95,abs_rmse_gap_se,abs_rmse_gap_ci95,full_fpr_mse_vs_nn_se,full_fpr_mse_vs_nn_ci95,random_mse_median_se,random_mse_median_ci95,dopt_mse_vs_nn_se,dopt_mse_vs_nn_ci95,dopt_shape_vs_nn_se,dopt_shape_vs_nn_ci95,dopt_gain_vs_random_median_pct_se,dopt_gain_vs_random_median_pct_ci95,dopt_shape_gain_vs_random_median_pct_se,dopt_shape_gain_vs_random_median_pct_ci95,aopt_mse_vs_nn_se,aopt_mse_vs_nn_ci95,aopt_shape_vs_nn_se,aopt_shape_vs_nn_ci95,aopt_gain_vs_random_median_pct_se,aopt_gain_vs_random_median_pct_ci95,aopt_shape_gain_vs_random_median_pct_se,aopt_shape_gain_vs_random_median_pct_ci95,iopt_mse_vs_nn_se,iopt_mse_vs_nn_ci95,iopt_shape_vs_nn_se,iopt_shape_vs_nn_ci95,iopt_gain_vs_random_median_pct_se,iopt_gain_vs_random_median_pct_ci95,iopt_shape_gain_vs_random_median_pct_se,iopt_shape_gain_vs_random_median_pct_ci95,latin_mse_vs_nn_se,latin_mse_vs_nn_ci95,latin_shape_vs_nn_se,latin_shape_vs_nn_ci95,latin_gain_vs_random_median_pct_se,latin_gain_vs_random_median_pct_ci95,latin_shape_gain_vs_random_median_pct_se,latin_shape_gain_vs_random_median_pct_ci95
identity,gpu_geometry,5,highdim_nonlinear,Random nonlinear,62.0,2.0,31,30,2.021911236388167e-14,5.81484408863066e-15,6,6.226292486218495e-09,7.99659922561797e-09,6,7.661343472180454e-15,2.3346310884669226e-15,6,9.261683706144737e-09,7.240375391576066e-09,6,2.9075188820119872e-11,1.0723639069096886e-11,6,4.816956008908821e-11,3.15875000721829e-11,6,99.58477197671586,0.16521110460351485,6,99.7560339538597,0.09188929156918754,6,3.062470312251604e-11,1.799583566202109e-11,6,4.3435572218364835e-11,2.0565404605772825e-11,6,99.58318189459607,0.21118294606847973,6,99.72441885442042,0.2070037652493868,6,2.4617000063372565e-10,3.256896204184892e-10,6,5.385952575888716e-10,7.310472516872059e-10,6,98.10737851160803,1.6112511047068885,6,98.41998372157538,1.426081784139633,6,2.3242031100451808e-10,2.3353326744283556e-10,6,3.8188185036598554e-10,3.8933118202176194e-10,6,97.34800489317678,1.7020587772558478,6,98.26318749589275,1.2662749824726696,6,2.373900158497367e-15,4.652844310654839e-15,3.2645979633831874e-09,6.398612008231047e-09,9.53109150730409e-16,1.8680939354316016e-15,2.955870875927552e-09,5.793506916818002e-09,4.3779073175102955e-12,8.580698342320179e-12,1.2895542904495818e-11,2.5275264092811802e-11,0.06744715102003139,0.13219641599926152,0.03751364619505628,0.07352674654231031,7.346769144488732e-12,1.4399667523197914e-11,8.395791273004411e-12,1.6455750895088648e-11,0.08621507670757904,0.16898155034685491,0.08450893328264499,0.16563750923398418,1.3296223075767268e-10,2.6060597228503845e-10,2.9844879074960723e-10,5.849596298692301e-10,0.657790509004598,1.2892693976490122,0.5821954504366609,1.1411030828558553,9.533955719997775e-11,1.868655321119564e-10,1.589437894846594e-10,3.115298273899324e-10,0.6948625860837129,1.3619306687240773,0.5169545968516255,1.013231009829186
identity,gpu_geometry,5,highdim_nonlinear,Random nonlinear,93.0,3.0,31,30,2.021911236388167e-14,5.81484408863066e-15,6,6.226292486218495e-09,7.99659922561797e-09,6,7.661343472180454e-15,2.3346310884669226e-15,6,3.0108542062382317e-09,2.4179333118263707e-09,6,1.106525634509581e-11,4.33068657610543e-12,6,1.9267208054136628e-11,8.183449270422765e-12,6,99.4560072568866,0.3005564096081966,6,99.64669682080826,0.13737509808237885,6,1.9396060127075828e-11,1.3467087408413952e-11,6,2.982950891662776e-11,1.4036168873078052e-11,6,99.18667887612685,0.5300222672140835,6,99.38988671787126,0.4433899342663564,6,1.8222744232188827e-10,2.4667746150445033e-10,6,4.1112541314228697e-10,5.641820230818258e-10,6,96.01626096475411,3.505806511196237,6,95.97029748782397,4.082339613350831,6,3.6440241112860163e-11,1.1748317597817842e-11,6,7.600811619868177e-11,2.6071372021383104e-11,6,98.01894866176237,1.5391372917370592,6,98.22515202233704,1.4646774582217728,6,2.373900158497367e-15,4.652844310654839e-15,3.2645979633831874e-09,6.398612008231047e-09,9.53109150730409e-16,1.8680939354316016e-15,9.871171410087425e-10,1.934749596377135e-09,1.7679953912298421e-12,3.4652709668104903e-12,3.340879174747841e-12,6.548123182505768e-12,0.12270164041050284,0.24049521520458556,0.05608314894443668,0.10992297193109589,5.497915412012412e-12,1.0775914207544327e-11,5.730241947096202e-12,1.1231274216308556e-11,0.2163806844979304,0.4241061416159436,0.18101318267312463,0.3547858380393243,1.0070565195515724e-10,1.9738307783210819e-10,2.303263464335991e-10,4.514396390098542e-10,1.4312395148929438,2.8052294491901697,1.6666081682433844,3.2665520097570333,4.796230575135652e-12,9.400611927265877e-12,1.0643593057777042e-11,2.0861442393243002e-11,0.6283501681408344,1.2315663295560355,0.5979520683999949,1.1719860540639901
identity,gpu_geometry,5,highdim_nonlinear,Random nonlinear,124.0,4.0,31,30,2.021911236388167e-14,5.81484408863066e-15,6,6.226292486218495e-09,7.99659922561797e-09,6,7.661343472180454e-15,2.3346310884669226e-15,6,9.195846367786412e-10,5.779630205555171e-10,6,5.191030328484693e-12,1.88574132296686e-12,6,8.484861589819082e-12,4.4292231405312113e-13,6,99.20812086298837,0.45040118461598144,6,99.49569185810064,0.22950597258863747,6,1.4871757472674052e-11,1.1081807209729474e-11,6,2.1027959683124287e-11,9.219293437560746e-12,6,98.27673221546443,0.9291886582780378,6,98.8648984446782,0.6204154141432898,6,1.4225784560407578e-10,1.9071217864114507e-10,6,3.388826681227639e-10,4.576435588813711e-10,6,89.51010010358836,10.686573901727952,6,89.56772574214064,11.052510459837274,6,1.4069843857929147e-11,6.248589967387807e-12,6,2.7641340011610794e-11,1.6460153740626913e-11,6,98.2570431260583,0.5088057290966425,6,98.5279239827757,1.0160525357444898,6,2.373900158497367e-15,4.652844310654839e-15,3.2645979633831874e-09,6.398612008231047e-09,9.53109150730409e-16,1.8680939354316016e-15,2.359524150931204e-10,4.6246673358251594e-10,7.69850671358284e-13,1.5089073158622367e-12,1.8082227752048497e-13,3.5441166394015053e-13,0.1838755136423732,0.3603960067390515,0.09369542096055747,0.18364302508269265,4.5241288486221705e-12,8.867292543299454e-12,3.763760785168886e-12,7.376971138931016e-12,0.37933968126041956,0.7435057752704223,0.2532835322014277,0.4964357231147983,7.785792090088633e-11,1.5260152496573719e-10,1.86832200555118e-10,3.6619111308803127e-10,4.362775526296171,8.551040031540495,4.512168500562532,8.843850261102562,2.550976171995718e-12,4.999913297111607e-12,6.719829625383298e-12,1.3170866065751264e-11,0.2077190690819237,0.4071293754005704,0.4148017107391611,0.8130113530487557
identity,gpu_geometry,5,highdim_poly3,Sparse cubic,62.0,2.0,31,30,2.6589259839868312e-14,5.3180897316194664e-15,6,6.0894233937699065e-09,5.4073823186535195e-09,6,8.959224826050373e-15,8.416149470206637e-16,6,1.3314688078092257e-08,3.462727635730676e-09,6,2.9066845545884152e-11,7.129955253220028e-12,6,5.688466963596679e-11,1.4413913461990719e-11,6,99.76512384987971,0.0852184367627693,6,99.8150186200213,0.08587616093157895,6,4.400221395794811e-11,4.1657145376463294e-11,6,4.8135176974840115e-11,2.8780076833687653e-11,6,99.70763777536227,0.21130667793309574,6,99.85901824253399,0.0620131817823901,6,7.416897007228533e-10,5.628221286935492e-10,6,1.4633852391927885e-09,1.0454794958790528e-09,6,94.96950406357875,2.6741660428577054,6,95.93492387660221,2.0803652284799714,6,2.6177149049960637e-10,1.0744023589059739e-10,6,4.2131869932641886e-10,2.2658482979405787e-10,6,98.01823832002067,0.6641327846778389,6,98.75976836922882,0.47055011899936044,6,2.1711010414670714e-15,4.25535804127546e-15,2.2075545874748193e-09,4.326806991450646e-09,3.4358786335002067e-16,6.734322121660405e-16,1.4136526376290228e-09,2.7707591697528846e-09,2.9107920432109163e-12,5.705152404693396e-12,5.884455529751773e-12,1.1533532838313474e-11,0.03479028112440339,0.06818895100383064,0.03505879589191669,0.06871523994815672,1.7006458385545758e-11,3.333265843566968e-11,1.1749417166771613e-11,2.302885764687236e-11,0.08626559002978443,0.16908055645837747,0.025316775448885533,0.049620879879815644,2.2977117187437378e-10,4.5035149687377263e-10,4.2681521690764467e-10,8.365578251389835e-10,1.0917237154131718,2.1397784822098167,0.8493055480674122,1.6646388742121279,4.386229262937057e-11,8.597009355356631e-11,9.25028694084695e-11,1.8130562404060022e-10,0.2711310739857326,0.5314169050120359,0.19210128165905624,0.37651851205175024
identity,gpu_geometry,5,highdim_poly3,Sparse cubic,93.0,3.0,31,30,2.6589259839868312e-14,5.3180897316194664e-15,6,6.0894233937699065e-09,5.4073823186535195e-09,6,8.959224826050373e-15,8.416149470206637e-16,6,4.3056386526771415e-09,1.8561041191504822e-09,6,1.0865355448156513e-11,2.7269380993674425e-12,6,1.8525936242978517e-11,1.7094209999656294e-12,6,99.70588881455875,0.12505394174886023,6,99.78643539671891,0.08047856939288946,6,1.53818570140476e-11,6.020032595098247e-12,6,2.2798673187736386e-11,7.169480188759512e-12,6,99.62950161442994,0.08145442338195022,6,99.7553190729568,0.05607655833476823,6,3.518882159447034e-10,2.0239831255049353e-10,6,7.423872288138765e-10,3.9191763784431243e-10,6,92.02436166250921,1.9340639218821956,6,92.49488039183494,1.768513056217191,6,5.707365631969004e-11,3.0572747739559826e-11,6,9.172417626708984e-11,5.351376957067502e-11,6,98.44874643964435,0.8960171429826975,6,98.97816186910507,0.6351032335525524,6,2.1711010414670714e-15,4.25535804127546e-15,2.2075545874748193e-09,4.326806991450646e-09,3.4358786335002067e-16,6.734322121660405e-16,7.577513335661187e-10,1.4851926137895927e-09,1.1132678172675343e-12,2.182004921844367e-12,6.978682009189954e-13,1.367821673801231e-12,0.0510530579347397,0.10006399355208981,0.032855238373624494,0.064396267212304,2.4576680154855925e-12,4.8170293103517616e-12,2.926928030575605e-12,5.736778939928185e-12,0.033253629096400894,0.06517711302894576,0.022893159075266224,0.0448705917875218,8.262876509150963e-11,1.6195237957935888e-10,1.5999970565257594e-10,3.135994230790488e-10,0.7895782897562407,1.5475734479222316,0.7219924318636899,1.4151051664528322,1.2481271999458233e-11,2.4463293118938135e-11,2.184690494350517e-11,4.2819933689270134e-11,0.365797466849001,0.7169630350240419,0.25927980936590106,0.5081884263571661
identity,gpu_geometry,5,highdim_poly3,Sparse cubic,124.0,4.0,31,30,2.6589259839868312e-14,5.3180897316194664e-15,6,6.0894233937699065e-09,5.4073823186535195e-09,6,8.959224826050373e-15,8.416149470206637e-16,6,1.5602088643057233e-09,7.035642795688285e-10,6,6.265452677096242e-12,2.6802295684505955e-12,6,1.024686627600643e-11,1.095470750650232e-12,6,99.53074372686585,0.22554454135852853,6,99.71215350418056,0.0845709685829229,6,8.522534721352198e-12,1.778667562376357e-12,6,1.366346478453669e-11,1.8131400217772665e-12,6,99.3655503913355,0.2623221896159453,6,99.6176212398895,0.10863389631780662,6,2.1104821180168574e-10,7.639885551318727e-11,6,4.691448544478067e-10,1.7108093723802012e-10,6,85.11842105445525,4.748066251201851,6,87.07868598429968,4.37309934423246,6,3.160441243077906e-11,1.421729959310156e-11,6,4.387918865097321e-11,2.3415012153691555e-11,6,97.26304099358772,2.5646203026160186,6,98.68095627812407,1.1532804044206881,6,2.1711010414670714e-15,4.25535804127546e-15,2.2075545874748193e-09,4.326806991450646e-09,3.4358786335002067e-16,6.734322121660405e-16,2.8722891436541363e-10,5.629686721562107e-10,1.094199139370653e-12,2.14463031316648e-12,4.47224061206122e-13,8.765591599639991e-13,0.09207817343307532,0.18047321992882764,0.034525953346851344,0.06767086855982864,7.261379916436743e-13,1.4232304636216016e-12,7.402113142621804e-13,1.4508141759538737e-12,0.10709258546144698,0.20990146750443608,0.0443496024581731,0.08692522081801927,3.118970215665438e-11,6.113181622704258e-11,6.984350015837716e-11,1.3689326031041925e-10,1.9383899300623186,3.7992442629221443,1.7853103313115424,3.499208249370623,5.8041882538962876e-12,1.1376208977636724e-11,9.559138682935153e-12,1.87359118185529e-11,1.0470018542319046,2.052123634294533,0.4708247535302185,0.9228165169192283
identity,gpu_geometry,5,highdim_poly4,Sparse quartic,62.0,2.0,31,30,2.945931068683943e-14,1.8820573309703437e-14,6,6.2925469441569666e-09,5.655414338633389e-09,6,9.10660630758172e-15,5.811220067928483e-15,6,1.4949002541533052e-08,8.755143445727198e-09,6,4.73893912585467e-11,1.9245429721638318e-11,6,1.0314207800196215e-10,3.6669172428801674e-11,6,99.53665980536846,0.3009228575353611,6,99.58865203300802,0.2770836450313481,6,5.494875478505409e-11,1.746355857440397e-11,6,1.0246810677362531e-10,2.022981777534002e-11,6,99.5380635810879,0.2069501510816594,6,99.63262750053252,0.18147308223044742,6,6.749568308076415e-10,3.998462658262825e-10,6,1.4746427861945827e-09,7.410550357975632e-10,6,95.49107869525947,0.18473049944839967,6,95.73510003214392,0.44373960936506013,6,2.1627420050222686e-10,1.6743648982038243e-10,6,4.717521093281335e-10,3.9389313753082436e-10,6,98.55505693197263,0.7042676382918489,6,98.67956165918002,0.7137730404358715,6,7.683466879236237e-15,1.5059595083303025e-14,2.3088132356119e-09,4.525273941799324e-09,2.3724206582410976e-15,4.6499444901525515e-15,3.574272344484024e-09,7.005573795188687e-09,7.856913783101264e-12,1.5399551014878477e-11,1.4970126956782905e-11,2.934144883529449e-11,0.12285124215031178,0.24078843461461108,0.11311892439954371,0.22171309182310567,7.129467933415959e-12,1.397375714949528e-11,8.258788523178031e-12,1.618722550542894e-11,0.08448704539032563,0.16559460896503822,0.0740860755857882,0.14520870814814488,1.6323655447193917e-10,3.1994364676500075e-10,3.0253445150399205e-10,5.929675249478245e-10,0.07541591059634477,0.14781518476883573,0.1811559369343882,0.3550656363914009,6.835566073044114e-11,1.3397709503166462e-10,1.6080620002240635e-10,3.1518015204391644e-10,0.2875160593616696,0.5635314763488724,0.29139662353713836,0.5711373821327912
identity,gpu_geometry,5,highdim_poly4,Sparse quartic,93.0,3.0,31,30,2.945931068683943e-14,1.8820573309703437e-14,6,6.2925469441569666e-09,5.655414338633389e-09,6,9.10660630758172e-15,5.811220067928483e-15,6,3.604283289486089e-09,2.092057694632335e-09,6,1.597252009575474e-11,6.7549888074783034e-12,6,3.2921732660143514e-11,9.904481543752363e-12,6,99.48309897779295,0.18116148913641222,6,99.56077149689314,0.1902991427983719,6,2.3731482520778662e-11,1.234540194864134e-11,6,4.045589239175582e-11,2.0858897381933092e-11,6,99.3003142174179,0.2336621180240054,6,99.4686074884587,0.2511557326195665,6,4.766871094428953e-10,2.5924457108520137e-10,6,1.1188826635681125e-09,5.309988584009049e-10,6,86.63072424974666,1.7291949441386902,6,87.08709452222229,2.506925764226926,6,5.5740029581083844e-11,5.3013991960928353e-11,6,1.3722643655935934e-10,1.3338539703392484e-10,6,98.6689037310792,0.6157818529676473,6,98.7024208204756,0.5730716874881896,6,7.683466879236237e-15,1.5059595083303025e-14,2.3088132356119e-09,4.525273941799324e-09,2.3724206582410976e-15,4.6499444901525515e-15,8.540789773854212e-10,1.6739947956754255e-09,2.7577126327555463e-12,5.4051167602008705e-12,4.043487658167786e-12,7.92523581000886e-12,0.07395886823782799,0.14495938174614287,0.07768929972417389,0.15227102745938081,5.039989240622071e-12,9.878378911619258e-12,8.515609197135333e-12,1.6690594026385252e-11,0.09539216022946562,0.1869686340497526,0.10253389848213709,0.2009664410249887,1.0583615295757088e-10,2.0743885979683893e-10,2.1677937618043231e-10,4.248875773136473e-10,0.7059408798233755,1.383644124453816,1.023448157565456,2.0059583888282937,2.164287158871398e-11,4.24200283138794e-11,5.4454360311943444e-11,1.0673054621140915e-10,0.2513918887727119,0.49272810199451533,0.23395553673029457,0.45855285199137735
identity,gpu_geometry,5,highdim_poly4,Sparse quartic,124.0,4.0,31,30,2.945931068683943e-14,1.8820573309703437e-14,6,6.2925469441569666e-09,5.655414338633389e-09,6,9.10660630758172e-15,5.811220067928483e-15,6,1.3285670303539643e-09,9.956397096984708e-10,6,7.244897148477961e-12,3.11391084659177e-12,6,1.3993721448909848e-11,4.4850753845868055e-12,6,99.2765376611996,0.3211349247052519,6,99.48239511379587,0.19042566937364333,6,1.3242211729507788e-11,9.795903526645872e-12,6,2.2718127980981814e-11,1.718275688380363e-11,6,98.74932053800507,0.8103552804985841,6,99.15783186915787,0.5337881029929413,6,3.849000523438866e-10,2.1325497888092228e-10,6,9.092489847920346e-10,4.3490312842225033e-10,6,67.82760547800464,8.358089020202842,6,70.11153140546637,7.291700750668641,6,2.0750163004536817e-11,2.0937227774267626e-11,6,4.168679886832702e-11,3.261073418443605e-11,6,98.51140198051183,0.9823315685613027,6,98.78331490419866,0.6312465137713625,6,7.683466879236237e-15,1.5059595083303025e-14,2.3088132356119e-09,4.525273941799324e-09,2.3724206582410976e-15,4.6499444901525515e-15,4.064682094023376e-10,7.966776904285816e-10,1.2712487797779707e-12,2.4916476083648224e-12,1.8310243583591166e-12,3.5888077423838684e-12,0.13110278401916048,0.25696145667755455,0.07774095398222669,0.1523722698051643,3.999160868302105e-12,7.838355301872126e-12,7.014831123269006e-12,1.3749069001607252e-11,0.33082615793191117,0.6484192695465458,0.21791808051681677,0.42711943781296086,8.706098056104375e-11,1.7063952189964574e-10,1.7754845869576958e-10,3.479949790437084e-10,3.4121755540425944,6.687864085923485,2.9768243660345393,5.834575757427697,8.54758744589727e-12,1.675327139395865e-11,1.3313276481567476e-11,2.609402190387225e-11,0.4010351835338369,0.7860289597263203,0.2577053101084321,0.5051024078125269
identity,gpu_geometry,10,highdim_nonlinear,Random nonlinear,172.0,2.0,86,85,7.783267325576473e-15,4.3055794287816976e-15,6,2.9082693614457256e-09,1.988086475874678e-09,6,5.116368051503535e-15,1.8042624862242997e-15,6,3.747645286068e-10,1.7697194464214276e-10,6,3.3149332654633408e-12,1.3571541135799583e-12,6,3.951200702109661e-12,2.0240121787149453e-12,6,99.04003921213086,0.28951074521652576,6,99.05280773546345,0.3422541332449893,6,8.014820794462912e-12,4.249351854555153e-12,6,1.1749780187360563e-11,1.0074041226954608e-11,6,97.63548113266359,1.0042838793291733,6,97.27591714407475,2.0721349225093166,6,5.4405525829377964e-11,3.9711976130880576e-11,6,8.17886456186596e-11,7.221663665541231e-11,6,82.43770000962895,11.008737847469657,6,79.09459038221588,15.303126890770889,6,6.95375563928583e-11,5.055020347716162e-11,6,5.853825594991125e-11,4.330074263967419e-11,6,77.47015364633955,20.491146063410625,6,83.2000996867859,18.4681214745124,6,1.757745441256504e-15,3.445181064862748e-15,8.116329050701635e-10,1.5908004939375204e-09,7.365870755491496e-16,1.4437106680763331e-15,7.22484938602202e-11,1.416070479660316e-10,5.540558467650174e-13,1.085949459659434e-12,8.262995118384153e-13,1.619547043203294e-12,0.11819226680556566,0.2316568429389087,0.1397246648014581,0.2738603430108579,1.7347906302015874e-12,3.4001896351951114e-12,4.112710108966696e-12,8.060911813574724e-12,0.4099971768765515,0.8035944666780409,0.8459455397248978,1.6580532578607998,1.621234636637373e-11,3.177619887809251e-11,2.948231845762203e-11,5.778534417693917e-11,4.494298406394315,8.808824876532858,6.247475391908787,12.245051768141222,2.0637034152151656e-11,4.0448586938217245e-11,1.767745415846269e-11,3.4647810150586874e-11,8.365475350032705,16.3963316860641,7.539579020048645,14.777574879295344
identity,gpu_geometry,10,highdim_nonlinear,Random nonlinear,258.0,3.0,86,85,7.783267325576473e-15,4.3055794287816976e-15,6,2.9082693614457256e-09,1.988086475874678e-09,6,5.116368051503535e-15,1.8042624862242997e-15,6,6.348511691361405e-11,3.263354969058836e-11,6,1.002883650883778e-12,5.965134134066791e-13,6,1.676366017266283e-12,1.3522353452581428e-12,6,98.22668378459805,0.7745113076114861,6,97.11564540584202,2.399288413464478,6,2.7580562023626357e-12,1.669078455079216e-12,6,3.661106778197299e-12,3.1542914956252537e-12,6,95.50004096634488,1.5939015744225202,6,93.7318659395736,6.358079043572735,6,2.3301734905788677e-11,1.6633438370249405e-11,6,2.5357764895542714e-11,1.4854562574566464e-11,6,55.6665096724065,26.903511415588376,6,52.796707569031305,29.29448893679894,6,8.857772444062204e-12,7.50962762369003e-12,6,1.856288026563484e-11,2.218089508957569e-11,6,84.22447281019348,9.560260306116767,6,69.12691693642245,31.543576166582472,6,1.757745441256504e-15,3.445181064862748e-15,8.116329050701635e-10,1.5908004939375204e-09,7.365870755491496e-16,1.4437106680763331e-15,1.3322590872950223e-11,2.6112278110982436e-11,2.4352558126204036e-13,4.773101392735991e-13,5.520477680064484e-13,1.0820136252926388e-12,0.31619291727732035,0.6197381178635478,0.9795053931266274,1.9198305705281897,6.813984259361556e-13,1.335540914834865e-12,1.2877341107137115e-12,2.5239588569988743e-12,0.6507075929256537,1.2753868821342813,2.5956749001726824,5.087522804338457,6.790572779190344e-12,1.3309522647213073e-11,6.064349776655239e-12,1.1886125562244268e-11,10.983312542888978,21.527292584062398,11.959425028460716,23.440473055783002,3.065792639391657e-12,6.008953573207647e-12,9.05531250127757e-12,1.7748412502504035e-11,3.902959926361698,7.649801455668928,12.877611045123949,25.24011764844294
identity,gpu_geometry,10,highdim_nonlinear,Random nonlinear,344.0,4.0,86,85,7.783267325576473e-15,4.3055794287816976e-15,6,2.9082693614457256e-09,1.988086475874678e-09,6,5.116368051503535e-15,1.8042624862242997e-15,6,1.7336221114434784e-11,6.420311083574849e-12,6,4.638815858298961e-13,2.2170078728461652e-13,6,6.40160383703128e-13,4.3491895485197927e-13,6,97.19092182939936,1.1555097707898399,6,96.43424459555546,2.6780812673437473,6,1.2894202588067003e-12,6.444896036692978e-13,6,1.6707676499562772e-12,1.3575101090855784e-12,6,92.37737300321118,3.1491769932465434,6,90.769864345209,8.286439196304613,6,1.0756626583382668e-11,6.7614923831373245e-12,6,1.1607469235586383e-11,4.893343213524299e-12,6,31.119900380659953,38.38691223861316,6,31.736852248687097,33.260625859774265,6,5.246895365237567e-12,4.1835111367182465e-12,6,8.843067022896909e-12,6.163132180856231e-12,6,73.3601813485818,15.087671213829964,6,58.6580998730574,23.141314924191867,6,1.757745441256504e-15,3.445181064862748e-15,8.116329050701635e-10,1.5908004939375204e-09,7.365870755491496e-16,1.4437106680763331e-15,2.621081024115624e-12,5.137318807266623e-12,9.050896740343724e-14,1.7739757611073698e-13,1.7755491980865058e-13,3.480076428249551e-13,0.47173488853924234,0.9246003815369149,1.0933220991163806,2.142911314268106,2.6311177891972346e-13,5.15699086682658e-13,5.542011813215996e-13,1.086234315390335e-12,1.2856461238610297,2.5198664027676183,3.3829246359241054,6.630532286411246,2.760367706400244e-12,5.410320704544478e-12,1.997699001574241e-12,3.915490043085513e-12,15.671391297600163,30.71592694329632,13.578593647011,26.61404354814156,1.7079112697017566e-12,3.347506088615443e-12,2.5160881767373763e-12,4.9315328264052576e-12,6.15951598012692,12.072651321048763,9.44740225688721,18.516908423498933
identity,gpu_geometry,10,highdim_poly3,Sparse cubic,172.0,2.0,86,85,4.1530935366365795e-14,1.8029616799947547e-14,6,5.197576320725705e-09,2.81627903040717e-09,6,2.567510809627585e-14,6.792106893551803e-15,6,3.799846776154403e-09,9.652462801170894e-10,6,1.4960941443876193e-11,2.8461367894109896e-12,6,1.476777565364684e-11,1.698856121582703e-12,6,99.5766085657523,0.1674823081976363,6,99.64462989532971,0.14566380004179316,6,1.3060112619367297e-11,1.0761458554458236e-12,6,1.4609736487528286e-11,2.1822798254270806e-12,6,99.64421209077267,0.060683250160838635,6,99.6647135337945,0.06937502775937811,6,1.1695473275230315e-10,6.611076673635005e-11,6,1.4629858893853397e-10,9.008307712237309e-11,6,97.06966778161514,1.1297192667704903,6,96.96410260482507,1.1064047373922448,6,3.37884374828929e-10,1.4782360131321653e-10,6,5.538336583270603e-10,3.8396423015882313e-10,6,90.42296930555494,5.35550087070947,6,85.95006798461291,12.462643524154194,6,7.360560236297131e-15,1.4426698063142376e-14,1.1497410996329528e-09,2.2534925552805877e-09,2.7728660279403433e-15,5.434817414763073e-15,3.9406014373440483e-10,7.723578817194334e-10,1.1619304787033443e-12,2.2773837382585548e-12,6.935551073802071e-13,1.359368010465206e-12,0.06837436600462685,0.13401375736906862,0.05946699734953204,0.1165553148050828,4.3933470577552897e-13,8.610960233200367e-13,8.909120080443832e-13,1.746187535766991e-12,0.024773833137953314,0.04855671295038849,0.028322236483649156,0.05551158350795234,2.698960750137013e-11,5.289963070268545e-11,3.6776262234933145e-11,7.208147398046896e-11,0.4612059593631415,0.9039636803517573,0.45168784260150324,0.8853081714989464,6.03487325263323e-11,1.1828351575161133e-10,1.5675274056161278e-10,3.0723537150076104e-10,2.186374075044871,4.285293187087947,5.087852913396484,9.972191710257107
identity,gpu_geometry,10,highdim_poly3,Sparse cubic,258.0,3.0,86,85,4.1530935366365795e-14,1.8029616799947547e-14,6,5.197576320725705e-09,2.81627903040717e-09,6,2.567510809627585e-14,6.792106893551803e-15,6,4.947452307799932e-10,1.315474862283902e-10,6,3.4305305260656976e-12,3.9841364288518726e-13,6,4.098242085799605e-12,6.096491195214858e-13,6,99.23690726903347,0.3173976156274149,6,99.19191590289365,0.37743153178282607,6,4.756693304916199e-12,9.040741365613588e-13,6,4.978532226067134e-12,1.032505847437139e-12,6,98.99752020916303,0.22558191772957775,6,99.0759477419803,0.2513806981494996,6,5.634850602187549e-11,3.639438432888548e-11,6,6.953811891462425e-11,4.4161688160239636e-11,6,89.12348963108896,4.9858366793937785,6,88.37631154215273,4.987538752052038,6,4.443795686009546e-11,1.8321899579817154e-11,6,5.290026034581259e-11,3.116272743579817e-11,6,91.09386468927049,2.618547437063207,6,91.12964747617559,3.72615765882497,6,7.360560236297131e-15,1.4426698063142376e-14,1.1497410996329528e-09,2.2534925552805877e-09,2.7728660279403433e-15,5.434817414763073e-15,5.370403636755887e-11,1.0525991128041539e-10,1.6265168860535774e-13,3.1879730966650117e-13,2.488882108274459e-13,4.878208932217939e-13,0.12957703397719844,0.2539709865953089,0.15408577761749592,0.302008124130292,3.690867207037678e-13,7.234099725793849e-13,4.215187471101542e-13,8.261767443359022e-13,0.09209343227265991,0.18050312725441342,0.1026257402751456,0.20114645093928535,1.4857945184752306e-11,2.9121572562114516e-11,1.8028933695416052e-11,3.5336710043015465e-11,2.0354593008945336,3.9895002297532858,2.0361541691475136,3.9908621715291264,7.479884181510924e-12,1.4660572995761412e-11,1.2722130201855926e-11,2.4935375195637613e-11,1.0690175146795842,2.095274328771985,1.5211974942141242,2.9815470886596835
identity,gpu_geometry,10,highdim_poly3,Sparse cubic,344.0,4.0,86,85,4.1530935366365795e-14,1.8029616799947547e-14,6,5.197576320725705e-09,2.81627903040717e-09,6,2.567510809627585e-14,6.792106893551803e-15,6,1.6667712336604377e-10,5.9991831756919e-11,6,1.5997545302720576e-12,1.0756533534418455e-13,6,2.0083487312264147e-12,2.7354536894048316e-13,6,98.94632044601059,0.3149622372770939,6,98.97907196458311,0.2434732197291745,6,2.3695636902752265e-12,1.565314392686739e-13,6,2.5077851321003376e-12,2.115998644729021e-13,6,98.44797891453982,0.4443867341422355,6,98.7092828788019,0.3465943463658078,6,3.164966352801896e-11,2.0645735199365444e-11,6,4.367282491996246e-11,3.4419041734690373e-11,6,82.45743325609637,5.265282593762277,6,80.99091015066215,9.97751307208115,6,2.092109277818006e-11,1.2780793373715385e-11,6,2.455814857322919e-11,2.109544261810234e-11,6,87.53417515850622,7.386357906530231,6,89.21170395987014,6.77537780860874,6,7.360560236297131e-15,1.4426698063142376e-14,1.1497410996329528e-09,2.2534925552805877e-09,2.7728660279403433e-15,5.434817414763073e-15,2.4491562756557868e-11,4.800346300285342e-11,4.391336426743549e-14,8.607019396417356e-14,1.1167442923425896e-13,2.1888188129914755e-13,0.12858279492904717,0.25202227806093247,0.09939752572816798,0.19481915042720924,6.390369248528412e-14,1.2525123727115688e-13,8.638528293344739e-14,1.6931515454955686e-13,0.18142012451838685,0.3555834440560382,0.14149654938828107,0.2773332368010309,8.428586100510545e-12,1.652002875700067e-11,1.40515149475917e-11,2.7540969297279732e-11,2.149542617712584,4.213103530716665,4.073302654757976,7.983673203325632,5.217737045591175e-12,1.0226764609358702e-11,8.6121783854188e-12,1.6879869635420846e-11,3.015467988095205,5.910317256666602,2.766036407611313,5.4214313589181735
identity,gpu_geometry,10,highdim_poly4,Sparse quartic,172.0,2.0,86,85,2.661779046139201e-14,8.521295154119263e-15,6,7.090762019212882e-09,3.362111950063657e-09,6,1.531666459089581e-14,1.0975873014578249e-15,6,1.7707950630472042e-09,4.633230825024544e-10,6,6.2608732442957225e-12,1.2601454830379075e-12,6,6.947103955968614e-12,2.125787134694825e-12,6,99.62170312009202,0.1392793773592799,6,99.64796954438653,0.15135282976332337,6,9.240185033647832e-12,2.7897810851256165e-12,6,1.0604964492862749e-11,3.710907624354727e-12,6,99.42888323870699,0.2608101548258508,6,99.46380066522103,0.22528920168443528,6,1.2377698604197868e-10,1.8374500613716187e-11,6,1.622806724672847e-10,3.5631315018883636e-11,6,92.82473447138695,0.9960063699054451,6,92.20272267947456,0.825090196719017,6,1.072695963686139e-10,6.24462370810006e-11,6,1.6382352307936315e-10,1.2288731907067355e-10,6,94.13045461549314,2.5249320043220536,6,91.93714392120768,7.001719603136202,6,3.4788041792071894e-15,6.818456191246091e-15,1.3725764559616128e-09,2.690249853684761e-09,4.480881394550017e-16,8.782527533318034e-16,1.8915085636407439e-10,3.7073567847358577e-10,5.144522391859847e-13,1.00832638880453e-12,8.67848963629236e-13,1.7009839687133025e-12,0.05686056770379729,0.11144671269944269,0.061789534007744853,0.12110748665517991,1.1389233587709538e-12,2.2322897831910694e-12,1.5149716937121326e-12,2.96934451967578e-12,0.10647529984326903,0.2086915876928073,0.09197393144763916,0.18026890563737274,7.501358463676836e-12,1.47026625888066e-11,1.4546423443438612e-11,2.851098994913968e-11,0.406617897805016,0.7969710796978313,0.3368416622890311,0.660209658086501,2.5493569534219586e-11,4.996739628707039e-11,5.016853793028975e-11,9.83303343433679e-11,1.0307991743019735,2.020366381631868,2.858440058287672,5.6025425142438365
identity,gpu_geometry,10,highdim_poly4,Sparse quartic,258.0,3.0,86,85,2.661779046139201e-14,8.521295154119263e-15,6,7.090762019212882e-09,3.362111950063657e-09,6,1.531666459089581e-14,1.0975873014578249e-15,6,2.553542224203292e-10,5.835426197538099e-11,6,1.8113975075014363e-12,4.1980623353865977e-13,6,2.3859213635016305e-12,2.129495161937946e-13,6,99.24408412406446,0.2983737357207195,6,99.10026538986398,0.21061016520187925,6,2.4684781821579854e-12,6.802680545990339e-13,6,2.8221798706474046e-12,9.188881859417734e-13,6,98.95850367539538,0.47286657097027196,6,98.93054226719325,0.4496316552797444,6,4.5730477885277757e-11,5.828169281097885e-12,6,5.7767689348927577e-11,1.2898384359403633e-11,6,81.38637757687452,4.329556749533012,6,78.40869918775385,5.881939277668627,6,2.583545701942031e-11,1.1063074662216318e-11,6,4.0264405038972364e-11,2.8047109272120383e-11,6,90.02088835787627,3.2809249366249063,6,84.63181437401012,13.378467028392611,6,3.4788041792071894e-15,6.818456191246091e-15,1.3725764559616128e-09,2.690249853684761e-09,4.480881394550017e-16,8.782527533318034e-16,2.3823027692729698e-11,4.6693134277750204e-11,1.713851771682311e-13,3.3591494724973297e-13,8.693627594122337e-14,1.703951008447978e-13,0.12181056752730021,0.23874871235350842,0.08598123989797898,0.16852323020003881,2.777182703472334e-13,5.443278098805775e-13,3.751345310381693e-13,7.352636808348118e-13,0.1930469692161225,0.3783720596636001,0.18356135460639264,0.35978025502852956,2.3793401455422133e-12,4.663506685262738e-12,5.2657433644723626e-12,1.032085699436583e-11,1.7675341414631318,3.4643669172677383,2.4012916547204664,4.706531643252114,4.516481318123891e-12,8.852303383522826e-12,1.145018441279631e-11,2.2442361449080767e-11,1.3394319965173762,2.625286713174057,5.461736293368442,10.705003135002146
identity,gpu_geometry,10,highdim_poly4,Sparse quartic,344.0,4.0,86,85,2.661779046139201e-14,8.521295154119263e-15,6,7.090762019212882e-09,3.362111950063657e-09,6,1.531666459089581e-14,1.0975873014578249e-15,6,8.291441223706823e-11,8.825675834643841e-12,6,8.779172887218197e-13,1.3955007583132082e-13,6,1.1273952758959466e-12,2.1382119964300387e-13,6,98.93212134590881,0.2066499393380667,6,98.83509479194566,0.23251168536320027,6,1.273696561411365e-12,3.421091316084185e-13,6,1.536760392593714e-12,5.017729821257355e-13,6,98.43897678563847,0.5017568952631724,6,98.41433860658543,0.4611440906235406,6,1.996561086572525e-11,2.9041637161929112e-12,6,2.884246424530777e-11,9.074639772917498e-12,6,75.81880709106906,3.587607339451778,6,71.12394007341936,4.721698925327016,6,9.405747325789388e-12,4.8361277275987295e-12,6,1.4758604173694915e-11,1.2817991134558072e-11,6,88.91796856793076,4.833431423174408,6,85.5238352008853,11.041635801210814,6,3.4788041792071894e-15,6.818456191246091e-15,1.3725764559616128e-09,2.690249853684761e-09,4.480881394550017e-16,8.782527533318034e-16,3.6030670716815758e-12,7.0620114604958885e-12,5.697107989223918e-14,1.1166331658878879e-13,8.729213921918869e-14,1.710925928696098e-13,0.08436448445922673,0.16535438954008438,0.09492249806239812,0.1860480962023003,1.396654681312136e-13,2.7374431753717866e-13,2.04847962153786e-13,4.015020058214206e-13,0.2048413947196457,0.40148913365050554,0.1882612866545732,0.3689921218429635,1.1856198723629356e-12,2.3238149498313537e-12,3.704706173868947e-12,7.261224100783136e-12,1.4646345631867963,2.870683743846121,1.9276255143498136,3.7781460081256344,1.974340877257068e-12,3.869708119423853e-12,5.232922967864285e-12,1.0256529017013998e-11,1.9732401155852688,3.8675506265471267,4.507728939768902,8.835148721947048
identity,gpu_geometry,20,highdim_nonlinear,Random nonlinear,542.0,2.0,271,270,3.8777699603993805e-15,1.3427883718790132e-15,6,1.498097872606093e-09,7.539821373154423e-10,6,6.1685344974030084e-15,2.740108884795717e-15,6,2.211051015167122e-11,7.017662144532524e-12,6,6.764085950374299e-13,1.7548755195512788e-13,6,4.281459869863072e-13,1.563145135716831e-13,6,96.7992406989481,0.8881873456870253,6,96.91326104046603,1.02816051494458,6,6.417339002607903e-13,8.466834541654688e-14,6,4.210688211084555e-13,6.083501274801213e-14,6,96.77415116306081,1.3766675945681557,6,96.76642158701704,1.3579105786668781,6,3.929451117364455e-12,4.88182833989997e-13,6,2.551962242724587e-12,3.586378494348045e-13,6,81.24036635880543,3.7753603309285393,6,81.10483558427413,4.683146945555279,6,1.9492345881603392e-11,2.196707121140856e-11,6,9.302886364199534e-12,9.3793841336504e-12,6,28.121761195749468,66.3909482715753,6,41.68450793396844,54.197977962705615,6,5.481910572743612e-16,1.0744544722577478e-15,3.0781191859931896e-10,6.033113604546651e-10,1.1186447679026937e-15,2.1925437450892794e-15,2.8649485735583702e-12,5.615299204174405e-12,7.16424930833693e-14,1.4041928644340383e-13,6.381513294032995e-14,1.250776605630467e-13,0.36260096548836424,0.7106978923571939,0.4197447725485699,0.822699754195197,3.4565707272709115e-14,6.774878625450986e-14,2.483578995472327e-14,4.867814831125761e-14,0.562022192019448,1.101563496358118,0.554364672343548,1.086554757793354,1.9929980741022013e-13,3.9062762252403145e-13,1.4641328892739525e-13,2.869700462976947e-13,1.5412844009866604,3.0209174259338543,1.9118867345140047,3.7472979996474494,8.968019268555486e-12,1.7577317766368754e-11,3.829117538166657e-12,7.505070374806648e-12,27.103991134145378,53.12382262292494,22.126231849872692,43.367414425750475
identity,gpu_geometry,20,highdim_nonlinear,Random nonlinear,813.0,3.0,271,270,3.8777699603993805e-15,1.3427883718790132e-15,6,1.498097872606093e-09,7.539821373154423e-10,6,6.1685344974030084e-15,2.740108884795717e-15,6,4.033433167502648e-12,1.6884688820849552e-12,6,1.704189968773309e-13,3.869028049554442e-14,6,1.0948891823241169e-13,4.095738343129196e-14,6,94.65205345959485,3.4487679140012575,6,95.07349728879565,2.2153634696894486,6,1.706880193707571e-13,1.337363973238896e-14,6,1.0930919779161936e-13,1.2187828281783627e-14,6,94.84889619876839,2.7178561124793816,6,94.89258454750883,2.4903071430363064,6,8.787973010317521e-13,1.8213737290593595e-13,6,5.944613346023443e-13,1.2874946502817884e-13,6,74.5618285637913,11.117962390573188,6,73.49840480786933,9.726163677576205,6,2.500525323583628e-12,3.6681709540197224e-12,6,2.8866688152714993e-12,5.379022576374978e-12,6,47.08458049627773,70.29692671131907,6,-4.663118812057472,194.33491672340412,6,5.481910572743612e-16,1.0744544722577478e-15,3.0781191859931896e-10,6.033113604546651e-10,1.1186447679026937e-15,2.1925437450892794e-15,6.893145346126129e-13,1.3510564878407212e-12,1.5795240869873353e-14,3.095867210495177e-14,1.6720781767697892e-14,3.277273226468787e-14,1.4079536050976365,2.7595890659913676,0.9044183492568095,1.7726599645433467,5.459765558027388e-15,1.070114049373368e-14,4.975660060505287e-15,9.752293718590362e-15,1.1095601116464682,2.1747378188270776,1.016663633874519,1.9926607223940571,7.435727111842749e-14,1.4574025139211787e-13,5.256174899589093e-14,1.0302102803194622e-13,4.538889139393028,8.896222713210335,3.9706896941422047,7.782551800518721,1.4975245211077493e-12,2.9351480613711886e-12,2.1959767711716093e-12,4.304114471496354e-12,28.698600154759482,56.249256303328586,79.33689752976693,155.5003191583432
identity,gpu_geometry,20,highdim_nonlinear,Random nonlinear,1084.0,4.0,271,270,3.8777699603993805e-15,1.3427883718790132e-15,6,1.498097872606093e-09,7.539821373154423e-10,6,6.1685344974030084e-15,2.740108884795717e-15,6,1.2741229721858455e-12,5.57673463485077e-13,6,7.313905074424157e-14,1.4136074350454657e-14,6,4.8192537342215925e-14,1.1702633438337631e-14,6,92.99300871056663,3.9394791183292623,6,93.21549477466061,2.870992160533336,6,6.467669954650454e-14,9.484859242885563e-15,6,4.789162574637067e-14,1.1383872243623344e-14,6,94.19310959181449,2.039887288557499,6,93.56410177680335,1.6341848617966745,6,2.0976365813451663e-13,6.602835954807319e-14,6,1.378702776470202e-13,5.724647161892938e-14,6,81.46254449257454,6.960150226195118,6,81.11087061440215,7.4787162669931515,6,5.893267355961763e-13,7.326093272958688e-13,6,5.45198806505693e-13,8.962565846379222e-13,6,59.65752798934375,35.28388738786779,6,44.167072643248474,73.92306898049613,6,5.481910572743612e-16,1.0744544722577478e-15,3.0781191859931896e-10,6.033113604546651e-10,1.1186447679026937e-15,2.1925437450892794e-15,2.276692381048442e-13,4.462317066854946e-13,5.771028187443177e-15,1.1311215247388626e-14,4.777580095126577e-15,9.364056986448091e-15,1.608285615376008,3.1522398061369756,1.172077641472887,2.2972721772868585,3.872177571198401e-15,7.589468039548866e-15,4.647446382318251e-15,9.108994909343771e-15,0.8327804982925638,1.6322497766534252,0.6671531761304167,1.3076202252156166,2.695596490763417e-14,5.283369121896297e-14,2.3370774173515975e-14,4.580671738009131e-14,2.8414694312158266,5.56928008518302,3.053173130864238,5.984219336493906,2.9908650544641917e-13,5.862095506749815e-13,3.658952184954123e-13,7.171546282510081e-13,14.404586707016485,28.23298994575231,30.178966537129767,59.15077441277434
identity,gpu_geometry,20,highdim_poly3,Sparse cubic,542.0,2.0,271,270,1.0067314472079862e-14,1.1665778561729388e-15,6,8.982087751815046e-09,4.667480996119348e-09,6,1.9058197765540043e-14,4.0712887277160214e-15,6,9.76798849115645e-11,8.200573465581213e-12,6,2.2766197816934606e-12,2.3789326704081057e-13,6,1.4040536966479091e-12,1.9549958385445973e-13,6,97.64036442298885,0.4399128485638282,6,97.74992527193184,0.5443868148235906,6,2.6408854291071556e-12,6.390611765171358e-13,6,1.8444472292067493e-12,6.193802018439632e-13,6,97.25582904732403,0.8001895318235919,6,97.01914781211683,1.1670903339991665,6,1.6197664728403678e-11,1.4726468029536687e-12,6,9.2837221508862e-12,1.0020617851076146e-12,6,83.40421007427933,0.8720116629566849,6,85.3178765984518,1.8360726767570572,6,4.383301581922836e-11,1.922634601595578e-11,6,2.667471069758894e-11,1.6231582014192782e-11,6,55.17504026894405,18.3114647811515,6,57.5692926267101,26.06420319301642,6,4.762534154756006e-16,9.334566943321772e-16,1.9054911374382927e-09,3.734762629379054e-09,1.6620966630748618e-15,3.257709459626729e-15,3.3478700981468472e-12,6.561825392367821e-12,9.711951958227417e-14,1.9035425838125738e-13,7.981237089497983e-14,1.5643224695416047e-13,0.17959366837927113,0.3520035900233714,0.22224498650279845,0.43560017354548497,2.608956328149457e-13,5.113554403172935e-13,2.528609085499604e-13,4.956073807579224e-13,0.3266760084140603,0.6402849764915581,0.47646263367205866,0.933866761997235,6.012055397629086e-13,1.178362857935301e-12,4.090900107093506e-13,8.018164209903272e-13,0.3559972706666169,0.6977546505065692,0.7495735314534776,1.469164121648816,7.84912289288065e-12,1.5384280870046073e-11,6.62651560881819e-12,1.2987970593283652e-11,7.475624192794336,14.652223417876899,10.640666395851715,20.85570613586936
identity,gpu_geometry,20,highdim_poly3,Sparse cubic,813.0,3.0,271,270,1.0067314472079862e-14,1.1665778561729388e-15,6,8.982087751815046e-09,4.667480996119348e-09,6,1.9058197765540043e-14,4.0712887277160214e-15,6,1.3425805355770888e-11,8.76859190654852e-13,6,5.595974094492062e-13,6.63388502771428e-14,6,3.6132215665237e-13,8.55657239224801e-14,6,95.80718822634095,0.6323118541525804,6,95.80870531149543,1.2099656991591567,6,6.521120737517002e-13,2.018121012146136e-13,6,4.3965593083212757e-13,1.5859568907581141e-13,6,95.12751239648325,1.4958236941605532,6,94.85476603785446,2.1807646692983536,6,3.3691305987072473e-12,4.888971380404848e-13,6,2.0362174422536552e-12,3.148085969247076e-13,6,74.89000997850981,3.445179855989773,6,76.30913115362362,5.597025736643979,6,6.410765013400464e-12,2.623722443207994e-12,6,4.233915759579283e-12,2.2267442907639585e-12,6,52.36633868140405,19.556625453720418,6,51.53407310321803,23.78744216255241,6,4.762534154756006e-16,9.334566943321772e-16,1.9054911374382927e-09,3.734762629379054e-09,1.6620966630748618e-15,3.257709459626729e-15,3.579762655623699e-13,7.01633480502245e-13,2.708272221698172e-14,5.3082135545284166e-14,3.493206051365537e-14,6.846683860676453e-14,0.25814023349782644,0.5059548576557398,0.49396642820163855,0.9681741992752115,8.23894453157861e-14,1.6148331281894076e-13,6.474641894013837e-14,1.2690298112267118e-13,0.6106674659763862,1.1969082333137169,0.8902934481450445,1.7449751583642872,1.9959142081770318e-13,3.9119918480269824e-13,1.2852007151783923e-13,2.5189934017496487e-13,1.4064887865483626,2.7567180216347906,2.284976188667148,4.47855332978761,1.0711302020913335e-12,2.099415196099014e-12,9.090645500045533e-13,1.7817665180089245e-12,7.983958908723431,15.648559461097925,9.711182597370039,19.033917890845277
identity,gpu_geometry,20,highdim_poly3,Sparse cubic,1084.0,4.0,271,270,1.0067314472079862e-14,1.1665778561729388e-15,6,8.982087751815046e-09,4.667480996119348e-09,6,1.9058197765540043e-14,4.0712887277160214e-15,6,4.666241595017195e-12,2.1671707823743675e-13,6,2.4941391416550396e-13,2.5092907474984723e-14,6,1.4220989269658912e-13,1.184754435979185e-14,6,94.63266163556104,0.7059212889231287,6,95.34266141254527,0.3488539686236581,6,2.3643552981395786e-13,4.134517430185816e-14,6,1.4850612364651717e-13,4.9017142184990684e-14,6,94.90445922470843,1.0259733830241609,6,95.08335243990628,1.8565883384484523,6,7.687803468927127e-13,1.1097533772556154e-13,6,4.967024183419344e-13,1.1622085700981865e-13,6,83.56932752642275,1.7947755040952313,6,83.78621706840904,3.3969660439242206,6,1.8459107743286317e-12,6.846754865523443e-13,6,9.962836647876635e-13,4.5209673672725104e-13,6,60.6525851900441,13.968233158584464,6,67.49387180760424,14.199294365551335,6,4.762534154756006e-16,9.334566943321772e-16,1.9054911374382927e-09,3.734762629379054e-09,1.6620966630748618e-15,3.257709459626729e-15,8.847437670475682e-14,1.7340977834132337e-13,1.0244136579430404e-14,2.007850769568359e-14,4.836739731079805e-15,9.480009872916418e-15,0.288191159404914,0.5648546724336315,0.14241903631214253,0.27914131117179936,1.6879096727664038e-14,3.3083029586221516e-14,2.0011164500446552e-14,3.922188242087524e-14,0.4188518796810398,0.820949684174838,0.7579490152667246,1.4855800699227804,4.530549191011035e-14,8.879876414381628e-14,4.744696619050354e-14,9.299605373338694e-14,0.7327140313132963,1.4361195013740606,1.386805580195855,2.7181389371838756,2.795175969075082e-13,5.478544899387161e-13,1.845677198931914e-13,3.6175273099065516e-13,5.702507307792754,11.176914323273797,5.796837650529495,11.36180179503781
identity,gpu_geometry,20,highdim_poly4,Sparse quartic,542.0,2.0,271,270,7.987275822327107e-15,3.367250757825439e-15,6,7.918256083224348e-09,5.274652457779552e-09,6,1.319897500514695e-14,6.8005293546910144e-15,6,5.852177520551552e-11,2.501709780643496e-11,6,1.7960010100957527e-12,1.1777462244329357e-12,6,1.1462224850448116e-12,7.155924186020794e-13,6,97.1180291053325,1.1241921735169753,6,97.10856161805269,0.9556698428508502,6,1.9434662677624127e-12,1.025592265122406e-12,6,1.2645970359948554e-12,7.208336667228388e-13,6,96.77272273383278,0.5868742726601641,6,96.74335808849487,0.5676809377175156,6,9.383517536790545e-12,5.112554737658043e-12,6,5.824906683471334e-12,2.9350264623902986e-12,6,84.0545543130141,7.1809730171511745,6,84.18228594406351,7.29340023857593,6,2.5301610015503864e-11,2.0572678646176723e-11,6,1.5393018173824796e-11,1.520307569757336e-11,6,61.49794411852645,18.772939955934195,6,63.12373763058971,23.31109708969627,6,1.3746743654453827e-15,2.69436175627295e-15,2.1533678486795155e-09,4.22060098341185e-09,2.7763044833019246e-15,5.4415567872717725e-15,1.021318741184433e-11,2.001784732721489e-11,4.808128827250152e-13,9.423932501410297e-13,2.921393815632e-13,5.725931878638719e-13,0.45894953299115965,0.8995410846626729,0.3901505795917283,0.7646951359997874,4.186962889491833e-13,8.206447263403992e-13,2.942791121483969e-13,5.76787059810858e-13,0.23959041853073504,0.46959722032024065,0.23175477235209846,0.454239353810113,2.08719173155182e-12,4.0908957938415675e-12,1.198219535737039e-12,2.3485102900445964e-12,2.9316199581190956,5.745975117913427,2.977518179067354,5.835935630972014,8.398760887564068e-12,1.6461571339625573e-11,6.206629663327027e-12,1.2164994140120973e-11,7.664020643990884,15.021480462222131,9.516715535705634,18.652762449983044
identity,gpu_geometry,20,highdim_poly4,Sparse quartic,813.0,3.0,271,270,7.987275822327107e-15,3.367250757825439e-15,6,7.918256083224348e-09,5.274652457779552e-09,6,1.319897500514695e-14,6.8005293546910144e-15,6,8.497372208292746e-12,4.234989968269821e-12,6,3.937935535456326e-13,1.773439383828875e-13,6,2.624563870987765e-13,1.2089570306204404e-13,6,95.2091035085294,1.6262978218730864,6,95.0060437429437,1.4478662799987738,6,3.866294300636681e-13,1.1833532060762398e-13,6,2.70388127716355e-13,8.49587855695934e-14,6,95.10205551309053,1.1017182263223348,6,94.63413928283187,0.9961173325719955,6,2.0022756261483704e-12,9.876270132476741e-13,6,1.2831302272714308e-12,7.327798408429208e-13,6,75.66136596942745,10.657606610739537,6,75.94497008520027,11.264897370675946,6,3.828561804176329e-12,1.3446632417698553e-12,6,3.0009864883869324e-12,5.789931262163998e-13,6,50.71980057479802,12.70202858970843,6,37.09586727732909,20.79503238993603,6,1.3746743654453827e-15,2.69436175627295e-15,2.1533678486795155e-09,4.22060098341185e-09,2.7763044833019246e-15,5.4415567872717725e-15,1.7289274146777641e-12,3.3886977327684176e-12,7.240035966894249e-14,1.419047049511273e-13,4.9355464099506296e-14,9.673670963503234e-14,0.6639333055647916,1.3013092789069916,0.5910889336297723,1.1585343099143537,4.831019233955563e-14,9.468797698552904e-14,3.4684278968672424e-14,6.798118677859796e-14,0.44977458246897256,0.8815581816391862,0.40666319812394053,0.7970598683229234,4.03197039774294e-13,7.902661979576163e-13,2.991561173105041e-13,5.86345989928588e-13,4.350949679270782,8.527861371370733,4.598875093829321,9.013795183905469,5.489564697021396e-13,1.0759546806161936e-12,2.3637295396817293e-13,4.632909897776189e-13,5.18558145717158,10.163739656056295,8.489536423332044,16.639491389730807
identity,gpu_geometry,20,highdim_poly4,Sparse quartic,1084.0,4.0,271,270,7.987275822327107e-15,3.367250757825439e-15,6,7.918256083224348e-09,5.274652457779552e-09,6,1.319897500514695e-14,6.8005293546910144e-15,6,2.9071321074477545e-12,1.7188999443365303e-12,6,1.6749934909106255e-13,6.726849349578579e-14,6,1.008224762024293e-13,3.933153078167259e-14,6,93.71669641990782,1.3368749962720194,6,94.05526996279389,1.3751113475074226,6,1.5960085629380024e-13,5.6692730570362385e-14,6,9.879379243722568e-14,2.8297766071484273e-14,6,93.86466407766875,1.361834947085146,6,93.87699488741443,1.7029056910039466,6,4.729873427832739e-13,2.2039628995906052e-13,6,2.9255272317056205e-13,1.2257507364930532e-13,6,82.81554283922681,4.535061823186838,6,82.67788905196474,5.969612699781213,6,1.1912589445744564e-12,5.444080751917176e-13,6,7.20510350967552e-13,3.5897143386426066e-13,6,46.96040866725741,45.307082093045295,6,47.68844432551783,44.04967771820521,6,1.3746743654453827e-15,2.69436175627295e-15,2.1533678486795155e-09,4.22060098341185e-09,2.7763044833019246e-15,5.4415567872717725e-15,7.017379637538178e-13,1.375406408957483e-12,2.7462247471734038e-14,5.3826005044598714e-14,1.6057030202944642e-14,3.14717791977715e-14,0.5457769317919352,1.069722786312193,0.5613868568173643,1.100318239362034,2.3144710337078833e-14,4.536363226067451e-14,1.155251462262976e-14,2.264292866035433e-14,0.5559667890414562,1.0896949065212542,0.6952083371735446,1.3626083408601473,8.997640860036432e-14,1.7635376085671408e-13,5.0041064270811006e-14,9.808048597078956e-14,1.8514312364639565,3.6288052234693544,2.4370841794170466,4.776684991657411,2.2225366601174092e-13,4.356171853830122e-13,1.465494742004461e-13,2.8723696943287436e-13,18.496538810391645,36.25321606836762,17.983205623941398,35.24708302292514
identity,gpu_geometry,50,highdim_nonlinear,Random nonlinear,2852.0,2.0,1426,1425,1.7487508259291895e-15,2.628212602036059e-16,6,2.982523362541715e-09,1.3374652422176289e-09,6,8.75289655137784e-15,1.6436320165371758e-15,6,2.8339506376308194e-13,7.195981380493248e-14,6,7.460465127300072e-14,2.6410872950828042e-14,6,2.169603604228804e-14,7.331946892632456e-15,6,74.00157611315619,4.26635153938878,6,67.78022679772,6.143255106565227,6,6.182764381768211e-14,1.1853669938569926e-14,6,1.668751154186788e-14,4.565515431382704e-15,6,77.76000133729302,2.6192430206876263,6,74.67570523186589,4.884290825908573,6,8.447967967420037e-14,8.441887379502998e-15,6,2.0507722066177973e-14,3.4741433354729713e-15,6,68.8578226880596,6.689912661983217,6,68.1928476036792,6.682376360868135,6,3.539624390503509e-13,1.2728565703778116e-13,6,9.971728789770693e-14,5.0277208320418e-14,6,-24.788610369548866,32.58682709428013,6,-48.18548185497687,63.066497396462985,6,1.0729633017568023e-16,2.1030080714433325e-16,5.460178986901835e-10,1.0701950814327596e-09,6.710099609029739e-16,1.3151795233698289e-15,2.937747096796158e-14,5.757984309720469e-14,1.078219373183383e-14,2.1133099714394308e-14,2.993254784689033e-15,5.866779377990504e-15,1.74173072247334,3.4137922160477463,2.5079733951386505,4.915627854471754,4.839240488144057e-15,9.484911356762353e-15,1.863863869948375e-15,3.653173185098815e-15,1.0693014855051282,2.0958309115900513,1.9940033798055046,3.908246624418789,3.4463860909705595e-15,6.754916738302297e-15,1.4183130775332635e-15,2.7798936319651965e-15,2.7311454076071997,5.353044998910112,2.7280687255605467,5.347014702098671,5.1964151886243737e-14,1.0184973769703772e-13,2.052558434610616e-14,4.0230145318368076e-14,13.303516452881357,26.074892247647462,25.746789747649682,50.46370790539338
identity,gpu_geometry,50,highdim_nonlinear,Random nonlinear,4278.0,3.0,1426,1425,1.7487508259291895e-15,2.628212602036059e-16,6,2.982523362541715e-09,1.3374652422176289e-09,6,8.75289655137784e-15,1.6436320165371758e-15,6,4.446938519332708e-14,9.496005975424632e-15,6,2.1481651107146215e-14,4.26158853241835e-15,6,4.964361784974893e-15,7.475351339316364e-16,6,51.540321514260064,2.649181198785381,6,57.28335487288154,6.082268333116607,6,1.893016105654594e-14,3.9738099173379634e-15,6,5.441704660137466e-15,1.6375508318294426e-15,6,57.3626341222259,2.937556843855178,6,53.433313313608345,12.126334992478121,6,2.3436070785807234e-14,2.4864837661547135e-15,6,7.156062480621567e-15,2.0883945536420225e-15,6,46.13552812867274,6.844880158116672,6,38.51364160797706,17.814668667871683,6,4.874526577637069e-14,1.660099426137789e-14,6,1.438813583537675e-14,6.299736211885045e-15,6,-8.534924668305223,21.371189506038917,6,-21.016857548768094,40.63433402705222,6,1.0729633017568023e-16,2.1030080714433325e-16,5.460178986901835e-10,1.0701950814327596e-09,6.710099609029739e-16,1.3151795233698289e-15,3.876728205701734e-15,7.598387283175399e-15,1.7397862330201945e-15,3.409981016719581e-15,3.0517994048926546e-16,5.981526833589602e-16,1.081523695533139,2.1197864432449527,2.4830756491373447,4.866828272309196,1.6223011053815684e-15,3.179710166547874e-15,6.685273276420469e-16,1.3103135621784117e-15,1.1992525596442976,2.350535016902823,4.9505555302713145,9.703088839331777,1.0151027467988097e-15,1.989601383725667e-15,8.52583506338398e-16,1.67106367242326e-15,2.7944106229811476,5.477044821043049,7.272808028838759,14.254703736523968,6.777327527207925e-15,1.3283561953327533e-14,2.5718565388753622e-15,5.04083881619571e-15,8.724751581019637,17.100513098798487,16.58889740068165,32.51423890533603
identity,gpu_geometry,50,highdim_nonlinear,Random nonlinear,5704.0,4.0,1426,1425,1.7487508259291895e-15,2.628212602036059e-16,6,2.982523362541715e-09,1.3374652422176289e-09,6,8.75289655137784e-15,1.6436320165371758e-15,6,1.7953502858142446e-14,3.740971195505605e-15,6,1.2439594016399521e-14,2.558182864774741e-15,6,3.6795994404336575e-15,1.4744715201699131e-15,6,30.687775269357292,1.4447622540512695,6,17.14019410058508,24.02182459302909,6,1.1692894527053024e-14,2.2771236744205792e-15,6,2.8675116175693587e-15,1.1005354824456443e-15,6,34.69169861007776,2.129838913962705,6,32.03343105093384,29.888878179749096,6,1.2518978008389235e-14,2.6442899830133436e-15,6,3.424900889414365e-15,1.3035213684275126e-15,6,30.330352944182067,1.7188944788717357,6,20.976811846674817,26.04877937948127,6,1.9040129742266712e-14,2.694090531427072e-15,6,5.296922504427197e-15,2.1853739840943348e-15,6,-7.816058311995641,11.85615170513859,6,-23.879566698803952,51.47606728608601,6,1.0729633017568023e-16,2.1030080714433325e-16,5.460178986901835e-10,1.0701950814327596e-09,6.710099609029739e-16,1.3151795233698289e-15,1.5272450952397173e-15,2.9934003866698458e-15,1.0443737812382359e-15,2.0469726112269423e-15,6.019504774470205e-16,1.17982293579616e-15,0.5898217203431482,1.1560505718725704,9.806868823926909,19.221462894896742,9.296318472569917e-16,1.822078420623704e-15,4.492917293032571e-16,8.806117894343839e-16,0.869503095588685,1.7042260673538225,12.202083420765227,23.916083504699845,1.079526865055915e-15,2.1158726555095936e-15,5.321603702436474e-16,1.0430343256775488e-15,0.7017357324871589,1.3754020356748315,10.634369650343556,20.84336451467337,1.0998578538099825e-15,2.1557213934675655e-15,8.921751930307136e-16,1.7486633783401987e-15,4.840253665103044,9.486897183601966,21.015016469347398,41.1894322799209
identity,gpu_geometry,50,highdim_poly3,Sparse cubic,2852.0,2.0,1426,1425,9.76538238753005e-15,4.8897307372605824e-15,6,9.694021969412306e-09,1.0652636322015431e-08,6,3.865052843781441e-14,1.5787800834550596e-14,6,1.4552640361371982e-12,4.983566849132483e-13,6,3.642166912931801e-13,1.826049177376303e-13,6,1.0071304298890363e-13,4.695331013265952e-14,6,76.02062096511062,3.7613265246116474,6,73.05096635547898,5.268155982198156,6,3.2332676725900003e-13,1.5088780955860908e-13,6,7.84898385648313e-14,3.7849860506070677e-14,6,78.51381635928963,2.695255401096916,6,79.10076796111711,3.0434003988002614,6,4.585403115521831e-13,1.7933456252757147e-13,6,1.0988050911672271e-13,4.672237436732383e-14,6,68.90089764073248,2.3133982790838634,6,70.33226185626856,2.4035442320044043,6,1.608453445903516e-12,4.878490159910822e-13,6,3.7197843188049853e-13,1.4978648727966e-13,6,-14.047831286604259,32.187619664798476,6,-2.465910209071128,17.805639416277256,6,1.9962242143152375e-15,3.912599460057865e-15,4.348920567396053e-09,8.523884312096264e-09,6.445342700889231e-15,1.2632871693742892e-14,2.0345326465707168e-13,3.987683987278605e-13,7.454814549668192e-14,1.4611436517349655e-13,1.916860859327783e-14,3.7570472842824546e-14,1.5355551235490883,3.009688042156213,2.1507156736293704,4.215402720313566,6.159969030413909e-14,1.207353929961126e-13,1.545214084589904e-14,3.028619605796212e-14,1.1003334098613096,2.1566534833281668,1.2424630100072458,2.435227499614202,7.321302857296581e-14,1.43497536003013e-13,1.907432946187257e-14,3.738568574527024e-14,0.94444089259803,1.8511041494921388,0.9812428237700767,1.9232359345893502,1.9916352678283708e-13,3.9036051249436065e-13,6.115007736650836e-14,1.198541516383564e-13,13.140540702254999,25.755459776419798,7.269121852311166,14.247478830529884
identity,gpu_geometry,50,highdim_poly3,Sparse cubic,4278.0,3.0,1426,1425,9.76538238753005e-15,4.8897307372605824e-15,6,9.694021969412306e-09,1.0652636322015431e-08,6,3.865052843781441e-14,1.5787800834550596e-14,6,2.3382865456992914e-13,8.6730839737427e-14,6,1.0515666160414856e-13,4.76518395163301e-14,6,2.657253537871229e-14,1.3195606866032166e-14,6,56.11117812546838,3.5791269548740847,6,57.27808764380262,10.253338928580266,6,9.242964675558765e-14,3.8717281056251975e-14,6,2.3510656031610645e-14,9.839001283103976e-15,6,61.05987089780624,2.1534033328543245,6,61.11974318889887,11.510402971055635,6,1.1379519937495707e-13,4.388335037852602e-14,6,2.817471710127195e-14,1.2821760133049987e-14,6,51.60232091790319,2.581955228318136,6,54.30170182641084,9.272718693132742,6,2.601523860239633e-13,1.0501818388793783e-13,6,7.706085805544444e-14,3.46641860354298e-14,6,-11.056268083916743,28.63930391509077,6,-27.92758745794426,52.27609236306195,6,1.9962242143152375e-15,3.912599460057865e-15,4.348920567396053e-09,8.523884312096264e-09,6.445342700889231e-15,1.2632871693742892e-14,3.540771705329985e-14,6.939912542446771e-14,1.945378202000012e-14,3.812941275920023e-14,5.3870839446908455e-15,1.0558684531594057e-14,1.461172460680477,2.8638980229337347,4.185908089139471,8.204379854713364,1.5806263802623778e-14,3.0980277053142604e-14,4.016755453698953e-15,7.872840689249948e-15,0.8791232293169631,1.7230815294612476,4.699102335483633,9.21024057754792,1.7915302771859966e-14,3.511399343284553e-14,5.23446165505537e-15,1.0259544843908525e-14,1.0540788080151122,2.06599446370962,3.7855715544237483,7.419720246670546,4.287349403987022e-14,8.403204831814564e-14,1.415159468928553e-14,2.773712559099964e-14,11.691946863410827,22.91621585228522,21.341625339351047,41.82958566512805
identity,gpu_geometry,50,highdim_poly3,Sparse cubic,5704.0,4.0,1426,1425,9.76538238753005e-15,4.8897307372605824e-15,6,9.694021969412306e-09,1.0652636322015431e-08,6,3.865052843781441e-14,1.5787800834550596e-14,6,8.688990480161271e-14,3.311102752859747e-14,6,5.722903978642734e-14,2.360209301687856e-14,6,1.5018296053210823e-14,7.871568884639733e-15,6,34.78500627178372,2.8151946565112658,6,35.457779837002825,18.296061008447396,6,5.4272385031981076e-14,2.226840175552279e-14,6,1.541858575766483e-14,6.0531084406711555e-15,6,38.1371170420026,2.7130924399541394,6,31.114426299161362,19.363050145501063,6,5.835333871095853e-14,2.3822627149618013e-14,6,1.7996707715774036e-14,7.254120409587267e-15,6,33.442201656376135,2.599963718744787,6,18.63950953306316,26.048302988393687,6,9.500539403072101e-14,4.498166498057038e-14,6,2.342379340518305e-14,1.1925629289532741e-14,6,-7.2460336722929455,13.72377248438806,6,-4.003374502152952,31.57098902716904,6,1.9962242143152375e-15,3.912599460057865e-15,4.348920567396053e-09,8.523884312096264e-09,6.445342700889231e-15,1.2632871693742892e-14,1.3517520384051825e-14,2.6494339952741578e-14,9.635514125509752e-15,1.8885607685999114e-14,3.2135545404227083e-15,6.298566899228508e-15,1.1492984058437263,2.2526248754537037,7.469335628921192,14.639897832685536,9.091036948054666e-15,1.7818432418187145e-14,2.471171172896379e-15,4.843495498876903e-15,1.1076153504817083,2.1709260869441485,7.904932120066864,15.493666955331053,9.725546808189564e-15,1.9062071744051544e-14,2.96148225603302e-15,5.804505221824719e-15,1.0614307434456274,2.08040425715343,10.634175164496458,20.84298332241306,1.8363687830536072e-14,3.59928281478507e-14,4.868617770157515e-15,9.54249082950873e-15,5.602706655466428,10.9813050447142,12.88880229859514,25.262052505246473
identity,gpu_geometry,50,highdim_poly4,Sparse quartic,2852.0,2.0,1426,1425,4.7676180764226344e-15,1.7567504480995821e-15,6,1.2817745751366369e-08,9.264394675046971e-09,6,1.713490477357859e-14,8.23429434106224e-15,6,6.422899063688193e-13,3.2526479640740416e-13,6,1.8691751264072277e-13,9.678508828259576e-14,6,4.989504310024369e-14,2.501623801691965e-14,6,71.08865830412277,2.4367412722497113,6,70.35593414359883,4.247401038892525,6,1.5315501791969106e-13,7.662855464364635e-14,6,3.831957588204142e-14,1.7180672020893298e-14,6,76.15158908420356,2.397042082449728,6,76.76591748745109,2.090330316649207,6,2.085699047270502e-13,1.0006444024067129e-13,6,5.5350636118662355e-14,2.5635843726770612e-14,6,67.1422912251886,2.0632437045349983,6,66.44537740421733,3.1628792483020924,6,8.203542410167389e-13,3.8533023984874534e-13,6,1.9213322446018584e-13,6.855652892466226e-14,6,-34.2924962431108,47.951055442019815,6,-21.321636910717,18.81739062576935,6,7.171903672082798e-16,1.4056931197282283e-15,3.782173288270442e-09,7.413059645010066e-09,3.3616365879149213e-15,6.588807712313246e-15,1.327887970813992e-13,2.602660422795424e-13,3.9512346833763784e-14,7.744419979417701e-14,1.0212836404244547e-14,2.0017159352319312e-14,0.9947954586986834,1.9497990990494194,1.7339942130423092,3.398628657562926,3.128347643398534e-14,6.131561381061126e-14,7.013979981550012e-15,1.3747400763838024e-14,0.9785883323300396,1.9180331313668777,0.8533737782768244,1.6726126054225758,4.085113666447744e-14,8.006822786237578e-14,1.046578937605285e-14,2.0512947177063587e-14,0.8423157151867409,1.650938801766012,1.2912400460629574,2.5308304902833965,1.5731041168228062e-13,3.0832840689727e-13,2.7988085733629746e-14,5.48566480379143e-14,19.575936410142507,38.36883536387931,7.682167553961059,15.057048405763675
identity,gpu_geometry,50,highdim_poly4,Sparse quartic,4278.0,3.0,1426,1425,4.7676180764226344e-15,1.7567504480995821e-15,6,1.2817745751366369e-08,9.264394675046971e-09,6,1.713490477357859e-14,8.23429434106224e-15,6,1.0696908759752807e-13,5.195885136809692e-14,6,4.68726166618425e-14,2.199874355605029e-14,6,1.192086123332255e-14,5.3285965803793455e-15,6,55.89716982976257,1.5098088842440605,6,55.96961382215856,6.728276404073605,6,4.224041615051225e-14,1.952589696331077e-14,6,1.0686791206297125e-14,4.641110069121716e-15,6,60.1446685605554,1.5172574149241567,6,60.07048204407388,8.182289573682393,6,5.1618365456922754e-14,2.473499232383219e-14,6,1.3742393703699721e-14,5.946419722191741e-15,6,51.50889632588373,2.9053214900230806,6,48.314080065672464,11.739936736523054,6,1.145616191310797e-13,5.1116478069943e-14,6,3.336031953664168e-14,1.1477467737329168e-14,6,-9.720644447704414,19.20093718708759,6,-32.606088926537566,47.793261510488165,6,7.171903672082798e-16,1.4056931197282283e-15,3.782173288270442e-09,7.413059645010066e-09,3.3616365879149213e-15,6.588807712313246e-15,2.121211224549152e-14,4.1575740001163376e-14,8.980949449110455e-15,1.760266092025649e-14,2.1753904445114545e-15,4.263765271242451e-15,0.6163768959197902,1.2080987160027887,2.7468073397313972,5.383742385873538,7.971414055045158e-15,1.562397154788851e-14,1.894725251573562e-15,3.713661493084182e-15,0.6194177458364071,1.2140587818393578,3.3404057305361277,6.54719523185081,1.0098018330841268e-14,1.9792115928448884e-14,2.4276156859653778e-15,4.7581267444921405e-15,1.186092531549846,2.3247413618376984,4.79280910283944,9.393905841565303,2.0868214786587774e-14,4.090170098171204e-14,4.6856565826187756e-15,9.1838869019328e-15,7.838749781932524,15.363949572587746,19.511517307349138,38.24257392240431
identity,gpu_geometry,50,highdim_poly4,Sparse quartic,5704.0,4.0,1426,1425,4.7676180764226344e-15,1.7567504480995821e-15,6,1.2817745751366369e-08,9.264394675046971e-09,6,1.713490477357859e-14,8.23429434106224e-15,6,3.8591293044128573e-14,1.8800356465585825e-14,6,2.549684394918809e-14,1.2287485410175997e-14,6,6.2083685577105085e-15,3.533061160872352e-15,6,33.74914795281004,2.644116358780922,6,40.63512141156727,9.218992076277955,6,2.4338813414432765e-14,1.1255902721017836e-14,6,6.9323637864862224e-15,2.842118264373622e-15,6,36.33319675318715,2.3714435123973994,6,29.1296076038802,12.395185963452912,6,2.568463776165694e-14,1.235593241385555e-14,6,7.041369112875545e-15,2.7703457735780034e-15,6,33.280144702143886,1.3924286753641566,6,27.700533619360268,10.393590037289412,6,4.4426878902099995e-14,2.4226717649353207e-14,6,1.1380554821660048e-14,5.9984272435089295e-15,6,-14.050138917097664,17.40745186899338,6,-11.999306419343634,30.698629449179073,6,7.171903672082798e-16,1.4056931197282283e-15,3.782173288270442e-09,7.413059645010066e-09,3.3616365879149213e-15,6.588807712313246e-15,7.675213387186648e-15,1.504341823888583e-14,5.01634491280401e-15,9.832036029095858e-15,1.4423661790304092e-15,2.827037710899602e-15,1.0794559832598458,2.1157337271892978,3.7636377549403743,7.376729999683134,4.595203043483076e-15,9.00659796522683e-15,1.1602899227266527e-15,2.274168248544239e-15,0.9681377598678571,1.8975500093409998,5.060313479561323,9.918214419940194,5.044288285043561e-15,9.88680503868538e-15,1.1309889260570082e-15,2.216738295071736e-15,0.5684566263102783,1.1141749875681455,4.243165364505641,8.316604114431057,9.890516063899145e-15,1.9385411485242324e-14,2.448847667634383e-15,4.79974142856339e-15,7.106562466848525,13.92886243502311,12.532662992210959,24.56401946473348
identity,iterative_dopt,5,highdim_poly2,Quadratic,62.0,2.0,31,30,3.599399311267581e-14,2.1017507735130563e-14,6,5.0440159872951656e-09,4.889902889156585e-09,6,1.5107852081827693e-14,1.0365865184294583e-14,6,2.4031912418756398e-08,1.640073576281297e-08,6,5.230569234806898e-11,3.1297559425322723e-11,6,1.0421078585110456e-10,6.935660382501749e-11,6,99.77498573787712,0.05692439698290974,6,99.81609862033463,0.08635550333780305,6,1.0473109522600452e-10,8.010887716504861e-11,6,1.8425544998297429e-10,1.2437993181448048e-10,6,99.61644693459067,0.11215632343545495,6,99.69594466046959,0.08120149345027798,6,3.4826080760215404e-10,2.351729698916517e-10,6,7.495760328435022e-10,4.978509841479149e-10,6,98.65353298418334,0.4360770084726944,6,98.72716714586856,0.25415504404232364,6,8.360647320348037e-10,9.043016033056702e-10,6,1.5131853313901423e-09,1.2941996662369173e-09,6,96.68061453052117,1.9205942840306915,6,96.51903801732595,3.4293287954691802,6,8.58036160267807e-15,1.6817508741249018e-14,1.9962944950324807e-09,3.912737210263662e-09,4.2318467406671406e-15,8.294419611707595e-15,6.6955723375179366e-09,1.3123321781535156e-08,1.2777175131079165e-11,2.5043263256915165e-11,2.8314714943942815e-11,5.5496841290127914e-11,0.023239287753959188,0.045549003997760004,0.035254486609804514,0.06909879375521685,3.270431215361069e-11,6.410045182107696e-11,5.077789453127351e-11,9.952467328129608e-11,0.04578762730723658,0.0897437495221837,0.03315037088418856,0.06497472693300958,9.600896292157635e-11,1.8817756732628965e-10,2.0324681318413804e-10,3.9836375384091057e-10,0.178027693219573,0.3489342787103631,0.10375836224304645,0.20336638999637105,3.691795836132703e-10,7.235919838820098e-10,5.283548012601237e-10,1.0355754104698424e-09,0.7840793331301968,1.5367954929351857,1.4000176181887916,2.744034531650031
identity,iterative_dopt,5,highdim_poly2,Quadratic,93.0,3.0,31,30,3.599399311267581e-14,2.1017507735130563e-14,6,5.0440159872951656e-09,4.889902889156585e-09,6,1.5107852081827693e-14,1.0365865184294583e-14,6,8.197392545135424e-09,6.862407216307852e-09,6,1.7190362187938543e-11,1.234206548189295e-11,6,3.9763672875949314e-11,2.9965079792697137e-11,6,99.71722146655232,0.16132062945443662,6,99.74938090249883,0.1333903221665523,6,4.960478625822638e-11,4.1973178815759805e-11,6,7.666388700245143e-11,5.6469115222386176e-11,6,99.43418255741774,0.11392624470843328,6,99.58473679232138,0.05255284549362353,6,2.582405496528066e-10,1.81295527497457e-10,6,5.662618045938399e-10,4.1987356743005716e-10,6,96.65639062067333,0.8439592869383375,6,96.72281415883782,0.7858960936188985,6,6.728574512487986e-11,5.5051620673838037e-11,6,1.357254779352587e-10,1.0675263973338669e-10,6,99.0516921458805,0.32091380130618424,6,99.08361177344653,0.4653366986334295,6,8.58036160267807e-15,1.6817508741249018e-14,1.9962944950324807e-09,3.912737210263662e-09,4.2318467406671406e-15,8.294419611707595e-15,2.801566014524558e-09,5.491069388468134e-09,5.038627133775851e-12,9.875709182200668e-12,1.2233192598981854e-11,2.3977057494004435e-11,0.06585887119132806,0.129083387535003,0.054456370988918916,0.10673448713828107,1.7135478496867973e-11,3.3585537853861226e-11,2.305341975354606e-11,4.518470271695028e-11,0.04651019464118561,0.09115998149672379,0.021454609331783336,0.04205103429029534,7.40135891695811e-11,1.4506663477237895e-10,1.7141266611428437e-10,3.3596882558399734e-10,0.34454493611367715,0.6753080747828072,0.32084073670214336,0.628847843936201,2.247473002735944e-11,4.40504708536245e-11,4.3581582673659776e-11,8.541990204037316e-11,0.13101251076950954,0.2567845211082387,0.18997291170719544,0.37234690694610306
identity,iterative_dopt,5,highdim_poly2,Quadratic,124.0,4.0,31,30,3.599399311267581e-14,2.1017507735130563e-14,6,5.0440159872951656e-09,4.889902889156585e-09,6,1.5107852081827693e-14,1.0365865184294583e-14,6,2.5259928611874945e-09,2.112474982240455e-09,6,1.0031651917386621e-11,8.048602061152695e-12,6,2.36691033005681e-11,2.0320387333299498e-11,6,99.45940474676992,0.3466396991051975,6,99.4867113509074,0.3564317907711955,6,3.8411140430636837e-11,3.050129848668886e-11,6,5.0711855986145814e-11,3.7030018917255506e-11,6,98.64197264930509,0.569756988092414,6,99.14509035343696,0.21292536709047916,6,2.1530485583270231e-10,1.5274533746608428e-10,6,4.736557937773574e-10,3.4452962450948855e-10,6,90.98847533439755,1.960255032846161,6,91.2851205795858,1.3385563594954202,6,2.1214010241772396e-11,1.2790429357401227e-11,6,4.4360898366782725e-11,2.9063706353151426e-11,6,98.73763477605728,1.01282937849186,6,99.06083944368362,0.5074155402478648,6,8.58036160267807e-15,1.6817508741249018e-14,1.9962944950324807e-09,3.912737210263662e-09,4.2318467406671406e-15,8.294419611707595e-15,8.624143001473453e-10,1.6903320282887968e-09,3.2858280320895122e-12,6.440222942895444e-12,8.295763390383056e-12,1.625969624515079e-11,0.14151506456660476,0.2773695265505453,0.1455126692493139,0.28520483172865524,1.245210296411874e-11,2.440612180967273e-11,1.511744191881407e-11,2.9630186160875575e-11,0.2326023163685676,0.4559005400823925,0.0869264171110786,0.17037577753771405,6.235802289685476e-11,1.2222172487783532e-10,1.4065363022015535e-10,2.7568111523150446e-10,0.8002707660326289,1.5685307014239527,0.5464633454535374,1.071068157088933,5.221670919457858e-12,1.02344750021374e-11,1.1865208433217785e-11,2.3255808529106857e-11,0.41348586230087875,0.8104322901097223,0.2071515268609883,0.4060169926475371
identity,iterative_dopt,5,highdim_smooth,Smooth,62.0,2.0,31,30,1.0071391103884938e-13,4.8202110688585064e-14,6,1.8158129305723136e-08,1.5468113113966304e-08,6,4.4760194295529926e-14,1.0015975397716256e-14,6,6.119756995701478e-08,1.5701470501113056e-08,6,4.6256207605710435e-10,5.810664997815667e-10,6,3.903635106472274e-10,3.711912506016088e-10,6,99.26428722090789,0.9147733855594411,6,99.71794679892092,0.26443529399303417,6,3.4515524566892156e-10,3.1753255245083123e-10,6,4.067426345208042e-10,3.425075427875141e-10,6,99.44553533114656,0.4929805831166972,6,99.70237204167307,0.24100891036368685,6,2.122737424944262e-09,2.1106281908337164e-09,6,4.372207326572292e-09,4.059622220004338e-09,6,96.88380047788077,2.966596381286899,6,97.21023987096585,2.2925320792074064,6,2.162405027977468e-09,2.14340117291753e-09,6,2.6423661973805947e-09,2.113624181787096e-09,6,96.58183296329916,3.336266179531478,6,98.06974588317571,1.5047803510398332,6,1.9678429285364753e-14,3.8569721399314915e-14,6.314830735478405e-09,1.2377068241537673e-08,4.089004833445772e-15,8.014449473553713e-15,6.41009848984818e-09,1.2563793040102433e-08,2.3721940518164526e-10,4.649500341560247e-10,1.5153819349325016e-10,2.970148592467703e-10,0.3734546708164821,0.7319711548003048,0.10795525671096523,0.21159230315349184,1.2963212170467878e-10,2.540789585411704e-10,1.3982811881398104e-10,2.7406311287540283e-10,0.20125848028926996,0.39446662136696914,0.09839147564253356,0.19284729225936578,8.616603507127008e-10,1.6888542873968935e-09,1.6573338312458835e-09,3.2483743092419316e-09,1.211107901156659,2.3737714862670516,0.9359223021699892,1.8344077122531788,8.750398646218206e-10,1.7150781346587682e-09,8.628834588976633e-10,1.69125157943942e-09,1.3620249643261295,2.6695689300792136,0.6143240058356236,1.2040750514378222
identity,iterative_dopt,5,highdim_smooth,Smooth,93.0,3.0,31,30,1.0071391103884938e-13,4.8202110688585064e-14,6,1.8158129305723136e-08,1.5468113113966304e-08,6,4.4760194295529926e-14,1.0015975397716256e-14,6,1.6633260945097116e-08,6.5858590371360204e-09,6,1.7370121054293028e-10,2.1973332976144654e-10,6,1.6879658622522402e-10,1.5895508435595176e-10,6,98.59576929458824,1.9292631393581032,6,99.41585539139595,0.6407565617167766,6,1.3672950766718414e-10,5.888540709224308e-11,6,1.85982793246763e-10,9.315499265425546e-11,6,99.06372170954266,0.6206254529119742,6,99.39863759445312,0.4228719640159838,6,1.4748254473880066e-09,1.505532488266077e-09,6,3.0716978585179844e-09,2.964344301841539e-09,6,92.52068480699745,5.698336066091798,6,92.36354208410064,5.662628234249797,6,3.76657729629196e-10,2.506239017361313e-10,6,7.084593342280956e-10,4.885191907082973e-10,6,97.13587841539292,2.69364009366135,6,97.46376272972525,2.2924964388045597,6,1.9678429285364753e-14,3.8569721399314915e-14,6.314830735478405e-09,1.2377068241537673e-08,4.089004833445772e-15,8.014449473553713e-15,2.6886656931467634e-09,5.269784758567656e-09,8.970575623304283e-11,1.7582328221676396e-10,6.489314144885645e-11,1.2719055723975864e-10,0.7876183784978912,1.5437320218558668,0.26158777092437685,0.5127120310117786,2.4039866778676873e-11,4.711813888620667e-11,3.8030366499273514e-11,7.453951833857609e-11,0.2533692801696742,0.4966037891325614,0.17263675639462162,0.33836804253345837,6.146310645724319e-10,1.2046768865619665e-09,1.2101884935731018e-09,2.3719694474032793e-09,2.326335957470551,4.55961847664228,2.311758296164883,4.531046260483171,1.023167794331588e-10,2.0054088768899124e-10,1.9943712446545226e-10,3.9089676395228645e-10,1.0996739633621662,2.1553609681898456,0.9359077520364555,1.8343791939914527
identity,iterative_dopt,5,highdim_smooth,Smooth,124.0,4.0,31,30,1.0071391103884938e-13,4.8202110688585064e-14,6,1.8158129305723136e-08,1.5468113113966304e-08,6,4.4760194295529926e-14,1.0015975397716256e-14,6,6.034898876503502e-09,1.3449911095393027e-09,6,9.65580553566298e-11,1.220007874072864e-10,6,9.593389766920727e-11,1.0218086594050042e-10,6,98.04194333552137,2.6756470480764074,6,99.22452401148034,0.8772897743225053,6,8.574829045939582e-11,2.2604933819918325e-11,6,1.1118130152877671e-10,4.104050601812167e-11,6,98.53504154386432,0.4822678850210663,6,99.15754636872494,0.3765676790653692,6,1.0869617523235208e-09,1.0742944005221346e-09,6,2.328015558156845e-09,2.212464860747043e-09,6,83.47508004366601,13.849049229824947,6,83.91866980568012,13.74322795157328,6,5.1839871343040474e-11,2.255402995649804e-11,6,7.594029427195636e-11,3.206205632278614e-11,6,99.11355943877267,0.37517623830559954,6,99.43913020141065,0.21588218881120674,6,1.9678429285364753e-14,3.8569721399314915e-14,6.314830735478405e-09,1.2377068241537673e-08,4.089004833445772e-15,8.014449473553713e-15,5.490903211585147e-10,1.0762170294706888e-09,4.980661289426987e-11,9.762096127276893e-11,4.171516383832647e-11,8.176172112311988e-11,1.092328333261875,2.140963533193275,0.358152050608591,0.7019780191928384,9.228425588030418e-12,1.808771415253962e-11,1.6754716421670053e-11,3.2839244186473306e-11,0.19688503960547318,0.3858946776267274,0.15373311122238162,0.30131689799586797,4.3857885246806205e-10,8.596145508374016e-10,9.032349971113492e-10,1.7703405943382443e-09,5.653850672625914,11.081547318346791,5.61064931668497,10.996872660702541,9.20764417281108e-12,1.8046982578709717e-11,1.3089279682533533e-11,2.5654988177765725e-11,0.1531650579109239,0.30020351350541086,0.08813353452377205,0.1727417276665932
identity,iterative_dopt,5,highdim_strong,Strong nonlinear,62.0,2.0,31,30,9.039658561915263e-14,3.511087682654207e-14,6,3.17566767465971e-08,2.015807958496007e-08,6,3.938394202334356e-14,1.1252173106961345e-14,6,5.624749929864528e-08,2.5292038800728275e-08,6,3.184130850318581e-10,3.8937959677830665e-10,6,2.8792599697170514e-10,2.5537561138700114e-10,6,99.40356738977518,0.7364522449734134,6,99.75014689652052,0.21643314964859367,6,2.4704162859669086e-10,1.575939381718123e-10,6,2.950519664369036e-10,1.7562986216721032e-10,6,99.53171543118019,0.29084651374466697,6,99.73258681779237,0.15252733076196812,6,2.3978019538484763e-09,2.5208180491155613e-09,6,4.927383016118133e-09,4.76722364032425e-09,6,96.45340814300772,2.6152113463166646,6,96.54696694954093,2.0906263670662644,6,2.024010250935256e-09,1.5743704266409534e-09,6,2.5226595599053595e-09,1.5435940248226292e-09,6,96.2994932970626,2.5683011766787516,6,97.83112209562456,1.1962963071945418,6,1.4333955441123065e-14,2.8094552664601206e-14,8.229501529594446e-09,1.6129822998005114e-08,4.593680434920424e-15,9.00361365244403e-15,1.032543160274301e-08,2.02378459413763e-08,1.58963554726252e-10,3.115685672634539e-10,1.0425665677490706e-10,2.0434304727881782e-10,0.3006553700186701,0.5892845252365934,0.0883584633437478,0.1731825881537457,6.43374558461101e-11,1.261014134583758e-10,7.170059098416751e-11,1.4053315832896831e-10,0.11873759202363474,0.23272568036632407,0.062269022032589674,0.12204728318387575,1.0291196591218783e-09,2.0170745318788813e-09,1.946210901421289e-09,3.814573366785727e-09,1.0676555613354761,2.092604900217533,0.8534946403534791,1.672849495092819,6.42734035233032e-10,1.2597587090567426e-09,6.301696218040722e-10,1.2351324587359814e-09,1.0485045647754283,2.0550689469598393,0.48838592230040406,0.9572364077087919
identity,iterative_dopt,5,highdim_strong,Strong nonlinear,93.0,3.0,31,30,9.039658561915263e-14,3.511087682654207e-14,6,3.17566767465971e-08,2.015807958496007e-08,6,3.938394202334356e-14,1.1252173106961345e-14,6,1.5340655425660887e-08,9.099327138897698e-09,6,1.2370760803426567e-10,1.5498905973113872e-10,6,1.2822919055242266e-10,1.1739913846970359e-10,6,98.8654575886087,1.527522372668348,6,99.52556090785326,0.4806280818166349,6,1.0399910779884843e-10,3.6070347541071115e-11,6,1.4283058763965608e-10,4.246594314868994e-11,6,99.23395387292472,0.2595979764389629,6,99.50768413238698,0.20700853767513366,6,1.6805903223216117e-09,1.7775905156473009e-09,6,3.5155175110328774e-09,3.4517646191636898e-09,6,91.2495111433343,5.007149116686924,6,91.20464021689185,4.604202938419642,6,3.010703522855804e-10,1.7068762569114598e-10,6,5.476773976466591e-10,3.796052517699757e-10,6,97.40928144397515,2.1031891610487987,6,97.9058921234991,1.7309875568373314,6,1.4333955441123065e-14,2.8094552664601206e-14,8.229501529594446e-09,1.6129822998005114e-08,4.593680434920424e-15,9.00361365244403e-15,3.7147847488264194e-09,7.280978107699782e-09,6.327401867583893e-11,1.240170766046443e-10,4.792799758218683e-11,9.393887526108619e-11,0.623608397287157,1.2222724586828277,0.1962155927505669,0.3845825617911111,1.4725657720079688e-11,2.886228913135619e-11,1.7336648693388267e-11,3.3979831439041e-11,0.1059804300890848,0.20772164297460619,0.0845108816172975,0.1656413279699031,7.256982891577874e-10,1.4223686467492632e-09,1.4091770048572238e-09,2.7619869295201584e-09,2.0441600669850786,4.0065537312907535,1.879657978558514,3.6841296379746873,6.96829313917461e-11,1.3657854552782236e-10,1.5497319508619692e-10,3.03747462368946e-10,0.8586233795202984,1.6829018238597848,0.7066727108930595,1.3850785133503967
identity,iterative_dopt,5,highdim_strong,Strong nonlinear,124.0,4.0,31,30,9.039658561915263e-14,3.511087682654207e-14,6,3.17566767465971e-08,2.015807958496007e-08,6,3.938394202334356e-14,1.1252173106961345e-14,6,5.4878580073994295e-09,2.0865975498456045e-09,6,7.062931256147836e-11,8.970186021971414e-11,6,7.57614305393725e-11,7.674672294932005e-11,6,98.43272928451792,2.0966490375857805,6,99.27713175657156,0.8445253884672387,6,7.102735053748302e-11,2.9790804240825306e-11,6,9.123056386436295e-11,2.3028759598011198e-11,6,98.7126205732327,0.13629923622217283,6,99.22287344666653,0.275608305721082,6,1.204232686880165e-09,1.2055477015129714e-09,6,2.6148263322862533e-09,2.4182400899850627e-09,6,81.64714893405197,12.413597798363607,6,82.17855250555833,10.091792116934808,6,5.969287756326493e-11,4.099110248773097e-11,6,7.401031053239864e-11,3.859665832379677e-11,6,98.82567398971071,0.7999034792951264,6,99.39664088118701,0.24786940681079128,6,1.4333955441123065e-14,2.8094552664601206e-14,8.229501529594446e-09,1.6129822998005114e-08,4.593680434920424e-15,9.00361365244403e-15,8.518498826105534e-10,1.6696257699166846e-09,3.66206310861267e-11,7.177643692880833e-11,3.1331718442763635e-11,6.141016814781673e-11,0.8559533852970986,1.6776686351823134,0.34477604609508006,0.6757610503463569,1.2162044902860532e-11,2.3837608009606644e-11,9.40145173739135e-12,1.8426845405287044e-11,0.0556439301792323,0.1090621031512953,0.11251661964827346,0.22053257451061598,4.921627882153101e-10,9.646390649020078e-10,9.872423826675802e-10,1.9349950700284573e-09,5.0678300796879165,9.932946956188315,4.119956879455325,8.075115483732436,1.6734547514845173e-11,3.2799713129096535e-11,1.575701977830786e-11,3.088375876548341e-11,0.3265592279583314,0.6400560867983296,0.10119226158879735,0.19833683271404282
identity,iterative_dopt,10,highdim_poly2,Quadratic,172.0,2.0,86,85,1.8140466703625652e-14,9.513819028179164e-15,6,2.802102309444147e-09,3.5040022670357837e-09,6,1.22622810579932e-14,4.725746822714063e-15,6,2.2062669843059026e-09,9.910312793141595e-10,6,1.3176505377123279e-11,3.8124567800076624e-12,6,1.5645632597774317e-11,4.952305571226289e-12,6,99.3448308164168,0.15662731819793402,6,99.39746868375592,0.18052427836584603,6,2.6213214701081765e-11,1.0792099389232709e-11,6,3.153653768672088e-11,1.9046273213960846e-11,6,98.71531514043552,0.3747760359440511,6,98.84535500497708,0.5470277768943977,6,1.9881897581679032e-10,1.091716016311347e-10,6,2.6582860701582984e-10,1.579566843530321e-10,6,90.74663337590216,3.089259682920345,6,90.3103150174946,4.403004119247121,6,2.0485906619376858e-10,8.040018797415764e-11,6,2.9008409472990577e-10,1.7625986046243436e-10,6,88.49464169122514,6.485042166900131,6,87.21847170247158,8.934833675289296,6,3.884000354036715e-15,7.612640693911961e-15,1.4305029352988592e-09,2.803785753185764e-09,1.929278061538049e-15,3.781385000614575e-15,4.0458682557622075e-10,7.929901781293926e-10,1.5564289629054922e-12,3.050600767294765e-12,2.0217702833077973e-12,3.9626697552832825e-12,0.06394283489424607,0.1253279563927223,0.07369872803007918,0.1444495069389552,4.405856126170354e-12,8.635478007293894e-12,7.775608479307181e-12,1.5240192619442074e-11,0.15300167598098216,0.29988328492272504,0.22332315475338535,0.4377133833166353,4.456911973311262e-11,8.735547467690073e-11,6.448554635446538e-11,1.2639167085475213e-10,1.2611849843511664,2.471922569328286,1.797518904587984,3.523137052992449,3.28232392934231e-11,6.433354901510928e-11,7.195778671118787e-11,1.4103726195392823e-10,2.6475073782230445,5.189114461317167,3.6476305735158094,7.149355924090987
identity,iterative_dopt,10,highdim_poly2,Quadratic,258.0,3.0,86,85,1.8140466703625652e-14,9.513819028179164e-15,6,2.802102309444147e-09,3.5040022670357837e-09,6,1.22622810579932e-14,4.725746822714063e-15,6,4.3352294635864354e-10,2.2156766550669867e-10,6,3.926935004406624e-12,1.9085481693586053e-12,6,5.502385111304723e-12,3.1923079493539128e-12,6,98.96283455385384,0.4170045303450511,6,98.81791088745219,0.5659493823051823,6,8.179467169160883e-12,4.29748440144912e-12,6,9.937184092068221e-12,6.071985105255581e-12,6,98.05135761193405,0.6185172190200389,6,97.99439330460505,1.091954104062753,6,7.783486710159983e-11,4.73717081010992e-11,6,9.304584467182968e-11,5.0060650460481915e-11,6,80.63366577282301,8.427544721352822,6,80.46906309826166,8.298073842237095,6,4.567371989878425e-11,2.593286011177035e-11,6,7.98541499750808e-11,5.825478417593661e-11,6,89.20208829660267,3.478514066579761,6,84.68903757989898,7.829810634347821,6,3.884000354036715e-15,7.612640693911961e-15,1.4305029352988592e-09,2.803785753185764e-09,1.929278061538049e-15,3.781385000614575e-15,9.045462066517876e-11,1.7729105650375036e-10,7.79161527408586e-13,1.5271565937208285e-12,1.3032542629579351e-12,2.5543783553975527e-12,0.17024138662905322,0.3336731177929443,0.23104786781516995,0.4528538209177331,1.754440660186721e-12,3.438703693965973e-12,2.4788775389426307e-12,4.858599976327556e-12,0.2525085972873936,0.49491685068329144,0.4457883962486181,0.8737452566472914,1.933941884862688e-11,3.7905260943308685e-11,2.043717497000074e-11,4.005686294120145e-11,3.4405307253000426,6.7434402215880835,3.3876744602361937,6.639841942062939,1.0587045807468751e-11,2.075060978263875e-11,2.3782416051167425e-11,4.6613535460288154e-11,1.4200974210356876,2.7833909452299475,3.196506806128273,6.265153340011414
identity,iterative_dopt,10,highdim_poly2,Quadratic,344.0,4.0,86,85,1.8140466703625652e-14,9.513819028179164e-15,6,2.802102309444147e-09,3.5040022670357837e-09,6,1.22622810579932e-14,4.725746822714063e-15,6,1.1655690371772633e-10,6.33155382548821e-11,6,1.8656400673307996e-12,8.854481321721875e-13,6,2.3703067421696114e-12,1.2918427518668843e-12,6,98.10599949916191,0.8361136635705427,6,98.10771515154734,1.108098347518656,6,4.063774056153844e-12,2.291589356856555e-12,6,5.146464845382131e-12,3.266437389715012e-12,6,96.37157099215398,1.5790779478906123,6,96.27998971236575,2.542323199401682,6,3.883378017888566e-11,2.42578308558345e-11,6,4.5146858081169394e-11,2.447077403884823e-11,6,64.06562308238485,18.689691421607183,6,67.33651885876516,14.222423590598208,6,1.1541434214850949e-11,7.87910881411352e-12,6,1.8069119437137464e-11,1.3767717672206908e-11,6,88.69850883621507,6.112588802888457,6,86.80504585456794,7.292278715743176,6,3.884000354036715e-15,7.612640693911961e-15,1.4305029352988592e-09,2.803785753185764e-09,1.929278061538049e-15,3.781385000614575e-15,2.584846025235494e-11,5.066298209461568e-11,3.614826862537162e-13,7.085060650572838e-13,5.273925949977879e-13,1.0336894861956643e-12,0.3413419737861516,0.6690302686208571,0.452379256040323,0.8866633418390331,9.35537437381872e-13,1.833653377268469e-12,1.333517480258397e-12,2.613694261306458e-12,0.6446558727355275,1.2635255105616339,1.0378990999623554,2.0342822359262165,9.903217977255983e-12,1.9410307235421726e-11,9.990151667687271e-12,1.958069726866705e-11,7.630034572168259,14.954867761449787,5.806280117114635,11.380309029544685,3.2166327037405997e-12,6.3046000993315755e-12,5.620647203267587e-12,1.101646851840447e-11,2.4954539290877635,4.8910897010120165,2.9770603192881664,5.835038225804806
identity,iterative_dopt,10,highdim_smooth,Smooth,172.0,2.0,86,85,4.512969003723329e-14,8.95331024083657e-15,6,1.7518537012243634e-08,1.7405415703218293e-08,6,3.328979691140681e-14,8.389184692081337e-16,6,4.1078899437222955e-09,8.741654437591005e-10,6,3.5192343179113695e-11,2.2911623500243928e-12,6,4.112564006044306e-11,3.627870705544897e-12,6,99.11281881421422,0.17735151958507075,6,99.10316346729921,0.1767888740459788,6,9.979378710625092e-11,4.982826879917684e-11,6,1.0796069026859665e-10,6.319675786637922e-11,6,97.68144687076817,0.9051817348800012,6,97.8650769686112,1.0235495414964442,6,5.268112128942211e-10,1.4435406010530572e-10,6,6.053485028432744e-10,1.658949341538737e-10,6,87.06273221236394,3.1446222370893198,6,87.09725052101066,3.278811158825358,6,5.478497117806929e-10,3.344500541849966e-10,6,5.857309391605295e-10,3.8607935554619025e-10,6,86.22374125997658,9.367499899363299,6,86.89083276171887,10.803227039969578,6,3.655173599814128e-15,7.16414025563569e-15,7.105731205651745e-09,1.392723316307742e-08,3.4248703089278156e-16,6.712745805498519e-16,3.56876547997237e-10,6.994780340745845e-10,9.353631125726254e-13,1.833311700642346e-12,1.4810720135626329e-12,2.9029011465827605e-12,0.07240345468177346,0.14191077117627598,0.07217375560230205,0.14146056098051202,2.034230555403779e-11,3.987091888591407e-11,2.5799968361808007e-11,5.056793798914369e-11,0.3695388958238742,0.7242962358147935,0.4178623505209942,0.8190102070211486,5.89322982595088e-11,1.1550730458863724e-10,6.772632326493406e-11,1.3274359359927074e-10,1.2837866524463635,2.5162218387948725,1.3385690503442902,2.6235953386748085,1.3653866286657123e-10,2.676157792184796e-10,1.5761623688512213e-10,3.0892782429483935e-10,3.824265819835476,7.495561006877533,4.41039897056056,8.644381982298697
identity,iterative_dopt,10,highdim_smooth,Smooth,258.0,3.0,86,85,4.512969003723329e-14,8.95331024083657e-15,6,1.7518537012243634e-08,1.7405415703218293e-08,6,3.328979691140681e-14,8.389184692081337e-16,6,6.903672305544139e-10,1.4814035760174245e-10,6,1.0491518943389488e-11,1.5282189796815213e-12,6,1.1464096725270674e-11,1.261934799408313e-12,6,98.4232898980146,0.3873045360266684,6,98.54430703534418,0.16769072428277998,6,3.358061583733982e-11,2.1661079877077215e-11,6,3.4805194851485336e-11,2.2426927772614565e-11,6,95.19841752245382,3.046114834566829,6,95.8475763969966,2.606806640241715,6,2.1358836856767086e-10,4.9783940030108316e-11,6,2.360452967156965e-10,4.4730134262560416e-11,6,68.41963734914442,7.904232245293718,6,70.0157136627037,5.678580479705666,6,1.363840979443716e-10,1.1951969897448272e-10,6,2.0645085524787176e-10,2.1555926135818723e-10,6,81.16926891625731,15.242306678633273,6,73.64177700095057,30.340223517644944,6,3.655173599814128e-15,7.16414025563569e-15,7.105731205651745e-09,1.392723316307742e-08,3.4248703089278156e-16,6.712745805498519e-16,6.047804773961669e-11,1.1853697356964872e-10,6.238927859094101e-13,1.2228298603824438e-12,5.151827245353017e-13,1.0097581400891913e-12,0.15811641472178703,0.30990817285470257,0.06845945151509193,0.1341805249695802,8.843098829417959e-12,1.7332473705659198e-11,9.155754923526428e-12,1.79452796501118e-11,1.243571173768521,2.4373995005863014,1.0642243544485266,2.085879734719112,2.0324208409847198e-11,3.9835448483300504e-11,1.8261000844909357e-11,3.579156165602234e-11,3.2268893015705022,6.324703031078184,2.3182707731013013,4.543810715278551,4.8793712783088097e-11,9.563567705485267e-11,8.800169994313299e-11,1.7248333188854066e-10,6.222645644277956,12.196385462784795,12.386344383370043,24.277234991405283
identity,iterative_dopt,10,highdim_smooth,Smooth,344.0,4.0,86,85,4.512969003723329e-14,8.95331024083657e-15,6,1.7518537012243634e-08,1.7405415703218293e-08,6,3.328979691140681e-14,8.389184692081337e-16,6,1.913617360434495e-10,3.4941042170905827e-11,6,4.865272682950935e-12,5.724208528535116e-13,6,5.199976533738001e-12,1.1685388248597223e-12,6,97.42631354194934,0.27335044236605666,6,97.74033692121351,0.3888028872212858,6,1.5878905741151837e-11,9.679994561731871e-12,6,1.639264097405284e-11,1.0051255295239905e-11,6,92.0303405468626,4.712996053121394,6,93.44734419994836,3.6129617273543784,6,1.0625939434599776e-10,4.1166720597459876e-11,6,1.1013443021048017e-10,2.702192717632934e-11,6,43.72000895571414,21.473304291583833,6,51.73128980555819,11.52658902911501,6,2.802865212291589e-11,1.4996013094071143e-11,6,3.441810957990406e-11,1.841643457274355e-11,6,84.83341989976603,8.656820938496566,6,84.35665828724245,9.448521586328399,6,3.655173599814128e-15,7.16414025563569e-15,7.105731205651745e-09,1.392723316307742e-08,3.4248703089278156e-16,6.712745805498519e-16,1.426462073329805e-11,2.7958656637264176e-11,2.336898346033126e-13,4.580320758224927e-13,4.770539775896331e-13,9.35025796075681e-13,0.11159485079348336,0.2187259075552274,0.15872811403550408,0.311107103509588,3.9518412315265275e-12,7.745608813791993e-12,4.103407791297542e-12,8.042679270943183e-12,1.924072581649743,3.771182260033496,1.4749854487037906,2.8909714794594294,1.6806243307916494e-11,3.294023688351633e-11,1.1031655574775456e-11,2.1622044926559894e-11,8.766439767649434,17.18222194459289,4.705710266015722,9.223192121390815,6.12209670942825e-12,1.199930955047937e-11,7.518477930762138e-12,1.473621674429379e-11,3.534132348992997,6.926899404026274,3.857342785029476,7.560391858657773
identity,iterative_dopt,10,highdim_strong,Strong nonlinear,172.0,2.0,86,85,4.751751854364733e-14,1.0905721765752806e-14,6,4.436357182076763e-08,2.1075269369657343e-08,6,3.3563761874310094e-14,5.849105080440807e-15,6,4.68878207868079e-09,1.6221658167637553e-09,6,3.366148517599672e-11,7.313022380472355e-12,6,4.0566759991817076e-11,7.734447812252496e-12,6,99.24929111026069,0.16831485724781597,6,99.1948931180006,0.17955307019679112,6,8.426768700594788e-11,4.352675235521368e-11,6,9.046227669964438e-11,5.123113560273368e-11,6,98.2121960703385,0.8006210012383731,6,98.34368052446685,0.722667866986578,6,4.4211790073749756e-10,1.3058044690056357e-10,6,4.9157724114024e-10,1.3632407402099523e-10,6,89.49012086464118,5.241589486909101,6,89.7978754218277,4.345182154166426,6,6.452802228253085e-10,4.720741874933403e-10,6,8.498848433646403e-10,8.383360209882955e-10,6,86.53554989224699,9.36072213359183,6,84.45438130526861,13.536283860190734,6,4.452242267143125e-15,8.726394843600524e-15,8.603942691228026e-09,1.6863727674806933e-08,2.3878871498334556e-15,4.680258813673573e-15,6.622464215427192e-10,1.2980029862237296e-09,2.985528884951809e-12,5.851636614505546e-12,3.157575097034047e-12,6.188847190186732e-12,0.06871425273109003,0.13467993535293646,0.07330223395537798,0.14367237855254084,1.776972223845991e-11,3.482865558738142e-11,2.0915023528338374e-11,4.0993446115543216e-11,0.3268521550650322,0.640630223927463,0.29502792127043687,0.5782547256900562,5.330924421516232e-11,1.0448611866171815e-10,5.565407016814043e-11,1.0908197752955523e-10,2.1398699473439975,4.194145096794235,1.7739131861925292,3.476869844937357,1.9272348001627333e-10,3.777380208318957e-10,3.422492474027489e-10,6.708085249093878e-10,3.8214988085461092,7.490137664750374,5.526164745156448,10.831282900506638
identity,iterative_dopt,10,highdim_strong,Strong nonlinear,258.0,3.0,86,85,4.751751854364733e-14,1.0905721765752806e-14,6,4.436357182076763e-08,2.1075269369657343e-08,6,3.3563761874310094e-14,5.849105080440807e-15,6,8.386202829146714e-10,2.5301873110121867e-10,6,1.0501445676460671e-11,2.4824129542185797e-12,6,1.2124913200930811e-11,3.3390095946819138e-12,6,98.72265573616602,0.16149831195529046,6,98.73629547676951,0.2926330860479755,6,2.8313140085671862e-11,1.7450162396364327e-11,6,3.039733061104603e-11,1.820332973503475e-11,6,96.6796546604434,1.9603355534211016,6,97.07496420416165,1.6099944425203505,6,1.7738836708187146e-10,4.551715752912727e-11,6,2.017449668012121e-10,5.317185168980303e-11,6,77.33113204697794,8.778068248480581,6,77.30562046908148,9.681936184191299,6,1.4673901203733273e-10,1.1934511193158992e-10,6,2.2030421968548816e-10,2.017221780528615e-10,6,83.13797933483023,13.415129332022689,6,77.85741584503548,23.23494182819822,6,4.452242267143125e-15,8.726394843600524e-15,8.603942691228026e-09,1.6863727674806933e-08,2.3878871498334556e-15,4.680258813673573e-15,1.0329446442740838e-10,2.0245715027772042e-10,1.0134408447850831e-12,1.986344055778763e-12,1.3631449588713275e-12,2.671764119387802e-12,0.06593140976854699,0.12922556314635208,0.11946695711225053,0.23415523594001103,7.123998966632524e-12,1.3963037974599746e-11,7.431478245077942e-12,1.4565697360352767e-11,0.8003036384196955,1.5685951313026032,0.6572774788152533,1.2882638584778965,1.8582301748040562e-11,3.64213114261595e-11,2.1707317553160156e-11,4.25463424041939e-11,3.583631356017314,7.023917457793935,3.9526338955763154,7.747162435329578,4.872243792128997e-11,9.549597832572834e-11,8.23527343387277e-11,1.614113593039063e-10,5.476703616149888,10.73433908765378,9.485625280389229,18.591825549562888
identity,iterative_dopt,10,highdim_strong,Strong nonlinear,344.0,4.0,86,85,4.751751854364733e-14,1.0905721765752806e-14,6,4.436357182076763e-08,2.1075269369657343e-08,6,3.3563761874310094e-14,5.849105080440807e-15,6,2.1893960045624907e-10,5.3817866112424576e-11,6,4.957075120355211e-12,1.3128608923569043e-12,6,5.610751870655534e-12,1.8439297355805727e-12,6,97.72610611960833,0.26409367537814127,6,97.9641871762294,0.20327089064673262,6,1.3831057004659748e-11,7.735555714215169e-12,6,1.4571369762802735e-11,8.371548013111723e-12,6,94.09155668165192,2.5740830286807204,6,95.13786152018167,1.9153740230769285,6,8.485474759865402e-11,2.025293248496314e-11,6,8.932515096117856e-11,1.4231206173064659e-11,6,60.94227082326336,4.047585432812263,6,66.22564460401502,5.823235273360199,6,3.1691330509404266e-11,2.37568523728209e-11,6,3.6553692441245065e-11,2.6467273071960422e-11,6,85.20342216727776,10.394936995188582,6,85.96853133952789,10.210640023168969,6,4.452242267143125e-15,8.726394843600524e-15,8.603942691228026e-09,1.6863727674806933e-08,2.3878871498334556e-15,4.680258813673573e-15,2.19710518368104e-11,4.306326160014838e-11,5.359732149215679e-13,1.0505075012462731e-12,7.527811622862518e-13,1.4754510780810535e-12,0.10781579149544457,0.21131895133107134,0.08298499360759544,0.16265058747088706,3.15802739611631e-12,6.189733696387968e-12,3.4176701648890103e-12,6.69863352318246e-12,1.050864995970947,2.0596953921030563,0.7819481705200478,1.5326184142192938,8.26822506386624e-12,1.620572112517783e-11,5.809865591392422e-12,1.1387336559129148e-11,1.6524198334520417,3.2387428735660015,2.3773258453181674,4.659558656823608,9.6986943680065e-12,1.900944096129274e-11,1.0805218984868079e-11,2.1178229210341435e-11,4.243715257765304,8.317681905219995,4.168476334000631,8.170213614641236
identity,iterative_dopt,20,highdim_poly2,Quadratic,542.0,2.0,271,270,1.3264958996284838e-14,1.3573007278062381e-14,6,2.4488792706630256e-09,1.8126919741135654e-09,6,1.8711882683453906e-14,1.042923114679437e-14,6,7.753041944847095e-11,1.5335822508593086e-11,6,2.289416099944027e-12,2.573457169597537e-13,6,1.2222864163335275e-12,2.919820699021748e-13,6,97.00522366876142,0.28395793083965126,6,97.28896693126022,0.5870309942380578,6,2.7949507111792126e-12,8.077432647033891e-13,6,1.900401273827214e-12,9.32971249277396e-13,6,96.40098075420963,0.8761372945695632,6,95.8196916874886,1.9463478227006792,6,1.2606152765536927e-11,1.823308257883931e-12,6,9.45096370761485e-12,2.2867512544852876e-12,6,83.3443676237075,3.2632429307111246,6,78.9039063775377,5.555276307814355,6,2.756962323515169e-11,6.890848136810634e-12,6,1.7765521633072248e-11,3.757160852349785e-12,6,63.74156102304742,9.46994586804785,6,60.74135256417973,5.969381913175334,6,5.541157017722538e-15,1.0860667754736174e-14,7.400283995694282e-10,1.4504556631560792e-09,4.257715786531275e-15,8.345122941601299e-15,6.260823321990359e-12,1.2271213711101103e-11,1.0506094900701663e-13,2.059194600537526e-13,1.1920118088366303e-13,2.336343145319795e-13,0.11592533982894349,0.22721366606472923,0.23965439984698894,0.4697226237000983,3.2975980694885825e-13,6.463292216197622e-13,3.808839175694316e-13,7.465324784360859e-13,0.3576815527196582,0.7010558433305301,0.7945931712656144,1.557402615680604,7.443624792697593e-13,1.4589504593687282e-12,9.335622903597128e-13,1.8297820891050372e-12,1.332213347831103,2.6111381617489617,2.2679320557196117,4.445146829210438,2.8131769716990374e-12,5.513826864530114e-12,1.5338544949695503e-12,3.0063548101403186e-12,3.8660892114158583,7.577534854375082,2.436989961179734,4.776500323912279
identity,iterative_dopt,20,highdim_poly2,Quadratic,813.0,3.0,271,270,1.3264958996284838e-14,1.3573007278062381e-14,6,2.4488792706630256e-09,1.8126919741135654e-09,6,1.8711882683453906e-14,1.042923114679437e-14,6,1.180478881782878e-11,3.1676171964757305e-12,6,6.031687742980857e-13,1.7584118184148855e-13,6,4.994726019729226e-13,3.106757850075381e-13,6,94.90372480197487,0.29175059548456994,6,93.27714211420567,3.277825891402324,6,7.52010832846735e-13,2.601288928260357e-13,6,5.312551642811613e-13,3.4219274883994947e-13,6,93.69569294549409,1.4260070948342376,6,92.61025512914813,4.2745422692738835,6,2.9353462968240125e-12,5.798051015695307e-13,6,1.6867256899875265e-12,4.636552905617116e-13,6,74.45086410021956,5.122921668227123,6,75.7948909438244,6.600570622226781,6,5.802990541495309e-12,2.8340496575006442e-12,6,3.1398396626003315e-12,9.309443950306232e-13,6,51.45092287724679,16.14177350695805,6,55.562530940146424,11.066371055163751,6,5.541157017722538e-15,1.0860667754736174e-14,7.400283995694282e-10,1.4504556631560792e-09,4.257715786531275e-15,8.345122941601299e-15,1.2931743053051516e-12,2.5346216383980973e-12,7.178686187993298e-14,1.4070224928466864e-13,1.2683285811784608e-13,2.4859240191097833e-13,0.11910668184838973,0.23344909642284387,1.3381668166031868,2.622806960542246,1.0619717579648653e-13,2.081464645611136e-13,1.3969960472303943e-13,2.7381122525715727e-13,0.5821649586554173,1.1410433189646179,1.7450745739465847,3.420346164935306,2.367044415179874e-13,4.639407053752552e-13,1.8928647973634446e-13,3.7100150028323514e-13,2.0914240132340045,4.099191065938649,2.69467167261008,5.281556478315757,1.1569959277643345e-12,2.2677120184180954e-12,3.800564577881671e-13,7.449106572648075e-13,6.589851439270499,12.916108820970178,4.517827064909378,8.85494104722238
identity,iterative_dopt,20,highdim_poly2,Quadratic,1084.0,4.0,271,270,1.3264958996284838e-14,1.3573007278062381e-14,6,2.4488792706630256e-09,1.8126919741135654e-09,6,1.8711882683453906e-14,1.042923114679437e-14,6,3.9152006435571884e-12,1.2012914558945856e-12,6,2.548174199951316e-13,8.04798890110471e-14,6,1.7617159173733495e-13,1.1128476549632817e-13,6,93.49720366720241,0.4530390986854646,6,93.07351630508096,2.927545734039127,6,2.6792409205599254e-13,9.285348517582184e-14,6,1.864544066916281e-13,1.1177289938274479e-13,6,93.15392266826404,1.631192129748707,6,92.62976702031187,3.2692799607630176,6,7.107817432977312e-13,1.78265342428888e-13,6,5.173122590275307e-13,2.8557063753215087e-13,6,81.30936375121995,4.4095924250492775,6,79.43872729647501,7.554618357334625,6,1.7585735626663296e-12,1.0675369686883476e-12,6,1.3492022789290066e-12,1.5903267711752894e-12,6,57.01342558684135,15.482292229840526,6,49.93545656690312,45.75762650286535,6,5.541157017722538e-15,1.0860667754736174e-14,7.400283995694282e-10,1.4504556631560792e-09,4.257715786531275e-15,8.345122941601299e-15,4.904251832178098e-13,9.612333591069072e-13,3.2855777105481414e-14,6.439732312674357e-14,4.543181526854787e-14,8.904635792635382e-14,0.18495243755163027,0.3625067776011953,1.1951655411762487,2.3425244607054476,3.7907276586640916e-14,7.42982621098162e-14,4.563109509319493e-14,8.943694638266206e-14,0.6659313983880175,1.3052255408405142,1.3346779550292671,2.6159687918573633,7.277652129554868e-14,1.426419817392754e-13,1.1658372457917608e-13,2.285041001751851e-13,1.8002085691687677,3.5284087955707846,3.084160029488778,6.044953657798004,4.358201424739924e-13,8.542074792490251e-13,6.49248185611227e-13,1.272526443798005e-12,6.320619335294345,12.388413897176916,18.68047279547873,36.61372667913832
identity,iterative_dopt,20,highdim_smooth,Smooth,542.0,2.0,271,270,3.6667790348724676e-14,2.973937257002936e-14,6,1.2782738030107469e-08,6.927264005707835e-09,6,6.391051094526384e-14,4.061941866143663e-14,6,2.141316594433607e-10,6.52699478758131e-11,6,7.168974461105316e-12,4.6369651898367225e-12,6,4.5898530382849056e-12,3.1623023534118556e-12,6,96.89332982618674,1.0874422086308124,6,96.8934147721659,1.1558293245860656,6,7.97805431075963e-12,3.101312184935795e-12,6,5.184915499466771e-12,2.1145961979514655e-12,6,96.33972783202182,0.3432948386429232,6,96.21977247853361,0.6051502305316684,6,4.179311819411024e-11,1.6436554277167852e-11,6,2.6136925012808108e-11,9.481072999223235e-12,6,78.65489117245416,12.080155662682264,6,79.07307943102252,10.708036118629611,6,1.509892245440148e-10,5.612390541603368e-11,6,9.298296481966858e-11,3.6944502568590296e-11,6,29.860086562712173,12.845607772911231,6,30.422400968021222,19.908911187002516,6,1.2141048011182387e-14,2.379645410191748e-14,2.8280436879220758e-09,5.5429656283272684e-09,1.6582808228167443e-14,3.250230412720819e-14,2.6646344638966145e-11,5.222683549237364e-11,1.893033111691284e-12,3.710344898914917e-12,1.2910045297102409e-12,2.530368878232072e-12,0.4439464226517767,0.8701349883974823,0.47186534583026274,0.9248560778273149,1.266105397694786e-12,2.481566579481781e-12,8.632802828350703e-13,1.6920293543567377e-12,0.1401495310010411,0.2746930807620406,0.24705154708836624,0.48422103229319785,6.710195184770272e-12,1.3151982562149732e-11,3.8706318436959765e-12,7.586438413644114e-12,4.931702897827389,9.666137679741682,4.371537439655838,8.568213381725442,2.2912488440251297e-11,4.490847734289254e-11,1.5082530015664786e-11,2.956175883070298e-11,5.244197413260322,10.27862692999023,8.127778957090657,15.930446755897687
identity,iterative_dopt,20,highdim_smooth,Smooth,813.0,3.0,271,270,3.6667790348724676e-14,2.973937257002936e-14,6,1.2782738030107469e-08,6.927264005707835e-09,6,6.391051094526384e-14,4.061941866143663e-14,6,4.0978036511784316e-11,2.206173158033797e-11,6,1.6753495027134396e-12,8.990607919659802e-13,6,1.0122011895132132e-12,4.544172437065309e-13,6,95.80002969843584,0.8702010331746012,6,95.46949564070955,1.384145850497048,6,1.9659139836435434e-12,1.0354818150516575e-12,6,1.3481357119385763e-12,7.743983121194548e-13,6,95.09787082034268,0.7730764226387312,6,94.43053227751703,0.7579654315716762,6,8.043035592961518e-12,2.92096371959605e-12,6,4.858724917377507e-12,1.5123672140122537e-12,6,76.76091175104753,12.834331026535459,6,75.4992046676713,14.285540969271638,6,1.933181884696757e-11,1.5014798201233972e-11,6,8.711497762742158e-12,5.018438337299749e-12,6,53.6373753801617,27.37805451458071,6,51.94695402370696,53.29448582344178,6,1.2141048011182387e-14,2.379645410191748e-14,2.8280436879220758e-09,5.5429656283272684e-09,1.6582808228167443e-14,3.250230412720819e-14,9.006664202345595e-12,1.7653061836597367e-11,3.6704003134319826e-13,7.193984614326686e-13,1.8551506290049186e-13,3.63609523284964e-13,0.3552580841534183,0.6963058449406999,0.5650751772180697,1.1075473473474164,4.227336808012572e-13,8.285580143704641e-13,3.1614678706086846e-13,6.196477026393022e-13,0.3156071279401809,0.6185899707627546,0.309438091669841,0.6064986596728883,1.192478445032054e-12,2.3372577522628257e-12,6.174213296740979e-13,1.2101458061612318e-12,5.239593700830418,10.26960365362762,5.832047679056624,11.430813450950982,6.129765697313655e-12,1.2014340766734763e-11,2.048768872000934e-12,4.015586989121831e-12,11.177043951804023,21.907006145535885,21.757382728570693,42.64447014799856
identity,iterative_dopt,20,highdim_smooth,Smooth,1084.0,4.0,271,270,3.6667790348724676e-14,2.973937257002936e-14,6,1.2782738030107469e-08,6.927264005707835e-09,6,6.391051094526384e-14,4.061941866143663e-14,6,1.2929303867314457e-11,7.71473390544808e-12,6,7.643396898916985e-13,4.5004100299797683e-13,6,5.336235462134481e-13,3.370481363102903e-13,6,94.04276878774182,0.5104570946623977,6,93.23432598851075,0.9204196700415382,6,7.116461376635102e-13,3.2236758561787117e-13,6,4.852904733619324e-13,2.3329316297900933e-13,6,94.10359261273238,0.962770559669662,6,93.44231401390124,1.0777777406623317,6,1.7665012143472705e-12,4.839460326707624e-13,6,1.152421967345986e-12,3.6482058421392964e-13,6,83.93084277096476,6.0214410232821605,6,82.04736932919978,9.134590643849133,6,5.4028276223433464e-12,3.369422258062086e-12,6,3.014493093415219e-12,2.064061214266132e-12,6,51.362151837962045,31.67463486798909,6,52.96574337607421,42.452095202233906,6,1.2141048011182387e-14,2.379645410191748e-14,2.8280436879220758e-09,5.5429656283272684e-09,1.6582808228167443e-14,3.250230412720819e-14,3.1495269282827806e-12,6.17307277943425e-12,1.837284701125663e-13,3.6010780142062995e-13,1.375993254527071e-13,2.6969467788730594e-13,0.2083932362510742,0.40845074305210544,0.3757597568037709,0.736489123335391,1.3160601572945892e-13,2.579477908297395e-13,9.524153496308795e-14,1.8667340852765237e-13,0.39304943509407614,0.7703768927843893,0.44000092012540165,0.8624018034457872,1.9757014051460755e-13,3.872374754086308e-13,1.4893737983136455e-13,2.919172644694745e-13,2.4582430038839163,4.818156287612476,3.729181014438607,7.309194788299669,1.3755608767047358e-12,2.696099318341282e-12,8.426494621369137e-13,1.6515929457883509e-12,12.931115535923615,25.344986450410286,17.330995292921155,33.96875077412546
identity,iterative_dopt,20,highdim_strong,Strong nonlinear,542.0,2.0,271,270,4.604020116034473e-14,3.311943456116627e-14,6,3.332018412109209e-08,1.4603106522519242e-08,6,7.409411212784765e-14,3.646321681989021e-14,6,2.5880810998917253e-10,7.418066223232799e-11,6,8.019886324068089e-12,4.64297584208784e-12,6,4.817828069847486e-12,3.2709449023718986e-12,6,97.04958727706945,0.9375790214489572,6,97.11439728791505,1.0938533429012964,6,9.446780866066497e-12,3.3842759457135516e-12,6,5.969684963755496e-12,2.5607214216742327e-12,6,96.34733147669637,0.6299721178962119,6,96.14515593909407,1.0627155054102815,6,4.171286106075629e-11,1.2991162836987288e-11,6,2.7838505635893003e-11,8.554084393964575e-12,6,83.83714444163911,3.127510613378205,6,81.58094392488968,5.072222453067271,6,1.4393553271216125e-10,5.751200029386391e-11,6,8.581169582218522e-11,3.485722534850714e-11,6,44.21136953200794,18.371343493967498,6,43.741632137783064,20.551495228677354,6,1.352095254072591e-14,2.6501066979822785e-14,5.961693273280168e-09,1.168491881562913e-08,1.4886045931533357e-14,2.917665002580538e-14,3.028412854182515e-11,5.93568919419773e-11,1.8954869501973758e-12,3.715154422386856e-12,1.335357664594815e-12,2.6173010226058375e-12,0.3827650326813184,0.7502194640553841,0.4465637572576361,0.8752649642249667,1.3816248692955308e-12,2.70798474381924e-12,1.0454101427526984e-12,2.049003879795289e-12,0.25718504017102767,0.5040826787352142,0.4338517883331876,0.8503495051330477,5.303620019337729e-12,1.0395095237901949e-11,3.4921903303196475e-12,6.844693047426509e-12,1.27680086131924,2.5025296881857106,2.0707261453171353,4.058623244821585,2.347917580112713e-11,4.6019184570209175e-11,1.4230402658841673e-11,2.7891589211329676e-11,7.500069574936644,14.700136366875823,8.390112793583768,16.444621075424184
identity,iterative_dopt,20,highdim_strong,Strong nonlinear,813.0,3.0,271,270,4.604020116034473e-14,3.311943456116627e-14,6,3.332018412109209e-08,1.4603106522519242e-08,6,7.409411212784765e-14,3.646321681989021e-14,6,4.5553078166471e-11,1.7536327553031675e-11,6,1.8657399819480244e-12,8.003341664151995e-13,6,1.2883315649941964e-12,4.2906711301875873e-13,6,95.95455187040005,0.22728761807082362,6,94.95217342908222,1.5990994104318776,6,2.2522450731840835e-12,9.993048713682318e-13,6,1.5581835927221346e-12,8.235876476877665e-13,6,95.14516500636631,0.44405761109414943,6,94.23679510150855,2.354392274269823,6,9.421023350288117e-12,2.250779141968044e-12,6,5.434879251231444e-12,1.0397165155120873e-12,6,78.24961895307352,4.494783686279283,6,78.17452783905074,5.35238546199611,6,2.1322981620898372e-11,1.1669857857435525e-11,6,9.386703926692911e-12,3.1157302732313803e-12,6,55.13094853786645,10.581904811859468,6,61.38973793310632,18.400875383136427,6,1.352095254072591e-14,2.6501066979822785e-14,5.961693273280168e-09,1.168491881562913e-08,1.4886045931533357e-14,2.917665002580538e-14,7.15917574453952e-12,1.4031984459297459e-11,3.267350552388261e-13,6.404007082680991e-13,1.7516591538417338e-13,3.433251941529798e-13,0.09278978152101718,0.18186797178119365,0.6528296005905854,1.2795460171575472,4.079645053882912e-13,7.996104305610507e-13,3.3622824921568503e-13,6.590073684627427e-13,0.18128576059665344,0.3553200907694407,0.9611766210519819,1.8839061772618844,9.188767369201744e-13,1.800998404363542e-12,4.244624900248542e-13,8.319464804487142e-13,1.8349877559283778,3.5965760016196207,2.1851022147635457,4.282800340936549,4.764199520254333e-12,9.337831059698493e-12,1.271991557593216e-12,2.493103452882703e-12,4.3200445492929544,8.46728731661419,7.512125918204028,14.723766799679893
identity,iterative_dopt,20,highdim_strong,Strong nonlinear,1084.0,4.0,271,270,4.604020116034473e-14,3.311943456116627e-14,6,3.332018412109209e-08,1.4603106522519242e-08,6,7.409411212784765e-14,3.646321681989021e-14,6,1.4156813423615102e-11,6.553486304378559e-12,6,8.562765754734573e-13,4.0062949464903793e-13,6,6.045101157268021e-13,3.312598989579883e-13,6,93.86244775886053,0.7229842058549599,6,93.26613386039362,1.4737206283874884,6,8.325544908569754e-13,3.328518597204816e-13,6,5.939282131628496e-13,2.5089578263591245e-13,6,93.9354588959567,0.5539762361105355,6,93.06664384288656,1.5041906114130614,6,2.178514294698235e-12,5.256125523711172e-13,6,1.5188855913006866e-12,5.103184045978568e-13,6,83.1068613567318,3.9049059618068074,6,81.35875614685587,5.358278530808229,6,5.961124966387515e-12,3.736454354773968e-12,6,3.6041203159732966e-12,3.2396756067945598e-12,6,56.70657945070053,22.642512648391595,6,57.83020025723525,35.728290460077524,6,1.352095254072591e-14,2.6501066979822785e-14,5.961693273280168e-09,1.168491881562913e-08,1.4886045931533357e-14,2.917665002580538e-14,2.6754495803408863e-12,5.243881177468137e-12,1.635563062998711e-13,3.2057036034774736e-13,1.3523628744883074e-13,2.6506312339970826e-13,0.295157066072661,0.5785078495024156,0.6016439271605222,1.1792220972346235,1.3588620270860417e-13,2.6633695730886415e-13,1.0242777434570424e-13,2.007584377175803e-13,0.22615985134973146,0.44327330864547365,0.6140832456411752,1.2036031614567033,2.145804259518563e-13,4.205776348656383e-13,2.08336616269321e-13,4.0833976788786916e-13,1.594171183329776,3.124575519326361,2.187508050031679,4.287515778062091,1.5254011027327289e-12,2.9897861613561487e-12,1.3225920281313573e-12,2.5922803751374604e-12,9.243767080512265,18.11778347780404,14.586013501522997,28.588586462985074
identity,iterative_dopt,50,highdim_poly2,Quadratic,2852.0,2.0,1426,1425,7.554655373515913e-15,2.0795116460995935e-15,6,1.0034119785062856e-09,7.361417300704048e-10,6,2.859734727477498e-14,5.404582460515247e-15,6,1.2122293235095223e-12,1.9976415879979307e-13,6,2.751586764038585e-13,5.0943256940292326e-14,6,7.448917926360927e-14,9.558295536082496e-15,6,77.26837048088447,1.9787276392568853,6,76.13471022554184,1.7099312768829729,6,2.4593224615513853e-13,5.525293847370913e-14,6,6.531472019907855e-14,1.627055106249908e-14,6,79.83459671237593,1.6498369022155666,6,79.41638215467687,2.1129371120914,6,3.4373955364665764e-13,4.623391061197291e-14,6,8.952116115866934e-14,1.239564994706773e-14,6,71.51621942143997,0.9816970013770784,6,71.41761323205138,0.6661740564808784,6,1.4844885832090414e-12,1.4080226735637282e-13,6,3.7436195050338504e-13,3.954799623725687e-14,6,-24.647390863174703,20.38809816921005,6,-21.27791232903394,19.331883536208576,6,8.489570745198528e-16,1.6639558660589115e-15,3.005286028403533e-10,5.890360615670925e-10,2.206411550176328e-15,4.324566638345603e-15,8.155337632596719e-14,1.5984461759889568e-13,2.079749755653567e-14,4.076309521080991e-14,3.902157812354052e-15,7.648229312213942e-15,0.8078121760202189,1.5833118649996292,0.6980765205981642,1.3682299803724018,2.255691767499676e-14,4.421155864299365e-14,6.642424656170241e-15,1.3019152326093672e-14,0.6735430948737007,1.3201444659524533,0.8626029638689657,1.6907018091831727,1.8874914968797e-14,3.6994833338842116e-14,5.0605029000788754e-15,9.918585684154595e-15,0.40077612256569284,0.7855212002287579,0.27196441970969554,0.5330502626310032,5.748228494167499e-14,1.1266527848568298e-13,1.6145401855131407e-14,3.1644987636057554e-14,8.32340622338942,16.31387619784326,7.89220840510365,15.468728474003154
identity,iterative_dopt,50,highdim_poly2,Quadratic,4278.0,3.0,1426,1425,7.554655373515913e-15,2.0795116460995935e-15,6,1.0034119785062856e-09,7.361417300704048e-10,6,2.859734727477498e-14,5.404582460515247e-15,6,1.9209122479868115e-13,3.661332587203189e-14,6,7.637803857641795e-14,1.251153683294148e-14,6,2.1701458680516613e-14,5.122067436605943e-15,6,60.04551259407578,1.57453092449689,6,57.568768660535135,3.583268416114874,6,6.947395944622969e-14,1.3142124743957247e-14,6,2.0103119147432532e-14,5.447037961248498e-15,6,63.8154937014549,0.956847458722484,6,60.986649568850545,4.324948858383273,6,8.106676969822602e-14,1.1589781876056913e-14,6,2.0485762260792457e-14,2.0231300164790158e-15,6,57.40202934771856,3.154904945784055,6,59.05018947039415,4.811271635247459,6,1.9846243224561116e-13,4.8278716622923024e-14,6,5.07571881029541e-14,7.64524817064181e-15,6,-3.1020796945145634,14.832064005599525,6,-0.7795078492612696,9.633325787104342,6,8.489570745198528e-16,1.6639558660589115e-15,3.005286028403533e-10,5.890360615670925e-10,2.206411550176328e-15,4.324566638345603e-15,1.4947327695453347e-14,2.929676228308856e-14,5.1078135231240144e-15,1.0011314505323067e-14,2.0910752746349973e-15,4.0985075382845944e-15,0.6427995582083411,1.2598871340883486,1.4628632051520516,2.867211882098021,5.36524995978338e-15,1.0515889921175424e-14,2.223743935771465e-15,4.358538114112072e-15,0.39063133925814586,0.7656374249459659,1.7656529777786074,3.4606798364460705,4.731508637749298e-15,9.273756929988625e-15,8.259393706136853e-16,1.6188411664028231e-15,1.2879845506923269,2.524449719356961,1.9641934200470499,3.8498191032922175,1.9709703527097614e-14,3.863101891311132e-14,3.1211594958364956e-15,6.117472611839531e-15,6.055164774336603,11.868122957699741,3.9327887840667954,7.708266016770919
identity,iterative_dopt,50,highdim_poly2,Quadratic,5704.0,4.0,1426,1425,7.554655373515913e-15,2.0795116460995935e-15,6,1.0034119785062856e-09,7.361417300704048e-10,6,2.859734727477498e-14,5.404582460515247e-15,6,6.762972793910916e-14,1.1508079599452068e-14,6,4.274126369410825e-14,7.011483923593474e-15,6,1.0846036465467888e-14,2.4520838969937693e-15,6,36.74042256050806,0.732757441952174,6,39.7197534183383,4.303789485266146,6,3.991415869436531e-14,7.014240263127058e-15,6,1.1719127079821432e-14,2.3997249909608888e-15,6,41.03094999392092,0.750801542763783,6,34.53459897189083,5.467503915444074,6,4.340595511817554e-14,7.5168551810923e-15,6,1.198597256398912e-14,2.2428623387803464e-15,6,35.82907527186291,1.0447007893268223,6,32.471558771050496,8.08880403940189,6,6.913739301510823e-14,9.683692339584015e-15,6,1.9709569986126048e-14,2.47059107663405e-15,6,-2.907097092113369,8.365396203544876,6,-11.529782809675007,11.963113760464278,6,8.489570745198528e-16,1.6639558660589115e-15,3.005286028403533e-10,5.890360615670925e-10,2.206411550176328e-15,4.324566638345603e-15,4.698153822998365e-15,9.208381493076795e-15,2.8624263254218948e-15,5.610355597826914e-15,1.0010590590216736e-15,1.96207575568248e-15,0.2991469730016484,0.5863280670832308,1.757014699876253,3.4437488117574557,2.8635515963244184e-15,5.61256112879586e-15,9.79683625143192e-16,1.920179905280656e-15,0.30651344631094535,0.6007663547694528,2.232099126584521,4.374914288105661,3.068743277345363e-15,6.014736823596912e-15,9.156447155528581e-16,1.794663642483602e-15,0.42649731128892354,0.8359347301262902,3.3022404209830114,6.472391225126702,3.9533508430131805e-15,7.748567652305833e-15,1.0086145834711258e-15,1.9768845836034064e-15,3.4151586991500857,6.693711050334168,4.883920741334258,9.572484653015145
identity,iterative_dopt,50,highdim_smooth,Smooth,2852.0,2.0,1426,1425,2.7124983865803442e-14,6.7043084405087724e-15,6,2.7257781804827335e-08,1.6941547831739008e-08,6,1.373720024869872e-13,4.162997041296423e-14,6,7.236015941600663e-12,5.085467761748785e-12,6,1.2350166147285776e-12,1.1037937716053111e-13,6,3.410783682390204e-13,8.440820432515708e-14,6,76.38016459464708,11.437778986113308,6,74.90133955399766,9.913549037652054,6,1.0774758753727012e-12,1.7076940263637733e-13,6,2.8081902342649977e-13,9.177457406593583e-14,6,79.75952029033931,9.449167758102476,6,79.28695592562946,8.739912850545084,6,1.3783452344816278e-12,1.1780724258701284e-13,6,3.502678764515275e-13,8.636728726012332e-14,6,73.94517597712701,12.359331229675115,6,73.52506719788201,11.974785799673215,6,8.663124556716613e-12,9.497793502140602e-12,6,3.142672500537567e-12,3.941358310142321e-12,6,-21.215936472886288,78.60540078663472,6,-73.45758121603535,158.65246326273078,6,2.737022459580154e-15,5.364564020777102e-15,6.9163579401192156e-09,1.3556061562633662e-08,1.6995364253153844e-14,3.3310913936181536e-14,2.0761335199430297e-12,4.069221699088338e-12,4.50621920282528e-14,8.832189637537548e-14,3.445950511686983e-14,6.754063002906486e-14,4.669453717784255,9.15212928685714,4.047189447051125,7.932491316220205,6.971631668983615e-14,1.3664398071207887e-13,3.746681297046748e-14,7.343495342211626e-14,3.8576065835515894,7.560908903761115,3.5680544800381786,6.99338678087483,4.8094605390409595e-14,9.42654265652028e-14,3.525929737594672e-14,6.910822285685558e-14,5.0456758457915,9.88952465775134,4.888685831387534,9.581824229519565,3.8774579604276875e-12,7.599817602438268e-12,1.6090527922211427e-12,3.1537434727534395e-12,32.090520492370416,62.897420165046015,64.76959690489068,126.94840993358572
identity,iterative_dopt,50,highdim_smooth,Smooth,4278.0,3.0,1426,1425,2.7124983865803442e-14,6.7043084405087724e-15,6,2.7257781804827335e-08,1.6941547831739008e-08,6,1.373720024869872e-13,4.162997041296423e-14,6,8.20871371780917e-13,2.2276393714564745e-13,6,3.7194001740725356e-13,7.569949836066573e-14,6,1.1664961568288267e-13,4.3748164634238064e-14,6,53.832634849980614,3.7979947455076353,6,43.698411231871205,17.102271537576016,6,3.19717006857368e-13,7.574883788454489e-14,6,7.470232758047857e-14,2.2920459186311037e-14,6,60.663942758389446,1.7813033590764,6,63.58254066634252,8.285078462949608,6,3.798146852654796e-13,7.128467744343781e-14,6,1.0970477427590548e-13,3.652967204640128e-14,6,52.62750037391904,4.937100887650254,6,47.87198191712674,7.397610065024587,6,1.0902919666748433e-12,7.985490180744711e-13,6,2.458820680625877e-13,1.1385337296010137e-13,6,-36.55223803135505,88.01454263965907,6,-17.447749811637326,39.24764054496247,6,2.737022459580154e-15,5.364564020777102e-15,6.9163579401192156e-09,1.3556061562633662e-08,1.6995364253153844e-14,3.3310913936181536e-14,9.094299651671001e-14,1.782482731727516e-13,3.090419079471379e-14,6.057221395763902e-14,1.7860113422859322e-14,3.500582230880427e-14,1.5505248620442267,3.039028729606684,6.981973118264191,13.684667311797815,3.092433357098976e-14,6.061169379913992e-14,9.357238279458227e-15,1.8340187027738124e-14,0.7272140511404771,1.425339540235335,3.3823691188581475,6.629443472961969,2.9101847702551387e-14,5.703962149700071e-14,1.4913176164148887e-14,2.922982528173182e-14,2.015562997230837,3.9505034745724408,3.0200616625645544,5.919320858626526,3.2600627148049933e-13,6.389722921017787e-13,4.6480444874506e-14,9.110167195403175e-14,35.9317865685996,70.42630167445522,16.022782157221126,31.404653028153408
identity,iterative_dopt,50,highdim_smooth,Smooth,5704.0,4.0,1426,1425,2.7124983865803442e-14,6.7043084405087724e-15,6,2.7257781804827335e-08,1.6941547831739008e-08,6,1.373720024869872e-13,4.162997041296423e-14,6,2.844142301602645e-13,7.330080602686105e-14,6,2.0174553421933691e-13,5.084932142166099e-14,6,3.844693640657305e-14,4.499696916376959e-15,6,28.955314245358505,2.6438126866829963,6,45.143340922793186,13.135912772357276,6,1.890096426833061e-13,5.322087608145524e-14,6,5.2998743353887837e-14,2.2805198156033332e-14,6,33.94427667304009,3.475301660187316,6,26.847758397664503,29.933700416804122,6,2.0593541185153524e-13,5.607137864729432e-14,6,6.735779228637683e-14,3.281791408307983e-14,6,27.853892113179114,3.342460723977639,6,8.52911523917667,38.89032565981642,6,3.261800533567189e-13,1.2604635174646167e-13,6,9.607724555603684e-14,6.791540860680511e-14,6,-13.102984416609042,23.491045564523713,6,-29.523312765783704,79.69943403351776,6,2.737022459580154e-15,5.364564020777102e-15,6.9163579401192156e-09,1.3556061562633662e-08,1.6995364253153844e-14,3.3310913936181536e-14,2.992492875008925e-14,5.865286035017494e-14,2.075914854164059e-14,4.068793114161556e-14,1.8369935737164098e-15,3.600507404484163e-15,1.079332009645006,2.115490738904212,5.3627139329972815,10.510919308674671,2.17273316772432e-14,4.258557008739667e-14,9.31018316089025e-15,1.824795899534489e-14,1.4187859616176968,2.7808204847706857,12.220382022417708,23.951948763938706,2.289104447670986e-14,4.486644717435132e-14,1.3397857321007275e-14,2.6259800349174258e-14,1.3645538765064773,2.6745255979526954,15.87690896620296,31.118741573757802,5.1458207619699734e-14,1.0085808693461148e-13,2.7726349459882917e-14,5.434364494137052e-14,9.590179192925518,18.796751218134016,32.53715769512105,63.77282908243726
identity,iterative_dopt,50,highdim_strong,Strong nonlinear,2852.0,2.0,1426,1425,2.791251861880344e-14,5.534340424409221e-15,6,6.68497997374784e-08,3.342522002907534e-08,6,1.3350741755305103e-13,3.6087028260620685e-14,6,6.849068150704173e-12,4.530058653247148e-12,6,1.220744697679976e-12,1.8464173695433176e-13,6,3.349073593877135e-13,8.585459114261093e-14,6,75.93196755432866,11.607782317993852,6,74.35125843405213,9.869765670912452,6,1.054211610294403e-12,1.4394054510234443e-13,6,2.767246811261846e-13,8.033614519934671e-14,6,79.56806046861182,9.349648006203156,6,78.54352699974284,8.926854295275733,6,1.355764842767479e-12,1.365549714075663e-13,6,3.438463823497968e-13,8.165436236186193e-14,6,73.48648847424126,12.483661783396542,6,72.80960596343262,11.95529628456974,6,8.304672326514566e-12,8.73818561019657e-12,6,3.0074099560137896e-12,3.669967067609031e-12,6,-20.041512052911674,70.78769571729165,6,-75.65976734935818,154.9766696362128,6,2.259385017110115e-15,4.428394633535825e-15,1.3645788935248483e-08,2.6745746313087027e-08,1.4732467595319507e-14,2.887563648682623e-14,1.8493887008891777e-12,3.6248018537427882e-12,7.537967345988423e-14,1.4774415998137308e-13,3.504999006244483e-14,6.869798052239187e-14,4.738857287397647,9.288160283299389,4.029314962428931,7.897457326360704,5.876348146646869e-14,1.1517642367427863e-13,3.2797093940089973e-14,6.428230412257634e-14,3.816977814971304,7.481276517343756,3.6443730052663112,7.14297109032197,5.5748333631480636e-14,1.0926673391770205e-13,3.333525384314693e-14,6.533709753256799e-14,5.0964335818006985,9.989009820329368,4.88072927016457,9.566229369522558,3.5673493371186776e-12,6.992004700752608e-12,1.4982577814100635e-12,2.9365852515637246e-12,28.89895576246044,56.64195329442246,63.26896044076675,124.00716246390282
identity,iterative_dopt,50,highdim_strong,Strong nonlinear,4278.0,3.0,1426,1425,2.791251861880344e-14,5.534340424409221e-15,6,6.68497997374784e-08,3.342522002907534e-08,6,1.3350741755305103e-13,3.6087028260620685e-14,6,7.828383734918406e-13,1.8929868204868497e-13,6,3.6249887347989894e-13,6.963933925133088e-14,6,1.0935995390259591e-13,4.2769814574362455e-14,6,53.13166186357383,2.903057474042672,6,46.46922161801475,15.726429711561337,6,3.1281371324530723e-13,6.571508471481139e-14,6,7.386529663420261e-14,1.9416251959805732e-14,6,59.730588616594225,1.6484609504817176,6,62.77387238948992,9.258490669448072,6,3.7038026545823605e-13,6.671272928015025e-14,6,1.0691769609416356e-13,3.291622742564084e-14,6,51.93796440201464,4.049119435361297,6,48.06197261733601,6.24205396082448,6,1.0473596536693402e-12,7.250542664962206e-13,6,2.4067912001412846e-13,9.356941259013282e-14,6,-37.5992773012763,88.21942670731794,6,-19.326580624418416,37.69539589888156,6,2.259385017110115e-15,4.428394633535825e-15,1.3645788935248483e-08,2.6745746313087027e-08,1.4732467595319507e-14,2.887563648682623e-14,7.7280863333438e-14,1.5147049213353847e-13,2.843014119838883e-14,5.57230767488421e-14,1.7460703683439886e-14,3.422297921954218e-14,1.1851682508962613,2.322929771756672,6.420288044845019,12.583764567896235,2.6828070992509688e-14,5.258301914531899e-14,7.926651669806321e-15,1.553623727282039e-14,0.672981364930596,1.3190434752639681,3.7797629880778025,7.408335456632493,2.723535768079984e-14,5.338130105436769e-14,1.3437993575037599e-14,2.6338467407073693e-14,1.6530460873702522,3.239970331245694,2.548307858489779,4.994683402639967,2.9600216479061224e-13,5.801642429895999e-13,3.819955272962959e-14,7.4871123350074e-14,36.01543013896461,70.59024307237064,15.38908093407691,30.162598630790743
identity,iterative_dopt,50,highdim_strong,Strong nonlinear,5704.0,4.0,1426,1425,2.791251861880344e-14,5.534340424409221e-15,6,6.68497997374784e-08,3.342522002907534e-08,6,1.3350741755305103e-13,3.6087028260620685e-14,6,2.775687029721714e-13,6.457315691036749e-14,6,1.9715936156747574e-13,4.3988343029300666e-14,6,3.8618766679431223e-14,5.118710766113353e-15,6,28.787852829324304,1.9177411486477203,6,44.420468507731975,12.34240627383865,6,1.8400347935983403e-13,4.599360025046984e-14,6,5.1255229864850956e-14,1.8806258644954642e-14,6,33.9389830305585,2.1435555848546137,6,27.996545047020792,24.868932219268302,6,2.016947694267828e-13,4.9196411494333e-14,6,6.476314765152088e-14,2.902147632258199e-14,6,27.484597804694403,2.0742826312079905,6,10.497782876134552,35.4899501554153,6,3.1767510615410356e-13,1.0859572734870884e-13,6,9.428652834924648e-14,5.959354479736246e-14,6,-13.733257950120878,23.528085029167404,6,-29.12987378011809,73.26677605899489,6,2.259385017110115e-15,4.428394633535825e-15,1.3645788935248483e-08,2.6745746313087027e-08,1.4732467595319507e-14,2.887563648682623e-14,2.6361880918512315e-14,5.166928660028414e-14,1.7958165842049983e-14,3.5198005050417966e-14,2.089704919644747e-15,4.095821642503704e-15,0.7829145454876368,1.534512509155768,5.038766261505087,9.87598187254997,1.8776808674532617e-14,3.6802545002083925e-14,7.677622941823978e-15,1.5048140965974996e-14,0.8751029030311622,1.715201689941078,10.152699064177968,19.899290165788816,2.008435088951819e-14,3.936532774345565e-14,1.1847968095431577e-14,2.322201746704589e-14,0.8468223381295459,1.6597717827339098,14.488711479596008,28.397874500008175,4.433402004179016e-14,8.689467928190871e-14,2.4328962786204864e-14,4.7684767060961535e-14,9.605300491046002,18.826388962450164,29.911036073883356,58.62563070481138
identity,measure_weighted,5,highdim_highfreq,High-frequency,62.0,2.0,31,30,2.5201892335081335e-14,1.7283420875336777e-14,6,3.140891075929334e-08,8.601117049853647e-09,6,9.228158682485138e-15,3.956613284205846e-15,6,1.4320353057937375e-08,9.236505801209872e-09,6,3.67273956631185e-11,1.470078025340788e-11,6,5.849058399829553e-11,2.025656503064065e-11,6,99.50635360631566,0.5318291552411275,6,99.77256578365251,0.14228388412951343,6,6.096734465800533e-11,3.400375264070131e-11,6,7.283923004832862e-11,3.9095224747717205e-11,6,99.4854541644264,0.2363238351400903,6,99.76130049406665,0.07810442558518811,6,2.7105908479728047e-10,2.8030878758716655e-10,6,6.384042709718636e-10,6.350994539990916e-10,6,98.32941739186316,0.8117168848147501,6,98.39911331774296,0.6879620479937285,6,6.25217822240151e-10,6.333188148164043e-10,6,9.65493073104873e-10,1.1230797368322497e-09,6,96.12907382755952,2.4044124282309416,6,97.67125467005185,1.6609970752420498,6,7.055927025723683e-15,1.3829616970418419e-14,3.5113913316823366e-09,6.88232701009738e-09,1.6152806093036474e-15,3.165949994235149e-15,3.770787703203484e-09,7.390743898278828e-09,6.001568406938682e-12,1.1763074077599816e-11,8.269708044429115e-12,1.6208627767081066e-11,0.21711834344603073,0.42555195315422023,0.058087152456432235,0.11385081881460718,1.388197388492238e-11,2.7208668814447866e-11,1.5960558668556062e-11,3.128269499036988e-11,0.09647880169180567,0.1890984513159391,0.03188599822281505,0.0624965565167175,1.1443558333445886e-10,2.2429374333553936e-10,2.59278266369662e-10,5.081854020845375e-10,0.3313820305662742,0.6495087799098974,0.2808593299974578,0.5504842867950173,2.5855132346739693e-10,5.06760593996098e-10,4.5849538261637116e-10,8.986509499280875e-10,0.9815972633953477,1.9239306362548814,0.6780992164330433,1.3290744642087648
identity,measure_weighted,5,highdim_highfreq,High-frequency,93.0,3.0,31,30,2.5201892335081335e-14,1.7283420875336777e-14,6,3.140891075929334e-08,8.601117049853647e-09,6,9.228158682485138e-15,3.956613284205846e-15,6,4.946275840840515e-09,4.138734266457628e-09,6,1.3762733188411911e-11,4.274086387606209e-12,6,2.3667117315854633e-11,7.391529869000139e-12,6,99.35449878205564,0.6976391899244724,6,99.69339633385427,0.18427080299003296,6,3.470764559516815e-11,2.6681243957590847e-11,6,3.911233612944847e-11,2.484126623034507e-11,6,99.25304145516644,0.0957078592404005,6,99.61939474189352,0.07330920198602568,6,1.990386968814138e-10,2.014226763598576e-10,6,4.894232002784272e-10,4.842574298323224e-10,6,96.12956130233586,1.2513099548661564,6,96.00275914361998,1.3223339971349333,6,6.307524795768923e-11,5.7020322406288724e-11,6,1.3228317521743418e-10,9.590344553442087e-11,6,97.77176027908381,1.7866629037527917,6,98.24321602630118,1.119938101239123,6,7.055927025723683e-15,1.3829616970418419e-14,3.5113913316823366e-09,6.88232701009738e-09,1.6152806093036474e-15,3.165949994235149e-15,1.6896311889655368e-09,3.3116771303724523e-09,1.7448884610351027e-12,3.4199813836288013e-12,3.0175794329318884e-12,5.9144556885465016e-12,0.28481000664726014,0.5582276130286299,0.07522824030308425,0.14744735099404513,1.089257223313574e-11,2.134944157694605e-11,1.0141404471496067e-11,1.987715276413229e-11,0.03907256991884954,0.07658223704094509,0.02992835638606502,0.05865957851668744,8.223046328456782e-11,1.6117170803775294e-10,1.9769726787346972e-10,3.8748664503200064e-10,0.510845149914522,1.001256493832463,0.5398405937525833,1.0580875637550633,2.3278449144065678e-11,4.562576032236873e-11,3.915241768902152e-11,7.673873867048219e-11,0.7294020760922787,1.4296280691408663,0.45721281525621676,0.8961371179021849
identity,measure_weighted,5,highdim_highfreq,High-frequency,124.0,4.0,31,30,2.5201892335081335e-14,1.7283420875336777e-14,6,3.140891075929334e-08,8.601117049853647e-09,6,9.228158682485138e-15,3.956613284205846e-15,6,1.4901908442307892e-09,9.014197510687046e-10,6,7.179383465502786e-12,2.0294815614624377e-12,6,1.0914671775011124e-11,2.1577201842247803e-12,6,99.05035084142155,1.0218012205411593,6,99.5408917623442,0.3409479015579112,6,2.7057765877495454e-11,2.265594087573627e-11,6,2.6422608190270777e-11,1.817788932660239e-11,6,98.42135050793189,0.6353603878514434,6,99.28287582104286,0.1502706506387021,6,1.4599109224596625e-10,1.3779936287561319e-10,6,3.6990677146347477e-10,3.51315046375812e-10,6,90.40145340003347,4.591873063644529,6,90.24904234954886,4.611550598429481,6,1.2849919059127204e-11,7.40274645433745e-12,6,2.096152201978475e-11,1.4566717993002065e-11,6,98.58783898978413,1.7443389656677855,6,99.26313365275281,0.6041545611836966,6,7.055927025723683e-15,1.3829616970418419e-14,3.5113913316823366e-09,6.88232701009738e-09,1.6152806093036474e-15,3.165949994235149e-15,3.6800307236415963e-10,7.212860218337529e-10,8.285323779949716e-13,1.6239234608701442e-12,8.808855765091382e-13,1.7265357299579108e-12,0.41714860147981697,0.8176112589004413,0.13919139794825872,0.2728151399785871,9.249249131369689e-12,1.812852829748459e-11,7.421092241826728e-12,1.4545340793980387e-11,0.2593847921688088,0.5083941926508652,0.061347736230142544,0.12024156301107938,5.62563543209786e-11,1.1026245446911806e-10,1.4342376709715802e-10,2.811105835104297e-10,1.8746243282599404,3.674263683389483,1.8826576481964403,3.690008990465023,3.0221585847206874e-12,5.923430826052547e-12,5.946837718312287e-12,1.1655801927892083e-11,0.7121234007233765,1.395761865417818,0.2466450667791895,0.4834243308872114
identity,measure_weighted,5,highdim_local,Local interior,62.0,2.0,31,30,1.366163689158256e-14,3.960070642730961e-15,6,5.992169538338032e-10,3.560882745082861e-10,6,5.0660142190070526e-15,1.2465704497141188e-15,6,1.2467907181756733e-09,6.038892508002832e-10,6,8.948630380780134e-12,1.2085074956400873e-11,6,1.1171457003590673e-11,1.3025785447087931e-11,6,99.50295621473042,0.5630860875742782,6,99.74111561092498,0.21232116633764006,6,8.005928713681292e-12,7.292172529571211e-12,6,1.3702364699782452e-11,1.1389704174686195e-11,6,99.45317256700434,0.2556879735878041,6,99.6277638100746,0.14718726570186783,6,3.071786444020856e-11,1.1691382196601052e-11,6,7.82082935732939e-11,3.231853364995464e-11,6,97.25590621273635,1.3752363247714452,6,97.46288727355234,0.9108012869541097,6,5.007830826568896e-11,6.942583293266708e-11,6,7.100341784410541e-11,8.491982534763038e-11,6,96.40140579162306,3.257936460714878,6,97.931612768242,1.627594872104588,6,1.6166920700110463e-15,3.1687164572216506e-15,1.4537242932223458e-10,2.849299614715798e-10,5.089102550385579e-16,9.974640998755735e-16,2.4653675426871865e-10,4.832120383666886e-10,4.933711191078301e-12,9.67007393451347e-12,5.317754640722714e-12,1.042279909581652e-11,0.22987893263618417,0.45056270796692094,0.08667975318663507,0.16989231624580473,2.977016968964991e-12,5.834953259171382e-12,4.6498272582047635e-12,9.113661426081336e-12,0.1043841781093904,0.20459298909440518,0.060088949600837924,0.11777434121764233,4.7729867949220235e-12,9.355054118047165e-12,1.3193986112892812e-11,2.5860212781269912e-11,0.5614378785717484,1.100418242000627,0.37183306835130164,0.7287928139685512,2.8342977608791097e-11,5.555223611323055e-11,3.466837352465993e-11,6.795001210833347e-11,1.3300469905267376,2.606892101432406,0.6644628241044479,1.3023471352447178
identity,measure_weighted,5,highdim_local,Local interior,93.0,3.0,31,30,1.366163689158256e-14,3.960070642730961e-15,6,5.992169538338032e-10,3.560882745082861e-10,6,5.0660142190070526e-15,1.2465704497141188e-15,6,3.0911232529578184e-10,1.0040868765235405e-10,6,3.4175987369722398e-12,4.785518733317201e-12,6,4.796343900632682e-12,6.150200626460995e-12,6,99.1168267401908,1.1856726699880087,6,99.49780947701451,0.5740213307430764,6,2.4055161804726163e-12,1.813743428098852e-12,6,5.018539634062036e-12,3.806203386819952e-12,6,99.27337065404696,0.38393426153916854,6,99.37886483677762,0.2953059396542271,6,2.1884488824766605e-11,5.77111536888154e-12,6,5.61919138309228e-11,1.9463124409861984e-11,6,92.56991636934309,2.305517792965875,6,92.1493725540635,1.9520591870676944,6,8.278846154686795e-12,1.028663095896739e-11,6,2.227562801156405e-11,2.919793604422223e-11,6,97.68239054481607,2.7274143953463437,6,97.57841289443233,3.0330009591182123,6,1.6166920700110463e-15,3.1687164572216506e-15,1.4537242932223458e-10,2.849299614715798e-10,5.089102550385579e-16,9.974640998755735e-16,4.0991675081793535e-11,8.034368316031532e-11,1.953679841859539e-12,3.829212490044696e-12,2.510808891762481e-12,4.921185427854463e-12,0.4840488405723286,0.948735727521764,0.23434322696565266,0.4593127248526792,7.404576538614229e-13,1.451297001568389e-12,1.5538760258270111e-12,3.045597010620942e-12,0.15674050592387123,0.3072113916107876,0.1205581450276629,0.23629396425421928,2.356047983415615e-12,4.617854047494605e-12,7.945787267411638e-12,1.5573743044126812e-11,0.9412236976123369,1.8447984473201804,0.7969248260046645,1.5619726589691425,4.1994995036310855e-12,8.231019027116928e-12,1.1920007475126933e-11,2.3363214651248787e-11,1.1134622642866756,2.182386038001884,1.2382174565352673,2.4269062148091236
identity,measure_weighted,5,highdim_local,Local interior,124.0,4.0,31,30,1.366163689158256e-14,3.960070642730961e-15,6,5.992169538338032e-10,3.560882745082861e-10,6,5.0660142190070526e-15,1.2465704497141188e-15,6,1.1697496335012957e-10,5.0830939009223593e-11,6,2.078559156514152e-12,2.9416093917892656e-12,6,2.9659922641414624e-12,3.872418351549641e-12,6,98.63586053671588,1.9015484025221718,6,99.26165111188384,0.8490545183643741,6,1.4317390415154865e-12,1.0010647872372606e-12,6,3.104456876655385e-12,2.4442920636958785e-12,6,98.84843234990535,0.5202210667790143,6,99.06782028362996,0.41164129696563606,6,1.6470081024578522e-11,3.4264294656309506e-12,6,4.3777706675683495e-11,1.1407677375105105e-11,6,84.84006628781879,3.7558250158599487,6,84.54406707201048,3.180411683467176,6,1.3582085554442165e-12,5.193880158123875e-13,6,2.7993899638777503e-12,2.1173588066614247e-12,6,98.74131691577035,0.5022652559703938,6,99.04141153495995,0.608127660752962,6,1.6166920700110463e-15,3.1687164572216506e-15,1.4537242932223458e-10,2.849299614715798e-10,5.089102550385579e-16,9.974640998755735e-16,2.075164395318842e-11,4.06732221482493e-11,1.2009070054104115e-12,2.3537777306044067e-12,1.5809081719810316e-12,3.098580017082822e-12,0.7763038845639664,1.521555613745374,0.3466250556328743,0.6793851090404337,4.086829880331824e-13,8.010186565450375e-13,9.978780563982302e-13,1.955840990540531e-12,0.2123793611758197,0.4162635479046066,0.1680518557705483,0.32938163731027464,1.3988339717388433e-12,2.741714584608133e-12,4.657164786549948e-12,9.128042981637897e-12,1.5333091420062355,3.0052859183322216,1.2983976327467714,2.544859360183672,2.1203926954282508e-13,4.1559696830393713e-13,8.644081131181318e-13,1.6942399017115383e-12,0.20504893210930789,0.40189590693424343,0.2482670778861848,0.48660347265692216
identity,measure_weighted,10,highdim_highfreq,High-frequency,172.0,2.0,86,85,1.0697708046705487e-14,3.117781366327004e-15,6,2.064737922302662e-08,2.964811100485088e-09,6,7.0171390873311696e-15,1.934552028744533e-15,6,1.0091161763822372e-09,3.5199168671955526e-10,6,5.239271072433061e-12,1.3678237044836964e-12,6,5.8272239469527144e-12,2.053165245764e-12,6,99.46330546173023,0.07903437400384415,6,99.54202427852375,0.11311924324691355,6,1.2024255339618187e-11,9.159905445452459e-12,6,1.0720756793852303e-11,7.088022141293506e-12,6,98.83158269005439,0.6283576875162165,6,99.14709460886638,0.44792625343678094,6,9.210023826867424e-11,6.268293606962945e-11,6,1.0682679462650483e-10,7.010110946536592e-11,6,90.80329325277437,4.623957777632086,6,91.545302794844,4.305470277125042,6,1.793953287339011e-10,2.2497011652187175e-10,6,2.0969688389393665e-10,2.363559650832174e-10,6,81.25950397610943,23.23380914878075,6,83.35533679777298,19.931116541783506,6,1.2728289128430867e-15,2.4947446691724497e-15,1.2103790633213215e-09,2.3723429641097903e-09,7.897775585483536e-16,1.547964014754773e-15,1.437000043607501e-10,2.816520085470702e-10,5.584116890114173e-13,1.0944869104623778e-12,8.382012016229703e-13,1.6428743551810217e-12,0.032265648074950956,0.06324067022690387,0.046180737674118344,0.09051424584127195,3.739515738916596e-12,7.329450848276529e-12,2.8936729219530836e-12,5.671598927028044e-12,0.25652595172832166,0.5027908653875104,0.1828651272194489,0.3584156493501198,2.5590201491681842e-11,5.015679492369641e-11,2.8618658098855765e-11,5.60925698737573e-11,1.8877228578953824,3.6999368014749496,1.757700880279273,3.445093725347375,9.184366547551022e-11,1.8001358433200004e-10,9.649191868616001e-11,1.8912416062487362e-10,9.485162865953402,18.590919217268667,8.136844255219138,15.94821474022951
identity,measure_weighted,10,highdim_highfreq,High-frequency,258.0,3.0,86,85,1.0697708046705487e-14,3.117781366327004e-15,6,2.064737922302662e-08,2.964811100485088e-09,6,7.0171390873311696e-15,1.934552028744533e-15,6,1.6265656258928314e-10,6.738352080952539e-11,6,1.6394709591209717e-12,3.366401428751304e-13,6,1.8150946372924226e-12,6.450754065064116e-13,6,98.8652309935074,0.3775762792171473,6,99.11074610105317,0.16063565483095668,6,5.65044761650231e-12,4.931432130040831e-12,6,4.546756498762369e-12,3.3476806274296287e-12,6,96.34441212511716,2.3678455789548405,6,97.73145759331219,1.2922944591031202,6,3.5546718445183134e-11,2.1715185898115537e-11,6,4.131065991674143e-11,2.4959499813663863e-11,6,76.84376338908275,10.221938552640648,6,80.11263816568619,7.316855716429473,6,3.116868918917763e-11,3.196693865954262e-11,6,4.865211257406273e-11,5.966419062939103e-11,6,82.03727425966149,13.036976803050209,6,77.73971872453687,24.52193203759582,6,1.2728289128430867e-15,2.4947446691724497e-15,1.2103790633213215e-09,2.3723429641097903e-09,7.897775585483536e-16,1.547964014754773e-15,2.7509207175924884e-11,5.391804606481277e-11,1.3743276283028259e-13,2.6936821514735386e-13,2.6335093192652405e-13,5.161678265759871e-13,0.1541448705101066,0.302123946199809,0.06557923147228124,0.12853529368567124,2.0132487366277362e-12,3.945967523790363e-12,1.3666848931671384e-12,2.678702390607591e-12,0.9666689096907297,1.8946710629938301,0.5275770037047715,1.034050927261352,8.865187520010654e-12,1.737576753922088e-11,1.0189673129761381e-11,1.9971759334332307e-11,4.173088939342199,8.17925432111071,2.9870938378030765,5.854703922094029,1.305044805912145e-11,2.5578878195878042e-11,2.4357803826358927e-11,4.7741295499663495e-11,5.322323492662286,10.43175404561808,10.011036833219528,19.621632193110273
identity,measure_weighted,10,highdim_highfreq,High-frequency,344.0,4.0,86,85,1.0697708046705487e-14,3.117781366327004e-15,6,2.064737922302662e-08,2.964811100485088e-09,6,7.0171390873311696e-15,1.934552028744533e-15,6,4.8696350850913746e-11,1.5324701071060348e-11,6,8.40453018302861e-13,1.5925639866735674e-13,6,8.717765900847107e-13,3.0182392555913493e-13,6,98.18717236948056,0.3691103955278105,6,98.63791059892145,0.17697097166321438,6,2.7088464899318283e-12,2.0294217243324744e-12,6,2.430394747611834e-12,1.6634876463409012e-12,6,94.03265824482612,3.82080257137821,6,96.09079494446014,2.145661430018686,6,2.108337214871275e-11,1.455517980778968e-11,6,2.266180500560502e-11,1.6061563018841715e-11,6,56.649698015568426,23.20351093764953,6,65.63008459583972,17.700410821786374,6,7.405287841662204e-12,5.765873898539569e-12,6,9.145981268766843e-12,8.293381499304005e-12,6,84.72108354890263,10.232178489501928,6,85.91659339590454,11.767925716131183,6,1.2728289128430867e-15,2.4947446691724497e-15,1.2103790633213215e-09,2.3723429641097903e-09,7.897775585483536e-16,1.547964014754773e-15,6.256283014130118e-12,1.2262314707695032e-11,6.501615250137983e-14,1.2743165890270447e-13,1.232191016306091e-13,2.415094391959938e-13,0.15068868796666895,0.29534982841467117,0.07224809664323602,0.1416062694207426,8.285079495889578e-13,1.6238755811943572e-12,6.791159878264281e-13,1.331067336139799e-12,1.5598361179650864,3.0572787912115693,0.8759626107193763,1.7168867170099775,5.942127273924276e-12,1.1646569456891581e-11,6.557105644619734e-12,1.2851927063454678e-11,9.472793673054968,18.566675599187736,7.2261624585023485,14.163278418664603,2.3539081621089885e-12,4.6136599977336176e-12,3.3857588192554896e-12,6.636087285740759e-12,4.177269376060274,8.187447977078138,4.804235555916287,9.416301689595922
identity,measure_weighted,10,highdim_local,Local interior,172.0,2.0,86,85,3.6863943073394494e-15,1.7584089088077181e-15,6,3.4962044601997513e-09,2.1618825481446334e-09,6,2.6593578353837003e-15,1.3494389162375694e-15,6,1.1573575929178492e-10,5.740962854563895e-11,6,7.906024093913407e-13,5.526419229883498e-13,6,1.0171504715910845e-12,8.256953522511466e-13,6,99.35495656021993,0.17268497538050173,6,99.36493894057837,0.2316104411725371,6,1.983395599514959e-12,2.0725877858040343e-12,6,2.3410961071930454e-12,2.562805224299076e-12,6,98.56504715369367,0.9735743867655705,6,98.68643607538354,0.994079002815015,6,1.4202099752608091e-11,1.4449230959764038e-11,6,1.7097622728986343e-11,1.6820282326388042e-11,6,89.62307846104102,6.676226590155738,6,89.9301710183842,6.214326391731917,6,1.4476176242024846e-11,1.6889382994376285e-11,6,1.5770814075628938e-11,1.7191543457698258e-11,6,84.26383296603562,22.920353876784432,6,86.17590478522709,19.140624581501758,6,7.178674309571778e-16,1.4070201646760686e-15,8.825848544637067e-10,1.7298663147488652e-09,5.509061306393958e-16,1.0797760160532158e-15,2.3437382709922493e-11,4.5937270111448085e-11,2.2561512029865567e-13,4.422056357853651e-13,3.3708871600048784e-13,6.606938833609561e-13,0.07049834598788411,0.13817675813625285,0.09455456666226938,0.185326950658048,8.461304203907802e-13,1.6584156239659291e-12,1.0462608516119548e-12,2.0506712691594313e-12,0.397460079036448,0.779021754911438,0.4058310534852516,0.7954288648310931,5.898873837841192e-12,1.1561792722168735e-11,6.866851504867448e-12,1.3459028949540197e-11,2.725558092180466,5.342093860673713,2.5369881258090214,4.972496726585682,6.8950617344435584e-12,1.3514320999509374e-11,7.018418227040523e-12,1.3756099724999424e-11,9.35719528702402,18.340102762567078,7.814127263808687,15.315689437065027
identity,measure_weighted,10,highdim_local,Local interior,258.0,3.0,86,85,3.6863943073394494e-15,1.7584089088077181e-15,6,3.4962044601997513e-09,2.1618825481446334e-09,6,2.6593578353837003e-15,1.3494389162375694e-15,6,1.6836331763820893e-11,4.683317922943339e-12,6,2.6276694801997645e-13,1.7898348442683856e-13,6,3.109569180214121e-13,2.0890325595568939e-13,6,98.5471323170788,0.6118575968317658,6,98.64991557478963,0.49515471201199207,6,6.561342343212464e-13,6.734662057407774e-13,6,8.227931268023718e-13,9.186749834295123e-13,6,96.56421443050569,2.759740635991939,6,96.75697434842245,2.8889898680618824,6,5.414210824368872e-12,5.471421610681242e-12,6,6.7391285474333524e-12,6.94631231651496e-12,6,71.68632643190496,22.095834193173783,6,72.6374492534746,21.91585816639323,6,2.7963520636658043e-12,2.0857087518921285e-12,6,4.255991581795638e-12,3.651219132102915e-12,6,84.17916014125598,10.986645499602341,6,79.80964697733606,18.392941001865566,6,7.178674309571778e-16,1.4070201646760686e-15,8.825848544637067e-10,1.7298663147488652e-09,5.509061306393958e-16,1.0797760160532158e-15,1.911956535740388e-12,3.74743481005116e-12,7.30697015385223e-14,1.432166150155037e-13,8.5284397116245e-14,1.6715741834784022e-13,0.24978981791389593,0.489588043111236,0.2021460646940222,0.39620628680028347,2.7494142717885664e-13,5.38885197270559e-13,3.750474914770161e-13,7.350930832949515e-13,1.1266593967673633,2.208252417664032,1.1794251748036848,2.3116733426152223,2.233698518967653e-12,4.378049097176599e-12,2.8358201282453086e-12,5.558207451360805e-12,9.020586535736168,17.68034961004289,8.94711163047853,17.53633879573792,8.514870323654789e-13,1.6689145834363388e-12,1.490603968789965e-12,2.921583778828331e-12,4.4852792431451505,8.791147316564494,7.50888672061431,14.717417972404046
identity,measure_weighted,10,highdim_local,Local interior,344.0,4.0,86,85,3.6863943073394494e-15,1.7584089088077181e-15,6,3.4962044601997513e-09,2.1618825481446334e-09,6,2.6593578353837003e-15,1.3494389162375694e-15,6,5.777658981277919e-12,3.481030333583366e-12,6,1.3437980568107916e-13,9.460198484206786e-14,6,1.5327655825264575e-13,1.0638532714688096e-13,6,97.66727577995813,0.8016645884898688,6,97.96103033988777,0.6746001272242439,6,3.4311853664717534e-13,3.4443133958444677e-13,6,3.981245902882838e-13,4.1024552628085963e-13,6,94.6574781581583,3.335407406305273,6,95.41063410387154,2.7848480743157653,6,2.072325693845463e-12,1.51049718740992e-12,6,2.438656968055527e-12,1.9134699678664226e-12,6,63.76219554586737,14.983385422946759,6,68.45596507809746,12.452848587083865,6,7.58895968739852e-13,5.13407883304902e-13,6,1.0632477505562843e-12,7.295098693027363e-13,6,83.12009353577498,13.698979712250448,6,81.93698614629416,15.106974605854152,6,7.178674309571778e-16,1.4070201646760686e-15,8.825848544637067e-10,1.7298663147488652e-09,5.509061306393958e-16,1.0797760160532158e-15,1.42112468273826e-12,2.7854043781669897e-12,3.862109858626249e-14,7.569735322907448e-14,4.343162793815295e-14,8.512599075877979e-14,0.3272781977764052,0.6414652676417542,0.2754043486860021,0.5397925234245641,1.4061350556752869e-13,2.756024709123562e-13,1.6748203477460873e-13,3.282647881582331e-13,1.3616743716246351,2.668881768384285,1.1369094655409921,2.2283425524603446,6.166578945105732e-13,1.2086494732407234e-12,7.8117084323541e-13,1.5310948527414036e-12,6.11694148427918,11.989205309187193,5.08385414708232,9.964354128281347,2.0959789066989677e-13,4.1081186571299766e-13,2.9782115701935824e-13,5.837294677579421e-13,5.592585048625388,10.96146669530576,6.167396556920949,12.08809725156506
identity,measure_weighted,20,highdim_highfreq,High-frequency,542.0,2.0,271,270,5.324610447389055e-15,2.553969092862559e-15,6,2.339552078918968e-08,1.0284187663713295e-08,6,8.772728420931064e-15,2.6087423448605336e-15,6,3.78861681565123e-11,1.6185266191301064e-11,6,1.0315820011724684e-12,2.4816271584372624e-13,6,6.511072301852375e-13,1.4394252917204724e-13,6,97.06535485817379,0.6037786344416389,6,97.07868529181705,0.7557625084694649,6,1.3122344014671533e-12,6.954251455563929e-13,6,8.73462736733518e-13,4.67606420859237e-13,6,96.68007836910341,0.43594597522143713,6,96.58334399165057,0.4310677345264637,6,6.051596801369124e-12,1.4147000351995332e-12,6,3.957872855064817e-12,1.2366483901269585e-12,6,82.6886597585321,3.880439736446311,6,83.01023565375185,2.5636668939211726,6,2.249395837744933e-11,9.395789292597695e-12,6,1.4571356512790654e-11,7.712998984296121e-12,6,35.36750140076557,21.85191380759652,6,37.34604174780144,23.26741889519619,6,1.0426535160586827e-15,2.043600891475018e-15,4.1985020325205025e-09,8.229063983740184e-09,1.0650146025500022e-15,2.0874286209980044e-15,6.607607253301219e-12,1.2950910216470389e-11,1.0131200450007066e-13,1.9857152882013848e-13,5.876429145953302e-14,1.151780112606847e-13,0.2464915953294048,0.48312352684563337,0.3085387520793399,0.6047359540755062,2.8390612681898055e-13,5.564560085652018e-13,1.9089952192570917e-13,3.7416306297438994e-13,0.1779741991187533,0.3488294302727565,0.17598266569455914,0.34492602476133594,5.775488708893763e-13,1.1319957869431774e-12,5.048595911742191e-13,9.895247987014696e-13,1.5841828886522498,3.1049984617584094,1.0466126267621205,2.051360748453756,3.8358149162616786e-12,7.51819723587289e-12,3.1488186496884033e-12,6.17168455338927e-12,8.921006455314965,17.48517265241733,9.49888398747043,18.61781261544204
identity,measure_weighted,20,highdim_highfreq,High-frequency,813.0,3.0,271,270,5.324610447389055e-15,2.553969092862559e-15,6,2.339552078918968e-08,1.0284187663713295e-08,6,8.772728420931064e-15,2.6087423448605336e-15,6,6.7264130595425255e-12,3.0642560878001214e-12,6,2.5577542076241297e-13,8.335920220757533e-14,6,1.6309257647883976e-13,4.68101851388028e-14,6,95.911112313295,0.7597315581339625,6,95.51578882511252,1.427305806032987,6,2.9763697570235424e-13,1.3683268640915796e-13,6,2.007537730551966e-13,9.793832016989445e-14,6,95.61552193526283,0.38068648845938285,6,95.21050907651522,0.45589414161671715,6,1.1876454539552155e-12,2.756025928637969e-13,6,7.797517679341255e-13,2.274595969925552e-13,6,79.57250001669834,7.923641700065567,6,77.82096254560378,9.411049888778308,6,2.8565811424325375e-12,9.6987614752854e-13,6,1.855294941441012e-12,1.13392911302061e-12,6,50.6569063632655,28.019953428393006,6,35.46906039514516,80.20186503420898,6,1.0426535160586827e-15,2.043600891475018e-15,4.1985020325205025e-09,8.229063983740184e-09,1.0650146025500022e-15,2.0874286209980044e-15,1.2509773093878847e-12,2.4519155264002538e-12,3.403125179567411e-14,6.670125351952125e-14,1.911017805921317e-14,3.745594899605781e-14,0.3101591098196372,0.6079118552464888,0.5826951552821131,1.1420825043529417,5.5861710306116606e-14,1.0948895219998854e-13,3.9983151780261884e-14,7.836697748931329e-14,0.15541460811623417,0.30461263190781895,0.18611800394751507,0.36479128773712954,1.1251428738405314e-13,2.2052800327274416e-13,9.28599916218099e-14,1.820055835787474e-13,3.2348131782999454,6.340233829467893,3.8420450285638728,7.530408255985191,3.9595027919020386e-13,7.760625472127996e-13,4.629246218978686e-13,9.073322589198224e-13,11.439098086018504,22.420632248596267,32.74227429222929,64.1748576127694
identity,measure_weighted,20,highdim_highfreq,High-frequency,1084.0,4.0,271,270,5.324610447389055e-15,2.553969092862559e-15,6,2.339552078918968e-08,1.0284187663713295e-08,6,8.772728420931064e-15,2.6087423448605336e-15,6,1.9121370730487325e-12,6.83589912510981e-13,6,1.0905707319991373e-13,3.777789865968831e-14,6,7.883321793622205e-14,2.7234422966844703e-14,6,94.26382642536755,0.5155396378081814,6,93.16035303896392,0.42996849555802114,6,1.0940010871268473e-13,4.194577442108433e-14,6,7.900779500776667e-14,3.286500526430681e-14,6,94.26621185416643,0.9679445861207292,6,93.31233658162616,0.9213876432332193,6,2.6812129282341167e-13,9.599115562670821e-14,6,1.6766286472799833e-13,5.868008723716081e-14,6,84.95233461065546,4.995136029594966,6,84.41826910031773,5.410784529597356,6,7.282554201893331e-13,3.472528379445164e-13,6,5.079286412569457e-13,3.292204646751211e-13,6,55.06290130948988,33.418025999528076,6,44.932513065290784,58.508470401470035,6,1.0426535160586827e-15,2.043600891475018e-15,4.1985020325205025e-09,8.229063983740184e-09,1.0650146025500022e-15,2.0874286209980044e-15,2.790744131609497e-13,5.469858497954614e-13,1.5422762545134816e-14,3.022861458846424e-14,1.1118406617984119e-14,2.1792076971248872e-14,0.21046817580154917,0.41251762457103636,0.17553390326488122,0.3440464503991672,1.7124290699590513e-14,3.3563609771197405e-14,1.3417082215239115e-14,2.6297481141868664e-14,0.3951617225475392,0.7745169761931767,0.37615493020448953,0.7372636632007995,3.918822518425426e-14,7.680892136113835e-14,2.3956045298841247e-14,4.695384878572884e-14,2.0392557447165935,3.9969412596445233,2.208943534276438,4.3295293271818185,1.417653774495737e-13,2.7786013980116443e-13,1.344036918893368e-13,2.6343123610310013e-13,13.642851984984265,26.73998989056916,23.885983019055672,46.81652671734911
identity,measure_weighted,20,highdim_local,Local interior,542.0,2.0,271,270,1.4023382368454408e-15,2.2779212250751347e-16,6,3.832001484645649e-09,4.661959509770865e-09,6,2.2152890591209387e-15,3.2634806363926673e-16,6,4.6025336896952056e-12,2.138157754104918e-12,6,1.6227131227425487e-13,3.852123064171492e-14,6,1.0487402501189585e-13,2.8128608586073636e-14,6,96.17913516074793,0.8732861161259386,6,96.336555954476,0.7709222287815014,6,1.8494022688743155e-13,7.218242212765084e-14,6,1.18012572918173e-13,4.9588392468666655e-14,6,95.86738098054678,0.5568347037650521,6,96.09908757429658,0.5450500082071846,6,1.1485828598706347e-12,5.536569941404036e-13,6,7.582497814095313e-13,3.592242547512297e-13,6,72.20089128696678,18.01507401466687,6,72.5612248495856,17.642081056173815,6,2.1219814300681734e-12,3.100983842427694e-13,6,1.433611930056011e-12,3.836511873345535e-13,6,47.364706271356035,18.806443615684707,6,47.25775794943866,22.573792111693688,6,9.299574459482723e-17,1.8227165940586137e-16,1.903237000075705e-09,3.730344520148382e-09,1.3323103907692263e-16,2.6113283659076833e-16,8.728992478553855e-13,1.7108825257965557e-12,1.5726226556044295e-14,3.082340404984682e-14,1.1483456368391702e-14,2.2507574482047736e-14,0.35651756399424106,0.6987744254287125,0.31472768198063905,0.6168662566820525,2.9468350435154375e-14,5.775796685290258e-14,2.0244376452184264e-14,3.967897784628116e-14,0.2273268158830341,0.4455605591307468,0.22251573406789765,0.4361308387730794,2.260295213611808e-13,4.430178618679144e-13,1.4665268789534477e-13,2.8743926827487573e-13,7.354623169067711,14.415061411372713,7.202349431407863,14.116604885559411,1.2659713524271673e-13,2.4813038507572476e-13,1.5662494136376273e-13,3.0698488507297495e-13,7.677698455808313,15.048288973384293,9.215712038885584,18.062795596215746
identity,measure_weighted,20,highdim_local,Local interior,813.0,3.0,271,270,1.4023382368454408e-15,2.2779212250751347e-16,6,3.832001484645649e-09,4.661959509770865e-09,6,2.2152890591209387e-15,3.2634806363926673e-16,6,7.024978838320808e-13,2.3674393673543466e-13,6,3.699060067063916e-14,1.055789916917841e-14,6,2.409470538922947e-14,7.940800908888135e-15,6,94.51640678334478,1.3824821801749132,6,94.6953634854102,1.4340655781086853,6,4.110952774039343e-14,1.1178768202998399e-14,6,2.6142745641890383e-14,6.445438969491028e-15,6,93.94505897090364,1.1860508993230425,6,94.22759214722969,1.137410504705904,6,2.1372180441440461e-13,9.2016619910524e-14,6,1.4164708160043348e-13,6.745173666229356e-14,6,67.62287977742531,16.00917505054564,6,68.29560579902001,15.880401987712672,6,2.945723284902958e-13,8.290113269545438e-14,6,1.656516008746981e-13,7.237149460924212e-14,6,54.83878952474478,18.846799709111377,6,62.272101131192606,21.555083392128353,6,9.299574459482723e-17,1.8227165940586137e-16,1.903237000075705e-09,3.730344520148382e-09,1.3323103907692263e-16,2.6113283659076833e-16,9.665030744992615e-14,1.8943460260185525e-13,4.310244286706926e-15,8.448078801945574e-15,3.241818395967471e-15,6.353964056096243e-15,0.5643959866531626,1.1062161338401986,0.5854548206759422,1.1474914485248469,4.563713008365887e-15,8.944877496397138e-15,2.6313394405838754e-15,5.157425303544395e-15,0.48420325205175946,0.9490383740214485,0.464345894101825,0.9101179524395769,3.7565627772734483e-14,7.362863043455958e-14,2.753705618120002e-14,5.3972630115152036e-14,6.535718346121985,12.81000795839909,6.483146963362631,12.706968048190756,3.384424570043711e-14,6.633472157285674e-14,2.954553895253777e-14,5.790925634697403e-14,7.694173761959551,15.080580573440718,8.799825945642406,17.247658853459114
identity,measure_weighted,20,highdim_local,Local interior,1084.0,4.0,271,270,1.4023382368454408e-15,2.2779212250751347e-16,6,3.832001484645649e-09,4.661959509770865e-09,6,2.2152890591209387e-15,3.2634806363926673e-16,6,2.330030076167772e-13,6.981886422458218e-14,6,1.6694787394655854e-14,3.267905009256528e-15,6,1.159343747607398e-14,2.0475965850545732e-15,6,92.59303025310278,1.387022223925622,6,92.16293148772944,1.3079353344034756,6,1.6738309166315126e-14,5.277666769985761e-15,6,1.1350279678416351e-14,3.966688881573201e-15,6,92.76019703114014,1.1843190268115213,6,92.59429655246545,1.1431259926717452,6,5.0797021560026394e-14,2.3063834224203643e-14,6,3.417217778491772e-14,1.5262123260021185e-14,6,77.86601038299092,8.902487637480686,6,77.09351145248564,9.820683383509937,6,1.1056001559350025e-13,4.340331361594584e-14,6,6.553287827433779e-14,2.819244900629578e-14,6,47.96166417382682,29.23590804431317,6,53.648321916594504,27.754421510200157,6,9.299574459482723e-17,1.8227165940586137e-16,1.903237000075705e-09,3.730344520148382e-09,1.3323103907692263e-16,2.6113283659076833e-16,2.850343196181424e-14,5.586672664515591e-14,1.3341166334272722e-15,2.6148686015174533e-15,8.359278054081735e-16,1.63841849860002e-15,0.5662494517530207,1.1098489254359205,0.5339623643075,1.0465662340427,2.154598436484625e-15,4.223012935509865e-15,1.6193939547042722e-15,3.1740121512203734e-15,0.48349621805962956,0.947652587396874,0.4666792322930464,0.914691295294371,9.415770893573075e-15,1.8454910951403226e-14,6.230735729752409e-15,1.2212242030314722e-14,3.634425358877165,7.1234737033992435,4.009277202504799,7.858183316909405,1.7719328584176798e-14,3.472988402498652e-14,1.1509519110809887e-14,2.255865745718738e-14,11.935509479249554,23.393598579329126,11.330695134352682,22.208162463331256
identity,measure_weighted,50,highdim_highfreq,High-frequency,2852.0,2.0,1426,1425,4.8964216698004794e-15,1.907634391090636e-15,6,2.8124645159074053e-08,1.9251389900702106e-08,6,2.2639970036479753e-14,7.945840683008701e-15,6,1.3320587418688973e-12,1.1248212050812454e-12,6,2.0785220863172887e-13,5.060235246877715e-14,6,5.754143492322035e-14,1.8715092963886018e-14,6,77.77913244559541,9.573106304220238,6,75.0727351657277,8.33400573939914,6,1.7867838926110948e-13,4.977265771558971e-14,6,4.5880308682380155e-14,1.4131545821766477e-14,6,81.25729096340211,7.6465121492650905,6,79.88880186265634,7.407885268888905,6,2.3915195720129437e-13,7.368904467061335e-14,6,6.124336089494615e-14,1.860877971107561e-14,6,75.22960391730281,10.007729262387135,6,73.06546081260721,9.69606883139699,6,1.518680733652642e-12,1.852900298717069e-12,6,5.409427460965128e-13,7.371394790586087e-13,6,-18.344298242132115,69.47622728287648,6,-75.88872834469461,149.4507255017695,6,7.787884789928245e-16,1.5264254188259358e-15,7.859347016014912e-09,1.540432015138923e-08,3.243875875136516e-15,6.3579967152675715e-15,4.592063340519208e-13,9.000444147417647e-13,2.0658323888828113e-14,4.04903148221031e-14,7.640404708378739e-15,1.4975193228422328e-14,3.908204283126742,7.660080394928414,3.402343595825722,6.668593447818416,2.0319602424232505e-14,3.982642075149571e-14,5.769179423347911e-15,1.1307591669761905e-14,3.121675512948632,6.118484005379319,3.02425649697633,5.927542734073607,3.008342651269314e-14,5.896351596487856e-14,7.597002504665237e-15,1.4890124909143863e-14,4.085638362794725,8.00785119107766,3.958403524637768,7.758470908290025,7.564433793512246e-13,1.4826290235284002e-12,3.0093593215909957e-13,5.898344270318351e-13,28.363551016113124,55.59255999158172,61.01300319468147,119.58548626157567
identity,measure_weighted,50,highdim_highfreq,High-frequency,4278.0,3.0,1426,1425,4.8964216698004794e-15,1.907634391090636e-15,6,2.8124645159074053e-08,1.9251389900702106e-08,6,2.2639970036479753e-14,7.945840683008701e-15,6,1.3529363337110937e-13,4.1825189271859206e-14,6,6.211031463617113e-14,1.978966913125148e-14,6,1.8356415212541685e-14,5.5474495452012486e-15,6,53.940357161858145,3.9391715695218057,6,45.92448620625865,15.828200419671905,6,5.335469375622261e-14,1.701932427697311e-14,6,1.2755957656058477e-14,6.966469946588786e-15,6,60.56424251427445,1.7803941830872039,6,65.02225279870574,8.78742250670038,6,6.340340319538552e-14,1.8885247123573082e-14,6,1.7495311857699463e-14,6.583070285823011e-15,6,52.734270996459195,4.364419379185873,6,51.16718147456353,4.454825499663854,6,1.8910742172924518e-13,1.6805466576422766e-13,6,4.2128487247618055e-14,2.6249746159830086e-14,6,-33.16122050569507,79.89559754347424,6,-14.280108965399153,35.066710095728034,6,7.787884789928245e-16,1.5264254188259358e-15,7.859347016014912e-09,1.540432015138923e-08,3.243875875136516e-15,6.3579967152675715e-15,1.7075062018564028e-14,3.346712155638549e-14,8.079098591678898e-15,1.583503323969064e-14,2.2647367932629444e-15,4.438884114795371e-15,1.6081600591011294,3.1519937158382136,6.4618357624504545,12.665198094402891,6.948110040924394e-15,1.3618295680211813e-14,2.844049446262751e-15,5.574336914674992e-15,0.7268428815971569,1.4246120479304276,3.5874502159441044,7.031402423250444,7.709869853186298e-15,1.5111344912245143e-14,2.6875271901906987e-15,5.2675532927737694e-15,1.781766750419987,3.4922628308231745,1.8186748945525928,3.5646027933230817,6.860803000272183e-14,1.344717388053348e-13,1.0716413994860987e-14,2.1004171429927536e-14,32.61724111271217,63.92979258091586,14.315924448772858,28.0592119195948
identity,measure_weighted,50,highdim_highfreq,High-frequency,5704.0,4.0,1426,1425,4.8964216698004794e-15,1.907634391090636e-15,6,2.8124645159074053e-08,1.9251389900702106e-08,6,2.2639970036479753e-14,7.945840683008701e-15,6,4.727005514786838e-14,1.4029801953944529e-14,6,3.354012515161773e-14,1.076192044572936e-14,6,6.496462416367091e-15,1.6861672127713436e-15,6,29.390128936669957,2.767168851546671,6,47.431243566746964,10.990887699333703,6,3.140401419625144e-14,1.0453704836347835e-14,6,8.810814163924292e-15,3.18894030376147e-15,6,34.144758867291635,3.1943023956385805,6,29.918665118353445,21.08835677550489,6,3.422183510704629e-14,1.1234456651899574e-14,6,1.0687070432675042e-14,3.901155497186666e-15,6,28.11546868035272,2.8799578417791705,6,13.488031656374664,29.290294001397545,6,5.0688380698960705e-14,1.1816695073090226e-14,6,1.4139133200435112e-14,7.304083087860768e-15,6,-9.520695533089382,18.383038246293932,6,-15.228482053548333,64.7968361758409,6,7.787884789928245e-16,1.5264254188259358e-15,7.859347016014912e-09,1.540432015138923e-08,3.243875875136516e-15,6.3579967152675715e-15,5.72764266324442e-15,1.1226179619959063e-14,4.393535624077107e-15,8.61132982319113e-15,6.883748820501178e-16,1.349214768818231e-15,1.1296919530687797,2.214196228014808,4.487011113933285,8.794541783309239,4.267707128452821e-15,8.36470597176753e-15,1.3018794274019322e-15,2.551683677707787e-15,1.3040684922440728,2.555974244798383,8.609285602291896,16.874199780492116,4.5864477224283756e-15,8.989437535959615e-15,1.5926400625601581e-15,3.1215745226179098e-15,1.175737865514343,2.304446216408112,11.95771245325449,23.437116408378802,4.824145562521838e-15,9.455325302542802e-15,2.9818794340251726e-15,5.844483690689338e-15,7.504843937581309,14.709494117659364,26.453197596254043,51.84826728865792
identity,measure_weighted,50,highdim_local,Local interior,2852.0,2.0,1426,1425,1.3308091109914005e-15,3.3135836159621333e-16,6,7.845375599169202e-09,2.4810742266827526e-09,6,5.518560251578611e-15,1.3278050234172692e-15,6,1.7319518895380495e-13,4.2145353950545975e-14,6,4.358513029214091e-14,8.993125003449279e-15,6,1.1300683604132618e-14,2.684626788143213e-15,6,74.51890654532853,3.5706314615695613,6,74.50803719735613,3.898728073559023,6,3.69138716745578e-14,8.410067096971662e-15,6,9.525137036627441e-15,2.1870786418603055e-15,6,78.36830028719675,4.299505164786972,6,78.55532066791261,3.066250441522204,6,4.979218546163252e-14,1.1798949931719351e-14,6,1.2860546204703464e-14,3.1466537624951687e-15,6,70.90647884726731,5.522596108724513,6,71.07270871908217,4.958389909018103,6,1.7502903181335481e-13,7.134975074321924e-14,6,5.265234302258052e-14,2.63616276403662e-14,6,1.891539778223251,19.28722424163101,6,-12.820046750305218,36.560746719942394,6,1.3527648465256065e-16,2.651419099190189e-16,1.0128943115571848e-09,1.9852728506520824e-09,5.420741308794298e-16,1.0624652965236824e-15,1.7205768701304812e-14,3.372330665455743e-14,3.671427908585991e-15,7.195998700828542e-15,1.095994296792958e-15,2.1481488217141977e-15,1.457704190062258,2.8571002125220257,1.5916490710139413,3.1196321791873247,3.4333955150250646e-15,6.729455209449126e-15,8.928711166494972e-16,1.7500273886330143e-15,1.7552656333648313,3.4403206413950693,1.251791500885505,2.45351134173559,4.816901138893139e-15,9.441126232230551e-15,1.2846160192203351e-15,2.5178473976718567e-15,2.2545904203091647,4.418997223805962,2.02425420380991,3.967538239467423,2.9128413765941997e-14,5.709169098124631e-14,1.0762089418024422e-14,2.1093695259327867e-14,7.873976324439036,15.432993595900511,14.925862346498771,29.254690199137592
identity,measure_weighted,50,highdim_local,Local interior,4278.0,3.0,1426,1425,1.3308091109914005e-15,3.3135836159621333e-16,6,7.845375599169202e-09,2.4810742266827526e-09,6,5.518560251578611e-15,1.3278050234172692e-15,6,2.7488512731649564e-14,3.693492750860879e-15,6,1.2982460095927104e-14,2.540796768258316e-15,6,3.4740791948436647e-15,9.590626509803671e-16,6,52.97288418565134,5.171856816246862,6,52.21129369252956,6.553355484456064,6,1.1515016983579813e-14,2.7730346381118985e-15,6,2.776666383126137e-15,6.749662869539286e-16,6,58.52118342220306,5.300001143400549,6,61.319790632429495,6.609509211030118,6,1.346039358993636e-14,3.083156283900627e-15,6,3.4054359760837205e-15,6.210353904545625e-16,6,51.40355570163857,6.665995461022505,6,52.61580460443631,4.031971486226258,6,2.705714065152035e-14,4.815925716348397e-15,6,6.686137855289868e-15,1.3698585323445145e-15,6,1.2296288878866346,15.771136292625863,6,6.430410725589674,17.185902467489818,6,1.3527648465256065e-16,2.651419099190189e-16,1.0128943115571848e-09,1.9852728506520824e-09,5.420741308794298e-16,1.0624652965236824e-15,1.5078621013796245e-15,2.9554097187040637e-15,1.0372759370575657e-15,2.0330608366328287e-15,3.915356877104754e-16,7.674099479125318e-16,2.111401703756659,4.138347339363052,2.6753961733311695,5.243776499729092,1.1320866504062597e-15,2.218889834796269e-15,2.7555383276968256e-16,5.400855122285778e-16,2.1637164062497938,4.240884156249596,2.698320836208202,5.288708838968076,1.2586932821353478e-15,2.4670388329852818e-15,2.5353663647063285e-16,4.969318074824404e-16,2.7213812512023083,5.333907252356524,1.646045466450911,3.2262491142437857,1.966093440700188e-15,3.8535431437723685e-15,5.592424040069845e-16,1.0961151118536897e-15,6.438539430137096,12.61953728306871,7.016115302431404,13.75158599276555
identity,measure_weighted,50,highdim_local,Local interior,5704.0,4.0,1426,1425,1.3308091109914005e-15,3.3135836159621333e-16,6,7.845375599169202e-09,2.4810742266827526e-09,6,5.518560251578611e-15,1.3278050234172692e-15,6,1.0676333127738395e-14,1.9783329761650168e-15,6,7.653952445371648e-15,1.808930758158424e-15,6,1.7530848141117982e-15,4.870155688791328e-16,6,28.80480107256893,5.118616331871765,6,37.06506848120158,7.574500668337553,6,7.263694826930144e-15,1.77787338876451e-15,6,1.9707883299858712e-15,4.926166588522058e-16,6,32.54930703053798,4.78895770522455,6,29.362914217210264,4.6747034690661815,6,7.679198058462074e-15,1.8272597346928886e-15,6,2.078412859152384e-15,7.205157830373043e-16,6,28.602331461345727,4.968867696107653,6,26.46472885413391,10.253119924587024,6,1.1008272561673588e-14,2.325787379813701e-15,6,2.77991770689585e-15,1.0054515290295162e-15,6,-2.8187283383458723,7.917846933468409,6,0.38103280784746474,20.917255360041565,6,1.3527648465256065e-16,2.651419099190189e-16,1.0128943115571848e-09,1.9852728506520824e-09,5.420741308794298e-16,1.0624652965236824e-15,8.076510554876544e-16,1.5829960687558027e-15,7.384928895856764e-16,1.4474460635879258e-15,1.988232734241917e-16,3.896936159114157e-16,2.0896663670270574,4.095746079373033,3.092276948966194,6.060862819973741,7.258137716243063e-16,1.4225949923836403e-15,2.0110990883043307e-16,3.941754213076488e-16,1.955083796261667,3.831964240672867,1.9084396996717587,3.740541811356647,7.459756629218238e-16,1.4621122993267747e-15,2.9414933667721115e-16,5.765326998873338e-16,2.028531742477063,3.9759222152550433,4.185818681133625,8.204204615021906,9.494987217913708e-16,1.8610174947110865e-15,4.1047386787057716e-16,8.045287810263312e-16,3.2324474747430183,6.3355970504963155,8.539433741933045,16.73729013418877
relu,gpu_geometry,5,highdim_nonlinear,Random nonlinear,62.0,2.0,31,30,0.0027596906253836468,0.00010392048306631,2,0.024588308964889533,0.0004766256535593021,2,0.0012327670400370339,9.352316223175043e-05,2,0.00710991637422017,0.0009932176339731748,2,0.009176843680653048,3.148962156583943e-05,2,0.017972315535181867,0.0007485351316312832,2,-30.311604287436943,17.76094323569077,2,-24.64814612845925,10.165687698023238,2,0.015824814616140628,0.00029750761748672085,2,0.02358084338537523,7.770879690141731e-05,2,-124.47182054527133,27.17311970749357,2,-63.99965401140779,20.707473606155116,2,0.02388753727416137,0.0031866259598242797,2,0.04349549770464392,0.0055661763480947275,2,-236.1240847553137,2.1352954662998602,2,-200.06027373393326,1.5048845725469073,2,0.003786251809830922,0.0007222736605984374,2,0.008250722419991599,4.119674146543598e-05,2,45.50561164543138,17.771257336348384,2,42.64725727510883,6.769840677531447,2,7.348287828036957e-05,0.00014402644142952437,0.00033702523171925264,0.0006605694541697352,6.613086221208033e-05,0.00012961648993567744,0.00070231092417649,0.0013765294113859204,2.226652494620321e-05,4.364238889455829e-05,0.0005292942675328453,0.0010374167643643767,12.558883402226284,24.615411468363515,7.188226706696895,14.088924345125914,0.00021036965377951378,0.000412324521407847,5.494841724684035e-05,0.00010769889780380709,19.214297211162517,37.66002253387853,14.642395008153732,28.699094215981315,0.0022532848252968386,0.004416438257581804,0.003935881041017954,0.007714326840395191,1.5098819040575222,2.9593685319527436,1.064114086150937,2.0856636088558367,0.000510724603281586,0.0010010202224319084,2.913049525299881e-05,5.709577069587766e-05,12.566176572743123,24.62970608257652,4.7870002506350176,9.382520491244634
relu,gpu_geometry,5,highdim_nonlinear,Random nonlinear,93.0,3.0,31,30,0.0027596906253836468,0.00010392048306631,2,0.024588308964889533,0.0004766256535593021,2,0.0012327670400370339,9.352316223175043e-05,2,0.004650237576004471,0.0006442606177854764,2,0.006852727186821596,0.00011400185142551654,2,0.014001280069305021,5.1704661408377006e-05,2,-48.61945158356349,18.138745208387277,2,-58.14000347407868,8.815190127116846,2,0.02109198326871515,0.000254318160980425,2,0.02320980628411972,0.0011144576737971588,2,-357.5804968547662,57.92591735143973,2,-162.4497739245104,26.231124375674437,2,0.012707217005887589,0.0014648815477073568,2,0.02512088424694496,0.001277272093016001,2,-173.70416023645674,6.418737990437308,2,-183.32967603585945,0.3434037874423939,2,0.002458302064279065,0.0006636011017053882,2,0.00534567637585515,0.0007825843998389996,2,47.62183473693699,7.013603181906913,2,39.85812701243644,5.695505045442957,2,7.348287828036957e-05,0.00014402644142952437,0.00033702523171925264,0.0006605694541697352,6.613086221208033e-05,0.00012961648993567744,0.00045556105168754476,0.0008928996613075877,8.061148221080402e-05,0.0001579985051331759,3.656071670081777e-05,7.165900473360282e-05,12.826029739065639,25.139018288568654,6.2332807163330255,12.21723020401273,0.00017983009620815054,0.00035246698856797505,0.0007880405784873563,0.0015445595338352183,40.959808965654524,80.28122557268287,18.548205924187137,36.354483611406785,0.0010358276760189169,0.002030222244997077,0.0009031677583919489,0.00177020880644822,4.538733159697934,8.89591699300795,0.2428231467856605,0.4759333676998946,0.0004692368390187438,0.0009197042044767379,0.0005533707359769611,0.0010846066425148437,4.959366370477925,9.720358086136732,4.02733023991491,7.893567270233224
relu,gpu_geometry,5,highdim_nonlinear,Random nonlinear,124.0,4.0,31,30,0.0027596906253836468,0.00010392048306631,2,0.024588308964889533,0.0004766256535593021,2,0.0012327670400370339,9.352316223175043e-05,2,0.00277216840082902,1.8366356696166754e-05,2,0.006138024705669029,0.00014827985337868387,2,0.012499397403295176,7.655734457528144e-05,2,-121.43859031594626,6.815965966662352,2,-85.87785007562118,11.728078776808658,2,0.023989819266218654,0.0003969350226054586,2,0.024399064723002593,0.0006850384919696076,2,-765.447449236503,20.05239609483589,2,-262.4836511581479,10.486096331835727,2,0.007163854414845369,0.0002968733630878809,2,0.01558378700016241,0.0009438717270211137,2,-158.461754925957,12.421444917191108,2,-132.10504019412625,27.236783696085094,2,0.004020030083810283,0.0023097388149541163,2,0.008579861916180624,0.004375442504075871,2,-44.74109242486881,82.35990096960404,2,-25.714901377173064,57.78654162740448,2,7.348287828036957e-05,0.00014402644142952437,0.00033702523171925264,0.0006605694541697352,6.613086221208033e-05,0.00012961648993567744,1.2986975365550466e-05,2.5454471716478914e-05,0.00010484968983741436,0.00020550539208133214,5.413421749881665e-05,0.00010610306629768064,4.81961575536367,9.446446880512793,8.293004033371432,16.254287905408006,0.00028067544617475527,0.0005501238745025203,0.00048439536304551584,0.000949414911569211,14.1791852576971,27.791203105086314,7.414789824416423,14.532988055856189,0.00020992116819309667,0.00041144548965846945,0.0006674180987468873,0.001308139473543899,8.783287933081006,17.21524434883877,19.259314449212965,37.748256320457415,0.0016332319788238357,0.003201134678494718,0.003093905065323896,0.006064053928034836,58.237244473459526,114.14499916798067,40.86125544605642,80.08806067427058
relu,gpu_geometry,5,highdim_poly3,Sparse cubic,62.0,2.0,31,30,0.001030053365033972,0.0003160678422159553,6,0.013401797608344935,0.0021437562955052844,6,0.0003809316809739851,0.0001102728520096836,6,0.0010055855448306164,0.0003423511606094684,6,0.0021306749006865786,0.000567250668267781,6,0.003384436073305351,0.0009358480878505412,6,-117.44003783919953,28.160619511207916,6,-41.56176747819287,23.151763082048124,6,0.002448442673535977,0.0015026231188237412,6,0.003646948640675465,0.0020470900385385245,6,-129.07646822410294,68.49660621689917,6,-40.589823448518295,36.81321687621505,6,0.004421195738331814,0.0009021403607815771,6,0.009704095917988119,0.002724538137266131,6,-365.5208188140505,106.17731650294812,6,-305.19045015075403,53.965449462657105,6,0.0018594364549749567,0.0011606213332038325,6,0.0032192015460174098,0.0016383598899500562,6,-82.99332415275632,75.90268869832079,6,-29.250432823537025,41.553093353503186,6,0.00012903415625526576,0.00025290694626032087,0.0008751848428111764,0.0017153622919099058,4.501870331752789e-05,8.823665850235467e-05,0.00013976427605713487,0.00027393798107198437,0.0002315791155848055,0.00045389506654621873,0.00038205838199885855,0.0007488344287177628,11.496524773853938,22.533188556753718,9.451667699470523,18.525268690962225,0.0006134433194712705,0.00120234890616369,0.0008357210086589561,0.001638013176971554,27.9636223906255,54.80869988562598,15.028932856190227,29.456708398132847,0.0003682972600475315,0.0007218626296931617,0.0011122880368424958,0.0021800845522112916,43.34670794836908,84.9595475788034,22.03130248724376,43.18135287499777,0.0004738216751563542,0.0009286904833064542,0.0006688576242366732,0.0013109609435038795,30.98714290270024,60.73480008929246,16.963979325052986,33.24939947710385
relu,gpu_geometry,5,highdim_poly3,Sparse cubic,93.0,3.0,31,30,0.001030053365033972,0.0003160678422159553,6,0.013401797608344935,0.0021437562955052844,6,0.0003809316809739851,0.0001102728520096836,6,0.0008006165222744329,0.00026557121291840755,6,0.0015010659283002242,0.0004493328136900007,6,0.0022880981348495054,0.0007569792662827191,6,-101.32097352421874,68.02141362104179,6,-13.619597305222364,24.36137638094998,6,0.0024530000010357907,0.001626070727503965,6,0.0031207232343850033,0.0013814694868282678,6,-182.1354245073458,100.16062011472776,6,-46.99223556517035,23.874269844841585,6,0.0032806421221037575,0.0008222950624081738,6,0.007558396371571799,0.0025600460185525777,6,-320.39207711391094,46.0776937013994,6,-272.30057476501185,55.69355383176563,6,0.0012671517967274594,0.0006295889529368996,6,0.002105554112852098,0.0007653042986100173,6,-53.37770489585955,41.263605068442594,6,-2.8048134331671495,11.834003557052089,6,0.00012903415625526576,0.00025290694626032087,0.0008751848428111764,0.0017153622919099058,4.501870331752789e-05,8.823665850235467e-05,0.00010841899367035447,0.00021250122759389477,0.00018343935303826025,0.00035954113195499007,0.00030903549137650945,0.0006057095630979585,27.769625825725637,54.42846661842225,9.94549026086956,19.493160911304336,0.0006638405946768238,0.0013011275655665747,0.0005639825563256305,0.0011054058103982358,40.890401933638024,80.14518778993053,9.746629850229533,19.103394506449884,0.0003357005534850125,0.0006579730848306245,0.001045134410582909,0.0020484634447425014,18.811139682113815,36.869833776943075,22.736798141675447,44.56412435768387,0.0002570286137314228,0.0005037760829135887,0.00031243417159218534,0.0006123709763206833,16.845796227567682,33.01776060603266,4.831211721509789,9.469174974159188
relu,gpu_geometry,5,highdim_poly3,Sparse cubic,124.0,4.0,31,30,0.001030053365033972,0.0003160678422159553,6,0.013401797608344935,0.0021437562955052844,6,0.0003809316809739851,0.0001102728520096836,6,0.0006957170551800868,0.0002211865094687432,6,0.0013264693895625303,0.00018093927629531177,6,0.0023465487374897402,0.0007172957947281312,6,-106.15425683164638,60.14840657529999,6,-25.939706316216217,17.10229953223085,6,0.00229055887736016,0.0016379133108973382,6,0.003096735331682096,0.0016061795105260547,6,-198.72055347353657,131.2062248801085,6,-55.48052489720087,38.49983176400293,6,0.0026357346327081956,0.0008897562145751687,6,0.006561733342709747,0.0026613204232202384,6,-276.8529461393161,51.564063131913414,6,-239.26343038289426,64.95692543621654,6,0.0008964091429813501,0.0004266117469830129,6,0.0017414092968122477,0.0005659644565196395,6,-25.491987197234526,35.17774665591884,6,6.837227225434518,14.73659475323002,6,0.00012903415625526576,0.00025290694626032087,0.0008751848428111764,0.0017153622919099058,4.501870331752789e-05,8.823665850235467e-05,9.029901436428347e-05,0.0001769860681539956,7.38681502253296e-05,0.00014478157444164602,0.0002928347819546776,0.0005739561726311681,24.5554841584916,48.12874895064353,6.98198454703417,13.684689712186973,0.0006686753091018441,0.0013106036058396144,0.0006557200393503462,0.0012852112771266785,53.564717005521466,104.98684533082208,15.717490500800528,30.806281381569033,0.00036324145352991077,0.0007119532489186251,0.0010864795131562267,0.0021294998457862045,21.05094062297436,41.259843621029745,26.51855376312402,51.976365375723084,0.0001741635163976171,0.00034136049213932953,0.0002310540218374522,0.0004528658828014063,14.361254934649741,28.148059671913494,6.0161896152648895,11.791731645919183
relu,gpu_geometry,5,highdim_poly4,Sparse quartic,62.0,2.0,31,30,0.0021674784014780652,0.00037381455819159384,6,0.02127795170012795,0.0030764266562869633,6,0.000758490436656416,0.0001754681602355598,6,0.0019232904619581994,0.0005331719933016507,6,0.0067674947392055195,0.0018751776541170093,6,0.010505292476533014,0.0016600617426191326,6,-270.6041074213928,145.7400699858732,6,-130.89179397543714,51.38162702032238,6,0.007876664662829679,0.0015386394449589732,6,0.011257598831437244,0.0024880801188848904,6,-317.64977200932213,46.25073069144825,6,-140.8049462560197,12.647729979637944,6,0.013735762453201126,0.010923270552130432,6,0.029371072775982183,0.02556088829021925,6,-545.5829790471568,365.6738219180839,6,-462.8073183495899,381.45940032489864,6,0.003822934040911767,0.001282655726964362,6,0.006009210496892216,0.001790797000290362,6,-112.57589551919843,92.9150717740446,6,-34.04643867679879,52.78305580544301,6,0.00015260915433222243,0.00029911394249115597,0.0012559459231666111,0.0024616540094065577,7.163457644700647e-05,0.00014040376983613268,0.00021766655478860914,0.0004266264473856739,0.0007655380716093061,0.00150045462035424,0.0006777173684887224,0.0013283260422378958,59.49813442381649,116.61634347068032,20.976461392298443,41.113864328904945,0.0006281469230447679,0.001231167969167745,0.0010157544550718817,0.001990878731940888,18.881781737488268,37.008292205477005,5.16341414243574,10.12029171917405,0.004459406529181507,0.008740436797195753,0.010435188947219783,0.020452970336550774,149.28571266544483,292.59999682427184,155.73014806401022,305.23109020546,0.0005236420077868843,0.001026338335262293,0.0007310898139363543,0.0014329360353152543,37.932419210080845,74.34754165175845,21.54859229803079,42.23524090414035
relu,gpu_geometry,5,highdim_poly4,Sparse quartic,93.0,3.0,31,30,0.0021674784014780652,0.00037381455819159384,6,0.02127795170012795,0.0030764266562869633,6,0.000758490436656416,0.0001754681602355598,6,0.0015725665175533876,0.0004212873386983755,6,0.005795974758868572,0.0023011629013429138,6,0.007553629634225953,0.0025140015540981325,6,-302.3298035220451,227.60972959216042,6,-96.69211542282146,79.67892880387015,6,0.0065370803229471515,0.0005920805284397823,6,0.009216244158587539,0.0022493606188069486,6,-331.42800390557136,72.55926905669095,6,-133.10748191108348,24.00481176266229,6,0.009703999671703956,0.00673450720478148,6,0.022309694309160067,0.01594867589066362,6,-471.93994047057555,263.59239562395817,6,-421.1008935649788,260.2055143193083,6,0.002987433068194288,0.0007788944876460314,6,0.005009621837837668,0.0009713540612477277,6,-91.37123260989135,23.984752209312564,6,-29.087958408691463,26.109713610906343,6,0.00015260915433222243,0.00029911394249115597,0.0012559459231666111,0.0024616540094065577,7.163457644700647e-05,0.00014040376983613268,0.00017198983581768226,0.00033710007820265725,0.0009394458205521077,0.0018413138082821311,0.0010263368366840574,0.0020116201999007526,92.92128299894163,182.1257146779256,32.528786470171845,63.75642148153681,0.00024171586355248179,0.0004737630925628643,0.0009182976272646739,0.0017998633494387608,29.622197549701557,58.05950719741505,9.799923365013711,19.207849795426874,0.002749351053468608,0.005388728064798472,0.006511019667525652,0.012761598548350277,107.61114489275518,210.91784398980013,106.22845639012785,208.20777452465057,0.0003179823430332188,0.0006232453923451089,0.00039655363493951536,0.0007772451244814501,9.791734086651216,19.19179880983638,10.659245946153572,20.892122054461
relu,gpu_geometry,5,highdim_poly4,Sparse quartic,124.0,4.0,31,30,0.0021674784014780652,0.00037381455819159384,6,0.02127795170012795,0.0030764266562869633,6,0.000758490436656416,0.0001754681602355598,6,0.0014461806352099428,0.00038529349362347487,6,0.004801050306085426,0.0018202521992871153,6,0.006103907803429005,0.002014845398865408,6,-260.1878440337393,197.65540925164328,6,-69.07131400453473,62.35107297520606,6,0.005213940998914629,0.001100465291056353,6,0.007984630142734988,0.0022406920668358817,6,-264.7306620067763,23.702210190341663,6,-115.24324340817238,21.664224300943545,6,0.007549787173430461,0.0041649544485788574,6,0.017798184588836863,0.010318039150983869,6,-395.2660478090975,137.38254542321167,6,-359.2038690933607,174.6306911275505,6,0.0023313442745924087,0.0007285653406453689,6,0.004216985825796959,0.0010243710604283809,6,-62.525462132614116,33.420900623147645,6,-15.08086118488526,17.96350875735844,6,0.00015260915433222243,0.00029911394249115597,0.0012559459231666111,0.0024616540094065577,7.163457644700647e-05,0.00014040376983613268,0.00015729541009863293,0.0003082990037933205,0.0007431148485720518,0.0014565051032012215,0.0008225571896357831,0.0016122120916861348,80.69248292791859,158.15726653872042,25.454718950715446,49.89124914340227,0.0004492630737885736,0.0008805556246256043,0.0009147587057416887,0.00179292706325371,9.676386790422137,18.96571810922739,8.844382535085881,17.334989768768327,0.00170033553349218,0.003332657645644673,0.0042123218443283735,0.008256150814883612,56.086189308600176,109.92893104485634,71.29268111534539,139.73365498607697,0.00029743555480969393,0.0005829736874270001,0.00041819773422054106,0.0008196675590722604,13.644025545162682,26.742290068518855,7.333571740924216,14.373800612211463
relu,gpu_geometry,10,highdim_nonlinear,Random nonlinear,172.0,2.0,86,85,0.0007559821874235776,0.0001042286896277022,2,0.011322193615733646,0.0018406029370118884,2,0.0006088855347026756,4.558180453086431e-05,2,0.0015268439024698466,7.035398623848501e-05,2,0.0021542390078046533,5.229623762166678e-05,2,0.0024189483510289574,2.7550520070653906e-05,2,-41.31991455989317,9.936865885107668,2,-17.937006165684977,1.4392424950612859,2,0.0025391605978604187,6.362950722615779e-05,2,0.0032725259078946935,0.0001381256664644042,2,-66.57410320381683,11.842797327123751,2,-59.55011526410756,6.604464237809764,2,0.00182737798711958,3.141034015046697e-05,2,0.0021942952165016887,7.50471731614183e-05,2,-19.76309727939028,3.461242681244059,2,-6.98194775869609,3.5718515018333514,2,0.0012884877028280024,0.0003335825534539566,2,0.0012410275461548913,0.0004706878175718789,2,15.017469167646073,25.763678321309985,2,39.5027184127307,22.899250415225872,2,7.37008132299362e-05,0.00014445359393067494,0.001301502818232982,0.0025509455237366445,3.2231203082493845e-05,6.317315804168793e-05,4.9747780752737794e-05,9.750565027536607e-05,3.697902425282362e-05,7.247888753553429e-05,1.9481159567175457e-05,3.8183072751663895e-05,7.026425251100896,13.771793492157757,1.0176981280296813,1.9946883309381753,4.49928560431746e-05,8.818599784462221e-05,9.76695954128915e-05,0.00019143240700926736,8.374122298227123,16.41327970452516,4.670061448659327,9.153320439372282,2.2210464519771273e-05,4.3532510458751693e-05,5.3066365051319946e-05,0.0001040100755005871,2.4474681712399815,4.797037615630364,2.5256804183377164,4.950333619941924,0.00023587848563281667,0.00046232183184032066,0.0003328265476269722,0.0006523400333488655,18.217671649307135,35.706636432641986,16.192215252695078,31.736741895282353
relu,gpu_geometry,10,highdim_nonlinear,Random nonlinear,258.0,3.0,86,85,0.0007559821874235776,0.0001042286896277022,2,0.011322193615733646,0.0018406029370118884,2,0.0006088855347026756,4.558180453086431e-05,2,0.001133115786285231,5.664539591757373e-05,2,0.0020062444961515403,0.00010805090268187286,2,0.0020154971020863444,9.535128386159095e-05,2,-77.51572244008392,18.40989146906908,2,-48.09614092240686,13.841230552582473,2,0.0018319813457599106,7.573659977633828e-05,2,0.002172368059032468,3.304366936301226e-05,2,-62.045997821776226,14.784737697485031,2,-59.392269758915546,4.9498208983301035,2,0.0014311727555627561,3.393904851823317e-05,2,0.0021118142583274268,7.667748705452555e-05,2,-26.38725344748626,3.3230065313876636,2,-55.13396833546347,12.797599601663455,2,0.0008828061047811992,4.385488628570802e-05,2,0.001067103504144438,0.00011564810776814926,2,21.89605503338843,7.774772552424142,2,21.47998734860233,12.111195818324958,2,7.37008132299362e-05,0.00014445359393067494,0.001301502818232982,0.0025509455237366445,3.2231203082493845e-05,6.317315804168793e-05,4.005434357631316e-05,7.850651340957379e-05,7.640352599968002e-05,0.00014975091095937283,6.742353941337437e-05,0.00013215013725021376,13.017759098687117,25.514807833426747,9.787227983697491,19.182966848047084,5.355386328586035e-05,0.00010496557204028628,2.336540268187213e-05,4.5796189256469376e-05,10.454388283956048,20.490601036553855,3.500051922868104,6.860101768821484,2.399853135426192e-05,4.703712145435336e-05,5.421917106059872e-05,0.00010626957527877349,2.349720452271405,4.605452086451954,9.049269461246487,17.736568144043115,3.101008748078906e-05,6.077977146234656e-05,8.177556123425098e-05,0.00016028010001913192,5.497594394002153,10.77528501224422,8.563908691415735,16.78526103517484
relu,gpu_geometry,10,highdim_nonlinear,Random nonlinear,344.0,4.0,86,85,0.0007559821874235776,0.0001042286896277022,2,0.011322193615733646,0.0018406029370118884,2,0.0006088855347026756,4.558180453086431e-05,2,0.0010491544132182505,0.00016220987222091522,2,0.0016286897486301332,6.174914324662734e-05,2,0.0017563448579713875,8.277031700673385e-05,2,-57.576692476394875,30.24855929348451,2,-38.16370685769097,26.652928703561575,2,0.0013498575313222062,4.462086889549417e-05,2,0.0017398061957695939,0.00019364245807570953,2,-30.5506141907058,24.437475563906634,2,-37.503606777064775,35.15486887663132,2,0.001400396326890205,1.1140894140334139e-05,2,0.0018639355909136285,0.00029708058283963844,2,-35.010142542425655,19.81203938564285,2,-47.828498538874484,44.68899426572989,2,0.0007804127559483454,3.23950151618062e-05,2,0.0007847163947756454,4.9299063835702115e-05,2,24.95684224841014,8.51470422390571,2,38.76518944223948,5.144333697107379,2,7.37008132299362e-05,0.00014445359393067494,0.001301502818232982,0.0025509455237366445,3.2231203082493845e-05,6.317315804168793e-05,0.00011469970062281253,0.00022481141322071256,4.366323792214969e-05,8.557994632741339e-05,5.852745243642172e-05,0.00011471380677538657,21.38896139754626,41.92236433919067,18.846466624769963,36.939074584549125,3.155171897843982e-05,6.184136919774205e-05,0.00013692589523096592,0.0002683747546526932,17.27990468631893,33.8686131851851,24.85824617438991,48.72216250180423,7.87780179511174e-06,1.544049151841901e-05,0.00021006769468476022,0.00041173268158213003,14.00922739872302,27.45808570149712,31.59989088970434,61.93578614382051,2.2906734897554185e-05,4.48972003992062e-05,3.485970234437345e-05,6.832501659497196e-05,6.020805096521467,11.800777989182075,3.6375932419110906,7.129682754145738
relu,gpu_geometry,10,highdim_poly3,Sparse cubic,172.0,2.0,86,85,0.0007311695498449566,0.0002565782799652298,6,0.011280486104493394,0.0017009807470570524,6,0.0005382088399461931,0.00018216384616645006,6,0.0013844858708822753,0.0004938957821119526,6,0.0017208689190661853,0.0004310955113606712,6,0.0017381544371484717,0.00047386616622975075,6,-30.021481574438187,20.673776327903344,6,-5.842651944084508,16.96019407470555,6,0.0017586859752494954,0.0004387601336097549,6,0.0017931617535798978,0.00030084306061713573,6,-32.62362501162923,19.13588419203102,6,-13.2338749693238,27.703558043448595,6,0.002519040295494713,0.0008393205988891448,6,0.003024415919097727,0.0008691376008929374,6,-89.18699286908266,42.642161801844296,6,-86.2623862138674,40.761634583883584,6,0.001417550873130615,0.000585396448382751,6,0.001651516120556852,0.00048292553553279616,6,-2.917351849836288,23.677524365742862,6,-1.3684435934078634,29.579274763266927,6,0.00010474764416596351,0.00020530538256528848,0.0006944224820979863,0.0013610680649120532,7.436807878177536e-05,0.00014576143441227972,0.00020163210871451724,0.0003951989330804538,0.00017599400553963888,0.0003449482508576922,0.0001934550522719605,0.0003791719024530426,8.44003384329882,16.54246633286569,6.923970236933881,13.570981664390407,0.0001791230744698786,0.000351081225960962,0.000122818665194862,0.0002407245837819295,7.812192007911126,15.311896335505805,11.309930211004291,22.16746321356841,0.0003426511996475991,0.0006715963513092943,0.000354823939742405,0.0006954549218951137,17.408589657286377,34.1208357282813,16.640867635383152,32.616100565350976,0.00023898709929587515,0.0004684147146199153,0.0001971535243026096,0.0003864209076331148,9.666308844730986,18.94596533567273,12.07568835526461,23.668349176318635
relu,gpu_geometry,10,highdim_poly3,Sparse cubic,258.0,3.0,86,85,0.0007311695498449566,0.0002565782799652298,6,0.011280486104493394,0.0017009807470570524,6,0.0005382088399461931,0.00018216384616645006,6,0.001034648975469914,0.0003730464536848462,6,0.0012076861897960688,0.00029284682711032536,6,0.0012988821685537492,0.0003671176592676686,6,-22.404144568529276,19.12767168707577,6,-3.560954824499992,13.670109767626322,6,0.0013493458304362433,0.0003730817797278261,6,0.0014511267726984572,0.0002981649904240747,6,-34.99293556062874,17.261163004076955,6,-19.028768158492976,24.379292096475396,6,0.001898359113786387,0.0005052684129123736,6,0.0021794341869872643,0.0005842901479199096,6,-96.1628314295009,50.37831061405206,6,-78.29503860593954,42.74623733095497,6,0.0011532986985786401,0.0005111641590341899,6,0.0015580559325637556,0.0006876629385068774,6,-8.07907858190085,12.264706192002258,6,-16.36068186519114,19.004721715773712,6,0.00010474764416596351,0.00020530538256528848,0.0006944224820979863,0.0013610680649120532,7.436807878177536e-05,0.00014576143441227972,0.00015229557698044513,0.00029849933088167246,0.00011955421653555679,0.0002343262644096913,0.00014987515679512067,0.0002937553073184365,7.808839266802719,15.30532496293333,5.580798943086802,10.938365928450132,0.00015230999877710052,0.000298527597603117,0.00012172534761680259,0.00023858168132893308,7.046840287832496,13.811806964151693,9.952804321105248,19.507496469366284,0.0002062749657968658,0.00040429893296185695,0.00023853545402318077,0.0004675294898854343,20.56685918464424,40.31104400190271,17.45107831412493,34.204113495684865,0.00020868189407210626,0.00040901651238132823,0.0002807372190607893,0.000550244949359147,5.0070453359264775,9.813808858415896,7.758645151206072,15.206944496363901
relu,gpu_geometry,10,highdim_poly3,Sparse cubic,344.0,4.0,86,85,0.0007311695498449566,0.0002565782799652298,6,0.011280486104493394,0.0017009807470570524,6,0.0005382088399461931,0.00018216384616645006,6,0.0008730291210373315,0.00029684720543968397,6,0.0009670886096905394,0.00022667533983421363,6,0.001057132657823523,0.00027923752817579596,6,-15.474339852317085,17.64835262619984,6,3.0438553389664613,7.850908130751606,6,0.0011405285410008754,0.0003445951266865619,6,0.0012677125056597984,0.0003389233202236992,6,-32.30853435366157,7.4093986920293355,6,-15.892876915311204,9.027866744924246,6,0.0015972092687405477,0.0003619951372408572,6,0.002050924730143759,0.0005988841894782699,6,-93.67744634013893,43.1699956336529,6,-95.55181415835926,57.844768098297976,6,0.0008282985765614261,0.00028896216666167066,6,0.0010272101922644192,0.00032187201715796744,6,4.1907181763614405,10.28193002070683,6,7.1272225781381735,7.713296704290463,6,0.00010474764416596351,0.00020530538256528848,0.0006944224820979863,0.0013610680649120532,7.436807878177536e-05,0.00014576143441227972,0.00012118736414972612,0.0002375272337334632,9.253981997763292e-05,0.0001813780471561605,0.00011399824351112349,0.00022343655728180204,7.2049097891495135,14.121623186733046,3.205119822968186,6.282034853017644,0.0001406803713719672,0.0002757335278890557,0.00013836486607966163,0.0002711951375161368,3.024874349386159,5.928753724796872,3.6856111651508834,7.223797883695731,0.00014778389593481144,0.0002896564360322304,0.00024449344654033995,0.0004792071552190663,17.62407691677123,34.54319075687161,23.61502768840875,46.28545426928115,0.00011796831054836093,0.0002312178886747874,0.0001314037007528954,0.000257551253475675,4.197580353622635,8.227257493100364,3.1489401933671304,6.171922778999575
relu,gpu_geometry,10,highdim_poly4,Sparse quartic,172.0,2.0,86,85,0.0012090716960407612,0.0005627743244633617,6,0.016516231790287512,0.005346221078706473,6,0.0008905230264891189,0.00040707696962225025,6,0.002373982809596443,0.0011714962206002338,6,0.003398840694324754,0.0018682386604362284,6,0.002982418097045194,0.001453989285854987,6,-37.323836305157506,34.106037847926565,6,0.8455521212559288,14.69274445255047,6,0.00305560556852229,0.00139567589368617,6,0.0031697896660110914,0.0015753003226863602,6,-30.13622507482508,8.973358709115198,6,-5.657001801752231,5.142956978978907,6,0.005232786803571338,0.002953555045088485,6,0.0061677318726831255,0.003977341870747741,6,-119.18281095348478,34.22701695436534,6,-94.67308957281772,37.897897286313714,6,0.0028241925186827405,0.0016535502212604092,6,0.0037746386608296747,0.002836159544593426,6,-15.567305148073801,19.909747496045863,6,-22.145797943426658,45.84363190486023,6,0.0002297516558791228,0.0004503132455230807,0.0021825856158237873,0.004277867807014623,0.00016618847693549357,0.0003257294147935674,0.000478261329344922,0.0009373922055160471,0.0007627052393015878,0.001494902269031112,0.0005935886403030716,0.0011634337349940202,13.92373164591183,27.29051402598719,5.998287804976137,11.756644097753227,0.0005697822976390032,0.0011167733033724462,0.0006431136637038784,0.0012605027808596015,3.6633583527152966,7.1801823713219814,2.0996033945973323,4.115222653410771,0.001205783797948292,0.0023633362439786526,0.0016237430193231082,0.003182536317873292,13.973121159297307,27.387317472222723,15.47175177931265,30.324633487452793,0.0006750590510257046,0.001323115740010381,0.0011578572855630346,0.0022694002797035476,8.128120378827902,15.931115942502686,18.7155843538138,36.68254533347505
relu,gpu_geometry,10,highdim_poly4,Sparse quartic,258.0,3.0,86,85,0.0012090716960407612,0.0005627743244633617,6,0.016516231790287512,0.005346221078706473,6,0.0008905230264891189,0.00040707696962225025,6,0.001757376947121277,0.000842672016985597,6,0.0025259379655502086,0.001616882953232984,6,0.0022798138102721782,0.001206519958677013,6,-33.408201710529944,26.64418775752538,6,1.1987424276278205,12.632800277630757,6,0.002196415247048823,0.0011753162592402007,6,0.002517398252842333,0.0015034585345775299,6,-23.82964796803014,12.500538707435197,6,-7.294738087668198,14.360674002739401,6,0.0037193265939331074,0.0020420740715471177,6,0.004382985786365504,0.0025575433710670623,6,-108.17150856076711,20.31359131476927,6,-86.7821673605378,23.2087930722903,6,0.0018964127169863124,0.0009913785444896105,6,0.0022086549514661728,0.0011804538762198045,6,-7.392850642548976,32.04869734720841,6,3.6907891806565707,15.593930545607243,6,0.0002297516558791228,0.0004503132455230807,0.0021825856158237873,0.004277867807014623,0.00016618847693549357,0.0003257294147935674,0.00034401941035610537,0.0006742780442979665,0.0006600897015375279,0.0012937758150135547,0.0004925597105404213,0.0009654170326592257,10.877444102807925,21.31979044150353,5.157319117114171,10.108345469543774,0.00047982085358919444,0.0009404488730348211,0.0006137843765245813,0.0012030173779881794,5.1033235571877675,10.002514172088024,5.862720611527202,11.490932398593316,0.0008336732487096911,0.0016339995674709946,0.0010441127090253135,0.0020464609096896144,8.29298892743613,16.254258297774815,9.474950095492064,18.570902187164446,0.0004047285959904363,0.0007932680481412552,0.0004819182769381758,0.0009445598227988246,13.083825903591576,25.644298771039487,6.366195486856372,12.477743154238489
relu,gpu_geometry,10,highdim_poly4,Sparse quartic,344.0,4.0,86,85,0.0012090716960407612,0.0005627743244633617,6,0.016516231790287512,0.005346221078706473,6,0.0008905230264891189,0.00040707696962225025,6,0.001498409697654329,0.0007317624670485302,6,0.0018410235432199304,0.0008915811534734692,6,0.0019148387689070735,0.0007148630698193438,6,-23.31117420909469,4.315293169800592,6,-1.3640161489180478,11.8329663114751,6,0.002068882637569611,0.0011300493089390464,6,0.002309074514346048,0.0012366851171735009,6,-36.13853601111569,11.38821638272223,6,-16.542152436042624,15.475971354786173,6,0.002963932286905191,0.0016935565660175082,6,0.0034768501876306333,0.002001014706072783,6,-94.40880685712062,24.849727420321308,6,-70.89044856229766,19.36196315715802,6,0.001600309567094441,0.0006785607982208865,6,0.0018691727542363892,0.0008152789941277225,6,-9.83364654453165,12.17853711120356,6,2.3503906273468673,17.022154834281764,6,0.0002297516558791228,0.0004503132455230807,0.0021825856158237873,0.004277867807014623,0.00016618847693549357,0.0003257294147935674,0.0002987407761981814,0.0005855319213484355,0.0003639864817153429,0.0007134135041620721,0.0002918416261694963,0.0005720095872922128,1.7617110594214764,3.4529536764660937,4.830788267776193,9.46834500484134,0.0004613406985142355,0.0009042277690879016,0.0005048745849281839,0.0009895541864592403,4.649219869678909,9.112470944570662,6.31803884885917,12.383356143763972,0.0006913915728804981,0.0013551274828457762,0.000816910832947263,0.0016011452325766355,10.144858737839156,19.883923126164746,7.904488358934062,15.492797183510762,0.0002770212858494712,0.0005429617202649636,0.0003328362556037406,0.0006523590609833315,4.971866955999567,9.74485923375915,6.949265611106712,13.620560597769156
relu,gpu_geometry,20,highdim_nonlinear,Random nonlinear,542.0,2.0,271,270,0.0018484961498590642,0.001871226389431726,3,0.026486204567939858,0.022002117400541556,3,0.00286233828829228,0.002927094328195902,3,0.006559918537240301,0.0067375235819345965,3,0.0045793013242499715,0.0034954004627443845,3,0.003106521317012301,0.002349242065420666,3,15.15657044772402,23.835166126823047,3,14.3786543917463,25.00202660901554,3,0.004799031965922054,0.0037324064830928662,3,0.003314375593013392,0.0027519216733309783,3,11.82735690516021,24.34687279316317,3,13.187015781282222,19.503010559213248,3,0.006987378369251816,0.005520641588297857,3,0.004751844705336354,0.0036514708366003233,3,-26.912662220295076,31.469780636982662,3,-29.43856616287694,33.931551996847475,3,0.005284997212011329,0.0051027919532497384,3,0.0037183700865080133,0.0031933338997512696,3,15.812800796326087,6.192056917052912,3,4.033661569551742,23.298844662411348,3,0.0010803530596531386,0.0021174919969201515,0.012702928403944417,0.024897739671731055,0.001689958698327331,0.0033123190487215686,0.0038899110537013912,0.007624225665254726,0.002018070398091013,0.003955417980258386,0.001356335538862214,0.0026584176561699393,13.761239579500737,26.972029575821445,14.43492679300131,28.292456514282566,0.002154905887738771,0.0042236155399679905,0.0015888227188864058,0.0031140925290173553,14.056673561058332,27.55108017967433,11.260068396369883,22.069734056884972,0.003187343907103211,0.006247194057922294,0.002108177670449265,0.004132028234080559,18.169086322100412,35.61140919131681,19.590390679401676,38.39716573162728,0.0029460983078273928,0.00577435268334169,0.0018436721866337531,0.003613597485802156,3.574985727897983,7.006972026680047,13.451594237650468,26.365124705794916
relu,gpu_geometry,20,highdim_nonlinear,Random nonlinear,813.0,3.0,271,270,0.0018484961498590642,0.001871226389431726,3,0.026486204567939858,0.022002117400541556,3,0.00286233828829228,0.002927094328195902,3,0.00493603043799088,0.004880169278683013,3,0.003960552528128836,0.003251900635950262,3,0.002623845587033375,0.0020645042435526663,3,9.791119528535127,16.10135364205761,3,5.383635619554352,22.92630442656708,3,0.004100126930765213,0.003454252622048956,3,0.0027889628023231353,0.0023441399300395413,3,7.896765235698105,14.813010196203564,3,2.909383167978287,19.7292024118425,3,0.005071127046407536,0.004141937863406705,3,0.003473705386569466,0.0029873777607455666,3,-15.524985467643257,19.442297626336135,3,-18.95321608974966,20.335851204018923,3,0.004170044012333801,0.004371674388313717,3,0.003046468060420738,0.0034053103772174517,3,19.08065381314378,5.562855955468185,3,13.81824680962154,10.67042715733941,3,0.0010803530596531386,0.0021174919969201515,0.012702928403944417,0.024897739671731055,0.001689958698327331,0.0033123190487215686,0.002817567046738579,0.005522431411607615,0.001877485707543799,0.003679871986785846,0.0011919420807582567,0.002336206478286183,9.296120859559323,18.220396884736275,13.236508032201812,25.94355574311555,0.0019943136811889353,0.003908854815130313,0.0013533898196264797,0.0026526440464679003,8.552295424286799,16.762499031602125,11.390660323373883,22.32569423381281,0.0023913489404045643,0.004687043923192946,0.0017247633543375543,0.0033805361745016063,11.22501576822999,22.001030905730783,11.7409091668405,23.012181967007383,0.002523987384902317,0.004947015274408542,0.001966056862960722,0.0038534714514030146,3.2117163833526696,6.2949641113712325,6.160573991658201,12.074725023650075
relu,gpu_geometry,20,highdim_nonlinear,Random nonlinear,1084.0,4.0,271,270,0.0018484961498590642,0.001871226389431726,3,0.026486204567939858,0.022002117400541556,3,0.00286233828829228,0.002927094328195902,3,0.00418921184586445,0.004300181785121846,3,0.00372701815201381,0.0031887833800524666,3,0.002518948268678907,0.0021154691943470797,3,-0.6703191097239092,17.103874739754676,3,-2.372575090516404,21.240434365998794,3,0.003764563868107975,0.0032269435640907692,3,0.0025982892415080364,0.002217512201473336,3,-1.5732035027228726,17.113320743020044,3,-4.619881974108016,20.305082867904456,3,0.0038645232682808658,0.0034649177406291145,3,0.0025951355664138947,0.0023407806103750125,3,-1.4422487031471014,13.50436159888505,3,-0.9790451372906558,15.391552025059802,3,0.003443046008478714,0.003411995889472669,3,0.0022740235238498073,0.0022892170501947334,3,15.636327958902768,5.039307811929775,3,18.158952169334615,5.244405496167845,3,0.0010803530596531386,0.0021174919969201515,0.012702928403944417,0.024897739671731055,0.001689958698327331,0.0033123190487215686,0.0024827111112044236,0.00486611377796067,0.0018410449428606964,0.0036084480880069648,0.0012213667088186472,0.0023938787492845484,9.874926685183004,19.354856302958687,12.263170498913983,24.035814177871405,0.0018630767353875362,0.003651630401359571,0.00128028126645191,0.0025093512822457436,9.88038033771103,19.365545461913616,11.723145059702297,22.9773643170165,0.0020004711902721294,0.003920923532933373,0.00135145031551387,0.002648842618407185,7.796746804350328,15.281623736526644,8.886316704914407,17.417180741632237,0.001969916745260942,0.003861036820711446,0.0013216800801634104,0.0025904929571202843,2.9094457217470397,5.7025136146241975,3.027858924952058,5.934603492906034
relu,gpu_geometry,20,highdim_poly3,Sparse cubic,542.0,2.0,271,270,0.0005620266907041574,0.00017998375911705469,6,0.008365571774471036,0.003029945651615635,6,0.0007967894963272899,0.0002637220962502802,6,0.0016772918045301944,0.0006197623059178206,6,0.0018070475296080516,0.0006492237812962893,6,0.0010813821595001948,0.000400830585100915,6,-8.46883157150447,4.8435818005699565,6,2.2065172180059642,8.926208652749295,6,0.0018269344117773977,0.0007091273501257119,6,0.001171064829276149,0.00046265964841279636,6,-8.729661754087497,10.64633145475674,6,-4.789377400540628,11.1970573825602,6,0.0024013796294035192,0.0007091121984568418,6,0.0016063677864460231,0.0004581772244448624,6,-50.595015199945834,29.007429277751882,6,-52.42950376074628,30.571281058878995,6,0.0017570401050758337,0.0006710112288983479,6,0.0011465001799932512,0.00042686791616424006,6,-4.503957140073098,6.90035157664757,6,-3.5481259599324666,10.20585074009112,6,7.34780619707973e-05,0.0001440170014627627,0.0012369701324704985,0.002424461459642177,0.00010766409495172323,0.00021102162610537754,0.00025301690188489197,0.0004959131276943882,0.000265044498842695,0.0005194872177316822,0.00016363840113307852,0.0003207312662208339,1.9773839898045644,3.875672620016946,3.644109422808642,7.142454468704939,0.00028950002840999115,0.0005674200556835826,0.00018888001053113604,0.00037020482064102666,4.346346616116092,8.51883936758754,4.571179534655979,8.959511887925718,0.00028949384276707725,0.0005674079318234714,0.00018705006860909277,0.0003666181344738218,11.842233413393616,23.210777490251488,12.480673229577627,24.46211952997215,0.0002739391870798064,0.0005369208066764205,0.0001742680970279226,0.0003415654701747283,2.8170567347659925,5.521431200141345,4.166521117371552,8.166381390048242
relu,gpu_geometry,20,highdim_poly3,Sparse cubic,813.0,3.0,271,270,0.0005620266907041574,0.00017998375911705469,6,0.008365571774471036,0.003029945651615635,6,0.0007967894963272899,0.0002637220962502802,6,0.001244193911854029,0.000438040169049396,6,0.001316633291617439,0.0004607915592097888,6,0.0008681063051036694,0.00030188481074918896,6,-6.37700830212833,6.2185320149786785,6,-5.9928425013650495,10.033698166114082,6,0.0013319267142772734,0.00048193251592966636,6,0.0008805405173270272,0.00031519522754014406,6,-6.609228305582907,3.9906201017149154,6,-6.088279475118455,6.116420609341113,6,0.0016195167477104577,0.0005351140050699627,6,0.001046229961449112,0.00033285267880832744,6,-31.99091229881866,9.948154941756222,6,-29.082466150768386,13.102310591943224,6,0.0012490641197288026,0.00042442300087558384,6,0.0008244610335624709,0.0002677432900890197,6,-0.9564643017401467,6.067104350835305,6,-0.710044594221306,4.5830421061392,6,7.34780619707973e-05,0.0001440170014627627,0.0012369701324704985,0.002424461459642177,0.00010766409495172323,0.00021102162610537754,0.0001788291501689175,0.0003505051343310783,0.0001881173663075742,0.00036871003796284544,0.00012324395790536322,0.0002415581574945119,2.538705064309847,4.9758619260473,4.096240123346472,8.028630641759085,0.00019674812574723474,0.00038562632646458006,0.00012867791280563213,0.000252208709099039,1.6291638344158414,3.193161115455049,2.4970182575214492,4.894155784742041,0.00021845937777308325,0.00042818038043524316,0.00013588653709981698,0.00026633761271564125,4.0613172482416084,7.960181806553552,5.348995900287387,10.484031964563279,0.00017326996454099976,0.00033960913050035954,0.00010930574046201245,0.0002142392513055444,2.476884979294379,4.854694559416982,1.871019104955231,3.6671974457122527
relu,gpu_geometry,20,highdim_poly3,Sparse cubic,1084.0,4.0,271,270,0.0005620266907041574,0.00017998375911705469,6,0.008365571774471036,0.003029945651615635,6,0.0007967894963272899,0.0002637220962502802,6,0.0010969314197544703,0.00037783481473871065,6,0.0011330429974221459,0.00038459541722660233,6,0.0006973883398253247,0.0002168546742318405,6,-3.702134389274521,4.062653944945455,6,3.52484990246513,8.540043018199176,6,0.0011270043728948012,0.00040195813021693836,6,0.0007304387432487124,0.00024359570639769288,6,-2.42454369027676,4.085792537638497,6,0.39316249115679996,5.034814302798406,6,0.0012143105159414635,0.0004150758475320598,6,0.000787621812225498,0.00023344281191697944,6,-11.412978579764472,7.993632981867394,6,-9.861055501168261,13.133435977315058,6,0.0010669361625278765,0.0003398048209547276,6,0.0007057986004773385,0.00020820908753867683,6,1.5191520278574098,6.105884221809625,6,2.2731846074538824,5.912360849878817,6,7.34780619707973e-05,0.0001440170014627627,0.0012369701324704985,0.002424461459642177,0.00010766409495172323,0.00021102162610537754,0.00015425041719480904,0.0003023308177018257,0.00015701042160299656,0.00030774042634187324,8.853055003424682e-05,0.00017351987806712377,1.6585715277702513,3.2508001944296927,3.486457962667663,6.8334576068286195,0.00016409871949911594,0.0003216334902182672,9.944753070119523e-05,0.00019491716017434264,1.6680178186809251,3.2693149246146134,2.0554543319204557,4.0286904905640935,0.0001694540051678025,0.0003321298501288929,9.530262888618398e-05,0.00018679315261692058,3.2633869994429157,6.396238518908115,5.361702785655467,10.508937459884715,0.00013872473724614663,0.0002719004850024474,8.500100404670562e-05,0.00016660196793154302,2.4927167953240543,4.885724918835146,2.413711209568499,4.730873970754258
relu,gpu_geometry,20,highdim_poly4,Sparse quartic,542.0,2.0,271,270,0.0008218984114392395,0.00021673001397541603,6,0.011223303036071835,0.004753734253228208,6,0.001160627441466218,0.00031997768789158564,6,0.0024187271518520325,0.0007910593611190603,6,0.0025314424155563,0.0008472700057897463,6,0.0016085056461612585,0.0005660561703450592,6,-4.631848995433239,8.036368546566637,6,0.7512100229783836,7.433087970440004,6,0.0027332408675445224,0.0008671634075991721,6,0.0017049480772512381,0.0005202374119174026,6,-13.728950891993051,14.082968968178779,6,-6.5178451365076455,10.445094516409538,6,0.0035655970787891052,0.0011141294731292083,6,0.002285860063138782,0.0007701238674190614,6,-48.31554162828076,14.502072357698967,6,-42.04861234173466,19.443285052805546,6,0.002491058425531883,0.0008875297632811097,6,0.0016630708895256018,0.0006164611755603208,6,-2.4228702571339285,5.4164976611667095,6,-2.3607628899194313,10.386866752856996,6,8.847965769767275e-05,0.00017342012908743858,0.0019407038821999247,0.0038037796091118523,0.00013063034406831937,0.000256035474373906,0.0003229486318322921,0.0006329793183912925,0.0003458965314249713,0.0006779572015929437,0.00023109146384989168,0.0004529392691457877,3.2808337206733893,6.430434092519843,3.0345454567996373,5.947709095327289,0.0003540179787051801,0.000693875238262153,0.00021238603405062417,0.0004162766267392234,5.74934800591462,11.268722091592656,4.264191980057665,8.357816280913022,0.0004548414527604037,0.0008914892474103912,0.00031440175231925053,0.000616227434545731,5.920446248213847,11.60407464649914,7.937687883809446,15.557868252266513,0.0003623325085953101,0.0007101717168468078,0.00025166922105984436,0.0004932716732772949,2.2112759104728217,4.33410078452673,4.240420595129805,8.311224366454418
relu,gpu_geometry,20,highdim_poly4,Sparse quartic,813.0,3.0,271,270,0.0008218984114392395,0.00021673001397541603,6,0.011223303036071835,0.004753734253228208,6,0.001160627441466218,0.00031997768789158564,6,0.001822178549360046,0.0005648687738399523,6,0.0019203965753266702,0.0006772496804189578,6,0.0012646796824927926,0.0003820299016125274,6,-4.42316624721868,7.0756945193153875,6,-3.309985073040648,7.883001404768336,6,0.002083593375391481,0.0008166044109082925,6,0.0013893658584953677,0.0005584107218833576,6,-12.285236604910246,11.140934860547507,6,-10.865115305821599,11.493756686807613,6,0.0024439005118089643,0.0007885809949605545,6,0.0016337074656334806,0.000542964668593144,6,-33.919225721619036,9.849040109342768,6,-32.595586369982776,10.01905498335467,6,0.0018450151283703556,0.0005573333703736546,6,0.001253599664099027,0.0003753849410232303,6,-1.7064216596134159,7.997692490835307,6,-2.4316182548041714,4.886707225207399,6,8.847965769767275e-05,0.00017342012908743858,0.0019407038821999247,0.0038037796091118523,0.00013063034406831937,0.000256035474373906,0.00023060671125657903,0.0004519891540628949,0.0002764860242482371,0.0005419126075265447,0.00015596305423939212,0.00030568758630920856,2.8886401913550324,5.661734775055863,3.2182218472209043,6.307714820552972,0.00033337735473856035,0.0006534196152875783,0.00022797022258557242,0.00044682163626772196,4.548267610987776,8.914604517536041,4.692306518396802,9.196920776057732,0.00032193684308493855,0.0006309962124464796,0.000221664397735429,0.00043446221956144085,4.020853787349204,7.880873423204441,4.090262069017991,8.016913655275262,0.0002275303956735075,0.0004459595755200747,0.00015325026043861182,0.0003003705104596792,3.265044287039189,6.39948680259681,1.9949898706883284,3.9101801465491235
relu,gpu_geometry,20,highdim_poly4,Sparse quartic,1084.0,4.0,271,270,0.0008218984114392395,0.00021673001397541603,6,0.011223303036071835,0.004753734253228208,6,0.001160627441466218,0.00031997768789158564,6,0.001605043538087667,0.0004962493474216272,6,0.0016572774706141798,0.000561156517730225,6,0.0010969610693641683,0.00035475658137524375,6,-2.571951298910825,5.143080735338133,6,-1.9820377019976085,11.147372527949871,6,0.0016158859018002047,0.0004962172909751915,6,0.0010636937751058318,0.0003095426933946394,6,-0.7514425167374349,3.8336422812695954,6,0.6462947865675513,7.291268155365963,6,0.0018411613262184726,0.0005966816644859716,6,0.001206605529440212,0.0003287773761303229,6,-14.348291547085212,6.916990429277028,6,-13.29716458646402,8.846993492710157,6,0.0015891499980370688,0.0004739909320363106,6,0.0011113657850294761,0.00033794641886225726,6,0.7080030348331517,2.977725765183905,6,-3.515790207543661,5.277227810626212,6,8.847965769767275e-05,0.00017342012908743858,0.0019407038821999247,0.0038037796091118523,0.00013063034406831937,0.000256035474373906,0.00020259294772868695,0.00039708217754822644,0.00022909118904601878,0.0004490187305301968,0.00014482876787724758,0.00028386438503940524,2.0996539179194205,4.115321679122064,4.550895777699367,8.91975572429076,0.00020257986073923123,0.0003970565270488932,0.00012637027540394124,0.0002476857397917248,1.5650779075782963,3.067552698853461,2.9766477597417587,5.834229609093847,0.00024359426947753021,0.0004774447681759592,0.00013422280174839882,0.0002630766914268617,2.823849517907249,5.534745055098208,3.6117699691438423,7.0790691395219305,0.00019350598769919688,0.0003792717358904259,0.00013796604776890114,0.00027041345362704625,1.2156514531065277,2.3826768480887943,2.154419232076506,4.222661694869951
relu,gpu_geometry,50,highdim_nonlinear,Random nonlinear,2852.0,2.0,1426,1425,0.0013891494586792403,0.0013251665528458006,6,0.014944530704883897,0.01327345644724896,6,0.005288863887128955,0.0049546308427517935,6,0.008328925779394139,0.008417703904225329,6,0.00789148157572083,0.008097806586618704,6,0.0021032862006261266,0.002108167556966958,6,6.942815052670784,3.6004418219979177,6,0.534770468547321,7.111046704130145,6,0.008095162072812917,0.008430000681544203,6,0.0021003408596594244,0.0021667314143649216,6,5.995090424216637,5.100465804022168,6,0.9832220909279844,16.80137660331844,6,0.008029305727785093,0.008319000438535546,6,0.0020581731237229945,0.0021510443953086126,6,6.5091998548861625,5.441292243676567,6,6.832031937339994,8.158316493302323,6,0.008568960780280238,0.008785040483373694,6,0.0024729554661113364,0.0023906357787083637,6,-0.6557757758713336,9.116499383138212,6,-19.72616583961934,24.410691636817816,6,0.0005409969797791885,0.0010603540803672095,0.005418865903135929,0.010620977170146421,0.0020227195714329488,0.003964530360008579,0.003436513228530976,0.006735565927920712,0.003305915695494096,0.006479594763168428,0.0008606558011431392,0.0016868853702405528,1.4698742187452463,2.8809534687406826,2.9030726603698196,5.690022414324846,0.003441533366849621,0.006745405399025258,0.0008845643958088273,0.0017337462157853015,2.082256445061443,4.081222632320428,6.8591332757443,13.443901220458828,0.003396217707400264,0.006656586706504517,0.0008781601970966152,0.0017211939863093658,2.221398256395236,4.353940582534662,3.3306187614538114,6.52801277244947,0.00358647775899314,0.007029496407626554,0.0009759729697794355,0.0019129070207676937,3.721795288181037,7.294718764834832,9.965623129771393,19.53262133435193
relu,gpu_geometry,50,highdim_nonlinear,Random nonlinear,4278.0,3.0,1426,1425,0.0013891494586792403,0.0013251665528458006,6,0.014944530704883897,0.01327345644724896,6,0.005288863887128955,0.0049546308427517935,6,0.006352389230739822,0.006109511813030373,6,0.006331679445344171,0.006312309174140841,6,0.001734738847721541,0.001813899134266495,6,3.8645525444105204,4.848774312959484,6,2.1008037299541713,11.545822696419707,6,0.006309733246185097,0.006256147209750171,6,0.0015962482198756435,0.0016075762991458356,6,3.6665740506553477,4.059125543967518,6,7.500547682733145,5.450698938883319,6,0.006307132318523124,0.006297184964715505,6,0.0017138958833253475,0.0016644792627860045,6,4.36040187227932,4.976414840600394,6,-2.8544069538881143,7.760474862449788,6,0.006222789116297714,0.005856369953203237,6,0.0015945607974049137,0.0014505257137782327,6,-0.27728081646588726,4.272832354173352,6,-0.533184046642812,20.96323964692369,6,0.0005409969797791885,0.0010603540803672095,0.005418865903135929,0.010620977170146421,0.0020227195714329488,0.003964530360008579,0.002494197753238426,0.004888627596347315,0.0025769894292223578,0.005050899281275821,0.0007405212206381777,0.0014514215924508282,1.9795038241108014,3.8798274952571705,4.713562377812215,9.238582260511942,0.0025540614032707742,0.005005960350410717,0.0006562902759165111,0.0012863289407963618,1.6571310641029373,3.2479768856417572,2.2252385236323073,4.361467506319323,0.0025708149965798467,0.0050387973932965,0.0006795208135449374,0.0013318607945480773,2.0316128513141085,3.9819611885756525,3.168200595782909,6.209673167734501,0.002390853021719155,0.004686071922569544,0.0005921746429238382,0.0011606623001307228,1.7443765040299544,3.4189779478987106,8.558206748440872,16.77408522694411
relu,gpu_geometry,50,highdim_nonlinear,Random nonlinear,5704.0,4.0,1426,1425,0.0013891494586792403,0.0013251665528458006,6,0.014944530704883897,0.01327345644724896,6,0.005288863887128955,0.0049546308427517935,6,0.005676226433953775,0.005417610085487744,6,0.005619399444272336,0.005372376084041836,6,0.0014939260531340274,0.0013117358954099958,6,1.2205038796056409,1.9395758803031373,6,-12.45276923950266,32.045278630573755,6,0.005688571761053759,0.005482127298485379,6,0.0015237293731807852,0.0014762200211843066,6,0.6899627565355315,1.7132738621224117,6,-1.908988122365309,9.160658263442247,6,0.005647549872869101,0.0054170922767025585,6,0.001536389753302941,0.0014077628715919589,6,0.9902979893950992,1.2990433370938128,6,-12.307771590323796,29.031593475635546,6,0.005691185329496887,0.0053281295311794034,6,0.0014774868886889344,0.0013393231653358135,6,-1.8918701955948982,7.569037914937712,6,-8.14371183103582,24.45494407343077,6,0.0005409969797791885,0.0010603540803672095,0.005418865903135929,0.010620977170146421,0.0020227195714329488,0.003964530360008579,0.0022117300558001547,0.004334990909368303,0.0021932633520390225,0.004298796169996484,0.0005355139368412154,0.0010496073162087822,0.7918285373586981,1.5519839332230483,13.082430218369899,25.641563228005,0.0022380690977119315,0.004386615431515386,0.0006026642999970209,0.0011812220279941608,0.6994411253078948,1.3709046056034737,3.739823075573958,7.3300532281249575,0.0022115186612488152,0.004334576576047678,0.000574716785705916,0.0011264448999835953,0.5303322216070209,1.0394511543497609,11.852098405870052,23.230112875505302,0.0021751997724740154,0.00426339155404907,0.0005467763926269957,0.0010716817295489116,3.0900467892294836,6.056491706889788,9.983689111367491,19.568030658280282
relu,gpu_geometry,50,highdim_poly3,Sparse cubic,2852.0,2.0,1426,1425,0.0002712204650961359,6.923818288953379e-05,6,0.005017952981028486,0.005443979156508752,6,0.0010020230519952424,0.0002606707032644736,6,0.0013587649175479137,0.00036688954905863576,6,0.0013772905310870578,0.00040765800187500024,6,0.00036501280757434687,9.86915988332495e-05,6,-0.8649394390109965,3.537845413799337,6,0.34414574593100894,5.919701510489126,6,0.0013797012680222041,0.00037366603929177316,6,0.000376071594313289,0.00010355271778892128,6,-1.5354783671916412,1.1524847630209956,6,-2.7617583074412337,8.296439070838343,6,0.001376991372778525,0.00040828779716389204,6,0.0003791868140501377,0.00011276420443221042,6,-0.7732171514007891,3.145922996822897,6,-3.1743049962951395,9.43783489438627,6,0.0013517876649285724,0.0003414447094192793,6,0.00036496223531760186,9.90150882074793e-05,6,0.10162124147861047,4.495933912357926,6,0.4143756199409459,2.4168141560769363,6,2.826636979947646e-05,5.5402084806973865e-05,0.002222495183965601,0.004356090560572578,0.00010641836898173427,0.00020858000320419915,0.00014978203119224567,0.0002935727811368015,0.00016642568235938313,0.0003261943374243909,4.029067650681949e-05,7.896972595336621e-05,1.4443193421089975,2.830865910533635,2.416708021713534,4.736747722558526,0.00015254852174526908,0.0002989951026207274,4.227522001021397e-05,8.285943122001938e-05,0.4704999342889718,0.9221798712063847,3.3870070676073536,6.638533852510413,0.0001666827952094154,0.0003266982786104542,4.6035793684967475e-05,9.023015562253626e-05,1.2843176853839007,2.517262663352445,3.8529799613133884,7.551840724174241,0.00013939421890835123,0.0002732126690603684,4.042274049083203e-05,7.922857136203078e-05,1.8354573337586308,3.5974963741669166,0.9866602475872731,1.9338540852710553
relu,gpu_geometry,50,highdim_poly3,Sparse cubic,4278.0,3.0,1426,1425,0.0002712204650961359,6.923818288953379e-05,6,0.005017952981028486,0.005443979156508752,6,0.0010020230519952424,0.0002606707032644736,6,0.0011311783445781115,0.0002934628358775793,6,0.001140111445251216,0.0003260651381051017,6,0.0003024079065237063,7.646939937210008e-05,6,-0.2705697641844607,3.242403213697432,6,1.017618687596555,8.362243646266771,6,0.001134685123214843,0.00030822404578092756,6,0.00031037452077419203,7.270884741417576e-05,6,-0.055237922820428755,1.308087032199904,6,-1.7563142005364145,3.068604071423957,6,0.0011355167722095197,0.00031680291145399543,6,0.0003166487723880217,8.894930878592832e-05,6,-0.013244035393134623,2.4003680490637693,6,-2.84324860505444,6.54274589533091,6,0.0011290015922320144,0.00030006081887055307,6,0.0003066209641029226,6.564211451568505e-05,6,0.2988719878435033,1.436950891729729,6,-1.2705474435024733,8.25187201547318,6,2.826636979947646e-05,5.5402084806973865e-05,0.002222495183965601,0.004356090560572578,0.00010641836898173427,0.00020858000320419915,0.00011980570106169898,0.00023481917408093,0.00013311553521127116,0.00026090644901409146,3.121850156645826e-05,6.118826307025819e-05,1.3237055689865123,2.594462915213564,3.41387167303071,6.691188479140192,0.00012583193976991913,0.0002466306019490415,2.9683262658435122e-05,5.817919481053284e-05,0.534024294673559,1.0466876175601758,1.2527523662692803,2.4553946378877893,0.00012933424701506822,0.0002534951241495337,3.631340324979751e-05,7.117427036960312e-05,0.979946152514362,1.9206944589281496,2.671064826708301,5.235287060348269,0.00012249931633909016,0.0002400986600246167,2.6798281033461554e-05,5.252463082558465e-05,0.5866327450291854,1.1498001802572033,3.368812643443518,6.602872781149295
relu,gpu_geometry,50,highdim_poly3,Sparse cubic,5704.0,4.0,1426,1425,0.0002712204650961359,6.923818288953379e-05,6,0.005017952981028486,0.005443979156508752,6,0.0010020230519952424,0.0002606707032644736,6,0.0010497255011223837,0.00027317743462763715,6,0.001045755114803149,0.0002819518118931268,6,0.0003037627121091024,8.855870138080195e-05,6,0.5710509044416145,1.0944597234394677,6,-6.370018368489028,4.994732011026805,6,0.0010554311365092697,0.0002822304835373329,6,0.00028942668593362914,7.109151440313376e-05,6,-0.40184821891882644,1.0328836739862786,6,-2.391377123245254,5.5468629849181665,6,0.001051194118809699,0.000281440598113425,6,0.0002812644681177643,7.335542369883859e-05,6,0.0114487204935075,1.1848223033817888,6,0.7826100355610847,4.6457827971630365,6,0.001048208170355068,0.00027253940145777216,6,0.0002883813348646378,7.362293542736937e-05,6,0.09000087021992847,1.7942805407575062,6,-1.812326414612021,2.9578069744464073,6,2.826636979947646e-05,5.5402084806973865e-05,0.002222495183965601,0.004356090560572578,0.00010641836898173427,0.00020858000320419915,0.00011152422068003657,0.00021858747253287168,0.0001151063451985577,0.0002256084365891731,3.615393844441214e-05,7.08617193510478e-05,0.44681131107571503,0.8757501697084015,2.039090804826826,3.996617977460579,0.0001152201124209056,0.000225831420344975,2.9022989221566458e-05,5.6885058874270254e-05,0.4216729941529323,0.8264790685397473,2.264497331030122,4.438414768819039,0.00011489764304693288,0.00022519938037198842,2.99472263213032e-05,5.8696563589754274e-05,0.4837016798590718,0.9480552925237807,1.8966328848082334,3.7174004542241375,0.00011126374472917996,0.0002180769396691927,3.0056437527154926e-05,5.891061755322366e-05,0.7325119633768277,1.435723448218582,1.2075196408398368,2.36673849604608
relu,gpu_geometry,50,highdim_poly4,Sparse quartic,2852.0,2.0,1426,1425,0.0004916965397029588,0.00023066059064280863,6,0.006339315602431295,0.004126420033760269,6,0.0018045617027196588,0.00087213296356789,6,0.0025454153427151185,0.0011460806059864848,6,0.002668499035186591,0.0012542794175489252,6,0.0006879447254947748,0.00031795708535644777,6,-4.193051227449516,2.1321702029565692,6,-0.3961023351683612,4.752719987611009,6,0.0026250421540146996,0.0012376219710203324,6,0.000674366638423573,0.00030631780275682083,6,-2.369089237753211,2.9874585084435146,6,1.4654224188440124,5.29154186171139,6,0.0025622096582812795,0.0011235896329371275,6,0.0006963772560861178,0.00033839125542170365,6,-0.9569516961045865,4.315769652762326,6,-1.1470299109923834,5.252785000163001,6,0.002637177575842878,0.0013235744976288787,6,0.0007089562445228414,0.00034694289125080784,6,-1.7394128378753544,5.942557758193353,6,-2.5894322000163097,6.508828766543693,6,9.416679180731155e-05,0.00018456691194233065,0.001684603924518466,0.0033018236920561933,0.00035604679143377366,0.0006978517112101964,0.00046788544812777065,0.0009170554783304304,0.0005120574279783586,0.0010036325588375827,0.0001298054365376424,0.00025441865561377905,0.8704548403350073,1.7060914870566144,1.9402898099956267,3.802968027591428,0.0005052570539095674,0.000990303825662752,0.0001250537193141189,0.000245105289855673,1.219624828903787,2.3904646646514225,2.1602629189616422,4.234115321164818,0.00045870354682950174,0.0008990589517858234,0.00013814765153383093,0.0002707693970063086,1.7619055827760397,3.4533349422410375,2.144440496490768,4.203103373121905,0.0005403470259585561,0.00105908017087877,0.00014163884224173225,0.0002776121307937952,2.426039045765203,4.755036529699797,2.657218216863477,5.208147705052414
relu,gpu_geometry,50,highdim_poly4,Sparse quartic,4278.0,3.0,1426,1425,0.0004916965397029588,0.00023066059064280863,6,0.006339315602431295,0.004126420033760269,6,0.0018045617027196588,0.00087213296356789,6,0.00207250490919884,0.0009701703480313976,6,0.002089295135536823,0.0009962763829761336,6,0.0005825992545752646,0.00030362534433318417,6,-0.5549781644501056,1.0366484939800686,6,-2.9859499782756536,7.286985153748287,6,0.0021048840819327193,0.0010332388111005638,6,0.0005853107610374855,0.00031117799190277437,6,-0.7579946703796475,2.212380928434544,6,-3.662091713825893,8.170565995650087,6,0.0020687466101529882,0.00097570625588661,6,0.0005613300304245684,0.0002550162047367364,6,0.301842151360359,1.579469802292987,6,-1.3147628022737614,4.096601531219717,6,0.0020991769370997896,0.0009601317378702941,6,0.0005621054347107967,0.00024082476959773295,6,-1.764153641306189,2.425323460386972,6,-2.6870190013299564,6.568643140004698,6,9.416679180731155e-05,0.00018456691194233065,0.001684603924518466,0.0033018236920561933,0.00035604679143377366,0.0006978517112101964,0.0003960703860425491,0.0007762979566433962,0.00040672813017952745,0.0007971871351518738,0.0001239545277655242,0.00024295087442042742,0.4232099754793012,0.8294915519394304,2.9748992316532883,5.830802494040445,0.0004218179782727195,0.0008267632374145302,0.00012703788322428547,0.0002489942511195995,0.9032007318882567,1.770273434500983,3.335619599846319,6.537814415698786,0.000398330410960605,0.0007807276054827858,0.00010410992962435513,0.00020405546206373607,0.6448158466254077,1.263839059385799,1.672430571832093,3.2779639207909024,0.00039197214060564543,0.000768265395587065,9.831630048962817e-05,0.0001926999489596712,0.9901341565248821,1.9406629467887688,2.6816373325740996,5.2560091718452355
relu,gpu_geometry,50,highdim_poly4,Sparse quartic,5704.0,4.0,1426,1425,0.0004916965397029588,0.00023066059064280863,6,0.006339315602431295,0.004126420033760269,6,0.0018045617027196588,0.00087213296356789,6,0.001908519900099346,0.0009097680592791243,6,0.0018960879245749074,0.0009004622453500666,6,0.0004943207147965448,0.00022930490620893683,6,0.5415212550273072,1.1370664643818218,6,3.1784857391276913,8.308314855788751,6,0.0019057099715487798,0.0009233075696895784,6,0.0004975783401917126,0.0002351744705078581,6,0.43498516064002546,0.8695958883806291,6,2.3493711744993693,5.431361311223671,6,0.0018985489419517537,0.0009093847924477567,6,0.0004999607061072583,0.00023774464308312838,6,0.5673144421871662,1.0810582564164208,6,2.609042042683736,4.030929769402242,6,0.0018928950214249967,0.0009043352947994714,6,0.000499905520610456,0.0002408068907731639,6,0.9429115408009895,1.1697126264905582,6,2.433435760119491,4.60090763274093,6,9.416679180731155e-05,0.00018456691194233065,0.001684603924518466,0.0033018236920561933,0.00035604679143377366,0.0006978517112101964,0.0003714112549193289,0.0007279660596418847,0.00036761217229141634,0.000720519857691176,9.361333595477492e-05,0.00018348213847135884,0.4642054402276678,0.9098426628462288,3.3918553365112745,6.648036459562098,0.0003769387368981145,0.0007387999243203045,9.600957554557724e-05,0.0001881787680693314,0.3550110348257961,0.6958216282585603,2.217343970198629,4.345994181589313,0.0003712547868906316,0.000727659382305638,9.705884410562844e-05,0.00019023533444703175,0.4413401850738483,0.8650267627447427,1.645620187338359,3.2254155671831835,0.00036919333810801785,0.0007236189426917149,9.830900149006236e-05,0.00019268564292052222,0.47753318009876555,0.9359650329935805,1.878312675648624,3.6814928442713026
relu,iterative_dopt,5,highdim_poly2,Quadratic,62.0,2.0,31,30,0.0024918103416714786,0.0008982503449843774,5,0.00835390666334726,0.0018595478744086295,5,0.0009662689255123865,0.0003851446667850498,5,0.0020809626965747133,0.0009636026757191107,5,0.0018154990804393277,0.0009613124031600997,5,0.0036076300650610404,0.0017910777176954077,5,14.155401700864207,17.743167389910333,5,28.353555812444704,12.282979493293437,5,0.002081428976511132,0.001726004294124829,5,0.003987501774876921,0.0023856515542307333,5,9.482593781743265,26.31747098906692,5,23.403687934082402,5.340735057170853,5,0.0024052615705303067,0.001065859404077995,5,0.00505920848292885,0.0018180724482967316,5,-16.576161572820403,5.996326002152586,5,-4.176146761889737,13.76500430442689,5,0.002450670989205354,0.0007371539689290848,5,0.004728237633617271,0.001578058745751561,5,-26.873437651577866,41.53685265540986,5,1.1557609870763947,23.62445524690106,5,0.000401709766439541,0.0007873511422215004,0.0008316150909185874,0.0016299655782004313,0.00017224193122057532,0.0003375941851923276,0.0004309362172417235,0.000844634985793778,0.0004299119762159333,0.0008426274733832292,0.0008009943059504219,0.0015699488396628267,7.934985683999404,15.552571940638831,5.4931154226480094,10.766506228390098,0.0007718925862239316,0.001512909468998906,0.001066895809177589,0.0020911157859880747,11.76953082548645,23.068280417953442,2.3884493275300507,4.681360681958899,0.0004766668163951626,0.0009342669601345188,0.0008130667164821927,0.0015936107643050976,2.6816385112125465,5.256011481976591,6.155897067055147,12.065558251428087,0.0003296652768818403,0.000646143942688407,0.0007057293255977095,0.0013832294781715106,18.57584522177782,36.408656634684526,10.56517757269447,20.70774804248116
relu,iterative_dopt,5,highdim_poly2,Quadratic,93.0,3.0,31,30,0.0024918103416714786,0.0008982503449843774,5,0.00835390666334726,0.0018595478744086295,5,0.0009662689255123865,0.0003851446667850498,5,0.0016075989173077614,0.0006951534421116834,5,0.0018541365249469266,0.0014069825210815945,5,0.0034899996706865876,0.0020791251904180674,5,-5.389217820552329,29.838921732837303,5,18.457897131873732,11.501772983090605,5,0.0016075795837249371,0.0009686236550842283,5,0.0035295305927218767,0.0021122160396308755,5,4.5849580460472925,13.350831967994734,5,17.117861851081226,14.155994027674025,5,0.002237698060809489,0.0010868305350933266,5,0.004702914261706663,0.0020202825650097477,5,-37.70386773424862,7.196878813595436,5,-14.97718918743568,13.766248177872273,5,0.0013907489068027737,0.0005275585360076581,5,0.0031680500812501624,0.0012543204383650198,5,11.5137212633786,11.286320753375387,5,20.29861474955244,18.57775729848514,5,0.000401709766439541,0.0007873511422215004,0.0008316150909185874,0.0016299655782004313,0.00017224193122057532,0.0003375941851923276,0.0003108820702709378,0.000609328857731038,0.0006292217120584952,0.0012332745556346506,0.0009298130519013986,0.0018224335817267413,13.344371473984005,26.154968089008648,5.143749250392227,10.081748530768763,0.00043318166747652884,0.0008490360682539965,0.0009446117295560054,0.0018514389899297705,5.970673567322704,11.7025201919525,6.330752986992032,12.408275854504382,0.0004860453912982298,0.0009526489669445305,0.0009034978298238868,0.001770855746454818,3.2185420506054863,6.3083424191867525,6.156453344171004,12.066648554575167,0.00023593134972467878,0.0004624254454603704,0.0005609491531503039,0.0010994603401745955,5.0473960840828,9.892896324802289,8.308225637781124,16.284122250051002
relu,iterative_dopt,5,highdim_poly2,Quadratic,124.0,4.0,31,30,0.0024918103416714786,0.0008982503449843774,5,0.00835390666334726,0.0018595478744086295,5,0.0009662689255123865,0.0003851446667850498,5,0.0014426024883582255,0.0006440285238372663,5,0.001522783254647718,0.0009606423912289306,5,0.0033429552518827095,0.0018634494704951369,5,0.05059697497461428,17.391038313577326,5,11.069551345935773,13.977773026041822,5,0.001603087408985001,0.001130744508290025,5,0.003679629490607261,0.002154701538632482,5,-3.660209946071194,22.267673227139618,5,2.8915283628276436,12.233860551471215,5,0.0020891942043418906,0.00105504880148068,5,0.0044924677384730535,0.0021004021539190137,5,-43.31230306800979,9.932690066564987,5,-22.338429318916493,14.22412406279743,5,0.001350401796393841,0.00045422276644527075,5,0.003322982919108901,0.0015425928593856854,5,3.6103925296460018,9.054968256079558,5,10.03055376542754,9.708877000395443,5,0.000401709766439541,0.0007873511422215004,0.0008316150909185874,0.0016299655782004313,0.00017224193122057532,0.0003375941851923276,0.0002880183117497942,0.0005645158910295966,0.00042961233777116727,0.0008420401820314878,0.0008333599377326229,0.0016333854779559409,7.777508773692441,15.243917196437184,6.251050132058491,12.25205825883464,0.000505684317144214,0.0009911412616026595,0.0009636118223211238,0.0018886791717494026,9.95840620732726,19.518476166361427,5.47114876406854,10.72345157757434,0.00047183216793809625,0.0009247910491586687,0.0009393283992499781,0.0018410836625299572,4.442034037655245,8.70638671380428,6.361221664961108,12.467994463323771,0.00020313459653992718,0.0003981438092182573,0.0006898684990384334,0.0013521422581153294,4.049504910939323,7.937029625441073,4.341941791613692,8.510205911562837
relu,iterative_dopt,5,highdim_smooth,Smooth,62.0,2.0,31,30,0.0011017765602123664,0.0007371846357834042,6,0.005140212443205075,0.002164799667883928,6,0.00043779240904590717,0.00016148848671430243,6,0.0009425409475826013,0.00023685388348355737,6,0.0015717067690265282,0.0007693606870406954,6,0.0019825045246685065,0.0006165622798605687,6,-59.98824867140261,59.398290351008214,6,8.72108918102433,14.370334337637122,6,0.0010158935457643262,0.0003369885382307128,6,0.0019788730455723587,0.0009436565376242432,6,-6.899663834089762,21.54436631314254,6,10.367365504537341,26.65814612832569,6,0.0014551171579457224,0.00046942530621804353,6,0.0029545589625713693,0.0007109459616070911,6,-54.738917860216695,42.306044718836375,6,-38.13485155104668,24.886210243827346,6,0.0011059349545258547,0.0005369887228625484,6,0.002272845625367535,0.0014669805073298627,6,-17.74824223506445,46.32345798892901,6,-2.093165300302817,53.778370461134635,6,0.0003009543673148003,0.0005898705599370086,0.0008837757636103521,0.00173220049667629,6.592739863071022e-05,0.00012921770131619204,9.66951930218893e-05,0.00018952257832290304,0.00031409018523446703,0.0006156167630595554,0.00025171049671757906,0.0004933525735664549,24.249250492275277,47.52853096485954,5.866664426734505,11.49866227639963,0.00013757499463860467,0.00026964698949166516,0.0003852461682701453,0.0007550824898094849,8.795450716467682,17.239083404276656,10.883142583824812,21.33095946429663,0.0001916420787639917,0.0003756184743774237,0.00029024247343828214,0.000568875247939033,17.271370432752693,33.851886048195276,10.15975278816679,19.913115464806907,0.00021922472810700854,0.00042968046708973673,0.0005988922842612269,0.0011738288771520047,18.911472532354846,37.0664861634155,21.954927804690524,43.031658497193426
relu,iterative_dopt,5,highdim_smooth,Smooth,93.0,3.0,31,30,0.0011017765602123664,0.0007371846357834042,6,0.005140212443205075,0.002164799667883928,6,0.00043779240904590717,0.00016148848671430243,6,0.0007556390596647377,0.00022283592586021478,6,0.001443729005676619,0.0008457478549027731,6,0.0019682286869673327,0.0009513284409143723,6,-81.952362469847,77.19105555476806,6,-8.603524233811244,21.631111083157442,6,0.0009411629988122508,0.00039395484805199583,6,0.0017748234847098643,0.0005158001408163765,6,-21.772026540773396,22.735801034868047,6,-2.2872495841307505,20.37754260529824,6,0.0012272589230928963,0.0003024702231909782,6,0.002263041992601765,0.0005047446577780861,6,-65.24196614523117,30.946668253716048,6,-34.4194821973938,39.17565868416906,6,0.0006702911944911925,0.00029239517662838643,6,0.0014406549101251451,0.0004099951396060593,6,13.40566895810147,12.479693093602584,6,16.971179638653275,14.247854175042763,6,0.0003009543673148003,0.0005898705599370086,0.0008837757636103521,0.00173220049667629,6.592739863071022e-05,0.00012921770131619204,9.097238578636482e-05,0.00017830587614127503,0.0003452751159275364,0.0006767392272179714,0.00038837820967294463,0.0007612212909589715,31.513116469335138,61.76570827989687,8.830864120532947,17.308493676244577,0.00016083139323717823,0.0003152295307448693,0.00021057452570930556,0.0004127260703902389,9.281851904811408,18.19242973343036,8.31909693246754,16.305429987636376,0.00012348295153393995,0.00024202658500652229,0.00020606114365867125,0.00040387984157099567,12.633924410131879,24.762491843858484,15.993395685607808,31.347055543791303,0.00011936983099841804,0.00023396486875689937,0.0001673798148426666,0.0003280644370916265,5.094813370976934,9.98583420711479,5.816662109739622,11.40065773508966
relu,iterative_dopt,5,highdim_smooth,Smooth,124.0,4.0,31,30,0.0011017765602123664,0.0007371846357834042,6,0.005140212443205075,0.002164799667883928,6,0.00043779240904590717,0.00016148848671430243,6,0.0006673958181932895,0.00019489806882314517,6,0.0009929262798331227,0.00048278790495493806,6,0.0014509855642820726,0.0005458160441780554,6,-43.844788175356946,44.54219158280425,6,5.856129505652895,21.81181111203883,6,0.0008197210635608557,0.0003695924533123397,6,0.001500389241963354,0.0003923392767640762,6,-19.391321607754602,26.658909961890533,6,1.29693656558786,15.086270066929874,6,0.0010639517106614458,0.00025032443729466815,6,0.0022601844814653205,0.0008352413839064634,6,-61.59991738013829,18.41049527936407,6,-46.939576473206806,26.78180528803829,6,0.000617712848789078,0.0001813263823997723,6,0.0013815352359007986,0.0004880693380622036,6,7.38211609483605,8.839446223753004,6,10.400535902331452,16.297868801660265,6,0.0003009543673148003,0.0005898705599370086,0.0008837757636103521,0.00173220049667629,6.592739863071022e-05,0.00012921770131619204,7.956680341175735e-05,0.0001559509346870444,0.00019709733685448346,0.0003863107802347876,0.00022282846694343946,0.00043674379520914134,18.184273567193706,35.641176191699664,8.904634598410544,17.453083812884667,0.00015088548723310783,0.00029573555497689136,0.00016017183902076253,0.00031393680448069453,10.883454417571858,21.331570658440842,6.15894396430027,12.07153017002853,0.00010219452358687675,0.00020030126623027844,0.0003409858671044848,0.0006683322995247903,7.516053224393403,14.731464319811069,10.93362622437768,21.42990739978025,7.402618563070375e-05,0.00014509132383617933,0.00019925347289172386,0.0003905368068677788,3.608688809494414,7.073030066609052,6.653577076482131,13.041011069904977
relu,iterative_dopt,5,highdim_strong,Strong nonlinear,62.0,2.0,31,30,0.0016083475614976969,0.0007016422337273421,5,0.006958231268340287,0.002242093955159862,5,0.0008433742005005747,0.0002849410768047043,5,0.003475491871603402,0.000908941940280801,5,0.007209645523509815,0.005868920703038696,5,0.00767059945905126,0.002603637670390104,5,-101.82207786607144,134.16497320068694,5,-10.376016956173624,28.063411914956006,5,0.006141996749923199,0.002786201932093351,5,0.008819970812227547,0.0030095303783080557,5,-73.9872560396293,56.213710440379266,5,-26.254347215969847,33.65772210658802,5,0.008519466354207177,0.002248329664521406,5,0.015660057816708685,0.0038525180316753426,5,-155.97838943088811,74.43414121610664,5,-134.83445307798343,82.28961307546746,5,0.003532869167030655,0.0016090188707250507,5,0.0065365736927932875,0.0026384460906314793,5,-7.11083726027324,49.91958702524937,5,5.109607082940134,33.993933454494055,5,0.0003137839460998265,0.0006150165343556599,0.0010026948991357632,0.001965282002306096,0.00012742952346346146,0.00024976186598838445,0.00040649119321368505,0.0007967227386988226,0.002624661129310076,0.005144335813447749,0.0011643821639542927,0.0022821890413504136,60.00040005523471,117.60078410826003,12.550339344483834,24.598665115188314,0.0012460273838403972,0.0024422136723271787,0.0013459029012494943,0.0026379696864490087,25.139535562435533,49.273489702373645,15.052190919625646,29.502294202466267,0.0010054835931398321,0.001970747842554071,0.0017228984406739507,0.0033768809437209435,33.28795992120666,65.24440144556505,36.80103373578015,72.1300261221291,0.0007195751144042319,0.0014103672242322947,0.0011799489627241117,0.002312699966939259,22.32471799943482,43.756447278892246,15.202549205370591,29.796996442526357
relu,iterative_dopt,5,highdim_strong,Strong nonlinear,93.0,3.0,31,30,0.0016083475614976969,0.0007016422337273421,5,0.006958231268340287,0.002242093955159862,5,0.0008433742005005747,0.0002849410768047043,5,0.0019325716720562033,0.0005633363473056173,5,0.005607224148574194,0.005340940971541895,5,0.0062862862517876535,0.0017223508830289103,5,-167.93790467137268,189.05155614334217,5,-58.971465856755614,14.382176349123196,5,0.004981458726712056,0.0020406296722651133,5,0.007236282332679182,0.0024417480574053735,5,-152.53590692589864,57.71008027065077,5,-83.52599816680763,49.51561501861961,5,0.006206641018207669,0.000507475808910355,5,0.012006518956849132,0.0005751615596024165,5,-249.48527606683356,121.79539912229738,5,-221.00154950487587,91.55484111006585,5,0.0015667957594863165,0.0006143973601345932,5,0.0032280697178512585,0.0016816623522314979,5,16.936405647712743,24.12269484152735,5,19.69104467513162,26.553774356041007,5,0.0003137839460998265,0.0006150165343556599,0.0010026948991357632,0.001965282002306096,0.00012742952346346146,0.00024976186598838445,0.00025193167335435816,0.000493786079774542,0.0023885414152362895,0.004681541173863127,0.0007702587311118864,0.0015097071129792975,84.5464261577262,165.71099526914335,6.431904796205842,12.60653340056345,0.0009125973328175821,0.0017886907723224609,0.0010919829280572947,0.0021402865389922973,25.808732494428916,50.58511568908067,22.144056225868592,43.40235020270244,0.00022695008113204944,0.0004448221590188169,0.00025722006906316004,0.0005041513353637937,54.46855835683503,106.75837437939666,40.94456967825991,80.25135656938942,0.0002747668524914739,0.0005385430308832888,0.0007520622669583649,0.0014740420432383951,10.787997093227734,21.14447430272636,11.87520890385968,23.275409451564972
relu,iterative_dopt,5,highdim_strong,Strong nonlinear,124.0,4.0,31,30,0.0016083475614976969,0.0007016422337273421,5,0.006958231268340287,0.002242093955159862,5,0.0008433742005005747,0.0002849410768047043,5,0.0014234716153307568,0.0004828377300711682,5,0.004369730015502692,0.004541374841967848,5,0.005354188906155348,0.002134220241248973,5,-165.34829322525601,161.0707703403342,5,-67.80367025693026,22.49727525369443,5,0.004526716814333595,0.0019371122597614616,5,0.0067694577488325094,0.0023166263796881043,5,-233.51858030319585,166.05854826853408,5,-123.88709228909784,89.49920608732207,5,0.004854640849713844,0.001271103716605935,5,0.009643104016857612,0.0021862438175869344,5,-267.1045331202771,147.25062626458157,5,-225.09675009698236,119.90372326863411,5,0.0019016485332912177,0.0002656312993063913,5,0.0034324452405627573,0.0008368950989917638,5,-40.40168997393134,30.355561396359445,5,-17.86557126395045,51.079726715495234,5,0.0003137839460998265,0.0006150165343556599,0.0010026948991357632,0.001965282002306096,0.00012742952346346146,0.00024976186598838445,0.00021593159730816527,0.0004232259307240039,0.0020309645715894946,0.003980690560315409,0.0009544523076777409,0.001870726523048372,72.03303833384884,141.1847551343437,10.061087355156914,19.71973121610755,0.0008663029385749718,0.0016979537596069447,0.001036026812690368,0.002030612552873121,74.26364043467444,145.5567352519619,40.025261748703024,78.44951302745793,0.0005684548633566997,0.0011141715321791314,0.000977717958302607,0.00191632719827311,65.85248201140406,129.07086474235197,53.622575196797825,105.10024738572373,0.00011879392844013673,0.00023283609974266797,0.0003742708662763999,0.0007335708979017437,13.57541975548563,26.607822720751834,22.84354824159188,44.77335455352008
relu,iterative_dopt,10,highdim_poly2,Quadratic,172.0,2.0,86,85,0.0029585943804038162,0.00043786321032468234,6,0.01548499328355034,0.0013935955706608095,6,0.0021643187369697636,0.0003625019976084105,6,0.004643554413973936,0.0008634122033564887,6,0.003591371638938417,0.0007911897660247308,6,0.004022809706708135,0.0009049259697173961,6,22.515578147979483,10.097963663170074,6,32.57226909751254,7.616216888160884,6,0.0035385985982378594,0.001082440847310788,6,0.00444420679314523,0.0014490494540171828,6,25.094695473895396,12.421354126578956,6,27.245637646356116,12.247575560129336,6,0.004549558206312357,0.0012156812749442717,6,0.005814641513891365,0.0017442411953058766,6,2.6892823901404928,14.234034409543712,6,4.198456520706223,14.108943653773402,6,0.0039654230582531575,0.0008305939041550844,6,0.004858016155057066,0.0009529337404909567,6,14.035881040920836,11.744232652403577,6,17.380245072545723,15.234659214765324,6,0.00017875690707207047,0.0003503635378612581,0.0005689330093202871,0.0011151086982677627,0.00014799082081336896,0.00029006200879420316,0.0003524865559859238,0.0006908736497324106,0.00032300186941210015,0.0006330836640477163,0.0003694344801334805,0.0007240915810616217,4.122476402655391,8.080053749204566,3.109307524393684,6.09424274781162,0.0004419046254428846,0.0008661330658680538,0.000591571962400109,0.0011594810463042137,5.070996587422109,9.939153311347335,5.000051784749791,9.80010149810959,0.0004962998022449284,0.0009727476124000597,0.0007120834861402692,0.0013956836328349275,5.811020214100023,11.389599619636044,5.759952126903961,11.289506168731764,0.0003390885414410189,0.000664613541224397,0.0003890335704807676,0.0007625057981423045,4.79456290315364,9.397343290181134,6.219523580227482,12.190266217245863
relu,iterative_dopt,10,highdim_poly2,Quadratic,258.0,3.0,86,85,0.0029585943804038162,0.00043786321032468234,6,0.01548499328355034,0.0013935955706608095,6,0.0021643187369697636,0.0003625019976084105,6,0.0034175378874094207,0.0006075137024354258,6,0.0028171708450300172,0.0004773645665492336,6,0.003426517578718889,0.0006538921431282209,6,17.3114625583092,4.894947348055247,6,23.811028055562264,6.443893350541971,6,0.0030878413114151164,0.0007319055918861628,6,0.003941170427214345,0.0008724390974986049,6,10.438604513589324,7.810913815366417,6,12.955935227579262,7.278057682292815,6,0.004025689599722412,0.001169622576778661,6,0.005114149671652445,0.0015985897366335932,6,-16.698412989473436,20.533522051291026,6,-11.853454085108206,19.907446735892215,6,0.0029186748088187997,0.0006177939189828433,6,0.003727302627658881,0.0008584569364282562,6,15.012152312033985,4.384695480310932,6,17.72989982693977,7.956667803308291,6,0.00017875690707207047,0.0003503635378612581,0.0005689330093202871,0.0011151086982677627,0.00014799082081336896,0.00029006200879420316,0.0002480164304526346,0.00048611220368716373,0.0001948832682217476,0.0003819712057146253,0.00026695034957984783,0.0005232226851765017,1.9983538867541746,3.916773618038182,2.630708444290214,5.15618855080882,0.0002987992066684678,0.0005856464450701968,0.000356171770087641,0.0006980966693717764,3.18879221208391,6.250032735684464,2.971254606693427,5.823659029119117,0.00047749641745782677,0.0009358929782173405,0.0006526215271337415,0.0012791381931821335,8.382775274641595,16.430239538297528,8.127181097428407,15.929274950959677,0.0002522133112837161,0.0004943380901160835,0.00035046357673368075,0.0006869086103980142,1.7900444340415649,3.508487090721467,3.2482960284894706,6.366660215839362
relu,iterative_dopt,10,highdim_poly2,Quadratic,344.0,4.0,86,85,0.0029585943804038162,0.00043786321032468234,6,0.01548499328355034,0.0013935955706608095,6,0.0021643187369697636,0.0003625019976084105,6,0.0029792440763326,0.0005330131317557617,6,0.002567075555620322,0.00046033749078747,6,0.003138993009545671,0.0005656217133866739,6,13.818577749707613,2.084216909938649,6,20.710187957265266,4.563664019380646,6,0.0029820933589358926,0.0007414587935407253,6,0.0036225419478172986,0.0009522132953759954,6,1.060936349376397,9.072428402778646,6,9.999206919436949,8.464365830072975,6,0.003652602002675696,0.0009468423187243989,6,0.004824698476993748,0.0014291030496979278,6,-21.4714993863827,14.724987603841292,6,-19.92891996350363,17.871016520149972,6,0.0027222010795336453,0.00046482264795413456,6,0.0035441871098662093,0.0005713228223167851,6,8.371721053993541,4.767177173900576,6,10.081777695077841,6.726290459805082,6,0.00017875690707207047,0.0003503635378612581,0.0005689330093202871,0.0011151086982677627,0.00014799082081336896,0.00029006200879420316,0.00021760169983407951,0.00042649933167479586,0.00018793199365040896,0.00036834670755480156,0.00023091409753935076,0.0004525916311771275,0.8508779904383287,1.667720861259124,1.8631080341635906,3.6516917469606374,0.00030269928491239947,0.0005932905984283029,0.0003887394499942116,0.0007619293219886547,3.7038033857901778,7.259454636148749,3.455562879988029,6.772903244776537,0.000386546757958076,0.0007576316455978289,0.0005834288769358721,0.0011435205987943094,6.011451016369783,11.782443992084774,7.295811943202681,14.299791408677255,0.0001897630513961615,0.00037193558073647654,0.0002332415655138169,0.0004571534684070811,1.94619193158326,3.8145361859031897,2.745996581378816,5.3821532995024794
relu,iterative_dopt,10,highdim_smooth,Smooth,172.0,2.0,86,85,0.0008375122018928434,0.00013351103063764824,6,0.00815396935086827,0.0009440703064481977,6,0.0006657461055627527,0.00014168401807055858,6,0.0013789150885168027,0.0002913688928625758,6,0.0010338988552411365,0.0002954589098605195,6,0.0011702682858652674,0.0002451365257844316,6,26.027054141041503,7.813437283033252,6,31.360079623004633,6.719847251824053,6,0.0011801503443411542,0.00038888991897851835,6,0.0013718223767566972,0.0004126763572189861,6,15.963372506304289,16.787434311859286,6,20.495358643872336,15.836902930852826,6,0.0016120986431051446,0.00039752450099356284,6,0.0019056715473215191,0.0004720709471777963,6,-17.250636204211272,21.268971415247417,6,-11.669755626384505,20.068400982511086,6,0.001161672488706071,0.0003352544682219056,6,0.0013436190181764375,0.000393158391678882,6,16.23234918973442,11.104610101359233,6,21.914416958563738,10.106202090343105,6,5.450565001588834e-05,0.00010683107403114114,0.00038541508868517206,0.0007554135738229372,5.784225816335662e-05,0.00011337082600017897,0.00011895085240549503,0.00023314367071477026,0.0001206205948528737,0.00023641636591163244,0.00010007656758174488,0.00019615007246021995,3.189822413444936,6.252051930352074,2.743366152735458,5.376997659361497,0.00015876364460161031,0.00031117674341915624,0.00016847441734950554,0.00033020985800503083,6.853441359090951,13.432745063818263,6.465388547762808,12.672161553615105,0.00016228869794812225,0.0003180858479783196,0.00019272215716299195,0.0003777354280394642,8.683021220199528,17.018721591591074,8.19289039345346,16.05806517116878,0.00013686706352196445,0.00026825944450305033,0.00016050624128442545,0.00031459223291747387,4.533438090147652,8.885538656689398,4.125839726464892,8.086645863871189
relu,iterative_dopt,10,highdim_smooth,Smooth,258.0,3.0,86,85,0.0008375122018928434,0.00013351103063764824,6,0.00815396935086827,0.0009440703064481977,6,0.0006657461055627527,0.00014168401807055858,6,0.0010312991137121418,0.00023530751533714262,6,0.00086047487382795,0.00022676492118926976,6,0.0010258108688529371,0.00024064963747207798,6,17.11796033583266,3.063466885323628,6,20.43863860351266,6.282905522555597,6,0.00098542157945639,0.00029094809588918176,6,0.0011408691439183806,0.00029794178407985847,6,5.610892415719664,12.65725219589719,6,11.81252361581447,9.854307453308664,6,0.0013280116670494953,0.00030593865567036133,6,0.0016227333732180386,0.0003628550640912982,6,-30.48469846078335,25.99550804553295,6,-27.127108799371513,20.33045647929101,6,0.0008903937499522278,0.00015179608608809986,6,0.0011634495053779493,0.0001490631293230827,6,12.655491841011013,5.638679872438263,6,7.839218835342752,9.891345652669127,6,5.450565001588834e-05,0.00010683107403114114,0.00038541508868517206,0.0007554135738229372,5.784225816335662e-05,0.00011337082600017897,9.60638908696877e-05,0.00018828522610458788,9.257639141269201e-05,0.00018144972716887633,9.824480309872423e-05,0.0001925598140734995,1.2506551188260264,2.4512840328990118,2.5649854387292867,5.027371459909402,0.00011877906276047456,0.00023280696301053013,0.00012163422400835563,0.00023840307905637702,5.167301570945004,10.127911079052208,4.023004171518566,7.885088176176389,0.00012489893316423745,0.0002448019090019054,0.00014813495960142796,0.0002903445208187988,10.612621719328425,20.800738569883713,8.299874102020523,16.267753239960225,6.197049264457215e-05,0.00012146216558336142,6.085476771734225e-05,0.00011927534472599081,2.301981418395914,4.511883580055991,4.038124953089334,7.914724908055096
relu,iterative_dopt,10,highdim_smooth,Smooth,344.0,4.0,86,85,0.0008375122018928434,0.00013351103063764824,6,0.00815396935086827,0.0009440703064481977,6,0.0006657461055627527,0.00014168401807055858,6,0.000900773684116613,0.00020482177505790484,6,0.000813447816802941,0.000220013782522624,6,0.0009861555910229082,0.0002491201438595244,6,10.347210856695519,4.372031012413767,6,13.347346039997992,4.840075685742016,6,0.0009266438636926083,0.00028487692027544134,6,0.0011793587185219055,0.0003401745820448364,6,-1.2577035257621627,10.08418675465788,6,-2.895624006167299,12.241516191357446,6,0.0011909539036448027,0.0002590649016351388,6,0.0014648533978137215,0.0003286324197832602,6,-33.443765474844234,20.334268976963816,6,-30.206093616289436,19.584886094589343,6,0.0008148173180880968,0.00016838406768475067,6,0.0010012096809883693,0.00020427638802436186,6,9.112092502828848,3.4495591645898283,6,11.122508823894307,7.764968627550408,6,5.450565001588834e-05,0.00010683107403114114,0.00038541508868517206,0.0007554135738229372,5.784225816335662e-05,0.00011337082600017897,8.361813951716355e-05,0.00016389155345364055,8.98202505933494e-05,0.00017604769116296484,0.00010170287285076248,0.00019933763078749446,1.7848741866729128,3.498353405878909,1.9759526244198875,3.8728671438629796,0.00011630051569505913,0.0002279490107623159,0.0001388756915790636,0.0002721963554949647,4.116852003307411,8.069029926482525,4.997578057807377,9.79525299330246,0.00010576280321173426,0.00020729509429499914,0.00013416362356751858,0.0002629607021923364,8.301430547677844,16.270803873448575,7.995496267045583,15.671172683409342,6.874250777365087e-05,0.0001347353152363557,8.339548619307848e-05,0.00016345515293843382,1.408276631797749,2.760222198323588,3.170035167702983,6.213268928697847
relu,iterative_dopt,10,highdim_strong,Strong nonlinear,172.0,2.0,86,85,0.0009528776196375688,0.0001657786310980482,6,0.0014908483355046478,0.0016262077483740448,6,0.0008047355339560565,0.00010623161959375965,6,0.0018257103615085576,0.0002620388910172355,6,0.0027883121595086383,0.0002685320832893832,6,0.002820450426306319,0.00013815645375379906,6,-55.959730819485394,31.384640577140765,6,-30.423034723576233,26.123698595837162,6,0.0032245179714435433,0.0006791669154686609,6,0.003591066980579301,0.0007299403424840601,6,-76.64610589306078,24.649095779517026,6,-62.31846761112546,22.48519220270905,6,0.005058120147376632,0.0023032778718945317,6,0.005752103942075559,0.002827721222030034,6,-198.58924191194205,181.3890851236622,6,-182.25891909820487,182.26907631625912,6,0.0016395797109258205,0.00030749977710717324,6,0.0019657213600109257,0.0002714627949746275,6,10.293049176063652,9.885031986196669,6,10.707450939553917,10.966379515265485,6,6.767884274121757e-05,0.00013265053177278645,0.0006638965332127917,0.0013012372050970717,4.3368877092359796e-05,8.50029991010252e-05,0.00010697692929283291,0.0002096747814139525,0.00010962776393759038,0.00021487041731767714,5.640213606153822e-05,0.00011054818668061491,12.812725862440505,25.112942690383388,10.664955292343741,20.90331237299373,0.0002772687321796958,0.0005434467150722038,0.00029799689695972424,0.0005840739180410595,10.062951213467848,19.723384378396982,9.179541277507353,17.99190090391441,0.0009403092536641872,0.0018430061371818068,0.0011544123548021471,0.0022626482154122084,74.05178391053923,145.14149646465688,74.41103881054018,145.84563606865873,0.0001255362583220224,0.00024605106631116387,0.00011082422197293383,0.0002172154750669503,4.035547409545395,7.909672922708975,4.477005689685061,8.77493115178272
relu,iterative_dopt,10,highdim_strong,Strong nonlinear,258.0,3.0,86,85,0.0009528776196375688,0.0001657786310980482,6,0.0014908483355046478,0.0016262077483740448,6,0.0008047355339560565,0.00010623161959375965,6,0.0013048005066630785,0.00018691636052626216,6,0.001950495465483094,0.00021229409763548734,6,0.0021742393292274328,0.00020133586585101463,6,-50.834050719350294,16.032695693343783,6,-40.15678765385848,9.381513370423706,6,0.0022431397684677308,0.0004326699150189463,6,0.002531630102681141,0.0003616434879641214,6,-73.59116627950333,32.29484502025206,6,-64.21659472313748,28.947508086400795,6,0.0032988962560937534,0.001036273816005721,6,0.003968579430088825,0.0010174952325664273,6,-167.98223026875556,127.85644714103626,6,-165.04390267844153,105.72185544518973,6,0.0011829770672433524,0.0001803888229088988,6,0.001348738057840781,0.00029572064878994513,6,8.940599003986277,9.927148755923447,6,13.278283409906757,16.538179948442973,6,6.767884274121757e-05,0.00013265053177278645,0.0006638965332127917,0.0013012372050970717,4.3368877092359796e-05,8.50029991010252e-05,7.630828464457362e-05,0.00014956423790336428,8.666870243525614e-05,0.00016987065677310202,8.21950230427384e-05,0.00016110224516376726,6.545320608334939,12.828828392336481,3.829986795439352,7.50677411906113,0.00017663675314162974,0.0003462080361575943,0.0001476403357187412,0.00028937505800873277,13.184315270313306,25.84125792981408,11.817770689461977,23.162830551345476,0.00042305701383679934,0.0008291917471201267,0.0004153906892503747,0.0008141657509307343,52.197175970111324,102.3064649014182,43.16076675016636,84.59510283032607,7.364342857134646e-05,0.00014434111999983906,0.00012072744932335955,0.00023662580067378472,4.052741508786212,7.943373357220977,6.751683691335582,13.233300035017741
relu,iterative_dopt,10,highdim_strong,Strong nonlinear,344.0,4.0,86,85,0.0009528776196375688,0.0001657786310980482,6,0.0014908483355046478,0.0016262077483740448,6,0.0008047355339560565,0.00010623161959375965,6,0.0011920976037539596,0.00018641500002068224,6,0.001701884399301387,0.00015160604101510043,6,0.001987989782629661,0.00017826956348400305,6,-44.986204919521185,19.731792630466014,6,-37.432986440814076,14.870712059249136,6,0.0018912583646094807,0.00021264071117656748,6,0.0021618283549515315,0.00023386240714127766,6,-62.119164894845035,31.187860122482494,6,-50.01950872429242,23.804150944035268,6,0.0027091125076139804,0.0006283884510303426,6,0.0033416300265444883,0.0009005517764958549,6,-139.49789297759784,96.78427384396271,6,-140.176585762894,100.28891336172407,6,0.0012580548182328719,0.0002949283253684367,6,0.0014352483002430232,0.00035896846932608747,6,-5.487662987129422,17.59026976156537,6,1.7095350631210273,19.686171978001745,6,6.767884274121757e-05,0.00013265053177278645,0.0006638965332127917,0.0013012372050970717,4.3368877092359796e-05,8.50029991010252e-05,7.610360507526452e-05,0.00014916306594751845,6.189290706840905e-05,0.00012131009785408175,7.277824453408336e-05,0.00014264535928680338,8.055470609175202,15.788722393983397,6.070942776168812,11.899047841290873,8.681020682085373e-05,0.0001701480053688733,9.547392791919053e-05,0.00018712889872161343,12.732390578229564,24.955485533329945,9.71800392884615,19.047287700538455,0.0002565385108803723,0.0005028154813255297,0.00036764872322862764,0.0007205914975281101,39.51201434058415,77.44354810754494,40.94277743240232,80.24784376750856,0.00012040398464103425,0.00023599180989642714,0.00014654826393280487,0.00028723459730829753,7.181197558957246,14.075147215556202,8.036846055796818,15.752218269361764
relu,iterative_dopt,20,highdim_poly2,Quadratic,542.0,2.0,271,270,0.00320441296484669,0.00045525862829587545,6,0.02850761067427467,0.0027367001031442526,6,0.004637559976033164,0.0005678928708027044,6,0.008167630920539945,0.0009004186773244908,6,0.006262671831600729,0.0007863159327720502,6,0.004083010350439286,0.0005164997714675778,6,23.37655280058793,3.804479905666256,6,25.042486523282374,3.8412803578237478,6,0.006772858418898507,0.0010389468718331658,6,0.004521370904912705,0.0007746515729541322,6,17.434926262029872,4.215736392944612,6,17.413678908951876,5.614194593341423,6,0.007805233232377078,0.000783838709762418,6,0.005167484676911675,0.000593696888606714,6,4.30780805566045,3.2227173618586833,6,5.02464591682143,4.403188008796083,6,0.007563044545108849,0.0012019159219361477,6,0.005129365182822384,0.0007884925451236127,6,7.591747223469421,7.671534492419279,6,5.930463652804193,7.131185589599604,6,0.00018585855672071443,0.0003642827711726003,0.001117253138620919,0.002189816151697001,0.00023184129367181952,0.00045440893559676624,0.0003675943857194561,0.0007204849960101339,0.0003210121353186874,0.0006291837852246272,0.00021086014872661457,0.00041328589150416454,1.553172417592368,3.044217938481041,1.5681961392739612,3.073664432976964,0.00042414828430866814,0.0008313306372449895,0.00031625018036366694,0.0006198503535127872,1.7210671754659301,3.373291663913223,2.2919853450630985,4.492291276323673,0.0003200008132599073,0.0006272015939894183,0.00024237573982740555,0.00047505645006171485,1.3156688536270182,2.578710953108956,1.797593977181982,3.5232841952766845,0.0004906801204117301,0.000961733036006991,0.0003219007335902153,0.000630925437836822,3.13189084176473,6.138506049858871,2.911294325934574,5.706136878831765
relu,iterative_dopt,20,highdim_poly2,Quadratic,813.0,3.0,271,270,0.00320441296484669,0.00045525862829587545,6,0.02850761067427467,0.0027367001031442526,6,0.004637559976033164,0.0005678928708027044,6,0.00631685112009631,0.0007091185585625772,6,0.005535368656105991,0.0007392353441716991,6,0.003704134844205051,0.0007332572418176028,6,12.531246131133775,3.7245543516307538,6,13.562244543876053,7.716491505720086,6,0.005793291576132458,0.0008072990512180983,6,0.003880967621951651,0.0006361301306868928,6,8.535652700723373,3.54372169313444,6,9.031699103186803,4.992639425088835,6,0.006411083273112349,0.0008271022737188854,6,0.004366732161081933,0.0007086429418214591,6,-1.3384610418352372,2.845593218051703,6,-2.453895874303921,7.078177154091485,6,0.005938519989581657,0.0006690072791721635,6,0.004086407263394726,0.0005762465426437728,6,5.981053521359784,1.0838093881039927,6,3.9917517801445648,6.34074864777047,6,0.00018585855672071443,0.0003642827711726003,0.001117253138620919,0.002189816151697001,0.00023184129367181952,0.00045440893559676624,0.0002894964392693709,0.000567413020967967,0.0003017915655085616,0.0005915114683967807,0.0002993510154422838,0.0005867279902668762,1.5205429467929972,2.9802641757142743,3.1502444655891457,6.174479152554725,0.00032957845755288726,0.000645973776803659,0.00025969903836547774,0.0005090101151963364,1.4467183231018415,2.835567913279609,2.038236510195001,3.9949435599822016,0.0003376630892845091,0.0006618196549976377,0.00028930226954789346,0.0005670324483138711,1.1617085666251705,2.276948790585334,2.88965372275822,5.663721296606111,0.0002731210780299161,0.0005353173129386356,0.0002352516659200318,0.00046109326520326233,0.4424633298821405,0.8672281265689954,2.5885997957133458,5.073655599598157
relu,iterative_dopt,20,highdim_poly2,Quadratic,1084.0,4.0,271,270,0.00320441296484669,0.00045525862829587545,6,0.02850761067427467,0.0027367001031442526,6,0.004637559976033164,0.0005678928708027044,6,0.005683107156944817,0.0006572026534829249,6,0.005186248827972866,0.0006763495479713337,6,0.003523297748930674,0.0005431508348923286,6,8.858193660384746,3.5539016180677443,6,7.927945507570068,4.144617852642555,6,0.005337928559810574,0.0006626898700559645,6,0.0036125724716575187,0.0004393835077602753,6,6.155414359673935,1.826028588793055,6,5.097067026745002,5.96319647571523,6,0.005649053270502309,0.0007105326771546411,6,0.003818638373196112,0.00042382631623212407,6,0.6806739525743063,3.3913323060739295,6,-0.36397379052377055,5.522570608874077,6,0.005364120014059511,0.000665262519899109,6,0.0035958682469940093,0.0004960265477592191,6,5.683503679050625,2.5370335968875746,6,5.874126708157341,3.526285404064872,6,0.00018585855672071443,0.0003642827711726003,0.001117253138620919,0.002189816151697001,0.00023184129367181952,0.00045440893559676624,0.00026830185977271866,0.0005258716451545286,0.0002761185467153035,0.0005411923515619949,0.0002217403998088131,0.0004346111836252736,1.4508742600529134,2.8437135497037103,1.6920331529673303,3.3163849798159672,0.00027054200655806705,0.0005302623328538114,0.0001793775659011479,0.00035158002916624986,0.7454730497129051,1.4611271774372938,2.4344647669108754,4.771550943145316,0.0002900737507670942,0.0005685445515035046,0.00017302636905536126,0.00033913168334850804,1.3845056163495522,2.7136310080451223,2.2545800100388176,4.418976819676082,0.0002715922864584929,0.0005323208814586461,0.0002025019901473929,0.00039690390068889005,1.0357396287787377,2.0300496724063257,1.4395999878971566,2.821615976278427
relu,iterative_dopt,20,highdim_smooth,Smooth,542.0,2.0,271,270,0.0009497112245157568,0.00010821337795091192,6,0.015551785762267364,0.0014356112261979567,6,0.0013819047683040744,0.00015028176644426737,6,0.00223702830866198,0.00024321684562796783,6,0.0018209572466457728,0.00016148308885246984,6,0.0012162848170157684,0.00012446620119733708,6,18.359305633204904,4.436349109637216,6,15.871623335435814,8.519647192138926,6,0.0019083607783826728,0.00016380749548833664,6,0.001248226404293475,0.00012414691955878917,6,14.428651640158927,4.329430159206383,6,13.74538773253889,6.716330455612124,6,0.0021714319958731853,0.0001552800450325704,6,0.001453707674655625,0.00015422283039156156,6,2.4903887874078348,6.024267200381607,6,-0.25152816358442104,5.479564040114799,6,0.0020582971336146555,0.00020011263905351544,6,0.001357486718793586,0.00012214815456355042,6,7.71285858060165,6.347265166826414,6,6.2452901844571835,5.481250813736064,6,4.417792655377968e-05,8.658873604540817e-05,0.000586085828866046,0.00114872822457745,6.13522742387617e-05,0.00012025045750797292,9.929286143963115e-05,0.00019461400842167706,6.592519496284492e-05,0.00012921338212717602,5.081311385934409e-05,9.95937031643144e-05,1.8111319399102743,3.549818602224138,3.4781314015459674,6.817137547030096,6.68741299982804e-05,0.00013107329479662957,5.06827676762304e-05,9.933822464541158e-05,1.7674824611786961,3.4642656239102445,2.741930426694028,5.374183636320295,6.339281292769854e-05,0.00012424991333828914,6.296120685785331e-05,0.00012340396544139248,2.4593967858533134,4.820417700272494,2.2370226518641254,4.384564397653686,8.169564279380975e-05,0.00016012345987586712,4.986677528388517e-05,9.773887955641494e-05,2.59126015347771,5.078869900816312,2.237711274311406,4.385914097650356
relu,iterative_dopt,20,highdim_smooth,Smooth,813.0,3.0,271,270,0.0009497112245157568,0.00010821337795091192,6,0.015551785762267364,0.0014356112261979567,6,0.0013819047683040744,0.00015028176644426737,6,0.0017748729381452102,0.0001908762665188318,6,0.0015984846200871644,0.00013802135468219868,6,0.001003278321575074,0.00010773138840877289,6,9.740656536222216,2.7886653315769667,6,14.025199069585332,3.2529342523779836,6,0.0016642594093639312,0.0001511835658693395,6,0.0011121098343362,0.00013114455130834536,6,6.043314329287711,3.554299969328163,6,4.829478381532424,3.217605843017416,6,0.0018310179559870446,0.00016488743840376507,6,0.0012261763703851276,0.00013891246549584604,6,-3.389512724076726,4.566933733037122,6,-5.018279839065677,4.938799699591236,6,0.0017150076751791933,0.00022764385637723942,6,0.0011220604270515964,0.00019426657932549875,6,3.5671892717264213,3.9016735805718628,6,4.416234385215936,7.570919400941972,6,4.417792655377968e-05,8.658873604540817e-05,0.000586085828866046,0.00114872822457745,6.13522742387617e-05,0.00012025045750797292,7.792490949643778e-05,0.00015273282261301806,5.634698209651411e-05,0.00011044008490916765,4.3981155147179966e-05,8.620306408847273e-05,1.1384678542921385,2.2313969944125915,1.3280048475246562,2.602889501148326,6.172043231238869e-05,0.00012097204733228182,5.3539538875282365e-05,0.00010493749619555344,1.4510368862739833,2.8440322970970073,1.313582084798397,2.574620886204858,6.731501484730262e-05,0.00013193742910071313,5.671077656279951e-05,0.00011115312206308704,1.8644428891741536,3.654308062781341,2.0162565343015624,3.951862807231062,9.293521520060915e-05,0.00018215302179319393,7.930899890389731e-05,0.0001554456378516387,1.5928515692164824,3.1219890756643056,3.0908149026742544,6.057997209241538
relu,iterative_dopt,20,highdim_smooth,Smooth,1084.0,4.0,271,270,0.0009497112245157568,0.00010821337795091192,6,0.015551785762267364,0.0014356112261979567,6,0.0013819047683040744,0.00015028176644426737,6,0.0016322727772522842,0.000179450234112194,6,0.0015180905845380017,0.00013832818743471695,6,0.0010357500201856552,0.00018260993513545082,6,6.812930083594753,2.4975148529311717,6,4.444514188580054,12.251521027116677,6,0.00154481079866183,0.00014467241786940272,6,0.0010162005936416598,0.0001265934407161217,6,5.176212804612235,3.6668413073686246,6,5.93606629891379,8.171852035816547,6,0.0016106873193793842,0.00016442794699710937,6,0.001085808840782209,0.0001443544434124825,6,1.2143497280561932,3.273675254504548,6,-0.7649439448305587,12.430288278227623,6,0.0015717356152580005,0.00015068369692075289,6,0.0010523108914646093,9.039293900441139e-05,6,3.5695236043614744,2.410205203014189,6,2.3731069086263896,6.38081774048358,6,4.417792655377968e-05,8.658873604540817e-05,0.000586085828866046,0.00114872822457745,6.13522742387617e-05,0.00012025045750797292,7.32602512996432e-05,0.0001435900925473007,5.647224604318802e-05,0.00011068560224464851,7.455019384076471e-05,0.00014611837992789883,1.019606169117257,1.9984280914698238,5.001662514902455,9.803258529208813,5.90622672724573e-05,0.0001157620438540163,5.168155575629508e-05,0.00010129584928233836,1.4969816951355175,2.934084122465614,3.3361446235457444,6.538843462149659,6.712742826605258e-05,0.00013156975940146305,5.893245474400844e-05,0.00011550761129825654,1.3364723261853335,2.6194857593232537,5.074643939559423,9.946302121536469,6.151636166867224e-05,0.00012057206887059758,3.6902762818555196e-05,7.232941512436818e-05,0.9839621537976506,1.9285658214433952,2.604957934313911,5.105717551255265
relu,iterative_dopt,20,highdim_strong,Strong nonlinear,542.0,2.0,271,270,0.0012007262843551903,0.0005211956935899061,6,0.007178663287197602,0.002044118758052512,6,0.0017381501030246547,0.0004297050762028917,6,0.0028208679085670145,0.000593684660176642,6,0.0028250425473684906,0.0004451358044646617,6,0.001886491713970333,0.00043991917246774634,6,-3.429065774690528,24.83635824064065,6,-5.420698692803903,20.120087245205713,6,0.0026497664306199425,0.000197211669163219,6,0.0017655847595516062,0.00037809867715204976,6,3.1300728197175522,18.57001106668434,6,1.3313815164784712,17.277655274506355,6,0.0032408912578659604,0.0001924323595223121,6,0.002129565914960626,0.0003449310519717083,6,-18.112648391407348,19.41661538271867,6,-18.96162631675718,12.713315157183231,6,0.0025919927403698626,0.00046241052255051454,6,0.0018603055880614464,0.0005140420389026442,6,7.550875142719886,6.527162775294056,6,-2.2187347363324834,13.904603512510036,6,0.00021277725090520656,0.0004170434117742049,0.0008345079884800529,0.0016356356574209036,0.00017542636276347454,0.0003438356710164101,0.00024237074759173358,0.0004750466652797978,0.00018172593119695455,0.0003561828251460309,0.00017959625010223479,0.0003520086502003802,10.139400793089623,19.87322555445566,8.213991221839008,16.099422794804454,8.05113267954091e-05,0.0001578022005190018,0.0001543581385739724,0.00030254195160498587,7.5811752718689,14.859103532863044,7.053573229041166,13.825003528920684,7.85601818049114e-05,0.00015397795633762632,0.00014081751229535181,0.00027600232409888956,7.926800036589244,15.536528071714917,5.190189179048373,10.17277079093481,0.00018877830532374915,0.00037000547843454835,0.00020985678360856307,0.0004113192958727836,2.6647030445931623,5.222817967402598,5.676530613560048,11.126000002577694
relu,iterative_dopt,20,highdim_strong,Strong nonlinear,813.0,3.0,271,270,0.0012007262843551903,0.0005211956935899061,6,0.007178663287197602,0.002044118758052512,6,0.0017381501030246547,0.0004297050762028917,6,0.0023135091126074057,0.00048333392763295896,6,0.002183989074038374,0.00017912735190780122,6,0.0012786934060452784,0.00015302577752252617,6,3.5120133657055006,12.80598105338843,6,9.115226054353553,21.000895980795008,6,0.002218835594038185,0.00018926623096586885,6,0.0015813357782450443,0.0002777314664947821,6,1.9750137295549504,13.181780724326885,6,-8.857840764665116,8.08787470322474,6,0.002605804051709184,0.0002450809151912937,6,0.0017516063509904528,0.00026796834213728155,6,-15.864745502142375,21.242337088609936,6,-21.986515597564463,20.765892982671453,6,0.0023329851178262462,0.0005455195716226394,6,0.0016956488845375726,0.000692973880161515,6,-0.8432182095639379,7.897560256506149,6,-13.527753591888029,24.33135327887643,6,0.00021277725090520656,0.0004170434117742049,0.0008345079884800529,0.0016356356574209036,0.00017542636276347454,0.0003438356710164101,0.00019732024967934,0.0003867476893715064,7.312843519167864e-05,0.00014333173297569014,6.247251207047475e-05,0.00012244612365813051,5.228019872758447,10.246918950606554,8.573579882368975,16.80421656944319,7.726761523435462e-05,0.00015144452585933506,0.00011338339640451647,0.00022223145695285227,5.381439445975953,10.547621314112869,3.301861021077424,6.4716476013117505,0.00010005386465216464,0.0001961055747182427,0.00010939761757598075,0.00021441933044892228,8.67214780188212,16.997409691688954,8.47764031013115,16.616175007857056,0.00022270743252952142,0.00043650656775786196,0.0002829054019120484,0.0005544945877476149,3.2241654735539833,6.319364328165807,9.933233380773611,19.469137426316276
relu,iterative_dopt,20,highdim_strong,Strong nonlinear,1084.0,4.0,271,270,0.0012007262843551903,0.0005211956935899061,6,0.007178663287197602,0.002044118758052512,6,0.0017381501030246547,0.0004297050762028917,6,0.002105395726766148,0.0004452015882826574,6,0.0019730841714187945,0.00022166477019233466,6,0.0011799817151866127,0.00011402291853481559,6,4.608088706727219,10.824234852122999,6,9.181386184638031,21.19142226995199,6,0.0020054083561403787,0.00019270688235570053,6,0.0012886507803501238,0.0003228648857722221,6,2.666685331524649,13.22388149913057,6,4.898523127499149,9.917059139381012,6,0.002180794987271161,0.00019970712997145044,6,0.0012248949841677558,0.00017662090963493638,6,-6.083505554742892,15.889606916622396,6,5.32257849203429,25.24473200908947,6,0.002075383336489043,0.0004383802619929347,6,0.0012223089076134595,0.00018034107529788854,6,1.3559767488143166,5.469982336604969,6,5.944574577468891,24.63021418239805,6,0.00021277725090520656,0.0004170434117742049,0.0008345079884800529,0.0016356356574209036,0.00017542636276347454,0.0003438356710164101,0.0001817527873281915,0.00035623546316325536,9.04942634870857e-05,0.00017736875643468796,4.654966156553879e-05,9.123733666845603e-05,4.418975373958579,8.661191732958816,8.651361914205737,16.956669351843242,7.867225528233552e-05,0.00015419762035337762,0.0001318090376673201,0.0002583457138279474,5.3986270153167615,10.581308950020853,4.048622440081327,7.935299982559401,8.153009440428914e-05,0.00015979898503240672,7.210518441863522e-05,0.000141326161460525,6.486904859853867,12.71433352531358,10.306118685929139,20.19999262442111,0.000178967992531716,0.0003507772653621634,7.36239356907778e-05,0.0001443029139539245,2.2331109377865057,4.376897438061551,10.055242833722797,19.70827595409668
relu,iterative_dopt,50,highdim_poly2,Quadratic,2852.0,2.0,1426,1425,0.0033743214335410754,0.0008418354820346965,6,0.05294474392323014,0.011072202439011261,6,0.01234802314479762,0.0027044113939809875,6,0.01672965302052453,0.002666750939211514,6,0.01539105400775423,0.002763547605993057,6,0.004268794242121999,0.0008264688374304925,6,8.223367363311672,2.729064058885842,6,5.436615357269439,3.63536574357506,6,0.015669625116535774,0.002866135636194056,6,0.004304864165489452,0.0010328191351398187,6,6.610006200241707,2.356440528179832,6,5.170177485814049,6.518309274825338,6,0.015451418057953118,0.0027613162611621472,6,0.00409650996286259,0.0007521942545916496,6,7.82756306199571,2.276370067126618,6,8.97789336261692,4.823743482410185,6,0.01660853550852859,0.0026847248720446313,6,0.004470653230291097,0.0006274684775751416,6,0.7562526188095657,2.162356709220736,6,0.24656588154891904,4.436686103408876,6,0.00034367789639248695,0.0006736086769292744,0.0045202077173961625,0.008859607126096479,0.0011040713283037309,0.0021639798034753127,0.0010886965120260018,0.0021338451635709633,0.0011282135857621667,0.002211298628093847,0.0003374044900026549,0.0006613128004052037,1.1141357366065163,2.183706043748772,1.4841318500254086,2.908898426049801,0.00117009497371378,0.0022933861484790087,0.0004216466462791966,0.0008264274267072252,0.9620128172091789,1.8855451217299906,2.661088618162187,5.215733691597887,0.0011273026430495127,0.0022095131803770447,0.0003070820185337807,0.0006018807563262102,0.929324188367551,1.8214754092004,1.9692850303301594,3.8597986594471125,0.0010960343393780342,0.002148227305180947,0.0002561629332900143,0.000502079349248428,0.88277842991243,1.730245722628363,1.8112695170414517,3.550088253401245
relu,iterative_dopt,50,highdim_poly2,Quadratic,4278.0,3.0,1426,1425,0.0033743214335410754,0.0008418354820346965,6,0.05294474392323014,0.011072202439011261,6,0.01234802314479762,0.0027044113939809875,6,0.013852424497812245,0.0026801123167386923,6,0.013393185465528992,0.002803382766049474,6,0.0035037477774795627,0.0007621180609498726,6,3.5465967655239257,1.9040297509713933,6,6.642179089019969,5.07110605131391,6,0.013605132991479696,0.002591562726827471,6,0.003661487858559276,0.0008138907732002366,6,1.75518355858339,1.8868929972611999,6,2.4758703396601502,5.882123680236715,6,0.013479229495446108,0.002699475928411861,6,0.0037372185465865348,0.0009186265982410806,6,2.8055320439703126,1.67107520478043,6,0.6882391643059972,5.7790278948154405,6,0.014023753758863444,0.00273173786190237,6,0.0036961647345687388,0.0007683682673408193,6,-1.2170823419988606,1.6419287073686666,6,1.2946906129531377,3.55160662871128,6,0.00034367789639248695,0.0006736086769292744,0.0045202077173961625,0.008859607126096479,0.0011040713283037309,0.0021639798034753127,0.0010941512715597146,0.0021445364922570405,0.0011444762217555535,0.002243173394640885,0.00031113339551441967,0.0006098214552082626,0.7773168908264062,1.5235411060197561,2.0702703762098547,4.057729937371315,0.0010580010528571824,0.0020736820636000773,0.0003322695167833083,0.0006512482528952842,0.7703208404201195,1.5098288472234342,2.4013669367536457,4.706679196037145,0.0011020564329224918,0.002160030608528084,0.0003750277383065551,0.000735054367080848,0.6822135955881604,1.3371386473527944,2.359278258601381,4.624185386858707,0.0011152273121170508,0.0021858455317494197,0.00031368503158856994,0.0006148226619135971,0.6703145878467986,1.3138165921797254,1.449937334571504,2.841877175760148
relu,iterative_dopt,50,highdim_poly2,Quadratic,5704.0,4.0,1426,1425,0.0033743214335410754,0.0008418354820346965,6,0.05294474392323014,0.011072202439011261,6,0.01234802314479762,0.0027044113939809875,6,0.012913903111136868,0.0027175405310850124,6,0.012799762649899904,0.0028187846583303715,6,0.0033940386964753898,0.0007578172800946862,6,1.0418073245848347,1.15115603759325,6,2.4179288023221064,3.924648700872483,6,0.012785867518117729,0.002746084740536735,6,0.003420563335049922,0.000699041743022644,6,1.0664156883962272,0.683362957263057,6,1.3351159935684354,3.364221115164954,6,0.012751769447140451,0.002786260148973693,6,0.003433678467954828,0.0008400704923751341,6,1.3829643335487987,0.941262190738477,6,1.6515000583709523,3.6467077827821677,6,0.012990133798958395,0.0027627531312996237,6,0.003494847219028497,0.0006563908158913329,6,-0.5574828499025313,0.42209388563484057,6,-0.9848852998848558,4.883153871280402,6,0.00034367789639248695,0.0006736086769292744,0.0045202077173961625,0.008859607126096479,0.0011040713283037309,0.0021639798034753127,0.0011094312760817147,0.002174485301120161,0.0011507640179491386,0.0022554974751803117,0.0003093776090826301,0.000606380113801955,0.4699574844045987,0.9211166694330135,1.6022311228024122,3.140373000692728,0.001121084400793023,0.002197325425554325,0.0002853825965518735,0.000559349889241672,0.27898175906897293,0.546804247775187,1.3734375190085235,2.691937537256706,0.0011374859426060986,0.002229472447507953,0.0003429573423812842,0.000672196391067317,0.3842686802472538,0.7531666132846174,1.4887622181420843,2.9179739475584854,0.0011278892428267559,0.0022106629159404415,0.0002679704284638169,0.0005252220397890811,0.17231910722567298,0.33774545016231905,1.9935392200222188,3.907336871243549
relu,iterative_dopt,50,highdim_smooth,Smooth,2852.0,2.0,1426,1425,0.0011590677095343947,9.16192498960856e-05,6,0.03478927401380225,0.0025071150057884703,6,0.004268453952429782,0.0003516667126321536,6,0.005328862660940411,0.00038790291753788993,6,0.005077979915987519,0.00042307577167191785,6,0.001355166786981488,7.83966946908723e-05,6,4.731529105894459,3.2562181995093,6,4.434508080072567,3.045062405150752,6,0.005117584764949403,0.00038544065608833576,6,0.001361878390108373,0.00011162187199803868,6,3.956481970289229,2.4192871033821346,6,4.082208270852021,3.865845736850253,6,0.005056005002893436,0.0004006614924574232,6,0.0013185214350616746,0.00013227171418648607,6,5.149729550760394,1.8959676626990063,6,7.28771276399075,2.919939694341756,6,0.005261691214604742,0.00041185443662206204,6,0.0014322887410484011,0.00014836594907166283,6,1.2599518010066726,2.582838461818724,6,-0.7707609360534072,4.922653322413854,6,3.740340214365841e-05,7.331066820157048e-05,0.0010235254151094411,0.0020061098136145046,0.0001435673342451233,0.00028139197512044167,0.0001583607029507884,0.00031038697778354527,0.00017271996052174013,0.0003385311226226107,3.200531658556603e-05,6.273042050770941e-05,1.3293455133269898,2.6055172061208998,1.2431415212585737,2.4365573816668045,0.00015735548892333284,0.0003084167582897324,4.556943842157544e-05,8.931609930628787e-05,0.9876698240970275,1.935832855230174,1.5782249132661288,3.093320830001612,0.000163569369350443,0.00032059596392686825,5.399970119335764e-05,0.00010583941433898097,0.7740255570716355,1.5170900918604056,1.1920603884725967,2.3364383614062896,0.00016813886967091427,0.00032955218455499194,6.057014507155492e-05,0.00011871748434024763,1.0544393865818076,2.066701197700343,2.0096648034217117,3.9389430147065547
relu,iterative_dopt,50,highdim_smooth,Smooth,4278.0,3.0,1426,1425,0.0011590677095343947,9.16192498960856e-05,6,0.03478927401380225,0.0025071150057884703,6,0.004268453952429782,0.0003516667126321536,6,0.004630808014657358,0.00036710648651705973,6,0.004563228292931767,0.0003667415689554143,6,0.001176974829970059,0.00013078501476589984,6,1.4614242324840827,1.2597707863991343,6,4.570848676930738,5.710048165856442,6,0.004577237379061053,0.00038207814871481677,6,0.001226828397689694,9.181986920563283e-05,6,1.179773997158953,1.1529115238430896,6,0.3077282572801385,4.445077254409267,6,0.004591734348508212,0.00037573243437320173,6,0.0011991343994525838,0.00012008874366750403,6,0.8599387641136653,1.0016273116166772,6,2.733127109252372,5.457570087635913,6,0.0046524380136250725,0.0003156093589917085,6,0.0011784562576863187,0.0001309035901164929,6,-0.5483733870285598,1.4324121303481205,6,4.437018421234368,5.927951129010447,6,3.740340214365841e-05,7.331066820157048e-05,0.0010235254151094411,0.0020061098136145046,0.0001435673342451233,0.00028139197512044167,0.00014987059553878482,0.00029374636725601824,0.00014972161856808284,0.0002934543723934424,5.3392758696469697e-05,0.0001046498070450806,0.514299269923763,1.0080265690505754,2.331117402177209,4.56899010826733,0.00015598275103642157,0.00030572619203138627,3.7485304633815106e-05,7.347119708227761e-05,0.4706741586650286,0.922521350983456,1.8146951900923856,3.5568025725810757,0.00015339212400468523,0.00030064856304918305,4.902602430621158e-05,9.609100764017469e-05,0.4089126376494235,0.80146876979287,2.228043658364077,4.366965570393591,0.00012884698126276064,0.00025254008327501085,5.344116688064046e-05,0.0001047446870860553,0.5847798034543203,1.1461684147704678,2.420075914371842,4.743348792168811
relu,iterative_dopt,50,highdim_smooth,Smooth,5704.0,4.0,1426,1425,0.0011590677095343947,9.16192498960856e-05,6,0.03478927401380225,0.0025071150057884703,6,0.004268453952429782,0.0003516667126321536,6,0.004401409005403245,0.0003584878012349243,6,0.004397632910110488,0.0003548750520349995,6,0.0011572498946671595,0.00012229469628611438,6,0.07930512934732693,0.597979965302802,6,1.7553479255847713,6.139222683594613,6,0.004382018431510017,0.00034922205353882826,6,0.001198439042144362,0.00016912129757134262,6,0.42647620153072935,0.40235225362078897,6,-1.5122739160199838,8.24070976710839,6,0.004396628720337374,0.0003574463642788033,6,0.0012079433698936354,6.400450957277758e-05,6,0.106643552315765,0.4394352696219497,6,-2.7981635990344316,3.7175530157645422,6,0.004438462735290372,0.00035453119292573533,6,0.0011802293397845261,9.605935777865936e-05,6,-0.8533076839592182,0.865130613443621,6,-0.4562323651600663,7.365275262647265,6,3.740340214365841e-05,7.331066820157048e-05,0.0010235254151094411,0.0020061098136145046,0.0001435673342451233,0.00028139197512044167,0.00014635203200630699,0.0002868499827323617,0.000144877133321563,0.0002839591813102635,4.992660069160354e-05,9.785613735554293e-05,0.24412429856650905,0.47848362519035775,2.5063271653544703,4.912401244094761,0.0001425693063495063,0.00027943584044503233,6.90434806145309e-05,0.00013532522200448058,0.16425961970496974,0.3219488546217407,3.364255674630859,6.593941122276484,0.00014592686714934468,0.00028601665961271557,2.6129731615064402e-05,5.121427396552623e-05,0.1793986975926877,0.3516214472816679,1.5176846633946528,2.9746619402535193,0.00014473675342804548,0.00028368403671896915,3.921606859619427e-05,7.686349444854076e-05,0.3531880939663114,0.6922486641739704,3.006861034771526,5.893447628152191
relu,iterative_dopt,50,highdim_strong,Strong nonlinear,2852.0,2.0,1426,1425,0.0011523107833005793,0.00018899242172782166,6,0.02821531469769804,0.004718889786484946,6,0.004217306385385853,0.00032434865324271124,6,0.005134188572195365,0.0003004197878338758,6,0.004934585467169613,0.00023651578700097564,6,0.0013429378514417001,0.0001710560451114783,6,3.798404000279906,3.2402512044261047,6,2.1520699314731346,10.24527438607018,6,0.004979083522571505,0.0001600882435924253,6,0.001276133819396664,0.0001244477816100686,6,2.878620899125371,3.2731314911823395,6,6.781754832955129,9.90689018544948,6,0.0049524056570154126,0.00021029116422480106,6,0.0012959479562101078,0.0001383267209291269,6,3.4472050518712236,2.60718633038854,6,5.459915074106919,9.11172755030197,6,0.005114748489026746,0.00035202328231586765,6,0.0014526878233859595,0.00017368117449477762,6,0.3745363455367438,3.8669881958921946,6,-5.997971874458009,12.178385052515626,6,7.715583308100864e-05,0.00015122543283877692,0.001926478688219863,0.003775898228910931,0.0001324147832005932,0.00025953297507316266,0.00012264586480469623,0.0002403858950172046,9.655716571086347e-05,0.0001892520447932924,6.983333799027045e-05,0.00013687334246093009,1.3228270148804304,2.5927409491656435,4.182615753446355,8.197926876754856,6.53557517699701e-05,0.0001280972734691414,5.080559409433068e-05,9.957896442488814e-05,1.3362503357386248,2.6190506580477044,4.044470982022974,7.927163124765028,8.58510082944305e-05,0.0001682679762570838,5.647164734478792e-05,0.00011068442879578432,1.064379362301874,2.0861835501116732,3.7198471955832617,7.290900503343193,0.0001437129032089308,0.00028167729028950433,7.090504257324885e-05,0.00013897388344356776,1.5786913202169264,3.0942349876251756,4.971804878300167,9.744737561468328
relu,iterative_dopt,50,highdim_strong,Strong nonlinear,4278.0,3.0,1426,1425,0.0011523107833005793,0.00018899242172782166,6,0.02821531469769804,0.004718889786484946,6,0.004217306385385853,0.00032434865324271124,6,0.004575800779503169,0.0003372046915792309,6,0.004397499876358073,0.0002750980813321683,6,0.0011757511084879862,0.0002084228434286221,6,3.82384210942725,1.812234773848788,6,1.8231697196162175,12.429556635097475,6,0.004429357146367254,0.0002595032244716581,6,0.0011201398987076147,0.00014200597205046945,6,3.1055670146087917,1.7933872667891488,6,6.208774146668598,8.37655188146413,6,0.00444008754584697,0.00029821391372590025,6,0.0011022700011842444,0.00012255244094712734,6,2.9239421272744113,1.2861860678128652,6,7.694858460214948,6.511464978407611,6,0.004585554801712113,0.000366144751982129,6,0.0012165421785922165,0.00012537501569102394,6,-0.19274240563848058,1.9389645430038853,6,-2.66307344982078,15.161035985169601,6,7.715583308100864e-05,0.00015122543283877692,0.001926478688219863,0.003775898228910931,0.0001324147832005932,0.00025953297507316266,0.00013766323887361522,0.00026981994819228584,0.00011230832141374647,0.00022012430997094307,8.508826952335236e-05,0.00016677300826577063,0.7398417483429331,1.450089826752149,5.07434524750231,9.945716685104529,0.00010594174776041454,0.00020764582561041248,5.797369532526327e-05,0.00011362844283751601,0.7321472858063299,1.4350086801804067,3.4197129855895865,6.70263745175559,0.00012174532047113672,0.00023862082812342797,5.003182450883827e-05,9.806237603732301e-05,0.5250832634030405,1.0291631962699592,2.6582944458502222,5.210257113866436,0.0001494779690590193,0.00029297681935567784,5.118413582274053e-05,0.00010032090621257143,0.7915789599513816,1.5514947615047079,6.1894670226066,12.131355364308936
relu,iterative_dopt,50,highdim_strong,Strong nonlinear,5704.0,4.0,1426,1425,0.0011523107833005793,0.00018899242172782166,6,0.02821531469769804,0.004718889786484946,6,0.004217306385385853,0.00032434865324271124,6,0.004342342635882295,0.0003189367948605825,6,0.004277504300756642,0.0003067708573856255,6,0.0010987767814189784,0.00013242319430082383,6,1.4796395031642493,0.813143738817703,6,5.662002027159191,7.805939367592522,6,0.004275578627606924,0.0002728035860477258,6,0.0011716605559310147,0.0001331832694086714,6,1.4765165552461434,1.2469619695359941,6,-0.470179240333477,5.894454480795509,6,0.004289785997005267,0.0003107084657764136,6,0.0011607325123669722,0.00021834189804924214,6,1.2043985327889677,0.5652660364908829,6,0.4430996648230696,16.784078694910953,6,0.004335955787254125,0.00031268251731729295,6,0.001145917760327678,0.00013974159807608914,6,0.1359956402916848,0.5770174011430552,6,1.4499399953923906,10.420882275842633,6,7.715583308100864e-05,0.00015122543283877692,0.001926478688219863,0.003775898228910931,0.0001324147832005932,0.00025953297507316266,0.00013020540126785658,0.0002552025864849989,0.00012523867809181513,0.0002454678090599577,5.40615426910753e-05,0.0001059606236745076,0.3319645412737212,0.6506505008964936,3.1867614022842154,6.246052348477062,0.00011137159763639542,0.00021828833136733501,5.437184205447821e-05,0.0001065688104267773,0.5090700923365213,0.9977773809795818,2.406400965001824,4.716545891403575,0.00012684619998587057,0.00024861855197230633,8.913770661523818e-05,0.0001747099049658668,0.2307688930546866,0.4523070303871857,6.852071434208342,13.430060011048349,0.0001276521031527221,0.0002501981221793353,5.704926852125165e-05,0.00011181656630165324,0.2355663675845534,0.46171008046572465,4.254307374237926,8.338442453506335
relu,measure_weighted,50,highdim_local,Local interior,2852.0,2.0,1426,1425,0.004338343204049001,,1,0.0326644776618947,,1,0.01566321734655465,,1,0.026283671594943867,,1,0.023233546921349598,,1,0.006148477593945517,,1,11.604636979945429,,1,13.178144007857673,,1,0.022841340487928505,,1,0.006444943942304315,,1,13.096842633194198,,1,8.991781089487423,,1,0.021863512402135576,,1,0.0057283241341381025,,1,16.817129893140905,,1,19.111076611844155,,1,0.02615288098783942,,1,0.0064955772722799406,,1,0.4976116317387148,,1,8.276794392963515,,1,0.0,0.0,0.0,0.0,0.0,0.0,0.0,0.0,0.0,0.0,0.0,0.0,0.0,0.0,0.0,0.0,0.0,0.0,0.0,0.0,0.0,0.0,0.0,0.0,0.0,0.0,0.0,0.0,0.0,0.0,0.0,0.0,0.0,0.0,0.0,0.0,0.0,0.0,0.0,0.0
relu,measure_weighted,50,highdim_local,Local interior,4278.0,3.0,1426,1425,0.004338343204049001,,1,0.0326644776618947,,1,0.01566321734655465,,1,0.01923548531759022,,1,0.017478501444413798,,1,0.004745236162781406,,1,9.134076131521981,,1,8.013175883736377,,1,0.018155228149810857,,1,0.004792683457625986,,1,5.615960033987313,,1,7.093405862616366,,1,0.017872268499273713,,1,0.005030303315626624,,1,7.086989466649389,,1,2.4871238284627246,,1,0.01908779824802555,,1,0.004948063060202998,,1,0.7677844729481066,,1,4.0813584779970995,,1,0.0,0.0,0.0,0.0,0.0,0.0,0.0,0.0,0.0,0.0,0.0,0.0,0.0,0.0,0.0,0.0,0.0,0.0,0.0,0.0,0.0,0.0,0.0,0.0,0.0,0.0,0.0,0.0,0.0,0.0,0.0,0.0,0.0,0.0,0.0,0.0,0.0,0.0,0.0,0.0
relu,measure_weighted,50,highdim_local,Local interior,5704.0,4.0,1426,1425,0.004338343204049001,,1,0.0326644776618947,,1,0.01566321734655465,,1,0.017055657059652993,,1,0.016262843485517098,,1,0.0043748959000403115,,1,4.648390685641666,,1,3.2311793969079754,,1,0.016731156689862456,,1,0.004697601380557217,,1,1.902596708268588,,1,-3.906779874645726,,1,0.01623363138278613,,1,0.004488664272580921,,1,4.819665838682067,,1,0.7147238093392391,,1,0.017165354920334976,,1,0.004796679657076052,,1,-0.6431758113938928,,1,-6.098303555478084,,1,0.0,0.0,0.0,0.0,0.0,0.0,0.0,0.0,0.0,0.0,0.0,0.0,0.0,0.0,0.0,0.0,0.0,0.0,0.0,0.0,0.0,0.0,0.0,0.0,0.0,0.0,0.0,0.0,0.0,0.0,0.0,0.0,0.0,0.0,0.0,0.0,0.0,0.0,0.0,0.0
sigmoid,gpu_geometry,5,highdim_nonlinear,Random nonlinear,62.0,2.0,31,30,0.0027547134434263614,0.0002083604718829341,2,0.025693614069164157,0.0008510838939314799,2,0.0012247467858991002,2.3070705064365884e-05,2,0.00717776484215506,0.0001882531784264462,2,0.007945071177059122,0.0011651417660206466,2,0.016213375493242744,0.0016300702834873386,2,-10.515186519370697,13.334142811882055,2,-7.957912072357102,6.96438722929807,2,0.014280081387184874,0.0024482020607592882,2,0.021200580320079133,0.0024510233392183133,2,-98.56987424038508,28.90019395622259,2,-41.127045641674165,11.238215617505318,2,0.019855702019013505,0.0005303277701980789,2,0.03704431852882999,0.0024552664281740893,2,-176.82002393614164,14.64871428503115,2,-146.8152280479432,7.446336350161989,2,0.003857245722596797,0.0009973483006894667,2,0.007540795803040635,0.0007344972321702137,2,46.06042038220944,15.30965833954361,2,49.609125930107155,6.717813452495438,2,0.00014733310259965168,0.0002887728810953173,0.0006018071927576018,0.0011795420978048994,1.631345199776794e-05,3.197436591562516e-05,0.00013311509904526117,0.0002609055941287119,0.0008238796437968689,0.0016148041018418631,0.001152633751264575,0.002259162152478567,9.428662803591658,18.48017909503965,4.924565436645656,9.652148255825486,0.0017311402788777726,0.0033930349466004344,0.0017331352240077648,0.003396945039055219,20.435523124051468,40.05362532314088,7.946618471574574,15.575372204286165,0.0003749983625586026,0.000734996790614861,0.0017361355409815718,0.0034028256603238806,10.358205206609775,20.30208220495516,5.265354928195428,10.320095659263039,0.0007052317466224017,0.0013822542233799073,0.0005193679736303081,0.0010179612283154039,10.825563229540466,21.21810392989931,4.750211447005737,9.310414436131243
sigmoid,gpu_geometry,5,highdim_nonlinear,Random nonlinear,93.0,3.0,31,30,0.0027547134434263614,0.0002083604718829341,2,0.025693614069164157,0.0008510838939314799,2,0.0012247467858991002,2.3070705064365884e-05,2,0.004435996750101551,0.00021728438663586378,2,0.006348671005258885,0.0007902218172675742,2,0.012988519629590219,0.0013244108720763023,2,-42.85221374114579,10.816650414213845,2,-47.307983550802305,21.91379552482382,2,0.019475714634602126,0.003019645584027851,2,0.02147840152146703,0.0018920479807875484,2,-337.8962428925797,46.622338452116026,2,-143.5156173393481,32.86535748658963,2,0.009295552399007648,0.0012375956215395824,2,0.0196120043486294,0.0022894400595694195,2,-109.11580993379492,17.65600068458992,2,-122.50482730040535,36.365840978615424,2,0.0028258741816601326,0.0003826401578961255,2,0.006855436752619891,0.0007305228176268985,2,36.00872795895556,11.760225046130907,2,22.631078094040454,4.608026704515054,2,0.00014733310259965168,0.0002887728810953173,0.0006018071927576018,0.0011795420978048994,1.631345199776794e-05,3.197436591562516e-05,0.00015364326323617891,0.0003011407959429107,0.0005587712056314585,0.0010951915630376585,0.0009364999087223424,0.0018355398210957911,7.648526857614887,14.991112640925179,15.49539341713834,30.370971097591145,0.002135211869246106,0.004185015263722367,0.00133787995754519,0.002622244716788572,32.966971674265565,64.6152644815605,23.239317144887593,45.54906160397968,0.0008751122563574187,0.0017152200224605407,0.0016188785912416698,0.0031730020388336727,12.484677812707856,24.469968512907396,25.7145327595306,50.40048420867997,0.0002705674504026416,0.0005303122027891775,0.0005165576381554835,0.0010124529707847476,8.315734878399043,16.298840361662123,3.258366930651294,6.386399184076536
sigmoid,gpu_geometry,5,highdim_nonlinear,Random nonlinear,124.0,4.0,31,30,0.0027547134434263614,0.0002083604718829341,2,0.025693614069164157,0.0008510838939314799,2,0.0012247467858991002,2.3070705064365884e-05,2,0.0028645949035607634,0.0002498869882790544,2,0.006017748271021701,0.0003074175485268813,2,0.011399943785769851,0.0008017562136106547,2,-111.34547387956317,29.167907372522965,2,-76.41909943986828,41.20728419889632,2,0.02205925486383775,0.0032265619827814866,2,0.0221655337201922,0.00188418499648489,2,-677.938094337839,180.49770496242542,2,-243.43320207712634,85.12655695477895,2,0.00663329735522823,0.0007486481434715057,2,0.015400599361752934,0.0015129824956027,2,-133.590102055718,46.5112680595903,2,-138.87531479129487,62.28242257209848,2,0.002134256854998195,0.00046242531149250814,2,0.004718506176663995,0.001325941115126405,2,24.503996769000754,22.728519115502195,2,25.72025947493623,32.35138048715153,2,0.00014733310259965168,0.0002887728810953173,0.0006018071927576018,0.0011795420978048994,1.631345199776794e-05,3.197436591562516e-05,0.00017669678394240267,0.00034632569652710924,0.0002173770332191023,0.00042605898510944047,0.000566927255502544,0.0011111774207849861,20.62482509613208,40.42465718841888,29.137950091320853,57.11038217898887,0.0022815238579435015,0.004471786761569263,0.0013323199880244168,0.002611347176527857,127.63115116753976,250.15705628837793,60.19356568178705,117.97938873630261,0.000529374178971421,0.0010375733907839852,0.0010698401824572148,0.002096886757616141,32.88843304652157,64.46132877118228,44.040323349456926,86.31903376493557,0.00032698407354865404,0.0006408887841553619,0.0009375819539599336,0.0018376606297614698,16.07148999289967,31.500120386083356,22.875880523211,44.83672582549356
sigmoid,gpu_geometry,5,highdim_poly3,Sparse cubic,62.0,2.0,31,30,0.0009995329810543274,0.00031427982664656017,6,0.013716894859774767,0.0020248665029341875,6,0.0003742326423509693,0.00011748740612082158,6,0.000982615539503872,0.00034307769155857615,6,0.0022182908068240545,0.0006526120542028383,6,0.0032084834176419282,0.0010321093900271655,6,-131.42469989364625,38.41560053727494,6,-38.36659663899247,33.19672657687646,6,0.002265088241753217,0.0012726200740353988,6,0.0033717523231102556,0.0017619509355070334,6,-119.98350004312654,55.224550065310474,6,-33.98178696181714,28.00866481016831,6,0.0042470001939083485,0.000514407854490576,6,0.009452237778435875,0.0016562555796036204,6,-381.1167740627238,190.82439208428184,6,-325.09175696011965,134.04540206326695,6,0.0018165300678498555,0.0007875561560938892,6,0.0031888164824905793,0.0012943556527772256,6,-80.33104716291689,33.25889250823184,6,-32.065606647486284,24.672673304807038,6,0.00012830420195573744,0.0002514762358332454,0.0008266482882404228,0.0016202306449512286,4.796403269985901e-05,9.400950409172366e-05,0.00014006088107507722,0.00027451932690715134,0.0002664277554644187,0.0005221984007102606,0.0004213568940502908,0.00082585951233857,15.683103246485153,30.7388823631109,13.552506874006102,26.56291347305196,0.0005195449696349464,0.0010183081404844948,0.0007193134573019506,0.0014098543763118232,22.54532815579902,44.188843185366075,11.434489526926571,22.41159947277608,0.00021000612719696126,0.00041161200930604406,0.0006761635089444127,0.0013252804775310489,77.90373184721398,152.69131442053938,54.72380623686991,107.25866022426503,0.0003215184543696216,0.0006301761705644583,0.0005284184824985398,0.0010357002256971381,13.577886009207031,26.61265657804578,10.072576697860864,19.742250327807294
sigmoid,gpu_geometry,5,highdim_poly3,Sparse cubic,93.0,3.0,31,30,0.0009995329810543274,0.00031427982664656017,6,0.013716894859774767,0.0020248665029341875,6,0.0003742326423509693,0.00011748740612082158,6,0.0008013857531322708,0.00029242393662563045,6,0.001480771666572276,0.0005305912803784009,6,0.002238436320568454,0.0007515081810931551,6,-101.43127994683414,77.76322866375436,6,-14.284714034508745,29.702980447619048,6,0.002299978318262098,0.0014814286267728631,6,0.002920194827549527,0.001272126679283619,6,-165.97492937384914,80.66556115667835,6,-39.88070786471355,19.465389188383437,6,0.003115354929111837,0.0006208146558110408,6,0.007086542071511197,0.001774608158270144,6,-312.05835170879504,80.79962085246271,6,-261.8121074063434,54.624212837926926,6,0.001181613464488893,0.0004725626911953079,6,0.0022440777029997055,0.0008304424142834089,6,-53.15339828121677,54.50001656744197,6,-11.841056477055579,21.019870909138668,6,0.00012830420195573744,0.0002514762358332454,0.0008266482882404228,0.0016202306449512286,4.796403269985901e-05,9.400950409172366e-05,0.00011938157221812666,0.00023398788154752823,0.00021661298314951442,0.00042456144697304826,0.00030680193020088777,0.00060133178319374,31.74670516292819,62.22354211933925,12.126190989422026,23.767334339267173,0.0006047907043242495,0.001185389780475529,0.0005193435420710084,0.0010179133424591765,32.93157744152213,64.54589178538338,7.946711859371301,15.575555244367749,0.00025344652192976893,0.0004967551829823471,0.0007244807468570108,0.0014199822638397413,32.9863070831462,64.65316188296656,22.30024150901787,43.708473357675025,0.00019292291081748688,0.0003781289052022743,0.0003390266959598848,0.0006644923240813742,22.249538593910398,43.609095644064375,8.581326364426948,16.819399674276816
sigmoid,gpu_geometry,5,highdim_poly3,Sparse cubic,124.0,4.0,31,30,0.0009995329810543274,0.00031427982664656017,6,0.013716894859774767,0.0020248665029341875,6,0.0003742326423509693,0.00011748740612082158,6,0.00069369854748537,0.000236118016176516,6,0.0012736758992037682,0.00021749659738642979,6,0.0021688083843117174,0.0006175093236776383,6,-100.65181261702828,63.41877541860232,6,-21.965586267669412,18.3747981951317,6,0.002152180653457126,0.0014771947522027198,6,0.002781853260669154,0.001219381021470826,6,-183.1786796518297,107.66859359355632,6,-48.37555204109947,18.813480395867455,6,0.0026191514628349614,0.0007491600986282748,6,0.006311258417607723,0.0021047138796003824,6,-284.4820569365493,48.27221409399784,6,-247.03250760072385,38.30659692652173,6,0.001084661190468856,0.0004146429549760697,6,0.0020229370967531405,0.0008329604236592109,6,-59.71374165133125,51.92951691469417,6,-11.181805803879769,26.62736008883669,6,0.00012830420195573744,0.0002514762358332454,0.0008266482882404228,0.0016202306449512286,4.796403269985901e-05,9.400950409172366e-05,9.639477645178142e-05,0.00018893376184549157,8.879261406471707e-05,0.00017403352356684546,0.0002520971257368921,0.0004941103664443085,25.89060664795606,50.74558902999387,7.501479950780992,14.702900703530744,0.0006030622322689502,0.0011820019752471424,0.0004978102174395438,0.0009757080261815058,43.95551927121781,86.15281777158691,7.680571209288289,15.053919570205046,0.00030584332954873225,0.0005994529259155152,0.000859245843262421,0.0016841218527943451,19.707048880780214,38.62581580632922,15.638602708740766,30.6516613091319,0.00016927727752186498,0.00033178346394285537,0.000340054668982928,0.0006665071512065388,21.200136505038156,41.552267549874784,10.870574235833274,21.306325502233218
sigmoid,gpu_geometry,5,highdim_poly4,Sparse quartic,62.0,2.0,31,30,0.0019522219649110337,0.0002784414172640695,6,0.021318415037561104,0.0021292601574578354,6,0.0007455542932797084,0.00015062282497819572,6,0.0018931881103406757,0.00048280037612633887,6,0.006679574238124253,0.0018525260872185422,6,0.010045249309565843,0.0021099326244150038,6,-267.4831891607287,136.03807206327755,6,-120.05570269750179,46.22027541457712,6,0.007652602949580774,0.001784515549024323,6,0.010951626267819656,0.0030220791022744224,6,-306.19269560525805,24.6491334776838,6,-134.52786141455073,22.462704966255075,6,0.012268861536797682,0.009176330480218238,6,0.027552946947247404,0.02335127404073503,6,-488.65585018491737,290.13593870672713,6,-435.2602032518082,345.37836762888134,6,0.003687205943739735,0.0007372246067966304,6,0.008402800977452446,0.0019950948012917896,6,-100.71067503546523,49.62015794150325,6,-82.19773653544267,27.880930480869292,6,0.00011367323259239152,0.00022279953588108737,0.0008692668192349772,0.0017037629657005553,6.149151080218606e-05,0.00012052336117228466,0.00019710242818888794,0.00038632075925022037,0.0007562906081466791,0.001482329591967491,0.0008613763869113573,0.0016882977183462604,55.537310357832865,108.85312830135241,18.869348422770027,36.98392290862925,0.0007285254221953618,0.001427909827502909,0.001233758627150099,0.0024181669092141938,10.062966603679987,19.723414543212776,9.170360901667761,17.97390736726881,0.003746221231280535,0.007342593613309849,0.00953311770728326,0.01868491070627519,118.44750097914951,232.15710191913303,141.00012814769042,276.3602511694732,0.000300970685412618,0.0005899025434087313,0.0008144940419407136,0.0015964083222037987,20.257344652165582,39.70439551824454,11.3823422053567,22.30939072249913
sigmoid,gpu_geometry,5,highdim_poly4,Sparse quartic,93.0,3.0,31,30,0.0019522219649110337,0.0002784414172640695,6,0.021318415037561104,0.0021292601574578354,6,0.0007455542932797084,0.00015062282497819572,6,0.0015546763506516601,0.00040021141033490975,6,0.0056077063619505915,0.00208977389530546,6,0.0074870958908569395,0.0025826194726702723,6,-288.8967231902008,203.3437189152058,6,-95.930725460902,78.97709044878383,6,0.006288265939171675,0.0008635560909887914,6,0.009033606482946807,0.002185822678168353,6,-314.5491048180904,54.148485841052384,6,-129.66416131836104,13.123757509191062,6,0.008717897475928198,0.00550951692713138,6,0.019436644590758806,0.013546129469551025,6,-422.29631095400595,191.55408721392755,6,-359.6050612718033,226.28780392422237,6,0.0037241153240248175,0.0019678032109553423,6,0.005434910815728593,0.0015375773928204735,6,-151.88326902375277,169.91077685517186,6,-40.3612782828998,35.940286391643475,6,0.00011367323259239152,0.00022279953588108737,0.0008692668192349772,0.0017037629657005553,6.149151080218606e-05,0.00012052336117228466,0.00016338562409335853,0.0003202358232229827,0.000853146620214462,0.0016721673756203454,0.0010543499846363221,0.0020665259698871914,83.01472562369706,162.70886222244624,32.242262161525886,63.19483383659074,0.00035254529786583026,0.0006909887838170273,0.0008923583716193729,0.0017490224083739707,22.10602677581633,43.3278124806,5.357751567589537,10.501193072475491,0.002249250866783102,0.00440853169889488,0.005530184198346362,0.01083916102875887,78.20162863645164,153.27519212744522,92.38160910488563,181.06795384557583,0.0008033522968418189,0.001574570501809965,0.0006277133420748419,0.00123031815046669,69.36578418251082,135.95693699772121,14.672560478170091,28.758218537213377
sigmoid,gpu_geometry,5,highdim_poly4,Sparse quartic,124.0,4.0,31,30,0.0019522219649110337,0.0002784414172640695,6,0.021318415037561104,0.0021292601574578354,6,0.0007455542932797084,0.00015062282497819572,6,0.0014182861939116788,0.0003314914650977895,6,0.004694443049071541,0.00167094543508979,6,0.005993884120515452,0.002010212621786446,6,-255.76152545938885,185.53862704266658,6,-68.16994453516273,63.20389762400588,6,0.005025355670414199,0.0012122063212820064,6,0.007463690127322273,0.00225454636728414,6,-254.577105027082,32.28669850891524,6,-102.78102295720731,24.090498256299433,6,0.007310562355835891,0.004183993179795038,6,0.017276147772687458,0.010387075894627475,6,-389.9371926678243,174.36057807598334,6,-352.4186182044834,197.5731816907033,6,0.0020860736868739353,0.0005750598884007845,6,0.004101790875862941,0.000767734331862741,6,-50.373605262752754,43.90434224449688,6,-13.24813371108349,4.000302981376656,6,0.00011367323259239152,0.00022279953588108737,0.0008692668192349772,0.0017037629657005553,6.149151080218606e-05,0.00012052336117228466,0.0001353308239295339,0.00026524841490188644,0.0006821606173338026,0.001337034809974253,0.0008206658663131967,0.0016085050979738654,75.7458273051809,148.46182151815455,25.80288315565342,50.5736509850807,0.0004948811583528675,0.0009699670703716202,0.0009204147002152628,0.001804012812421915,13.180989470986802,25.83473936313413,9.834904729556918,19.27641326993156,0.0017081080629637866,0.0033478918034090216,0.004240505976900068,0.008311391714724134,71.18240792381111,139.51751953066977,80.65891366673583,158.0914707868022,0.00023476721635396015,0.0004601437440537619,0.00031342622851338015,0.0006143154078862251,17.923872665256216,35.130790423902184,1.6331168534845144,3.200909032829648
sigmoid,gpu_geometry,10,highdim_nonlinear,Random nonlinear,172.0,2.0,86,85,0.0010086147372712685,1.3116066646814213e-05,2,0.014099538066449792,0.0019779848610030583,2,0.0005693945993626613,4.8230227671049166e-05,2,0.0014506373634243649,3.272751661211497e-05,2,0.0021300671945542484,7.664649758734924e-05,2,0.002350007421213772,3.333427607221546e-05,2,-46.81440406659887,1.9713947695354905,2,-18.607576088438186,5.41762479889184,2,0.0023465313464780665,6.72890023518515e-06,2,0.002825711647010824,9.38769994180934e-05,2,-61.79458857354042,3.1863546178495477,2,-42.65967158487787,9.228784459163792,2,0.0017076592275223864,0.00013564455037227998,2,0.002036429490678468,0.00016876319192183248,2,-17.64231763384614,6.696583431194029,2,-2.6238452692877505,5.278653035186489,2,0.0008658657121084186,6.435291459398851e-05,2,0.0010627398812703074,0.0002196719054860364,2,40.34622041495342,3.090346016230631,2,46.54887356271111,9.395281357245088,2,9.274459668457032e-06,1.817794095017578e-05,0.001398646508299593,0.0027413471562672026,3.410392104436993e-05,6.684368524696507e-05,2.314184892782188e-05,4.535802389853088e-05,5.4197258198212996e-05,0.00010622662606849747,2.357089265660802e-05,4.619894960695172e-05,1.3939866099342364,2.7322137554711032,3.8308392332208254,7.508444897112818,4.7580509862271735e-06,9.32577993300526e-06,6.638106288597941e-05,0.00013010688325651963,2.2530929575464853,4.416062196791112,6.525736073183742,12.790442703440133,9.59151813992394e-05,0.0001879937555425092,0.00011933359742261452,0.00023389385094832444,4.7351995549787755,9.2809911277584,3.732571356711317,7.315839859154181,4.5504382298528016e-05,8.91885893051149e-05,0.00015533149400534667,0.0003044497282504795,2.1852046242895113,4.2830010636074425,6.643467158863551,13.02119563137256
sigmoid,gpu_geometry,10,highdim_nonlinear,Random nonlinear,258.0,3.0,86,85,0.0010086147372712685,1.3116066646814213e-05,2,0.014099538066449792,0.0019779848610030583,2,0.0005693945993626613,4.8230227671049166e-05,2,0.0010801989615918045,4.032019273758104e-05,2,0.0019201997224345703,6.295432462505845e-05,2,0.001956954315082353,8.96688135155233e-05,2,-77.77859943820485,0.8078464824423313,2,-52.59711311098822,4.8781073467524525,2,0.0017209298136577314,8.438657701029013e-06,2,0.0020757339146128756,7.96125870638567e-05,2,-59.41247622651938,5.169118092742105,2,-62.38963486344395,18.822917537496007,2,0.0014132436821360657,0.00019277747118720404,2,0.0017968996011967072,0.000542935523210691,2,-30.58969354149112,12.972004236087155,2,-38.7181638249377,31.501108974816727,2,0.0008711860491086256,0.00015040763065638055,2,0.0011531944794488165,0.00013314041272586457,2,19.553309820695855,10.921263056135066,2,10.321331632401455,3.3981663836052647,2,9.274459668457032e-06,1.817794095017578e-05,0.001398646508299593,0.0027413471562672026,3.410392104436993e-05,6.684368524696507e-05,2.8510681703492138e-05,5.588093613884459e-05,4.451542984739808e-05,8.725024250090024e-05,6.340542609777847e-05,0.0001242746351516458,0.5712337258926716,1.1196181027496364,3.449342784244576,6.760711857119369,5.967032084509696e-06,1.1695382885639004e-05,5.629460018065748e-05,0.00011033741635408865,3.655118456132015,7.164032174018749,13.309812632478616,26.087232759658086,0.00013631425713646624,0.00026717594398747383,0.00038391339020934573,0.0007524702448103176,9.172592160917848,17.97828063539898,22.27464777098932,43.65830963113906,0.00010635425557932834,0.00020845434093548355,9.414448868843454e-05,0.0001845231978293317,7.722499166115223,15.136098365585836,2.402866493447449,4.709618327157
sigmoid,gpu_geometry,10,highdim_nonlinear,Random nonlinear,344.0,4.0,86,85,0.0010086147372712685,1.3116066646814213e-05,2,0.014099538066449792,0.0019779848610030583,2,0.0005693945993626613,4.8230227671049166e-05,2,0.0009785252483094581,0.00013567825785763954,2,0.0015654648838238881,7.059869218600054e-05,2,0.0017420734070066443,0.00014431614909156255,2,-61.02981100033395,15.11292123184275,2,-40.41860984241074,3.961290193232354,2,0.0012790031663909914,2.3669092856646007e-05,2,0.001629030796627567,4.938868158803378e-06,2,-31.806547556538185,15.856896373234475,2,-31.93514422331151,15.032055801456094,2,0.00133253932097486,0.0001016469788070075,2,0.0017419534856909697,0.00027644823244452467,2,-36.77292541569852,8.576594601205416,2,-42.29857380359848,38.032175727650305,2,0.0007436672856700839,2.5756004402687896e-05,2,0.0008642791621850863,4.6894915535371957e-05,2,23.079319443429437,13.2976276226786,2,29.803222912455986,11.56042442554169,2,9.274459668457032e-06,1.817794095017578e-05,0.001398646508299593,0.0027413471562672026,3.410392104436993e-05,6.684368524696507e-05,9.593901619071388e-05,0.0001880404717337992,4.9920813987622704e-05,9.78447954157405e-05,0.00010204692765737268,0.00020001197820845043,10.686449086574159,20.94544020968535,2.8010551578823666,5.490068109449439,1.6736576063468463e-05,3.280368908439819e-05,3.4923071664761866e-06,6.844922046293326e-06,11.212518954086468,21.976537150009477,10.629268592384186,20.833366441073004,7.187526800156029e-05,0.00014087552528305815,0.00019547841980855832,0.0003831377028247743,6.064568202000283,11.886553675920554,26.892809360299946,52.70990634618789,1.8212245369411185e-05,3.569600092404592e-05,3.315971277823188e-05,6.499303704533448e-05,9.402842665689587,18.42957162475159,8.174454504695127,16.02193082920245
sigmoid,gpu_geometry,10,highdim_poly3,Sparse cubic,172.0,2.0,86,85,0.0007649277074854424,0.00032422832674875666,6,0.011330167772541826,0.004021318515969846,6,0.000572508585768617,0.00020205414201129288,6,0.0013948229523760068,0.00047481292828084273,6,0.0017356232034314797,0.0004512072877211985,6,0.0017424829566348207,0.0004057742534987429,6,-28.359888655482923,17.659173499475738,6,-3.8173847858331467,19.017629938384022,6,0.001826139056433605,0.0005088665098699092,6,0.001843222565309041,0.00044769127746902335,6,-33.908650505239486,12.886442702985233,6,-10.051557970674223,25.269793207489055,6,0.0024761375595265876,0.0007060637652548797,6,0.002884091621041803,0.0006858699564761405,6,-85.40219050672873,40.27627036949392,6,-75.39379675632603,51.10108546702885,6,0.0017959851117829854,0.000853417580138885,6,0.0027647899969292923,0.0018968689164460214,6,-26.397351053475628,25.30760492410382,6,-45.55953425797992,54.22856006870999,6,0.0001323656601151387,0.0002594366938256718,0.0016416964095553683,0.003217724962728522,8.248825805725293e-05,0.00016167698579221576,0.00019384156626079486,0.0003799294698711579,0.00018420460385701567,0.0003610410235597507,0.000165656645305112,0.00032468702479801953,7.209327392165724,14.13028168864482,7.763914911019659,15.21727322559853,0.0002077438827287029,0.0004071780101482577,0.00018276919868231176,0.00035822762941733105,5.260868203654244,10.311301679162318,10.316349877332746,20.22004575957218,0.00028824932512378296,0.0005649686772426145,0.0002800052372119085,0.0005488102649353406,16.442718524606235,32.22772830822822,20.861930782762286,40.88938433421408,0.0003484062681435067,0.0006828762855612731,0.0007743934923731286,0.0015178112450513319,10.331786446000228,20.250301434160445,22.13871694236776,43.39188520704081
sigmoid,gpu_geometry,10,highdim_poly3,Sparse cubic,258.0,3.0,86,85,0.0007649277074854424,0.00032422832674875666,6,0.011330167772541826,0.004021318515969846,6,0.000572508585768617,0.00020205414201129288,6,0.0010686674128369772,0.000374427004976763,6,0.0012330707456488991,0.0002923856156267286,6,0.0012775928315201482,0.0003322632380512409,6,-20.210010357514534,18.2736628469289,6,-0.300605108438637,14.274987684989455,6,0.0013719743394551148,0.0003702957335775687,6,0.001485124914633259,0.0003538687901007657,6,-32.054100522569364,15.909079119201007,6,-17.32300047579309,17.65543674252689,6,0.0018629405423936356,0.00037172596535757984,6,0.0023036730595161915,0.0005079091002072728,6,-86.74019543146068,46.195035380837815,6,-86.67866922254439,47.11041304777749,6,0.0010219334285295895,0.00033110242712229186,6,0.0012246304351344716,0.0004725008262937081,6,3.132550539353364,9.740498584156523,6,7.911721675515025,14.080417453453192,6,0.0001323656601151387,0.0002594366938256718,0.0016416964095553683,0.003217724962728522,8.248825805725293e-05,0.00016167698579221576,0.00015285918468526785,0.00029960400198312495,0.00011936592773583612,0.0002339572183622388,0.00013564589891840666,0.00026586596188007706,7.4601916177717325,14.621975570832594,5.827739318789643,11.4223690648277,0.0001511726001991045,0.00029629829639024483,0.00014446632860715318,0.00028315400407002023,6.494854353268151,12.729914532405575,7.207801867529478,14.127291660357777,0.00015175648987826115,0.00029744272016139187,0.00020735302187065803,0.00040641192286648974,18.859044222144707,36.96372667540363,19.232745589801628,37.69618135601119,0.00013517199984111144,0.0002649371196885784,0.00019289765457716903,0.0003780794029712513,3.976541895247579,7.794022114685254,5.748306354389806,11.26668045460402
sigmoid,gpu_geometry,10,highdim_poly3,Sparse cubic,344.0,4.0,86,85,0.0007649277074854424,0.00032422832674875666,6,0.011330167772541826,0.004021318515969846,6,0.000572508585768617,0.00020205414201129288,6,0.0009060414693804359,0.0003092687982174827,6,0.0009959593834522483,0.00022989145079914644,6,0.0010936413670138364,0.0002395050364735555,6,-14.174692911620546,16.862097743697696,6,1.5590585562420285,15.092386359708057,6,0.0011386556478161392,0.00031633620197598765,6,0.0013041285832845109,0.0003336615837359471,6,-27.97818982295134,12.515178591129121,6,-16.101609875968922,12.527087405410816,6,0.001632241997232906,0.0003309555487878543,6,0.0022069321644041964,0.00043091339356069586,6,-91.11505512213432,44.56878675107853,6,-100.67104500479002,36.718765966580094,6,0.0009332866069924653,0.0003057856992057874,6,0.0011834720711259461,0.0003787661771464314,6,-4.264482565038235,10.494764575018632,6,-4.709299560550088,14.06967927416889,6,0.0001323656601151387,0.0002594366938256718,0.0016416964095553683,0.003217724962728522,8.248825805725293e-05,0.00016167698579221576,0.00012625845816610073,0.00024746657800555743,9.385279178100882e-05,0.00018395147189077728,9.77775216978142e-05,0.00019164394252771584,6.883922577499146,13.492488251898326,6.161440930370939,12.07642422352704,0.00012914371366852827,0.0002531216787903154,0.00013621677115366549,0.00026698487146118436,5.109300264678402,10.014228518769668,5.114162017750355,10.023757554790697,0.00013511203701217114,0.0002648195925438554,0.0001759196562591359,0.0003448025262679063,18.19513099917628,35.6624567583855,14.990373433798998,29.381131930246035,0.00012483648894905976,0.0002446795183401571,0.00015463064430556333,0.0003030760628389041,4.284469696572066,8.39756060528125,5.743922511054294,11.258088121666416
sigmoid,gpu_geometry,10,highdim_poly4,Sparse quartic,172.0,2.0,86,85,0.0012166816740663963,0.00046931852598508446,6,0.016089678309149518,0.004238833236365174,6,0.0009477327229346511,0.0003679705031005536,6,0.0023842333014009952,0.0011154273500679848,6,0.0033072595647914843,0.001728797547872213,6,0.0028494173210201986,0.0012269095978916322,6,-34.5156537051733,31.14587627141899,6,5.068962286523429,18.303528027492465,6,0.0030394925029103453,0.0013255630042312333,6,0.0034318825293915656,0.0016394083102728911,6,-28.70871354453268,8.348575244252324,6,-14.716965250745917,20.8110505144563,6,0.00524775948421573,0.0029237789767526316,6,0.006200153451735156,0.004038129387936227,6,-116.0122191266932,32.207073688321174,6,-91.10220400561447,43.36837076970319,6,0.0026603881270309553,0.0009922131524304205,6,0.003627962466462303,0.0013751339699270703,6,-15.951777232991946,12.064133988250124,6,-24.454617463794886,19.24333945242631,6,0.0001915984859164308,0.00037553303239620437,0.0017304964223074863,0.003391772987722673,0.00015022332883192862,0.0002944377245105801,0.0004553713088018917,0.0008925277652517078,0.0007057786434769495,0.001383326141214821,0.0005008837458929645,0.0009817321419502104,12.7152507428058,24.921891455899367,7.472384026681202,14.645872692295155,0.0005411588303795435,0.0010606713075439053,0.0006692856400411581,0.00131179985448067,3.408291571274939,6.680251479698881,8.496075795283883,16.65230855875641,0.0011936277689534446,0.002339510427148751,0.0016485594192968505,0.003231176461821827,13.148482774100783,25.771026237237535,17.705063226934296,34.70192392479122,0.00040506932325547955,0.0007939358735807399,0.0005613960923815117,0.0011003363410677627,4.925162076630099,9.653317670194994,7.856060434268851,15.397878451166948
sigmoid,gpu_geometry,10,highdim_poly4,Sparse quartic,258.0,3.0,86,85,0.0012166816740663963,0.00046931852598508446,6,0.016089678309149518,0.004238833236365174,6,0.0009477327229346511,0.0003679705031005536,6,0.0017978373318540712,0.0008266998062752273,6,0.0025371046687961917,0.0015970135982203845,6,0.0024828158990637555,0.0009438965060656806,6,-31.917059365731728,24.72890937288701,6,-7.751966890089897,8.561645749762821,6,0.002219415279112805,0.0011220779400729038,6,0.0026428997203784567,0.0014366947837501744,6,-22.289270579733145,10.597368026983359,6,-9.351348198407594,17.57688996651051,6,0.0036926980390924054,0.0018686873878312209,6,0.004348459510265686,0.0026265424516178095,6,-102.82911323281878,13.750635233249486,6,-75.7169428550472,38.0405985549957,6,0.002266889893635502,0.0014668719925381942,6,0.002203962800505104,0.0009140105477370121,6,-18.37778582418097,23.772486848560217,6,5.498668554506238,11.944067219562058,6,0.0001915984859164308,0.00037553303239620437,0.0017304964223074863,0.003391772987722673,0.00015022332883192862,0.0002944377245105801,0.0003374987826386683,0.0006614976139717899,0.0006519780713210146,0.0012778770197891887,0.00038534413497612747,0.0007552745045532099,10.095534976516921,19.787248553973164,3.4952772408978707,6.850743392159827,0.00045808640080197594,0.0008978493455718728,0.0005865281893843581,0.001149595251193342,4.326357380432357,8.47966046564742,7.175735280499343,14.064441149778713,0.0007628884314934778,0.0014952613257272164,0.0010722814657037345,0.0021016716727793195,5.613673326766266,11.002799720461882,15.530009328299093,30.438818283466222,0.0005988479832830382,0.001173742047234755,0.0003731432435795743,0.0007313607574159656,9.705077115999377,19.021951147358777,4.876145023571676,9.557244246200485
sigmoid,gpu_geometry,10,highdim_poly4,Sparse quartic,344.0,4.0,86,85,0.0012166816740663963,0.00046931852598508446,6,0.016089678309149518,0.004238833236365174,6,0.0009477327229346511,0.0003679705031005536,6,0.001551856320183644,0.0007100708992476766,6,0.0018633286225469647,0.0008146752841598325,6,0.0019451944968447387,0.0007964065201569721,6,-20.98177256860859,2.548151069743731,6,3.716303296988245,7.731501372783634,6,0.0020771272910988527,0.0010644138738897932,6,0.0025339361951387343,0.001152896166743603,6,-31.620641793471975,8.365494028045893,6,-24.237134946704487,12.700856912294942,6,0.0029117179224936243,0.0014561417766024356,6,0.0034563001525080538,0.001968057812259208,6,-86.04186495782874,16.629722740059627,6,-62.69590283190996,29.865596263016435,6,0.0017041320491844767,0.0008540276836795744,6,0.00201157947416402,0.0011419928183558814,6,-8.413624132425122,8.188837743328026,6,5.673618699594709,19.564974852757356,6,0.0001915984859164308,0.00037553303239620437,0.0017304964223074863,0.003391772987722673,0.00015022332883192862,0.0002944377245105801,0.0002898852307260019,0.0005681750522229638,0.00033258979204141346,0.0006518759924011704,0.00032513160036835793,0.0006372579367219816,1.040278318066542,2.0389455034104222,3.156372218157929,6.186489547589541,0.000434545144361526,0.0008517084829485909,0.0004706678891554167,0.0009225090627446168,3.415198635835391,6.693789326237367,5.185103121870548,10.162802118866274,0.0005944673909709567,0.001165156086303075,0.0008034562373888719,0.0015747742252821889,6.789055879517371,13.306549523854047,12.192578618060397,23.897454091398377,0.00034865534187099903,0.000683364470067158,0.0004662166158157975,0.000913784566998963,3.343079009599625,6.552434858815265,7.987367536606661,15.655240371749056
sigmoid,gpu_geometry,20,highdim_nonlinear,Random nonlinear,542.0,2.0,271,270,0.002450817880733346,0.0018660141712520222,4,0.03692045967757482,0.02474353142266968,4,0.003668540190561217,0.0028952875925539047,4,0.008394172269173834,0.006642383232881704,4,0.0055430921607046305,0.003476424393934537,4,0.003705485019822583,0.0023969308732740544,4,21.82559826100185,21.116621473789785,4,21.615443159288866,18.301752779330457,4,0.0058069178353741405,0.003694940588060634,4,0.004135584377144808,0.002655153021941858,4,18.826726254254083,20.836601559387727,4,11.846985185844012,23.96444296771942,4,0.00866970226491694,0.005766174811832235,4,0.005787476257925193,0.003800733598013446,4,-17.84946847751402,25.27152674059392,4,-21.27456881630192,26.692719808352805,4,0.007188098526811599,0.00603205504737484,4,0.005475192822551421,0.004556479307934044,4,18.042667847025157,13.870983620945193,4,4.044769673540802,9.51634624893598,4,0.0009330070856260111,0.0018286938878269816,0.01237176571133484,0.024248660794216285,0.0014476437962769523,0.0028373818407028267,0.003321191616440852,0.0065095355682240705,0.0017382121969672685,0.0034068959060558463,0.0011984654366370272,0.0023489922558085734,10.558310736894892,20.69428904431399,9.150876389665228,17.935717723743846,0.001847470294030317,0.003621041776299421,0.001327576510970929,0.002602049961503021,10.418300779693864,20.41986952819997,11.98222148385971,23.485154108365034,0.0028830874059161174,0.00565085131559559,0.001900366799006723,0.0037247189260531774,12.63576337029696,24.76609620578204,13.346359904176403,26.158865412185747,0.00301602752368742,0.005911413946427343,0.002278239653967022,0.004465349721775363,6.935491810472596,13.593563948526288,4.75817312446799,9.32601932395726
sigmoid,gpu_geometry,20,highdim_nonlinear,Random nonlinear,813.0,3.0,271,270,0.002450817880733346,0.0018660141712520222,4,0.03692045967757482,0.02474353142266968,4,0.003668540190561217,0.0028952875925539047,4,0.006291748653790146,0.004889880538760026,4,0.004846060875999975,0.0031844284364967155,4,0.003403547916149463,0.00216458056418551,4,13.20490020470599,16.904432600074344,4,3.2797117601216,23.75906022081759,4,0.005011179458671118,0.0033753592869723735,4,0.0035458135249227534,0.0024640436593434648,4,11.65304409588522,15.077986352315438,4,4.785668370447349,15.005453330756035,4,0.006378407888078936,0.004434433462809876,4,0.004614692551124404,0.0030878108850363566,4,-10.153224059287908,15.296189576826304,4,-27.0422697224094,25.322329394199045,4,0.004973951804563089,0.003697261423333432,4,0.0033203738900284404,0.002986718728391313,4,18.148791770207055,7.2574567155212995,4,28.954528481468724,19.042758373676723,4,0.0009330070856260111,0.0018286938878269816,0.01237176571133484,0.024248660794216285,0.0014476437962769523,0.0028373818407028267,0.002444940269380013,0.004792082927984826,0.0015922142182483578,0.003120739867766781,0.001082290282092755,0.0021212889529018,8.452216300037172,16.566343948072856,11.879530110408796,23.28387901640124,0.0016876796434861867,0.003307852101232926,0.0012320218296717324,0.0024147627861565955,7.538993176157719,14.77642662526913,7.502726665378018,14.705344264140914,0.002217216731404938,0.004345744793553679,0.0015439054425181783,0.0030260546673356293,7.648094788413152,14.990265785289777,12.661164697099522,24.815882806315063,0.001848630711666716,0.0036233161948667635,0.0014933593641956566,0.0029269843538234867,3.6287283577606497,7.112307581210874,9.521379186838361,18.66190320620319
sigmoid,gpu_geometry,20,highdim_nonlinear,Random nonlinear,1084.0,4.0,271,270,0.002450817880733346,0.0018660141712520222,4,0.03692045967757482,0.02474353142266968,4,0.003668540190561217,0.0028952875925539047,4,0.005222708776921598,0.004138397384976359,4,0.004564078475756649,0.0031056422520613436,4,0.0031047513180804255,0.002166799892256168,4,2.5203916276413,17.118896682584406,4,1.2874834550213716,18.89253670035437,4,0.0046368641710311095,0.0031773889181133243,4,0.0033545073159588915,0.002309641489640999,4,1.423894402112607,16.67087362344728,4,-7.351481212299387,21.986985784370642,4,0.004923778680798505,0.0034988701370305937,4,0.003433381734464943,0.002496376870992538,4,-2.1173374768653606,13.94922055921705,4,-5.5385777502061675,14.7509025603826,4,0.004805815762895217,0.003743140805377267,4,0.003115792581649265,0.0022693715982060976,4,5.901102231379394,7.810712001271465,4,4.153874471820162,18.060008645134296,4,0.0009330070856260111,0.0018286938878269816,0.01237176571133484,0.024248660794216285,0.0014476437962769523,0.0028373818407028267,0.0020691986924881796,0.004055629437276832,0.0015528211260306718,0.0030435294070201165,0.001083399946128084,0.0021234638944110447,8.559448341292203,16.776518748932716,9.446268350177185,18.514685966347283,0.0015886944590566621,0.0031138411397510575,0.0011548207448204995,0.002263448659848179,8.33543681172364,16.337456150978337,10.993492892185321,21.54724606868323,0.0017494350685152969,0.003428892734289982,0.001248188435496269,0.002446449333572687,6.974610279608525,13.670236148032709,7.3754512801913,14.455884509174949,0.0018715704026886334,0.0036682779892697214,0.0011346857991030488,0.0022239841662419755,3.9053560006357326,7.654497761246036,9.030004322567148,17.698808472231608
sigmoid,gpu_geometry,20,highdim_poly3,Sparse cubic,542.0,2.0,271,270,0.0005598036745796891,0.00019334144537126198,6,0.009274558843935571,0.0023497197709338733,6,0.0008269138555615292,0.00028196482033729,6,0.001669121143751278,0.0006190918862772529,6,0.0017783254432477147,0.0006704819246725035,6,0.001047079708919569,0.000362482770890266,6,-6.330882973313705,2.2930741640589876,6,4.415021245544147,4.562295540276065,6,0.0018018622698302879,0.0007279530409503748,6,0.001137022361229779,0.00044266702308767055,6,-6.652839178606199,9.954209166739314,6,-2.10563412693768,9.560953423434363,6,0.0023455576948555644,0.000773461964147889,6,0.0014484205791299668,0.0004151826822183082,6,-44.16336436785958,15.691468874122782,6,-36.76501840718232,21.497877712974386,6,0.001564073584681149,0.0005656273141994941,6,0.0010961416745066477,0.00039372539765434233,6,5.773959240775998,4.6683828001801535,6,-0.03744475415330214,12.790553895634307,6,7.893131454863007e-05,0.00015470537651531493,0.0009592690795528937,0.0018801673959236715,0.00011511165587364893,0.0002256188455123519,0.0002527432042127368,0.0004953766802569642,0.00027372309953447015,0.0005364972750875615,0.00014798297153855526,0.0002900466242155683,0.9361436073839335,1.8348414704725098,1.86254935490861,3.6505967356208755,0.000297185584505961,0.0005824837456316835,0.0001807180554202689,0.00035420738862372705,4.06378887524104,7.965026195472439,3.9032428903216974,7.650356065030527,0.00031576452460219747,0.000618898468220307,0.00016949762024582563,0.00033221533568181824,6.406015342727543,12.555790071745985,8.776471824922975,17.20188477684903,0.00023091638406160978,0.00045259611276075515,0.00016073772050458993,0.00031504593218899626,1.9058592974044497,3.735484222912721,5.22172176197861,10.234574653478075
sigmoid,gpu_geometry,20,highdim_poly3,Sparse cubic,813.0,3.0,271,270,0.0005598036745796891,0.00019334144537126198,6,0.009274558843935571,0.0023497197709338733,6,0.0008269138555615292,0.00028196482033729,6,0.0012591976633522259,0.0004490495574159792,6,0.001344118922130558,0.0004957922615961982,6,0.0008301869286504716,0.0003056800494209565,6,-6.532371876168541,4.8685366289453595,6,0.733448185978902,6.535120860636838,6,0.001341941867863384,0.0005026086688564281,6,0.0008460097146621915,0.0003278528063913611,6,-5.707298022745896,5.671705745595837,6,0.03708486763420046,8.840062681038999,6,0.0015654043012729758,0.0005045114119300171,6,0.0011249880534484112,0.0003767298562420846,6,-26.441082910985966,8.766368679102177,6,-36.51802731346144,10.101552487415,6,0.0012595046431468457,0.0004812570693142328,6,0.0008036630813112325,0.0002815494758250524,6,0.7702318338231734,7.272188628212139,6,3.553110585706877,3.959295136100468,6,7.893131454863007e-05,0.00015470537651531493,0.0009592690795528937,0.0018801673959236715,0.00011511165587364893,0.0002256188455123519,0.00018332371414862781,0.0003593144797313105,0.00020240634322186028,0.00039671643271484613,0.00012479335760501466,0.0002445949809058287,1.9875717558276418,3.895640641422178,2.6679519193297185,5.2291857618862485,0.00020518912983295463,0.00040217069447259107,0.00013384534773305302,0.0002623368815567839,2.3154641746535702,4.538309782320997,3.608940477127565,7.0735233351700275,0.0002059659214399393,0.00040369320602228105,0.00015379931977752793,0.00030144666676395473,3.5788550268194173,7.014555852566057,4.123941534018157,8.082925406675587,0.0001964723758211844,0.0003850858566095214,0.00011494209218657439,0.00022528650068568578,2.968858575398351,5.8189628077807685,1.616375470754904,3.168095922679612
sigmoid,gpu_geometry,20,highdim_poly3,Sparse cubic,1084.0,4.0,271,270,0.0005598036745796891,0.00019334144537126198,6,0.009274558843935571,0.0023497197709338733,6,0.0008269138555615292,0.00028196482033729,6,0.0011153005607449674,0.00039093245474429916,6,0.0011633030224251853,0.00042035866600080823,6,0.0007912825290228234,0.00033872310647522553,6,-4.01570239901098,3.4311282415715554,6,-3.1789597318123017,14.189557758191896,6,0.0011600016724477333,0.0004297054757429379,6,0.0007588371576233618,0.00028265417522295834,6,-3.370848546535546,4.563171893126816,6,-0.8661121797081792,5.577331022816477,6,0.0012377586352677113,0.00042302399917835287,6,0.0008198965769948031,0.00031818138593486193,6,-11.409843492597203,3.2014373086038215,6,-8.95261118116382,12.654744332079567,6,0.0010745298470111748,0.000384288646475537,6,0.0006938009073787422,0.00022768526142325797,6,3.946923597854967,3.3778257915101544,6,6.053383496274916,7.495738975693593,6,7.893131454863007e-05,0.00015470537651531493,0.0009592690795528937,0.0018801673959236715,0.00011511165587364893,0.0002256188455123519,0.00015959750633620163,0.0003128111124189552,0.00017161070677649995,0.0003363569852819399,0.00013828312915911987,0.00027103493315187497,1.400752238983868,2.745474388408381,5.7928626972200865,11.35401088655137,0.00017542652587501537,0.0003438359907150301,0.00011539308382724594,0.00022617044430140202,1.862907124461772,3.651297963945073,2.2769358554158954,4.4627942766151545,0.00017269882448974917,0.00033848969599990835,0.00012989700686533002,0.0002545981334560468,1.3069813082647408,2.561683364198892,5.166277739828743,10.125904370064337,0.0001568851829683098,0.0003074949586178872,9.295211873986282e-05,0.00018218615273013112,1.3789916048687656,2.7028235455427807,3.0601226225902574,5.9978403402769045
sigmoid,gpu_geometry,20,highdim_poly4,Sparse quartic,542.0,2.0,271,270,0.0007838772141733119,0.00020921034301587765,6,0.013069913978625822,0.0033729114977119447,6,0.001167048696744615,0.00035312024746192753,6,0.0024104622668735492,0.0008367224204742729,6,0.0024933815417498124,0.0008604041475558262,6,0.001574723269827344,0.0004883668097256323,6,-3.546564404247468,5.969652862834422,6,1.059609986998386,13.484503630831343,6,0.0026988973178377258,0.0008578883641698393,6,0.0017443635648770356,0.0005335641419879011,6,-13.07993557343017,12.553867301211993,6,-9.294037064912448,6.517896838165078,6,0.00353724745042105,0.001140816632389729,6,0.002308700956890755,0.0007032192247014334,6,-48.092362084039,15.069329074647971,6,-45.40251910199157,18.209888519477964,6,0.0026859715134861573,0.0010920206345062468,6,0.0017050640431536493,0.0007259752475353871,6,-9.818923549949849,8.212403773609866,6,-3.707899528574899,10.447613149208374,6,8.540976488359045e-05,0.00016740313917183727,0.0013769853528268093,0.002698891291540546,0.00014416073735450818,0.00028255504521483603,0.00034159049775140754,0.0006695173755927587,0.0003512585223476834,0.0006884667038014595,0.00019937491518978007,0.00039077483377196893,2.4371005759148585,4.7767171287931225,5.50502555504065,10.789850087879673,0.0003502314580811769,0.0006864536578391067,0.0002178266488193785,0.00042694023168598187,5.125094864429986,10.045185934282772,2.6609202416007114,5.215403673537394,0.00046573643990584815,0.0009128434222154623,0.00028708804630568337,0.0005626925707591394,6.152027833162421,12.057974552998346,7.434155857614405,14.570945480924234,0.00044581555718843825,0.000873798492089339,0.0002963781537254016,0.000580901181301787,3.3526998011752056,6.571291610303403,4.265220207592096,8.359831606880508
sigmoid,gpu_geometry,20,highdim_poly4,Sparse quartic,813.0,3.0,271,270,0.0007838772141733119,0.00020921034301587765,6,0.013069913978625822,0.0033729114977119447,6,0.001167048696744615,0.00035312024746192753,6,0.001817948449940654,0.0006027080307744951,6,0.0019028984808988146,0.0006923256428574478,6,0.0011617524047538503,0.0004096906795109642,6,-3.834927687889218,4.088136170153276,6,5.180103879335298,4.57811859506415,6,0.002103655191954021,0.0008569004199620194,6,0.0014154387432213367,0.0005676632378442272,6,-13.535714736091782,9.94756932059508,6,-14.326625107882764,10.626398284102203,6,0.002394661035015535,0.000691223324894667,6,0.0015567519402623863,0.00044847273215988984,6,-33.251401093891054,11.302325742339189,6,-29.32729298360634,15.274742279102002,6,0.0019143495329140747,0.0007029141331474987,6,0.001275014304251605,0.0004385904581345456,6,-4.658579990546459,7.9929742578860425,6,-4.408606216731895,7.908876884346816,6,8.540976488359045e-05,0.00016740313917183727,0.0013769853528268093,0.002698891291540546,0.00014416073735450818,0.00028255504521483603,0.000246054523212529,0.0004822668654965569,0.00028264076014084807,0.0005539758898760622,0.00016725551952932955,0.0003278208182774859,1.6689746026485592,3.271190221191176,1.8690090899757617,3.663257816352493,0.00034982813154726077,0.0006856631378326311,0.00023174754640908706,0.00045422519096181065,4.0610781694037135,7.959713212031279,4.338208933272852,8.50288950921479,0.0002821907407169952,0.0005530938518053106,0.00018308822622393296,0.0003588529233989086,4.614155162575686,9.043744118648343,6.235887422719483,12.222339348530188,0.0002869634932003546,0.0005624484466726949,0.00017905380474719074,0.00035094545730449383,3.263118076503641,6.395711429947137,3.228785467523751,6.3284195163465515
sigmoid,gpu_geometry,20,highdim_poly4,Sparse quartic,1084.0,4.0,271,270,0.0007838772141733119,0.00020921034301587765,6,0.013069913978625822,0.0033729114977119447,6,0.001167048696744615,0.00035312024746192753,6,0.0016104719584020578,0.0005231069854655242,6,0.001641019261790207,0.000571808687784794,6,0.001079273760072764,0.0003612272632703076,6,-1.2916273900827242,3.386476084837023,6,0.3867957647401692,2.9399070387187587,6,0.001634626095421499,0.0005365859838152801,6,0.0010766392222954343,0.0003085966423813455,6,-1.3961657643847845,2.4120740063927757,6,-0.5429481508706653,5.508371243372301,6,0.0018108209491575957,0.0005597676451167473,6,0.0012073611006198069,0.0003780250903622711,6,-12.8833541916295,5.830842079261401,6,-12.39808669602752,10.685310458428194,6,0.001510314717239489,0.00040972349063110646,6,0.0009804118678567047,0.00025732258634025243,6,4.989471223255911,4.957288699023665,6,7.879420989282894,7.084946626591224,6,8.540976488359045e-05,0.00016740313917183727,0.0013769853528268093,0.002698891291540546,0.00014416073735450818,0.00028255504521483603,0.00021355753254600514,0.0004185727637901701,0.00023343991926052696,0.0004575422417506328,0.00014747041269904288,0.00028904200889012403,1.3825230723314705,2.709745221769682,1.2002120226796114,2.352415564452038,0.0002190603105794582,0.0004293582087357381,0.00012598405169507242,0.00024692874132234194,0.9847250895821718,1.9300611755810566,2.2487831433470458,4.40761496096021,0.00022852418417589447,0.00044790740098475315,0.00015432809689284451,0.00030248306990997525,2.3804313108232233,4.665645369213518,4.362259727728947,8.550029066348737,0.00016726891461303582,0.0003278470726415502,0.00010505150597114785,0.0002059009517034498,2.023804636712239,3.9666570879559884,2.8924173483335807,5.669138002733818
sigmoid,gpu_geometry,50,highdim_nonlinear,Random nonlinear,2852.0,2.0,1426,1425,0.0013728031850143748,0.0012867449569080346,5,0.014672807213271771,0.007875306866083924,5,0.004903532219140404,0.004602161417853989,5,0.0070034959320142125,0.0075231673318305,5,0.006568767719712621,0.00707892807582758,5,0.0018166797624690992,0.002042970982560405,5,6.697497543430655,2.669495964555749,5,2.6236970974886793,7.942777915678246,5,0.006691339412808836,0.007367132812939079,5,0.0017411562967284966,0.0018376607551688995,5,5.8135290344158,2.736414740111525,5,0.6480582474647955,11.645850567027985,5,0.006691233535485823,0.00734826500818002,5,0.0017382333183233538,0.0019942969609180695,5,6.200225779242518,3.4731107104198213,5,9.764821282037405,8.2965778711581,5,0.006536929249887009,0.006694340454541643,5,0.0016842026600482802,0.001578916322417106,5,4.439749476060636,4.642350657384944,5,-3.1936341628340967,20.445360013291246,5,0.0005754498386702806,0.00112788168379375,0.003521944299246897,0.006903010826523918,0.0020581491547496666,0.0040339723433093465,0.0033644627120157427,0.006594346915550856,0.0031657928770764507,0.006204954039069843,0.0009136443986129205,0.0017907430212813242,1.1938348884816048,2.3399163814239454,3.5521182699281297,6.962151809059134,0.0032946819538002044,0.006457576629448401,0.0008218268736282514,0.0016107806723113728,1.223761874704358,2.3985732744205417,5.208182704735809,10.208038101282186,0.0032862440149947145,0.00644103826938964,0.0008918767143868089,0.0017480783601981455,1.5532223283762614,3.0443157636174725,3.7103424201060005,7.272271143407761,0.002993800064176391,0.005867848125785726,0.0007061128455417247,0.0013839811772617804,2.076122329060714,4.0691997649589995,9.143442962835046,17.92114820715669
sigmoid,gpu_geometry,50,highdim_nonlinear,Random nonlinear,4278.0,3.0,1426,1425,0.0013728031850143748,0.0012867449569080346,5,0.014672807213271771,0.007875306866083924,5,0.004903532219140404,0.004602161417853989,5,0.0056400845622789145,0.005583936767874615,5,0.005531278788066458,0.005643148809169791,5,0.0015744388358884414,0.0014530016002277757,5,3.8885437055631478,3.368699355843257,5,-14.638294566536397,16.880693612919135,5,0.005569481138405386,0.0056698722731640845,5,0.0015033097030645631,0.001586136253532904,5,3.0574416937435247,3.0800390009781498,5,0.8576930484085494,10.916167173775596,5,0.005541300232828268,0.005710347780202568,5,0.0014537347512771225,0.0015012946223669705,5,4.10458911547668,3.2963175067207415,5,-0.8657986379600084,20.65626777944893,5,0.005563374770492598,0.0055133447711930164,5,0.0014533954178336493,0.001423987151997906,5,1.8307629140249275,3.0743988170373764,5,-3.9922491762028818,22.060835563359316,5,0.0005754498386702806,0.00112788168379375,0.003521944299246897,0.006903010826523918,0.0020581491547496666,0.0040339723433093465,0.0024972124390056204,0.004894536380451016,0.002523692868890128,0.004946438023024651,0.000649802069905056,0.0012736120570139098,1.5065281510850552,2.9527951761267084,7.549275685166741,14.796580342926811,0.0025356439653072297,0.0049698621720021706,0.0007093416968952829,0.0013903097259147545,1.3774353159075368,2.699773219178772,4.8818583708627985,9.568442406891085,0.0025537451623395937,0.005005340518185603,0.0006713993659734844,0.0013159427573080295,1.4741580040900395,2.8893496880164773,9.237763783257288,18.106017015184282,0.0024656427383561216,0.004832659767177998,0.0006368264141907286,0.0012481797718138282,1.3749129489681025,2.694829379977481,9.865905592023259,19.337174960365587
sigmoid,gpu_geometry,50,highdim_nonlinear,Random nonlinear,5704.0,4.0,1426,1425,0.0013728031850143748,0.0012867449569080346,5,0.014672807213271771,0.007875306866083924,5,0.004903532219140404,0.004602161417853989,5,0.005161138774948342,0.005011057224341901,5,0.005097371403425194,0.004932171829700205,5,0.001372056762093363,0.0012216318937875534,5,1.1042608136089291,0.9362263703571885,5,-7.865205425452518,20.409051447756053,5,0.0051340815145698455,0.0049768592327449675,5,0.0014276065490118688,0.0013676588092652099,5,0.5493187031887123,0.6620423905637571,5,-8.75245108135962,22.69733547865523,5,0.00512188006576961,0.004971221827056361,5,0.0013302860133737396,0.0012098461180273627,5,0.8625677929407469,1.1588836640133005,5,-2.290500948245948,15.454747441795169,5,0.005079674928123579,0.004798602765216454,5,0.001383938131272925,0.0012237915626353464,5,0.2564707489301298,2.8484858398524033,5,-10.57300297020863,29.53301363021907,5,0.0005754498386702806,0.00112788168379375,0.003521944299246897,0.006903010826523918,0.0020581491547496666,0.0040339723433093465,0.002241012918553981,0.004392385320365802,0.0022057342975838347,0.004323239223264316,0.0005463303915981544,0.0010708075675323826,0.4186931612893135,0.8206385961270545,9.127205278694605,17.889322346241425,0.002225719111773039,0.004362409459075156,0.0006116356135086856,0.0011988058024770237,0.2960743578574052,0.5803057414005142,10.150557007678163,19.8950917350492,0.0022231979873057455,0.004357468055119261,0.0005410596324446833,0.0010604768795915793,0.5182685301495533,1.0158063190931246,6.911573170988994,13.546683415138428,0.002146000396008491,0.0042061607761766425,0.0005472962248686652,0.0010727006007425837,1.2738815941711106,2.4968079245753767,13.207565211519535,25.88682781457829
sigmoid,gpu_geometry,50,highdim_poly3,Sparse cubic,2852.0,2.0,1426,1425,0.0003280748999157774,0.00017512272363680062,6,0.007714955382685578,0.00453056645215964,6,0.0012202046396608008,0.0006472512793335716,6,0.0015786912774384352,0.000770053103869464,6,0.0015954261518021835,0.00081385436042005,6,0.00042218999794875955,0.0002170670814076963,6,-0.3169256319005447,2.8852188323669474,6,2.714109293691226,4.387986317762337,6,0.0016010402922161159,0.0007961025993919509,6,0.00043990254990314883,0.0002218287828415269,6,-1.0564041194643143,1.5259744514279936,6,-2.041512732901797,5.6720179311201555,6,0.0016051693368620324,0.000809459792721148,6,0.00043527676081898237,0.00022773325297652697,6,-1.035305311240214,2.588323344879489,6,-0.05767961963585799,5.928542316203987,6,0.0015793307706657223,0.000763647436184145,6,0.00045184996407394745,0.00022027892031110659,6,-0.17174697819217397,3.8190566025829797,6,-5.514900574380785,9.060531455830155,6,7.14935525460994e-05,0.00014012736299035482,0.0018495960089271023,0.0036252081774971207,0.00026423922828847893,0.0005179088874454187,0.0003143728632211002,0.0006161708119133564,0.00033225465132804606,0.0006512191166029703,8.861726490067221e-05,0.00017368983920531753,1.1778856559279494,2.308655885618781,1.7913879128052954,3.511120309098379,0.0003250075252356016,0.0006370147494617791,9.056122137073288e-05,0.00017749999388663645,0.6229764610870097,1.221033863730539,2.315591623860181,4.538559582765954,0.00033046057657764157,0.0006477027300921775,9.297171120944159e-05,0.00018222455397050552,1.0566785807147592,2.0710900182009278,2.420317265532949,4.743821840444579,0.00031175776033928916,0.0006110452102650067,8.992849264223478e-05,0.00017625984557878018,1.5591233291892304,3.0558817252108916,3.698946477536717,7.249935095971965
sigmoid,gpu_geometry,50,highdim_poly3,Sparse cubic,4278.0,3.0,1426,1425,0.0003280748999157774,0.00017512272363680062,6,0.007714955382685578,0.00453056645215964,6,0.0012202046396608008,0.0006472512793335716,6,0.0013524758269844353,0.0006916072225836954,6,0.0013618164671550012,0.0007280809618406555,6,0.0003795479074125232,0.00021797725394405226,6,0.21068042355917452,2.2661791063136785,6,-0.7565986181181815,7.961045188987018,6,0.0013508941126193514,0.0007000249148271737,6,0.00036592066836329596,0.0001820686229506392,6,0.3787295173031389,0.9014311353286433,6,-0.3279517861036463,4.747149757307181,6,0.0013553931253131566,0.0007184565399889957,6,0.00037182789623032626,0.00018742415062253056,6,0.545395395636755,2.115311066524418,6,-1.5919874738621804,7.288890250863629,6,0.0013791871229780087,0.0007234948112153176,6,0.00037359343247245566,0.0001948872455064329,6,-1.494098085283005,2.076008866362178,6,-1.7001869222728556,8.517618304980934,6,7.14935525460994e-05,0.00014012736299035482,0.0018495960089271023,0.0036252081774971207,0.00026423922828847893,0.0005179088874454187,0.00028234746629225406,0.000553401033932818,0.0002972378079907327,0.0005825861036618361,8.898884128266668e-05,0.0001744181289140267,0.9251637460374842,1.813320942233469,3.250083088709512,6.370162853870643,0.000285783974760305,0.0005601365905301978,7.432920406670811e-05,0.0001456852399707479,0.3680077199688178,0.7212951311388829,1.938015772996599,3.798510915073334,0.00029330865422308954,0.0005748849622772555,7.651558908328967e-05,0.00014997055460324774,0.8635721267078846,1.692601368347454,2.9756769842937945,5.832326889215837,0.0002953655198381287,0.0005789164188827323,7.95623848112124e-05,0.0001559422742299763,0.8475270706801814,1.6611530585331555,3.477303111832173,6.815514099191058
sigmoid,gpu_geometry,50,highdim_poly3,Sparse cubic,5704.0,4.0,1426,1425,0.0003280748999157774,0.00017512272363680062,6,0.007714955382685578,0.00453056645215964,6,0.0012202046396608008,0.0006472512793335716,6,0.0012692475253031053,0.0006652406554498512,6,0.0012662065258429824,0.0006749525628912221,6,0.0003485959544004236,0.00018657066818324704,6,0.5755711372804424,0.9353042991459048,6,-1.4728484465418157,7.102622159198097,6,0.0012732610880707136,0.0006765228569892228,6,0.0003340013071356862,0.00017433516361669223,6,-0.062314092781546586,0.9859795709864795,6,2.764273787225669,7.195184989533082,6,0.0012733038955236146,0.0006813533473214444,6,0.0003504443282039541,0.00021572479728933455,6,0.14920583330000134,1.1363777251180796,6,2.1768432328076974,10.883528842271726,6,0.001276316320240122,0.0006757950270150534,6,0.0003380389796992234,0.00016122972909193717,6,-0.3331796469322312,1.1985102188951458,6,-0.29829130701972795,5.330746213934377,6,7.14935525460994e-05,0.00014012736299035482,0.0018495960089271023,0.0036252081774971207,0.00026423922828847893,0.0005179088874454187,0.0002715833603344615,0.0005323033862555445,0.00027554822994454444,0.0005400745306913071,7.616715633651125e-05,0.00014928762641956204,0.3818363811898172,0.7483993071320417,2.8996333543033748,5.683281374434614,0.00027618929982557873,0.0005413310276581343,7.117203251425246e-05,0.0001394971837279348,0.40252447428752336,0.7889479696035457,2.937421971548129,5.757347064234333,0.0002781613392458104,0.0005451962249217884,8.806927970403423e-05,0.00017261578821990708,0.4639242636006697,0.9092915566573125,4.443182044071579,8.708636806380294,0.0002758921644828757,0.0005407486423864363,6.582176127373512e-05,0.00012901065209652084,0.48928974796741354,0.9590079060161305,2.17626802873542,4.265485336321423
sigmoid,gpu_geometry,50,highdim_poly4,Sparse quartic,2852.0,2.0,1426,1425,0.0006312500634101663,0.00025664836339368136,6,0.011154486609061563,0.006035224388150285,6,0.0023880854527463936,0.001062141086590962,6,0.003139098964867415,0.001359203278359325,6,0.0032579341655450456,0.0013843984836368183,6,0.0008611983996748388,0.00033611573499524506,6,-4.096392172078399,1.5833834972116563,6,-2.940521174227031,5.330386635954716,6,0.0031807359446040287,0.0014095555728883822,6,0.0008481898189401231,0.00037780915166111016,6,-0.9973948256442114,1.4368276884430875,6,0.3306790745703048,6.326545224612843,6,0.0031720748472668283,0.0013435167568649942,6,0.000849871151578616,0.00038434711804639427,6,-1.428097885859654,1.7833280489424415,6,0.42276504824085476,9.225390962711892,6,0.0032026957799044906,0.0014287322275277291,6,0.0008716069064515988,0.00034831572022184037,6,-1.5520892999591076,2.0949498601036836,6,-3.826718900603735,4.3419869827542,6,0.0001047762556058187,0.00020536146098740465,0.002463870039028168,0.004829185276495208,0.0004336172828321902,0.0008498898743510928,0.0005548924147830727,0.0010875891329748225,0.0005651783142654954,0.001107749495960371,0.00013721867420981362,0.00026894860145123466,0.6464136058853516,1.266970667535289,2.176121231639935,4.265197614014273,0.0005754486529454931,0.0011278793597731666,0.0001542399402872506,0.0003023102829630112,0.5865824474980346,1.1497015970961477,2.5828012724905096,5.062290494081399,0.0005484884191996874,0.0010750373016313872,0.00015690905388715304,0.00030754174561881993,0.728040627317008,1.4269596295413358,3.7662500893879014,7.381850175200286,0.0005832774894188224,0.0011432238792608918,0.00014219929732225555,0.0002787106227516209,0.8552596989948379,1.6763090100298823,1.772608762925749,3.474313175334468
sigmoid,gpu_geometry,50,highdim_poly4,Sparse quartic,4278.0,3.0,1426,1425,0.0006312500634101663,0.00025664836339368136,6,0.011154486609061563,0.006035224388150285,6,0.0023880854527463936,0.001062141086590962,6,0.002660040558479725,0.0011681353686638948,6,0.002671389653002659,0.0011537645556212992,6,0.0007059212531071384,0.00030904894481926826,6,-0.6952965216660064,1.0191383982529223,6,0.4318442142919312,4.422169594238841,6,0.0026736983274537906,0.001211319709848797,6,0.0007187936099146944,0.00027386010992736773,6,-0.09030340381972773,1.7723048894166493,6,-3.168325174586999,9.517194172887754,6,0.002652659746596562,0.0011566559791178015,6,0.0007263253930594646,0.00032725143223755654,6,0.15925424414175174,0.8652782434192451,6,-1.7709454727639244,2.2865563523663233,6,0.0027078921250959288,0.0012299552080990048,6,0.0007173066626594669,0.00032863504980876744,6,-1.3523985457679766,2.1412642312833547,6,-0.3014370519684478,4.180190527118937,6,0.0001047762556058187,0.00020536146098740465,0.002463870039028168,0.004829185276495208,0.0004336172828321902,0.0008498898743510928,0.00047688926728740947,0.0009347029638833226,0.00047102240743019405,0.0009232039185631803,0.000126168703392127,0.0002472906586485689,0.41606150883283516,0.8154805573123569,1.8053431769892816,3.538472626898992,0.000494519200750954,0.0009692576334718697,0.00011180292170409349,0.00021913372654002323,0.723540441285093,1.4181392649187823,3.8853782510940644,7.615341372144366,0.00047220282612964816,0.0009255175392141104,0.00013359983776283318,0.00026185568201515303,0.35324836365148116,0.692366792756903,0.933482721902838,1.8296261349295624,0.0005021271110535436,0.0009841691376649454,0.0001341646972709358,0.00026296280665103416,0.8741674618528474,1.713368225231581,1.7065556365095405,3.344849047558699
sigmoid,gpu_geometry,50,highdim_poly4,Sparse quartic,5704.0,4.0,1426,1425,0.0006312500634101663,0.00025664836339368136,6,0.011154486609061563,0.006035224388150285,6,0.0023880854527463936,0.001062141086590962,6,0.0024925024989028454,0.0011045462409745,6,0.0024831587515487985,0.0010791545632260705,6,0.0006541142576456457,0.0002696061314725086,6,0.08582043440672267,1.0998096390066023,6,1.6225160568334365,3.0282902376145455,6,0.00248649184644228,0.0011104037143203982,6,0.0006671929710980948,0.0002647102004553431,6,0.33057019881527544,0.6633569426552132,6,-0.7951932280966642,7.187008788177444,6,0.00249097384930105,0.0010961584648828606,6,0.0006734167645979184,0.0003115345044445428,6,-0.056274473562041315,0.8955424822200134,6,-0.2038550092147938,8.64455164284082,6,0.0024967614578886798,0.0011146894448006129,6,0.0006573319172810571,0.0002852584884296014,6,-0.016880426960354744,1.2709883957467825,6,1.4830969234801026,8.547166465899279,6,0.0001047762556058187,0.00020536146098740465,0.002463870039028168,0.004829185276495208,0.0004336172828321902,0.0008498898743510928,0.00045092911461612576,0.0008838210646476065,0.0004405630055833201,0.0008635034909433073,0.00011006624227222714,0.0002157298348535652,0.44899540496012375,0.8800309937218426,1.2362943125345438,2.4231368525677057,0.00045332041809602634,0.0008885080194682116,0.00010806748680424033,0.00021181227413631103,0.27081433780632563,0.5307961021003982,2.9340840513222015,5.750804740591515,0.0004475048193659203,0.0008771094459572038,0.00012718342885999133,0.00024927952056558303,0.36560368740408494,0.7165832273120065,3.5291234300163437,6.9170819228320335,0.00045507006023796286,0.0008919373180664072,0.00011645629024169042,0.00022825432887371323,0.5188788397630317,1.0170025259355422,3.4893660980134387,6.8391575521063395
sigmoid,iterative_dopt,5,highdim_poly2,Quadratic,62.0,2.0,31,30,0.0010496190654703747,0.00012750136852645035,4,0.003932391299253742,0.0003887355261463862,4,0.00039937024864943835,3.6214615839903754e-05,4,0.0009492201179928884,8.00779410738906e-05,4,0.0009099480580522477,0.00032512899044098633,4,0.0017915743011012574,0.00036985244977793554,4,5.266332758557235,28.30669498965244,4,20.115716233733878,11.273903579365237,4,0.0009548926340290655,0.0002923796401835521,4,0.0018952333185770253,0.00012158375047125969,4,-0.004338418981170378,26.444488954515414,4,14.805086009781416,4.462873227514836,4,0.001609745174702932,0.00048398007600072856,4,0.003100198926953034,0.0008549240889279505,4,-70.33897734502666,56.04943297861294,4,-40.925112498883095,46.89899849701416,4,0.0007500281036641613,7.367578904209643e-05,4,0.0015307041442166208,0.00017513254978600737,4,20.90991860076646,5.376004393911735,4,31.268406327841767,6.543845272964042,4,6.375068426322517e-05,0.00012495134115592135,0.0001943677630731931,0.0003809608156234585,1.8107307919951877e-05,3.549032352310568e-05,4.00389705369453e-05,7.847638225241279e-05,0.00016256449522049316,0.0003186264106321666,0.00018492622488896777,0.0003624554007823768,14.15334749482622,27.74056108985939,5.636951789682619,11.048425507777932,0.00014618982009177606,0.00028653204737988104,6.079187523562984e-05,0.0001191520754618345,13.222244477257707,25.915599175425104,2.231436613757418,4.37361576296454,0.00024199003800036428,0.000474300474480714,0.00042746204446397523,0.0008378256071493915,28.02471648930647,54.92844431904068,23.44949924850708,45.961018527073875,3.6837894521048217e-05,7.220227326125451e-05,8.756627489300369e-05,0.00017162989879028722,2.6880021969558676,5.268484306033501,3.271922636482021,6.412968367504761
sigmoid,iterative_dopt,5,highdim_poly2,Quadratic,93.0,3.0,31,30,0.0010496190654703747,0.00012750136852645035,4,0.003932391299253742,0.0003887355261463862,4,0.00039937024864943835,3.6214615839903754e-05,4,0.0007238591317374712,8.153785309120345e-05,4,0.0006984828187400587,9.838109847527513e-05,4,0.0014267650949774538,0.00012776512372930283,4,3.364188659743446,9.968676678528892,4,17.021590914970627,5.0316141718696015,4,0.0007984110549409159,0.0003593327901559797,4,0.001529364423613165,0.00019883439739824666,4,-8.754457069087442,40.715037532384855,4,11.049944779238253,9.675900226942257,4,0.001313585865844305,0.00038419743872106406,4,0.0025561532478944942,0.0005355151946533378,4,-86.00818768817858,73.9987374036428,4,-50.975719389621716,44.35296892457468,4,0.0006904059793454347,9.968871054013004e-05,4,0.0015292693483812566,7.979634129870289e-05,4,4.373073083349296,10.978416566801815,4,10.786485664229557,7.239748926073967,4,6.375068426322517e-05,0.00012495134115592135,0.0001943677630731931,0.0003809608156234585,1.8107307919951877e-05,3.549032352310568e-05,4.0768926545601724e-05,7.990709602937937e-05,4.9190549237637563e-05,9.641347650576962e-05,6.388256186465141e-05,0.00012520982125471678,4.984338339264446,9.769303144958315,2.5158070859348007,4.93098188843221,0.00017966639507798984,0.00035214613435286007,9.941719869912333e-05,0.00019485770945028172,20.357518766192428,39.90073678173716,4.837950113471129,9.482382222403412,0.00019209871936053203,0.00037651348994664275,0.0002677575973266689,0.000524804890760271,36.9993687018214,72.51876265556994,22.17648446228734,43.46590954608319,4.984435527006502e-05,9.769493632932744e-05,3.9898170649351444e-05,7.820041447272883e-05,5.489208283400908,10.758848235465779,3.6198744630369837,7.094953947552488
sigmoid,iterative_dopt,5,highdim_poly2,Quadratic,124.0,4.0,31,30,0.0010496190654703747,0.00012750136852645035,4,0.003932391299253742,0.0003887355261463862,4,0.00039937024864943835,3.6214615839903754e-05,4,0.0006287366604928303,6.936986215225321e-05,4,0.0006628717136278557,7.609463890615396e-05,4,0.0013923233943629884,9.652366204094946e-05,4,-5.620815207911001,7.613388300732189,4,11.198858380525541,4.283685709287911,4,0.0007287157812669593,0.00027080713692897903,4,0.0014507665652671094,0.00027576148227841395,4,-15.097245379391412,36.74627983404633,4,7.913149243025404,13.225078461630957,4,0.0012338414081781502,0.000292101362056378,4,0.0024389348355710683,0.0006426564683072742,4,-100.54239328619033,67.72559096156223,4,-58.09042879173231,54.749693459782904,4,0.0005941400895676733,9.63956192901023e-05,4,0.001326773725503776,0.00013943971124788922,4,5.758905891175235,9.298190768235147,4,15.21831917107033,9.61414805933298,4,6.375068426322517e-05,0.00012495134115592135,0.0001943677630731931,0.0003809608156234585,1.8107307919951877e-05,3.549032352310568e-05,3.468493107612661e-05,6.798246490920815e-05,3.804731945307698e-05,7.457274612803088e-05,4.826183102047473e-05,9.459318880013047e-05,3.8066941503660945,7.461120534717545,2.1418428546439556,4.198011995102153,0.00013540356846448952,0.00026539099419039944,0.00013788074113920697,0.00027024625263284566,18.373139917023163,36.0113542373654,6.612539230815479,12.960576892398338,0.000146050681028189,0.0002862593348152504,0.0003213282341536371,0.0006298033389411287,33.86279548078112,66.37107914233098,27.374846729891452,53.65469959058724,4.819780964505115e-05,9.446770690430025e-05,6.971985562394461e-05,0.00013665091702293143,4.649095384117573,9.112226952870444,4.80707402966649,9.42186509814632
sigmoid,iterative_dopt,5,highdim_smooth,Smooth,62.0,2.0,31,30,0.0004969013368858272,0.00015089315781330464,6,0.00216262261393528,0.0008724637098750556,6,0.00021961520131797094,9.926211110675695e-05,6,0.0005364403168196552,0.0001919951537091785,6,0.000908992862766547,0.00046992376506643855,6,0.0011358569773825846,0.0003595440266389485,6,-64.72451039663015,50.50837509317919,6,1.6585114938866532,14.3895623634905,6,0.0005390217806403217,0.00014411887984086498,6,0.0010101298378823976,0.00029133729445290034,6,-5.043170518732155,24.13244822417686,6,11.965016096439838,12.61883264508533,6,0.0007686169473530875,0.000323423076435564,6,0.0013751451556037943,0.00046398490270010956,6,-42.27591962454475,23.102218451859397,6,-21.31961588164371,29.279785399254084,6,0.0005216931822363078,0.00010318382503533793,6,0.000942474013195574,0.00032097436398334755,6,-12.903567378054582,58.4006329456385,6,16.34473164037167,22.85121959590771,6,6.160187371997551e-05,0.00012073967249115201,0.0003561818180482513,0.0006981163633745724,4.052358716716755e-05,7.94262308476484e-05,7.838169327911874e-05,0.00015362811882707275,0.00019184557373671556,0.0003760173245239625,0.00014678323422184436,0.00028769513907481495,20.619957785897963,40.415117260360006,5.874514235418141,11.514047901419557,5.8836286318600025e-05,0.00011531912118445605,0.00011893795240876366,0.00023311838672117677,9.85203073222789,19.309980235166663,5.151616855005673,10.097169035811119,0.00013203691805138232,0.0002587923593807093,0.00018942104332836157,0.0003712652449235887,9.431441188894311,18.48562473023285,11.953422334394258,23.428707775412747,4.212462017419906e-05,8.256425554143016e-05,0.00013103723537892737,0.0002568329813426976,23.841958562064477,46.73023878164637,9.32897133504365,18.284783816685554
sigmoid,iterative_dopt,5,highdim_smooth,Smooth,93.0,3.0,31,30,0.0004969013368858272,0.00015089315781330464,6,0.00216262261393528,0.0008724637098750556,6,0.00021961520131797094,9.926211110675695e-05,6,0.0004204507792615688,0.00016414716258468339,6,0.0008470051691764672,0.0005180833610818445,6,0.0009973705140669676,0.0003699688263265171,6,-91.13118563270366,71.88452979812476,6,-7.346108706546336,18.591119171944676,6,0.0004976630262988338,0.0001935921347934349,6,0.0009068819933296895,0.00030899034817038514,6,-22.857795086390137,30.883965712058554,6,2.2086524748257155,12.357163039420318,6,0.0005989974068493116,0.00018296629004208072,6,0.0011876257930769445,0.00027494298498662555,6,-49.06356173603061,25.166610630842115,6,-35.281937933783304,37.629696804324865,6,0.00043963435516058193,0.0002321097247956379,6,0.0007876670471400875,0.00036099550084361774,6,-6.184042460024517,28.82678500445171,6,16.289083111574687,17.070943437376105,6,6.160187371997551e-05,0.00012073967249115201,0.0003561818180482513,0.0006981163633745724,4.052358716716755e-05,7.94262308476484e-05,6.701279850969077e-05,0.0001313450850789939,0.00021150664647943528,0.00041455302709969316,0.00015103914087272245,0.000296036716110536,29.346736400883056,57.519603345730786,7.589792619756364,14.875993534722472,7.903365807666955e-05,0.00015490596983027232,0.00012614478141039358,0.0002472437715643714,12.608326204692467,24.712319361197235,5.0447906858265785,9.887789744220093,7.469567512219479e-05,0.00014640352323950178,0.00011224500359582144,0.00022000020704781003,10.274225766810975,20.13748250294951,15.362259391039117,30.11002840643667,9.47583983478569e-05,0.00018572646076179953,0.00014737579608455298,0.00028885656032572385,11.768485697636734,23.066231967367997,6.969183474914097,13.659599610831629
sigmoid,iterative_dopt,5,highdim_smooth,Smooth,124.0,4.0,31,30,0.0004969013368858272,0.00015089315781330464,6,0.00216262261393528,0.0008724637098750556,6,0.00021961520131797094,9.926211110675695e-05,6,0.0003599303625487972,0.0001553256195462845,6,0.0006265643779072257,0.00033415456361544877,6,0.0008277279329702517,0.0002911481343230597,6,-73.47584344572401,49.235670722366095,6,-4.477416071205582,17.54814524409239,6,0.00045223539348407724,0.0001883999688309548,6,0.0009025039433811541,0.00030603741303730146,6,-30.852692182335645,30.983376216175287,6,-15.962401260937648,30.555096792210204,6,0.00051797247371675,0.00013750095648616548,6,0.001047237150198435,0.0002477431881595987,6,-56.74989036937015,38.68234311663024,6,-40.575899715859435,44.46958561285889,6,0.0003321634917247813,0.00012838218241746803,6,0.0007062495910714596,0.00029454316343969453,6,5.323407764198099,8.526571398218756,6,12.558171275020925,19.181640459066703,6,6.160187371997551e-05,0.00012073967249115201,0.0003561818180482513,0.0006981163633745724,4.052358716716755e-05,7.94262308476484e-05,6.341141864501104e-05,0.00012428638054422163,0.00013641802934670513,0.00026737933751954204,0.0001188607281091323,0.0002329670270938993,20.10037840224763,39.396741668405355,7.164000296712286,14.041440581556081,7.691396519868237e-05,0.00015075137178941744,0.00012493925069046146,0.0002448809313533045,12.648910373052274,24.791864331182456,12.474066030377681,24.449169419540254,5.613453042262308e-05,0.00011002367962834124,0.00010114073304022334,0.00019823583675883773,15.792000448500877,30.95232087906172,18.154632304086043,35.58307931600864,5.241180649795114e-05,0.00010272714073598423,0.0001202467429420735,0.00023568361616646406,3.4809581968408776,6.82267806580812,7.83087192570645,15.348508974384643
sigmoid,iterative_dopt,5,highdim_strong,Strong nonlinear,62.0,2.0,31,30,0.0018594597286273132,0.0010687627861144181,6,0.008017522820639259,0.0016158365212733635,6,0.0009951666442051942,0.0006101204172918197,6,0.0035521645480541936,0.0008890159428269501,6,0.009231340133080879,0.007303943547932924,6,0.008652830586477613,0.0031055341985138348,6,-144.2467793549585,152.72530737514762,6,-18.640673635389366,24.677247186994503,6,0.00685829934360527,0.002797081000045612,6,0.009302623674379373,0.0023044298578728546,6,-91.23378180060134,60.47711797246951,6,-32.13277614911346,36.82004104212673,6,0.008294341729731211,0.0022336062639546936,6,0.015139307090909973,0.003297724226379394,6,-149.15092699947874,94.29827360557672,6,-120.31025721720293,73.29029401748394,6,0.002571286000769564,0.0008374926503521065,6,0.004471519288139465,0.001826726473234668,6,23.280468287697826,32.18183229816487,6,35.46090874565274,31.454948133681437,6,0.0004363205803426065,0.0008551883374715087,0.0006596624974789261,0.0012929384950586952,0.00024908061733648417,0.000488198009979509,0.00036293923885422183,0.0007113609081542747,0.0029818224670881788,0.0058443720354928305,0.001267829027520336,0.0024849448939398586,62.34984564647203,122.20569746708519,10.074443977444679,19.74591019579157,0.0011419035365575734,0.002238130931652844,0.0009407795499704757,0.0018439279179421324,24.689680024442044,48.3917728479064,15.031718810257512,29.462168868104722,0.0009118659388288797,0.0017872572401046044,0.001346290277840653,0.00263872894456768,38.497108993170315,75.45433362661382,29.92063724023171,58.64444899085415,0.00034190494278229724,0.0006701336878533026,0.0007457579598431349,0.0014616856012925443,13.138178019720542,25.75082891865226,12.841428802204927,25.169200452321657
sigmoid,iterative_dopt,5,highdim_strong,Strong nonlinear,93.0,3.0,31,30,0.0018594597286273132,0.0010687627861144181,6,0.008017522820639259,0.0016158365212733635,6,0.0009951666442051942,0.0006101204172918197,6,0.0020791927782054342,0.0008754668276180462,6,0.0073101678436326934,0.006213529435882802,6,0.006726671618962735,0.002575169410496647,6,-210.28534038831484,150.5161190357312,6,-58.00599938989753,25.69431418590834,6,0.00522246109184793,0.0017487170648603134,6,0.007645708848258004,0.001816517176467137,6,-161.80215033577252,59.65068676269725,6,-86.98152028107314,42.01482017021692,6,0.006084902889811942,0.0003315604909430732,6,0.011460577253735232,0.0006234924985988503,6,-246.37700017230478,160.76223555431642,6,-194.90890521617004,95.61226373385048,6,0.002031786203804005,0.0008388299436569937,6,0.0038466173595066385,0.0009646057351852646,6,-5.319236764044915,40.408200108116056,6,3.638832619759695,33.73806587981659,6,0.0004363205803426065,0.0008551883374715087,0.0006596624974789261,0.0012929384950586952,0.00024908061733648417,0.000488198009979509,0.0003574078357328889,0.0007005193580364622,0.002536662769946045,0.004971859029094248,0.0010513085094900902,0.0020605646786005767,61.44794828359258,120.43797863584146,10.489659841038465,20.559733288435392,0.0007139107522342073,0.0013992650743790463,0.0007415900318909521,0.001453516462506266,24.35229089586654,47.730490155898416,17.15247850863769,33.618857876929866,0.00013535900361286878,0.0002653036470812228,0.00025453974667002314,0.0004988979034732453,65.63090783619855,128.63657935894915,39.033543216724475,76.50574470477997,0.00034245089048786623,0.0006712037453562178,0.00039379864236102207,0.0007718453390276033,16.496578614860066,32.33329408512573,13.77350771899231,26.996075129224927
sigmoid,iterative_dopt,5,highdim_strong,Strong nonlinear,124.0,4.0,31,30,0.0018594597286273132,0.0010687627861144181,6,0.008017522820639259,0.0016158365212733635,6,0.0009951666442051942,0.0006101204172918197,6,0.001617322988824791,0.0008477334121907858,6,0.006096962447151358,0.005788907988653572,6,0.006313647456215785,0.0028698610852197007,6,-214.85499333245386,146.41697874326908,6,-79.77196703656467,27.825164075979398,6,0.004939701193759919,0.0017978895534550203,6,0.006785545761422086,0.001619929638426795,6,-245.61311147441268,164.46284269390443,6,-120.08349576165914,94.86780107627526,6,0.005058302239122163,0.0009178026271582294,6,0.010073222546442053,0.0017255875659443246,6,-274.6012983198494,171.74508726411426,6,-231.66915025350377,149.60398232699774,6,0.001734787846193031,0.0009046479425703899,6,0.003268548099298135,0.0021259663312432216,6,-8.456790465650295,22.97196733156038,6,12.866412973963724,19.111273809581714,6,0.0004363205803426065,0.0008551883374715087,0.0006596624974789261,0.0012929384950586952,0.00024908061733648417,0.000488198009979509,0.0003460857162959857,0.0006783280039401319,0.0023633117900204205,0.004632091108440024,0.0011716158819097095,0.0022963671285430305,59.77448126682338,117.15798328297382,11.359575665895084,22.264768305154366,0.0007339853366408502,0.0014386112598160665,0.0006613335055594828,0.0012962136708965862,67.14167437461371,131.5976817742429,38.729617609455204,75.9100505145322,0.00037469135352058945,0.0007343950529003553,0.000704468173842469,0.0013807576207312392,70.11463827114163,137.4246910114376,61.07557003158281,119.7081172619023,0.00036932097602601264,0.0007238691130109847,0.000867922120313776,0.001701127355815001,9.378266391701235,18.38140212773442,7.802144861348534,15.292203928243126
sigmoid,iterative_dopt,10,highdim_poly2,Quadratic,172.0,2.0,86,85,0.002942645129786923,0.0007746343129101981,6,0.01626586511758384,0.0022823688635372837,6,0.0022325742905685963,0.0004511675193605248,6,0.004494677930501148,0.0009432342936109775,6,0.003400325451298215,0.0005888856070876793,6,0.003889273430963271,0.0006273471967096103,6,23.53468516767766,7.475518184893629,6,31.712741180223674,4.8271111071895305,6,0.0034105006313151355,0.0008641207296636247,6,0.0044197139020081344,0.0008737109004876763,6,24.618418471714193,6.006021291834957,6,22.949488436880245,4.749253011536354,6,0.004374490234834661,0.0006720930192842563,6,0.005485420583211827,0.0007196206821392759,6,1.2985058393549156,10.658715377940458,6,3.014116952794853,11.21318977300099,6,0.0036784248990405027,0.000791058554603961,6,0.005150388269412249,0.0011320827354789989,6,17.253566513083506,13.648411734740137,6,9.584606889150013,16.9907030194203,6,0.00031624313398023756,0.0006198365426012656,0.000931773186747046,0.0018262754460242102,0.00018418836849175608,0.0003610092022438419,0.000385073787873571,0.0007547446242321991,0.00024041154237231923,0.0004712066230497457,0.00025611342058399524,0.0005019823043446307,3.0518675193143445,5.981660337856115,1.970659857389251,3.862493320482932,0.00035277581063956074,0.000691440588853539,0.0003566909814837362,0.0006991143237081229,2.4519479248811833,4.805817932767119,1.9388744229400696,3.8001938689625363,0.00027438082615549375,0.0005377864192647677,0.00029378391326579837,0.0005758164700009648,4.3514023315850805,8.528748569906758,4.577765555474526,8.972420488730071,0.00032294830257388157,0.0006329786730448079,0.00046217084142295494,0.0009058548491889917,5.571940758254589,10.921003886178994,6.936425461457534,13.595393904456767
sigmoid,iterative_dopt,10,highdim_poly2,Quadratic,258.0,3.0,86,85,0.002942645129786923,0.0007746343129101981,6,0.01626586511758384,0.0022823688635372837,6,0.0022325742905685963,0.0004511675193605248,6,0.0033766299061354977,0.0007246388367864869,6,0.0027303785704410285,0.0005784405219572589,6,0.0034829781157560413,0.0007028084895600919,6,18.98531694365356,3.6735336560764718,6,21.980881991240977,5.6152320286148,6,0.003027825261337822,0.0006407987951620855,6,0.0037708750020876945,0.0009929930349896051,6,10.216671534432773,4.922183097137462,6,16.148276684519598,11.987438111342437,6,0.003855869937284971,0.0006439243040022928,6,0.0052031941249938,0.000982342351204683,6,-15.91032804413902,15.084266602184528,6,-17.697526738825506,18.099453225126688,6,0.0028299366338049065,0.000592337316754202,6,0.003831818448738687,0.0007981100000551471,6,15.98443867247073,3.636900707977607,6,14.407482034190295,4.366373294443327,6,0.00031624313398023756,0.0006198365426012656,0.000931773186747046,0.0018262754460242102,0.00018418836849175608,0.0003610092022438419,0.00029583256632180553,0.0005798318299907388,0.0002361473542240756,0.0004628488142791882,0.0002869203643863973,0.0005623639141973387,1.4997138350546841,2.939439116707181,2.292408876239922,4.493121397430247,0.0002616050126562246,0.0005127458248062001,0.00040538770897702927,0.0007945599095949774,2.0094728347564916,3.9385667561227233,4.893851115996909,9.59194818735394,0.0002628809962970689,0.000515246752742255,0.0004010395855295636,0.0007860375876379447,6.158126053242977,12.069927064356236,7.389070837488623,14.4825788414777,0.00024182069694285473,0.00047396856600799526,0.00032582704312462745,0.0006386210045242698,1.4847584966186713,2.9101266533725956,1.782564432983554,3.4938262886477656
sigmoid,iterative_dopt,10,highdim_poly2,Quadratic,344.0,4.0,86,85,0.002942645129786923,0.0007746343129101981,6,0.01626586511758384,0.0022823688635372837,6,0.0022325742905685963,0.0004511675193605248,6,0.0029680607406363216,0.0006265015090942882,6,0.0026030185277325464,0.00055913698650078,6,0.003419367108442428,0.0007298429149216056,6,12.313785427869087,2.797152925982295,6,13.045943180066553,6.6463986698532045,6,0.002895002015052323,0.000711501095392882,6,0.0036777968525252415,0.0007172574042902103,6,2.9748948902604635,7.362841642300579,6,6.348993870294431,8.974799284784943,6,0.0035365956391755905,0.0006298236372392731,6,0.004598513764730665,0.0010736487729250711,6,-20.407252522183956,13.41351292074172,6,-17.304879147015146,19.33460276230835,6,0.002709705094992333,0.000528844538772486,6,0.00369970942390086,0.0007431554857351733,6,8.449123510895136,3.820597927137032,6,5.924349250378261,4.700541066096731,6,0.00031624313398023756,0.0006198365426012656,0.000931773186747046,0.0018262754460242102,0.00018418836849175608,0.0003610092022438419,0.00025576817006077354,0.0005013056133191162,0.00022826671887405954,0.0004474027689931567,0.0002979571223239081,0.0005839959597548599,1.1419329001982643,2.238188484388598,2.7133808947088642,5.318226553629374,0.00029046910585731,0.0005693194474803276,0.0002928191091240262,0.0005739254538830914,3.005867513425353,5.891500326313692,3.663946465269754,7.181335071928718,0.0002571244231966655,0.0005039638694654643,0.00043831527610528457,0.0008590979411663577,5.476043719007746,10.733045689255182,7.893318524510268,15.470904308040124,0.00021589987887501758,0.00042316376259503443,0.0003033919566002263,0.0005946482349364436,1.559752572303472,3.057115041714805,1.9189878544891747,3.7612161947987826
sigmoid,iterative_dopt,10,highdim_smooth,Smooth,172.0,2.0,86,85,0.0006906061373564372,0.0001484001247160465,6,0.006076626592157586,0.0007692943065912808,6,0.0004921228480474855,5.860567340624852e-05,6,0.001013380064771608,0.00012703590646290445,6,0.0008309053653601585,0.00018277343149515572,6,0.0009140177339167179,0.00023165802235898257,6,18.159888059432955,14.40692470490882,6,26.834962914836293,13.67196759332147,6,0.0008334889351008069,0.00018732629709409946,6,0.0009894687412306527,0.0001970723405476312,6,18.311630323686718,11.486638556276679,6,20.63543466121658,8.82797991334677,6,0.0011309052321926162,0.00012305759055087617,6,0.0014124969457294295,0.00021252403901912258,6,-12.42625528686707,13.693180077852624,6,-14.369410179163419,15.7319862286086,6,0.0009118928905831599,0.00022939464394688755,6,0.001283549186029454,0.00045644324159037293,6,9.23537197870895,24.42725702399313,6,-4.525725796827932,39.35206217592123,6,6.058409721995005e-05,0.0001187448305511021,0.0003140630855294733,0.0006155636476377677,2.392566597958444e-05,4.68943053199855e-05,5.186219164100795e-05,0.00010164989561637558,7.46169409501113e-05,0.00014624920426221816,9.4573991600294e-05,0.00018536502353657622,5.88160238162062,11.527940667976416,5.581557397250826,10.93985249861162,7.647564054759182e-05,0.00014989225547327995,8.045444612628268e-05,0.00015769071440751407,4.689400553776251,9.19122508540145,3.6040077078731407,7.063855107431356,5.023805097099722e-05,9.846657990315455e-05,8.676257561203213e-05,0.00017005464819958295,5.590217357797161,10.956826021282435,6.422556483430497,12.588210707523773,9.36499712328834e-05,0.00018355394361645145,0.00018634217307305379,0.0003652306592231854,9.972385920766586,19.545876404702508,16.06541210954749,31.488207734713082
sigmoid,iterative_dopt,10,highdim_smooth,Smooth,258.0,3.0,86,85,0.0006906061373564372,0.0001484001247160465,6,0.006076626592157586,0.0007692943065912808,6,0.0004921228480474855,5.860567340624852e-05,6,0.0007635024218206244,0.00011546151108746113,6,0.0006629069056201536,0.00012206981343645648,6,0.0007792186321875445,0.00017320869030450968,6,13.473138999774717,4.52570426237983,6,21.02314829384813,11.168871247180514,6,0.0007350032233804831,0.00014425189393012052,6,0.0009144946389419388,0.00021999611677045913,6,4.217357871418712,6.260963520948954,6,7.999381324151588,9.851327706798097,6,0.0009391891030874132,0.00011104764007261756,6,0.0011687899338366473,0.00020307257867146442,6,-24.32898732677016,17.15117144119962,6,-19.72297411598591,19.730958693530905,6,0.000681085606769179,0.00010394163555081552,6,0.0008522842580655233,0.00016157782012697413,6,10.716165786790588,5.1035278602298675,6,13.354955600620848,11.128546866961596,6,6.058409721995005e-05,0.0001187448305511021,0.0003140630855294733,0.0006155636476377677,2.392566597958444e-05,4.68943053199855e-05,4.7136964515830374e-05,9.238845045102754e-05,4.983479265267606e-05,9.767619359924507e-05,7.071215171030077e-05,0.00013859581735218952,1.8476110282615839,3.6213176153927042,4.559672593072439,8.93695828242198,5.8890589093146206e-05,0.00011542555462256656,8.981303858022833e-05,0.00017603355561724752,2.556027654084019,5.009814202004677,4.021787695099611,7.882703882395238,4.533500921969249e-05,8.885661807059728e-05,8.290403308271368e-05,0.0001624919048421188,7.001936420322375,13.723795383831854,8.055130155847088,15.788055105460293,4.243399502163833e-05,8.317063024241112e-05,6.596386884371475e-05,0.00012928918293368091,2.0835065242735404,4.083672787576139,4.543210233784051,8.90469205821674
sigmoid,iterative_dopt,10,highdim_smooth,Smooth,344.0,4.0,86,85,0.0006906061373564372,0.0001484001247160465,6,0.006076626592157586,0.0007692943065912808,6,0.0004921228480474855,5.860567340624852e-05,6,0.0006687673109239813,8.303614730539927e-05,6,0.000617147163691902,0.00011740050341529588,6,0.0007374181853023109,0.0001451739555952955,6,8.276181327260154,6.829586353172646,6,12.858295316638724,8.103771662643597,6,0.0007002707760368916,0.00015864468989555984,6,0.0009168485334826423,0.00021744135225890013,6,-3.646568970516462,11.239369834484364,6,-7.852084338756256,14.723538782788841,6,0.0008667305756074987,0.00011994915350597643,6,0.001116029785139374,0.00021003646950874683,6,-29.622594419747717,9.640605865597967,6,-32.587437643151866,19.934273404580285,6,0.0006214494821661776,7.75371253427816e-05,6,0.0008226326291317193,0.00018061419623932514,6,7.048784219442555,3.571565454813856,6,2.577058285830008,14.862869671621734,6,6.058409721995005e-05,0.0001187448305511021,0.0003140630855294733,0.0006155636476377677,2.392566597958444e-05,4.68943053199855e-05,3.389936518413476e-05,6.644275576090412e-05,4.792855481889146e-05,9.393996744502726e-05,5.926701919165616e-05,0.00011616335761564607,2.7881669532580613,5.4648072283858005,3.3083509275837457,6.4843678180641415,6.476642344103199e-05,0.0001269421899444227,8.877006033584662e-05,0.00017398931825825936,4.588453520819353,8.993368900805933,6.010859537651932,11.781284693797787,4.896903686140236e-05,9.597931224834863e-05,8.574702961201118e-05,0.00016806417803954193,3.935760863666261,7.714091292785871,8.138133039059152,15.950740756555938,3.1654398868672865e-05,6.204262178259881e-05,7.373543684820918e-05,0.00014452145622248998,1.4580854912075463,2.8578475627667905,6.067741134826771,11.89277262426047
sigmoid,iterative_dopt,10,highdim_strong,Strong nonlinear,172.0,2.0,86,85,0.000973061651886483,0.00013963396241045687,6,0.0031581521403655916,0.0029101472010520987,6,0.0006937575601308997,7.422062462898598e-05,6,0.0016253721671894447,0.00019522752067600656,6,0.002744167578806446,0.0004922329026816227,6,0.0027430521862634974,0.000314887213005761,6,-73.85669380754558,53.75993770122863,6,-43.49931900053326,33.79132382292312,6,0.0028734201539828666,0.000618350693763451,6,0.0031383043823357444,0.0005419994472455545,6,-77.93258114509356,36.012732438070856,6,-61.936451142068904,27.844184552016234,6,0.005096337344432529,0.0028676384125032365,6,0.0057212414847808216,0.003242314255607116,6,-233.94313941575467,229.75675720066994,6,-213.40229651295147,218.76958146364507,6,0.0018190776752536658,0.0005037009319001748,6,0.0021570031076874703,0.0005584861672517082,6,-12.179156505175456,27.120511897497597,6,-10.90123826534331,26.258412129252996,6,5.700532644476433e-05,0.00011173043983173808,0.0011880626198277153,0.002328602734862322,3.0300443121943616e-05,5.9388868519009486e-05,7.970130156747816e-05,0.0001562145510722572,0.00020095324102983753,0.00039386835241848157,0.00012855216639853223,0.00025196224614112316,21.94740266197037,43.01690921746192,13.795250183219173,27.038690359109577,0.0002524406136360726,0.0004947836027267023,0.00022127034777035638,0.0004336898816298985,14.702136452774933,28.816187447438868,11.367340742720932,22.279987855733026,0.0011707084795729524,0.002294588619962987,0.0013236692519982176,0.0025943917339165067,93.79780334969436,183.84369456540094,89.31230763802792,175.05212297053473,0.00020563504435330105,0.0004030446869324701,0.00022800102302822497,0.00044688200513532094,11.071902618658253,21.700929132570177,10.719951862063102,21.011105649643678
sigmoid,iterative_dopt,10,highdim_strong,Strong nonlinear,258.0,3.0,86,85,0.000973061651886483,0.00013963396241045687,6,0.0031581521403655916,0.0029101472010520987,6,0.0006937575601308997,7.422062462898598e-05,6,0.001164193036999303,0.00014707088221944993,6,0.001932795812298915,0.0001368394313097188,6,0.002068692580981207,0.00012698435043383163,6,-68.65035714505858,27.724299106153097,6,-50.894600636373276,16.667751408199194,6,0.0020353689685917668,0.0003416359959476011,6,0.002261691989820404,0.00032190164210019087,6,-77.61037661502944,37.10572907173259,6,-66.7812410309355,37.16240030122246,6,0.003316685671049549,0.0014629755644730749,6,0.00402285271627453,0.0019841288714045353,6,-199.78256449409068,171.66897105849333,6,-202.78603751969402,182.46969995969087,6,0.0011626805314871392,0.00021167990058958825,6,0.0013653342990222093,0.00013397844607053268,6,-0.7508778076098265,19.728580508479375,6,0.29349580050093166,14.406159281280436,6,5.700532644476433e-05,0.00011173043983173808,0.0011880626198277153,0.002328602734862322,3.0300443121943616e-05,5.9388868519009486e-05,6.0041436243102585e-05,0.00011768121503648107,5.586446390023992e-05,0.00010949434924447024,5.184114398027587e-05,0.0001016086422013407,11.31839771439581,22.184059520215786,6.804581018273967,13.336978795816975,0.0001394723113065274,0.0002733657301607937,0.0001314157950849132,0.0002575749583664299,15.148350459950095,29.690766901502187,15.17148639250782,29.736113329315327,0.0005972572731865379,0.0011706242554456142,0.0008100172198108955,0.0015876337508293553,70.08356396032028,137.36378536222773,74.49294306999782,146.00616841719574,8.641795754125987e-05,0.00016937919678086934,5.4696471567299837e-05,0.00010720508427190768,8.054159265865396,15.786152161096176,5.881289898732852,11.52732820151639
sigmoid,iterative_dopt,10,highdim_strong,Strong nonlinear,344.0,4.0,86,85,0.000973061651886483,0.00013963396241045687,6,0.0031581521403655916,0.0029101472010520987,6,0.0006937575601308997,7.422062462898598e-05,6,0.0010565679653633659,0.00014042893322854425,6,0.001612778815444578,7.78167438599245e-05,6,0.001859173698586819,0.00011456906741794055,6,-54.89083037648044,21.2228992065606,6,-44.64739815495665,9.414772917845859,6,0.001733725027568759,0.00017875442286257483,6,0.0019756747740476356,0.00024323603621652446,6,-67.74508871483293,34.7056657257849,6,-56.14525986616885,35.05194232367204,6,0.0025922810623701643,0.0009184663578826192,6,0.003093938389044478,0.0010791561723301087,6,-156.49814359429436,124.70309333310426,6,-147.6460543480499,112.83052095895809,6,0.0010865196526149078,0.00014211425148553258,6,0.0012749299946466844,0.00018384938296965234,6,-3.5308476317910285,12.123248703926143,6,0.9423300558787417,12.794357802382086,6,5.700532644476433e-05,0.00011173043983173808,0.0011880626198277153,0.002328602734862322,3.0300443121943616e-05,5.9388868519009486e-05,5.7329871922217166e-05,0.00011236654896754564,3.176855265027849e-05,6.226636319454584e-05,4.67726259134133e-05,9.167434679029006e-05,8.664212319765241,16.981856146739872,3.8435649488160477,7.533387299679453,7.297618754650066e-05,0.0001430333275911413,9.93006959646024e-05,0.0001946293640906207,14.16852870196197,27.77031625584546,14.309895531077037,28.047395240910994,0.00037496232045414993,0.0007349261480901338,0.00044056366249729285,0.000863504778494694,50.90982466879537,99.78325635083893,46.06286729364171,90.28321989553775,5.801790021952019e-05,0.00011371508443025957,7.505619630019662e-05,0.00014711014474838536,4.949295558246091,9.700619294162339,5.223274700405474,10.23761841279473
sigmoid,iterative_dopt,20,highdim_poly2,Quadratic,542.0,2.0,271,270,0.004522095867868482,0.00012538653174569986,4,0.03853582435443368,0.0038204662113927937,4,0.006737154162884488,0.00044178550797068633,4,0.010414231265912796,0.0004802021285579421,4,0.00833727058275276,0.0007337547623365331,4,0.005723219189971552,0.00047818656492856385,4,20.005096388524628,4.644761949229672,4,17.575636622158875,6.596312676135558,4,0.008764976662313852,0.0005529783578381799,4,0.005805598719628542,0.0003357094197214823,4,15.866101601722601,2.541139723588404,4,16.406672602404168,4.110493325144738,4,0.009988130296688014,0.000772202698511473,4,0.006541709301494485,0.0006660667439568058,4,4.182731378394399,3.554206383148486,4,6.021480432860912,5.362180914741028,4,0.009473184947971343,0.00015285426135458574,4,0.006333553458671263,0.00034481159681677833,4,8.922259529503112,3.5017656849681793,4,8.818293087022916,3.717077945276349,4,6.269326587284993e-05,0.00012287880111078587,0.0019102331056963968,0.003744056887164938,0.00022089275398534317,0.0004329497978112726,0.00024010106427897106,0.00047059808598678326,0.00036687738116826654,0.0007190796670898024,0.00023909328246428193,0.0004686228336299926,2.322380974614836,4.551866710245078,3.298156338067779,6.464386422612847,0.0002764891789190899,0.0005419187906814162,0.00016785470986074115,0.0003289952313270526,1.270569861794202,2.490316929116636,2.055246662572369,4.028283458641843,0.0003861013492557365,0.0007567586445412435,0.0003330333719784029,0.0006527454090776697,1.777103191574243,3.483122255485516,2.681090457370514,5.254937296446207,7.642713067729287e-05,0.00014979717612749403,0.00017240579840838917,0.00033791536488044275,1.7508828424840897,3.4317303712688156,1.8585389726381745,3.6427363863708218
sigmoid,iterative_dopt,20,highdim_poly2,Quadratic,813.0,3.0,271,270,0.004522095867868482,0.00012538653174569986,4,0.03853582435443368,0.0038204662113927937,4,0.006737154162884488,0.00044178550797068633,4,0.008431558281033532,0.0004878042336871126,4,0.0075551222842753386,0.0005175690270184758,4,0.0049763508395840135,0.000530405769002868,4,10.428628562522247,1.673901899523249,4,11.785271728717973,4.295185808729796,4,0.007782419942183519,0.00048336144501166643,4,0.0052923326184806056,0.00043766960942695867,4,7.715335849791109,0.6554095439757718,4,6.046453520597142,4.111500171375678,4,0.008390385323035862,0.0006357198814885265,4,0.005526769433220297,0.00045446068696128295,4,0.5612880587311143,1.9007958677596517,4,1.9089722673592355,3.1032615435104054,4,0.007857676644559188,0.00039412287806415107,4,0.005090840625380989,0.0002055956669392522,4,6.770342791144653,1.2510646581038691,4,9.327640264160312,6.500630235592011,4,6.269326587284993e-05,0.00012287880111078587,0.0019102331056963968,0.003744056887164938,0.00022089275398534317,0.0004329497978112726,0.0002439021168435563,0.00047804814901337034,0.0002587845135092379,0.0005072176464781063,0.000265202884501434,0.0005197976536228106,0.8369509497616245,1.640423861532784,2.147592904364898,4.2092820925552,0.00024168072250583321,0.0004736942161114331,0.00021883480471347934,0.00042891621723841947,0.3277047719878859,0.6423013530962564,2.055750085687839,4.029270167948164,0.00031785994074426323,0.000623005483858756,0.00022723034348064148,0.00044537147322205726,0.9503979338798259,1.8627799504044587,1.5516307717552027,3.041196312640197,0.00019706143903207554,0.00038624042050286803,0.0001027978334696261,0.00020148375360046715,0.6255323290519346,1.2260433649417917,3.2503151177960055,6.3706176308801705
sigmoid,iterative_dopt,20,highdim_poly2,Quadratic,1084.0,4.0,271,270,0.004522095867868482,0.00012538653174569986,4,0.03853582435443368,0.0038204662113927937,4,0.006737154162884488,0.00044178550797068633,4,0.007805960954655354,0.00045331888026987975,4,0.007295559426424665,0.0005321383190260561,4,0.004651405056055674,0.00040694836101924284,4,6.597442598058126,1.4433064544909004,4,11.74234791762839,4.249640467722912,4,0.007284171235846255,0.0004169080365859566,4,0.0049824935013594905,0.00038655794043449335,4,6.681204315440099,0.2879615719872901,4,5.4284468512644075,3.5984999930222674,4,0.007616697345669577,0.0005746289323338077,4,0.005138367131353948,0.0006029788893547908,4,2.4727034460049415,3.149012277465023,4,2.6565233078471846,6.3469533414050545,4,0.007395702018930286,0.00045194207503236307,4,0.004752985303100324,0.0004289486914494587,4,5.260299710654063,1.7131653905861481,4,9.812751821809597,4.6539076161683,4,6.269326587284993e-05,0.00012287880111078587,0.0019102331056963968,0.003744056887164938,0.00022089275398534317,0.0004329497978112726,0.00022665944013493987,0.00044425250266448216,0.0002660691595130281,0.000521495552645535,0.00020347418050962142,0.00039880939379885797,0.7216532272454502,1.4144403254010824,2.124820233861456,4.1646476583684535,0.0002084540182929783,0.00040856987585423745,0.00019327897021724667,0.0003788267816258035,0.14398078599364506,0.2822023405475443,1.7992499965111337,3.526529993161822,0.00028731446616690385,0.0005631363536871316,0.0003014894446773954,0.0005909193115676949,1.5745061387325114,3.0860320319157224,3.1734766707025273,6.220014274576953,0.00022597103751618154,0.0004429032335317158,0.00021447434572472934,0.0004203697176204695,0.8565826952930741,1.6789020827744252,2.32695380808415,4.560829463844934
sigmoid,iterative_dopt,20,highdim_smooth,Smooth,542.0,2.0,271,270,0.001110683404914408,0.0002460749285891315,6,0.019234153574169997,0.002662661263380184,6,0.001711098173058926,0.0003548914299427127,6,0.0026669722213794322,0.0005355780245799627,6,0.002144119393440321,0.0004181280361197487,6,0.0014320896665645571,0.00029154017132917314,6,19.467183149809067,2.9591232680782746,6,18.287460890105837,3.882140419496683,6,0.0022545682137716685,0.00044657316231116757,6,0.0014943980928009241,0.00032765715761488086,6,15.376021055929622,2.970869815101383,6,14.847535147334886,4.754181075206171,6,0.0025866026187079403,0.0005123297175380334,6,0.0016904937728765973,0.00035957899797809685,6,2.9083131192303617,3.371838484534969,6,3.5300501942473184,7.376387394462524,6,0.0023710068185288573,0.00033381554489501816,6,0.0015431352758089037,0.00023269934658191755,6,10.161651883444302,6.942927793555654,6,11.014567271192348,7.821854489596403,6,0.00010045966892253013,0.00019690095108815904,0.00108702690885931,0.002130572741364247,0.00014488381957438828,0.00028397228636580104,0.00021864881294478262,0.0004285516733717739,0.0001707000559408998,0.00033457210964416364,0.00011902077654667668,0.0002332807220314863,1.2080570154647952,2.3677917503109986,1.584877189600185,3.1063592916163625,0.0001823127300805754,0.0003573329509579278,0.00013376547445452365,0.00026218032993086636,1.2128525232058325,2.3771909454834317,1.9408862965085696,3.8041371411567964,0.00020915773133873598,0.0004099491534239225,0.00014679751121126692,0.00028772312197408316,1.376547297031664,2.6980327021820614,3.0113975435885147,5.902339185433489,0.0001362796255336541,0.000267108066045962,9.499911043412581e-05,0.0001861982564508866,2.8344384025331366,5.555499268964947,3.1932587236348233,6.2587870983242535
sigmoid,iterative_dopt,20,highdim_smooth,Smooth,813.0,3.0,271,270,0.001110683404914408,0.0002460749285891315,6,0.019234153574169997,0.002662661263380184,6,0.001711098173058926,0.0003548914299427127,6,0.0021586579253504434,0.00043570671822929993,6,0.0019410941575864445,0.0003818747433261759,6,0.0012404398873039969,0.0002720081472496153,6,10.000694242303965,0.6653812891999138,6,12.771068691671672,3.9614574785866776,6,0.0020025094861720644,0.00038371148633506316,6,0.001314004530057489,0.0002803351572452023,6,7.039211017752234,1.8703825058145096,6,7.7266347623473,1.7525484138158576,6,0.002212063684371523,0.0004491023541593336,6,0.0015031909198292444,0.00034393021568259396,6,-2.5046069548157797,3.5269286760771417,6,-5.542910153906117,6.058239995654726,6,0.0020688051714872115,0.00042717308561907486,6,0.0013804950649159492,0.00025617050249903317,6,4.180383919421356,1.9278235915940782,6,2.4057861256321513,5.314175038409641,6,0.00010045966892253013,0.00019690095108815904,0.00108702690885931,0.002130572741364247,0.00014488381957438828,0.00028397228636580104,0.00017787652286073178,0.00034863798480703426,0.0001558997111342378,0.0003055634338231061,0.00011104686110689818,0.00021765184776952043,0.27164077382250607,0.5324159166921119,1.6172582433782965,3.169826157021461,0.00015664955832763748,0.00030703313432216945,0.00011444634870227208,0.00022431484345645326,0.7635804605122899,1.496617702604088,0.7154748938954787,1.4023307920351382,0.00018334526832884432,0.00035935672592453486,0.0001404089225912867,0.0002752014882789219,1.439862602596469,2.822130701089079,2.473266121445843,4.847601598033852,0.00017439268193616072,0.000341809656594875,0.00010458116971249905,0.00020497909263649813,0.787030685584187,1.5425801437450064,2.16950287465647,4.252225634326681
sigmoid,iterative_dopt,20,highdim_smooth,Smooth,1084.0,4.0,271,270,0.001110683404914408,0.0002460749285891315,6,0.019234153574169997,0.002662661263380184,6,0.001711098173058926,0.0003548914299427127,6,0.001984073897888019,0.00040663497149792124,6,0.0018605412514396717,0.0003468765679644069,6,0.0012405803569045294,0.0002590113246622454,6,5.950834598493082,2.3947672209371724,6,4.792907082776541,2.8173709192097993,6,0.0018890032667235204,0.00035406268936387977,6,0.0012653789790738907,0.0002591143562929097,6,4.502417843859008,1.733766972678371,6,2.6317856253885883,5.306701802727065,6,0.0019690071776930977,0.00036339479502368313,6,0.0013240881036184927,0.00023262095936699316,6,0.42342637530575655,2.3797357800287338,6,-2.2932602589192963,4.658880798195091,6,0.0019386011551631923,0.0003831539961513565,6,0.0012629704764473262,0.0002973119785988667,6,2.1866675284451413,1.064684237506317,6,3.5600197073392525,5.268002754969433,6,0.00010045966892253013,0.00019690095108815904,0.00108702690885931,0.002130572741364247,0.00014488381957438828,0.00028397228636580104,0.00016600803195684802,0.0003253757426354221,0.00014161176587344112,0.0002775590611119446,0.0001057409305041423,0.0002072522237881189,0.9776596240064969,1.9162128630527338,1.150186861370003,2.254366248285206,0.0001445454876498417,0.0002833091557936897,0.0001057829929912247,0.0002073346662628004,0.7078074026586522,1.3873025092109583,2.1664519389648245,4.246245800371056,0.00014835530383188456,0.00029077639551049374,9.496710898763871e-05,0.00018613553361577188,0.9715230639524182,1.9041852053467396,1.9019801213380638,3.727881037822605,0.00015642196391318886,0.0003065870492698502,0.00012137710699741596,0.00023789912971493527,0.4346555198457755,0.85192481889772,2.1506531188751916,4.215280112995376
sigmoid,iterative_dopt,20,highdim_strong,Strong nonlinear,542.0,2.0,271,270,0.0010766584423931105,0.00019702142713744601,6,0.009081000234330562,0.004574225719217213,6,0.0018439092170980456,0.00038609124735943553,6,0.002916000633532159,0.0005782730507293601,6,0.0030196093703676124,0.0006439325474600252,6,0.0017604423204676523,0.0004526614807463228,6,-7.6151237303446955,31.814395246616577,6,2.1507030996925356,33.983347735007555,6,0.0028746188218139756,0.0003689884153113731,6,0.0017379774128044902,0.00037332903045702795,6,-1.978238964635751,22.95667576277105,6,4.329979886281989,27.10240119567955,6,0.0034209949502645286,0.00038377126602708836,6,0.002163666199239658,0.00024152092271586767,6,-21.44769188786506,27.437211776353276,6,-18.181616468598428,22.99455659597802,6,0.0026822695188607935,0.00030802412160253116,6,0.001580592914218226,0.00014048458470029292,6,6.430168876185735,11.65121574252357,6,13.90375607556428,15.689617323333328,6,8.043366081361289e-05,0.00015764997519468127,0.0018674198300662618,0.003660142866929873,0.00015762109169755004,0.00030893733972719805,0.000236078984381584,0.00046271480938790466,0.0002628843616745956,0.0005152533488822074,0.00018479827567352713,0.0003622046203201132,12.988172471572868,25.456818044282823,13.873643617055826,27.19234148942942,0.000150638889751838,0.0002952522239136025,0.00015241093846461314,0.0002987254393906417,9.37202363488448,18.36916632437358,11.064508955601935,21.686437552979793,0.00015667396328471122,0.000307080968038034,9.860050381000776e-05,0.0001932569874676152,11.201194802791196,21.954341813470744,9.387488420282573,18.39947730375384,0.0001257503210658664,0.00024647062928909814,5.7352591540420355e-05,0.00011241107941922389,4.756588908710897,9.322914261073358,6.405259450283042,12.554308522554763
sigmoid,iterative_dopt,20,highdim_strong,Strong nonlinear,813.0,3.0,271,270,0.0010766584423931105,0.00019702142713744601,6,0.009081000234330562,0.004574225719217213,6,0.0018439092170980456,0.00038609124735943553,6,0.0024094662942183227,0.00045802521436960077,6,0.0023410746513439344,0.0002984218228284746,6,0.001399407176586694,0.000244372951470785,6,0.6967522726920885,16.608177843748983,6,3.9357110411353045,18.635506435171795,6,0.0024232762712147445,0.0003046307675884797,6,0.0015607052348198017,0.00029372739312273963,6,-2.981273276472461,18.26931585790218,6,-5.657474547097121,12.117627927640896,6,0.0027931444705337313,0.0003496213042584667,6,0.0018473060649852855,0.00028827441058087066,6,-19.798797003391265,27.011872987646825,6,-26.019212547046475,18.423751443717077,6,0.002223391483988768,0.00042464310971971416,6,0.001564741829723812,0.0005466286053782128,6,7.4840734337188835,8.002588775430478,6,-3.850545230779113,21.99870460348173,6,8.043366081361289e-05,0.00015764997519468127,0.0018674198300662618,0.003660142866929873,0.00015762109169755004,0.00030893733972719805,0.00018698801075573392,0.00036649650108123847,0.00012183019900683459,0.00023878719005339578,9.976483967355654e-05,0.00019553908576017083,6.7802602124303295,13.289310016363446,7.607913644087204,14.91151074241092,0.00012436499009069123,0.0002437553805777548,0.0001199137061047655,0.00023503086396534035,7.458416966932908,14.6184972551885,4.94700088593656,9.696121736435657,0.00014273229977326517,0.0002797553075555997,0.0001176875353041182,0.00023066756919607167,11.027550969433817,21.61399990009028,7.521465030828625,14.742071460424105,0.00017335982360033194,0.0003397852542566506,0.00022316019366430098,0.0004373939795820299,3.2670431868547922,6.403404646235392,8.980933546790931,17.602629751710225
sigmoid,iterative_dopt,20,highdim_strong,Strong nonlinear,1084.0,4.0,271,270,0.0010766584423931105,0.00019702142713744601,6,0.009081000234330562,0.004574225719217213,6,0.0018439092170980456,0.00038609124735943553,6,0.0021881237465320685,0.0004311857111335452,6,0.002153087349097272,0.0002865665071684912,6,0.0012832471344728343,0.0002524149050414583,6,-0.564737678279181,16.44319168801319,6,4.907695165816886,27.783111727155795,6,0.0021664211701564713,0.00030022066921977863,6,0.0014625190462220236,0.0002891514100724652,6,-1.3603742322447285,17.94852710414511,6,-5.1958092248538925,16.957429227640837,6,0.0023708960292023753,0.0003184276951144608,6,0.0016636467075660886,0.00024301255425006901,6,-11.593212350787008,22.95704340514056,6,-20.72646073038976,20.821439981991446,6,0.0021470317186565477,0.0004253045855556708,6,0.00116928914364745,0.00020594636998797657,6,1.7017772447327637,5.418591232937141,6,13.861501720374354,21.452376719532445,6,8.043366081361289e-05,0.00015764997519468127,0.0018674198300662618,0.003660142866929873,0.00015762109169755004,0.00030893733972719805,0.00017603082944271493,0.00034502042570772127,0.0001169902866557369,0.0002293009618452443,0.00010304795347077368,0.00020197398880271642,6.712904896400987,13.157293596945935,11.342407866377858,22.2311194181006,0.00012256457497089154,0.0002402265669429474,0.00011804556884729936,0.00023136931494070672,7.327455506611552,14.361812792958641,6.922841492846318,13.568769325978781,0.00012999756216682684,0.0002547952218469806,9.920945983384745e-05,0.000194450541274341,9.372173724253335,18.369460499536537,8.500317277643935,16.66062186418211,0.0001736298699795444,0.000340314545159907,8.407725347482967e-05,0.00016479141681066616,2.2121306075690637,4.335775990835365,8.757896122135895,17.165476399386353
sigmoid,iterative_dopt,50,highdim_smooth,Smooth,2852.0,2.0,1426,1425,0.0036045804399217965,0.0005206887126758348,6,0.07875072499068451,0.006575683615784566,6,0.013438713815737508,0.001598157591009758,6,0.014788485527229214,0.001621418422083259,6,0.014217855009583912,0.0015985060859358745,6,0.0038854013361252077,0.0005245700335989133,6,3.8712211620420818,1.0522264182316319,6,2.448244616240892,3.5017142074762977,6,0.014306912298289056,0.0014853961915369052,6,0.003768116720443817,0.00035597792918043973,6,3.196041769574459,1.1955679035433422,6,5.001547613572199,4.077924702444421,6,0.014205991995009,0.0015418750738467072,6,0.0037416836427865206,0.0004261020389259505,6,3.919373094731629,0.9052166095777371,6,5.870281641870708,2.406975234051123,6,0.014755556260725855,0.0016491370924046193,6,0.003955284105014272,0.00043768624860373526,6,0.23963039790242138,1.3847230566822422,6,0.4672036878912032,2.8338871991772487,6,0.00021257027681373915,0.0004166377425549287,0.002684511594775283,0.005261642725759554,0.0006524451044215793,0.0012787924046662954,0.0006619412989421049,0.0012974049459265255,0.0006525873768794018,0.0012790712586836274,0.00021415481944532755,0.00041974344611284196,0.4295696364239775,0.8419564873909959,1.4295688388952197,2.8019549242346304,0.0006064104558564745,0.00118856449347869,0.00014532738103078063,0.00028484166682033005,0.48808855275503416,0.956653563399867,1.6648057884132923,3.263019345290053,0.0006294678630067609,0.0012337570114932513,0.0001739554289546857,0.000340952640751184,0.3695531333596053,0.7243241413848264,0.9826435244902276,1.925981308000846,0.0006732573987147316,0.001319584501480874,0.0001786846627520163,0.00035022193899395194,0.5653108206564204,1.1080092084865838,1.1569296044315367,2.267582024685812
sigmoid,iterative_dopt,50,highdim_smooth,Smooth,4278.0,3.0,1426,1425,0.0036045804399217965,0.0005206887126758348,6,0.07875072499068451,0.006575683615784566,6,0.013438713815737508,0.001598157591009758,6,0.013890665448301719,0.0015921430938545648,6,0.013648720821021828,0.0015391011054368168,6,0.003675830932659314,0.00041722308999339006,6,1.7222000946109695,0.41611042621242933,6,1.1945373106849642,2.4396524066794694,6,0.013715531162753833,0.0015538318015945163,6,0.003730512547964603,0.000434468626779939,6,1.2399453248492784,1.0976556490036253,6,-0.29826445070920865,4.3076604738982756,6,0.013666784483359902,0.001582141802494947,6,0.0038298898876434114,0.0004441671678394684,6,1.6212010138633062,0.5449777909291168,6,-3.0018362443696844,5.574618469686891,6,0.013873636069917246,0.00154217654376755,6,0.00375950317966943,0.00039923955541436247,6,0.0950285264450751,0.5906649575041815,6,-1.2031686143756128,4.9287966437224755,6,0.00021257027681373915,0.0004166377425549287,0.002684511594775283,0.005261642725759554,0.0006524451044215793,0.0012787924046662954,0.0006499896962399719,0.001273979804630345,0.0006283353951456223,0.0012315373744854197,0.00017033061323185197,0.00033384800193442986,0.1698763701454137,0.33295768548501087,0.9959839243529426,1.9521284917317674,0.0006343491766693457,0.0012433243862719175,0.00017737107414309225,0.00034764730532046084,0.44811604222373214,0.878307442758515,1.758595024367725,3.446846247760741,0.000645906686139977,0.001265977104834355,0.0001813304869506387,0.0003554077544232518,0.2224862514875845,0.4360730529156656,2.2758284602379497,4.460623782066381,0.0006295909375865712,0.0012339982376696795,0.0001629888659834662,0.00031945817732759375,0.2411379591379924,0.4726303999104651,2.0121728038437263,3.9438586955337036
sigmoid,iterative_dopt,50,highdim_smooth,Smooth,5704.0,4.0,1426,1425,0.0036045804399217965,0.0005206887126758348,6,0.07875072499068451,0.006575683615784566,6,0.013438713815737508,0.001598157591009758,6,0.013613205745468815,0.0015950806224734023,6,0.013506613783760833,0.001591969056398098,6,0.003658302815882289,0.0004792727019781917,6,0.7877725654433618,0.330247800345398,6,0.39204032935599126,2.393294604228638,6,0.013527964308320295,0.0015445490986049563,6,0.0036465484835254114,0.00046021556247957283,6,0.5960692827530346,0.6048589435762999,6,0.6560874204312078,3.8525536001335965,6,0.013536919926866979,0.00157874089845981,6,0.0036758181510811194,0.00039893220249721453,6,0.5534665701366426,0.331209354371393,6,-0.319695493767354,2.9207942341754927,6,0.013598534685418507,0.0016004039745914282,6,0.0036117083066416855,0.00047424868208125354,6,0.11329957353546022,0.4308982802597383,6,1.6738533188118545,1.7935745869726525,6,0.00021257027681373915,0.0004166377425549287,0.002684511594775283,0.005261642725759554,0.0006524451044215793,0.0012787924046662954,0.000651188937276801,0.0012763303170625299,0.0006499186457458927,0.0012738405456619497,0.00019566226124859327,0.0003834980320472428,0.1348230999204599,0.2642532758441014,0.9770584307527291,1.915034524275349,0.0006305595290429741,0.0012358966769242291,0.00018788221662715076,0.0003682491445892155,0.24693262968680263,0.48398795418613316,1.5727984211749417,3.0826849055028855,0.0006445182728816006,0.0012632558148479372,0.00016286338968047147,0.00031921224377372406,0.13521565270776098,0.2650226793072115,1.192409252898853,2.337122135681752,0.0006533621866785222,0.0012805898858899035,0.00019361121371441184,0.0003794779788802472,0.1759134862798567,0.34479043310851915,0.7322237589510147,1.4351585675439886
sigmoid,iterative_dopt,50,highdim_strong,Strong nonlinear,2852.0,2.0,1426,1425,0.0019020884293474186,0.0005413429486211518,6,0.04589792381798832,0.007405958522563518,6,0.007128073244256526,0.0016953021875184772,6,0.008183979307299956,0.0017620007601262917,6,0.007996765603886,0.0018163913401507545,6,0.0022245493137805165,0.000552738263013548,6,2.5388755644074683,3.1544114783804584,6,0.14870474389793356,7.144229334383364,6,0.008038946438033249,0.0017496027225903706,6,0.00209650966448942,0.0004966531614423814,6,1.8358431415219212,2.8113454694345967,6,5.235008798135326,7.097382224981486,6,0.008027732612438106,0.0018099502542834457,6,0.0020669885295516756,0.00037212516997911206,6,2.143526117095538,3.1445076328461896,6,6.078277945273931,4.146375324871146,6,0.00816676262135709,0.0017176660976717176,6,0.002189934189468595,0.0005620675568013063,6,0.15680361367871407,2.23835015444315,6,1.9165444531986031,5.365707901436611,6,0.00022100233332925207,0.00043316457332533403,0.0030234699060828333,0.005926001015922353,0.0006921042198740657,0.0013565242709531688,0.0007193337981175859,0.0014098942443104682,0.0007415386594299107,0.001453415772482625,0.00022565445094924606,0.00044228272386052225,1.2877830934684091,2.524054863198082,2.9166194124437905,5.7165740483898295,0.0007142723204884392,0.0013999737481573409,0.0002027578041123252,0.0003974052960601574,1.1477269818000007,2.2495448843280013,2.8974941601173003,5.679088553829908,0.000738909097135851,0.001448261830386268,0.00015191946448254694,0.000297762150385792,1.2837398654600256,2.51613013630165,1.6927506380001902,3.3177912504803726,0.0007012342479622135,0.0013744191260059385,0.00022946311918933354,0.00044974771361109373,0.9138026240109398,1.791053143061442,2.1905410778899386,4.2934605126642795
sigmoid,iterative_dopt,50,highdim_strong,Strong nonlinear,4278.0,3.0,1426,1425,0.0019020884293474186,0.0005413429486211518,6,0.04589792381798832,0.007405958522563518,6,0.007128073244256526,0.0016953021875184772,6,0.00751030267487426,0.0017297422224967593,6,0.007372829072408843,0.0017461749715224628,6,0.002020768496515599,0.00043307892005467724,6,1.9687329587168758,1.2072587819026166,6,-2.0359537204182456,9.50799194248389,6,0.007395985917084135,0.0017517404699556496,6,0.0019197852925046206,0.0003757044847165303,6,1.6750533948249373,1.8090882372683559,6,2.9355645485307913,3.175262248615897,6,0.007398022216299989,0.001727320517982103,6,0.002047864278456641,0.0006112718573076503,6,1.5963605050899226,1.3469597885380018,6,-2.288835227480822,10.171827263975427,6,0.007498820327859478,0.0017329450697459194,6,0.002026391569915135,0.0004069894571240966,6,0.17097023245660148,1.0550536897326692,6,-2.4287708784711923,4.388840541668966,6,0.00022100233332925207,0.00043316457332533403,0.0030234699060828333,0.005926001015922353,0.0006921042198740657,0.0013565242709531688,0.000706164305277465,0.0013840820383438314,0.0007128729469748302,0.0013972309760706672,0.000176803728748258,0.0003465353083465857,0.4928613338592289,0.9660082143640887,3.881621456263233,7.607978054275937,0.000715145052195758,0.0014016843023036856,0.00015338071360513006,0.0003006261986660549,0.7385571801630898,1.447572073119656,1.2962953847718817,2.540738954152888,0.000705175648549348,0.001382144271156722,0.00024955069075451866,0.0004891193538788565,0.5498940309942058,1.0777923007486432,4.152631091411681,8.139156939166895,0.0007074718621915515,0.001386644849895441,0.00016615275010772813,0.00032565939021114715,0.4307238651809532,0.8442187757546682,1.79173664825485,3.511803830579506
sigmoid,iterative_dopt,50,highdim_strong,Strong nonlinear,5704.0,4.0,1426,1425,0.0019020884293474186,0.0005413429486211518,6,0.04589792381798832,0.007405958522563518,6,0.007128073244256526,0.0016953021875184772,6,0.007274519260886478,0.0017064845620161564,6,0.007185184801145214,0.0016844299622323434,6,0.001975217770584106,0.0006073829498346906,6,1.2327869325270406,0.6638663844548329,6,-0.6391623048900289,7.117594401945546,6,0.007204131159995942,0.0016991408663591728,6,0.0018946737989979055,0.00040838581529297683,6,1.011716571303523,1.0181014276633145,6,1.976231836924784,3.8744841581527893,6,0.007222346811697571,0.0016864589142476286,6,0.0018641204568679796,0.00040985339709775903,6,0.7166522799799496,0.6089098755450071,6,3.6366204004756084,5.8613425124290695,6,0.007243433413808155,0.0017268940014247632,6,0.0020665088527496876,0.0006125514102690634,6,0.5084724956576419,0.4721174057330693,6,-5.352560532120063,11.120250670882788,6,0.00022100233332925207,0.00043316457332533403,0.0030234699060828333,0.005926001015922353,0.0006921042198740657,0.0013565242709531688,0.0006966694051460699,0.001365472034086297,0.0006876656524874635,0.0013478246788754286,0.0002479630509269107,0.000486007579816745,0.2710223165501112,0.5312037404382179,2.9057457468094308,5.695261663746484,0.0006936713539484195,0.0013595958537389022,0.00016672281094304872,0.0003267767094483755,0.4156381673623665,0.8146508080302383,1.581751533995196,3.100233006630584,0.000688493968679137,0.0013494481786111084,0.00016732194870596693,0.0003279510194636952,0.24858641573781276,0.487229374846113,2.3928830605223315,4.690050798623769,0.0007050015238939595,0.0013818029868321606,0.0002500730660635736,0.0004901432094846042,0.19274112378875957,0.37777260262596873,4.539823325917524,8.898053718798348
softplus,gpu_geometry,5,highdim_nonlinear,Random nonlinear,62.0,2.0,31,30,0.0032146434168539256,0.0002204310496991545,2,0.028871544749840886,0.0009312287981455129,2,0.0011738121060280338,1.5642667414573033e-06,2,0.007109790291537058,0.0005410776552529418,2,0.009133377396929362,0.00020515077954217422,2,0.018535101105087888,0.0001425272119403015,2,-28.945182407982884,12.698607301422006,2,-31.727683838985897,15.308240742655068,2,0.015990265842497686,0.00017295494261511643,2,0.02440759969771046,0.0001231729605890771,2,-125.4652346691739,14.72599077626305,2,-73.34324706767705,17.95005010835115,2,0.02593538276213276,0.006657997989477426,2,0.04925672791272789,0.01190819461876337,2,-262.26979325199846,66.07560692826299,2,-245.32582861067172,46.60472955692764,2,0.003010471427834863,0.0006694795083677901,2,0.006745499331325211,0.0014162873461193782,2,57.17506097950701,12.67541864569605,2,51.53402885889089,15.263917801329532,2,0.00015586829002634103,0.0003055018484516284,0.0006584781980048908,0.0012906172680895859,1.1061036204690429e-06,2.167963096119324e-06,0.0003825996791778721,0.0007498953711886293,0.00014506350737997784,0.00028432447446475657,0.00010078195806659945,0.00019753263781053493,8.979271334460504,17.59937181554259,10.824560837167589,21.216139240848474,0.000122297612762879,0.00023970332101524286,8.709643569135977e-05,0.00017070901395506517,10.412847937586152,20.409181957668856,12.69260215425342,24.877500222336703,0.0047079155274858875,0.00922751443387234,0.008420365166616733,0.016503915726568796,46.72250972999157,91.57611907078348,32.954520305068655,64.59085979793457,0.0004733935002323003,0.0009278512604553086,0.0010014663865497112,0.001962874117637434,8.96287447875008,17.567233978350156,10.793219784794168,21.15471077819657
softplus,gpu_geometry,5,highdim_nonlinear,Random nonlinear,93.0,3.0,31,30,0.0032146434168539256,0.0002204310496991545,2,0.028871544749840886,0.0009312287981455129,2,0.0011738121060280338,1.5642667414573033e-06,2,0.0044745675167391355,0.00030093025337580225,2,0.006803346319375602,6.286025622927965e-05,2,0.01376511463895077,0.0002914878444796849,2,-52.436757704377165,11.65673722601531,2,-63.810218598442276,12.012562061101573,2,0.02084255773686165,3.848092293903363e-05,2,0.023211330920030387,0.001204281996932971,2,-366.88528416931257,32.25965383613266,2,-175.69747299716505,0.08655168697697158,2,0.011865204232738794,0.0016241559915398183,2,0.024218537380367534,0.0030953933562118943,2,-164.54756770740823,18.50575106176606,2,-189.01166346042294,51.85139227310106,2,0.001624395524179444,2.9446792611126386e-05,2,0.004004300205472503,0.00015987859458868034,2,63.592684999409286,3.106611250578089,2,52.32396306764769,4.3875164576298715,2,0.00015586829002634103,0.0003055018484516284,0.0006584781980048908,0.0012906172680895859,1.1061036204690429e-06,2.167963096119324e-06,0.0002127898228262157,0.0004170680527393828,4.444891344684755e-05,8.71198703558212e-05,0.00020611303146503493,0.00040398154167146846,8.24255793902509,16.155413560489176,8.494164092829172,16.648561621945177,2.7210121556507646e-05,5.3331838250754984e-05,0.0008515559664921808,0.0016690496943246743,22.81101998626002,44.70959917306964,0.06120128478455199,0.11995451817772189,0.0011484517153225664,0.00225096536203223,0.0021887736326172166,0.004289996319929744,13.085542066724932,25.647662450780864,36.66447109027351,71.86236333693607,2.082202673952139e-05,4.0811172409461924e-05,0.00011305123840023072,0.0002215804272644522,2.1967058817941876,4.3055435283166075,3.1024426397576614,6.080787573925016
softplus,gpu_geometry,5,highdim_nonlinear,Random nonlinear,124.0,4.0,31,30,0.0032146434168539256,0.0002204310496991545,2,0.028871544749840886,0.0009312287981455129,2,0.0011738121060280338,1.5642667414573033e-06,2,0.0026366258097780893,0.0001328440041191722,2,0.006170356679041485,6.446917203553062e-05,2,0.012009106121572695,0.0007307928842730839,2,-134.38383577758597,14.25435657561937,2,-87.7443952424043,8.61357744588999,2,0.023730959229366397,0.0003667958260187113,2,0.02413569534939499,0.0006251421868751157,2,-800.8432875438548,31.476611694974757,2,-278.03057926075144,30.542639305146977,2,0.008080481917894372,8.376064303053772e-05,2,0.017973401224155285,0.0013285685668517938,2,-206.7799200312126,12.280016579211562,2,-180.7909382916962,9.208345720414876,2,0.0024560368762955656,9.455917107637269e-05,2,0.0051957803143476275,0.0006407172211192906,2,6.640396586797499,8.290209618279025,2,17.97193175152834,18.735020711690105,2,0.00015586829002634103,0.0003055018484516284,0.0006584781980048908,0.0012906172680895859,1.1061036204690429e-06,2.167963096119324e-06,9.393489615264031e-05,0.000184112396459175,4.558658872380584e-05,8.934971389865944e-05,0.0005167486041123734,0.001012827264060252,10.079352196071511,19.755530304300162,6.090719022264313,11.937809283638053,0.0002593638158887518,0.0005083530791419535,0.0004420422795451822,0.0008664028679085571,22.257325578292438,43.62435813345318,21.596907368004207,42.32993844128824,5.922771868343895e-05,0.00011608632861954035,0.0009394398428921964,0.0018413020920687048,8.683282996243726,17.0192346726377,6.511283702415483,12.762116056734346,6.686343109148197e-05,0.00013105232493930465,0.000453055491876451,0.0008879887640778439,5.862063438543038,11.489644339544355,13.24766019090649,25.96541397417672
softplus,gpu_geometry,5,highdim_poly3,Sparse cubic,62.0,2.0,31,30,0.0010198263316279243,0.00033993629820082134,6,0.015566865498626558,0.002873966415312217,6,0.00036828404837274366,0.00010832945318885572,6,0.0009832597574531887,0.0003510025804061219,6,0.0020465845383605325,0.0006344329167897461,6,0.002969570678189698,0.0009444369371885774,6,-112.58968300195505,32.010281480498435,6,-26.425160077192277,30.29661606773447,6,0.002333708349182532,0.0014530383151797979,6,0.0033717337360432025,0.0017425436765451609,6,-122.96078458963927,65.96323942903044,6,-32.56665470710179,27.423299594603122,6,0.004198821303277429,0.0008009545986191675,6,0.009577699572959002,0.002024082619798071,6,-359.01710936028985,121.12601237267981,6,-314.4822603778591,85.11645913229817,6,0.0016114827845870822,0.00048148476906697516,6,0.0029051632987972683,0.0009187934953381492,6,-70.11808971193004,34.61852098501809,6,-20.43637940250223,10.332547925320345,6,0.00013877841260709928,0.0002720056887099146,0.0011732918759017692,0.0022996520767674675,4.422531407123543e-05,8.668161557962144e-05,0.0001432962033992039,0.0002808605586624396,0.0002590061536934161,0.0005076520612390955,0.00038556476505816355,0.0007557069395140005,13.068142691680542,25.61355967569386,12.368541716492603,24.242341764325502,0.0005932004081506444,0.001162672799975263,0.0007113904770081767,0.0013943253349360263,26.92937973036016,52.78158427150591,11.195515178375073,21.943209749615143,0.0003269883456254447,0.0006408971574258717,0.0008263282692901798,0.0016196034078087523,49.44948748185126,96.92099546442846,34.748648931097996,68.10735190495207,0.00019656533385598049,0.00038526805435772175,0.0003750958737611167,0.0007351879125717887,14.132952010521002,27.700585940621163,4.218245026647966,8.267760252230014
softplus,gpu_geometry,5,highdim_poly3,Sparse cubic,93.0,3.0,31,30,0.0010198263316279243,0.00033993629820082134,6,0.015566865498626558,0.002873966415312217,6,0.00036828404837274366,0.00010832945318885572,6,0.0007944914840860479,0.0002568425427547295,6,0.0014875302715869562,0.0004577734191651184,6,0.0022094202411891938,0.0006936221999433478,6,-99.8640222254025,66.08522899025161,6,-11.5466765189581,27.730272154156463,6,0.0023249132418199096,0.0015760389089644739,6,0.0029310474737832305,0.0013539879084790514,6,-168.07271006881717,103.43828210889797,6,-36.969632888879396,25.29102739634691,6,0.003110231069178349,0.0008140374472730175,6,0.007080421089920664,0.002078069765855085,6,-298.5501336448485,35.15698342265386,6,-250.16678937445639,23.7129827489386,6,0.0010502447484695137,0.00026445653226877505,6,0.002226343238139236,0.0006690010389261912,6,-36.498073538748876,24.958273816478886,6,-11.578682474883939,22.405987312676906,6,0.00013877841260709928,0.0002720056887099146,0.0011732918759017692,0.0022996520767674675,4.422531407123543e-05,8.668161557962144e-05,0.00010485552899800999,0.00020551683683609956,0.00018688521579395697,0.0003662950229561557,0.0002831700773546555,0.0005550133516151249,26.979181760183142,52.87919624995896,11.32083620103204,22.1888389540228,0.0006434151902892783,0.0012610937729669854,0.0005527632489453142,0.0010834159679328158,42.22850183947639,82.76786360537372,10.32501869863335,20.237036649321364,0.00033232939622277645,0.0006513656165966418,0.0008483684293749787,0.0016628021215749581,14.35277838016481,28.13144562512303,9.68078466905326,18.97433795134439,0.00010796392720072884,0.00021160929731342854,0.00027311853046016585,0.000535312319701925,10.1891726185065,19.97077833227274,9.147206016555351,17.928523792448487
softplus,gpu_geometry,5,highdim_poly3,Sparse cubic,124.0,4.0,31,30,0.0010198263316279243,0.00033993629820082134,6,0.015566865498626558,0.002873966415312217,6,0.00036828404837274366,0.00010832945318885572,6,0.0006830337631601324,0.00022354001308698496,6,0.0012849303566374686,0.00017388686242958678,6,0.002197966482388769,0.0006294389568506418,6,-103.99354927964158,59.485463764291794,6,-23.870914741615042,20.426545135727917,6,0.0021675939516877215,0.0015455274012582296,6,0.0029510181166432403,0.001449047095189008,6,-187.00579948054443,121.75447299209524,6,-54.64809893104475,30.729350026314716,6,0.002576067243419671,0.0008500650123324859,6,0.005946204629182471,0.0021636308571410844,6,-276.9680197915831,50.69192417576286,6,-222.78561579790153,39.95502585820917,6,0.000978687920369681,0.00038262503418658194,6,0.001817544661162138,0.0006981459511381156,6,-40.59926043755915,24.870721096587484,6,1.110036483666567,9.457880945282,6,0.00013877841260709928,0.0002720056887099146,0.0011732918759017692,0.0022996520767674675,4.422531407123543e-05,8.668161557962144e-05,9.125982819303119e-05,0.00017886926325834114,7.098901432100374e-05,0.00013913846806916732,0.00025696737808563174,0.0005036560610478382,24.284838889222197,47.598284222875506,8.339102131743859,16.344640178217965,0.0006309589194287292,0.0012366794820803091,0.0005915709994125391,0.0011594791588485766,49.70605545535147,97.42386869248888,12.545204615308648,24.58860104600495,0.00034703758806788005,0.0006801936726130448,0.0008832985986227105,0.0017312652533005124,20.694891385078957,40.56198711475476,16.311571002053334,31.970679164024535,0.00015620601609534924,0.0003061637915468845,0.00028501689104640335,0.0005586331064509506,10.153429370285373,19.90072156575933,3.8611637273221215,7.567880905551358
softplus,gpu_geometry,5,highdim_poly4,Sparse quartic,62.0,2.0,31,30,0.0021656797823165533,0.0004458152875409726,6,0.023239113179187244,0.002980886679236989,6,0.0007488787936137427,0.00016394818088994432,6,0.0019241368157801777,0.00047846857629260106,6,0.006488284309127044,0.0017723800738288565,6,0.009843707293647698,0.0020149873279774167,6,-250.613659061878,127.40075863730326,6,-117.81854842248968,56.92123523201166,6,0.007661603284683404,0.0017273156689771886,6,0.011226419421269349,0.003347138486986836,6,-300.92836141492654,34.30035299492564,6,-139.11945078736093,24.59800487609389,6,0.01262582835396174,0.00935505827840963,6,0.027190420378154213,0.02207048053186621,6,-498.0368871733719,302.9739689980471,6,-428.6677823148097,315.7169603564651,6,0.004062174621182245,0.001966346953501965,6,0.00634150509108604,0.001797165248250146,6,-122.10702515556109,133.48521654311912,6,-39.76958499966931,42.225069694230484,6,0.0001820033290012576,0.0003567265248424649,0.0012169418908650025,0.002385206106095405,6.693156457297995e-05,0.0001311858665630407,0.0001953339783121328,0.0003828545974917803,0.0007235711351928461,0.0014181994249779784,0.0008226151319531277,0.0016123256586281303,52.01114191747829,101.94183815825745,23.237996974560172,45.54647407013794,0.0007051736689513812,0.0013821403911447071,0.001366463565258177,0.0026782685879060265,14.003060472485437,27.445998526071456,10.042093439487097,19.682503141394708,0.003819186549350541,0.007485605636727061,0.009010235946850352,0.01766006245582669,123.68860489850417,242.42966560106817,128.8909093359741,252.62618229850924,0.0008027577822260025,0.001573405253162965,0.0007336896402791862,0.0014380316949472048,54.49511145592695,106.81041845361682,17.23831251738707,33.78709253407865
softplus,gpu_geometry,5,highdim_poly4,Sparse quartic,93.0,3.0,31,30,0.0021656797823165533,0.0004458152875409726,6,0.023239113179187244,0.002980886679236989,6,0.0007488787936137427,0.00016394818088994432,6,0.0015791088312268184,0.00041179621806533605,6,0.0055202091154660194,0.0020751006542351724,6,0.0073754240390674205,0.002718452777579286,6,-280.2077996524381,207.99939851402308,6,-92.75766823422437,86.44355707455549,6,0.00630526874957112,0.0007134700254810095,6,0.009152899127851695,0.00218226661603123,6,-311.23583119168677,56.32076804472522,6,-132.13473920375296,25.477850437893913,6,0.009175520308407537,0.006039953642314593,6,0.021260783444709663,0.01586004339733612,6,-437.7976604790354,214.5579023523942,6,-390.15349117413933,255.46617257204295,6,0.002490318539065014,0.0011343301991325067,6,0.004377417262539992,0.0010712838712748755,6,-54.21169159607984,40.8302777111054,6,-11.472306683815054,16.282738772413282,6,0.0001820033290012576,0.0003567265248424649,0.0012169418908650025,0.002385206106095405,6.693156457297995e-05,0.0001311858665630407,0.0001681151020446576,0.00032950560000752886,0.0008471562946319529,0.0016604263374786277,0.0011098036991534835,0.002175215250340828,84.9153988608617,166.43418176728892,35.290434397302654,69.1692514187132,0.0002912729181998309,0.0005708949196716686,0.0008909066153311091,0.0017461769660489738,22.99285727187084,45.06600025286684,10.401288885964174,20.38652621648978,0.0024658007489559157,0.004832969467953595,0.0064748356036451495,0.012690677783144493,87.59289684087739,171.6820778081197,104.29362822388275,204.4155113188102,0.0004630883646173792,0.0009076531946500632,0.00043734980904947706,0.000857205625736975,16.66889107472355,32.671026506458155,6.647400267907383,13.02890452509847
softplus,gpu_geometry,5,highdim_poly4,Sparse quartic,124.0,4.0,31,30,0.0021656797823165533,0.0004458152875409726,6,0.023239113179187244,0.002980886679236989,6,0.0007488787936137427,0.00016394818088994432,6,0.0014409456893443731,0.0003512327072890814,6,0.0046508530772940496,0.0017212633323414519,6,0.0061278503899126835,0.0018863732127777,6,-248.86266454068138,189.31961755774014,6,-71.5164868633413,57.245448487925756,6,0.005055359252013477,0.0011438350959790187,6,0.007806320803629547,0.0023794143595242,6,-252.21446050951218,16.63667728143567,6,-112.57393803192467,27.179862836202517,6,0.007279564615353592,0.003974830088569058,6,0.01719769485418312,0.00999421040747775,6,-381.05939600422295,151.6868438917954,6,-349.392242277966,175.56400927788624,6,0.0027866404929828685,0.0008498275387488645,6,0.004798011238760606,0.0013967727292673602,6,-95.97832690005896,44.83712768207018,6,-31.90859092025312,22.088158365540508,6,0.0001820033290012576,0.0003567265248424649,0.0012169418908650025,0.002385206106095405,6.693156457297995e-05,0.0001311858665630407,0.00014339015230576188,0.0002810446985192933,0.0007027028128665299,0.0013772975132183985,0.000770108639293321,0.0015094129330149092,77.28941021921976,151.48724402967073,23.370356482032825,45.80589870478434,0.0004669687225060031,0.0009152586961117661,0.0009713918445809224,0.001903928015378608,6.791895059145101,13.312114315924397,11.096132537921962,21.748419774327044,0.0016227175885426433,0.003180526473543581,0.004080119313388939,0.00799703385424232,61.92589470468434,121.3747536211813,71.67370665467885,140.48046504317054,0.00034694063988333627,0.000680003654171339,0.000570230078889944,0.0011176509546242902,18.3046807255151,35.8771742220096,9.017452892226988,17.674207668764897
softplus,gpu_geometry,10,highdim_nonlinear,Random nonlinear,172.0,2.0,86,85,0.0006106835087462527,4.141718146563647e-05,2,0.014391737061550176,0.0025898699529162883,2,0.0004915415358831461,6.635502401959424e-05,2,0.0013159252521130046,0.0001529716556417314,2,0.0020738282361334234,9.211298301986892e-05,2,0.0024651764854421443,0.00028127161603000244,2,-58.25711193447927,11.396965065931662,2,-35.31132661946815,1.5802540383800223,2,0.002503567315950489,0.00017894931671521156,2,0.0031326810169866894,0.00015387577919951767,2,-90.74990529903518,8.575256943702676,2,-72.65730946092256,13.261888815867408,2,0.0016146694373554255,7.236780600238545e-05,2,0.0020596032094444446,0.00047338889442038036,2,-23.215090881299556,8.823932691674727,2,-12.22147918506819,11.85938061260348,2,0.0009654433277114336,0.0005361703778194498,2,0.0011548674308141484,0.0004019319019907738,2,28.519124941120992,32.435345327504336,2,37.549046478185716,14.195849479615713,2,2.928636987198534e-05,5.740128494909126e-05,0.0018313146060983919,0.003589376627952848,4.692008745005133e-05,9.19633714021006e-05,0.00010816729503360166,0.00021200789826585924,6.513371492867061e-05,0.0001276620812601944,0.00019888906705011353,0.00038982257141822254,8.058871283066464,15.79538771481027,1.1174083465359403,2.190120359210443,0.00012653627533802528,0.00024801109966252955,0.00010880660693234283,0.00021326094958739196,6.063622335309191,11.884699777206013,9.377571513041877,18.38004016556208,5.117176636387928e-05,0.00010029666207320338,0.0003347364973830535,0.0006560835348707848,6.239462643016864,12.229346780313053,8.385848451844193,16.43626296561462,0.00037912971002748616,0.0007430942316538729,0.00028420877347288295,0.0005570491960068506,22.935252631205714,44.9530951571632,10.037981431739793,19.674443606209994
softplus,gpu_geometry,10,highdim_nonlinear,Random nonlinear,258.0,3.0,86,85,0.0006106835087462527,4.141718146563647e-05,2,0.014391737061550176,0.0025898699529162883,2,0.0004915415358831461,6.635502401959424e-05,2,0.0009417342780822801,0.0001263703928406794,2,0.0019092165336976634,4.350267429434588e-05,2,0.001958802262260771,0.00018212010602719627,2,-104.26321671821796,22.79045799825101,2,-68.93539482963703,4.022057203569658,2,0.0017970875400333398,8.83668774337867e-05,2,0.0021767979151732014,0.00015989158734058345,2,-91.92585220413324,16.370921134287112,2,-87.95120269077009,8.154753834960863,2,0.0012981009364425385,4.447671195791597e-05,2,0.0017481911626113012,0.00037038192838900427,2,-38.774083527023194,13.899105682208122,2,-49.720169414676946,14.43343203541115,2,0.0007141458973389089,4.460623677966365e-05,2,0.0011762874320262221,0.0003027463104382771,2,23.157300846734746,15.048051331168045,2,-3.532389696359502,38.15137140440822,2,2.928636987198534e-05,5.740128494909126e-05,0.0018313146060983919,0.003589376627952848,4.692008745005133e-05,9.19633714021006e-05,8.935736171885233e-05,0.00017514042896895056,3.076103599328168e-05,6.029163054683209e-05,0.0001287783619622435,0.00025240558944599725,16.115287396910478,31.585963297944538,2.844023922964307,5.574286889010042,6.248481826571107e-05,0.0001224702438007937,0.00011306042566320769,0.00022159843429988706,11.575989348324583,22.68893912271618,5.76628173560783,11.301912201791346,3.144978463032319e-05,6.164157787543345e-05,0.00026189957319281516,0.0005133231634579177,9.828151880317836,19.26317768542296,10.205977668034377,20.00371622934738,3.1541372510112954e-05,6.182109011982139e-05,0.00021407396909011337,0.0004195849794166222,10.640579139912177,20.855535114227866,26.97709343162359,52.875103125982235
softplus,gpu_geometry,10,highdim_nonlinear,Random nonlinear,344.0,4.0,86,85,0.0006106835087462527,4.141718146563647e-05,2,0.014391737061550176,0.0025898699529162883,2,0.0004915415358831461,6.635502401959424e-05,2,0.0008799367868103028,1.0852769459532251e-05,2,0.0015421765612183152,5.1371224882778415e-05,2,0.0016254799874584587,1.3145852520855587e-05,2,-75.30926182844564,8.00024910487162,2,-45.53735136517136,4.361747915280827,2,0.0013142004704971267,6.257424410983571e-05,2,0.0016280389963665726,0.00010788136105497839,2,-49.406908036618674,8.95394221228879,2,-45.97271206887899,15.20830719767178,2,0.0012478483190443703,5.742724137509558e-05,2,0.001595284744316362,3.646524996087493e-05,2,-41.86216818965736,8.275959879230763,2,-42.91793093860289,8.701469077325088,2,0.0006595318201579849,3.197572346508259e-05,2,0.0006378811436186301,0.00022068936823667017,2,25.064528002041904,2.709643442929721,2,43.25452972769361,17.588836538380793,2,2.928636987198534e-05,5.740128494909126e-05,0.0018313146060983919,0.003589376627952848,4.692008745005133e-05,9.19633714021006e-05,7.674066879489517e-06,1.5041171083799453e-05,3.632494147247172e-05,7.119688528604457e-05,9.295521461975254e-06,1.8219222065471497e-05,5.6570303932363295,11.087779570743205,3.0842215287213595,6.045074196293864,4.424667233768721e-05,8.672347778186693e-05,7.628364196560952e-05,0.00014951593825259467,6.3313932566618805,12.409530783057285,10.753897149841896,21.077638413690114,4.060719180116676e-05,7.959009593028684e-05,2.578482552499715e-05,5.0538258028994414e-05,5.851987351431873,11.469895208806472,6.15286779086162,12.059620870088775,2.2610250895505708e-05,4.431609175519119e-05,0.00015605094881592454,0.0003058598596792121,1.9160072530932695,3.7553742160628083,12.43718558947078,24.376883755362726
softplus,gpu_geometry,10,highdim_poly3,Sparse cubic,172.0,2.0,86,85,0.0006357892650518975,0.00020969533707077768,6,0.016918661029959706,0.002265179511640336,6,0.0004953467861325514,0.00015093415385442424,6,0.0013269277941439924,0.00044904538843180324,6,0.0015902805322096439,0.00040397024244155356,6,0.0016059423278159237,0.0003534559500580049,6,-24.053593908859018,17.22900016710621,6,-1.7731539850526084,15.430435283733912,6,0.0016674108843487492,0.00042496741499884833,6,0.0016212373730970153,0.0002940137437640601,6,-29.792586118520784,15.914264806301132,6,-5.097991318854261,25.673083454254577,6,0.0024167313339209305,0.0009045231686342889,6,0.0028934630966286415,0.000984726030497004,6,-86.5920020441145,46.866214576500845,6,-77.91254328083258,28.652164963503388,6,0.0014529927871998402,0.000657564319331151,6,0.0017139293418873235,0.0007692079212541363,6,-8.1619041413176,24.13001022908056,6,-4.6520644377659615,27.807278875504245,6,8.560776287738852e-05,0.0001677912152396815,0.0009247556632209353,0.0018125210999130332,6.161861028367838e-05,0.00012077247615600962,0.00018332201216796502,0.0003593111438492114,0.00016492016087503653,0.0003232435153150716,0.00014429778736546104,0.00028282366323630363,7.033709864622721,13.786071334660534,6.2994488256976435,12.346919698367381,0.00017349222067612687,0.00034004475252520866,0.00012003060826455781,0.0002352599921985333,6.496971401161658,12.73406394627685,10.480992431135519,20.542745165025618,0.00036927003727990496,0.0007237692730686137,0.00040201271852566777,0.0007879449283103088,19.13305198136905,37.500781883483334,11.697197364438852,22.92650683430015,0.00026844950923697613,0.0005261610381044732,0.00031402781886326293,0.0006154945249719953,9.851035424897667,19.308029432799426,11.3522740633765,22.25045716421794
softplus,gpu_geometry,10,highdim_poly3,Sparse cubic,258.0,3.0,86,85,0.0006357892650518975,0.00020969533707077768,6,0.016918661029959706,0.002265179511640336,6,0.0004953467861325514,0.00015093415385442424,6,0.000990026558716337,0.00033379292762301596,6,0.001125729184814706,0.0002417606951897675,6,0.0011472473266663453,0.00034283652681970294,6,-19.042205464313795,19.23024587480329,6,4.118533849529529,4.298347149118997,6,0.0012687763840788576,0.0003370024087419001,6,0.0013697472604838146,0.00028753470518764725,6,-32.03468625427908,16.811419070375635,6,-18.170022848480002,19.522518901871006,6,0.0017980048870776596,0.0005268713170541937,6,0.002340401391434432,0.0007043445158447568,6,-89.64040615565214,42.349384911311546,6,-97.71931735174557,32.56156154409475,6,0.0009330410584308945,0.00036569557150858425,6,0.0011098289243044862,0.00033808504288630525,6,5.670336825418023,13.546083237187768,6,6.138885566005594,14.528660657879094,6,8.560776287738852e-05,0.0001677912152396815,0.0009247556632209353,0.0018125210999130332,6.161861028367838e-05,0.00012077247615600962,0.00013627039207102424,0.0002670899684592075,9.869839051257766e-05,0.00019344884540465222,0.00013996242598271206,0.00027432635492611565,7.850715003588198,15.387401407032868,1.75479287544805,3.439394035878178,0.00013758065725108474,0.00026965808821212607,0.00011738555184188785,0.00023007568161010017,6.863233095752439,13.45193686767478,7.970034967237291,15.62126853578509,0.00021509431448181855,0.0004215848563843644,0.00028754744449121925,0.0005635929912027897,17.289063992239054,33.88656542478854,13.293201835210548,26.05467559701267,0.0001492945918985849,0.0002926174001212264,0.00013802264078973593,0.00027052437594788243,5.530165324063098,10.839124035163673,5.931300876308724,11.625349717565099
softplus,gpu_geometry,10,highdim_poly3,Sparse cubic,344.0,4.0,86,85,0.0006357892650518975,0.00020969533707077768,6,0.016918661029959706,0.002265179511640336,6,0.0004953467861325514,0.00015093415385442424,6,0.0008186051499621517,0.00026009001784535593,6,0.0009021748921567734,0.00017798695495888355,6,0.00099734530959441,0.00024583073682082896,6,-14.830882496097118,18.03751461245651,6,4.281947535249775,8.383336397364495,6,0.001058891653173841,0.0002951598269214725,6,0.0011328091581759134,0.00029984274100598295,6,-30.954383455689392,8.442789740733804,6,-8.324167194240784,12.039889240719516,6,0.0014810336994243013,0.00037345638150011176,6,0.001837670511201599,0.0004947842821300788,6,-88.98187961205309,41.144554426858065,6,-81.9620987182659,48.2930234002942,6,0.0007936138989169698,0.0002504177823564485,6,0.0009461893962175285,0.00025231848103538873,6,2.2248349857029623,10.417036737559608,6,9.450542389489387,10.89200401168883,6,8.560776287738852e-05,0.0001677912152396815,0.0009247556632209353,0.0018125210999130332,6.161861028367838e-05,0.00012077247615600962,0.0001061813051520822,0.0002081153580980811,7.26628700868328e-05,0.00014241922537019228,0.00010035997805057525,0.0001967055569791275,7.363784504752319,14.433017629314545,3.4224827526075354,6.708066195110769,0.00012049849475430085,0.00023617704971842966,0.0001224102864236914,0.00023992416139043512,3.4467544784004174,6.755638777664818,4.915264199898001,9.633917831800082,0.00015246292931024087,0.0002988273414480721,0.00020199483732799437,0.00039590988116286897,16.797194006662174,32.92250025305786,19.715544244501444,38.64246671922283,0.00010223263154877184,0.0002003759578355928,0.0001030085885351361,0.00020189683352886674,4.252737439807967,8.335365382023614,4.446642017497503,8.715418354295105
softplus,gpu_geometry,10,highdim_poly4,Sparse quartic,172.0,2.0,86,85,0.0011989324794936156,0.0006228218821072924,6,0.02164331601165155,0.004777124658222385,6,0.0008482548001335277,0.00038372539764452393,6,0.002365476310485419,0.0012050601970942704,6,0.003355902152631303,0.0018865343027481363,6,0.0027653736273340972,0.0011839176397536655,6,-35.81539318103809,30.371080535461783,6,4.412667352811497,11.362496176772403,6,0.0029397037304620863,0.001338426896950162,6,0.003056206307664629,0.0015482002721724903,6,-26.738903748424036,9.501761227491889,6,-3.5712951638920543,6.667757671422331,6,0.005093249179011193,0.0028675270279657915,6,0.005585700912131113,0.00342289018979205,6,-118.25348551880437,43.111692822070104,6,-80.19017049031676,23.50021407875845,6,0.00252750614571067,0.001101026177709765,6,0.0030780288650840864,0.0015781319605248213,6,-12.426307398929618,20.812581148518777,6,-4.950823340606782,11.829454548693644,6,0.0002542659686337878,0.0004983612985222241,0.001950252975052055,0.0038224958311020274,0.00015665523759594296,0.0003070442656880482,0.0004919637653697818,0.0009642489801247723,0.0007701744039983625,0.0015095418318367905,0.0004833323524794456,0.0009473314108597134,12.39894170814258,24.301925747959455,4.638719639569514,9.091890493556248,0.0005464104925907566,0.0010709645654778828,0.0006320501144101066,0.0012388182242438089,3.8790777775193805,7.6029924439379855,2.722100670585475,5.335317314347531,0.0011706630070259564,0.0022944994937708746,0.0013973890684281323,0.002738882574119139,17.600274893613317,34.4965387914821,9.593922223187944,18.80408755744837,0.0004494920548059731,0.0008810044274197073,0.0006442696750106429,0.00126276856302086,8.496700674023215,16.6535333210855,4.829354596624149,9.46553500938333
softplus,gpu_geometry,10,highdim_poly4,Sparse quartic,258.0,3.0,86,85,0.0011989324794936156,0.0006228218821072924,6,0.02164331601165155,0.004777124658222385,6,0.0008482548001335277,0.00038372539764452393,6,0.0017105087059567827,0.0008237562233410676,6,0.002446854588407061,0.0015840979644871649,6,0.002096727722733806,0.001049822100900108,6,-32.87687771147772,26.484019750734742,6,3.1453288263091097,6.379115624039711,6,0.00207847116581216,0.0010832961702945557,6,0.002292766013333786,0.0012319198968888268,6,-21.175292461881643,11.175390590853391,6,-5.57914456590924,9.666274478591843,6,0.003507166708397348,0.001778407482669567,6,0.004256540807752175,0.002352432583861005,6,-106.42581751955096,23.855204197602962,6,-93.40550010367478,19.771068187805273,6,0.0018961449545594484,0.0012167531346074139,6,0.002126047827050261,0.0012741574271644186,6,-6.100813556370032,21.132315708205656,6,3.0968239077932593,18.334103786363837,6,0.0002542659686337878,0.0004983612985222241,0.001950252975052055,0.0038224958311020274,0.00015665523759594296,0.0003070442656880482,0.000336297069937959,0.0006591422570783996,0.0006467052859291703,0.0012675423604211738,0.0004285880779836503,0.0008400326328479545,10.812055787848642,21.191629344183337,2.604263048185531,5.104355574443641,0.00044225380958880223,0.0008668174667940524,0.000502929191893282,0.0009857412161108328,4.562334103981837,8.9421748438044,3.946240031039589,7.734630460837595,0.0007260318145479929,0.001423022356514066,0.0009603765807927434,0.001882338098353777,9.73884633233778,19.08813881138205,8.07150478831597,15.8201493850993,0.0004967373871200233,0.0009736052787552458,0.000520172591421708,0.0010195382791865477,8.6272317614176,16.909374252378495,7.484866527970075,14.670338394821346
softplus,gpu_geometry,10,highdim_poly4,Sparse quartic,344.0,4.0,86,85,0.0011989324794936156,0.0006228218821072924,6,0.02164331601165155,0.004777124658222385,6,0.0008482548001335277,0.00038372539764452393,6,0.001458769147450364,0.0007159839392093293,6,0.001770018675554199,0.0008488123517313572,6,0.0017851578733274979,0.000823912804654556,6,-22.53559636630914,5.4756311255201995,6,4.511410665080088,6.8160419486925665,6,0.0019489444027825428,0.0010355889621583444,6,0.002225177849954963,0.001323695990343484,6,-32.62744249312937,9.455892954005462,6,-12.984257259381891,15.219191697933969,6,0.002819158156201075,0.0015660765915205674,6,0.003290187939698702,0.0018288592308274637,6,-92.0231702262218,25.02589247902806,6,-69.8577748600026,16.17984258338169,6,0.0016633142134741656,0.0009077173900036344,6,0.0020326600629574526,0.001064251811279864,6,-12.545323424031167,14.582118815250576,6,-6.611634902103648,11.84868537674789,6,0.0002542659686337878,0.0004983612985222241,0.001950252975052055,0.0038224958311020274,0.00015665523759594296,0.0003070442656880482,0.00029229921918179114,0.0005729064695963106,0.0003465261915189378,0.0006791913353771181,0.00033636099399150923,0.000659267548223358,2.23541704620434,4.381417410560506,2.7826374732837182,5.453969447636088,0.00042277742342439027,0.000828643749911805,0.0005403966251515975,0.0010591773852971311,3.8603521332820177,7.5662901812327545,6.21320899292336,12.177889626129787,0.0006393480912237452,0.0012531222587985407,0.0007466286544843676,0.0014633921627893603,10.216777821895652,20.02488453091548,6.605393074639988,12.946570426294375,0.0003705740726933034,0.0007263251824788747,0.0004344789825780743,0.0008515788058530257,5.9531250776669795,11.66812515222728,4.837205549301499,9.480922876630938
softplus,gpu_geometry,20,highdim_nonlinear,Random nonlinear,542.0,2.0,271,270,0.00200043399120921,0.0022542026926849,3,0.038503909301472246,0.023568469304561544,3,0.0030159525814320736,0.0035406730639172667,3,0.006805194748176941,0.007634528105330615,3,0.004560596035177862,0.0036658776047975763,3,0.003035617167057948,0.0024991962308011984,3,12.299744883617032,30.084909387378787,3,12.394457340963434,19.85618560989761,3,0.0047746602512947775,0.0038950703571584465,3,0.0032534007179822696,0.0026385114029175006,3,8.922934048556556,30.781446533145903,3,5.339451985453444,22.29073530437491,3,0.006742552018545883,0.005321853413023256,3,0.004339428663310606,0.0033575011814790307,3,-31.296285339403124,47.95864271479373,3,-30.078536521767333,39.90836700213725,3,0.005098407441415765,0.004781096666966564,3,0.003517543950749724,0.0032770458112237246,3,11.992728503025901,17.900656955971577,3,6.308081013627805,12.122080401229981,3,0.0013014645314296065,0.002550870481602029,0.01360726209737604,0.026670233710857038,0.002044208546565091,0.004006648751267578,0.004407796856748394,0.008639281839226852,0.0021164954219461012,0.0041483310270143585,0.00144291161661077,0.0028281067685571094,17.36953053334864,34.044279845363334,11.46397410695356,22.469389249628975,0.002248819919217961,0.004407687041667203,0.0015233452687343162,0.00298575672671926,17.77167644195786,34.83248582623741,12.86956202841555,25.224341575694474,0.0030725735005967055,0.006022244061169543,0.001938454210931405,0.003799370253425554,27.68893528135525,54.270313151456286,23.04110643160232,45.16056860594055,0.0027603674476947685,0.005410320197481746,0.001892003281256753,0.003708326431263236,10.334949112201338,20.25650025991462,6.998686382788417,13.717425310265297
softplus,gpu_geometry,20,highdim_nonlinear,Random nonlinear,813.0,3.0,271,270,0.00200043399120921,0.0022542026926849,3,0.038503909301472246,0.023568469304561544,3,0.0030159525814320736,0.0035406730639172667,3,0.005289047530257916,0.005938304582682873,3,0.00392974066517109,0.003401659769592923,3,0.002853135608569625,0.002548207387918746,3,7.885977017023353,24.135085663647697,3,-1.9210098969819036,23.731813096186933,3,0.004044888371204188,0.0035906542262805637,3,0.0026226964056355793,0.0022708845144330417,3,6.774916458757602,22.61772990552775,3,4.438999877463058,23.90109269924856,3,0.005048908719512372,0.004421365029562888,3,0.0035804746673822573,0.0032386070229693162,3,-17.48369613372979,30.057951001135862,3,-26.644975188136,27.579280562020738,3,0.004191768162745976,0.005008362021078832,3,0.0032741026147025936,0.0037924108506275263,3,25.95159956352633,7.7095442806854795,3,6.5877457029076405,6.5326895983567494,3,0.0013014645314296065,0.002550870481602029,0.01360726209737604,0.026670233710857038,0.002044208546565091,0.004006648751267578,0.003428481749341945,0.006719824228710212,0.0019639491836659943,0.003849340399985349,0.0014712082213658812,0.0028835681138771273,13.934398204821676,27.311420481450483,13.701568679441413,26.85507461170517,0.002073065184109951,0.004063207760855504,0.0013110957857064693,0.0025697477399846797,13.058352449414695,25.5943708008528,13.799302303837356,27.046632515521217,0.002552676290003731,0.005003245528407313,0.0018698106365107473,0.0036648288475610645,17.353966101794374,34.01377355951697,15.922905056538887,31.20889391081622,0.002891579161068962,0.005667495155695166,0.00218954942548746,0.004291516873955422,4.451107465783101,8.724170632934879,3.771650098143538,7.392434192361335
softplus,gpu_geometry,20,highdim_nonlinear,Random nonlinear,1084.0,4.0,271,270,0.00200043399120921,0.0022542026926849,3,0.038503909301472246,0.023568469304561544,3,0.0030159525814320736,0.0035406730639172667,3,0.0041732259759778385,0.004666877464352862,3,0.003679472374068283,0.0033520326399539596,3,0.0026632320194842894,0.002545125607617872,3,-4.94984628676207,22.512055383824237,3,-10.456324779673158,22.329451820859024,3,0.0037052087302010504,0.003369684003324361,3,0.0026111384491214356,0.0024369310784345985,3,-5.812911927459951,22.872661290929887,3,-10.285866281886937,24.793547325454174,3,0.003799560379499328,0.003590138979000403,3,0.0026844860696622827,0.0025341538073843928,3,-5.547609048100976,19.578000675044567,3,-12.397659604708116,23.835647690994463,3,0.0036311241128742793,0.004041346643224309,3,0.0025648194136453813,0.002916408298066279,3,12.451790995370578,13.295566809906848,3,9.088089144077564,23.909739939696312,3,0.0013014645314296065,0.002550870481602029,0.01360726209737604,0.026670233710857038,0.002044208546565091,0.004006648751267578,0.0026944229603191234,0.005281069002225482,0.0019352969470098306,0.003793182016139268,0.0014694289546795883,0.002880080751171993,12.997341235862688,25.47478882229087,12.891915019629737,25.268153438474283,0.0019454879664032958,0.00381315641415046,0.0014069628141307805,0.0027576471156963295,13.205537153401504,25.882852820666947,14.314561222516694,28.05653999613272,0.002072767705954051,0.00406262470366994,0.0014630943828612944,0.002867664990408137,11.303363959931657,22.15459336146605,13.761517610704736,26.972574516981282,0.0023332725723541454,0.004573214241814125,0.0016837891159554245,0.003300226667272632,7.676199076728373,15.045350190387612,13.804294790437613,27.056417789257722
softplus,gpu_geometry,20,highdim_poly3,Sparse cubic,542.0,2.0,271,270,0.00047730965377076694,0.00015085336669379054,6,0.018759831774025546,0.003600582468374831,6,0.0006871251420507235,0.00024155534064383718,6,0.0015563264160755278,0.0006034786802187442,6,0.0016722724241683233,0.0006262486553728283,6,0.0010028595789166174,0.00037178619099481776,6,-8.315535278307904,5.147499362260538,6,1.7064512473900004,5.2625496619280705,6,0.0017028311270046684,0.0006928987939258141,6,0.001074809208210053,0.0004083938651863973,6,-9.222921105952624,10.646437063338283,6,-5.142782174236121,9.214383508525684,6,0.002271197583130095,0.000687176202498003,6,0.00146181721060748,0.0004267503610222438,6,-53.77377413094766,27.200557295954475,6,-49.942541107809404,27.255844318324304,6,0.00160087757350065,0.0006127536906394584,6,0.0010697026938002844,0.00042362957548908745,6,-3.3215571513377906,6.282434295615908,6,-3.551667351586983,6.500233653867499,6,6.158562906345824e-05,0.00012070783296437814,0.001469931637388181,0.0028810660092808346,9.861455487026263e-05,0.00019328452754571474,0.00024636913953069063,0.0004828835134801536,0.0002556649429612501,0.0005011032882040502,0.00015178107689170562,0.000297490910707743,2.10145781480669,4.118857317021113,2.1484269029633154,4.2109167298080985,0.0002828747480846862,0.0005544345062459849,0.00016672609729827606,0.00032678315070462107,4.346389730638965,8.51892387205237,3.761756315034023,7.3730423774666844,0.0002805385099172591,0.0005498554794378279,0.0001742201053421674,0.00034147140647064814,11.104581015737772,21.764978790846033,11.127151848105092,21.809217622285978,0.0002501556466789817,0.0004903050674908041,0.00017294604998335198,0.0003389742579673699,2.564793061136738,5.026994399828006,2.653709276807077,5.201270182541871
softplus,gpu_geometry,20,highdim_poly3,Sparse cubic,813.0,3.0,271,270,0.00047730965377076694,0.00015085336669379054,6,0.018759831774025546,0.003600582468374831,6,0.0006871251420507235,0.00024155534064383718,6,0.001135607476195993,0.0004221897938998988,6,0.0012182946260306008,0.0004566231776715444,6,0.0007476269481906038,0.00028269007454413025,6,-7.683233796742912,6.8884131835312346,6,0.39445449943574135,6.229964566667473,6,0.0012222777514797904,0.00046549012132242237,6,0.0008097014053350459,0.0002923630466461763,6,-7.257198740414463,4.8956265377787265,6,-8.342842893835666,2.972006771645453,6,0.0014343901169236075,0.00048419389329320547,6,0.0009776157387959197,0.0003296856059353797,6,-29.24375564104373,13.222655822542022,6,-33.25936155084739,13.617011255077081,6,0.001155921394310383,0.0004340053648789641,6,0.000760311994917709,0.00027911097840977914,6,-1.688413509992879,4.260946389749993,6,-1.7331911524301715,6.140310920762415,6,6.158562906345824e-05,0.00012070783296437814,0.001469931637388181,0.0028810660092808346,9.861455487026263e-05,0.00019328452754571474,0.00017235826161092436,0.00033782219275741175,0.00018641563167058479,0.0003653746380743462,0.00011540773966374318,0.00022619916974093662,2.812182906185363,5.511878496123312,2.543372383992437,4.985009872625176,0.00019003554625769513,0.00037246967066508244,0.00011935671398810813,0.0002339391594166919,1.9986311647976858,3.917317083003464,1.2133166837712808,2.3781007001917103,0.00019767132918999326,0.0003874358052123868,0.00013459358501366158,0.0002638034266267767,5.398126634944825,10.580328204491858,5.559121566112401,10.895878269580304,0.00017718194826398223,0.00034727661859740517,0.00011394657978548852,0.0002233352963795575,1.7395240793736038,3.4094671955722635,2.506771436317845,4.913272015182976
softplus,gpu_geometry,20,highdim_poly3,Sparse cubic,1084.0,4.0,271,270,0.00047730965377076694,0.00015085336669379054,6,0.018759831774025546,0.003600582468374831,6,0.0006871251420507235,0.00024155534064383718,6,0.0009873091928682349,0.0003568124171864988,6,0.0010366745858741795,0.00038263301521075855,6,0.0006537062844417029,0.0002527369678820432,6,-4.977207852008003,6.058901856994846,6,1.2823562420347616,10.352568173340908,6,0.0010186059791673877,0.00037711901940565436,6,0.000666555928378693,0.00023146477052074857,6,-2.908831405091196,4.259734241018099,6,-1.5889631603657184,5.310883844618299,6,0.0010969173888634566,0.0003800496825919713,6,0.0007313555178997439,0.00023032762421661444,6,-11.912356012994628,4.207620424315488,6,-12.973474948297758,8.44775544984623,6,0.0009787465415774935,0.0003467062661508873,6,0.0006489600304040984,0.00022948934571692512,6,0.11043137719486988,7.29382211715235,6,1.034699923257952,7.420588129590524,6,6.158562906345824e-05,0.00012070783296437814,0.001469931637388181,0.0028810660092808346,9.861455487026263e-05,0.00019328452754571474,0.00014566805933266685,0.000285509396292027,0.00015620927433482548,0.0003061701776962579,0.00010317943507486441,0.00020223169274673425,2.4735363252064713,4.848131197404683,4.226418258677023,8.283779787006964,0.00015395819497376678,0.0003017580621485829,9.449509686770596e-05,0.0001852103898607037,1.73902922172602,3.408497274582999,2.168159250417569,4.249592130818435,0.00015515463320950605,0.00030410308109063183,9.40308588330359e-05,0.00018430048331275037,1.717753845147632,3.3667975364893588,3.448781720656506,6.759612172486752,0.00014154224044920886,0.00027742279128044935,9.368863306860514e-05,0.00018362972081446607,2.977690410274961,5.836273204138924,3.0294424181417665,5.937707139557863
softplus,gpu_geometry,20,highdim_poly4,Sparse quartic,542.0,2.0,271,270,0.0013808662087126296,0.0017400962815206078,6,0.0206902567029463,0.006205321357736653,6,0.001442539798036601,0.001145287475789251,6,0.002714423414865849,0.0015432694687429467,6,0.002741230091067405,0.00150408055253205,6,0.002085869964752651,0.001810133964980184,6,-1.660130271590419,4.264448360728867,6,-18.004887461941276,50.380339766863,6,0.003004340653792697,0.0015519980560284568,6,0.0016759357405445256,0.00045769061181889434,6,-13.074535734353733,13.968202852024378,6,-7.974374724944584,12.329725078069702,6,0.0038033544515698194,0.0018528854184785906,6,0.0028607830580918213,0.0019617326109741405,6,-44.103738889825564,13.74480190285073,6,-67.80841169532702,45.92513264014504,6,0.0030181812667560977,0.0016226407564425055,6,0.0017134547244847937,0.0005297482180733846,6,-12.192006286162885,6.90855603695728,6,-9.301726817349794,10.345161612587912,6,0.0007103913321733132,0.0013923670110596938,0.0025333118360748863,0.004965291198706777,0.0004675616540806346,0.0009164208419980438,0.0006300371223393821,0.001234872759785189,0.0006140383142911519,0.0012035150960106578,0.0007389840967137343,0.0014484088295589192,1.7409537530389831,3.412269355956407,20.567687582810397,40.31266766230838,0.0006336005531768562,0.001241857084226638,0.00018685140983642316,0.00036622876327938936,5.7024949351914085,11.17689007297516,5.033589185011376,9.865834802622297,0.0007564373045193041,0.001482617116857836,0.0008008739847774034,0.0015697130101637107,5.611291879603263,10.998132084022394,18.74885688966537,36.74775950374412,0.0006624403148546424,0.001298383017115099,0.00021626880440473698,0.0004238868566332845,2.8204061916616103,5.527996135656756,4.223394542911396,8.277853304106335
softplus,gpu_geometry,20,highdim_poly4,Sparse quartic,813.0,3.0,271,270,0.0013808662087126296,0.0017400962815206078,6,0.0206902567029463,0.006205321357736653,6,0.001442539798036601,0.001145287475789251,6,0.002112379718808047,0.0013652439145077008,6,0.002135779621869846,0.0013684557840835478,6,0.0011401284072156263,0.0003800825686264769,6,-0.9658744627653616,3.471220340148195,6,4.774655296837158,9.76960082608552,6,0.0023516313739014713,0.0015244622864136947,6,0.0019972881118051782,0.0019274947056046976,6,-10.55860636171854,8.041768737210946,6,-45.16478721875426,82.07534991267032,6,0.0026470520577222523,0.0014291510968680722,6,0.0015207611930889897,0.0005101502752674766,6,-30.242444605864193,11.496943731080925,6,-26.404563083176026,4.995509602204614,6,0.0021398318282589046,0.001492254630702848,6,0.0018386003166632324,0.0018381698964492423,6,0.6541806883113096,5.630944738121724,6,-33.77711607644084,79.52792523033112,6,0.0007103913321733132,0.0013923670110596938,0.0025333118360748863,0.004965291198706777,0.0004675616540806346,0.0009164208419980438,0.0005573584941639613,0.0010924226485613641,0.0005586697344274937,0.0010949926794778875,0.00015516805887687312,0.0003041293953986713,1.41711976968889,2.7775547485902243,3.988422835763758,7.817308758096965,0.0006223591223050228,0.0012198238797178447,0.0007868964184412647,0.0015423169801448788,3.283038339272107,6.43475514497333,33.50712129107103,65.67395773049921,0.0005834484921109452,0.0011435590445374524,0.00020826797775761648,0.00040820523640492827,4.693607623773015,9.19947094259511,2.0394082550958466,3.997240179987859,0.0006092104019212209,0.001194052387765593,0.0007504297178075394,0.001470842246902777,2.298823563034679,4.505694183547971,32.467139519420606,63.635593458064385
softplus,gpu_geometry,20,highdim_poly4,Sparse quartic,1084.0,4.0,271,270,0.0013808662087126296,0.0017400962815206078,6,0.0206902567029463,0.006205321357736653,6,0.001442539798036601,0.001145287475789251,6,0.0018980322957020698,0.0012861392484002226,6,0.0018812786983729108,0.0012831537922094382,6,0.0016104732557502908,0.0017551719247200575,6,1.1379564888144031,1.7575918986295804,6,-35.49001550737402,97.1633416088699,6,0.001883119612812106,0.0012657555283539785,6,0.0016591556670558984,0.001784927588595467,6,0.5106977401379238,1.389871493535168,6,-39.11358240072496,98.21884166830972,6,0.002118902932268412,0.001377013009176571,6,0.0011318663924001387,0.00038527115235517824,6,-12.48945154032733,3.55299137616368,6,-8.480686777992824,7.359864961394,6,0.0018809718694390177,0.001315422475658212,6,0.0016248197919146716,0.001798062902822974,6,1.7074484623239232,3.6514015256755203,6,-34.86791477264506,100.01831735514843,6,0.0007103913321733132,0.0013923670110596938,0.0025333118360748863,0.004965291198706777,0.0004675616540806346,0.0009164208419980438,0.0005250641494578686,0.0010291257329374224,0.0005238453420717261,0.001026736870460583,0.0007165459377371316,0.001404430037964778,0.7175338879486615,1.4063664203793764,39.66676810757747,77.74686549085183,0.0005167425305956955,0.0010128153599675632,0.0007286936366458849,0.0014282395278259344,0.5674126612001884,1.1121288159523692,40.09767420242828,78.59144143675942,0.0005621632069428349,0.0011018398856079564,0.00015728628931404405,0.00030828112705552635,1.4505026553516707,2.8429852044892745,3.0046522885339857,5.889118485526612,0.0005370189769252075,0.0010525571947734068,0.0007340561062239702,0.0014387499681989817,1.4906784306541725,2.9217297240821782,40.83230707531147,80.03132186761047
softplus,gpu_geometry,50,highdim_nonlinear,Random nonlinear,2852.0,2.0,1426,1425,0.0011215722651195304,0.0013565805692929965,6,0.039367172722267155,0.030158685114683413,6,0.004237869722808902,0.004804914739249052,6,0.007142295817682779,0.008212628336044796,6,0.0070177246417072745,0.008291397308535333,6,0.001791272141080237,0.001983959729076179,6,8.502466431389264,9.833028337832845,6,-13.433357013286768,25.954140777806515,6,0.007324396905528849,0.008719444355258319,6,0.0019269854410668913,0.002229302872066412,6,4.556612151151479,7.848896398424857,6,-17.692593210846688,34.30607722436098,6,0.007226716725216802,0.008595728475042481,6,0.0019758989114670353,0.0023303237623587417,6,6.554938927267275,10.15487728168333,6,-8.41271342670752,24.82018543753571,6,0.006938430317245871,0.007915150638612433,6,0.0018711979175824222,0.002231420712342913,6,-4.076667377556673,18.72937735969076,6,-11.30380344149196,53.88030823925032,6,0.0005538216982903599,0.0010854905286491053,0.012312231640707457,0.024131974015786616,0.001961598228123044,0.003844732527121166,0.003352791478405368,0.006571471297674522,0.003384948776766225,0.006634499602461801,0.0008099481677444991,0.001587498408779218,4.01431700900298,7.86806133764584,10.595733602997946,20.767637861875972,0.0035596982518289895,0.006977008573584819,0.0009101090864472927,0.0017838138094366936,3.2042985366849197,6.280425131902443,14.00539737936664,27.450578863558615,0.0035091914552276417,0.006878015252246177,0.0009513506922102738,0.0018646473567321365,4.14571129011754,8.125594128630379,10.132798273870023,19.860284616785243,0.0032313467169774795,0.00633343956527586,0.0009109736911196497,0.0017855084345945135,7.6462362885463335,14.986623125550814,21.996543728339937,43.11322570754628
softplus,gpu_geometry,50,highdim_nonlinear,Random nonlinear,4278.0,3.0,1426,1425,0.0011215722651195304,0.0013565805692929965,6,0.039367172722267155,0.030158685114683413,6,0.004237869722808902,0.004804914739249052,6,0.005292985097113265,0.005973500313910362,6,0.0053663342769438216,0.0063062065072523816,6,0.0014771945236718759,0.0016987594050050152,6,6.822631533533227,10.274895824130715,6,-20.753976872310457,46.22468905280072,6,0.005406018817633377,0.006331755211969064,6,0.001466021169934793,0.0016757173189234185,6,5.358429824261537,9.230563945283578,6,-23.20157608806757,52.827378223131426,6,0.005379292508428547,0.006334112936561764,6,0.0014191662465916509,0.0016490725071238784,6,6.721335069203353,10.07319050741412,6,-14.290850757657795,49.10515388762073,6,0.005132463232306257,0.005814787664084517,6,0.0013991744536855039,0.0016351690286157698,6,4.212588118057083,4.194386405267608,6,-19.46323244539139,58.380029405119735,6,0.0005538216982903599,0.0010854905286491053,0.012312231640707457,0.024131974015786616,0.001961598228123044,0.003844732527121166,0.0024386712912392544,0.004779795730828939,0.0025744980258978734,0.005046016130759832,0.0006935156230027066,0.001359290621085305,4.194708654895649,8.221628963595473,18.87115028302954,36.987454554737894,0.002584928240922025,0.005066459352207169,0.0006841087307511736,0.0013408531122723,3.7683619506793917,7.3859894233316075,21.56668684928131,42.27070622459137,0.00258589077795638,0.005068345924794504,0.00067323103188428,0.0013195328224931888,4.112362804168628,8.06023109617051,20.047095127586083,39.29230645006872,0.0023738771232728636,0.004652799161614813,0.0006675549605518436,0.0013084077226816135,1.7123510794953687,3.3562081158109227,23.83354720187019,46.71375251566557
softplus,gpu_geometry,50,highdim_nonlinear,Random nonlinear,5704.0,4.0,1426,1425,0.0011215722651195304,0.0013565805692929965,6,0.039367172722267155,0.030158685114683413,6,0.004237869722808902,0.004804914739249052,6,0.004638140830130202,0.005276932074603703,6,0.004629386466866773,0.005337493001961346,6,0.001261781785577958,0.0014781413518611076,6,2.280327525120138,2.4880372975767275,6,-23.864010851596575,76.14822389357327,6,0.004667653633874038,0.005380669743962756,6,0.0012599834094594554,0.0015274202470923605,6,1.7516149854446432,2.628964781344965,6,1.9225547617246412,9.739785991461341,6,0.004725802007821538,0.005472070566952079,6,0.0012449627011022553,0.0014851391240984749,6,1.1582540385554834,3.3709248421446962,6,3.486723167794326,14.873050584659874,6,0.004587222678397846,0.005133525168648012,6,0.0012630229373777602,0.0014285681420268342,6,-2.5873268139647223,9.561620117509486,6,-28.896956133056943,73.78090214110725,6,0.0005538216982903599,0.0010854905286491053,0.012312231640707457,0.024131974015786616,0.001961598228123044,0.003844732527121166,0.002154298498350888,0.004222425056767741,0.002179022393413552,0.004270883891090561,0.0006034486799612407,0.0011827594127240316,1.0157369733460286,1.990844467758216,31.087382226410778,60.93126916376512,0.002196649224523427,0.004305432480065916,0.0006235667046953474,0.001222190741202881,1.0732703776737855,2.1036099402406196,3.9762509804979738,7.793451921776028,0.002233963454255808,0.004378568370341384,0.0006063055085142014,0.0011883587966878347,1.3761743040877397,2.6973016360119697,6.071897475169952,11.900919051333107,0.002095752874153765,0.00410767563334138,0.0005832105017935922,0.0011430925835154407,3.903515067038129,7.650889531394733,30.120927167988608,59.03701724925767
softplus,gpu_geometry,50,highdim_poly3,Sparse cubic,2852.0,2.0,1426,1425,0.00015222993003561117,5.876301180606445e-05,6,0.012678402229228038,0.0024132258960060902,6,0.0005649577722533325,0.00021469911087662708,6,0.0009202484375308494,0.00034876854360463917,6,0.0009488154898785786,0.00038252709082924925,6,0.0002511034698153905,0.00010647767010011765,6,-2.407317223604504,2.810102084957687,6,-0.5394698170573564,6.441540289641397,6,0.0009407339079907437,0.0003534006855203095,6,0.0002600321955295429,9.407201502075102e-05,6,-2.268075934327787,1.2493654456130188,6,-5.663547235341777,5.763475786274287,6,0.0009301698207596418,0.00037644754675469243,6,0.00024706878354118585,0.00010253516292027514,6,-0.5697585502840811,5.018050144545975,6,0.6914084254649775,6.664246109015193,6,0.0008974312407606963,0.0003287566192338148,6,0.0002553541458572445,9.648438634643494e-05,6,1.9785250413455284,4.275364096933299,6,-3.2645780047749127,3.6048938139181614,6,2.398989911233361e-05,4.7020202260173874e-05,0.0009851953465476106,0.0019309828792333167,8.76505449794944e-05,0.00017179506815980902,0.00014238416169416523,0.00027907295692056384,0.00015616603088715588,0.0003060854205388255,4.346932679094822e-05,8.51998805102585e-05,1.1472193722129131,2.2485499695373097,2.6297478112001977,5.1543057099523875,0.00014427522571242363,0.00028277944239635033,3.840473931271245e-05,7.52732890529164e-05,0.5100513073361373,0.9997005623788292,2.3529291368763467,4.61174110827764,0.00015368406741191835,0.00030122077212736,4.185980497463601e-05,8.204521775028657e-05,2.048610392972835,4.015276370226757,2.7206670812359035,5.332507479222371,0.00013421432778088405,0.00026306008245053275,3.938958578238695e-05,7.720358813347843e-05,1.745410083683597,3.4210037640198503,1.4716917368358446,2.8845158041982555
softplus,gpu_geometry,50,highdim_poly3,Sparse cubic,4278.0,3.0,1426,1425,0.00015222993003561117,5.876301180606445e-05,6,0.012678402229228038,0.0024132258960060902,6,0.0005649577722533325,0.00021469911087662708,6,0.0006915821001277977,0.0002584542176668994,6,0.0007014500908225541,0.0002893288011619474,6,0.0001949722258966308,7.853209824119965e-05,6,-0.2234392680701561,4.098614400054246,6,-3.956016264495085,7.6548319108997775,6,0.0006890120073013524,0.0002647576578848519,6,0.00018915268224632274,7.337250171707677e-05,6,0.7044245987273317,1.253490594588283,6,-1.3953538361011102,10.373186393414738,6,0.00069380988259701,0.00028463302301273615,6,0.00019016893691874303,8.497498759668873e-05,6,0.7202454764706121,3.878482790556642,6,-1.0205340976446184,10.847441203724413,6,0.0006966109515142131,0.00026574490698696144,6,0.00019405218369247085,7.248335169750454e-05,6,-0.4522902223566249,2.570389695681094,6,-4.6875679370585726,4.629483970716604,6,2.398989911233361e-05,4.7020202260173874e-05,0.0009851953465476106,0.0019309828792333167,8.76505449794944e-05,0.00017179506815980902,0.00010551349252568684,0.0002068064453503462,0.00011811798845632397,0.000231511257374395,3.20605948535099e-05,6.283876591287941e-05,1.6732523220927178,3.2795745513017267,3.1250720414130604,6.1251412011695985,0.0001080868612187071,0.00021185024798866592,2.9954198393053445e-05,5.8710228850384754e-05,0.5117353923531978,1.0030013690122677,4.234835611774572,8.300277799078161,0.00011620094505451092,0.0002277538523068414,3.469089341853614e-05,6.799415110033084e-05,1.583383968838262,3.1034325789229937,4.42844932732776,8.67976068156241,0.0001084899039769053,0.0002126402117947344,2.9591204417597173e-05,5.799876065849046e-05,1.049357199087736,2.0567401102119622,1.8899789167749101,3.7043586768788237
softplus,gpu_geometry,50,highdim_poly3,Sparse cubic,5704.0,4.0,1426,1425,0.00015222993003561117,5.876301180606445e-05,6,0.012678402229228038,0.0024132258960060902,6,0.0005649577722533325,0.00021469911087662708,6,0.0006135349736287966,0.00023359222638168032,6,0.0006092410974365797,0.00023852873230768306,6,0.00016714944455831554,6.695800960707782e-05,6,1.043634149062288,1.226784409855551,6,0.24693599035680572,10.698166405637602,6,0.0006156908266317368,0.00024069371334527943,6,0.00016775253592440475,6.7726937226532e-05,6,-0.0006011384837417052,1.2686841874809092,6,-0.2844930920542222,5.126645794384598,6,0.0006102272593277972,0.00024086052028414318,6,0.00016526387603780544,6.381025157772225e-05,6,1.0018650759400018,1.6335617782637983,6,0.9194878197411711,6.989845305099909,6,0.000617897976424052,0.00023771705570008265,6,0.000178530559676393,7.479339455699396e-05,6,-0.5697979887283037,1.6081143594192235,6,-5.996687160299191,7.862953170013499,6,2.398989911233361e-05,4.7020202260173874e-05,0.0009851953465476106,0.0019309828792333167,8.76505449794944e-05,0.00017179506815980902,9.536362708596868e-05,0.00018691270908849863,9.737894719112403e-05,0.00019086273649460307,2.733549295495244e-05,5.357756619170678e-05,0.5008326380912478,0.9816319706588457,4.367508146199482,8.560315966550984,9.826279699860943e-05,0.00019259508211727448,2.7649406341085056e-05,5.4192836428526706e-05,0.5179381506776163,1.015158775328128,2.0929443813712654,4.10217098748768,9.833089564623806e-05,0.00019272855546662658,2.605042612067413e-05,5.1058835196521295e-05,0.6668988033433038,1.3071216545528754,2.853592396413897,5.5930410969712385,9.704758160366166e-05,0.00019021325994317685,3.053427546588198e-05,5.984717991312868e-05,0.6565099381032883,1.286759478682445,3.210037189655424,6.291672891724631
softplus,gpu_geometry,50,highdim_poly4,Sparse quartic,2852.0,2.0,1426,1425,0.0002794764868745344,9.552457736296232e-05,6,0.01858634799756507,0.004101613599989093,6,0.001045235475027606,0.00034480873548791736,6,0.0017900120319023951,0.0006350433724941135,6,0.001899599073592634,0.0006581127073417207,6,0.000521780216360556,0.00015816190231766872,6,-6.363442399035159,1.3342243928331798,6,-9.552601095996204,7.520957048565249,6,0.0018525656293749465,0.0007027885198031882,6,0.0005037717640191103,0.00019360651703822956,6,-2.8191663575431316,2.600094898158466,6,-3.4924224924698426,5.949378162752089,6,0.0018505585615343357,0.0006715720878141393,6,0.0005021043959245013,0.00016423183119590812,6,-3.204633750114203,3.101528146660096,6,-4.733376208710045,3.5761989104755,6,0.0017973101079848189,0.0006830802810964176,6,0.0004735091090719067,0.00016627634990516924,6,0.100940468935436,4.872470570910346,6,1.6719554843027638,6.388233904753688,6,3.89977454057124e-05,7.64355809951963e-05,0.0016744767403388781,0.003281974411064201,0.0001407675767999486,0.00027590445052789927,0.00025925537119112803,0.000508140527534611,0.00026867338770480205,0.000526599839901412,6.456932623770075e-05,0.00012655587942589347,0.5446948274693313,1.0676018618398893,3.070417857728904,6.018019001148652,0.00028691221176728037,0.0005623479350638695,7.903952960351999e-05,0.00015491747802289917,1.061484297217006,2.0805092225453317,2.428823464266579,4.7604939899624945,0.00027416815677336966,0.0005373695872758045,6.704736432547922e-05,0.00013141283407793928,1.2661935636995378,2.4817393848510942,1.4599770915603525,2.861555099458291,0.0002788663570071875,0.0005465780597340875,6.788203559335647e-05,0.00013304878976297868,1.9891777809096318,3.8987884505828783,2.6079855706989816,5.111651718570004
softplus,gpu_geometry,50,highdim_poly4,Sparse quartic,4278.0,3.0,1426,1425,0.0002794764868745344,9.552457736296232e-05,6,0.01858634799756507,0.004101613599989093,6,0.001045235475027606,0.00034480873548791736,6,0.001313367776670538,0.0004540134683633097,6,0.001316172948335607,0.000433113386066931,6,0.00036189870980378886,0.0001119959877510435,6,-0.6446111290250728,1.730391605158669,6,-2.824158203508773,5.027017874935035,6,0.001330787432769606,0.0004843559134353671,6,0.00035128275828309724,0.00013010179534490173,6,-0.8494343349202073,1.8168515416526918,6,1.6745472638880858,6.115733830177779,6,0.001309862791482791,0.00042937386756170204,6,0.00035036554332195996,0.00011319844427554105,6,-0.19548339407945117,2.254235910738915,6,0.7410933462454672,5.711503426934619,6,0.001324908543791941,0.0004497466812937833,6,0.00035427787317558935,0.00012194366585087309,6,-1.051444624098167,3.075692877399266,6,0.13868850676016256,7.334518162347774,6,3.89977454057124e-05,7.64355809951963e-05,0.0016744767403388781,0.003281974411064201,0.0001407675767999486,0.00027590445052789927,0.00018535022230689035,0.0003632864357215051,0.0001768177994388397,0.00034656288690012584,4.5722170538175257e-05,8.96154542548235e-05,0.7064294146390465,1.384601652692531,2.05227145357351,4.022452049004079,0.00019773747363605146,0.0003875654483266609,5.311383553583551e-05,0.0001041031176502376,0.7417265359063455,1.4537840103764372,2.4967378811020913,4.893606246960099,0.000175291147401922,0.0003435706489077671,4.62130713586585e-05,9.057761986297066e-05,0.9202879568614114,1.8037643954483664,2.3317115100245536,4.570154559648125,0.0001836083137799829,0.0003598722950087665,4.9783293116515497e-05,9.757525450837037e-05,1.2556463591901301,2.461066864012655,2.9943045011546334,5.868836822263082
softplus,gpu_geometry,50,highdim_poly4,Sparse quartic,5704.0,4.0,1426,1425,0.0002794764868745344,9.552457736296232e-05,6,0.01858634799756507,0.004101613599989093,6,0.001045235475027606,0.00034480873548791736,6,0.0011471805668791532,0.00038407420069162416,6,0.00113604606668247,0.000366036526828671,6,0.0002981560361538541,7.859036695017014e-05,6,0.6515743088824909,1.4308170828914495,6,1.6106386521930407,6.803553845884244,6,0.001146195443822289,0.0003923836721236827,6,0.00030644227915979264,9.40618534600999e-05,6,0.26813548642987134,0.9083050333115726,6,-0.028383619716634573,5.089331925044099,6,0.0011362561942093305,0.00036852234431022587,6,0.0003028659545889678,8.977241436983916e-05,6,0.6793977750318897,1.7032808175581475,6,0.713547355453993,7.095404480668255,6,0.001149448193109429,0.00037316390626165576,6,0.0003155703165077406,8.73489336768908e-05,6,-0.49559365044373016,3.1412433909597275,6,-4.009845688332279,8.963534218987329,6,3.89977454057124e-05,7.64355809951963e-05,0.0016744767403388781,0.003281974411064201,0.0001407675767999486,0.00027590445052789927,0.0001567976358436302,0.0003073233662535152,0.00014943378632513486,0.0002928902211972643,3.208438295433464e-05,6.288539059049589e-05,0.5841286280569257,1.1448921109915744,2.7775392266610837,5.443976884255724,0.00016018996335042643,0.0003139723281668358,3.8400590872948183e-05,7.526515811097844e-05,0.37081397706917174,0.7267953950555766,2.0777110580024143,4.072313673684732,0.00015044861706238485,0.0002948792894422743,3.664943469730037e-05,7.183289200670873e-05,0.6953614819480047,1.3629085046180893,2.896686749382449,5.677506028789599,0.0001523435267941382,0.00029859331251651087,3.5660052847432025e-05,6.989370358096677e-05,1.282407244290217,2.5135181988088253,3.659347521415915,7.172321141975193
softplus,iterative_dopt,5,highdim_poly2,Quadratic,62.0,2.0,31,30,0.0020603014714144644,0.0018575356770669366,5,0.00550109593768004,0.0037075017720775393,5,0.0006998644004041059,0.0005581553484192754,5,0.001542574970795045,0.0013710598705866694,5,0.0014501295793545297,0.0009673652130502331,5,0.0027729919327088024,0.0021543045571582532,5,-6.649273008111547,57.27831304010723,5,22.493452463187715,20.32562208652647,5,0.0014451617523721472,0.0012513410766262592,5,0.002482712641451324,0.0019573638975306806,5,6.818906259985695,24.96974512928416,5,26.45413462035546,19.04545029154802,5,0.0016601117015485434,0.0008203170074710944,5,0.0033418119152084187,0.001646709156581314,5,-35.139004978483214,42.515737029072696,5,-12.284656215430196,34.177460166474496,5,0.001386857939260037,0.0009164539494079428,5,0.003318879649011632,0.0028552049013561235,5,-2.292424977890343,43.07328030726978,5,9.149719320781864,19.419089278970024,5,0.0008307152089105535,0.0016282018094646846,0.0016580451978132618,0.003249768587713993,0.0002496146602141159,0.0004892447340196672,0.0006131566143707714,0.0012017869641667118,0.00043261887508977756,0.000847932995175964,0.000963434286808687,0.0018883312021450264,25.61564031883848,50.20665502492342,9.08989453408886,17.816193286814165,0.0005596167420748177,0.0010968488144666427,0.0008753597463165069,0.0017157051027803536,11.166809497984731,21.886946616050075,8.517384302798911,16.694073233485867,0.00036685691836091394,0.0007190395599873913,0.0007364307226574326,0.0014434042164085678,19.0136156221023,37.26668661932051,15.28462484610565,29.957864698367075,0.00040985066582486265,0.0008033073050167308,0.0012768864498245746,0.002502697441656166,19.262956556191654,37.75539485013564,8.68448073778287,17.021582246054425
softplus,iterative_dopt,5,highdim_poly2,Quadratic,93.0,3.0,31,30,0.0020603014714144644,0.0018575356770669366,5,0.00550109593768004,0.0037075017720775393,5,0.0006998644004041059,0.0005581553484192754,5,0.001217551747516547,0.0009885838935705456,5,0.001356195260842428,0.0011415824513963473,5,0.002877575938012056,0.0023568523168607564,5,-9.021023345527503,39.25668028885719,5,9.449968922311735,20.905010830256153,5,0.001073361877101491,0.00082092320758851,5,0.0026023725681211737,0.0021154087894834908,5,10.830920577613712,20.200180381222445,5,17.536398264868172,10.903090961514247,5,0.0014742240670923546,0.0009016791763821735,5,0.003248822293649786,0.00199395875910423,5,-37.414279711094125,32.88802897085197,5,-21.442157516582476,37.01482316454879,5,0.001147294436540078,0.0009604313596341398,5,0.0022623174545030474,0.0018513419018116783,5,7.989156601252647,15.300401805434351,5,22.563429421754236,19.37591912492853,5,0.0008307152089105535,0.0016282018094646846,0.0016580451978132618,0.003249768587713993,0.0002496146602141159,0.0004892447340196672,0.00044210815749703145,0.0008665319886941817,0.0005105311926486164,0.0010006411375912882,0.001054016398685705,0.0020658721414239817,17.556121139372152,34.409997433169416,9.349005057364414,18.32404991243425,0.0003671280192950159,0.0007195709178182311,0.0009460395706971255,0.001854237558566366,9.0337952980342,17.706238784147033,4.87601051096188,9.556980601485284,0.00040324318645731255,0.0007903566454563326,0.0008917254659376372,0.001747781913237769,14.70797368496149,28.82762842252452,16.553532154212995,32.44492302225747,0.0004295179615728968,0.0008418552046828777,0.0008279452684089307,0.0016227727260815041,6.842547704002344,13.411393499844595,8.665174457975686,16.983741937632345
softplus,iterative_dopt,5,highdim_poly2,Quadratic,124.0,4.0,31,30,0.0020603014714144644,0.0018575356770669366,5,0.00550109593768004,0.0037075017720775393,5,0.0006998644004041059,0.0005581553484192754,5,0.001058589909188163,0.0008329666934513241,5,0.0011542923775599099,0.0008747764789671202,5,0.002342112714648521,0.0020352548131521084,5,-8.974878230170427,31.827021748440767,5,17.52516905992759,15.078414035214404,5,0.0010969318538420797,0.0008840736132256449,5,0.002662653139608756,0.0020805842367920585,5,-0.4735781334098301,22.48865136227269,5,1.2832507314909272,18.56532612485254,5,0.0013913659188798954,0.000945313157946982,5,0.0032504753649786984,0.002257068322398562,5,-40.67807547112676,19.752692036396656,5,-28.428885025185604,17.317121932872777,5,0.0010472591686133297,0.000730723738286711,5,0.002289980313920267,0.0018908328346348559,5,-3.7404386541675962,24.983546531254913,5,16.021786204658685,7.733529728021029,5,0.0008307152089105535,0.0016282018094646846,0.0016580451978132618,0.003249768587713993,0.0002496146602141159,0.0004892447340196672,0.0003725140299100779,0.0007301274986237527,0.0003912119344176791,0.000766775391458651,0.0009101936227483494,0.0017839795005867647,14.233476830175553,27.897614587144083,6.743271755125263,13.216812640045514,0.0003953697392572798,0.0007749246889442685,0.0009304655572763123,0.0018237124922615721,10.057230633666997,19.712172041987312,8.302666247924606,16.273225845932227,0.00042275689623888946,0.0008286035166282233,0.001009391639748919,0.0019784076139078813,8.833672426400334,17.313997955744654,7.744452363311216,15.179126632089982,0.0003267895903163703,0.0006405075970200857,0.0008456061504664312,0.0016573880549142052,11.172981672583012,21.8990440782627,3.458539635574096,6.778737685725228
softplus,iterative_dopt,5,highdim_smooth,Smooth,62.0,2.0,31,30,0.0004022530994569342,0.00017219670062108142,6,0.08281289778109474,0.19966890465869863,6,0.04598009825853092,0.11224623545836804,6,0.04626177665792535,0.11231061080637494,6,0.04671004992603473,0.11224042559803028,6,0.001116181789664312,0.0002942491648003747,6,-87.2604255609795,64.66853568592842,6,-11.799473396234974,31.854516425308933,6,0.04633813304263715,0.11214707244587126,6,0.0010016552836364801,0.00021040419391263608,6,-32.76726908746212,37.772062659643716,6,-4.826224401099441,44.20021428967392,6,0.04677349429563532,0.11246652091074631,6,0.10764258629143975,0.25968070115194075,6,-95.17560618385305,119.68700797416022,6,-4934.634408775171,11876.781973324134,6,0.04622647969239029,0.11228423876478413,6,0.10624537490476856,0.2583287109932707,6,3.7704621190116305,24.84174818578948,6,-4819.269794068127,11839.38852272809,6,7.029900865207412e-05,0.00013778605695806528,0.08151448898570578,0.15976839841198331,0.045824333736883,0.08981569412429068,0.045850614862654834,0.08986720513080347,0.04582196187133228,0.08981104526781127,0.00012012671850017248,0.00023544836826033805,26.4008191405816,51.745605515539935,13.004551874185418,25.48892167340342,0.04578385060655394,0.08973634718884572,8.589715247126082e-05,0.0001683584188436712,15.420380008093463,30.223944815863188,18.04466192189579,35.36753736691575,0.04591426489623049,0.08999195919661175,0.10601420231173712,0.20778783653100477,48.86201639618566,95.76955213652388,4848.6759368216035,9503.404836170343,0.04583984852175935,0.08984610310264832,0.10546225464073611,0.20670601909584277,10.141601228982326,19.877538408805357,4833.410124541224,9473.4838441008
softplus,iterative_dopt,5,highdim_smooth,Smooth,93.0,3.0,31,30,0.0004022530994569342,0.00017219670062108142,6,0.08281289778109474,0.19966890465869863,6,0.04598009825853092,0.11224623545836804,6,0.046175773767190814,0.11235461023461588,6,0.04641415861195678,0.11206833252219005,6,0.1065306183446389,0.2589457857332105,6,-83.68752394636674,75.03291170576422,6,-6148.660787402955,15015.600567497853,6,0.04623878472059145,0.11216644631669109,6,0.0008313169503207917,0.0002501898388662532,6,-38.183819497022256,25.409530784059967,6,-6.383411650302864,28.273126288655494,6,0.04656106961787119,0.11247619259886135,6,0.0012711257841711177,0.00047148348636327076,6,-98.33825511602475,82.00561889003419,6,-65.20428771013766,69.32415663315705,6,0.04617143203769783,0.11210943562536098,6,0.10690680067426565,0.2599249272973154,6,-24.06306597092132,25.014081509095746,6,-6169.4080232020715,15073.035902800562,6,7.029900865207412e-05,0.00013778605695806528,0.08151448898570578,0.15976839841198331,0.045824333736883,0.08981569412429068,0.045868577554015584,0.08990241200587054,0.045751705167319835,0.08967334212794688,0.10571417434840495,0.2071997817228737,30.632057932404223,60.038833547512276,6130.09326196921,12014.982793459652,0.045791759956195804,0.08975184951414378,0.00010213957400857723,0.00020019356505681139,10.373397504081384,20.331859107999513,11.54245547341251,22.623212727888518,0.045918213346369356,0.08999969815888394,0.00019248232728974736,0.0003772653614879048,33.47865372028753,65.61816129176356,28.301468433335437,55.47087812933746,0.045768485438922125,0.08970623146028736,0.10611390721807291,0.2079832581474229,10.211956013612067,20.01543378667965,6153.54113941876,12060.94063326077
softplus,iterative_dopt,5,highdim_smooth,Smooth,124.0,4.0,31,30,0.0004022530994569342,0.00017219670062108142,6,0.08281289778109474,0.19966890465869863,6,0.04598009825853092,0.11224623545836804,6,0.04611045264866349,0.11230017346616569,6,0.046180917118488284,0.1119334401877007,6,0.0007871506018590214,0.00024666833802294326,6,-61.90880062921973,46.439798415355966,6,-12.883247675489462,34.10682184609563,6,0.04617524139516093,0.11219024917896393,6,0.10601366793272511,0.25785984263429623,6,-35.3318043104023,23.50894548420503,6,-6311.952772156405,15407.28589826407,6,0.046457708244216446,0.1124443317635683,6,0.0011108228282203422,0.00033250246243980675,6,-105.28508587871066,90.46770186922646,6,-66.19869630208738,76.8736587142654,6,0.04608189432239074,0.1121113775564321,6,0.10571524428375167,0.25748736437959713,6,-18.02466879817549,20.929168988120956,6,-6281.211416862356,15391.287645949502,6,7.029900865207412e-05,0.00013778605695806528,0.08151448898570578,0.15976839841198331,0.045824333736883,0.08981569412429068,0.04584635383635742,0.08985885351926054,0.04569663560236788,0.08956540578064104,0.0001007019273094289,0.00019737577752648063,18.95896831255549,37.15957789260876,13.924051711824077,27.291141355175192,0.04580147743402684,0.08977089577069261,0.10527083993473219,0.20633084627207507,9.597486804534856,18.81107413688832,6289.998128654292,12328.39633216241,0.045905206214828215,0.0899742041810633,0.00013574356186607595,0.00026605738125750884,36.93328463030613,72.38923787540001,31.3835397518013,61.511737913530546,0.04576927822896211,0.08970778532876574,0.10511877632401631,0.20603280159507198,8.544297460229679,16.74682302205017,6283.466869496459,12315.59506421306
softplus,iterative_dopt,5,highdim_strong,Strong nonlinear,62.0,2.0,31,30,0.0012503809521847713,0.00011644827373839143,5,0.009424419935502594,0.002443333911695017,5,0.0007609071455765063,0.000327699965431993,5,0.003115982266896429,0.000738211756482979,5,0.006487232838208519,0.0056372836017312905,5,0.006873150096599917,0.002474529250698064,5,-102.45006520096103,157.8644516965361,5,-7.927559259059481,31.88169747126741,5,0.005924030311430755,0.0029503367283930187,5,0.008771518901893365,0.0034565213844512067,5,-84.2316734251734,69.07041947784691,5,-34.633582911598594,36.625787198729725,5,0.008499836343086023,0.003552359562081014,5,0.01625481265691351,0.007232689666663172,5,-171.2702373445091,74.05350558094365,5,-150.35357537267095,78.59407129803162,5,0.0021199057272878134,0.0010658839048861553,5,0.004141845103536679,0.002213725326359433,5,29.895371803320177,31.839027363145576,5,36.188732670574936,27.904582733358634,5,5.207725118830936e-05,0.00010207141232908634,0.0010926921436561052,0.0021416766015659662,0.00014655187978605353,0.0002872416843806649,0.0003301383338570924,0.0006470711343599012,0.0025210698683832034,0.0049412969420310785,0.001106643123374498,0.002169020521814016,70.59912904483734,138.37429292788119,14.257928556767416,27.945539971264136,0.0013194306962402247,0.0025860841646308404,0.0015458033562629164,0.003029774578275316,30.889230637378244,60.542892049261354,16.379549981160253,32.103917963074096,0.0015886634922669062,0.0031137804448431363,0.0032345571509638294,0.006339732015889106,33.117734490230006,64.91075960085081,35.14833721017277,68.89074093193862,0.00047667777348967265,0.0009342884360397584,0.0009900080626505199,0.0019404158027950189,14.238845904293877,27.908137972415997,12.479308775111358,24.459445199218262
softplus,iterative_dopt,5,highdim_strong,Strong nonlinear,93.0,3.0,31,30,0.0012503809521847713,0.00011644827373839143,5,0.009424419935502594,0.002443333911695017,5,0.0007609071455765063,0.000327699965431993,5,0.0018005183676415716,0.0006039413659895783,5,0.005039600205138553,0.004649453557381545,5,0.005501506252807739,0.0019032508550428724,5,-157.58531996968682,162.2093765725437,5,-48.51493030119523,22.233423344899638,5,0.004724285122489529,0.0018957840347490645,5,0.006768099004072778,0.0024540292713215546,5,-159.43787833967494,57.68856376981146,5,-82.30798390473653,46.98301648893634,5,0.005701805528257208,0.0005639747365351761,5,0.01058646757939769,0.0011162684639990873,5,-241.83455528255655,96.41387404006306,5,-200.80368168725698,69.32413073298046,5,0.0019395171189887542,0.0011642233343777506,5,0.0036279047635346283,0.001866442533880176,5,-14.937551660488486,64.93798786334204,5,-4.2714090974258685,63.215210920539796,5,5.207725118830936e-05,0.00010207141232908634,0.0010926921436561052,0.0021416766015659662,0.00014655187978605353,0.0002872416843806649,0.0002700907897553553,0.0005293779479204964,0.0020792988425066706,0.004075425731313074,0.0008511596580220922,0.0016682729297233007,72.54223852081391,142.18278750079526,9.943089194345268,19.488454820916726,0.0008478203944715462,0.0016617279731642306,0.0010974752538898541,0.002151051497624114,25.79911002272599,50.56625564454294,21.01144373145103,41.18242971364402,0.0002522171696970376,0.0004943456526061937,0.0004992104333282471,0.0009784524493233644,43.11759526553666,84.51048672045185,31.002693760005325,60.76527976961044,0.0005206565033320236,0.0010204867465307662,0.0008346984763706055,0.0016360090136863868,29.041151036897826,56.92065603231974,28.270701766062807,55.4105754614831
softplus,iterative_dopt,5,highdim_strong,Strong nonlinear,124.0,4.0,31,30,0.0012503809521847713,0.00011644827373839143,5,0.009424419935502594,0.002443333911695017,5,0.0007609071455765063,0.000327699965431993,5,0.0013212407405449448,0.0005340338994530839,5,0.004125420662528101,0.00434222386769154,5,0.004932632312242398,0.0022984891408687463,5,-166.32535044327346,145.36550058630147,5,-71.34771261307382,22.597565584256447,5,0.004436146140495305,0.001972133471564672,5,0.006297518778388246,0.0023171972795764683,5,-260.6640744780888,194.88806608256866,5,-139.71098734449663,114.41171390605163,5,0.0045743579423461736,0.0006688149256025912,5,0.00918277380586559,0.0012211721326178208,5,-272.6517759295536,97.80430168213917,5,-245.53221355545332,84.03378679816777,5,0.0015486466929859367,0.00039720482907331837,5,0.0028708623640514757,0.0010964467869219393,5,-21.894368792601345,21.869140239966523,5,-2.8760578359015985,30.388624601938865,5,5.207725118830936e-05,0.00010207141232908634,0.0010926921436561052,0.0021416766015659662,0.00014655187978605353,0.0002872416843806649,0.00023882722029327667,0.0004681013517748223,0.0019419015483360673,0.003806127034738692,0.0010279155929055212,0.0020147145620948216,65.00942817885112,127.4184792305482,10.105938554481433,19.80763956678361,0.0008819649006242509,0.0017286512052235318,0.0010362821268821137,0.0020311129686889427,87.15659275281892,170.8269217955251,51.16647394323788,100.28628892874625,0.00029910312760277166,0.0005862421301014325,0.000546124780152367,0.0010704045690986394,43.73941341063204,85.7292502848388,37.581051937485505,73.65886179747159,0.00017763539975982492,0.00034816538352925685,0.0004903459098537367,0.000961077983313324,9.780176837208241,19.16914660092815,13.590206070531558,26.63680389824185
softplus,iterative_dopt,10,highdim_poly2,Quadratic,172.0,2.0,86,85,0.0035208597732838114,0.0011076500227632593,6,0.01977092140612135,0.0043899295981333205,6,0.0027528003129454475,0.0009087458209017853,6,0.004913937051348312,0.0015414443439063332,6,0.0037951695988915814,0.001178838514209457,6,0.00475599908393498,0.0014167485821969604,6,22.78218353340303,9.713062710276711,6,24.726045445133682,12.360855583219722,6,0.00386663625502285,0.0014611782098560779,6,0.004992704596833457,0.0019007658030098878,6,22.90443507543557,9.389101561437013,6,23.42023471035408,7.428702538069349,6,0.005203030242107187,0.0015054222702245588,6,0.006437243624648834,0.0020630414687198484,6,-6.830220247318866,12.234490525863714,6,-1.6636113230784861,14.783673048604909,6,0.004269170511887896,0.0013118888610620112,6,0.005459164659993459,0.0018572883774409636,6,13.024803115632265,10.105560880363473,6,15.059904344989334,6.837984504936394,6,0.0004521962282253596,0.0008863046073217048,0.0017921812536946414,0.003512675257241497,0.00037099392784933373,0.0007271480985846941,0.0006292920182449515,0.0012334123557601049,0.0004812588081589711,0.0009432672639915833,0.0005783851866990108,0.001133634965930061,3.9653412466387636,7.772068843411977,5.0462981605201485,9.89074439461949,0.0005965235062367915,0.0011691860722241113,0.0007759843896509586,0.0015209294037158787,3.8330846614482477,7.512845936438565,3.0327551115313724,5.94420001860149,0.0006145860682454039,0.0012045886937609915,0.0008422331527609353,0.001650776979411433,4.994709841880191,9.789631290085174,6.035409248869641,11.829402127784496,0.0005355763848071504,0.0010497297142220148,0.0007582348049886754,0.0014861402177778038,4.125577953586879,8.086132789030282,2.7915954843586674,5.471527149342988
softplus,iterative_dopt,10,highdim_poly2,Quadratic,258.0,3.0,86,85,0.0035208597732838114,0.0011076500227632593,6,0.01977092140612135,0.0043899295981333205,6,0.0027528003129454475,0.0009087458209017853,6,0.003874082393323134,0.001273170065037866,6,0.003364445042230719,0.0010891973602052498,6,0.004243886510241923,0.0015726578939315498,6,13.176969517405931,4.931193706018396,6,19.355981370673305,16.539445086350895,6,0.0035286754158416773,0.0011841441047766735,6,0.00442049753690056,0.0016426820982790057,6,9.302060852251175,7.328400853756251,6,16.604112923332554,12.61107153877063,6,0.004394876422759541,0.0012002431982383079,6,0.006343016700785476,0.002153273162615728,6,-15.499407086436683,11.482190189964092,6,-20.03057876512617,17.96516413958159,6,0.0036287849882012217,0.0011874204237746627,6,0.004235239098121648,0.0013981160310680709,6,6.383188762644036,5.94610555281894,6,18.904686646681544,12.603977252850557,6,0.0004521962282253596,0.0008863046073217048,0.0017921812536946414,0.003512675257241497,0.00037099392784933373,0.0007271480985846941,0.0005197695025214742,0.0010187482249420894,0.0004446629602815457,0.0008715394021518296,0.0006420348966820544,0.0012583883974968267,2.0131514004281716,3.9457767448392165,6.752200181723692,13.234312356178437,0.0004834248064379385,0.0009475126206183594,0.0006706221583979955,0.0013144194304600713,2.991807120379904,5.863941955944612,5.148448396620589,10.090958857376354,0.0004899972338216687,0.0009603945782904706,0.0008790700875395867,0.00172297737157759,4.687584515833779,9.187665651034207,7.334247547886881,14.375125193858286,0.00048476235806788184,0.0009501342218130484,0.0005707784795536612,0.0011187258199251758,2.4274874268560156,4.757875356637791,5.145552166521657,10.085282246382448
softplus,iterative_dopt,10,highdim_poly2,Quadratic,344.0,4.0,86,85,0.0035208597732838114,0.0011076500227632593,6,0.01977092140612135,0.0043899295981333205,6,0.0027528003129454475,0.0009087458209017853,6,0.003468339327367499,0.0011196093267929245,6,0.003164049285273416,0.0010904723735890808,6,0.003947871433780955,0.0014107945387332056,6,9.510876363890409,3.7971450122144605,6,14.156366118602804,11.232717753939259,6,0.0034718603202435806,0.0012422309948267932,6,0.004631001344092427,0.0019259074857902278,6,1.0906012496188369,7.193915732445999,6,0.9599027392081213,13.971570850804492,6,0.004074241307865818,0.0012852879796484051,6,0.005324549937790365,0.001574223496979039,6,-17.556969661025516,6.088370362761795,6,-17.351613082598167,12.912182548519427,6,0.0032053542622876205,0.0009940088175990696,6,0.0042489662628143075,0.0011210280742284043,6,7.111864385257822,2.975541000549021,6,3.873806169051491,22.402624292271724,6,0.0004521962282253596,0.0008863046073217048,0.0017921812536946414,0.003512675257241497,0.00037099392784933373,0.0007271480985846941,0.000457078593650608,0.0008958740435551916,0.00044518348231581325,0.000872559625338994,0.0005759544586335854,0.0011288707389218273,1.550177959879938,3.038348801364678,4.585737820308786,8.988046127805221,0.0005071386799992623,0.000993991812798554,0.0007862484386654172,0.0015410469397842176,2.936903799512168,5.756331447043849,5.703869914935674,11.17958503327392,0.0005247166204452138,0.001028444576072619,0.0006426740514497369,0.0012596411408414842,2.4855667923083526,4.871710912924371,5.271376451590382,10.33189784511715,0.000405802400490826,0.000795372704962019,0.0004576577948657426,0.0008970092779368554,1.2147595266792703,2.3809286722913696,9.14583306922414,17.925832815679314
softplus,iterative_dopt,10,highdim_smooth,Smooth,172.0,2.0,86,85,0.0005234279637892229,0.0001590872212684296,6,0.004987499013340374,0.0011948793454453406,6,0.0004060402355992186,9.456791734439288e-05,6,0.0008144293399202572,0.00016011794328650708,6,0.0007409772304703757,0.00024106557646510834,6,0.0007998451201554152,0.00017881010192212087,6,10.901723116073263,15.324856577995034,6,20.924823035934327,4.624793405731869,6,0.0008035691430514436,0.0002823714119902899,6,0.0009498271065936326,0.0003598961564489045,6,4.151699322056669,19.451125814742316,6,8.76761535926674,21.04266790860329,6,0.0010753335595820052,0.00021423341425347325,6,0.0012329011454617984,0.0002131379133935836,6,-32.274163839580346,9.432464694610728,6,-23.533718488770717,12.958816737471214,6,0.0007808430934011065,0.0002391066212201202,6,0.0009263528525691771,0.00028518844786174055,6,4.358392489447527,20.37042118654464,6,8.60819158392862,16.6263852642602,6,6.49470861174827e-05,0.0001272962887902661,0.00048780745008863996,0.0009561026021737343,3.86071905885763e-05,7.567009355360955e-05,6.536787661930629e-05,0.00012812103817384034,9.841460948156614e-05,0.00019289263458386962,7.299891842737496e-05,0.00014307788011765492,6.256346499570359,12.262439139157904,1.8880640016385826,3.7006054432116215,0.000115277646220903,0.0002259441865929699,0.00014692699061478028,0.00028797690160496935,7.940888861466066,15.564142168473488,8.590633200486085,16.837641072952728,8.746042512921705e-05,0.00017142243325326542,8.70131887759654e-05,0.00017054585000089218,3.8507875864355734,7.547543669413724,5.290414779507119,10.369212967833953,9.761486935170452e-05,0.00019132514392934086,0.00011642769629959813,0.0002281982847472123,8.316189625435706,16.299731665853983,6.787693360727791,13.30387898702647
softplus,iterative_dopt,10,highdim_smooth,Smooth,258.0,3.0,86,85,0.0005234279637892229,0.0001590872212684296,6,0.004987499013340374,0.0011948793454453406,6,0.0004060402355992186,9.456791734439288e-05,6,0.0006314084712864147,0.00012512341392280992,6,0.0005867518913688729,0.0001549181988504982,6,0.0007177004148733483,0.00019721406679582693,6,7.815255888447971,11.328222322931122,6,9.309164738644768,10.096368131613726,6,0.0006577296262003798,0.00018413806632555226,6,0.0007974177479249002,0.0002189748307377064,6,-2.518815545752046,11.670418118898032,6,-0.7332156340372666,10.152108463979799,6,0.0008966873168518001,0.00019475966150008788,6,0.0011083568728689067,0.00024738865266175377,6,-41.62636157440333,7.650880165079722,6,-41.4197369934326,9.652482832534691,6,0.0006126901778644819,0.00012722859012577134,6,0.0007132125656312559,0.0001394750984312989,6,3.176762933841004,4.055094935728355,6,8.467347261346012,8.881461336313624,6,6.49470861174827e-05,0.0001272962887902661,0.00048780745008863996,0.0009561026021737343,3.86071905885763e-05,7.567009355360955e-05,5.1081419830989466e-05,0.00010011958286873935,6.324508984245668e-05,0.0001239603760912151,8.051230562482244e-05,0.00015780411902465197,4.624727397331202,9.064465698769155,4.121825029625131,8.078777058065256,7.517405078672814e-05,0.00014734113954198715,8.93961003032824e-05,0.0001752163565944335,4.764428246038614,9.338279362235683,4.144580925023467,8.123378613045995,7.951029885873152e-05,0.00015584018576311377,0.00010099599452931938,0.00019795214927746598,3.1234587479376748,6.121979145957843,3.940609615114074,7.723594845623585,5.1940854416973676e-05,0.00010180407465726841,5.694047049685681e-05,0.00011160332217383935,1.6554855751797695,3.244751727352348,3.6258414073709337,7.10664915844703
softplus,iterative_dopt,10,highdim_smooth,Smooth,344.0,4.0,86,85,0.0005234279637892229,0.0001590872212684296,6,0.004987499013340374,0.0011948793454453406,6,0.0004060402355992186,9.456791734439288e-05,6,0.0005574137953440769,0.00012081484174878397,6,0.0005477344012590205,0.00012479552138788323,6,0.0007103347468233595,0.00020181616721553846,6,1.6327796155006553,8.198360521257806,6,-0.6366014750251741,11.880465133017971,6,0.0006122444789441897,0.00018190360675717315,6,0.0007273240669000142,0.00021650175434975106,6,-8.231034010575462,14.76848610851892,6,-2.0519441118281505,15.598667258331458,6,0.0008017046571611016,0.00019311569853974408,6,0.0009744223140812092,0.00024530509791471407,6,-43.116520375687834,6.09058576266541,6,-38.17775793747794,10.769088306377945,6,0.0005406303905074959,0.00011824803779782188,6,0.0006382153962415701,0.00012013811507393756,6,2.730840759354766,5.129964851206357,6,8.10128335374574,6.4400340450865325,6,6.49470861174827e-05,0.0001272962887902661,0.00048780745008863996,0.0009561026021737343,3.86071905885763e-05,7.567009355360955e-05,4.9322452606603204e-05,9.667200710894227e-05,5.0947558264149784e-05,9.985721419773358e-05,8.23911052537127e-05,0.0001614865662972769,3.3469666674099243,6.560054668123452,4.850179580470118,9.506351977721431,7.426183648782674e-05,0.0001455531995161404,8.83864710957131e-05,0.00017323748334759767,6.029209206542158,11.81725004482263,6.368129241728451,12.481533313787764,7.883915379058526e-05,0.0001545247414295471,0.00010014538686575255,0.000196284958256875,2.486471225531697,4.873483602042127,4.396461890933175,8.617065306229023,4.8274559281667045e-05,9.461813619206741e-05,4.9046180098485866e-05,9.613051299303229e-05,2.094299380644701,4.104826786063614,2.629132889435654,5.153100463293882
softplus,iterative_dopt,10,highdim_strong,Strong nonlinear,172.0,2.0,86,85,0.0007425876726924064,0.0001286342180958306,6,0.006138869816234081,0.0011788223016618196,6,0.0006180397085872213,0.00012690424388901576,6,0.0014940738538067272,0.00030767155311144974,6,0.002552733817088226,0.00048303794868283603,6,0.0026411122769130894,0.0002776869575175253,6,-80.15609618823683,64.84365237641674,6,-50.72288890882344,25.019046625975683,6,0.0029066849747881158,0.0007150599522599318,6,0.0032172626444014057,0.0007582821285704901,6,-96.55322017189154,35.1742798145884,6,-81.02043819124803,32.274420420807644,6,0.004622268248521851,0.0021308860861729414,6,0.005430147512202257,0.0026231989485235785,6,-248.83091424510584,233.90062436585492,6,-239.78746574940646,227.6438136681441,6,0.0014182065481787142,0.00020653557436140852,6,0.0015857603420547529,0.00037211895790779194,6,1.442934843034158,25.211396511885038,6,10.310078047086598,20.06703811043267,6,5.2514699632778556e-05,0.00010292881128024597,0.0004812521894141141,0.0009432542912516637,5.1808440620299825e-05,0.00010154454361578765,0.000125606385582111,0.0002461885157409376,0.000197199416778939,0.00038651085688672044,0.00011336522569064107,0.0002221958423536565,26.472310230105144,51.88572805100608,10.213983014090253,20.019406707616895,0.0002919220030892887,0.0005721671260550059,0.0003095673826782018,0.0006067520700492755,14.359839602603282,28.14528562110243,13.175976962506713,25.824914846513156,0.0008699306018533353,0.0017050639796325371,0.001070916486281354,0.002098996313111454,95.48953003579047,187.15947887014931,92.93519776469401,182.15298761880027,8.431779515301709e-05,0.0001652628784999135,0.00015191692841505028,0.00029775717969349853,10.292509526183666,20.173318671319986,8.192334003257326,16.056974646384358
softplus,iterative_dopt,10,highdim_strong,Strong nonlinear,258.0,3.0,86,85,0.0007425876726924064,0.0001286342180958306,6,0.006138869816234081,0.0011788223016618196,6,0.0006180397085872213,0.00012690424388901576,6,0.0010549298111549705,0.00020799740332868238,6,0.0017488066557673377,0.00024690233666690303,6,0.001923254918661122,0.0002693542854273521,6,-68.966456921943,27.126744663286978,6,-55.68962242558229,18.61863400146442,6,0.0019883188520725395,0.00043903249180521716,6,0.002288928516277725,0.0005215410023839991,6,-91.11751897422359,36.14508932504827,6,-84.20387442487825,30.699447241205483,6,0.0029405750579346492,0.0009975696219046697,6,0.0036126485479225745,0.001411827952841302,6,-204.82556468254919,166.01973535571358,6,-215.5494272572055,185.4775136540747,6,0.0010341053832786625,0.0001777424450514886,6,0.0012694980827718456,0.00032163920938904915,6,1.2689922882397293,7.287597271153224,6,-1.156223672281677,14.405348881597154,6,5.2514699632778556e-05,0.00010292881128024597,0.0004812521894141141,0.0009432542912516637,5.1808440620299825e-05,0.00010154454361578765,8.49145843298572e-05,0.00016643258528652012,0.00010079745685579633,0.0001975630154373608,0.0001099634265548319,0.00021552831604747054,11.074447134636628,21.70591638388779,7.601025501870204,14.898009983665599,0.00017923426423756988,0.000351299157905637,0.00021291822263007714,0.0004173197163549512,14.756170925614581,28.92209501420458,12.532996854407696,24.564673834639084,0.0004072560927612636,0.0007982219418120767,0.000576376348176557,0.0011296976424260516,67.77727314223303,132.84345535877674,75.72087786876381,148.41292062277705,7.256304933513734e-05,0.00014222357669686918,0.0001313086573792278,0.0002573649684632865,2.975149127537417,5.831292289973337,5.88095905444756,11.526679746717218
softplus,iterative_dopt,10,highdim_strong,Strong nonlinear,344.0,4.0,86,85,0.0007425876726924064,0.0001286342180958306,6,0.006138869816234081,0.0011788223016618196,6,0.0006180397085872213,0.00012690424388901576,6,0.0009616576799662374,0.00021706537379400677,6,0.0014569775234497871,0.00017013304602526435,6,0.0016975717650174488,0.00026845698426127506,6,-56.429965414856326,30.347874330708052,6,-47.215291621558656,26.079993490162444,6,0.0016323594623341327,0.00024583197430988083,6,0.0018678019147309207,0.0003273762668427986,6,-76.21385059154379,42.49636360016004,6,-62.45975995664989,34.09856742877244,6,0.0023677420327086166,0.0006333585344301906,6,0.002760944992230599,0.0008495987350106177,6,-170.47876075677402,137.07046704985544,6,-156.5618379082137,136.33456797149987,6,0.0011241953430786648,0.0002699444576361043,6,0.0012709196129382773,0.00030254384610362424,6,-19.174713692427236,25.366586652175275,6,-12.16015296334136,35.03370715639909,6,5.2514699632778556e-05,0.00010292881128024597,0.0004812521894141141,0.0009432542912516637,5.1808440620299825e-05,0.00010154454361578765,8.861656777030268e-05,0.00017368847282979324,6.94565251912239e-05,0.00013613478937479884,0.00010959710488774973,0.00021481032557998947,12.389467814723714,24.28335691685848,10.647112757667495,20.868341005028288,0.00010036048325336515,0.0001967065471765957,0.00013365080127701397,0.00026195557050294737,17.349067790696072,34.004172869764304,13.92068186006311,27.284536445723695,0.00025856753893182307,0.0005067923763063732,0.00034684723114834526,0.0006798205730507567,55.958783846186755,109.67921633852603,55.65835430549416,109.09037443876855,0.00011020436335013429,0.0002160005521662632,0.00012351300796216666,0.00024208549560584666,10.355865635654004,20.297496645881846,14.302451055211533,28.032804068214602
softplus,iterative_dopt,20,highdim_smooth,Smooth,542.0,2.0,271,270,0.0010643854784303105,0.00040181629936490726,6,0.01640602180644237,0.0044676177887196045,6,0.0014810264916243667,0.0005109135425601746,6,0.0022329659638980186,0.0006311052693873857,6,0.0019406475778897907,0.0006091153896908195,6,0.001272474655790106,0.0003735401319712135,6,13.832779462577605,5.018315857055623,6,11.372792663142652,12.158337809780573,6,0.0019681070862179206,0.0005758698305935059,6,0.0012842908772214368,0.00035125628718057667,6,11.938082059775189,2.3159921659235625,6,9.952228191958321,9.018983477559383,6,0.0021815885481843754,0.0004272883151204652,6,0.0013955850161219065,0.00028669843044275284,6,0.2140305741790204,9.789090466947297,6,0.5196848722815496,12.025138474638942,6,0.0020968225960488816,0.0005958013093103465,6,0.001384185478279696,0.0005052170728520645,6,6.123785195135919,5.668091010604827,6,4.626154207855283,11.881062072447538,6,0.0001640408172962392,0.00032152000190062885,0.0018238973246907225,0.003574838756393816,0.00020857958032502742,0.00040881597743705375,0.000257647647330136,0.0005049893887670666,0.0002486703165365068,0.0004873938204115533,0.0001524971202968937,0.00029889435578191165,2.0487188696506538,4.015488984515281,4.963620625725068,9.728696426421132,0.00023509787386951319,0.00046079183278424586,0.00014339977875615415,0.00028106356636206214,0.9454998424659938,1.8531796912333478,3.6819845864354446,7.216689789413471,0.00017443972418311433,0.00034190185939890407,0.0001170441441069266,0.00022940652244957612,3.9963794483273327,7.832903718721572,4.909242224862574,9.622114760730645,0.00024323486598208026,0.0004767403373248773,0.0002062540063050123,0.00040425785235782407,2.3139884652730105,4.5354173919351,4.850423279971749,9.506829628744628
softplus,iterative_dopt,20,highdim_smooth,Smooth,813.0,3.0,271,270,0.0010643854784303105,0.00040181629936490726,6,0.01640602180644237,0.0044676177887196045,6,0.0014810264916243667,0.0005109135425601746,6,0.001848572798441684,0.0005709282432441128,6,0.0017033739531226817,0.0005407381432045432,6,0.001074520464678693,0.000311485836380863,6,8.127195212742366,2.4008041559319344,6,8.702094458179062,8.264733071463114,6,0.0017398275556292676,0.000529432942146619,6,0.0010721548954975436,0.0003852507841285333,6,5.7077588277186,2.0895697911169426,6,9.820030870724969,6.633117471387938,6,0.0018849987797251763,0.0004660178725695651,6,0.0013247672754855902,0.00045210950159450195,6,-3.6065020062011697,6.90095555018427,6,-12.751519330785563,21.758716627656547,6,0.001765979203255201,0.0005608694922666072,6,0.001055294207688418,0.00024918462216439125,6,4.8183850041880065,4.878261563165222,6,9.136441806647731,7.756269721728571,6,0.0001640408172962392,0.00032152000190062885,0.0018238973246907225,0.003574838756393816,0.00020857958032502742,0.00040881597743705375,0.00023308047928194563,0.0004568377393926134,0.00022075542255185833,0.0004326806282016423,0.0001271635602061939,0.00024924057800414,0.98012419239775,1.9210434170995898,3.3740631475649683,6.613163769227338,0.0002161400935466105,0.0004236345833513566,0.00015727797402033646,0.00030826482907985944,0.8530632950284233,1.6720040582557096,2.707958868140108,5.307599381554612,0.00019025099980213132,0.0003728919596121774,0.0001845729311284246,0.0003617629450117122,2.817303305929836,5.521914479622478,8.882958865928417,17.410599377219697,0.00022897401139117726,0.00044878906232670744,0.00010172919600849637,0.00019938922417665287,1.9915419435977741,3.9034222094516373,3.166483854272312,6.206308354373731
softplus,iterative_dopt,20,highdim_smooth,Smooth,1084.0,4.0,271,270,0.0010643854784303105,0.00040181629936490726,6,0.01640602180644237,0.0044676177887196045,6,0.0014810264916243667,0.0005109135425601746,6,0.001719762107486332,0.0005473620103434422,6,0.0016299244089138232,0.0005200480370320772,6,0.0010289349636242468,0.0003674126223386736,6,5.298455661575487,0.982702210154013,6,8.134249998341444,7.291712521772299,6,0.0016375073454443303,0.0005083195817762782,6,0.0011318637077176307,0.0004043997205363937,6,4.617327776884333,1.8403426890677008,6,-0.5206108507310404,9.683753756567008,6,0.0017172916338653898,0.0005223509088097613,6,0.0012147313361830989,0.0003990412614768119,6,-0.2774141115247432,2.7628697718442963,6,-8.75436603760068,13.350112847025423,6,0.0016885378350788626,0.0005677660344162947,6,0.001192973848789584,0.00040071605336583293,6,2.2378349394945585,2.115855895898532,6,-6.357780674679091,12.351281187404153,6,0.0001640408172962392,0.00032152000190062885,0.0018238973246907225,0.003574838756393816,0.00020857958032502742,0.00040881597743705375,0.0002234596049875736,0.00043798082577564424,0.00021230872207743327,0.0004161250952717692,0.00014999557496460844,0.00029399132693063253,0.4011864973304357,0.786325534767654,2.9768291715674846,5.834585176272269,0.0002075206002694714,0.00040674037652816395,0.0001650954945730467,0.0003235871693631715,0.7513167566795576,1.4725808430919327,3.9533759163914928,7.748616796127326,0.00021324886554383027,0.0004179677764659073,0.00016290791282245185,0.00031929950913200565,1.1279368611297174,2.210756247814246,5.450160747297785,10.682315064703658,0.00023178951293389914,0.00045430744535044233,0.00016359164374802742,0.00032063962174613375,0.8637945523684611,1.6930373226421838,5.042389429796218,9.883083282400587
softplus,iterative_dopt,20,highdim_strong,Strong nonlinear,542.0,2.0,271,270,0.0008682591484261369,0.00033029339527743817,6,0.0064901955307812035,0.005722310637420756,6,0.001204263723093928,0.0004491175532739721,6,0.0021072933147876834,0.0006597924570596272,6,0.002396126956001013,0.0004977104601207921,6,0.0013851315734600125,0.00024633798637756856,6,-22.044530166477504,39.904044908495784,6,-11.622626828873676,38.422289151689355,6,0.002244011994038122,0.0001084800103668133,6,0.0014894395714238112,0.00017719922194934376,6,-14.617187954741233,32.54283811672685,6,-16.991196069225925,31.415288765103906,6,0.0027127443134664898,0.00021367045909471394,6,0.0016520016167130777,0.00018653466085124227,6,-36.934585440894445,32.00270132092565,6,-31.293094747611168,37.626234325515775,6,0.00195969849040395,0.0004556796530180468,6,0.0013565467966256256,0.0006439307945641401,6,5.040519249939229,10.289094057603528,6,1.9749294832135087,16.604786114450672,6,0.0001348417139735191,0.00026428975938809745,0.0023361235352302025,0.004578802129051197,0.00018335147334141205,0.0003593688877491676,0.0002693591426555446,0.0005279439196048674,0.00020318944449029607,0.0003982513112009803,0.00010056706181495275,0.00019711144115730738,16.29075811648662,31.92988590831378,15.68583386188541,30.744234369295402,4.4286778781753674e-05,8.68020864122372e-05,7.234127943234623e-05,0.0001417889076873986,13.285558027995977,26.039693734872113,12.825237932782272,25.137466348253252,8.723059964804574e-05,0.00017097197531016964,7.615245640477614e-05,0.00014925881455336124,13.06504810449351,25.607494284807277,15.360845839984538,30.107257846369695,0.0001860304393437839,0.00036461966111381647,0.0002628836460578472,0.0005152519462733805,4.200505059438532,8.232989916499523,6.7788755447425775,13.286596067695452
softplus,iterative_dopt,20,highdim_strong,Strong nonlinear,813.0,3.0,271,270,0.0008682591484261369,0.00033029339527743817,6,0.0064901955307812035,0.005722310637420756,6,0.001204263723093928,0.0004491175532739721,6,0.0016788337236609645,0.0005358248732045547,6,0.0017358407056040298,0.00020342415332931803,6,0.0012305542191640825,0.00035410334725372716,6,-9.060407091838387,21.770317138877523,6,-20.238535259649506,19.157161217953355,6,0.0017574805745868302,0.00017054557256855895,6,0.001012423078193992,0.00011348249797471156,6,-10.813031291390876,23.16300453103898,6,-4.340771163581305,28.483390576502135,6,0.002106829117164535,0.00024190732952455912,6,0.0014258822393838461,0.00035130866963959133,6,-33.79857296641884,32.859746915002205,6,-43.50668537058613,34.411278204479395,6,0.0015297232885765214,0.0004770753292215356,6,0.000823885285801965,0.0001454078166012367,6,8.597878236987725,5.740935348417717,6,16.917163999918326,16.483770743399226,6,0.0001348417139735191,0.00026428975938809745,0.0023361235352302025,0.004578802129051197,0.00018335147334141205,0.0003593688877491676,0.00021874958847377567,0.0004287491934086003,8.304756283575284e-05,0.00016277322315807555,0.00014456208616386577,0.0002833416888811769,8.887694754802887,17.419881719413656,7.820878317370074,15.328921502045345,6.962493844729489e-05,0.00013646487935669799,4.6329035795744796e-05,9.08049101596598e-05,9.456257001803378,18.53426372353462,11.628295509471503,22.791459198564144,9.875825372907965e-05,0.00019356617730899612,0.00014342116380549718,0.0002811054810587745,13.414935503124848,26.293273586124702,14.048345499655104,27.534757179324004,0.00019476518757717657,0.00038173976765126604,5.936249254753781e-05,0.00011635048539317411,2.3437270416550953,4.593705001643986,6.7294712263909755,13.189763603726313
softplus,iterative_dopt,20,highdim_strong,Strong nonlinear,1084.0,4.0,271,270,0.0008682591484261369,0.00033029339527743817,6,0.0064901955307812035,0.005722310637420756,6,0.001204263723093928,0.0004491175532739721,6,0.0015089236763587413,0.00047352302974880135,6,0.001511411690991727,0.0002496320317537724,6,0.0011074636102279575,0.0003824354078776598,6,-4.091415844373743,16.4729964584051,6,-16.629175267649245,20.64422488181978,6,0.0015102447668900627,0.00020819106504949589,6,0.0010284697299755285,0.00030197218243969916,6,-4.700492173947529,18.373881029912795,6,-12.581411962885499,29.306801472804203,6,0.0016814249114547612,0.00017800718450189487,6,0.001043736799555614,0.0001346564489080175,6,-17.921821839159573,25.64526743505248,6,-19.9765007318298,39.55929032920729,6,0.001425567287656867,0.00036939811336718603,6,0.0010971280135077816,0.00044481174120834734,6,4.318600048295995,7.568739171663971,6,-13.34480309814417,19.243060664033276,6,0.0001348417139735191,0.00026428975938809745,0.0023361235352302025,0.004578802129051197,0.00018335147334141205,0.0003593688877491676,0.00019331496739021713,0.00037889733608482555,0.00010191185020849837,0.00019974722640865678,0.0001561286014789048,0.0003060120588986534,6.725072642961152,13.181142380203857,8.427969515954471,16.518820251270764,8.49936463963076e-05,0.0001665875469367629,0.00012327962724864895,0.00024162806940735193,7.501105519648302,14.702166818510673,11.96445160023614,23.450325136462833,7.267112876318404e-05,0.00014243541237584072,5.497326506663267e-05,0.00010774759953060003,10.469636588848754,20.520487714143556,16.150012648862507,31.654024791770514,0.00015080614828272997,0.0002955800506341507,0.00018159363292656207,0.00035592352053606164,3.089924827798691,6.056252662485434,7.855946619383994,15.39765537399263
softplus,iterative_dopt,50,highdim_poly2,Quadratic,2852.0,2.0,1426,1425,0.004680508831711946,0.00013735163228692545,2,0.06647780063743583,0.0006344475345257766,2,0.016820255617397438,5.62462059569062e-05,2,0.021573595911945857,6.537861926552712e-05,2,0.020321789343355556,2.4707561285297373e-05,2,0.005725432928034091,0.00031574059908903604,2,5.8018877269123355,0.39999352363808116,2,0.2894383767923343,5.76275430052672,2,0.02032723567835499,0.00038052210628714396,2,0.005344028236888978,0.0005951906741389415,2,5.77414312117807,2.0493832938662497,2,6.92480555564982,10.61151203848461,2,0.02018446656974287,0.00025133388103203754,2,0.005243930235460639,0.0001901055216361052,2,6.4403611526148925,0.8814751223670714,2,8.677276267779957,3.552695245947517,2,0.021743052819947532,0.0005557413366887776,2,0.005944439587679817,0.00039587459261516386,2,-0.7820423779365733,2.270606304641312,2,-3.5079337243816937,6.619270655138175,2,9.712227059712612e-05,0.0001903596503703672,0.00044862215397026284,0.0008792994217817152,3.977207364814356e-05,7.795326435036137e-05,4.6229665027267684e-05,9.061014345344465e-05,1.747088413141598e-05,3.424293289757532e-05,0.0002232623187117604,0.0004375941446750504,0.2828381329951888,0.55436274067057,4.074882644214383,7.98676998266019,0.0002690697617470277,0.0005273767330241742,0.0004208633617826382,0.0008248921890939709,1.4491328243432482,2.8403003357127665,7.503472121055152,14.706805357268097,0.00017771989161968673,0.00034833098757458596,0.0001344249034898959,0.00026347281084019593,0.623297036472998,1.221662191487076,2.5121348998986983,4.923784403801449,0.00039296846775831087,0.0007702181968062893,0.0002799256089376443,0.0005486541935177827,1.6055611154167995,3.146899786216927,4.680531166757325,9.173841086844357
softplus,iterative_dopt,50,highdim_poly2,Quadratic,4278.0,3.0,1426,1425,0.004680508831711946,0.00013735163228692545,2,0.06647780063743583,0.0006344475345257766,2,0.016820255617397438,5.62462059569062e-05,2,0.018393347896886347,1.9970577987206914e-05,2,0.018116820934685834,7.468804761587209e-05,2,0.004730849631988608,0.0003510503341955339,2,1.5035698313755441,0.29911760231394957,2,4.095591948402345,7.254072709216195,2,0.018077989476533954,0.0001606041734305643,2,0.004906316601272958,7.400948223883086e-05,2,1.7139923543122269,0.9798784769817165,2,0.5448878481011995,1.3572210241506217,2,0.01809889609434024,0.000210980460327622,2,0.0052478620348999465,0.0006022337828447191,2,1.6001795873807754,1.2538852333752537,2,-6.370897441583538,12.054925693098388,2,0.018384613980237795,0.0002114007375445817,2,0.004467730916577601,3.330672893496258e-05,2,0.046801246106276895,1.2578567553305644,2,9.434887067166851,0.5449191098088859,2,9.712227059712612e-05,0.0001903596503703672,0.00044862215397026284,0.0008792994217817152,3.977207364814356e-05,7.795326435036137e-05,1.4121331118968801e-05,2.767780899317885e-05,5.28124249427669e-05,0.00010351235288782312,0.00024823007184746575,0.00048653094082103283,0.21150808496845466,0.4145558465381711,5.129404003907042,10.053631847657801,0.00011356430011961235,0.0002225860282344402,5.2332606763182646e-05,0.00010257190925583798,0.692878715812518,1.3580422829925354,0.9597001897458556,1.881012371901877,0.00014918571419552087,0.0002924039998232209,0.00042584359170912757,0.00083465343974989,0.8866307513493186,1.7377962726446643,8.524119704289811,16.70727462040803,0.0001494828950656113,0.0002929864743285981,2.3551413889054233e-05,4.616077122254629e-05,0.88943904145555,1.7433005212528778,0.3853159977440001,0.7552193555782402
softplus,iterative_dopt,50,highdim_poly2,Quadratic,5704.0,4.0,1426,1425,0.004680508831711946,0.00013735163228692545,2,0.06647780063743583,0.0006344475345257766,2,0.016820255617397438,5.62462059569062e-05,2,0.017426273412176063,4.299982864455702e-05,2,0.01729177593283021,5.342626834846865e-05,2,0.004786808997319611,4.885350756909168e-05,2,0.7711282738770895,0.5514346692706299,2,-3.6959921841190058,0.5575245650550621,2,0.017369338366483168,0.000181726713032049,2,0.004616127004047537,0.00013477419312145396,2,0.327702742139622,0.7968875084218938,2,0.006054365953869989,2.4367157543467615,2,0.017282620984519482,5.23358371682778e-05,2,0.004646076127406647,0.0006215254507009605,2,0.8244125410936984,0.05560858753050662,2,-0.682308426648941,13.950437684093988,2,0.01745061229557293,0.0001374312707969487,2,0.003964016189110787,8.574644280817261e-06,2,-0.13899960376931175,0.5415482147491946,2,14.125491632726845,0.6004816132714157,2,9.712227059712612e-05,0.0001903596503703672,0.00044862215397026284,0.0008792994217817152,3.977207364814356e-05,7.795326435036137e-05,3.0405470424425814e-05,5.9594722031874596e-05,3.777807664269439e-05,7.4045030219681e-05,3.454464648685305e-05,6.770750711423198e-05,0.3899231940226235,0.764249460284342,0.39422940062851486,0.7726896252318891,0.00012850019110770356,0.000251860374571099,9.529974588512544e-05,0.00018678750193484587,0.5634845610479731,1.1044297396540272,1.7230182337226885,3.377115738096469,3.700702536076419e-05,7.253376970709781e-05,0.0004394848608706744,0.0008613903273065218,0.03932120933502692,0.07706957029665276,9.864449086943214,19.3343202104087,9.717858352760716e-05,0.00019047002371411003,6.063189117228332e-06,1.1883850669767532e-05,0.3829324149886241,0.7505475333777033,0.42460462072205596,0.8322250566152297
softplus,iterative_dopt,50,highdim_smooth,Smooth,2852.0,2.0,1426,1425,0.0011662781107271054,0.0003499586647146436,6,0.03549439290952919,0.007268083544432462,6,0.0045090984430501265,0.001064042032111477,6,0.00546649179485964,0.0010585979094790714,6,0.00527109579755132,0.0010991163171137973,6,0.0012955737587269022,0.00025203216677387625,6,3.7369763215761194,1.9160101942708623,6,10.952050679661381,12.112816003083156,6,0.005308044493641994,0.0011279976759731407,6,0.0013930977734725155,0.0002948891358334061,6,3.1388358037531954,1.9013380932048791,6,4.959838990536419,4.521659473747876,6,0.005264909973471478,0.0010247462204506527,6,0.0014059964086543695,0.0002811365668179748,6,3.6834641500934544,1.2271731270518011,6,3.9947430983388714,4.91854627039364,6,0.005523307008810934,0.0011145000145966288,6,0.001439718602604066,0.0003027959773234526,6,-0.9123639302539299,3.232604900255098,6,1.845993343688517,7.227236166993834,6,0.00014287002660276949,0.00028002525214142817,0.0029671826819630868,0.00581567805664765,0.00043439334059120534,0.0008514109475587625,0.0004321707868334501,0.0008470547421935622,0.0004487123574826449,0.000879476220665984,0.0001028917012273382,0.00020166773440558286,0.7822078863224137,1.5331274571919307,4.945036425962021,9.69227139488556,0.0004605031228632452,0.0009025861208119606,0.00012038798558035394,0.00023596045173749372,0.776218026144713,1.5213873312436375,1.845959750217301,3.61808111042591,0.00041835089265828394,0.0008199677496102365,0.00011477352279031783,0.00022495610466902294,0.5009913312220908,0.981943009195298,2.007988106455613,3.935656688653001,0.00045499272568102415,0.0008917857423348073,0.00012361594010163417,0.00024228724259920295,1.3197054242742503,2.5866226315775305,2.950506809953835,5.7829933475095165
softplus,iterative_dopt,50,highdim_smooth,Smooth,4278.0,3.0,1426,1425,0.0011662781107271054,0.0003499586647146436,6,0.03549439290952919,0.007268083544432462,6,0.0045090984430501265,0.001064042032111477,6,0.004831889019246632,0.0010596468643207927,6,0.004792226751416811,0.0010841670092270098,6,0.0013364048891082783,0.0005783983200182409,6,0.906529789526838,1.1557809609485798,6,-2.6430751669375416,21.24162105373169,6,0.004792037686135178,0.0010752872865532957,6,0.0012815546535660989,0.0001902294849374978,6,0.8953510476330093,0.9020544301312173,6,-2.8257229734253904,12.7025466650615,6,0.004802191646020128,0.0010538333360082825,6,0.0012398367337465926,0.0005128860607052309,6,0.5788132327423894,1.3059838285425833,6,5.067179076375497,20.16341059590238,6,0.004824174382354304,0.0010895353612277747,6,0.0012089266664466278,0.00016806814387814855,6,0.26149299313606655,1.0231037118306736,6,2.751982598677577,12.894534817346656,6,0.00014287002660276949,0.00028002525214142817,0.0029671826819630868,0.00581567805664765,0.00043439334059120534,0.0008514109475587625,0.00043259902085435664,0.000847894080874539,0.000442609328094246,0.0008675142830647222,0.00023613012535461723,0.0004628150456950498,0.4718456014579386,0.9248173788575595,8.671855481867164,16.996836744459642,0.00043898419649290903,0.0008604090251261016,7.766086202155467e-05,0.00015221528956224715,0.36826217900642366,0.7217938708525904,5.1857929605488025,10.164154202675652,0.0004302256578592111,0.0008432422894040538,0.00020938485748565563,0.000410394320671885,0.5331656653759604,1.0450047041368824,8.231677905698088,16.134088695168252,0.0004448009486211665,0.0008718098592974863,6.861353241968872e-05,0.00013448252354258987,0.4176803413221053,0.8186534689913264,5.264171795508533,10.317776719196724
softplus,iterative_dopt,50,highdim_smooth,Smooth,5704.0,4.0,1426,1425,0.0011662781107271054,0.0003499586647146436,6,0.03549439290952919,0.007268083544432462,6,0.0045090984430501265,0.001064042032111477,6,0.00463340910668251,0.0010612700017859156,6,0.004614745945473185,0.0010551147302863973,6,0.0012761728616265825,0.0004872147076730436,6,0.3813159325350197,0.4698572462556777,6,0.2597385446295757,11.357604875834525,6,0.004615831826246508,0.0010812438189163635,6,0.0013157855282959754,0.00040258012547401235,6,0.458034963931629,1.0318197653968917,6,-4.3057523533389395,4.804757237491395,6,0.00462956017360561,0.0010778682542839006,6,0.0013881847980794016,0.0005542752432311805,6,0.13373456968169462,0.6212741815219378,6,-8.146389782968448,12.632084940037178,6,0.004639631296666994,0.00107960258934091,6,0.0011356630462195701,0.00013618212311826522,6,-0.07223844690483083,0.6203507900966566,6,6.08227401880166,16.648258780531368,6,0.00014287002660276949,0.00028002525214142817,0.0029671826819630868,0.00581567805664765,0.00043439334059120534,0.0008514109475587625,0.00043326166394968093,0.0008491928613413747,0.0004307487848826617,0.0008442676183700169,0.00019890457149637083,0.0003898529601328868,0.19181841754593873,0.3759640983900399,4.636722774323481,9.087976637674021,0.00044141594064722414,0.0008651752436685593,0.00016435264799949303,0.0003221311900790063,0.4212386552901053,0.8256277643686064,1.9615339282997353,3.844606499467481,0.0004400378721566709,0.0008624742294270749,0.00022628192049557134,0.0004435125641713198,0.25363412251566686,0.49712288013070705,5.157027081764488,10.107773080258395,0.0004407459114787865,0.0008638619864984215,5.55961189547711e-05,0.00010896839315135135,0.25325714954486683,0.496384013107939,6.796623186351928,13.321381445249779
softplus,iterative_dopt,50,highdim_strong,Strong nonlinear,2852.0,2.0,1426,1425,0.0008758949652459477,0.00036943782192889167,6,0.017279968246215912,0.006387954736242347,6,0.0030586346536483895,0.0006610231948279962,6,0.0038880469344082336,0.0007202244951019047,6,0.0038255596851585645,0.0008429133919464262,6,0.0012314902335809118,0.00038617570318675686,6,2.0369576071664004,4.965228037799896,6,-18.039676872779847,20.714837519192464,6,0.0038972091418396832,0.0008088314428504345,6,0.001226193200071849,0.0004126320245807176,6,0.07839261836250344,4.047650251637655,6,-17.975523677436154,24.728694968972142,6,0.0039034698773581893,0.0008046378491311575,6,0.0009615708730982732,5.40662345827976e-05,6,-0.11952260892313848,4.508250926862566,6,4.848231508705014,14.189153376231406,6,0.0038489430135710267,0.000744422841828941,6,0.0008918122835694558,3.643821868100554e-05,6,1.135461700095781,3.7152748275356897,6,11.89539237400669,11.569056744660518,6,0.00015082235923516307,0.0002956118241009196,0.0026078716006314754,0.005111428337237692,0.00026986158924549055,0.0005289287149211615,0.0002940304188755515,0.000576299620996081,0.0003441179512712247,0.0006744711844916003,0.0001576555706446737,0.00030900491846356045,2.027045858195049,3.973009882062296,8.456797004447013,16.575322128716145,0.00033020405381710963,0.0006471999454815349,0.00016845631862572066,0.00033017438450641247,1.6524462956266976,3.2387947394283274,10.095447446485208,19.787076995111008,0.00032849202635031483,0.0006438443716466171,2.207244784024531e-05,4.3261997766880807e-05,1.8404857338737686,3.607352038392586,5.792697608976022,11.353687313593003,0.00030390935255891587,0.0005956623310154751,1.4875840484068911e-05,2.9156647348775066e-05,1.516754596944869,2.9728390100119433,4.723047638287081,9.25717337104268
softplus,iterative_dopt,50,highdim_strong,Strong nonlinear,4278.0,3.0,1426,1425,0.0008758949652459477,0.00036943782192889167,6,0.017279968246215912,0.006387954736242347,6,0.0030586346536483895,0.0006610231948279962,6,0.0033676427489055458,0.0006813112370802536,6,0.00329368455301272,0.0007314828273861547,6,0.000811511506654629,9.98822986338867e-05,6,2.4663664657893265,2.231869409204481,6,1.9204612104781145,11.03378417649079,6,0.0033185904904526726,0.0007623484959581416,6,0.001023370904648076,0.000337013799234726,6,1.8530707590257407,2.615440637106104,6,-21.646390162233853,27.95532117335775,6,0.0033358909752173337,0.0007276125989043976,6,0.0008907454453974225,0.00043563889767438715,6,1.1676261821452047,2.4208492469740466,6,-4.710603083213108,38.97496425264121,6,0.00335712023809613,0.0006920551918373966,6,0.0011132525464488878,0.0003170735736707426,6,0.35823237763310645,2.15700343020862,6,-32.54892800829759,24.817529941951438,6,0.00015082235923516307,0.0002956118241009196,0.0026078716006314754,0.005111428337237692,0.00026986158924549055,0.0005289287149211615,0.0002781441478118333,0.0005451625297111932,0.0002986266137840707,0.0005853081630167786,4.077677766488529e-05,7.992248422317517e-05,0.9111568708463215,1.78586746685879,4.504523527399589,8.828866113703194,0.0003112274702126085,0.0006100058416167127,0.00013758530740030843,0.0002696672025046045,1.0677491689082836,2.092788371060236,11.412712078391536,22.36891567364741,0.0002970465996226888,0.0005822113352604701,0.0001778488352351303,0.0003485837170608554,0.9883075665478848,1.937082830433854,15.911462527030947,31.186466552980654,0.00028253034897425793,0.0005537594839895455,0.0001294447444023484,0.00025371169902860285,0.8805929629073576,1.7259622072984209,10.131714172337409,19.85815977778132
softplus,iterative_dopt,50,highdim_strong,Strong nonlinear,5704.0,4.0,1426,1425,0.0008758949652459477,0.00036943782192889167,6,0.017279968246215912,0.006387954736242347,6,0.0030586346536483895,0.0006610231948279962,6,0.003171220182038793,0.0006675790640326132,6,0.003118112894083144,0.0006934460404068017,6,0.0009386261631082792,0.00046294764354465903,6,1.858138766336184,1.4064026580580395,6,-5.660017413775996,22.62264572168672,6,0.0031397660918680774,0.0007189336418388912,6,0.0007418558674165501,0.00012638489921470034,6,1.2706208178138498,1.6495236756989504,6,11.7948943093827,8.859185656214384,6,0.0031350254821988343,0.000682482510205701,6,0.000673006660614232,0.00013899408026780518,6,1.251925910484646,1.081429228298064,6,20.32733759346473,9.461291620321816,6,0.0031910088814181424,0.0006569907588245438,6,0.0009170685033371237,7.048062308182328e-05,6,-0.705862567601046,0.9307362340107217,6,-11.765968873131945,22.08852018862428,6,0.00015082235923516307,0.0002956118241009196,0.0026078716006314754,0.005111428337237692,0.00026986158924549055,0.0005289287149211615,0.0002725380116407801,0.000534174502815929,0.0002830981605250117,0.0005548723946290229,0.0001889975840513809,0.0003704352647407066,0.5741614808560276,1.125356502477814,9.235656441648228,18.101886625630527,0.00029350343023768654,0.0005752667232658657,5.1596419044849044e-05,0.00010112898132790412,0.6734152206837641,1.3198938325401777,3.616747399051499,7.088824902140938,0.0002786223180629634,0.0005460997434034083,5.6744095653928426e-05,0.00011121842748169972,0.4414916337103393,0.865323602072265,3.8625561295764546,7.5706100139698504,0.00026821535414067613,0.0005257020941157252,2.877359388398224e-05,5.639624401260519e-05,0.3799714764076511,0.7447440937589962,9.017600605882388,17.67449718752948
tanh,gpu_geometry,5,highdim_nonlinear,Random nonlinear,62.0,2.0,31,30,0.002784325312572805,0.00012925013849809559,2,0.028276460262385214,0.0005735578603208401,2,0.001211496434043465,3.428708061877734e-06,2,0.0073112734606609504,0.00045123344625571613,2,0.007847443126432593,0.0008577866721678894,2,0.015066535056917022,0.0008191065891238235,2,-7.175536569846277,5.117778824359436,2,-5.123517362909108,4.606683656826742,2,0.01352835086647259,0.0018926612504839202,2,0.019559697433364002,0.0011385539613649111,2,-84.5868381004789,14.494652748125619,2,-36.44780655642525,5.454594469398717,2,0.021610152847693253,0.007996587137698276,2,0.03966782672156231,0.013259420616711395,2,-192.75546932762458,91.3052504501132,2,-172.96494260120107,65.54608724220802,2,0.004950803321819129,0.001139712699559527,2,0.00831729986872599,0.0024846643289859953,2,31.674181257376684,19.80532740220329,2,40.96034482773339,23.08902427534871,2,9.139364940130383e-05,0.00017913155282655552,0.00040556665243571266,0.0007949106387739968,2.42446272126273e-06,4.751946933674951e-06,0.0003190702297455924,0.0006253776503013611,0.0006065467727013565,0.0011888316744946587,0.0005791958236840387,0.0011352238144207159,3.618816111317474,7.09287957818225,3.2574172525234313,6.384537814945925,0.0013383136047061908,0.002623094665224134,0.000805079226827935,0.0015779552845827526,10.24926724914385,20.088563808321947,3.856980737934471,7.559682246351563,0.005654440991415575,0.011082704343174526,0.00937582623268134,0.018376619416055427,64.56256175121112,126.54262103237379,46.348082769210336,90.84224222765226,0.0008058985784629678,0.001579561213787417,0.00175692299599832,0.0034435690721567073,14.004481309717693,27.44878336704668,16.326405636079883,31.999755046716572
tanh,gpu_geometry,5,highdim_nonlinear,Random nonlinear,93.0,3.0,31,30,0.002784325312572805,0.00012925013849809559,2,0.028276460262385214,0.0005735578603208401,2,0.001211496434043465,3.428708061877734e-06,2,0.004818777850196148,0.00018816231178179699,2,0.006135466299462175,0.0006356905565083788,2,0.012895423349443432,0.0011486170759877512,2,-27.163502935337082,8.226500203291156,2,-45.98995535645109,21.788217498401103,2,0.018375316595584577,0.0030389642154765753,2,0.021082433222520968,0.0016757502152147273,2,-280.38604221474816,48.21183123549585,2,-138.60653413185105,33.33925442843434,2,0.01115656470542906,0.0019769956009403605,2,0.02205171071264854,0.003401273304052473,2,-130.89772650341874,32.010878045293744,2,-150.1403388909517,53.48438152819352,2,0.0034373968501371643,0.002455877509878563,2,0.007751673905260658,0.005753067826983672,2,29.607989814556543,48.21609022938006,2,10.511528735626666,70.25727356902055,2,9.139364940130383e-05,0.00017913155282655552,0.00040556665243571266,0.0007949106387739968,2.42446272126273e-06,4.751946933674951e-06,0.00013305084662464605,0.00026077965938430626,0.0004495011032433248,0.0008810221623569166,0.0008121949234176028,0.0015919020498985014,5.817014079179688,11.401347595192188,15.406596343086813,30.19692883245015,0.002148872204546743,0.0042117895209116156,0.00118493434075315,0.0023224713078761738,34.09091280004052,66.81818908807942,23.574412886049554,46.205849256657125,0.0013979469958009024,0.0027399761117697687,0.0024050634179642776,0.004713924299209984,22.63510893756278,44.36481351762305,37.81916886615416,74.12557097766215,0.0017365676409986641,0.0034036725763573815,0.00406803327308631,0.007973345215249167,34.093924363497074,66.82409175245427,49.679394568332825,97.37161335393233
tanh,gpu_geometry,5,highdim_nonlinear,Random nonlinear,124.0,4.0,31,30,0.002784325312572805,0.00012925013849809559,2,0.028276460262385214,0.0005735578603208401,2,0.001211496434043465,3.428708061877734e-06,2,0.0028713534907376464,0.00026214438095499874,2,0.005713085166716963,0.0006226889858874797,2,0.011246831773504141,0.0009618050322249152,2,-100.79512437935216,40.01813518907279,2,-68.37439238354008,34.90216376568795,2,0.020864922034211295,0.0034073173566340977,2,0.020672805410277925,0.0015506842280189057,2,-635.1386694363938,185.78144725115456,2,-209.2903142948242,60.91886032331804,2,0.006513665041974099,1.597080680691316e-05,2,0.014189614390785692,9.206857171957423e-05,2,-127.82484262565134,21.355811193142113,2,-111.40437372554823,27.333959533449786,2,0.002410776512715057,0.00048529491026942634,2,0.005423271243976631,0.0011750742425908445,2,14.914304755255605,24.669281634426913,2,18.158411390867595,27.422892699599977,2,9.139364940130383e-05,0.00017913155282655552,0.00040556665243571266,0.0007949106387739968,2.42446272126273e-06,4.751946933674951e-06,0.00018536406942322925,0.0003633135760695293,0.00044030760449121123,0.000863002904802774,0.0006800988604655833,0.0013329937665125433,28.297094762633368,55.4623057347614,24.679556676801358,48.37193108653066,0.002409337208530592,0.004722300928719961,0.0010964993331111946,0.0021491386928979414,131.36732116994227,257.47994949308685,43.0761392367743,84.42923290407764,1.1293065794188567e-05,2.213440895660959e-05,6.510231139707093e-05,0.00012760053033825902,15.100838912410362,29.59764426832431,19.328028142781022,37.8829351598508,0.00034315532192682845,0.0006725844309765838,0.0008309029653336323,0.0016285698120539192,17.443816330704024,34.189880008179884,19.39091338763821,38.006190239770895
tanh,gpu_geometry,5,highdim_poly3,Sparse cubic,62.0,2.0,31,30,0.0009419322151081392,0.00026338064659063435,6,0.015572237463196229,0.002016791041994919,6,0.0003547785057570377,0.00010523603525891094,6,0.0009716711249647371,0.00034382960998255376,6,0.0019180387714056192,0.0005062792276323921,6,0.002858346877776458,0.0009467547453287931,6,-105.90574726137383,41.27833110819447,6,-27.26691883037674,38.55424177031277,6,0.0022370415593960125,0.001271919311795731,6,0.0033440264626066318,0.0015003593491682296,6,-118.35897019323,50.846548296676175,6,-37.33050132400508,18.653722444474653,6,0.0038674213042150557,0.0008954967058157565,6,0.008814583861138004,0.0027237659403269933,6,-321.94907551252123,97.64829917676062,6,-280.6914344066289,51.14200615386776,6,0.0018022992908136505,0.0005946838282001536,6,0.002854414222681888,0.0011558743476760688,6,-89.57599050231003,41.60089398231741,6,-18.439694278517017,13.7088300408553,6,0.00010752469871189335,0.00021074840947531097,0.0008233514951172587,0.001613768930429827,4.296243148964521e-05,8.42063657197046e-05,0.00014036785048623436,0.0002751209869530193,0.00020668762917828905,0.00040510775318944656,0.0003865110062690298,0.0007575615722872984,16.85180810812169,33.029543891918514,15.73970329286065,30.849818454006872,0.0005192588846485804,0.0010177474139112176,0.0006125191393794039,0.0012005375131836317,20.758016418106298,40.68571217948834,7.615350298744169,14.926086585538572,0.0003655849992653035,0.0007165465985599948,0.0011119727887621915,0.0021794666659738955,39.864751205616365,78.13491236300807,20.878636583208877,40.9221277030894,0.00024277865622921832,0.0004758461662092679,0.00047188372642978794,0.0009248921038023843,16.98349385004949,33.287647946097,5.596606428438826,10.9693485997401
tanh,gpu_geometry,5,highdim_poly3,Sparse cubic,93.0,3.0,31,30,0.0009419322151081392,0.00026338064659063435,6,0.015572237463196229,0.002016791041994919,6,0.0003547785057570377,0.00010523603525891094,6,0.0007776673972329527,0.0002595897916706956,6,0.001439420525782729,0.0004518981088967946,6,0.0022377713158304342,0.0008228095545740745,6,-96.3338549435979,62.27662652939467,6,-13.621519508310037,30.25868708217067,6,0.002278431311343598,0.0014535646914924907,6,0.0028858481627386284,0.0011478453825452084,6,-170.17582540852013,89.05734640821852,6,-40.686825815530874,17.8559750410035,6,0.002900909924563114,0.0008547768748684608,6,0.006858016369990985,0.002206288607120994,6,-278.3645198222667,33.06743647541058,6,-244.695712991055,43.05781120763715,6,0.0012332961210320846,0.0005149654637781033,6,0.002128534123678584,0.0007321609537679735,6,-64.32398127271442,62.62244091369675,6,-7.861613086854756,25.51910694404736,6,0.00010752469871189335,0.00021074840947531097,0.0008233514951172587,0.001613768930429827,4.296243148964521e-05,8.42063657197046e-05,0.00010597708867143183,0.0002077150937960064,0.00018448663042096902,0.0003615937956250993,0.0003359105940321985,0.0006583847643031091,25.424326316481835,49.831679580304396,12.353057272977154,24.21199225503522,0.0005934153003804418,0.0011630939887456659,0.0004686059151409202,0.0009184675936762036,36.35750942440327,71.2607184718304,7.2896712850550855,14.287755718707967,0.0003489611978930925,0.0006839639478704613,0.0009007135521270433,0.001765398562169005,13.499724411108758,26.459459845773164,17.57827781663363,34.453424520601914,0.00021023377023534107,0.0004120581896612685,0.00029890345772016667,0.0005858507771315266,25.565504447690973,50.108388717474305,10.41813178407183,20.419538296780786
tanh,gpu_geometry,5,highdim_poly3,Sparse cubic,124.0,4.0,31,30,0.0009419322151081392,0.00026338064659063435,6,0.015572237463196229,0.002016791041994919,6,0.0003547785057570377,0.00010523603525891094,6,0.0006704565865582324,0.00022651604409308442,6,0.001278445449122061,0.0002304626412660613,6,0.0020052591907844457,0.0005555636247621844,6,-105.07766503040175,55.45713638816797,6,-14.522644697173988,12.864639229792836,6,0.0020764616095152277,0.001393537197544016,6,0.002920427522971595,0.0013055278844306707,6,-181.92609397532047,105.33049694739945,6,-57.24874885843921,25.165427640439113,6,0.0024449531629684488,0.0008413615803302317,6,0.0057566524660711835,0.0020763476524218883,6,-264.19658242171,43.51960894261807,6,-218.96864627599788,29.974957588268378,6,0.000889971454425299,0.00042425923743968837,6,0.0016238117898624317,0.00044670650188096794,6,-32.416686172591305,50.61543084467668,6,6.209686814832524,17.093922451729853,6,0.00010752469871189335,0.00021074840947531097,0.0008233514951172587,0.001613768930429827,4.296243148964521e-05,8.42063657197046e-05,9.247478776363874e-05,0.00018125058401673194,9.408597931265607e-05,0.00018440851945280588,0.00022680790005306887,0.000444543484104015,22.640281124490865,44.37495100400209,5.251966972997273,10.293855267074656,0.0005689091785951471,0.0011150619900464882,0.0005329795269717251,0.0010446398728645812,43.000995312484974,84.28195081247055,10.273742813001315,20.136535913482575,0.0003434844268317913,0.000673229476590311,0.0008476653795098912,0.0016614241438393867,17.766805952479675,34.822939666860165,12.237225192137364,23.984961376589233,0.00017320310839825495,0.0003394780924605797,0.00018236716573199758,0.0003574396448347153,20.663663113431138,40.500779702325026,6.978564618240559,13.677986651751494
tanh,gpu_geometry,5,highdim_poly4,Sparse quartic,62.0,2.0,31,30,0.0020863194366370287,0.00038719014740749364,6,0.022003867936457717,0.002851766642629466,6,0.0007557347701058022,0.00015299009253024506,6,0.0019346684095617106,0.00046618563752432097,6,0.0058416222845389006,0.0018114520888949787,6,0.00876579596259377,0.0020600872771605666,6,-221.10989945845657,146.34634020010836,6,-95.18917729822711,64.20413172859503,6,0.006691892158683652,0.0003059983421791778,6,0.00970091397041865,0.001422396613023244,6,-259.8501656131071,71.75889633339361,6,-110.28673067048976,18.073111529096156,6,0.010611071497432635,0.006056991849101373,6,0.023310083988469666,0.015769649133162575,6,-415.82522065591235,166.2464018512773,6,-364.3293883944654,219.43529291737252,6,0.00539080636991763,0.0038484270817148738,6,0.0068576583420793475,0.002687571688394364,6,-211.80190993509305,262.67450012935313,6,-54.14794782756209,73.20088568973958,6,0.00015806971576356042,0.0003098166428965784,0.0011642288566553497,0.0022818885590444853,6.245794373338076e-05,0.0001224175697174263,0.00019031948955811016,0.0003730261995338959,0.0007395222185485687,0.0014494635483551946,0.0008410271091071558,0.0016484131338500253,59.745643202337156,117.10146067658083,26.21122701891559,51.374004957074554,0.00012492330007942554,0.00024484966815567407,0.0005806909856283283,0.0011381543318315236,29.29544675368151,57.41907563721576,7.37831688511624,14.46150109482783,0.0024727565677491884,0.0048466028727884095,0.006437932299828561,0.01261834730766398,67.86980935155236,133.02482632904264,89.58408320095437,175.58480307387055,0.0015711137770849305,0.003079383003086464,0.001097196547286077,0.002150505232680711,107.2364156262582,210.18337462746607,29.88413644327684,58.57290742882261
tanh,gpu_geometry,5,highdim_poly4,Sparse quartic,93.0,3.0,31,30,0.0020863194366370287,0.00038719014740749364,6,0.022003867936457717,0.002851766642629466,6,0.0007557347701058022,0.00015299009253024506,6,0.0015874773143814277,0.0004058373219482339,6,0.0053780445792655646,0.0022648841473381968,6,0.006903191444442673,0.002806643431990917,6,-270.89000980936186,217.9220156565714,6,-79.60520308982221,84.814694640351,6,0.0056760121943800895,0.00031971786426128354,6,0.008107327503528033,0.0009006876121372769,6,-277.32931033396227,95.0397609767507,6,-109.14334254489746,28.668335819038905,6,0.007912850808774833,0.004076050578836906,6,0.018064723350238406,0.010519162227065336,6,-375.55824980125266,125.7848875219035,6,-327.93497206809644,152.4857474229682,6,0.0029409701817432617,0.000507395075886838,6,0.005198830846536845,0.0005285876950129053,6,-91.78488797352834,47.986959659750624,6,-33.965380711967576,16.67243595823025,6,0.00015806971576356042,0.0003098166428965784,0.0011642288566553497,0.0022818885590444853,6.245794373338076e-05,0.0001224175697174263,0.0001656823928917989,0.0003247374900679259,0.000924635081249523,0.001812284759249065,0.0011458073830519213,0.002245782470781766,88.96629034623447,174.37392907861957,34.62545409313786,67.8658900225502,0.00013052427151542643,0.0002558275721702358,0.00036770417789702226,0.0007207001886781636,38.799819944852636,76.04764709191116,11.703799088566564,22.939446213590465,0.0016640406806544062,0.003261519734082636,0.004294429996311465,0.008417082792770472,51.351465297006406,100.64887198213255,62.252045705531174,122.0140095828411,0.00020714317232058368,0.000406000617748344,0.0002157950228492524,0.0004229582447845347,19.590594245651552,38.39756472147704,6.806493477815738,13.340727216518847
tanh,gpu_geometry,5,highdim_poly4,Sparse quartic,124.0,4.0,31,30,0.0020863194366370287,0.00038719014740749364,6,0.022003867936457717,0.002851766642629466,6,0.0007557347701058022,0.00015299009253024506,6,0.001433469502208999,0.0003584056140018141,6,0.004494777918106958,0.0017675305291189206,6,0.005719338735574911,0.0016385106720533111,6,-239.68756762918704,188.94953885811702,6,-59.35001990280106,53.55788707714855,6,0.0046133336151986115,0.0005324285841909736,6,0.0072997082933887875,0.0014623611118953577,6,-230.95060266011785,47.86772843995629,6,-99.90442216935624,19.446959822827516,6,0.006559427038942336,0.0028096534746774003,6,0.015463158619648166,0.007122434615521396,6,-344.6452753168858,88.4963475905262,6,-308.0297348717082,122.42045503985459,6,0.0021387629148492573,0.00036800343612683164,6,0.004056542749329982,0.0008664528902242306,6,-53.12240696485039,27.729864649690743,6,-11.279008795475358,15.897202897112269,6,0.00015806971576356042,0.0003098166428965784,0.0011642288566553497,0.0022818885590444853,6.245794373338076e-05,0.0001224175697174263,0.00014631847920889177,0.00028678421924942786,0.0007215913168554867,0.001414318981036754,0.0006689191807725596,0.0013110815943142167,77.13832622276153,151.1911193966126,21.86491584010252,42.85523504660094,0.00021736305929005996,0.0004260315962085175,0.0005970064239721137,0.0011701325909853429,19.541918304000593,38.30215987584116,7.939188102388763,15.560808680681975,0.0011470362278329013,0.0022481910065524865,0.002907721755727252,0.005699134641225414,36.128482616128125,70.81182592761112,49.97794148782884,97.95676531614453,0.00015023677368360643,0.0002944640764198686,0.0003537279112015153,0.00069330670595497,11.320669838030554,22.188512882539886,6.490005905903255,12.72041157557038
tanh,gpu_geometry,10,highdim_nonlinear,Random nonlinear,172.0,2.0,86,85,0.0007874378888992884,0.00024285589302054672,2,0.01713381813699712,0.0003411917645947756,2,0.0005314369870559885,9.752610269602145e-06,2,0.0013874362877367864,3.901627588138445e-05,2,0.0018720479761333262,1.538841588666967e-05,2,0.0020954538853802003,0.00014575365207761232,2,-34.96634302499643,2.686280096924299,2,-11.083424010196243,4.2467601877948695,2,0.0022877770147542225,2.0993523306375657e-05,2,0.0026827839731073033,5.8672147684783914e-05,2,-64.93634193593246,3.125080068558558,2,-42.32523544448199,1.352346448808246,2,0.0016723519608906807,1.1110649894608336e-05,2,0.0023920897626557957,4.724638111408193e-05,2,-20.594348532545432,4.192053655328542,2,-26.907742022051643,1.4747857455978195,2,0.0009650473216404373,7.837309077995447e-05,2,0.0009554608386506198,0.00010148072510670157,2,30.336876319780373,7.607776172180073,2,49.209679195065306,6.976096307732301,2,0.00017172504880594332,0.0003365810956596489,0.00024125901042997,0.0004728676604427412,6.89613685590524e-06,1.351642823757427e-05,2.7588673252372083e-05,5.4073799574649284e-05,1.088125322518292e-05,2.132725632135852e-05,0.00010306339576678439,0.0002020042557028974,1.8994868727016276,3.72299427049519,3.002912926862808,5.885709336651104,1.4844662690936056e-05,2.909553887423467e-05,4.1487473494689296e-05,8.131544804959102e-05,2.2097653082286772,4.3311400041282075,0.9562533444658569,1.8742565551530794,7.856415883867153e-06,1.5398575132379622e-05,3.340823647229136e-05,6.548014348569106e-05,2.964229566780666,5.809889950890105,1.0428310015094766,2.043948762958574,5.541814395305469e-05,0.00010861956214798719,7.17577088826766e-05,0.00014064510941004613,5.379510121097964,10.54383983735201,4.932845005407946,9.668376210599574
tanh,gpu_geometry,10,highdim_nonlinear,Random nonlinear,258.0,3.0,86,85,0.0007874378888992884,0.00024285589302054672,2,0.01713381813699712,0.0003411917645947756,2,0.0005314369870559885,9.752610269602145e-06,2,0.0010282297456434039,5.1494830843989e-06,2,0.0017840768190546974,7.067834892147028e-05,2,0.0017960665005017635,5.0620107873984166e-05,2,-73.52893988463538,7.742840806219678,2,-47.09671919041757,2.424297330828535,2,0.0016536421523973672,8.731160445857685e-06,2,0.0019423836845371958,0.00011033631312978837,2,-60.8283324640509,1.6545901626653543,2,-59.05335259665889,7.175529069254826,2,0.0013167265311175166,3.812773024019835e-05,2,0.0017092602283869753,0.0003445719683775933,2,-28.049939650762518,3.0668068485576936,2,-40.1756301926997,29.86379210938568,2,0.0008393840653542067,1.33944241838787e-05,2,0.0010347933238958416,0.0001451150590141255,2,18.368336004314664,0.893848431622298,2,15.306665270744384,10.894591059692226,2,0.00017172504880594332,0.0003365810956596489,0.00024125901042997,0.0004728676604427412,6.89613685590524e-06,1.351642823757427e-05,3.6412344085838804e-06,7.1368194408244055e-06,4.997713980544054e-05,9.795519401866346e-05,3.5793821542088754e-05,7.015589022249396e-05,5.475015239725849,10.731029869862663,1.714237082241304,3.3599046811929556,6.173862758893728e-06,1.2100771007431708e-05,7.801955522519565e-05,0.00015291832824138347,1.1699719241052247,2.29314497124624,5.073865263471283,9.944775916403714,2.6960376604095642e-05,5.284233814402746e-05,0.00024364917544659283,0.00047755238387532195,2.1685599192044904,4.250377441640802,21.116889912491924,41.38910422848417,9.471288170509715e-06,1.8563724814199042e-05,0.00010261184228117417,0.00020111921087110135,0.6320462873530869,1.2388107232120502,7.703639216562707,15.099132864462906
tanh,gpu_geometry,10,highdim_nonlinear,Random nonlinear,344.0,4.0,86,85,0.0007874378888992884,0.00024285589302054672,2,0.01713381813699712,0.0003411917645947756,2,0.0005314369870559885,9.752610269602145e-06,2,0.0009391514092881496,0.00010649675361385322,2,0.0014321540161323124,3.520630477699147e-05,2,0.0015518439578444407,3.791074130202159e-05,2,-53.69519314372177,21.177277057630917,2,-34.1957190068871,19.102581540374313,2,0.0012259656342052925,1.101694272191338e-05,2,0.0015644616102737452,7.33169615120798e-05,2,-31.45138856404818,16.079239474007366,2,-34.71799135758591,9.626724463451371,2,0.0012730079982435144,3.4369149368492776e-05,2,0.001435938892901638,6.39703059250985e-05,2,-36.634724938553134,19.153535197654037,2,-24.32017353028231,20.17059182516482,2,0.0007433010443814647,3.207013320601541e-05,2,0.0009994249439181633,4.674784620189121e-05,2,20.53668216172882,5.5960860076265035,2,13.937656260464621,6.157544612611914,2,0.00017172504880594332,0.0003365810956596489,0.00024125901042997,0.0004728676604427412,6.89613685590524e-06,1.351642823757427e-05,7.530457665470857e-05,0.0001475969702432288,2.4894616848331006e-05,4.879344902272877e-05,2.680694225446839e-05,5.254160681875804e-05,14.974596214517117,29.35020858045355,13.50756494536764,26.474827292920576,7.790154906608731e-06,1.5268703616953113e-05,5.184292066118473e-05,0.00010161212449592206,11.369739268393023,22.284688966050325,6.807122148720892,13.34195941149295,2.430265858207459e-05,4.763321082086619e-05,4.5233837114215124e-05,8.865832074386164e-05,13.54359462195639,26.54544545903452,14.262762260119983,27.955014029835166,2.2677008663529366e-05,4.4446936980517555e-05,3.305571905522306e-05,6.47892093482372e-05,3.957030364095854,7.755779513627874,4.354041551036577,8.53392144003169
tanh,gpu_geometry,10,highdim_poly3,Sparse cubic,172.0,2.0,86,85,0.0006595833091038511,0.0002246090232466892,6,0.0157208218021109,0.002659903122487946,6,0.0005008469131120285,0.00015787822493211958,6,0.0013245195236995175,0.0004596755589459005,6,0.0016185892842574129,0.0003613176966116805,6,0.0016044184440340253,0.0004200232119814931,6,-28.77437082827669,23.80539993435937,6,-0.861143165714119,14.840434586753902,6,0.0017200188668187357,0.0004446753019142821,6,0.001767994245294682,0.00037097321066991004,6,-34.9505413345366,19.335722506291543,6,-13.274585409785885,22.271428133537622,6,0.0024842206830486316,0.0008176952465843896,6,0.0029293618576666652,0.0008078335201533755,6,-95.35250297228492,46.743772244588094,6,-86.83744432348642,42.23167045286025,6,0.0015329969003093364,0.0005497035986148788,6,0.0017626753681883377,0.0005269262010896659,6,-17.266644626640232,19.6431056110846,6,-9.735089543648293,14.577537850838304,6,9.169624976321895e-05,0.00017972464953590914,0.0010859009025551952,0.0021283657690081823,6.445351543000707e-05,0.00012632889024281386,0.0001876617611076846,0.0003678170517710618,0.00014750733195605928,0.00028911437063387617,0.00017147375824658534,0.0003360885661633073,9.71851382701077,19.04828710094111,6.058582049783067,11.874820817574811,0.00018153793181800783,0.00035581434636329534,0.0001514491790638813,0.00029684039096520735,7.893775658077164,15.471800289831242,9.092272461705518,17.820854024942815,0.000333822686538504,0.0006542924656154678,0.00032979665358202025,0.0006464014410207596,19.08306510868526,37.402807613023114,17.241007265813433,33.79237424099433,0.00022441555439635784,0.0004398544866168614,0.00021511672079547385,0.0004216287727591287,8.019264285126404,15.717757998847752,5.9512549067769935,11.664459617282906
tanh,gpu_geometry,10,highdim_poly3,Sparse cubic,258.0,3.0,86,85,0.0006595833091038511,0.0002246090232466892,6,0.0157208218021109,0.002659903122487946,6,0.0005008469131120285,0.00015787822493211958,6,0.0009840299392859918,0.000343158825658785,6,0.0011493278618856671,0.00023804859744787357,6,0.0012064417400309624,0.0003028793197301529,6,-23.411186341811092,23.55927686917424,6,-1.9090934245033766,13.174577666461014,6,0.0012810073854376796,0.00034339729297135947,6,0.0013665189694821972,0.00031564301342859043,6,-34.659093348530874,18.733259236659656,6,-16.1332329172634,17.05294923866354,6,0.0018061883127239208,0.000420679580015344,6,0.00216135006621735,0.0005192647744340655,6,-95.35630584806064,45.83881510687651,6,-85.80477296839605,38.86830037169053,6,0.001013465461301756,0.00039458885575808486,6,0.0012657469627434797,0.00046381849892903476,6,-3.3802013801782422,13.312008224317806,6,-4.129569860874372,15.96868338566353,6,9.169624976321895e-05,0.00017972464953590914,0.0010859009025551952,0.0021283657690081823,6.445351543000707e-05,0.00012632889024281386,0.0001400940039327858,0.0002745842477082602,9.71829329554147e-05,0.0001904785485926128,0.0001236499644966927,0.0002423539304135177,9.618034506405216,18.851347632554223,5.378498809916099,10.541857667435554,0.00014019135780547583,0.00027477506129873263,0.00012886072062908422,0.0002525670124330051,7.647821058182677,14.989729274038046,6.961837374051425,13.645201253140794,0.00017174171937432006,0.00033661376997366733,0.00021198895646081068,0.00041549835466318894,18.713617904271434,36.67869109237201,15.867917179978592,31.10111767275804,0.00016109022579933,0.0003157368425666868,0.00018935310927329353,0.0003711320941756553,5.43460460021863,10.651825016428514,6.519187693155829,12.777607878585425
tanh,gpu_geometry,10,highdim_poly3,Sparse cubic,344.0,4.0,86,85,0.0006595833091038511,0.0002246090232466892,6,0.0157208218021109,0.002659903122487946,6,0.0005008469131120285,0.00015787822493211958,6,0.0008224602783274727,0.00025939550904564195,6,0.0009199794268378245,0.0001757947255212964,6,0.001015063367468123,0.00028008613985653556,6,-16.685856210640832,19.099638399383934,6,3.14916884662687,6.786544597483146,6,0.0010714616987745815,0.0003058181705244776,6,0.0012182222781545,0.00024072052041104524,6,-31.53201435769022,9.19485752652365,6,-19.263974776236648,18.584310128864573,6,0.0015268514559720464,0.0003438786175238174,6,0.0018637315173346553,0.0004993195180836694,6,-93.7315538219268,37.34235029478714,6,-82.9991297308468,42.70011241333284,6,0.0009210919099592343,0.0003295658193339221,6,0.0011073893785489258,0.00037253882883071945,6,-10.927907575110874,7.59759818723605,6,-3.650265334534565,4.912500757897027,6,9.169624976321895e-05,0.00017972464953590914,0.0010859009025551952,0.0021283657690081823,6.445351543000707e-05,0.00012632889024281386,0.00010589777312188686,0.00020755963531889822,7.176789616663329e-05,0.00014066507648660123,0.0001143446877790531,0.00022411558804694408,7.797394725026445,15.282893661051832,2.77059523007926,5.430366650955349,0.00012484974530940413,0.0002447055008064321,9.827374093738068e-05,0.00019261653223726611,3.7537848662620648,7.357418337873646,7.5870128395592165,14.870545165536065,0.00014038785773117508,0.00027516020115310317,0.000203846339652898,0.0003995388257196801,15.244950669749581,29.880103312709178,17.43224789535791,34.167205874901505,0.00013454468233839605,0.00026370757738325624,0.0001520883400015509,0.0002980931464030398,3.1017064715704623,6.079344684278106,2.0055200363138925,3.9308192711752294
tanh,gpu_geometry,10,highdim_poly4,Sparse quartic,172.0,2.0,86,85,0.0011953891099646275,0.0006259602531640557,6,0.019603955775586848,0.0038930577417722436,6,0.0008534018628023133,0.00040069575055074033,6,0.002293499877984112,0.0011497688784676864,6,0.003133772083339847,0.0017355009829105907,6,0.0027241522254492397,0.0013374979346564622,6,-31.138724995782763,28.135097438258075,6,6.705048837923492,12.466784959231742,6,0.002866937335240466,0.0013702960374817386,6,0.0029826186866045924,0.0017304484545718844,6,-25.97785627669444,6.136047893219645,6,0.07432766882840713,9.367228939538816,6,0.00469882930579022,0.0027144250176869772,6,0.005772882857416385,0.003797448631163266,6,-103.04637324219773,30.442529619992293,6,-85.95916914705226,31.86704509613812,6,0.003372917638413497,0.002221798868353523,6,0.0034772049786107595,0.0018880985634705172,6,-38.19586973963643,37.8799626843438,6,-17.83516962357223,10.49994388881911,6,0.00025554720325255266,0.0005008725183750032,0.0015893341677556256,0.003115094968801026,0.00016358335515847424,0.00032062337611060953,0.0004693911790629861,0.0009200067109634527,0.0007085153093716026,0.0013886900063683411,0.0005460312453224483,0.0010702212408319988,11.486105431203072,22.51276664515802,5.089543647186959,9.97550554848644,0.0005594210147313254,0.0010964651888733976,0.0007064526233148056,0.0013846471416970188,2.505031062611309,4.909860882718165,3.8241552009503463,7.495344193862679,0.0011081593730630497,0.002171992371203577,0.0015503019117967401,0.0030385917471216104,12.428110674757368,24.35909692252444,13.009666682633219,25.49894669796111,0.0009070455897598712,0.0017778093559293476,0.0007708130107641143,0.0015107935010976639,15.464430008718281,30.31028281708783,4.2865841425768885,8.401704919450701
tanh,gpu_geometry,10,highdim_poly4,Sparse quartic,258.0,3.0,86,85,0.0011953891099646275,0.0006259602531640557,6,0.019603955775586848,0.0038930577417722436,6,0.0008534018628023133,0.00040069575055074033,6,0.0016981242263658899,0.000836798321102003,6,0.002349384516166796,0.0014908025486837886,6,0.002102075780989381,0.001044567452501739,6,-29.353249150222496,22.999315962237283,6,3.156303200121272,6.954375634736664,6,0.002109561838495983,0.0011813207860990225,6,0.0022707154657084687,0.0014021447096830546,6,-22.213047588130866,11.898270544064511,6,-0.7694654159416402,15.329691475578082,6,0.003336031774027611,0.001815470267470334,6,0.004011420125681773,0.0023042652648020126,6,-94.26424005441818,16.1974195663331,6,-79.28452036765327,21.23646619226673,6,0.0018260321469199569,0.0011434488842983156,6,0.0028301666157226207,0.002482992858122385,6,-3.7566512387494853,20.3998000811295,6,-20.416034750811562,50.480690646532686,6,0.00025554720325255266,0.0005008725183750032,0.0015893341677556256,0.003115094968801026,0.00016358335515847424,0.00032062337611060953,0.00034162148405292346,0.0006695781087437299,0.0006086175919193267,0.0011928904801618804,0.00042644287675802737,0.0008358280384457336,9.389431423421609,18.403285589906353,2.8391119641247857,5.56465944968458,0.00048227219141435275,0.0009452534951721313,0.0005724231807110567,0.001121949434193671,4.857448609090874,9.520599273818114,6.258320338243206,12.266307862956683,0.0007411626330827362,0.001452678760842163,0.0009407123551306824,0.0018437962160561374,6.6125688478814135,12.96063494184757,8.669751018486515,16.99271199623357,0.0004668110522475989,0.0009149496624052939,0.001013677589562445,0.0019868080755423923,8.328183508925692,16.323239677494357,20.608655657882093,40.3929650894489
tanh,gpu_geometry,10,highdim_poly4,Sparse quartic,344.0,4.0,86,85,0.0011953891099646275,0.0006259602531640557,6,0.019603955775586848,0.0038930577417722436,6,0.0008534018628023133,0.00040069575055074033,6,0.0014602327320216272,0.000727640524016568,6,0.001737949828186343,0.0008344600226451977,6,0.001773339858103699,0.0007149211663674507,6,-19.99572721795116,2.9221733420172082,6,3.1230016045678775,7.939396310911806,6,0.0019889293405440365,0.001127618773770311,6,0.0022811221596033947,0.0012619980902089187,6,-33.46731429589808,11.34854382066718,6,-18.862773305170343,13.07527325156227,6,0.0027614937406880563,0.0015659570004434183,6,0.003321345388725067,0.001988848588340731,6,-85.40879071943662,16.121296575498704,6,-68.56656559381547,22.373548862955523,6,0.0015790854220389446,0.0006711465199363888,6,0.001972959736377933,0.0008058351345692386,6,-12.095829780618322,12.949952737984843,6,-7.9596338305839796,12.918619007323404,6,0.00025554720325255266,0.0005008725183750032,0.0015893341677556256,0.003115094968801026,0.00016358335515847424,0.00032062337611060953,0.00029705800000199336,0.000582233680003907,0.0003406668777053384,0.0006677070803024633,0.0002918653439859428,0.0005720560742124479,1.1929722713175988,2.3382256517824933,3.241244971244846,6.352840143639898,0.000460348436686687,0.0009022829359059065,0.0005152085628964511,0.0010098087832770442,4.633023614041613,9.08072628352156,5.337957952298173,10.46239758650442,0.0006392992683709444,0.0012530265660070509,0.0008119440361815706,0.0015914103109158785,6.581491767008275,12.89972386333622,9.1339630749113,17.902567626826148,0.0002739944194148017,0.0005370290620530113,0.0003289808160836087,0.0006448023995238731,5.286796066870135,10.362120291065464,5.2740041248937475,10.337048084791745
tanh,gpu_geometry,20,highdim_nonlinear,Random nonlinear,542.0,2.0,271,270,0.0015853754173296092,0.0014330956309302383,3,0.037073195890456795,0.02479785193395242,3,0.002796967088360952,0.00313153513612434,3,0.0064315416960414795,0.006931375391270079,3,0.004344574678541348,0.0035325085638432813,3,0.0030633832658806433,0.002559863443552486,3,17.032940390166516,22.40592843102414,3,10.413282850187624,17.092744499613275,3,0.004590144922581002,0.0037477268501669037,3,0.0031622703320621456,0.0025596564140107866,3,12.501130760551119,23.787274953423623,3,5.872807482352677,20.13437942923487,3,0.006618161835043245,0.005350881255912576,3,0.004402731831712592,0.003426782641326031,3,-27.00774409239861,36.57235343612053,3,-33.91295604327338,33.75676578995727,3,0.006845965924213101,0.007828218080078792,3,0.003690337535341741,0.0035938929339745956,3,-1.0381899106810348,14.772246004020214,3,2.005675177686833,9.019861494893894,3,0.0008273981482920497,0.0016217003706524174,0.014317046489391914,0.02806141111920815,0.0018079926538181591,0.0035436656014835918,0.004001831448004128,0.00784358963808809,0.002039494770249577,0.0039974097496891705,0.0014779378482237102,0.002896758182518472,12.936068811095277,25.35469486974674,9.86850063804122,19.342261250560792,0.0021637511057930503,0.004240952167354379,0.00147781831966208,0.0028965239065376763,13.733589597646771,26.917835611387673,11.624589383434817,22.78419519153224,0.0030893327335028485,0.006055092157665583,0.001978453880423921,0.0038777696056308854,21.115058101242322,41.38551387843495,19.48947781580298,38.19937651897384,0.004519623815808586,0.008858462678984828,0.0020749350528689267,0.0040668727036230964,8.528760206956445,16.716370005634634,5.20761946213013,10.206934145775055
tanh,gpu_geometry,20,highdim_nonlinear,Random nonlinear,813.0,3.0,271,270,0.0015853754173296092,0.0014330956309302383,3,0.037073195890456795,0.02479785193395242,3,0.002796967088360952,0.00313153513612434,3,0.004894208197466746,0.005232047334315476,3,0.003744944781712553,0.003241427178689981,3,0.002533629681865658,0.0021717303507687363,3,10.496579874240192,18.301778271433836,3,4.499360083834422,20.776386229493582,3,0.003865275499985032,0.003393326427826436,3,0.002564737083084456,0.0023026457555607917,3,8.418712058423056,17.996944763004752,3,6.1344276007611,17.083079549531135,3,0.00478010637086593,0.00426026648225037,3,0.0034043937132901803,0.0030276366792326053,3,-12.146382466001603,20.368535885264077,3,-25.38156670455291,23.828906532207565,3,0.003553409261417917,0.003516103875972588,3,0.00211557014931427,0.0020125863469449747,3,22.50251170927176,9.887881358943524,3,25.574907449282566,10.913998390991747,3,0.0008273981482920497,0.0016217003706524174,0.014317046489391914,0.02806141111920815,0.0018079926538181591,0.0035436656014835918,0.0030207239368799043,0.005920618916284612,0.00187143885417523,0.0036680201541834504,0.0012538491026236104,0.002457544241142276,10.566536611661169,20.71041175885589,11.995252182385753,23.510694277476077,0.001959137926553864,0.0038399103360455735,0.0013294331468213724,0.00260568896776989,10.390540903511619,20.365460170882773,9.862920576509593,19.3313243299588,0.0024596660003467913,0.004820945360679711,0.0017480068517633294,0.0034260934294561255,11.759779676355768,23.049168165657303,13.75762560086447,26.96494617769436,0.0020300235192914603,0.003978846097811262,0.0011619672691760468,0.0022774558475850515,5.708770964301126,11.189191090030208,6.301199908974228,12.350351821589486
tanh,gpu_geometry,20,highdim_nonlinear,Random nonlinear,1084.0,4.0,271,270,0.0015853754173296092,0.0014330956309302383,3,0.037073195890456795,0.02479785193395242,3,0.002796967088360952,0.00313153513612434,3,0.00391340524846299,0.00418624632773735,3,0.0034926730779738847,0.0031543964332544664,3,0.002471993811001889,0.0023261474643502754,3,-1.7176157134441894,17.66297663186903,3,-5.450902892458181,17.133322771414004,3,0.0035299082629926654,0.0031930898913486976,3,0.0024249477253196314,0.0022463379601476616,3,-2.677819104984065,17.593591359401078,3,-4.554774340832431,17.823619120988667,3,0.0037045613596276505,0.003652264293175204,3,0.00249347143169674,0.002382494536778067,3,-1.3165380006703309,9.408929427998135,3,-5.140587357465588,15.119849014538405,3,0.003487716857923106,0.003473303656886905,3,0.0022679192628443064,0.0020725287306883095,3,5.537986945693258,20.573517817183813,3,1.5434114634666944,20.04664959992411,3,0.0008273981482920497,0.0016217003706524174,0.014317046489391914,0.02806141111920815,0.0018079926538181591,0.0035436656014835918,0.002416930444213241,0.004737183670657953,0.0018211916298702616,0.0035695355945457126,0.001343001864717397,0.002632283654846098,10.197724313099654,19.98753965367532,9.89192851418862,19.388179887809695,0.0018435313083168437,0.0036133213643010135,0.0012969238259821273,0.0025419706989249693,10.157664707362487,19.909022826430476,10.290471297436168,20.16932374297489,0.0021086357728163623,0.00413292611472007,0.0013755338621516298,0.0026960463698171943,5.432247938040915,10.647205958560194,8.729448898650245,17.10971984135448,0.0020053128012809665,0.003930413090510694,0.001196575020566129,0.0023452870403096126,11.878126049928637,23.28112705786013,11.573938542866289,22.684919544017927
tanh,gpu_geometry,20,highdim_poly3,Sparse cubic,542.0,2.0,271,270,0.0004807038692431547,0.0001701233917311063,6,0.016043578796844222,0.002873556358493871,6,0.000682173865125406,0.00024512020253565875,6,0.0015329483511514485,0.000595697958163838,6,0.001700148057961777,0.0006628584061919478,6,0.000991168181023417,0.0003752405848538579,6,-11.052053625984078,4.433501492233392,6,1.3167699283491248,5.112205819074531,6,0.001678532086759528,0.0006940552343998648,6,0.0010865579017408716,0.00043715088694020024,6,-8.575909362348712,8.999557987246437,6,-6.89811482531022,7.973577015394903,6,0.0022229174841568583,0.0006831692165768532,6,0.0014512196281340232,0.0003867343236994417,6,-52.72329278185887,27.442115896946184,6,-52.98642643750034,30.452056517615908,6,0.0015365715070634065,0.0006494860606643444,6,0.001047447322782644,0.00043634346576692395,6,1.1494643009293197,7.880103337976923,6,-2.400220119227839,8.99242848101801,6,6.945258384213824e-05,0.00013612706433059095,0.0011731244709066865,0.0022993239629771054,0.00010006990364333855,0.00019613701114094356,0.0002431926730532007,0.00047665763918427334,0.0002706108111474636,0.0005303971898490287,0.00015319132727924763,0.0003002550014673253,1.8099694049732682,3.5475400337476057,2.0870492861365904,4.090616600827717,0.0002833468629312406,0.0005553598513452316,0.00017846610226809821,0.0003497935604454725,3.674054163223762,7.201146159918573,3.2551991854169207,6.380190403417164,0.00027890266476503694,0.0005466492229394724,0.00015788362651399533,0.0003094519079674308,11.20319690163948,21.95826592721338,12.432000014425633,24.36672002827424,0.00026515157394632746,0.0005196970849348018,0.00017813647395442385,0.00034914748895067076,3.2170387164076595,6.3053958841590125,3.6711435544941553,7.195441366808544
tanh,gpu_geometry,20,highdim_poly3,Sparse cubic,813.0,3.0,271,270,0.0004807038692431547,0.0001701233917311063,6,0.016043578796844222,0.002873556358493871,6,0.000682173865125406,0.00024512020253565875,6,0.0011196505868926365,0.0004213099958764008,6,0.0012336841610653666,0.0005021451530341118,6,0.0007561917165395605,0.00028214015011484016,6,-9.484973481935231,8.914566840069405,6,-2.4303227474015294,4.638895301355223,6,0.0012058817701563504,0.00047455870920643087,6,0.000783155831467925,0.0003066112609228702,6,-6.801553627078259,4.9445072486123145,6,-4.966689165095139,5.481247159549097,6,0.0014582444873572785,0.000519530129930984,6,0.0009587931376985661,0.0003042490059481208,6,-31.88024686061598,7.943944524540108,6,-33.34336951016438,13.61641911754236,6,0.0011130362484977024,0.00040817548970579966,6,0.0007450220335174757,0.0002741889481175591,6,0.12289175595814927,3.163400098456397,6,-0.9801552543074791,1.8172578533594788,6,6.945258384213824e-05,0.00013612706433059095,0.0011731244709066865,0.0022993239629771054,0.00010006990364333855,0.00019613701114094356,0.0001719990855718778,0.0003371182077208805,0.00020499990029089105,0.00040179980457014645,0.00011518323395560119,0.00022575913855297833,3.639356672684176,7.133139078460985,1.8938210764191168,3.7118893097814687,0.00019373778175826292,0.0003797260522461953,0.0001251735231087312,0.0002453401052931132,2.0185866314321563,3.956429797607026,2.2377097824958243,4.385911173691816,0.00021209728738879287,0.000415710683282034,0.00012420913655365,0.000243449907645154,3.2431017716832646,6.356479472499198,5.558879826976131,10.895404460873218,0.00016663694588164285,0.00032660841392802,0.00011193716933307834,0.00021939685189283355,1.29145268224804,2.5312472572061586,0.7418924119660367,1.454109127453432
tanh,gpu_geometry,20,highdim_poly3,Sparse cubic,1084.0,4.0,271,270,0.0004807038692431547,0.0001701233917311063,6,0.016043578796844222,0.002873556358493871,6,0.000682173865125406,0.00024512020253565875,6,0.0009719503900564274,0.000356059394073175,6,0.0010384065307829924,0.0004040422521159144,6,0.0006827306221528273,0.0002803500243070604,6,-6.229513027376934,7.12926746951769,6,-3.5084237541274668,11.09244425748844,6,0.001014910130662303,0.00039614138532156586,6,0.0007088193259705243,0.0002802090418591139,6,-3.585352904271723,5.99423119702411,6,-7.624716736716851,6.972537811865916,6,0.0010822416979428117,0.000365611206997307,6,0.0007176955928170974,0.00023449564501568557,6,-13.004227176488817,6.798833838944604,6,-12.550976207603911,7.430734075282149,6,0.0009780510314234892,0.00035372790738032596,6,0.0006663329462078954,0.00024154259423533837,6,-0.9955971737406109,4.667223940896368,6,-3.5965212166465625,11.915788136870475,6,6.945258384213824e-05,0.00013612706433059095,0.0011731244709066865,0.0022993239629771054,0.00010006990364333855,0.00019613701114094356,0.00014536063893397263,0.00028490685231058634,0.00016494955870149122,0.00032330113505492277,0.00011445241815485985,0.00022432673958352532,2.910511256690228,5.704602063112846,4.528471405185351,8.875803954163286,0.0001617240433395157,0.0003169791249454508,0.0001143948623115003,0.00022421393013054058,2.4471346388302484,4.796383892107287,2.8465266418889046,5.579192218102253,0.00014926015023108014,0.0002925498944529171,9.573244619887452e-05,0.00018763559454979404,2.775612291896998,5.440200092118116,3.0335844831255114,5.945825586926002,0.00014440881347737775,0.0002830412744156604,9.860935117078343e-05,0.0001932743282947355,1.905386195082956,3.7345569423625937,4.864600136406951,9.534616267357624
tanh,gpu_geometry,20,highdim_poly4,Sparse quartic,542.0,2.0,271,270,0.0007212342648870259,0.0002420227943125771,6,0.019310153256846187,0.004569593079900875,6,0.0010384134454165712,0.00034228506945569565,6,0.0022763910972175357,0.0007949656884160447,6,0.0023375554633250184,0.00082319045465113,6,0.001489499920331271,0.0005084262629421001,6,-2.7635227183532973,7.207156095739796,6,0.2226875539894134,9.025307745244238,6,0.0025502684904273295,0.0008607001640888944,6,0.0016737379346266265,0.0006152787975525427,6,-12.831480338311957,13.818672507978253,6,-11.221277960229875,6.086147308848995,6,0.003312805732878465,0.0010907533346959171,6,0.0021808232351078387,0.0008022189283774517,6,-46.701620591429226,14.784654799605757,6,-44.99538828983952,10.788735237803824,6,0.0022313648183188485,0.0006513486124375671,6,0.0015598700404413524,0.0005418260003371827,6,-0.04531292446329912,12.942333774304988,6,-4.8738231494590485,16.758408205684404,6,9.880539203139677e-05,0.00019365856838153764,0.0018655285629850312,0.003656435983450661,0.00013973729445659238,0.00027388509713492106,0.00032454338327327824,0.0006361050312156253,0.000336066095837494,0.0006586895478414883,0.00020756415267304292,0.0004068257392391641,2.9423091551919813,5.7669259441762835,3.6845664579062225,7.221750257496196,0.0003513793705912576,0.0006887035663588648,0.00025118651725948685,0.0004923255738285942,5.641449427862105,11.057240878609726,2.4846592343488427,4.869932099323732,0.000445298184207366,0.0008727844410464374,0.00032750450608784687,0.0006419088319321799,6.0358100470373985,11.8301876921933,4.40448271710065,8.632786125517274,0.00026591195752364606,0.0005211874367463462,0.00022119953836652732,0.00043355109519839356,5.283685637972727,10.356023850426546,6.841591500866232,13.409519341697814
tanh,gpu_geometry,20,highdim_poly4,Sparse quartic,813.0,3.0,271,270,0.0007212342648870259,0.0002420227943125771,6,0.019310153256846187,0.004569593079900875,6,0.0010384134454165712,0.00034228506945569565,6,0.0016887414442460095,0.0005947038733785155,6,0.0017425080410539554,0.0006488642243517448,6,0.0011065974133948515,0.00042283542526122623,6,-2.665054307520759,4.424992019742011,6,3.4135464185202125,10.141637245327713,6,0.0019483674053569651,0.0008305895011569216,6,0.0012629555074703982,0.0005794170096677992,6,-13.180966664187679,9.555331628573185,6,-8.096307627953822,14.608472931270082,6,0.002312785146845756,0.0008192023877095868,6,0.0015535839588742743,0.0005332496408130277,6,-37.01465055941022,8.799806488707965,6,-36.95274894617867,13.52354738487389,6,0.001799377640715898,0.0007892331117250349,6,0.0012320874321579312,0.0005750156166130849,6,-4.3847957741407635,10.462371772377304,6,-5.605543998547126,16.258782480953805,6,9.880539203139677e-05,0.00019365856838153764,0.0018655285629850312,0.003656435983450661,0.00013973729445659238,0.00027388509713492106,0.00024278683963901662,0.00047586220569247257,0.00026489771033476035,0.0005191995122561303,0.00017262183951045613,0.000338338805440494,1.8064954273759126,3.540731037656789,4.14030606790968,8.114999893102974,0.00033908674392454604,0.0006646100180921102,0.00023654600366256263,0.00046363016717862276,3.9009478021802835,7.645857692273355,5.963884100478629,11.689212836938113,0.0003344379743263535,0.0006554984296796529,0.0002176982542523876,0.00042668857833467967,3.592505955427836,7.0413116726385585,5.520965100881812,10.821091597728351,0.0003222030686392205,0.0006315180145328722,0.000234749142472316,0.00046010831924573936,4.271245390270411,8.371640964930005,6.637620152873197,13.009735499631466
tanh,gpu_geometry,20,highdim_poly4,Sparse quartic,1084.0,4.0,271,270,0.0007212342648870259,0.0002420227943125771,6,0.019310153256846187,0.004569593079900875,6,0.0010384134454165712,0.00034228506945569565,6,0.0014799548458371576,0.0005185928617144616,6,0.0014893880242234276,0.0005382805761503695,6,0.0009726745360805732,0.0003518447272881429,6,-0.3605298911685184,2.98847362760933,6,2.269653404562663,5.644959115200517,6,0.001489015523455926,0.0005216715079871853,6,0.001019006138991109,0.00036341958115653454,6,-0.6186293094751063,1.621103686850721,6,-2.4315180066839424,5.511166797949249,6,0.0016854451808388908,0.0005303815936176127,6,0.0011302179677056918,0.0002908374422667765,6,-15.060479330524357,8.079325778936106,6,-16.83737558441376,15.258054520882236,6,0.0014665832063087546,0.0004775411329808487,6,0.0009844711423937502,0.0002935556738225335,6,0.19614635502899813,4.264381704757969,6,-0.6997798981255544,10.431710712189805,6,9.880539203139677e-05,0.00019365856838153764,0.0018655285629850312,0.003656435983450661,0.00013973729445659238,0.00027388509713492106,0.0002117146492416915,0.0004149607125137153,0.0002197521250032916,0.00043071416500645155,0.00014364000842410844,0.0002815344165112525,1.2200392495678483,2.3912769291529825,2.304544908519012,4.516908020697263,0.0002129715013194739,0.00041742414258616884,0.00014836542272824837,0.0002907962285473668,0.6618128088214724,1.297153105290086,2.249924423723983,4.409851870499007,0.0002165273788878897,0.0004243936626202638,0.00011873388860829397,0.00023271842167225617,3.298370937351284,6.464807037208517,6.22907467395459,12.208986360950995,0.0001949553511656078,0.00038211248828459124,0.0001198436019940167,0.00023489345990827272,1.7409265408528147,3.412216020071517,4.258728064865055,8.347107007135508
tanh,gpu_geometry,50,highdim_nonlinear,Random nonlinear,2852.0,2.0,1426,1425,0.0010876935886546296,0.0012209684988168793,6,0.03755247899569166,0.02928166386007278,6,0.004127677109484861,0.004753870580973013,6,0.007068309126469284,0.008155892833247547,6,0.006858257478455681,0.00817154973156126,6,0.0017482820114801997,0.002046977484731826,6,9.86671268149683,8.267737506141978,6,0.7936423330074746,16.072068621563275,6,0.007149439243898985,0.008592534551962865,6,0.0019696914137003426,0.0023726746395148343,6,6.3446872864328085,7.930668757499596,6,-6.952680333737228,20.614512240896506,6,0.006942896125254339,0.008238283452032197,6,0.0019118754683677493,0.0022511334421149646,6,8.382278913435105,9.021158190947764,6,-5.805138466963888,16.146520136290487,6,0.007765186539917104,0.009130576570377557,6,0.0020547378884492613,0.002615685250030746,6,-7.457619561155256,15.783797486744257,6,6.504433343479075,22.41315195189226,6,0.0004984583023522202,0.0009769782726103515,0.011954189212812194,0.0234302108571119,0.001940759537768684,0.0038038886940266205,0.0033296293063797837,0.006526073440504376,0.0033360212083503233,0.006538601568366634,0.0008356750587597863,0.0016379231151691812,3.375289702886425,6.615567817657393,6.561394538971103,12.860333296383363,0.003507887541590515,0.006875459581517409,0.0009686403654088937,0.0018985351162014315,3.237681962484379,6.345856646469383,8.415839381092377,16.49504518694106,0.003363265135648877,0.006591999665871799,0.0009190213793494659,0.001801281903524953,3.6828724094585,7.21842992253866,6.591789242580933,12.919906915458627,0.0037275422758060394,0.007305982860579837,0.0010678490317165942,0.0020929841021645247,6.4437083409911615,12.629668348342676,9.15013096826681,17.934256697802947
tanh,gpu_geometry,50,highdim_nonlinear,Random nonlinear,4278.0,3.0,1426,1425,0.0010876935886546296,0.0012209684988168793,6,0.03755247899569166,0.02928166386007278,6,0.004127677109484861,0.004753870580973013,6,0.005175679705486357,0.0059048242079208675,6,0.005203390519313503,0.006193829474276397,6,0.001276993419347222,0.0015168947811751681,6,7.86816268213169,9.641053668681991,6,6.254211477404734,6.796854818600055,6,0.005244445635027948,0.006211079864673778,6,0.0014291680334994371,0.001630358467614056,6,6.120216255412209,8.543342333512573,6,-31.6373110533489,48.30782779176933,6,0.005211218832940285,0.00620518095423643,6,0.0013828914360763537,0.0016790073134238367,6,7.495898738874975,9.081727360989213,6,2.2692554564353475,8.273112098677604,6,0.0051787127036723455,0.005542766915994231,6,0.001351598042317135,0.0015829612095289135,6,-11.228932352778562,19.489148367434566,6,-17.606098276427495,77.17065207392388,6,0.0004984583023522202,0.0009769782726103515,0.011954189212812194,0.0234302108571119,0.001940759537768684,0.0038038886940266205,0.0024106343883733283,0.004724843401211724,0.002528620294298027,0.004956095776824133,0.000619269701228318,0.0012137686144075032,3.935943678509778,7.714449609879165,2.7748043602245427,5.4386165460401035,0.0025356627366875917,0.00496989896390768,0.0006655910572467218,0.0013045584722035746,3.4878049025040587,6.836097608907955,19.72158811201252,38.65431269954453,0.002533254516585945,0.0049651788525084525,0.0006854518653816048,0.0013434856561479454,3.7075996695827365,7.266895352382163,3.377483871101034,6.619868387358027,0.0022628251178943033,0.004435137231072834,0.0006462412076607879,0.001266632767015144,7.956411503601749,15.594566547059427,31.50478678316099,61.74938209499554
tanh,gpu_geometry,50,highdim_nonlinear,Random nonlinear,5704.0,4.0,1426,1425,0.0010876935886546296,0.0012209684988168793,6,0.03755247899569166,0.02928166386007278,6,0.004127677109484861,0.004753870580973013,6,0.004519911101392393,0.005229399446957631,6,0.004486696636049293,0.005243077134425159,6,0.0011493426049001448,0.001378626812281367,6,2.397400777649865,1.8535997741350312,6,6.804598894162943,8.533247194785059,6,0.004526962294504241,0.005285579168165944,6,0.0012733417821914389,0.001418349397788656,6,1.7046631551867788,2.092451690172042,6,-44.109829059806124,69.15927290141558,6,0.004544636341127456,0.005336364141007086,6,0.0011715490517385044,0.0013403805655056767,6,2.10079214760893,2.8020259860903187,6,-18.276571140955383,60.39838637335898,6,0.004579870160582236,0.0052850962693314464,6,0.001202889586045007,0.001387075851271532,6,-2.4928565814095838,8.644777039665556,6,-15.394546750536483,52.94913107015636,6,0.0004984583023522202,0.0009769782726103515,0.011954189212812194,0.0234302108571119,0.001940759537768684,0.0038038886940266205,0.0021348933843731237,0.004184391033371322,0.002140477276899241,0.004195335462722512,0.000562822039301513,0.0011031311970309656,0.7567289389948292,1.4831887204298653,3.4836835793765553,6.828019815578048,0.002157828659515154,0.004229344172649701,0.0005790387169276684,0.00113491588517823,0.8542398253909569,1.6743100577662755,28.23415493172668,55.338943666184285,0.002178561537858804,0.004269980614203256,0.0005472080744386785,0.00107252782589981,1.1439223186566927,2.2420877445671175,24.657537983699687,48.328774448051384,0.0021576315168915033,0.004228957773107347,0.0005662713450253105,0.0011098918362496086,3.529215447884718,6.917262277854047,21.61639224093835,42.36812879223916
tanh,gpu_geometry,50,highdim_poly3,Sparse cubic,2852.0,2.0,1426,1425,0.0001661098716560775,6.553038223241714e-05,6,0.0082562655605763,0.0020125186536805897,6,0.0006018659288845909,0.00025048272080565177,6,0.000954297328692675,0.00038345435609186707,6,0.0009768359819516046,0.00041888654424455745,6,0.00026052355923250235,0.00011135934308920714,6,-1.5367543606147243,3.1411362345672234,6,-0.5486987565111241,8.227716850254957,6,0.0009724385162080722,0.0003876526348932726,6,0.00026100817463501925,0.00010008773797698527,6,-1.9584848465391398,1.201920857374215,6,-2.443796940360436,3.913051542565323,6,0.0009701009206992146,0.0004368391769202398,6,0.0002550183199647761,0.0001013134395327003,6,-0.2501905596378782,4.791148739286046,6,0.6965360695724145,4.372516994085305,6,0.000991440270283516,0.0003971180848706424,6,0.0002505035801898127,8.428125203352487e-05,6,-3.8052523664117612,3.4768422133176107,6,0.48138403179177636,6.455842593541164,6,2.6752666519827802e-05,5.243522637886249e-05,0.000821607299891736,0.0016103503077878026,0.00010225914255964444,0.0002004279194169031,0.00015654458534542613,0.0003068273872770352,0.0001710097155861559,0.0003351790425488656,4.5462261443347616e-05,8.910603242896133e-05,1.2823634978761649,2.513432455837283,3.358951338537306,6.583544623533119,0.0001582585254889906,0.0003101867099584216,4.08606479254993e-05,8.008686993397863e-05,0.4906821352958839,0.9617369851799324,1.5974966027492754,3.1310933413885795,0.00017833884718532891,0.0003495441404832447,4.1361038490238855e-05,8.106763544086815e-05,1.9559782821716212,3.8337174330563775,1.7850725878595148,3.498742272204649,0.00016212277926072304,0.00031776064735101713,3.440767706084051e-05,6.743904703924739e-05,1.4194148897995085,2.7820531840070366,2.635586702316972,5.165749936541265
tanh,gpu_geometry,50,highdim_poly3,Sparse cubic,4278.0,3.0,1426,1425,0.0001661098716560775,6.553038223241714e-05,6,0.0082562655605763,0.0020125186536805897,6,0.0006018659288845909,0.00025048272080565177,6,0.0007281888642355266,0.000295286810794122,6,0.000739932954247024,0.0003259328204274115,6,0.000196634711726648,8.913417289430988e-05,6,-0.45576003351430283,3.638196820000071,6,1.8356501462443802,9.623540239803425,6,0.0007278796440432137,0.00030139759038955887,6,0.00019724645456513097,8.712889567743894e-05,6,0.3334322645376325,0.9828941205323547,6,1.131419157604139,7.791552565240066,6,0.00073156326358238,0.00032711690015982067,6,0.00018971612867828397,7.856366700055012e-05,6,0.8339141347500795,3.9111682172033904,6,3.945392137906572,6.293153818349283,6,0.0007379126223182462,0.0003127335016825364,6,0.00019170532968288526,7.597865068690713e-05,6,-0.6730747295575977,2.7936719349573336,6,2.434848301671902,5.684123158249495,6,2.6752666519827802e-05,5.243522637886249e-05,0.000821607299891736,0.0016103503077878026,0.00010225914255964444,0.0002004279194169031,0.00012055033570322649,0.00023627865797832393,0.000133061516745556,0.00026080057282128975,3.638887370601241e-05,7.132219246378432e-05,1.485287632136092,2.9111637589867403,3.928793851109943,7.700435948175488,0.00012304505102646505,0.00024116830001187148,3.557022271031871e-05,6.971763651222468e-05,0.401264844414316,0.7864790950520593,3.1808880148185836,6.2345405090444235,0.00013354491527208496,0.00026174803393328653,3.2073482745546794e-05,6.286402618127171e-05,1.596727738389879,3.129586367244163,2.569169287967227,5.035571804415765,0.0001276729174326731,0.0002502389181680393,3.101815425468085e-05,6.079558233917446e-05,1.140511791563204,2.2354031114638797,2.3205335621414105,4.548245781797164
tanh,gpu_geometry,50,highdim_poly3,Sparse cubic,5704.0,4.0,1426,1425,0.0001661098716560775,6.553038223241714e-05,6,0.0082562655605763,0.0020125186536805897,6,0.0006018659288845909,0.00025048272080565177,6,0.0006493084149760924,0.00026866779129850474,6,0.0006454753452073574,0.0002764504940185376,6,0.0001717774999525853,7.492503889846867e-05,6,1.0639794656826216,1.5508575466973107,6,2.8047194434792644,4.3138509607033235,6,0.0006517711861570973,0.00027688140661354815,6,0.00017278741723938157,7.156601840982777e-05,6,0.013902460807456699,1.6821008085371743,6,1.5151765023473773,3.642995898112222,6,0.0006506853789251719,0.00028240873139894347,6,0.0001773737191318836,7.252033358848221e-05,6,0.46112191499857863,2.3747062886316184,6,-1.317978541663487,6.12819736682888,6,0.0006562575871177476,0.00028076374592859483,6,0.00017096397543168683,6.790666965689697e-05,6,-0.7280223016202486,2.5648316510931246,6,2.054204264529971,5.211941295106005,6,2.6752666519827802e-05,5.243522637886249e-05,0.000821607299891736,0.0016103503077878026,0.00010225914255964444,0.0002004279194169031,0.0001096831665003165,0.00021497900634062035,0.00011286044158095836,0.0002212064654986784,3.058801904323827e-05,5.995251732474701e-05,0.6331349421921577,1.240944486696629,1.761122280023025,3.451799668845129,0.00011303636091121078,0.00022155126738597312,2.9216704671117535e-05,5.726474115539037e-05,0.6867147794731832,1.345960967767439,1.48724684757118,2.915003821239513,0.00011529288180568696,0.00022597404833914645,2.960630221136693e-05,5.8028352334279185e-05,0.9694697826876432,1.9001607740677806,2.5018260986330376,4.903579153320754,0.00011462131929957923,0.0002246577858271753,2.7722781798522472e-05,5.4336652325104045e-05,1.0470881368863754,2.0522927482972957,2.127766123725039,4.170421602501076
tanh,gpu_geometry,50,highdim_poly4,Sparse quartic,2852.0,2.0,1426,1425,0.00030062848726670663,0.00010847877963308365,6,0.011632587739454858,0.003020326989679194,6,0.0011303264303348377,0.0003995436279574993,6,0.001874276599908873,0.0006969102879919605,6,0.0019684033975860228,0.0007226657238224727,6,0.0005240787822497968,0.00018394179608185123,6,-5.17678915695703,2.5814334788487345,6,-5.506219341250804,4.34077009302469,6,0.0019184076230177498,0.0007401296942008648,6,0.0005040847130127718,0.00019801103561646556,6,-1.9533963839613981,1.8247776951326344,6,-0.3239360334406719,4.345161023908814,6,0.0018867836827606889,0.0006400124238451378,6,0.0004992229926292619,0.0001795573023572385,6,-1.5680499972251127,3.520706585859095,6,-0.30632377055745924,5.185573584521506,6,0.0018397267236127867,0.0006925589866624093,6,0.0004874659174258359,0.00018414946652147357,6,1.9207551750584988,3.249274083765691,6,2.5286706508898256,3.584713064754031,6,4.4286276336812525e-05,8.680110162015254e-05,0.0012330433301783966,0.0024167649271496575,0.00016311300307937882,0.0003197014860355825,0.0002845124336793963,0.0005576443700116168,0.00029502704632735466,0.0005782530108016152,7.509392379526826e-05,0.0001471840906387258,1.0538658046861786,2.06557697718491,1.7721119697739935,3.4733394607570274,0.0003021566823790448,0.0005922270974629278,8.083766678340117e-05,0.0001584418268954663,0.7449623745144863,1.4601262540483932,1.773904559800982,3.4768529372099244,0.00026128397791041086,0.0005121165967044052,7.330396172764559e-05,0.00014367576498618536,1.4373224449018396,2.8171519920076054,2.117001550955471,4.149323039872724,0.00028273602235031394,0.0005541626038066154,7.517870489722397e-05,0.00014735026159855898,1.3265105899458782,2.599960756293921,1.4634529804893084,2.8683678417590444
tanh,gpu_geometry,50,highdim_poly4,Sparse quartic,4278.0,3.0,1426,1425,0.00030062848726670663,0.00010847877963308365,6,0.011632587739454858,0.003020326989679194,6,0.0011303264303348377,0.0003995436279574993,6,0.001397705223985746,0.00050958006296047,6,0.0013992470011538972,0.0004963734995971405,6,0.00036639493126245005,0.0001180829559233441,6,-0.3673376220722564,1.1972125215818736,6,0.9491449597268958,6.126930689804829,6,0.0014118156916451618,0.0005327119904122127,6,0.00038044486881936977,0.00013759855920213336,6,-0.6459765141532842,2.19073079870367,6,-1.651781563440543,6.309117135994111,6,0.0013785285341559933,0.0004885036196828125,6,0.000366878385941149,0.00013031312616330085,6,1.092823333019018,2.009593645923435,6,1.868233806460011,4.205708353557481,6,0.0014151148960928185,0.000485659114067585,6,0.0003734478523782843,0.00013101053709279966,6,-1.8376127186317672,3.1590148917830585,6,0.029832195313467553,4.609970927215894,6,4.4286276336812525e-05,8.680110162015254e-05,0.0012330433301783966,0.0024167649271496575,0.00016311300307937882,0.0003197014860355825,0.00020803518955807957,0.00040774897153383595,0.00020264363264209764,0.00039718151997851134,4.820716488862492e-05,9.448604318170484e-05,0.4887599652577307,0.9579695319051521,2.5013089799033987,4.902565600610662,0.00021747875939538764,0.0004262583684149598,5.61743765645616e-05,0.00011010177806654073,0.8943621034373066,1.752949722737121,2.5756862851058595,5.048345118807484,0.00019943076762091733,0.000390884304536998,5.3200110981169274e-05,0.00010427221752309178,0.8204131704752841,1.6080098141315566,1.7169732455294295,3.365267561237682,0.00019826950306628584,0.00038860822600992023,5.348482780088798e-05,0.00010483026248974044,1.289662429120319,2.527738361075825,1.8820127501239983,3.6887449902430367
tanh,gpu_geometry,50,highdim_poly4,Sparse quartic,5704.0,4.0,1426,1425,0.00030062848726670663,0.00010847877963308365,6,0.011632587739454858,0.003020326989679194,6,0.0011303264303348377,0.0003995436279574993,6,0.001230993777517245,0.0004397252245396762,6,0.0012215094134856166,0.0004241979822376636,6,0.0003352177627311524,0.00013004216057946587,6,0.5098947827652207,1.1655622501432108,6,0.17038998717422604,5.311377778933658,6,0.0012271500629899032,0.00043950178437727046,6,0.00034287916059770146,0.00015560036885578827,6,0.34268433747070093,0.5158409755442461,6,-0.4331866800956456,9.900218465590061,6,0.0012254758670832086,0.00043412892278617195,6,0.0003376274306558626,0.00011867477432783632,6,0.37259024732760565,0.7633607940950191,6,-1.330718347120286,3.9114074967224584,6,0.0012128647011444922,0.00040276948594734007,6,0.00031881535236286855,0.00010308809356613155,6,0.8111740429177879,3.1505897948347545,6,3.5224349211989634,6.166495156628686,6,4.4286276336812525e-05,8.680110162015254e-05,0.0012330433301783966,0.0024167649271496575,0.00016311300307937882,0.0003197014860355825,0.00017951707119216113,0.0003518534595366358,0.00017317810106674632,0.0003394290780908228,5.308948974479411e-05,0.00010405539989979646,0.4758387960501793,0.9326440402583515,2.168360898257416,4.249987360584535,0.00017942585212783803,0.00035167467017056255,6.352358458092208e-05,0.00012450622577860727,0.21059119641714988,0.4127587449776138,4.041747263795912,7.921824637039988,0.0001772323905683731,0.00034737548551401124,4.8448773740523916e-05,9.495959653142687e-05,0.31164073919642854,0.610815848825,1.5968254238444817,3.129777830735184,0.0001644299540890105,0.00032228271001446054,4.208553796555197e-05,8.248765441248186e-05,1.2862228976941816,2.520996879480596,2.5174611058473526,4.934223767460811
tanh,iterative_dopt,5,highdim_poly2,Quadratic,62.0,2.0,31,30,0.001115285135732112,0.0006136453347030644,6,0.0036815226120607233,0.0016983758717284262,6,0.0004395433311756274,0.00020556827885358873,6,0.0010939551623558635,0.0004992076429895893,6,0.0012337634380193252,0.0005970435228895302,6,0.001996529948521472,0.000906972636351222,6,-12.48911712496358,25.74249818249401,6,23.589573371027768,5.575431778689227,6,0.0011763366553116238,0.0005098167218207407,6,0.002180635559805127,0.0009778078835122877,6,-9.596920507164441,29.788301624508946,6,14.613702123503122,20.157038362864824,6,0.0012433745275963325,0.0004966751391102124,6,0.0025652287106885333,0.0009471755125424754,6,-19.997374504524394,30.29290964050805,6,-4.489861394758717,32.05992426062712,6,0.0011212575254952704,0.0004802505560713912,6,0.002290899993235902,0.0010476375941132561,6,-12.372883881824203,53.292631659634814,6,8.636804263778565,22.340318501201537,6,0.0002505196588436511,0.0004910185313335562,0.0006933590461982032,0.0013589837305484783,8.39228984155763e-05,0.00016448888089452954,0.0002038006668369943,0.00039944930700050885,0.00024374199755217298,0.00047773431520225905,0.0003702700282878893,0.000725729255444263,10.509330875272282,20.59828851553367,2.2761604922477723,4.461274564805634,0.00020813180513320822,0.0004079383380610881,0.0003991883968459796,0.00078240925781812,12.161023214027692,23.835605499494275,8.22907645245407,16.128989846809976,0.00020276677645764558,0.0003974228818569853,0.0003866827837646989,0.0007578982561788097,12.367028573913688,24.239376004870827,13.08840927180195,25.65328217273182,0.00019606146851046505,0.00038428047828051147,0.00042769625682241124,0.000838284663371926,21.75662576936626,42.642986507957865,9.12039683653374,17.87597779960613
tanh,iterative_dopt,5,highdim_poly2,Quadratic,93.0,3.0,31,30,0.001115285135732112,0.0006136453347030644,6,0.0036815226120607233,0.0016983758717284262,6,0.0004395433311756274,0.00020556827885358873,6,0.0008512107689937378,0.000396588751276169,6,0.0011173564335801474,0.0005602638134845005,6,0.0017819786412270784,0.0009117356124283987,6,-28.40034228084198,13.327844346966039,6,14.349939931300568,12.377891971876078,6,0.0008594842598659691,0.0002768861415253729,6,0.0018450837325954272,0.0007350835049584368,6,-8.12822806304096,24.0361634975305,6,7.845952908840663,24.41922442924214,6,0.0010714462333162068,0.0004463917585696019,6,0.0023318591534992887,0.0009292807060778637,6,-32.36083051272923,36.81401275831914,6,-18.864788375334843,40.52328629944168,6,0.0007864808721996151,0.00033550963571778907,6,0.0017390159352920376,0.0007801096954164789,6,4.503404930959278,12.989196866241246,6,14.82500078895499,17.39388183330326,6,0.0002505196588436511,0.0004910185313335562,0.0006933590461982032,0.0013589837305484783,8.39228984155763e-05,0.00016448888089452954,0.00016190667972569418,0.00031733709226236057,0.00022872674406381198,0.0004483044183650715,0.000372214505128917,0.0007295404300526773,5.441069670217346,10.664496553625998,5.053253237064784,9.904376344646975,0.00011303829393086874,0.00022155505610450273,0.0003000965842474664,0.0005881893051250341,9.812722657176733,19.232936408066397,9.969106627691506,19.53944899027535,0.00018223867231319748,0.00035718779773386705,0.0003793772596173394,0.0007435794288499852,15.029257773698632,29.457345236449317,16.54356235572475,32.42538221722051,0.00013697123521594083,0.00026846362102324404,0.0003184784495280624,0.0006242177610750023,5.302817415141556,10.393522133677449,7.101022522976501,13.918004145033942
tanh,iterative_dopt,5,highdim_poly2,Quadratic,124.0,4.0,31,30,0.001115285135732112,0.0006136453347030644,6,0.0036815226120607233,0.0016983758717284262,6,0.0004395433311756274,0.00020556827885358873,6,0.0007328268725646543,0.000347206711286124,6,0.0009799816679683636,0.0004885044957845889,6,0.0016577865535269659,0.0008777115991916669,6,-32.05345122812643,27.472238913355046,6,11.385742356424918,9.503625369050761,6,0.0008336935568906714,0.0002815449806531062,6,0.0017337967141774246,0.0007531798685288626,6,-23.604144463190355,29.379561987592066,6,3.959052561334401,9.725873730550303,6,0.0009912731738261921,0.0003956421073821418,6,0.0022321683469087,0.0010045154725261394,6,-42.76160164015343,37.54398427532377,6,-24.123366307304412,28.335227246786314,6,0.0006461135820201295,0.0003537983661574906,6,0.001525381070143898,0.0007438013320438052,6,11.837209506254533,11.04969178332335,6,17.811432215650306,4.767420789732135,6,0.0002505196588436511,0.0004910185313335562,0.0006933590461982032,0.0013589837305484783,8.39228984155763e-05,0.00016448888089452954,0.0001417465463201402,0.00027782323078747476,0.00019943112528796983,0.00039088500556442083,0.00035832425989030137,0.0007023155493849906,11.215494571592012,21.982369360320344,3.8798388101239727,7.604484067842987,0.000114940257040312,0.00022528290379901153,0.0003074843937387053,0.0006026694117278623,11.994155956011555,23.50854567378265,3.9705713237645552,7.7823197945785285,0.00016152021397427952,0.00031657961938958784,0.000410091724403296,0.0008037797798304601,15.327267397603087,30.04144409930205,11.567808083405586,22.67290384347495,0.0001444375781527034,0.00028309765317929863,0.0003036556222516276,0.0005951650196131901,4.511017780694352,8.841594850160929,1.946291387330024,3.814731119166847
tanh,iterative_dopt,5,highdim_smooth,Smooth,62.0,2.0,31,30,0.0003867470150645918,0.00023309350212991938,6,0.0014426545403615904,0.0007838215892550878,6,0.00016221275212188483,6.575876982138656e-05,6,0.00043064767941442954,0.00014020538518707325,6,0.0006170193150207443,0.00027612609160159894,6,0.0009126095786804964,0.00030904016073246316,6,-41.125157316946314,31.074890035237082,6,0.4826447611954261,16.569027904028594,6,0.0005697993166910081,0.000312403773792043,6,0.0008915996552891036,0.0003046815047350808,6,-26.339378482173256,33.072380016599325,6,2.9195605651921,18.408941414467357,6,0.0009016697139394018,0.0003176879799547641,6,0.0016984642172926205,0.00048650820868743156,6,-116.05103230306997,73.22107859607443,6,-92.79804760556164,66.31668455411076,6,0.0005299751708250443,0.00037379027360273534,6,0.0007621147515075136,0.00029149879374007096,6,-16.39936755211107,55.50780692703706,6,17.480751346572443,21.707377991587986,6,9.516002376277441e-05,0.00018651364657503784,0.00031999382384205786,0.0006271878947304334,2.684590536258773e-05,5.261797451067195e-05,5.7238608816450084e-05,0.00011218767328024216,0.00011272800484882082,0.0002209468895036888,0.00012616511730370554,0.00024728362991526285,12.686270733238072,24.86509063714662,6.764277316467718,13.257983540276726,0.00012753830658506095,0.00024997508090671947,0.00012438570344405411,0.00024379597875034606,13.501742603347902,26.463415502561887,7.515418861705707,14.730220968943186,0.00012969557471745043,0.00025420332644620285,0.00019861614449328025,0.0003892876432068293,29.89238016276754,58.589065119024376,27.073673098446992,53.0643992729561,0.00015259924019033635,0.00029909451077305923,0.0001190038842166622,0.0002332476130646579,22.660967285361053,44.41549587930766,8.86199995551868,17.369519912816614
tanh,iterative_dopt,5,highdim_smooth,Smooth,93.0,3.0,31,30,0.0003867470150645918,0.00023309350212991938,6,0.0014426545403615904,0.0007838215892550878,6,0.00016221275212188483,6.575876982138656e-05,6,0.0003280322215025424,0.0001149662575897698,6,0.0006546015933834628,0.0003771470803188092,6,0.000818953507897055,0.0002912253639546668,6,-88.95661272268994,48.92940930213835,6,-13.71968456847018,13.400062831614443,6,0.00037813012754407444,0.00015452872781366615,6,0.0007384434053317396,0.0002984431440432487,6,-14.159690666528823,16.242963321337854,6,-2.006084508288122,22.071952559699653,6,0.0006960666787897951,0.00016964332155210344,6,0.0013044497731614397,0.00022749227621374684,6,-121.31251427352338,46.188748198679164,6,-90.12315602320281,39.97892370811478,6,0.00029267919910300183,0.00011393781421466466,6,0.000635779719356918,0.00028279357990809603,6,10.394111782378786,17.143467344697815,6,12.856846424960507,21.484066505543577,6,9.516002376277441e-05,0.00018651364657503784,0.00031999382384205786,0.0006271878947304334,2.684590536258773e-05,5.261797451067195e-05,4.693477812205164e-05,9.19921651192212e-05,0.0001539696507935911,0.0003017805155554386,0.00011889225697420904,0.0002330288236694497,19.975347701004623,39.15168149396906,5.470552743114949,10.722283376505299,6.308608895748481e-05,0.00012364873435667022,0.00012183890335631672,0.00023880425057838076,6.63116200800341,12.997077535686683,9.01083689969687,17.661240323405863,6.925659601225764e-05,0.00013574292818402498,9.287333285799509e-05,0.00018203173240167038,18.8564774907766,36.95869588192214,16.32132725842306,31.9898014265092,4.651491787232608e-05,9.116923902975911e-05,0.00011544999555163606,0.00022628199128120667,6.998791236095944,13.71763082274805,8.770833423100106,17.190833509276207
tanh,iterative_dopt,5,highdim_smooth,Smooth,124.0,4.0,31,30,0.0003867470150645918,0.00023309350212991938,6,0.0014426545403615904,0.0007838215892550878,6,0.00016221275212188483,6.575876982138656e-05,6,0.00028718770194923946,0.00011173863093273602,6,0.00047078741133716194,0.0001610422806674617,6,0.0007238550485960804,0.0002477608597450871,6,-68.25685525936801,39.54553572710163,6,-13.161897539796561,21.201879591162466,6,0.00035254636502470233,0.00013994349235306894,6,0.0006931748226871133,0.0002607175283393961,6,-23.155209571251106,17.37314977332529,6,-5.6663055610124955,6.832520427329494,6,0.000571492634557528,0.00013013669942218525,6,0.001143284414286251,0.00016926286986217382,6,-111.59170669900796,46.292550331055104,6,-86.74104205000793,43.42344829809349,6,0.00025754757306997977,8.632916523239169e-05,6,0.0005353209171933701,0.00027948585817038474,6,7.879266098408421,16.426033318284343,6,21.198868886919943,13.329370520035804,6,9.516002376277441e-05,0.00018651364657503784,0.00031999382384205786,0.0006271878947304334,2.684590536258773e-05,5.261797451067195e-05,4.561710505706201e-05,8.940952591184154e-05,6.574523577489287e-05,0.00012886066211879004,0.00010114794743478876,0.00019824997697218596,16.14439735606686,31.643018817891047,8.655631097712744,16.96503695151698,5.7131691514683086e-05,0.00011197811536877885,0.00010643748523852223,0.00020861747106750355,7.0925586949327,13.901415042068091,2.789364784016689,5.46715497667271,5.312808506571672e-05,0.00010413104672880477,6.910127726023979e-05,0.00013543850343007,18.898854533865585,37.041754886376545,17.72754853374261,34.74599512613551,3.5243734123296266e-05,6.907771888166068e-05,0.00011409962380688526,0.00022363526266149512,6.705900021292039,13.143564041732397,5.44169272776403,10.6657177464175
tanh,iterative_dopt,5,highdim_strong,Strong nonlinear,62.0,2.0,31,30,0.0014183846413673854,0.0006661279519219501,5,0.00954483684318425,0.002565025278915897,5,0.0007578422488439917,0.00035784116701706524,5,0.003230536931690596,0.0009449857750333103,5,0.006494617123610838,0.006093389964689241,5,0.006859374561922546,0.0026650187105028574,5,-89.73935826888253,133.9280835925789,5,-6.3420811434598505,35.13359141665575,5,0.006349214169525911,0.003150768018452423,5,0.008474669655078359,0.0030635530144821955,5,-93.11554644144672,70.63625809010856,5,-29.24020748270244,37.49123341289003,5,0.008438896301007127,0.0029715086836473266,5,0.015594225696585601,0.005159956308909892,5,-174.29072661807044,92.94416024174132,5,-143.1442691774918,74.21413413496022,5,0.0024656234050084162,0.0016349147094562387,5,0.004559478465693793,0.0024776208285249308,5,19.10559955017385,47.441561676519065,5,25.48909228518777,44.48905665620654,5,0.00029790147644203843,0.0005838868938263953,0.0011471141775322607,0.002248343787963231,0.0001600314349196027,0.0003136616124424213,0.00042261048614896106,0.0008283165528519637,0.002725046834892037,0.005341091796388393,0.0011918325995986443,0.0023359918952133426,59.89445980185613,117.39314121163801,15.712219740269077,30.79595069092739,0.001409066294118386,0.0027617699364720365,0.0013700625586113174,0.002685322614878182,31.589494953140438,61.91541010815526,16.76658929430671,32.86251501684115,0.001328899082473268,0.002604642201647605,0.0023076026135302845,0.004522901122519358,41.56589208243337,81.4691484815694,33.18956976341172,65.05155673628697,0.0007311560855516935,0.0014330659276813192,0.001108025719010219,0.0021717304092600293,21.2165113734891,41.58436229203864,19.896110987623462,38.996377535741985
tanh,iterative_dopt,5,highdim_strong,Strong nonlinear,93.0,3.0,31,30,0.0014183846413673854,0.0006661279519219501,5,0.00954483684318425,0.002565025278915897,5,0.0007578422488439917,0.00035784116701706524,5,0.001770967157035811,0.0006034322871267279,5,0.004838486441209943,0.0049081024997038696,5,0.005251492149764893,0.002146315774173808,5,-145.2167937536964,166.3367837536415,5,-44.600847381510874,25.51098127513613,5,0.004910075730010283,0.00205558978450456,5,0.00700302596713855,0.002193155990936916,5,-172.28538113701057,56.08263595561498,5,-95.40812286615899,39.68203065044001,5,0.005971733828052524,0.0007240178693854707,5,0.010927340001623573,0.0007399829697714199,5,-274.10627189548785,136.42311227349893,5,-224.86594117647127,94.66885950918348,5,0.0017208074200735282,0.0006631604759434063,5,0.0035860378668955708,0.0016891514949003506,5,-5.5439424316046715,46.11916269568285,5,-4.129415375735058,57.08770038608505,5,0.00029790147644203843,0.0005838868938263953,0.0011471141775322607,0.002248343787963231,0.0001600314349196027,0.0003136616124424213,0.0002698631227667069,0.0005289317206227456,0.002194970165974899,0.004302141525310802,0.0009598615944465445,0.0018813287251152272,74.388071126365,145.8006194076754,11.40885766078573,22.36136101514003,0.0009192876984012679,0.001801803888866485,0.0009808091761991714,0.001922385985350376,25.080917270825793,49.15859785081855,17.74634360392281,34.7828334636887,0.00032379063457409527,0.0006346296437652267,0.00033093044452021334,0.0006486236712596182,61.01027054912589,119.58013027628675,42.33720104298232,82.98091404424535,0.0002965743808401141,0.0005812857864466236,0.0007554115133785146,0.0014806065662218886,20.62511657058386,40.425228478344366,25.53039574848543,50.03957566703144
tanh,iterative_dopt,5,highdim_strong,Strong nonlinear,124.0,4.0,31,30,0.0014183846413673854,0.0006661279519219501,5,0.00954483684318425,0.002565025278915897,5,0.0007578422488439917,0.00035784116701706524,5,0.001302919681488727,0.0005479713615037373,5,0.004269139323017463,0.004810907933603922,5,0.004844870658780873,0.0022239593373189342,5,-173.67477662861776,165.51641176149116,5,-72.0086928676433,18.19365762436745,5,0.004685868474682753,0.002139979792654258,5,0.006274356897037124,0.0018616430216460392,5,-283.7006352441455,204.91875510471226,5,-148.45281229910717,110.20672881780875,5,0.004609954969502488,0.0009641791471026342,5,0.008812067393554484,0.0016925821210045427,5,-289.6208320588979,143.42001371571968,5,-250.84799664042052,136.11865011066888,5,0.0014048211511942178,0.0004053100125828071,5,0.002381477784381327,0.00033990852090792426,5,-12.983731350119943,28.387609240948382,5,4.730506247561595,34.24477460792982,5,0.00029790147644203843,0.0005838868938263953,0.0011471141775322607,0.002248343787963231,0.0001600314349196027,0.0003136616124424213,0.0002450602428090936,0.00048031807590582343,0.0021515034346062827,0.004216946731828314,0.0009945848514881044,0.0019493863089166846,74.02118961810798,145.08153165149164,8.13645104148859,15.947444041317635,0.0009570280573701651,0.0018757749924455235,0.0008325520692477312,0.0016318020557255532,91.64245325575372,179.6192083812773,49.285947442901076,96.60045698808611,0.0004311940230818519,0.0008451402852404297,0.0007569457360133864,0.0014836136425862372,64.13938000046028,125.71318480090214,60.87411093059298,119.31325742396223,0.00018126014801929036,0.00035526989011780907,0.00015201171177630542,0.00029794295508155864,12.695324796292358,24.88283660073302,15.314728779497957,30.016868407815995
tanh,iterative_dopt,10,highdim_poly2,Quadratic,172.0,2.0,86,85,0.0017300369043968759,0.0006563225489555137,6,0.009522645688543377,0.003080510997403358,6,0.0013120634821533787,0.0005235643248392743,6,0.0028739897767491654,0.0011394361451233814,6,0.0022446467282588385,0.0007731138810897573,6,0.002486832494218707,0.0008699656396945622,6,18.563371856027313,21.27794281405807,6,31.22746283793975,6.552596919999843,6,0.0022382326580274,0.0008836106267317871,6,0.0027751596302203595,0.0012060605312202723,6,21.46677552959901,10.798375398426657,6,25.93366939637292,9.160435602723448,6,0.0027710432817597704,0.0010425683640463187,6,0.003429935650039066,0.001189386172310875,6,2.547544771898396,6.318991496140897,6,5.501283025438878,7.513018466425394,6,0.00247100557746069,0.0011177409167925274,6,0.0030640330848073203,0.001439060240597952,6,15.657133808149267,7.729633052425439,6,18.854037419348973,7.67599561780755,6,0.00026794255860397353,0.0005251674148637881,0.0012576133484450507,0.0024649221629522993,0.0002137442405635004,0.0004189387115044608,0.00046517285833935464,0.000911738802345135,0.00031562242028877573,0.0006186199437660004,0.0003551619851676061,0.0006961174909285079,8.686683778427046,17.025900205717008,2.6750864906887104,5.243169521749873,0.00036073252779895466,0.0007070357544859511,0.0004923721500666147,0.0009650494141305647,4.408418296194719,8.640499860541649,3.7397321747161545,7.329875062443663,0.00042562675231361605,0.0008342284345346874,0.00048556487154727236,0.0009517071482326538,2.5797174757552095,5.056246252480211,3.0671769451416013,6.0116668124775385,0.00045631581846206033,0.0008943790041856382,0.0005874938830986293,0.0011514880108733133,3.155609479565657,6.184994579948688,3.133712088578037,6.142075693612952
tanh,iterative_dopt,10,highdim_poly2,Quadratic,258.0,3.0,86,85,0.0017300369043968759,0.0006563225489555137,6,0.009522645688543377,0.003080510997403358,6,0.0013120634821533787,0.0005235643248392743,6,0.002107347138169831,0.0008245674430858602,6,0.0017599646626632293,0.0005728800269807554,6,0.0022575689395866426,0.0008911892713566813,6,13.954084132493534,10.175010235978352,6,17.481344279359984,7.1288260876149625,6,0.001863142137776772,0.0006898833581902196,6,0.0023950498455905848,0.0009406438964127555,6,10.54260033453493,9.314047299772753,6,12.612473390807581,12.761029654384378,6,0.002392998635487719,0.0008335781888753633,6,0.003064944463372046,0.001085403774079277,6,-15.333574090716445,9.204713784451686,6,-12.769787478065998,11.597087064298654,6,0.0018339905233236264,0.0006428965197495572,6,0.0023061782908517293,0.0008984337587486673,6,11.6121442188567,4.586099651750875,6,16.35388579464671,5.374201372007098,6,0.00026794255860397353,0.0005251674148637881,0.0012576133484450507,0.0024649221629522993,0.0002137442405635004,0.0004189387115044608,0.0003366282490119611,0.0006597913680634438,0.00023387729165578515,0.0004583994916453389,0.0003638264965111009,0.0007130999331617577,4.1539305342904695,8.14170384720932,2.9103310632829977,5.7042488840346754,0.00028164370160062605,0.0005520216551372271,0.0003840162626457745,0.0007526718747857179,3.802443887431786,7.452790019366301,5.209668540961084,10.210950340283723,0.0003403068705763302,0.0006670014663296073,0.0004431142352308899,0.0008685039010525442,3.757808666711556,7.36530498675465,4.734490968360506,9.27960229798659,0.0002624614051329239,0.0005144243540605309,0.0003667840461041662,0.0007188967303641657,1.8722673427242125,3.6696439917394565,2.1940085227304453,4.300256704551673
tanh,iterative_dopt,10,highdim_poly2,Quadratic,344.0,4.0,86,85,0.0017300369043968759,0.0006563225489555137,6,0.009522645688543377,0.003080510997403358,6,0.0013120634821533787,0.0005235643248392743,6,0.0018264401527371375,0.0007147180271418376,6,0.0016288181374404357,0.0005772729017590593,6,0.0021150984881459583,0.0007872771409304643,6,8.92601411613608,8.004609102111838,6,11.980379639070547,7.487369044991007,6,0.0017925043667485865,0.0006926902252390621,6,0.002339600873986551,0.0009913722526706508,6,1.5436256743568253,7.847818633790458,6,5.049182371101529,7.849382619735488,6,0.002311346458388316,0.0008845591127250472,6,0.002860914138058911,0.001129547922403982,6,-26.671060155169574,6.235802601549247,6,-17.69297426127359,6.563204390311305,6,0.001672041150030215,0.000629575258139416,6,0.002191108271948057,0.0008433202351620122,6,8.027495294115427,2.6406133205688134,6,10.018306252603535,5.454329079453973,6,0.00026794255860397353,0.0005251674148637881,0.0012576133484450507,0.0024649221629522993,0.0002137442405635004,0.0004189387115044608,0.0002917824127443601,0.0005718935289789458,0.00023567067527424955,0.0004619145235375291,0.00032140454690613986,0.0006299529119360341,3.2678679817686356,6.405021244266526,3.0567056126896253,5.9911430008716655,0.00028278960027487536,0.0005542676165387557,0.00040472602736610206,0.00079326301363756,3.2038585411154035,6.279562740586191,3.204497035703772,6.280814189979393,0.00036111974558423207,0.0007077947013450948,0.0004611360083184339,0.0009038265763041304,2.54575575175259,4.989681273435076,2.679416972309511,5.251657265726641,0.0002570230228537619,0.0005037651247933733,0.00034428404431847444,0.0006747967268642098,1.0780258738983228,2.1129307128407127,2.2267205223144204,4.364372223736264
tanh,iterative_dopt,10,highdim_smooth,Smooth,172.0,2.0,86,85,0.00044806564231327585,8.582695420896239e-05,6,0.004224515095573474,0.0008923524070851767,6,0.00035204199027739956,6.093829105944513e-05,6,0.0007884984488092887,0.0001069163946310732,6,0.0006450505773093357,0.00010906261519072263,6,0.0007491257572581744,0.00010480857500161126,6,17.376771905831998,16.2965133629352,6,20.993593132820973,15.701974943397643,6,0.000723932545296655,0.00017158659870520924,6,0.0008543813106853749,0.00019788091931011157,6,6.749185585633168,27.398428779288732,6,10.228068021530545,23.039141597082917,6,0.0011585077887549388,0.00034556080392628895,6,0.0013605820967642207,0.0004835424184876894,6,-49.757965467415964,50.586086287869925,6,-43.322509613048396,51.955831511698364,6,0.000704661609695008,5.4342439398232984e-05,6,0.0008457893896901412,0.00015069918648272628,6,9.404735046267383,12.902902262441934,6,11.067084752391542,17.421243378339533,6,3.503870733152915e-05,6.867586636979713e-05,0.0003643013446838366,0.0007140306355803196,2.4877953148807784e-05,4.876078817166326e-05,4.364843533069538e-05,8.555093324816295e-05,4.452462620513065e-05,8.726826736205608e-05,4.2787921570361366e-05,8.386432627790828e-05,6.653023720939796,13.039926493042,6.410304427548501,12.564196677995062,7.004993558791056e-05,0.0001372978737523047,8.078454702377067e-05,0.00015833771216659052,11.185361710540532,21.923308952659443,9.405690170763977,18.435152734697393,0.00014107460745422563,0.0002765062306102822,0.00019740536571436103,0.00038691451680014763,20.65168324828036,40.47729916662951,21.210879394279363,41.573323612787554,2.2185207983964695e-05,4.34830076485708e-05,6.15226852558679e-05,0.00012058446310150109,5.267587790664231,10.324472069701892,7.1121928269620085,13.939897940845537
tanh,iterative_dopt,10,highdim_smooth,Smooth,258.0,3.0,86,85,0.00044806564231327585,8.582695420896239e-05,6,0.004224515095573474,0.0008923524070851767,6,0.00035204199027739956,6.093829105944513e-05,6,0.0005745487001742099,8.855125862884355e-05,6,0.0005206840193425149,8.392316126854237e-05,6,0.0006263487349823999,9.359078097367934e-05,6,8.838775907094876,11.836821964466562,6,13.354802443397048,8.39104941672718,6,0.0006115116925305662,0.00013909874393036223,6,0.0007335238300887739,0.0001643927088324876,6,-6.801898530735611,21.17565431688482,6,-1.069703413993888,18.142634477892422,6,0.0008623225158852959,0.00019859953617159338,6,0.0009998287426729309,0.00024966487740284225,6,-52.251505305811925,38.57967353699682,6,-39.53499333081391,36.26615505485023,6,0.000509812399088171,5.957322719629434e-05,6,0.0006176650384659782,0.00010220500396315652,6,10.827550143546096,3.7768430128193313,6,14.76507961036745,7.2568004615430075,6,3.503870733152915e-05,6.867586636979713e-05,0.0003643013446838366,0.0007140306355803196,2.4877953148807784e-05,4.876078817166326e-05,3.615089995364878e-05,7.08557639091516e-05,3.426148711820551e-05,6.71525147516828e-05,3.820827633568243e-05,7.488822161793756e-05,4.8323623315185795,9.471430169776415,3.4256315795766663,6.714237895970266,5.678682441524103e-05,0.00011130217585387242,6.711304234558667e-05,0.00013154156299734985,8.644924674321949,16.94405236167102,7.406699510110322,14.51713103981623,8.107792112896913e-05,0.0001589127254127795,0.0001019252593885803,0.0001997735084016174,15.75008576813289,30.87016810554046,14.805595802839992,29.018967773566384,2.4320668160302478e-05,4.766850959419286e-05,4.1725018144810996e-05,8.178103556382955e-05,1.541889703333878,3.022103818534401,2.9625763826623053,5.806649710018118
tanh,iterative_dopt,10,highdim_smooth,Smooth,344.0,4.0,86,85,0.00044806564231327585,8.582695420896239e-05,6,0.004224515095573474,0.0008923524070851767,6,0.00035204199027739956,6.093829105944513e-05,6,0.0005013775513742593,8.427214357165543e-05,6,0.00048461096849067097,8.107444380228689e-05,6,0.000581366097880464,6.705196482634107e-05,6,2.4114490948948397,14.150473475405128,6,7.319715703711894,11.224577839954236,6,0.0005524196600187774,0.00012329341246276136,6,0.0006814891988634366,0.0001548197553332328,6,-11.020805184377936,22.344073883128814,6,-7.724031408611896,18.712378741510356,6,0.0007372332968888446,0.00011623092202315352,6,0.0008446788184720373,0.0001699758869895747,6,-49.404471121487575,28.41913984662283,6,-34.395963741872954,25.47457071505775,6,0.0004583509396978602,9.097171074242591e-05,6,0.0005496835023239487,9.870414556201541e-05,6,8.820117092682503,5.81035663268036,6,13.4471970497788,5.6028509696444075,6,3.503870733152915e-05,6.867586636979713e-05,0.0003643013446838366,0.0007140306355803196,2.4877953148807784e-05,4.876078817166326e-05,3.4403958546853554e-05,6.743175875183297e-05,3.309850308259216e-05,6.487306604188064e-05,2.737385001259682e-05,5.3652746024689765e-05,5.776906605588382,11.32273694695323,4.582414714339877,8.981532840106158,5.033432486337827e-05,9.865527673222142e-05,6.320490044482584e-05,0.00012388160487185863,9.121929964785588,17.878982730979754,7.639296631733936,14.973021398198515,4.7451075214991e-05,9.300410742138236e-05,6.939236528357265e-05,0.0001360090359558024,11.602065258837222,22.740047907320953,10.399949944723117,20.38390189165731,3.713904539116842e-05,7.27925289666901e-05,4.0295798687389086e-05,7.897976542728261e-05,2.372068162277125,4.649253598063165,2.287354330081127,4.4832144869590085
tanh,iterative_dopt,10,highdim_strong,Strong nonlinear,172.0,2.0,86,85,0.0006533125315649697,0.0001039801842036414,6,0.0067379936124248785,0.0017488238930061597,6,0.0005645851822458215,6.0962156155806524e-05,6,0.0013831856233034864,0.00023358726511633646,6,0.00256010402739478,0.000469557863102013,6,0.002512237427305188,0.0003003198044848335,6,-92.21012309974371,60.890857466783665,6,-51.5536110789464,31.126743995606965,6,0.0029233299543892587,0.0008197009078346168,6,0.003149021190155593,0.0008643516336931962,6,-110.16589925344799,36.271517814538356,6,-84.91259864467793,31.695810564037387,6,0.004395265131413192,0.00195389208950696,6,0.005360370578907809,0.0024255243183638427,6,-245.6815013271511,209.48267016644127,6,-244.39154105573687,211.23815950453715,6,0.0011978114474423805,0.0001637239453195821,6,0.001356873013725406,0.00019325455377405647,6,11.956228411491791,15.176615657363794,6,17.578034522457052,20.768703813737048,6,4.244973244325418e-05,8.320147558877819e-05,0.0007139543646421224,0.0013993505546985598,2.4887696033599078e-05,4.877988422585419e-05,9.536160165787352e-05,0.0001869087392494321,0.00019169619488526143,0.0003757245419751124,0.00012260504677337488,0.00024030589167581477,24.85858846569318,48.72283339275863,12.707440023912858,24.9065824468692,0.00033464149431515884,0.0006558973288577114,0.00035287007681489453,0.0006916253505571933,14.807785140314838,29.02325887501708,12.939760477634714,25.36193053616404,0.0007976731052920817,0.0015634392863724802,0.0009902161564505655,0.0019408236666431085,85.52094197725494,167.62104627541967,86.23761749846011,169.0257302969818,6.684002078471839e-05,0.00013100644073804805,7.889584120261525e-05,0.0001546358487571259,6.195827397145866,12.143821698405898,8.478787827108462,16.618424141132586
tanh,iterative_dopt,10,highdim_strong,Strong nonlinear,258.0,3.0,86,85,0.0006533125315649697,0.0001039801842036414,6,0.0067379936124248785,0.0017488238930061597,6,0.0005645851822458215,6.0962156155806524e-05,6,0.0009766233735240034,0.00013979024125399762,6,0.0017764040258978044,0.00022985758621636688,6,0.0018673722387374627,0.00023165791395747464,6,-84.02838047101315,28.465716574208628,6,-61.83241274291157,20.90452921696219,6,0.001989876461544074,0.00046738959096399933,6,0.00228751995395263,0.0004763363470124575,6,-104.2566533031342,38.026556805424995,6,-97.95551571027954,39.10038487865491,6,0.0028347527256079325,0.000892974289569772,6,0.0032584191255015747,0.0009788986956954888,6,-206.35422598314616,140.32093974852816,6,-193.63147285504388,127.30107747288503,6,0.00116433921487628,6.436311059529446e-05,6,0.0013099935922678467,0.00028046469253334395,6,-21.713893696092097,21.70791286559939,6,-15.910449474368226,37.018661687107084,6,4.244973244325418e-05,8.320147558877819e-05,0.0007139543646421224,0.0013993505546985598,2.4887696033599078e-05,4.877988422585419e-05,5.706912701547551e-05,0.000111855488950332,9.383896662298179e-05,0.0001839243745810443,9.457394734556371e-05,0.00018536493679730486,11.621080128249524,22.777317051369067,8.534238315776692,16.727107098922318,0.00019081100149165694,0.0003739895629236476,0.00019446349935363721,0.00038114845873312895,15.524276808041732,30.427582543761794,15.962665283189947,31.286823955052295,0.000364555227145042,0.0007145282452042823,0.0003996337190549886,0.0007832820893477776,57.28578376861935,112.28013618649393,51.9704472525131,101.86207661492567,2.6276129869465514e-05,5.150121454415241e-05,0.00011449923126221064,0.00022441849327393284,8.86221831691945,17.36994790116212,15.112805349021572,29.62109848408228
tanh,iterative_dopt,10,highdim_strong,Strong nonlinear,344.0,4.0,86,85,0.0006533125315649697,0.0001039801842036414,6,0.0067379936124248785,0.0017488238930061597,6,0.0005645851822458215,6.0962156155806524e-05,6,0.0008861752608590004,0.00014380831794971204,6,0.0014389746993191885,0.00016826486393669752,6,0.0016751790356874328,0.0001761548527201198,6,-64.98496894031986,25.85728287321269,6,-54.850305397791125,19.7266315358061,6,0.0016216060246359656,0.00021440399027828884,6,0.001861965771868557,0.0003375693375703291,6,-86.51172904505717,35.082541720214984,6,-73.18346988082429,39.45488478717604,6,0.002256876672804824,0.0005759722583497971,6,0.00257750434374818,0.0006927203836051873,6,-170.0196887411972,117.19522174157454,6,-149.20361419050914,109.42838453260484,6,0.0008084046550878473,0.00012651530173303933,6,0.0009938051027727618,0.0001835118977403932,6,8.550714538025288,5.702602603905151,6,9.547742414188058,7.266251790721303,6,4.244973244325418e-05,8.320147558877819e-05,0.0007139543646421224,0.0013993505546985598,2.4887696033599078e-05,4.877988422585419e-05,5.8709499957453614e-05,0.00011507061991660907,6.869384304729128e-05,0.00013463993237269092,7.191491747990249e-05,0.0001409532382606089,10.556191529029606,20.69013539689803,8.053363601103369,15.784592658162603,8.753006249974213e-05,0.00017155892249949456,0.00013781210497610554,0.00027011172575316684,14.322387682404921,28.071879857513643,16.107389264813296,31.57048295903406,0.00023513968982591513,0.00046087379205879365,0.00028280191237628916,0.0005542917482575267,47.84474892653116,93.77570789600107,44.67395091365816,87.56094379077,5.164965565003312e-05,0.00010123332507406491,7.491841853229478e-05,0.00014684010032329776,2.328077764239052,4.563032417908542,2.9664348716419555,5.814212348418232
tanh,iterative_dopt,20,highdim_poly2,Quadratic,542.0,2.0,271,270,0.0023102499176709426,0.0004644828659529768,6,0.021566481976902547,0.004466022853886618,6,0.003431388847422561,0.0006894973349516137,6,0.00610887073974873,0.0012002931132166009,6,0.00483341826258539,0.0011532566407390493,6,0.0031013668235378984,0.0006788913762171935,6,21.46296030702855,6.632010767017046,6,23.865874508806115,6.910350681253187,6,0.004995283239878449,0.0010239124791207852,6,0.0033182299627242903,0.0007014147503215119,6,18.22443088671089,3.2368522784327607,6,18.491681713394332,3.1896834300820327,6,0.006000374476587374,0.001060515101937281,6,0.004091512964213719,0.000874345127859925,6,1.2225576894844874,5.222778651808428,6,-0.7795468536340954,8.503826032480644,6,0.0056436180685517845,0.0008872469677899252,6,0.0038416211237549645,0.0005404202021352181,6,6.589257833760484,8.197912028868103,6,3.740174345861234,13.811084044667185,6,0.00018962433597505846,0.00037166369851111456,0.0018232461952717544,0.0035735625427326385,0.00028148610827338587,0.0005517127722158363,0.0004900176115262253,0.0009604345185914016,0.0004708150520478144,0.0009227975020137161,0.00027715624375132856,0.000543226237752604,2.707507057972642,5.306713833626378,2.821138852127405,5.529432150169714,0.00041801051918567646,0.0008193006176039258,0.0002863513727248946,0.0005612486905407934,1.3214394091542345,2.5900212419422997,1.3021828074519006,2.552278302605725,0.00043295347737700444,0.0008485888156589287,0.00035694990372422215,0.0006996218112994754,2.13219045607195,4.179093293901022,3.471672440162318,6.804477982718144,0.0003622170578194831,0.0007099454333261869,0.00022062562365383808,0.0004324262223615226,3.346783571158542,6.5596957994707425,5.638351450688114,11.051168843348702
tanh,iterative_dopt,20,highdim_poly2,Quadratic,813.0,3.0,271,270,0.0023102499176709426,0.0004644828659529768,6,0.021566481976902547,0.004466022853886618,6,0.003431388847422561,0.0006894973349516137,6,0.004707987587634803,0.000947304701978882,6,0.004143366043666039,0.0008339736574249837,6,0.002744607098401491,0.0004954221087377772,6,12.001328275660454,2.145783696664405,6,12.496575620476733,5.672574645095912,6,0.004261653978465857,0.0008752037650096576,6,0.0029051606056111376,0.0005988278175727163,6,9.565711164337914,1.9127986552271372,6,8.089801482544663,4.307011172363408,6,0.004867164762035913,0.0008423087732913831,6,0.0033063905501422414,0.000573060392350133,6,-4.002916437925335,3.8569847507093353,6,-5.429274793242936,5.4489315029656264,6,0.004471992375973171,0.0008127042129873592,6,0.0029021756439968926,0.000558963929001227,6,4.6077699760860815,4.452378219666744,6,7.91633498538945,3.854455229313333,6,0.00018962433597505846,0.00037166369851111456,0.0018232461952717544,0.0035735625427326385,0.00028148610827338587,0.0005517127722158363,0.00038673552513125784,0.0007580016292572653,0.00034046831993564495,0.0006673179070738641,0.0002022552289501996,0.0003964202487423912,0.8760125258684719,1.7169845507022048,2.315818901389061,4.5390050467225596,0.00035730044087272923,0.0007003088641105492,0.00024447043280626744,0.0004791620483002842,0.7808967809980549,1.5305576907561875,1.75832994812612,3.446326698327195,0.00034387111673892076,0.0006739873888082846,0.00023395092550949242,0.0004585438139986051,1.574607430822275,3.086230564411659,2.224516970940405,4.360053263043193,0.0003317851056048687,0.0006502988069855426,0.00022819606844571503,0.00044726429415360144,1.8176757966774864,3.5626445614878732,1.5735747580366655,3.0842065257518643
tanh,iterative_dopt,20,highdim_poly2,Quadratic,1084.0,4.0,271,270,0.0023102499176709426,0.0004644828659529768,6,0.021566481976902547,0.004466022853886618,6,0.003431388847422561,0.0006894973349516137,6,0.004229764200863157,0.0008402468938550453,6,0.003900066878223595,0.0007740959088229709,6,0.0026241248669561525,0.0005136889508652869,6,7.807637653573656,1.6451340467091768,6,8.08509870177211,4.235710045823555,6,0.003919080456837437,0.0007969428261445162,6,0.0025574364499519695,0.0005107820774883902,6,7.37350753932177,3.5513868384547123,6,10.358495880198571,7.094332413637938,6,0.004163600123190828,0.0007838633184401307,6,0.0028598024192862015,0.0005719865455096861,6,1.3421404842172062,2.1980584430776715,6,-0.02904938952630154,5.206046699384866,6,0.003981022652739833,0.0007476715894605277,6,0.002689497496032639,0.0004958377181624388,6,5.541618056800715,3.4016448258289844,6,5.519178440603521,4.579263329795393,6,0.00018962433597505846,0.00037166369851111456,0.0018232461952717544,0.0035735625427326385,0.00028148610827338587,0.0005517127722158363,0.00034302935798389325,0.0006723375416484307,0.0003160233314320483,0.0006194057296068146,0.00020971263602092871,0.0004110367666010203,0.6716231621529185,1.3163813978197203,1.7292213851080773,3.3892739148118314,0.00032535054637093837,0.0006376870708870391,0.00020852590993421572,0.0004087107834710628,1.4498476055749996,2.841701306926999,2.8962490798500595,5.676648196506116,0.00032001085971051406,0.0006272212850326075,0.00023351252937265995,0.0004576845575704135,0.8973536017261198,1.7588130593831948,2.1253596650989084,4.165704943593861,0.0003052356482256597,0.0005982618705222929,0.00020242490078731837,0.000396752805543144,1.388715684909928,2.721882742423459,1.8694764259728263,3.6641737949067394
tanh,iterative_dopt,20,highdim_smooth,Smooth,542.0,2.0,271,270,0.0005521396024049729,9.182005904051687e-05,6,0.010104523102919684,0.0015139475095559056,6,0.0008541262846234089,0.00017821197956237108,6,0.0014795627069913104,0.00030477180567972727,6,0.0012212798473285509,0.00023911634916945726,6,0.0007680481169044933,0.0001653183267083238,6,17.185306835783546,5.781733539887964,6,20.402212839762374,10.715610857842435,6,0.0012627881875725967,0.0002686374331069103,6,0.000795616818496048,0.0001865537839352177,6,14.709060044896747,3.116943506465688,6,18.232700180526397,3.5609566414602343,6,0.0015844470460766496,0.00028250787574156025,6,0.0010668402604553518,0.00019673382832233703,6,-7.612886984973457,8.18450547559308,6,-10.568829270713737,10.398713973584075,6,0.001365532086883628,0.0002487559865106477,6,0.0009171089945216568,0.00019851120737925535,6,7.23727257526419,5.642207072754924,6,5.05959847071576,10.32388487594547,6,3.7485382133581984e-05,7.347134898182068e-05,0.0006180664826282215,0.001211410305951314,7.27547359965189e-05,0.00014259928255317704,0.00012442256865033332,0.0002438682345546533,9.761884077039108e-05,0.0001913329279099665,6.749092426101959e-05,0.00013228221155159837,2.3603828335768404,4.626350353810607,4.374629813990183,8.57427443542076,0.0001096707728204965,0.00021495471472817316,7.61602633711175e-05,0.0001492741162073903,1.272486857987056,2.49407424165463,1.4537544612920799,2.8493587441324766,0.00011533335731406942,0.00022605338033557606,8.031624908900522e-05,0.00015741984821445023,3.341310368703001,6.548968322657882,4.245257202738383,8.32070411736723,0.00010155420623562371,0.00019904624422182246,8.10418610504984e-05,0.00015884204765897686,2.3034213918953146,4.514705928114816,4.2147083515504695,8.26082836903892
tanh,iterative_dopt,20,highdim_smooth,Smooth,813.0,3.0,271,270,0.0005521396024049729,9.182005904051687e-05,6,0.010104523102919684,0.0015139475095559056,6,0.0008541262846234089,0.00017821197956237108,6,0.0011623644709682563,0.0002384629077309188,6,0.0010147773590959768,0.00018719288583900619,6,0.0006542462570664452,0.00011713006037925662,6,12.363375411325983,3.7687130751853917,6,13.660170990792807,5.747598835226201,6,0.0010619215234045525,0.00020660903867924263,6,0.0007243388270383465,0.0001387676846486932,6,8.431138273646582,4.49893911042125,6,4.4325885976958554,8.149033785192389,6,0.0012243933187751582,0.00022763658737442858,6,0.0008061383113573075,0.00016488280817635262,6,-5.749446003448374,5.871293997761732,6,-6.068431009899943,8.32493761316011,6,0.0011203529413442576,0.00021695281416666038,6,0.0006978699234710084,0.0001561470093470753,6,3.472158614595822,2.635343387849813,6,8.337896418847635,8.057278496610971,6,3.7485382133581984e-05,7.347134898182068e-05,0.0006180664826282215,0.001211410305951314,7.27547359965189e-05,0.00014259928255317704,9.735207442018952e-05,0.00019081006586357146,7.642117563077135e-05,0.00014978550423631185,4.781814691176057e-05,9.372356794705071e-05,1.5385706701932442,3.0155985135787584,2.3464473987531873,4.599036901556247,8.434778683518296e-05,0.0001653216621969586,5.6651670029457444e-05,0.00011103727325773659,1.836684200730488,3.5999010334317565,3.3268291117370556,6.520585059004629,9.293224764263826e-05,0.00018214720537957098,6.731312456487702e-05,0.00013193372414715894,2.3969457373969676,4.698013645298056,3.3986415487909274,6.661337435630218,8.857061549486327e-05,0.00017359840636993202,6.374674962698834e-05,0.00012494362926889713,1.0758744328749312,2.108713888434865,3.289370172032674,6.44716553718404
tanh,iterative_dopt,20,highdim_smooth,Smooth,1084.0,4.0,271,270,0.0005521396024049729,9.182005904051687e-05,6,0.010104523102919684,0.0015139475095559056,6,0.0008541262846234089,0.00017821197956237108,6,0.0010458030120597736,0.00020572226837451514,6,0.000956456005896431,0.00018254173498294466,6,0.0006481126531152089,0.0001368042097683377,6,8.41207758619108,3.686302023426737,6,6.214948477974331,3.3618325626927006,6,0.000981836984933355,0.00020155591219570473,6,0.0006217741208995654,0.00013455623906540482,6,6.166338109755514,4.549504863108101,6,9.892970767411542,8.814553607146491,6,0.0010294627756038896,0.0001922721103589505,6,0.0006777190692829694,0.00011999945581147742,6,1.3989365489935626,3.1520732649838203,6,1.3903275725987172,6.129648319817515,6,0.0010052138124833872,0.0001691092698550468,6,0.0006319991151403663,0.00014416553985005734,6,3.3988409575967595,4.146633812812948,6,8.920724438304552,4.765544085072596,6,3.7485382133581984e-05,7.347134898182068e-05,0.0006180664826282215,0.001211410305951314,7.27547359965189e-05,0.00014259928255317704,8.398576437424385e-05,0.00016461209817351794,7.45223512450947e-05,0.0001460638084403856,5.585008476618358e-05,0.00010946616614171982,1.5049264991974447,2.9496559384269916,1.3724623965450427,2.6900262972282833,8.228485658678094e-05,0.00016127831891009066,5.4932354569698386e-05,0.00010766741495660884,1.8573275828209137,3.640362062328991,3.5985264413196325,7.0531118249864795,7.849476035792076e-05,0.0001538497303015247,4.898957269162953e-05,9.601956247559388e-05,1.2868285218464919,2.522183902819124,2.502418447710191,4.9047401575119745,6.903857031991495e-05,0.0001353155978270333,5.8855335187585835e-05,0.00011535645696766824,1.6928561652605363,3.317998083910651,1.9455252258610618,3.813229442687681
tanh,iterative_dopt,20,highdim_strong,Strong nonlinear,542.0,2.0,271,270,0.0007551133604737453,0.0005700559358564096,6,0.005780513951678133,0.005930912396347147,6,0.0011214603357337894,0.0004356607100304022,6,0.0020183724650784103,0.0006387684795890647,6,0.0020801320032432066,0.00039081198810698786,6,0.0012764128138394867,0.0002697376281642965,6,-9.94530717829857,32.76417780148677,6,-8.72921569118489,34.81595373523813,6,0.0020495763163884666,0.00012108791445986323,6,0.001219127926579038,0.0001494629183193729,6,-8.883959733003996,29.629385995301956,6,-5.155271376281536,37.534093627242456,6,0.0026136744279154273,0.000281621281096761,6,0.0016897992472564062,0.00030083115488628483,6,-38.29370056691516,36.03164952709781,6,-39.37197844014104,34.26587130590813,6,0.0021067599278753986,0.0005302991997112331,6,0.0014124104210170877,0.0005930974897370487,6,-6.386990568070327,16.376297287686974,6,-8.734670656128996,15.893517174144694,6,0.0002327243612821568,0.0004561397481130273,0.0024212848466996562,0.004745718299531326,0.00017785774009218444,0.0003486011705806815,0.00026077613979443666,0.0005111212339970958,0.00015954832603746138,0.0003127147190334243,0.0001101199255718512,0.00021583505412082834,13.375919575911023,26.216802368785604,14.213553593279915,27.858565042828634,4.943393407407365e-05,9.689051078518435e-05,6.101798089162399e-05,0.00011959524254758302,12.096146180075948,23.708446512948857,15.32322955743231,30.033529932567326,0.00011497140656599572,0.0002253439568693516,0.00012281380470059537,0.00024071505721316692,14.709859322030741,28.831324271180254,13.988983381891732,27.418407428507795,0.00021649374171646562,0.0004243277337642726,0.00024213103626355867,0.000474576831076575,6.685595371826205,13.103766928779361,6.488501215802619,12.717462382973132
tanh,iterative_dopt,20,highdim_strong,Strong nonlinear,813.0,3.0,271,270,0.0007551133604737453,0.0005700559358564096,6,0.005780513951678133,0.005930912396347147,6,0.0011214603357337894,0.0004356607100304022,6,0.001618364440622646,0.0005432463753801245,6,0.001579441305175919,0.00024014753334756359,6,0.0009996235780540812,0.0002920772629932844,6,-2.4460898280425853,18.344440549537826,6,-3.1934972891206796,17.755035641471935,6,0.0016224411076623615,0.00018861750184448144,6,0.00106216976349594,0.00024065048735654327,6,-6.05534770260475,21.261406776363167,6,-14.946466550699524,33.725511824335626,6,0.0020225022640957577,0.0002854160169045972,6,0.001322756311296115,0.00027778833231622234,6,-33.70165259934128,34.63030326338006,6,-42.69135410970302,40.06132552196865,6,0.0015799471019716715,0.0006008476003458291,6,0.0007243354181256833,0.0002604689646682285,6,2.69284915312581,18.044884649779206,6,21.634077214684805,35.976124058368804,6,0.0002327243612821568,0.0004561397481130273,0.0024212848466996562,0.004745718299531326,0.00017785774009218444,0.0003486011705806815,0.00022177940404962583,0.00043468763193726663,9.803981994825637e-05,0.0001921580470985825,0.00011924004330037249,0.00023371048486873008,7.489086493864786,14.67860952797498,7.2484629477558755,14.206987377601516,7.700277267957408e-05,0.0001509254344519652,9.824515006260428e-05,0.00019256049412270438,8.679932969307057,17.012668619841833,13.768382547303819,26.986029792715485,0.00011652060097230685,0.00022838037790572142,0.00011340661177890525,0.0002222769590866543,14.137762105520046,27.71001372681929,16.354967658060026,32.05573660979765,0.00024529500567049915,0.00048077821111417834,0.00010633600954469664,0.0002084185787076054,7.366793309889965,14.43891488738433,14.687191144344919,28.78689464291604
tanh,iterative_dopt,20,highdim_strong,Strong nonlinear,1084.0,4.0,271,270,0.0007551133604737453,0.0005700559358564096,6,0.005780513951678133,0.005930912396347147,6,0.0011214603357337894,0.0004356607100304022,6,0.001429864747718637,0.0004900360720009642,6,0.0013906225183192647,0.00026181313083030894,6,0.0009325660301678266,0.0002296859055467235,6,-1.4017687640979828,16.258200740389096,6,-11.203052064793072,30.402486846757864,6,0.0013927007994966314,0.00023077399764166812,6,0.0008123259847327349,7.046115758768416e-05,6,-2.1091539404012125,17.648151514221688,6,1.267381816898473,26.168921634483922,6,0.0015701037617877629,0.00019525509861632366,6,0.0009511437206525603,0.0001403334424309087,6,-16.578480414606844,24.89293952933786,6,-18.169401955151397,42.612678900530696,6,0.0013864335878438557,0.0004261012991063546,6,0.0008042897766071395,0.0002047410116830721,6,2.188307360375303,4.347285030521203,6,6.827218669282581,16.658820960235634,6,0.0002327243612821568,0.0004561397481130273,0.0024212848466996562,0.004745718299531326,0.00017785774009218444,0.0003486011705806815,0.00020005638866002015,0.00039211052177363947,0.00010688476308246534,0.00020949413564163205,9.376887828309419e-05,0.0001837870014348646,6.637382658282161,13.009270010233035,12.41176328103898,24.3270560308364,9.421309002072258e-05,0.00018465765644061626,2.876564712927691e-05,5.638066837338274e-05,7.20482768552824,14.121462263635351,10.683417520560862,20.93949834029929,7.971256021446713e-05,0.00015623661802035557,5.7290887967327416e-05,0.00011229014041596173,10.1625000074725,19.9185000146461,17.396553313227184,34.09724449392528,0.00017395512692460044,0.00034095204877221684,8.3585168007456e-05,0.00016382692929461375,1.7747716818694237,3.4785524964640704,6.800935178159767,13.329832949193143
tanh,iterative_dopt,50,highdim_smooth,Smooth,2852.0,2.0,1426,1425,0.0023991724517634177,0.0005840242191940342,6,0.05890414156358259,0.008142442734656393,6,0.008816844569838231,0.001975883725615758,6,0.010071302660558692,0.002131431497072169,6,0.009635766951903326,0.002007864955342979,6,0.002533180931574621,0.0006056778892650417,6,4.285007559246567,1.0439666530694784,6,6.935794956183112,2.6301673199922035,6,0.009595586511336336,0.0019736052727414104,6,0.002588333148678622,0.0005146727184347084,6,4.617757372332137,1.9117548592754705,6,4.2613707660641404,2.8458036249096303,6,0.00966359024137381,0.0020687837107133443,6,0.0026333379021594443,0.0006444552202668103,6,4.107486450836768,1.4895615281259618,6,3.399616131451756,2.7915057007288615,6,0.010090918815876435,0.002188579065782123,6,0.0026978022551873613,0.0005737582879103535,6,-0.12304229768714646,1.1923952759592655,6,0.44695606600927446,3.9046249730845504,6,0.0002384268890754569,0.0004673167025878955,0.0033241383266233745,0.006515311120181814,0.0008066511531380019,0.0015810362601504837,0.0008701532649205454,0.001705500399244269,0.0008197074355010719,0.0016066265735821008,0.00024726696286421425,0.00048464324721385994,0.4261976014168954,0.835347298777115,1.0737613120207374,2.1045721715606454,0.0008057209786471469,0.001579213118148408,0.00021011425744935883,0.0004118239446007433,0.7804706530851939,1.52972248004698,1.1617944648652212,2.2771171511358337,0.0008445774132382098,0.0016553717299468912,0.0002630977419544376,0.0005156715742306977,0.6081109473981634,1.1918974569004002,1.1396274301426859,2.2336697630796642,0.0008934836621505502,0.0017512279778150784,0.00023423584017887475,0.0004591022467505945,0.4867933329675564,0.9541149326164106,1.594056470164275,3.124350681521979
tanh,iterative_dopt,50,highdim_smooth,Smooth,4278.0,3.0,1426,1425,0.0023991724517634177,0.0005840242191940342,6,0.05890414156358259,0.008142442734656393,6,0.008816844569838231,0.001975883725615758,6,0.00925429811953388,0.002049537555537737,6,0.009117870204424904,0.002047990687210205,6,0.0024886891449481135,0.0005890846894428162,6,1.5346130003819836,0.9113889068458275,6,0.00937309214149353,2.924434252028466,6,0.009099914957083056,0.0019262825979899855,6,0.0024646598088525666,0.0006167465655347257,6,1.4926045725561305,1.2389127475960684,6,1.2299310130211192,3.981763183967272,6,0.009086348418566592,0.0020067407160159504,6,0.0024241651659598013,0.0005012828357192669,6,1.8103905567132292,0.7083162017449881,6,2.0201701663492533,4.067629154945104,6,0.0093150092052099,0.002144866622824089,6,0.0024790197054136765,0.0006109659039502005,6,-0.5082664100575057,1.3189105018520673,6,0.6117031847237252,3.016077658981711,6,0.0002384268890754569,0.0004673167025878955,0.0033241383266233745,0.006515311120181814,0.0008066511531380019,0.0015810362601504837,0.0008367202032897659,0.001639971598447941,0.0008360886969394783,0.0016387338460013773,0.0002404928174034654,0.00047136592211079214,0.372072963167538,0.7292630078083745,1.193895283964587,2.340034756570591,0.0007864015775797004,0.0015413470920562127,0.00025178573102901063,0.0004935000328168608,0.5057840112399824,0.9913366620303655,1.6255480128865871,3.1860741052577106,0.0008192484667177403,0.001605726994766771,0.00020464786072126823,0.0004011098070136857,0.28916887847024814,0.5667710018016864,1.6606026487473067,3.254781191544721,0.0008756381320409336,0.0017162507388002299,0.0002494257858193781,0.0004888745402059811,0.5384429576559422,1.0553481970056466,1.2313085481855337,2.413364754443646
tanh,iterative_dopt,50,highdim_smooth,Smooth,5704.0,4.0,1426,1425,0.0023991724517634177,0.0005840242191940342,6,0.05890414156358259,0.008142442734656393,6,0.008816844569838231,0.001975883725615758,6,0.008978003352277594,0.002002508211586615,6,0.008899667514642808,0.001974205693166117,6,0.002354493159611504,0.0005819699246837868,6,0.8415209103773105,0.5069728987521229,6,2.0461064312333996,4.039121468267835,6,0.008917248988290416,0.0019647459044902713,6,0.0023709950511051486,0.0005559841528156371,6,0.6282310846869081,0.35582383799032224,6,1.1343601067200555,1.067390455077049,6,0.008915695173886197,0.001970042545736258,6,0.002387636572877948,0.000498344587468143,6,0.662227991489872,0.5271149668905849,6,-0.06819048499426428,3.120084008897932,6,0.00901515676736109,0.0020176182863675097,6,0.0024419546964328078,0.0005731612348146788,6,-0.38569128947528825,0.5946296643662468,6,-1.8696856883783195,2.529514201259516,6,0.0002384268890754569,0.0004673167025878955,0.0033241383266233745,0.006515311120181814,0.0008066511531380019,0.0015810362601504837,0.0008175205540200834,0.0016023402858793634,0.0008059660992590931,0.0015796935545478224,0.0002375882268535391,0.00046567292463293666,0.2069708192270633,0.4056628056850441,1.648964434396232,3.2319702914166144,0.0008021041567040296,0.001572124147139898,0.00022697957991198305,0.0004448799766274868,0.14526447356583963,0.28471836818904567,0.43576032854265007,0.8540902439435941,0.000804266501437904,0.0015763623428182918,0.00020344832589578844,0.00039875871875574533,0.21519378411099707,0.4217798168575543,1.2737689627362172,2.4965871669629855,0.0008236892162181647,0.001614430863787603,0.0002339920942732494,0.0004586245047755688,0.2427565439366209,0.47580282611577696,1.0326698483682615,2.0240329028017925
tanh,iterative_dopt,50,highdim_strong,Strong nonlinear,2852.0,2.0,1426,1425,0.0008195998022794846,0.00020549293732730298,6,0.01824220586268924,0.0038307460864793266,6,0.0029331692019212968,0.0005208478476212644,6,0.0038022846591613123,0.0005553228212726061,6,0.0037392652145537193,0.0005576782660835802,6,0.0010039726066270462,0.00016422826750837403,6,1.67429090809654,1.8014124247614605,6,1.0931804393926912,6.515385375263019,6,0.0037957086356132344,0.000639991157035026,6,0.0010166591905044439,0.00014708105344258325,6,0.41767670886327174,2.928711025744127,6,-0.44787380900615287,6.191130666606409,6,0.0038021564487859343,0.000566338526230769,6,0.001008226040938431,0.00018869826408204597,6,-0.011763559048443173,2.3428583095182134,6,0.85656731002238,8.677929075817527,6,0.003834288789468439,0.0005643745350881087,6,0.0009587006460579861,0.00015005309293630593,6,-0.8541680939109483,1.5064273718983996,6,5.390388136546972,6.152444492642399,6,8.389214036626919e-05,0.0001644285951178876,0.0015638955410063188,0.0030652352603723846,0.00021263524338316383,0.0004167650770310011,0.00022670959244011082,0.0004443508011826172,0.00022767119875747297,0.000446235549564647,6.704590945613568e-05,0.00013140998253402593,0.7354235428292285,1.441430143945288,2.6598949411643824,5.213394084682189,0.0002612752957715391,0.0005120995797122166,6.0045588627558695e-05,0.00011768935371001504,1.1956412695227068,2.3434568882645053,2.5275185106804634,4.953936280933708,0.00023120673515753513,0.00045316520090876884,7.703574372499385e-05,0.00015099005770098794,0.9564678996598668,1.8746770833333388,3.5427497099691565,6.943789431539547,0.00023040493913105786,0.0004515936806968734,6.125891867006206e-05,0.00012006748059332164,0.6149963992854917,1.2053929425995635,2.5117249462950686,4.922980894738334
tanh,iterative_dopt,50,highdim_strong,Strong nonlinear,4278.0,3.0,1426,1425,0.0008195998022794846,0.00020549293732730298,6,0.01824220586268924,0.0038307460864793266,6,0.0029331692019212968,0.0005208478476212644,6,0.0032596273629573055,0.0005302028330535969,6,0.003179396158357342,0.0005259591676988299,6,0.0008530280720864254,0.00013982203074245898,6,2.5010167921825244,1.0655136665598313,6,0.8019946266964807,11.328555504817626,6,0.003194715379015753,0.0005454646188807124,6,0.0008548115176367477,9.331676031056998e-05,6,2.094938807601162,1.848819097274144,6,0.362654628643889,4.605605885936501,6,0.0031839374207602283,0.0005435132268653655,6,0.0008445453624973887,0.00015113118515580048,6,2.4210755391978065,1.7756887504141283,6,2.2900959480683176,8.347427881663236,6,0.0032807249941728713,0.0005044101871291604,6,0.0009017598098507119,0.0002185925747831155,6,-0.7636727830226543,1.039303885173206,6,-3.5862121817742203,12.415096188916312,6,8.389214036626919e-05,0.0001644285951178876,0.0015638955410063188,0.0030652352603723846,0.00021263524338316383,0.0004167650770310011,0.00021645440019322793,0.00042425062437872677,0.00021472193106684354,0.00042085498489101333,5.7082105019794585e-05,0.00011188092583879738,0.43499413283893373,0.8525885003643101,4.624863418266781,9.06473229980289,0.00022268499816657341,0.00043646259640648386,3.809640786841626e-05,7.466895942209587e-05,0.7547772358391118,1.4793633822446592,1.8802307294838818,3.6852522297884085,0.00022188834571228324,0.00043490115759607515,6.16990479756331e-05,0.00012093013403224088,0.7249218967524811,1.4208469176348628,3.407823162459402,6.679333398420428,0.000205924596588037,0.0004036122093125525,8.924004496330105e-05,0.00017491048812807005,0.4242940343944123,0.8316163074130482,5.068441795069506,9.934145918336233
tanh,iterative_dopt,50,highdim_strong,Strong nonlinear,5704.0,4.0,1426,1425,0.0008195998022794846,0.00020549293732730298,6,0.01824220586268924,0.0038307460864793266,6,0.0029331692019212968,0.0005208478476212644,6,0.003047228033543568,0.000518977981269416,6,0.003011481580749629,0.0005197291899821638,6,0.0008874557893552024,0.00020094872625398325,6,1.2113244127175096,0.8501178137799288,6,-8.272071158725282,10.974656249361729,6,0.0030193940370413868,0.0005202116962611315,6,0.0008383152920693518,0.00013725476983385244,6,0.9496619657152557,1.1775608921027707,6,-2.849317929699858,4.948526453517706,6,0.0030220348198204167,0.0005278699989275312,6,0.0008657853113800165,0.0001946999792672772,6,0.8903225178410912,0.5954142872871253,6,-5.496559314060129,9.711841886203612,6,0.003043552077083607,0.0005429457320121598,6,0.0007937539408046941,8.225536026105964e-05,6,0.237549394672995,1.3439239051777103,6,1.6799217054809195,8.564926385797826,6,8.389214036626919e-05,0.0001644285951178876,0.0015638955410063188,0.0030652352603723846,0.00021263524338316383,0.0004167650770310011,0.00021187187364162582,0.0004152688723375866,0.00021217855331438667,0.0004158699644961979,8.203697396407946e-05,0.00016079246896959573,0.3470591441685326,0.680235922570324,4.480384652230477,8.781553918371735,0.0002123755356779133,0.00041625604992871003,5.603402514268126e-05,0.00010982668927965526,0.4807372211180576,0.9422449533913929,2.020227464963807,3.9596458313290612,0.00021550202464932586,0.00042238396831267865,7.94859336892155e-05,0.00015579243003086238,0.24307686490272834,0.4764306552093475,3.9648428472979638,7.771091980704009,0.00022165666690861498,0.0004344470671408854,3.3580610208066775e-05,6.581799600781088e-05,0.5486546368023191,1.0753630881325453,3.4966165549507955,6.853368447703559
