activation,dataset_family,p,case,case_label,budget,budget_multiplier,n_design_params,n_fullpr_features,shape_nn_fpr_mean,shape_nn_fpr_std,shape_nn_fpr_count,abs_rmse_gap_mean,abs_rmse_gap_std,abs_rmse_gap_count,full_fpr_mse_vs_nn_mean,full_fpr_mse_vs_nn_std,full_fpr_mse_vs_nn_count,random_mse_median_mean,random_mse_median_std,random_mse_median_count,dopt_mse_vs_nn_mean,dopt_mse_vs_nn_std,dopt_mse_vs_nn_count,dopt_shape_vs_nn_mean,dopt_shape_vs_nn_std,dopt_shape_vs_nn_count,dopt_gain_vs_random_median_pct_mean,dopt_gain_vs_random_median_pct_std,dopt_gain_vs_random_median_pct_count,dopt_shape_gain_vs_random_median_pct_mean,dopt_shape_gain_vs_random_median_pct_std,dopt_shape_gain_vs_random_median_pct_count,aopt_mse_vs_nn_mean,aopt_mse_vs_nn_std,aopt_mse_vs_nn_count,aopt_shape_vs_nn_mean,aopt_shape_vs_nn_std,aopt_shape_vs_nn_count,aopt_gain_vs_random_median_pct_mean,aopt_gain_vs_random_median_pct_std,aopt_gain_vs_random_median_pct_count,aopt_shape_gain_vs_random_median_pct_mean,aopt_shape_gain_vs_random_median_pct_std,aopt_shape_gain_vs_random_median_pct_count,iopt_mse_vs_nn_mean,iopt_mse_vs_nn_std,iopt_mse_vs_nn_count,iopt_shape_vs_nn_mean,iopt_shape_vs_nn_std,iopt_shape_vs_nn_count,iopt_gain_vs_random_median_pct_mean,iopt_gain_vs_random_median_pct_std,iopt_gain_vs_random_median_pct_count,iopt_shape_gain_vs_random_median_pct_mean,iopt_shape_gain_vs_random_median_pct_std,iopt_shape_gain_vs_random_median_pct_count,dopt_err_mse_vs_nn_mean,dopt_err_mse_vs_nn_std,dopt_err_mse_vs_nn_count,dopt_err_shape_vs_nn_mean,dopt_err_shape_vs_nn_std,dopt_err_shape_vs_nn_count,dopt_err_gain_vs_random_median_pct_mean,dopt_err_gain_vs_random_median_pct_std,dopt_err_gain_vs_random_median_pct_count,dopt_err_shape_gain_vs_random_median_pct_mean,dopt_err_shape_gain_vs_random_median_pct_std,dopt_err_shape_gain_vs_random_median_pct_count,aopt_err_mse_vs_nn_mean,aopt_err_mse_vs_nn_std,aopt_err_mse_vs_nn_count,aopt_err_shape_vs_nn_mean,aopt_err_shape_vs_nn_std,aopt_err_shape_vs_nn_count,aopt_err_gain_vs_random_median_pct_mean,aopt_err_gain_vs_random_median_pct_std,aopt_err_gain_vs_random_median_pct_count,aopt_err_shape_gain_vs_random_median_pct_mean,aopt_err_shape_gain_vs_random_median_pct_std,aopt_err_shape_gain_vs_random_median_pct_count,iopt_err_mse_vs_nn_mean,iopt_err_mse_vs_nn_std,iopt_err_mse_vs_nn_count,iopt_err_shape_vs_nn_mean,iopt_err_shape_vs_nn_std,iopt_err_shape_vs_nn_count,iopt_err_gain_vs_random_median_pct_mean,iopt_err_gain_vs_random_median_pct_std,iopt_err_gain_vs_random_median_pct_count,iopt_err_shape_gain_vs_random_median_pct_mean,iopt_err_shape_gain_vs_random_median_pct_std,iopt_err_shape_gain_vs_random_median_pct_count,latin_mse_vs_nn_mean,latin_mse_vs_nn_std,latin_mse_vs_nn_count,latin_shape_vs_nn_mean,latin_shape_vs_nn_std,latin_shape_vs_nn_count,latin_gain_vs_random_median_pct_mean,latin_gain_vs_random_median_pct_std,latin_gain_vs_random_median_pct_count,latin_shape_gain_vs_random_median_pct_mean,latin_shape_gain_vs_random_median_pct_std,latin_shape_gain_vs_random_median_pct_count,shape_nn_fpr_se,shape_nn_fpr_ci95,abs_rmse_gap_se,abs_rmse_gap_ci95,full_fpr_mse_vs_nn_se,full_fpr_mse_vs_nn_ci95,random_mse_median_se,random_mse_median_ci95,dopt_mse_vs_nn_se,dopt_mse_vs_nn_ci95,dopt_shape_vs_nn_se,dopt_shape_vs_nn_ci95,dopt_gain_vs_random_median_pct_se,dopt_gain_vs_random_median_pct_ci95,dopt_shape_gain_vs_random_median_pct_se,dopt_shape_gain_vs_random_median_pct_ci95,aopt_mse_vs_nn_se,aopt_mse_vs_nn_ci95,aopt_shape_vs_nn_se,aopt_shape_vs_nn_ci95,aopt_gain_vs_random_median_pct_se,aopt_gain_vs_random_median_pct_ci95,aopt_shape_gain_vs_random_median_pct_se,aopt_shape_gain_vs_random_median_pct_ci95,iopt_mse_vs_nn_se,iopt_mse_vs_nn_ci95,iopt_shape_vs_nn_se,iopt_shape_vs_nn_ci95,iopt_gain_vs_random_median_pct_se,iopt_gain_vs_random_median_pct_ci95,iopt_shape_gain_vs_random_median_pct_se,iopt_shape_gain_vs_random_median_pct_ci95,dopt_err_mse_vs_nn_se,dopt_err_mse_vs_nn_ci95,dopt_err_shape_vs_nn_se,dopt_err_shape_vs_nn_ci95,dopt_err_gain_vs_random_median_pct_se,dopt_err_gain_vs_random_median_pct_ci95,dopt_err_shape_gain_vs_random_median_pct_se,dopt_err_shape_gain_vs_random_median_pct_ci95,aopt_err_mse_vs_nn_se,aopt_err_mse_vs_nn_ci95,aopt_err_shape_vs_nn_se,aopt_err_shape_vs_nn_ci95,aopt_err_gain_vs_random_median_pct_se,aopt_err_gain_vs_random_median_pct_ci95,aopt_err_shape_gain_vs_random_median_pct_se,aopt_err_shape_gain_vs_random_median_pct_ci95,iopt_err_mse_vs_nn_se,iopt_err_mse_vs_nn_ci95,iopt_err_shape_vs_nn_se,iopt_err_shape_vs_nn_ci95,iopt_err_gain_vs_random_median_pct_se,iopt_err_gain_vs_random_median_pct_ci95,iopt_err_shape_gain_vs_random_median_pct_se,iopt_err_shape_gain_vs_random_median_pct_ci95,latin_mse_vs_nn_se,latin_mse_vs_nn_ci95,latin_shape_vs_nn_se,latin_shape_vs_nn_ci95,latin_gain_vs_random_median_pct_se,latin_gain_vs_random_median_pct_ci95,latin_shape_gain_vs_random_median_pct_se,latin_shape_gain_vs_random_median_pct_ci95
identity,gpu_geometry,5,highdim_nonlinear,Random nonlinear,42.0,2.0,21,20,3.3444948775559286e-15,7.095706191690731e-16,6,9.229336693043303e-10,3.74915616282147e-10,6,1.15695047624364e-15,2.442234329661202e-16,6,2.2476118383887615e-14,1.2624801416816785e-14,6,1.967641220495013e-15,9.208563886765714e-16,6,3.790345076513986e-15,8.774873677121329e-16,6,88.73983578975863,8.799161757646068,6,88.93025308542099,6.220930853253659,6,1.665227844471375e-15,4.154876377030856e-16,6,3.664676674357257e-15,8.521963206531411e-16,6,90.58370561245262,5.661452917509443,6,89.23947667461323,6.11277296201222,6,1.892178819676263e-15,3.589803058261735e-16,6,4.086297956267653e-15,5.868435657724933e-16,6,89.31858726862636,6.007417572188931,6,88.2538464287043,5.77101422938997,6,1.3121833928313823e-15,2.5666546487772796e-16,6,3.5392958020508338e-15,6.844097336197224e-16,6,92.56781243640539,4.150545725307393,6,89.69308631603688,5.5508996939205835,6,1.5307225215791584e-15,2.816906330860445e-16,6,3.678698738434963e-15,6.723646944456976e-16,6,91.65695096045972,3.9715318161902604,6,89.36912984431346,5.59853969200424,6,1.6919893327502251e-15,3.160356002395899e-16,6,3.885006952892046e-15,6.363735441733516e-16,6,90.80697267916457,4.390790750869842,6,88.77450501173462,5.820021125306909,6,2.768821291481766e-15,1.6487146578432143e-15,6,4.758641098026685e-15,1.57138113044656e-15,6,86.32225501081804,6.2940389310858045,6,86.94934094200308,6.112406242684881,6,2.8968099223915893e-16,5.677747447887515e-16,1.5305865941539218e-10,2.9999497245416865e-10,9.970379899963442e-17,1.9541944603928347e-16,5.1540535958612085e-15,1.0101945047887968e-14,3.759380464399369e-16,7.368385710222763e-16,3.5823271777211344e-16,7.021361268333423e-16,3.592242745074008,7.040795780345055,2.539684385934707,4.977781396432026,1.696221178011536e-16,3.3245935089026104e-16,3.4790769104623894e-16,6.818990744506284e-16,2.31127847511488,4.530105811225165,2.4955291117352134,4.891237059001019,1.4655309616373007e-16,2.8724406848091093e-16,2.3957788249633794e-16,4.695726496928224e-16,2.4525179539487016,4.806935189739455,2.3560066933910835,4.617773119046523,1.0478323725744512e-16,2.0537514502459245e-16,2.794091037270796e-16,5.47641843305076e-16,1.6944531968488377,3.3211282658237216,2.266145310579459,4.441644808735739,1.1499971939706096e-16,2.2539945001823947e-16,2.744917370757137e-16,5.380038046683988e-16,1.621371074482515,3.1778873059857293,2.2855942583548137,4.479764746375435,1.290209935235334e-16,2.5288114730612547e-16,2.5979841150520044e-16,5.092048865501928e-16,1.7925328178271545,3.513364322941223,2.3760136748701144,4.656986802745424,6.730849405272052e-16,1.3192464834333222e-15,6.415136601719807e-16,1.2573667739370823e-15,2.5695306337287795,5.036280042108408,2.495379399196747,4.890943622425624
identity,gpu_geometry,5,highdim_nonlinear,Random nonlinear,63.0,3.0,21,20,3.3444948775559286e-15,7.095706191690731e-16,6,9.229336693043303e-10,3.74915616282147e-10,6,1.15695047624364e-15,2.442234329661202e-16,6,4.4008891558975815e-15,9.567010124740287e-16,6,1.853480158988722e-15,8.461254309197398e-16,6,3.534171350852107e-15,9.58331799885755e-16,6,57.175962520990936,20.037827464403072,6,60.88046857938141,10.861513320143775,6,1.4767730930249e-15,3.6082392004523106e-16,6,3.553760470613943e-15,7.345697524799698e-16,6,65.54900797318341,9.886746443682057,6,60.575958661291764,8.94933184669562,6,1.4441329562463167e-15,2.899406234998334e-16,6,3.648692223646061e-15,7.665223012607209e-16,6,66.12122305082865,9.242834903617528,6,59.49779177252922,9.290896331132993,6,1.2342263543568926e-15,2.451109170340332e-16,6,3.4227249765498076e-15,7.522882385124425e-16,6,71.10443376201282,7.522317656573146,6,61.79021274076057,10.263643473301268,6,1.2503980948325127e-15,2.4244779182302045e-16,6,3.499303526000188e-15,6.801690377767319e-16,6,70.87767138484561,6.815637863575122,6,61.016351531230946,9.189954146565352,6,1.2616285993537456e-15,2.4472591745343623e-16,6,3.292998767473298e-15,7.890419070617842e-16,6,70.57732513534343,7.049501612893164,6,63.457909294332914,9.55142411357233,6,1.6890708604628179e-15,4.271798403101504e-16,6,3.657308184366781e-15,7.494268295717991e-16,6,60.45507565724423,11.933050065156591,6,59.506659820494896,8.587183592865921,6,2.8968099223915893e-16,5.677747447887515e-16,1.5305865941539218e-10,2.9999497245416865e-10,9.970379899963442e-17,1.9541944603928347e-16,3.9057155282756914e-16,7.655202435420355e-16,3.454292606909832e-16,6.7704135095432705e-16,3.912373190005164e-16,7.668251452410122e-16,8.180408806952398,16.0336012616267,4.434194244799174,8.69102071980638,1.4730574851693518e-16,2.88719267093193e-16,2.998868456764107e-16,5.87778217525765e-16,4.036247333882877,7.911044774410439,3.653549427207293,7.160956877326294,1.1836776387983354e-16,2.3200081720447375e-16,3.129314190921155e-16,6.133455814205464e-16,3.77337154844158,7.395808234945497,3.7929925440620216,7.434265386361562,1.0006611285317383e-16,1.961295811922207e-16,3.071203873087755e-16,6.019559591252e-16,3.0709733236221193,6.019107714299354,4.190114901905829,8.212625207735424,9.897889653848665e-17,1.9399863721543383e-16,2.7767784689880146e-16,5.442485799216509e-16,2.7824725062253197,5.453646112201627,3.7517830697765944,7.353494816762125,9.99089374325658e-17,1.9582151736782896e-16,3.221250096623197e-16,6.313650189381465e-16,2.8779469820858794,5.640776084888324,3.899352565861222,7.642731029087995,1.743954395272449e-16,3.418150614734e-16,3.0595222200043985e-16,5.996663551208621e-16,4.871647289119868,9.54842868667494,3.5057030216868457,6.8711779225062175
identity,gpu_geometry,5,highdim_nonlinear,Random nonlinear,84.0,4.0,21,20,3.3444948775559286e-15,7.095706191690731e-16,6,9.229336693043303e-10,3.74915616282147e-10,6,1.15695047624364e-15,2.442234329661202e-16,6,2.507494840385758e-15,6.203054592185641e-16,6,1.5993931999357372e-15,7.23764455798415e-16,6,3.574498302065908e-15,7.429418011464045e-16,6,35.1326294030136,27.141601711139412,6,35.54786402087498,11.433752298135252,6,1.366695976684837e-15,3.4390923719801713e-16,6,3.4539929583673196e-15,7.066066036082786e-16,6,44.038111001727515,13.590401175953314,6,37.336567798125245,12.77178822154378,6,1.3528441142924395e-15,2.875875979252809e-16,6,3.5343769099355542e-15,7.77898949250498e-16,6,44.500458168238616,12.16751177826969,6,36.590740744859524,9.96763185351422,6,1.2146491809987287e-15,2.4956862971168586e-16,6,3.339479732921883e-15,7.566552999767746e-16,6,50.10792403740087,10.77800880566238,6,39.821263473252934,11.32690029497382,6,1.21045823752969e-15,2.5216648888321815e-16,6,3.390690620724826e-15,6.526495747120393e-16,6,50.49810536414191,9.927978128990256,6,38.52922191242724,11.427312414504184,6,1.213131147287007e-15,2.513807103820354e-16,6,3.3436230216748297e-15,7.03290424422791e-16,6,50.340688209608125,10.162623766246499,6,39.64477455427747,11.266676648645403,6,1.4782588680004195e-15,3.570420984591108e-16,6,3.5819557283802125e-15,7.551142007393489e-16,6,39.48634493171627,14.709017313367845,6,35.333483174062586,12.122731716129854,6,2.8968099223915893e-16,5.677747447887515e-16,1.5305865941539218e-10,2.9999497245416865e-10,9.970379899963442e-17,1.9541944603928347e-16,2.5323864329138033e-16,4.963477408511055e-16,2.9547560177821113e-16,5.791321794852938e-16,3.033047202321629e-16,5.944772516550393e-16,11.080512499023724,21.717804498086497,4.667809829300982,9.148907265429925,1.4040035816082166e-16,2.751847019952105e-16,2.8847093795355623e-16,5.654030383889702e-16,5.548258046801014,10.874585771729988,5.21406070761175,10.21955898691903,1.1740714521160475e-16,2.3011800461474533e-16,3.1757591618515117e-16,6.224487957228963e-16,4.9673658826775196,9.736037130047938,4.069268664170327,7.975766581773841,1.0188596643320461e-16,1.9969649420908104e-16,3.089032326859397e-16,6.054503360644418e-16,4.400103669516128,8.624203192251612,4.624187681677688,9.063407856088268,1.0294653799884854e-16,2.0177521447774314e-16,2.664430731481573e-16,5.222284233703883e-16,4.0530800989228934,7.944036993888871,4.665180757817812,9.143754285322911,1.0262574526905742e-16,2.0114646072735255e-16,2.8711711347020913e-16,5.627495424016099e-16,4.148873779197559,8.131792607227215,4.599601481018611,9.015218902796478,1.4576182631956226e-16,2.8569317958634203e-16,3.082740815568255e-16,6.04217199851378e-16,6.004931172585787,11.769665098268142,4.9490844988620655,9.700205617769647
identity,gpu_geometry,5,highdim_poly3,Sparse cubic,42.0,2.0,21,20,2.230772268113105e-15,5.8656593515223815e-16,6,6.637177543677986e-10,6.569415303765931e-10,6,7.67218976995985e-16,1.8377152536228602e-16,6,2.6684668421867157e-14,8.03082830535893e-15,6,1.3500636114879723e-15,4.350782649041532e-16,6,2.4118482667885305e-15,5.737743164150838e-16,6,94.57420209214888,2.324916795849285,6,94.79755954115824,2.3653202301118643,6,1.1473879254369399e-15,2.6493681108875393e-16,6,2.4761263276165378e-15,6.08265544325723e-16,6,95.28952238890479,1.8812822094146382,6,94.61529844374265,2.5668325372716256,6,1.43356807163921e-15,2.804704291580605e-16,6,2.7640718865197713e-15,4.162880693050201e-16,6,94.24295279791521,1.9320418050579344,6,94.11205521706741,2.319991980426921,6,1.2278129625051982e-15,3.6284607327769136e-16,6,2.422124718645417e-15,5.431093839223844e-16,6,95.02631041635789,2.0564615086692295,6,94.75962553493241,2.4010143549349547,6,1.387340791182931e-15,2.1798184061771813e-16,6,2.6720512159418245e-15,4.717262206075245e-16,6,94.46249218809983,1.533767711142003,6,94.32236523528702,2.250074953032569,6,1.6158391371359973e-15,3.156105274821965e-16,6,3.067590849244471e-15,5.203643529403056e-16,6,93.67265150188724,1.3236385750300885,6,93.6698078945751,1.843101080467272,6,4.124864590478464e-15,2.502824629115465e-15,6,5.169561866175391e-15,2.6956920850374104e-15,6,85.23221320291854,5.6032049942376085,6,89.94911460052886,3.653490047120436,6,2.394645402702384e-16,4.693504989296672e-16,2.681952567109581e-10,5.256627031534779e-10,7.502441106508971e-17,1.4704784568757584e-16,3.2785719266715856e-15,6.426000976276308e-15,1.7761995786510428e-16,3.4813511741560437e-16,2.342423837885296e-16,4.59115072225518e-16,0.9491433073761928,1.8603208824573378,0.9656379403427597,1.892650363071809,1.0816000020793123e-16,2.119936004075452e-16,2.4832336861904756e-16,4.867138024933332e-16,0.7680302458736052,1.5053392819122662,1.0479049952481612,2.053893790686396,1.1450157322944422e-16,2.244230835297107e-16,1.699488926342766e-16,3.3309982956318214e-16,0.7887527640196179,1.545955417478451,0.9471327598991625,1.8563802094023585,1.4813128911714308e-16,2.9033732666960043e-16,2.217234775211953e-16,4.345780159415428e-16,0.8395468953189497,1.6455119148251414,0.9802100057813902,1.9212116113315247,8.899071378434969e-17,1.744217990173254e-16,1.9258142313000101e-16,3.7745958933480196e-16,0.6261580460423948,1.2272697702430937,0.9185892529911033,1.8004349358625624,1.2884745829700479e-16,2.525410182621294e-16,2.1243785750621403e-16,4.163782007121795e-16,0.5403731854480573,1.0591314434781924,0.7524428652528627,1.474788015895611,1.0217738761672407e-15,2.002676797287792e-15,1.1005116853334893e-15,2.157002903253639e-15,2.2874988600160835,4.483497765631523,1.4915310659636565,2.9234008892887666
identity,gpu_geometry,5,highdim_poly3,Sparse cubic,63.0,3.0,21,20,2.230772268113105e-15,5.8656593515223815e-16,6,6.637177543677986e-10,6.569415303765931e-10,6,7.67218976995985e-16,1.8377152536228602e-16,6,5.00789441127657e-15,9.857850290528939e-16,6,1.0742609565825298e-15,4.2932539923986897e-16,6,2.3568093211486815e-15,6.01626647778073e-16,6,78.00313535151118,8.910546960792574,6,73.49632528512845,9.039874191653238,6,9.5032336628902e-16,2.2586883020896765e-16,6,2.3679210420017166e-15,5.950414863267422e-16,6,80.32232044612849,5.853861613941349,6,73.26932584757377,9.38617940997168,6,9.764906616760692e-16,2.2275975239723907e-16,6,2.381458134383785e-15,6.2326979130585e-16,6,79.89408187086794,5.637004649616918,6,73.28024805730051,9.08962251332395,6,9.156171791088108e-16,2.1746885185686734e-16,6,2.205863088683638e-15,5.261521714810967e-16,6,80.99900892539978,5.886579853186799,6,75.16105542142334,8.2399022405027,6,9.245899806121715e-16,1.6321253018244426e-16,6,2.246762481920631e-15,5.467792748221593e-16,6,80.85381800115415,5.068594134196737,6,74.60453032749481,8.851719496228522,6,9.309189690073133e-16,1.7092213282285233e-16,6,2.312185235567368e-15,5.716786512311129e-16,6,80.71722880437609,5.154512776161758,6,73.9927534643522,8.775401015747448,6,1.1716375991533447e-15,1.831470779661271e-16,6,2.5111192239408274e-15,4.793674623351512e-16,6,75.96227132180393,4.921686492338963,6,71.78710160563955,8.316956947986103,6,2.394645402702384e-16,4.693504989296672e-16,2.681952567109581e-10,5.256627031534779e-10,7.502441106508971e-17,1.4704784568757584e-16,4.024450528757135e-16,7.887923036363984e-16,1.75271360292392e-16,3.435318661730883e-16,2.4561305045290295e-16,4.814015788876898e-16,3.6377155638415393,7.129922505129417,3.6905131847508303,7.233405842111627,9.221056380188359e-17,1.8073270505169182e-16,2.4292466954796866e-16,4.761323523140185e-16,2.389828996503586,4.684064833147028,3.8318916981080493,7.510507728291777,9.094128810032627e-17,1.782449246766395e-16,2.5444882679838197e-16,4.987197005248287e-16,2.301297511542954,4.51054312262419,3.7108228520263453,7.273212789971637,8.878128699970518e-17,1.7401132251942215e-16,2.1480072453100703e-16,4.2100942008077375e-16,2.4031861617425285,4.710244877015356,3.363926003274582,6.593294966418181,6.663123642926452e-17,1.3059722340135846e-16,2.232217042072173e-16,4.3751454024614596e-16,2.069244890340982,4.0557199850683245,3.6136993520009413,7.082850729921844,6.97786685273668e-17,1.3676619031363894e-16,2.3338683205978885e-16,4.574381908371862e-16,2.1043210290421785,4.1244692169226695,3.582542462813743,7.021783227114936,7.476948148312323e-17,1.4654818370692153e-16,1.9570094700232576e-16,3.835738561245585e-16,2.009270096696468,3.9381693895250773,3.3953834558768747,6.654951573518674
identity,gpu_geometry,5,highdim_poly3,Sparse cubic,84.0,4.0,21,20,2.230772268113105e-15,5.8656593515223815e-16,6,6.637177543677986e-10,6.569415303765931e-10,6,7.67218976995985e-16,1.8377152536228602e-16,6,2.4280876363323798e-15,3.5271118528232124e-16,6,1.0357727056237807e-15,5.657543426275647e-16,6,2.2003087805907317e-15,5.208268507527136e-16,6,57.551512518226694,19.799809162828588,6,53.64370660368701,11.65076104409792,6,8.6877509574808e-16,1.7973906552310982e-16,6,2.311869047120451e-15,5.2179637508566e-16,6,63.59567767609124,8.873460009248236,6,51.33964859404577,11.631556107145954,6,9.058814143813563e-16,1.955157369828062e-16,6,2.334821749704844e-15,5.175905422088115e-16,6,62.22863224297398,8.461118000401079,6,50.81205714915787,12.035764614276554,6,8.524606720809431e-16,1.987332713778468e-16,6,2.2076564131111447e-15,4.838215756716741e-16,6,64.34855682931743,8.838072921714094,6,53.37495086727129,11.520318780729923,6,8.456022633422872e-16,1.8086374112227283e-16,6,2.2667533881797174e-15,6.39174730534282e-16,6,64.59531564618207,8.553553890388999,6,52.14142974026644,14.52600251914048,6,8.493859122525716e-16,1.802284076148075e-16,6,2.2175866409498067e-15,5.432461779520417e-16,6,64.43355819641124,8.516188666934513,6,53.32068990253344,11.964520164412223,6,1.1670718039942553e-15,5.629447282142024e-16,6,2.5291698814034507e-15,5.647627068390138e-16,6,52.58075513798176,17.79376068011491,6,47.187232948454835,10.450929745329297,6,2.394645402702384e-16,4.693504989296672e-16,2.681952567109581e-10,5.256627031534779e-10,7.502441106508971e-17,1.4704784568757584e-16,1.439937384189905e-16,2.8222772730122137e-16,2.3096824320020995e-16,4.526977566724115e-16,2.1262667144747289e-16,4.1674827603704683e-16,8.083238242235502,15.843146954781584,4.756403278855948,9.322550426557658,7.337816622938186e-17,1.4382120580958844e-16,2.1302247809896136e-16,4.1752405707396427e-16,3.6225748792750467,7.100246763379092,4.748562896176842,9.30718327650661,7.981896538201292e-17,1.5644517214874532e-16,2.1130545401701125e-16,4.1415868987334207e-16,3.45423695907676,6.77030443979045,4.913580328203859,9.630617443279563,8.113251829829692e-17,1.5901973586466195e-16,1.975193311574935e-16,3.871378890686873e-16,3.6081281612847382,7.071931196118086,4.703150447831726,9.218174877750183,7.383731312006657e-17,1.4472113371533048e-16,2.6094199104832095e-16,5.114463024547091e-16,3.491973753141834,6.844268556157995,5.930215695712869,11.623222763597223,7.357793930176944e-17,1.442127610314681e-16,2.2177932344994855e-16,4.3468747396189916e-16,3.4767194645437396,6.81437015050573,4.884494903341707,9.573610010549746,2.2982122291909215e-16,4.504495969214206e-16,2.3056340958477125e-16,4.519042827861516e-16,7.264272378580017,14.237973862016833,4.266574202288622,8.362485436485699
identity,gpu_geometry,5,highdim_poly4,Sparse quartic,42.0,2.0,21,20,2.332246873518833e-15,8.011811220859684e-16,6,4.828019905163868e-10,3.1916557102660787e-10,6,8.110958742370595e-16,2.931126860740713e-16,6,2.7874269714961807e-14,1.262152485657797e-14,6,1.3347164932820303e-15,6.516441018960467e-16,6,2.5766737864617386e-15,9.158937628630349e-16,6,94.89032119080223,2.32105888705436,6,94.32790918316861,3.091102981645954,6,1.1161712603636514e-15,3.9537057909262837e-16,6,2.637767275205175e-15,8.435394510283147e-16,6,95.39266598227886,2.677801615189452,6,93.93294612722377,3.917388221951185,6,1.637709373280732e-15,8.668713502631756e-16,6,3.2056276869082743e-15,1.3127402438073694e-15,6,93.7031881244029,2.9755262105002167,6,93.04617598599366,3.702511298005277,6,1.1278379885667882e-15,5.019512723594064e-16,6,2.481594580298765e-15,8.461779281632941e-16,6,95.5348339386657,2.380830873168394,6,94.28079921554927,3.984187003375476,6,1.3996930762337308e-15,5.87958391698173e-16,6,2.80209695360661e-15,9.920403055733405e-16,6,94.67028264957126,1.8642873030517328,6,93.88789129491039,3.2718637168016986,6,1.810034198736634e-15,7.988794544611407e-16,6,3.4512009750500327e-15,1.4462741038776193e-15,6,93.09986853964199,2.2186200398065616,6,92.74076320007607,3.1123663151641674,6,2.4427477294815304e-15,1.4356936148485945e-15,6,3.414340746702882e-15,1.2610839118910371e-15,6,90.88871623383523,4.583566425766871,6,92.62188892258952,3.7180321285965054,6,3.2708082344351613e-16,6.410784139492917e-16,1.3029879874653533e-10,2.5538564554320927e-10,1.1966275300301058e-16,2.3453899588590075e-16,5.1527159457451105e-15,1.0099323253660417e-14,2.6603259058992047e-16,5.214238775562441e-16,3.739120629353488e-16,7.328676433532836e-16,0.9475683227058991,1.8572339125035622,1.2619375079047106,2.473397515493233,1.6140936301427308e-16,3.163623515079752e-16,3.44373538821135e-16,6.749721360894246e-16,1.093207931602465,2.142687545940831,1.5992670446948434,3.134563407601893,3.5389874679704207e-16,6.936415437222025e-16,5.359239603574733e-16,1.0504109623006476e-15,1.2147534886671303,2.3809168377875753,1.5115439078337929,2.962626059354234,2.049207488368886e-16,4.0164466772030164e-16,3.4545069260091833e-16,6.770833574977999e-16,0.9719701338545832,1.905061462354983,1.6265375330163794,3.1880135647121035,2.400330082746615e-16,4.704646962183365e-16,4.0499875882156457e-16,7.937975672902666e-16,0.7610921044043557,1.4917405246325373,1.3357327690150345,2.6180362272694673,3.2614117157046424e-16,6.392366962781099e-16,5.904389304501936e-16,1.1572603036823796e-15,0.9057478384398966,1.7752657633421973,1.2706182274630842,2.490411725827645,5.861194638918225e-16,1.1487941492279721e-15,5.148353511609968e-16,1.0090772882755537e-15,1.8712331575468841,3.667616988791893,1.5178802603892412,2.975045310362913
identity,gpu_geometry,5,highdim_poly4,Sparse quartic,63.0,3.0,21,20,2.332246873518833e-15,8.011811220859684e-16,6,4.828019905163868e-10,3.1916557102660787e-10,6,8.110958742370595e-16,2.931126860740713e-16,6,4.976109703156461e-15,2.4055719212067728e-15,6,1.0164080435925507e-15,4.509844743255563e-16,6,2.3184119653459216e-15,7.890573014215968e-16,6,78.08084966482132,6.894510301950799,6,73.2684785893039,9.395952289617526,6,9.831187851821731e-16,3.565700045484404e-16,6,2.5173800177153495e-15,8.705420448820543e-16,6,77.93080800244263,8.978827140221624,6,70.76251018818188,11.436474874316609,6,1.0686318553718667e-15,4.299588047514186e-16,6,2.4965449959475987e-15,8.688196576811092e-16,6,76.99182169413048,7.089917039093137,6,71.30504279402005,10.083789613535696,6,9.610153591649582e-16,3.8064210386636223e-16,6,2.3254462507244242e-15,7.631705927246872e-16,6,79.26203812268376,6.2580591861547985,6,73.17895146475372,9.006482754236854,6,9.42359134733323e-16,3.527768500247362e-16,6,2.3879659148485316e-15,8.673332554403663e-16,6,79.57989426629611,5.72078048285497,6,72.91831051720952,8.660012694999986,6,9.500945530907562e-16,3.4601938790883566e-16,6,2.3654919893982937e-15,8.248703769876612e-16,6,79.30612826348634,6.147546891464518,6,73.18794584491503,8.019288834590496,6,1.1849014046549204e-15,4.943178075692047e-16,6,2.6348227440002304e-15,8.951542191406516e-16,6,74.6888972074111,5.91705764704942,6,70.22116460142003,7.999464051166825,6,3.2708082344351613e-16,6.410784139492917e-16,1.3029879874653533e-10,2.5538564554320927e-10,1.1966275300301058e-16,2.3453899588590075e-16,9.820706244205356e-16,1.92485842386425e-15,1.841136406691523e-16,3.608627357115385e-16,3.22131294383396e-16,6.313773369914561e-16,2.814672044356906,5.516757206939536,3.835881459516375,7.518327660652094,1.4556909478759265e-16,2.853154257836816e-16,3.5539730160001424e-16,6.965787111360279e-16,3.665590830366014,7.1845580275173875,4.668921316372678,9.15108578009045,1.7552994700965252e-16,3.440386961389189e-16,3.5469413996971153e-16,6.952005143406346e-16,2.894446510740387,5.673115161051158,4.1166898711232065,8.068712147401484,1.5539648818201057e-16,3.0457711683674073e-16,3.1156308981214664e-16,6.106636560318074e-16,2.5548419643693707,5.007490250163967,3.6768811875094607,7.206687127518543,1.4402054593782516e-16,2.822802700381373e-16,3.540873187959866e-16,6.940111448401337e-16,2.3354988522445743,4.5775777503993655,3.535435378129096,6.929453341133028,1.4126182358113443e-16,2.768731742190235e-16,3.3675192125949493e-16,6.6003376566861e-16,2.509725508986825,4.919061997614177,3.2738609574575146,6.416767476616728,2.0180439988597264e-16,3.9553662377650635e-16,3.6544517966568527e-16,7.162725521447431e-16,2.415628668984054,4.734632191208745,3.2657675235159846,6.4009043460913295
identity,gpu_geometry,5,highdim_poly4,Sparse quartic,84.0,4.0,21,20,2.332246873518833e-15,8.011811220859684e-16,6,4.828019905163868e-10,3.1916557102660787e-10,6,8.110958742370595e-16,2.931126860740713e-16,6,2.3888998064570997e-15,1.0234691891582047e-15,6,9.857131445082543e-16,3.9901095649538615e-16,6,2.3830416873357164e-15,8.180791938115676e-16,6,57.26380506530189,10.206951221962829,6,48.67733030751965,11.655789406511781,6,9.288743134365878e-16,3.4073214739949244e-16,6,2.479415796097674e-15,8.366250837698333e-16,6,58.95697954490771,11.487539269683458,6,46.311088495608345,12.159175728582019,6,9.526734317261e-16,3.693580024162619e-16,6,2.4730554072655182e-15,8.202234656022571e-16,6,58.44294563353875,10.798145166589695,6,46.406551668647865,13.293676952729522,6,9.211273899570125e-16,3.544113173802021e-16,6,2.343358147405164e-15,7.984017776568921e-16,6,60.24129990384335,8.41197314798421,6,49.42640592405824,10.660862351715751,6,8.768509130029428e-16,3.249766881174909e-16,6,2.301702512413802e-15,7.789710628600117e-16,6,61.73013129194891,9.234511679456684,6,50.115333467749906,11.989787107205933,6,8.88743307625839e-16,3.2282140284273603e-16,6,2.3307342326261964e-15,8.300068192984971e-16,6,61.22543175230032,8.900666890792044,6,50.311567996814375,10.080000375912276,6,1.1512795816876507e-15,5.531827036309358e-16,6,2.5822975671481903e-15,9.279495441155924e-16,6,51.01609956798696,10.896361826894559,6,44.90110865290577,11.087399872024058,6,3.2708082344351613e-16,6.410784139492917e-16,1.3029879874653533e-10,2.5538564554320927e-10,1.1966275300301058e-16,2.3453899588590075e-16,4.1782954681627316e-16,8.189459117598954e-16,1.6289554086559223e-16,3.1927526009656076e-16,3.3397943233762773e-16,6.545996873817503e-16,4.166970387214363,8.16726195894015,4.758456099215239,9.32657395446187,1.3910331668192378e-16,2.726425006965706e-16,3.415507602082207e-16,6.694394900081125e-16,4.689768268484766,9.191945806230141,4.963962704643306,9.72936690110088,1.507897730555863e-16,2.9554795518894916e-16,3.3485482763046663e-16,6.563154621557146e-16,4.408324304440868,8.640315636704102,5.427120889930683,10.63715694426414,1.446878144415131e-16,2.8358811630536564e-16,3.259461608317355e-16,6.388544752302015e-16,3.434173657092474,6.730980367901249,4.3522788299585145,8.530466506718689,1.3267117736457366e-16,2.600355076345644e-16,3.1801360473341817e-16,6.233066652774996e-16,3.769973606406768,7.389148268557266,4.894810089542488,9.593827775503275,1.3179128583569305e-16,2.5831092023795835e-16,3.3884886505195993e-16,6.641437755018414e-16,3.633682042154159,7.122016802622152,4.115142921341284,8.065680125828916,2.2583589307150733e-16,4.4263835042015435e-16,3.7883381502191164e-16,7.425142774429467e-16,4.448421088105399,8.718905332686582,4.5264120434430755,8.871767605148428
identity,gpu_geometry,10,highdim_nonlinear,Random nonlinear,132.0,2.0,66,65,1.2123915853896905e-15,3.0274605581483983e-16,6,5.852504592063212e-10,4.4010222169761535e-10,6,8.483468587899149e-16,2.084124852660617e-16,6,3.107886027988664e-15,4.792844025847923e-16,6,1.1767878862078286e-15,2.929662900678685e-16,6,1.4579678852333457e-15,3.8861821370411494e-16,6,62.30479300171793,6.177310769361881,6,61.06762321328329,4.929598553050383,6,1.134158213207273e-15,3.285845518067043e-16,6,1.4430109084065992e-15,3.6058681492073544e-16,6,63.908777041639155,6.988421863017541,6,61.356037024924774,5.300354394634297,6,1.3304747147738149e-15,4.1992430222958355e-16,6,1.6427344301081644e-15,5.085388973924691e-16,6,57.98201527739868,7.822807687141636,6,56.36237825784323,7.321388249885664,6,9.658272252620987e-16,2.297564831740846e-16,6,1.2505337568352048e-15,3.3223573819255324e-16,6,69.16964750581981,3.8033124025204934,6,66.59332034311042,4.267016366979971,6,9.505344329769211e-16,1.9254942252853623e-16,6,1.2256252188336503e-15,2.750506988085228e-16,6,69.45682057652535,4.0609325854293985,6,67.05344636847867,3.309284870355075,6,1.0132338279694211e-15,2.0417329910160316e-16,6,1.324101145503433e-15,2.5687053263965927e-16,6,67.52437457673805,3.243514396390578,6,64.24586145889931,3.168984676680924,6,1.6248640548950267e-15,4.734109309850791e-16,6,1.9547880576611137e-15,6.054572078604667e-16,6,48.28233044741848,10.14463818595911,6,48.12449149993313,9.654403332519143,6,1.2359555973108564e-16,2.4224729707292785e-16,1.7967097963739952e-10,3.5215512008930307e-10,8.508404082119473e-17,1.6676472000954168e-16,1.9566703800123534e-16,3.835073944824213e-16,1.1960298708374753e-16,2.3442185468414515e-16,1.5865272138782512e-16,3.1095933392013723e-16,2.521876561255999,4.942878060061758,2.012500181955952,3.9445003566336654,1.3414408154792168e-16,2.629223998339265e-16,1.4720895075519964e-16,2.885295434801913e-16,2.853011278617196,5.591902106089704,2.1638606204620756,4.241166816105668,1.7143337850945803e-16,3.3600942187853776e-16,2.0761013549485337e-16,4.069158655699126e-16,3.1936478649031392,6.2595498152101525,2.9889442368380363,5.858330704202551,9.379769147880935e-17,1.8384347529846632e-16,1.3563467214810943e-16,2.6584395741029446e-16,1.5526957864289992,3.0432837414008382,1.7420021372008967,3.4143241889137577,7.860797257707895e-17,1.5407162625107473e-16,1.1228897757947032e-16,2.2008639605576184e-16,1.6578687856905474,3.2494228199534727,1.351009890980386,2.6479793863215564,8.335340031659647e-17,1.6337266462052908e-16,1.0486695582068284e-16,2.0553923340853835e-16,1.3241592074213822,2.595352046545909,1.2937325767611652,2.5357158504518837,1.932692032615644e-16,3.788076383926662e-16,2.4717687005805935e-16,4.844666653137963e-16,4.141531196792232,8.117401145712774,3.941393655949563,7.725131565661143
identity,gpu_geometry,10,highdim_nonlinear,Random nonlinear,198.0,3.0,66,65,1.2123915853896905e-15,3.0274605581483983e-16,6,5.852504592063212e-10,4.4010222169761535e-10,6,8.483468587899149e-16,2.084124852660617e-16,6,1.5899310637217872e-15,3.5362434686201907e-16,6,1.0286727024031264e-15,2.5951171744481705e-16,6,1.2965443373796125e-15,3.2689115278789046e-16,6,35.40958831556952,5.623207685413582,6,35.92734368692806,3.447647273736687,6,1.0051784255224221e-15,2.547813099624884e-16,6,1.3091580563622463e-15,3.646438279566155e-16,6,37.112157361253274,5.505112180108057,6,35.6483784378365,3.9494274062071155,6,1.0380115214284082e-15,2.6167182145294234e-16,6,1.4333165128868793e-15,3.825125791397735e-16,6,35.07572158433967,3.9000588321830056,6,29.420967568089765,4.341565166436146,6,9.175711594891799e-16,2.307414792815865e-16,6,1.209736175519213e-15,3.0770434942514676e-16,6,42.51499297050653,4.1971748397113755,6,40.249979013888854,3.616007752732096,6,8.748231554718144e-16,2.0766605230071825e-16,6,1.2155643578946606e-15,2.6300006172020983e-16,6,45.13559036674071,2.4006617512140886,6,39.508257561092826,2.7243753396243844,6,8.762516418649216e-16,2.0945139177524706e-16,6,1.2281285396603352e-15,3.1707362020012374e-16,6,45.05695184821199,2.4971186179500853,6,39.44306894506651,2.798002310988721,6,1.1467974049888748e-15,3.5091923791167257e-16,6,1.4848130515787783e-15,4.0458206217133765e-16,6,28.856917197609203,7.546539397174878,6,26.721206719403387,6.022539236242423,6,1.2359555973108564e-16,2.4224729707292785e-16,1.7967097963739952e-10,3.5215512008930307e-10,8.508404082119473e-17,1.6676472000954168e-16,1.4436653507281943e-16,2.8295840874272607e-16,1.0594521500218762e-16,2.0765262140428774e-16,1.3345275429341773e-16,2.6156739841509877e-16,2.295664924493351,4.499503252006968,1.4074961056254005,2.758692367025785,1.040140342343295e-16,2.038675070992858e-16,1.4886521939148728e-16,2.9177583000731505e-16,2.2474526363409044,4.405007167228173,1.6123469868951839,3.1602000943145603,1.0682707377072892e-16,2.0938106459062869e-16,1.5616010651473567e-16,3.060738087688819e-16,1.5921923509472022,3.120697007856516,1.7724365571350136,3.4739756519846265,9.419981445581057e-17,1.8463163633338872e-16,1.2561977462111131e-16,2.4621475825737815e-16,1.7134894530901075,3.3584393280566105,1.4762289833569533,2.8934088073796285,8.47793108391474e-17,1.661674492447289e-16,1.0736932558916613e-16,2.104438781547656e-16,0.9800660559151354,1.9209294695936654,1.1122215749835613,2.17995428696778,8.550817262752144e-17,1.6759601834994201e-16,1.294447633978887e-16,2.5371173625986186e-16,1.0194444068636066,1.998111037452669,1.1422796601750833,2.2388681339431633,1.4326217896832198e-16,2.807938707779111e-16,1.6516993523379295e-16,3.237330730582342e-16,3.0808618078148355,6.0384891433170775,2.4586913474475085,4.819035040997116
identity,gpu_geometry,10,highdim_nonlinear,Random nonlinear,264.0,4.0,66,65,1.2123915853896905e-15,3.0274605581483983e-16,6,5.852504592063212e-10,4.4010222169761535e-10,6,8.483468587899149e-16,2.084124852660617e-16,6,1.2735921265354149e-15,3.1178011604551023e-16,6,9.71613539338859e-16,2.5130817644708617e-16,6,1.2561661800653784e-15,3.0978369207377244e-16,6,23.687191514551852,4.950932448025755,6,24.65821470141054,3.554101108786972,6,9.393526469871837e-16,2.3482430934619405e-16,6,1.292793645325786e-15,3.263284025975646e-16,6,26.262465454621534,4.21299529209057,6,22.64829353784994,1.7549090132831282,6,9.576535838935759e-16,2.349400806173443e-16,6,1.3262346958111091e-15,3.400959902354952e-16,6,24.758581558965563,3.705383433650611,6,20.61944367947133,4.205043230739763,6,9.027344536682882e-16,2.331101868880537e-16,6,1.2377492305295225e-15,3.0692905683929316e-16,6,29.249779065758315,3.003121215594233,6,25.853334503037953,2.665006186256729,6,8.6721444817545e-16,2.1147429043722722e-16,6,1.1933858108230336e-15,2.854407013181524e-16,6,31.88486338243978,2.0315058295760315,6,28.333601734841135,1.8946574946489556,6,8.667287504442937e-16,2.0952774163187855e-16,6,1.189833439332992e-15,2.4215768021460675e-16,6,31.88390411388521,2.0031404880257586,6,27.971062411897478,4.002118835155783,6,1.0293717617472694e-15,2.6669095792357613e-16,6,1.3559260379689763e-15,3.1662124114330413e-16,6,19.470019791264672,2.5914329083063277,6,18.53424827538682,2.5554270229378817,6,1.2359555973108564e-16,2.4224729707292785e-16,1.7967097963739952e-10,3.5215512008930307e-10,8.508404082119473e-17,1.6676472000954168e-16,1.2728369937620439e-16,2.494760507773606e-16,1.0259613341411379e-16,2.0108842149166302e-16,1.2646866270270137e-16,2.478785788972947e-16,2.021209708108583,3.961571027892823,1.4509557017980015,2.8438731755240827,9.586662284994106e-17,1.8789858078588447e-16,1.33223012490259e-16,2.611171044809076e-16,1.7199481257282785,3.371098326427426,0.7164386045924618,1.404219665001225,9.591388627347298e-17,1.8799121709600703e-16,1.3884360660725558e-16,2.721334689502209e-16,1.5127164523009808,2.9649242465099226,1.716701710276148,3.36473535214125,9.516683528675955e-17,1.865269971620487e-16,1.253032627483273e-16,2.4559439498672146e-16,1.2260191023221039,2.4029974405513235,1.087984219614929,2.1324490704452606,8.633401754805648e-17,1.6921467439419068e-16,1.1653067834194185e-16,2.28400129550206e-16,0.8293587819917868,1.625543212703902,0.7734906832049819,1.5160417390817646,8.553934232596841e-17,1.6765711095889807e-16,9.886045897030804e-17,1.9376649958180376e-16,0.8177786797954643,1.6028462123991098,1.6338581726855754,3.202362018463728,1.0887612765446999e-16,2.1339721020276118e-16,1.2926008042130045e-16,2.5334975762574887e-16,1.057948054667855,2.0735781871489958,1.0432487135195492,2.0447674784983163
identity,gpu_geometry,10,highdim_poly3,Sparse cubic,132.0,2.0,66,65,8.706611955707627e-16,4.1388272684559766e-16,6,3.1120083824702033e-10,1.6610398925377012e-10,6,6.381078902501966e-16,3.1465354392120204e-16,6,5.320368965607677e-15,1.1311420229393568e-15,6,1.3649165322742534e-15,4.647775028650053e-16,6,1.131072859116046e-15,4.492461949724114e-16,6,74.22059469697926,6.7441686403293915,6,80.57732335731168,4.4960096549821404,6,1.002232294771432e-15,4.272613834925701e-16,6,1.1358842684559472e-15,5.152176813763186e-16,6,81.74705025221603,4.966151373097923,6,80.58470819541695,6.057254384597685,6,1.3138549384464755e-15,5.675083038564552e-16,6,1.3976152613151543e-15,5.997633919882919e-16,6,76.28115249204569,6.1094248162684055,6,76.29861969854214,6.163628562603822,6,9.079054679872725e-16,3.876970490925108e-16,6,9.667142007609643e-16,3.879709642520869e-16,6,83.5327879523171,4.510616220319151,6,83.45402105256426,4.143684356765389,6,1.0766005654110832e-15,3.5691474432351327e-16,6,1.1483190804583764e-15,4.2397333701437294e-16,6,80.00116313129632,3.915954233459026,6,80.15654925834635,4.576404642942908,6,1.3219333670332272e-15,4.9585698059685905e-16,6,1.3627629591590018e-15,4.2115482264925107e-16,6,75.33659943048124,7.0389321881072195,6,75.97855587998849,5.208942184337938,6,1.4828949035591004e-15,5.008609818810691e-16,6,1.5376710773190659e-15,5.407481863545063e-16,6,72.0345917050103,7.542135797881103,6,72.93293920312406,7.407088821383641,6,1.6896691568723726e-16,3.31175154746985e-16,6.781166965207953e-11,1.3291087251807588e-10,1.2845677139422678e-16,2.517752719326845e-16,4.617867971368282e-16,9.051021223881832e-16,1.8974462099070165e-16,3.7189945714177524e-16,1.8340399109488227e-16,3.594718225459692e-16,2.75329531801447,5.396458823308361,1.8354882555554817,3.597556980888744,1.7442872939206675e-16,3.418803096084508e-16,2.1033673763863735e-16,4.122600057717292e-16,2.0274228082519934,3.973748704173907,2.4728637474167434,4.846812944936817,2.316842948734444e-16,4.54101217951951e-16,2.448523794620279e-16,4.799106637455747e-16,2.494162236959077,4.888557984439791,2.516290823737248,4.931930014525006,1.5827665750990192e-16,3.1022224871940776e-16,1.58388482905531e-16,3.1044142649484074e-16,1.841451360883865,3.6092446673323755,1.691652054871322,3.315638027547791,1.4570983421142105e-16,2.8559127505438524e-16,1.7308639003837703e-16,3.3924932447521897e-16,1.5986816213443746,3.133415977834974,1.8683093719523278,3.6618863690265626,2.0243276464324063e-16,3.967682187007516e-16,1.7193573636716817e-16,3.369940432796496e-16,2.873632032485831,5.632318783672229,2.1265417418810637,4.1680218140868845,2.0447563961299837e-16,4.007722536414768e-16,2.2075952265066163e-16,4.326886643952968e-16,3.0790640459312644,6.0349655300252785,3.0239313486438615,5.926905443341968
identity,gpu_geometry,10,highdim_poly3,Sparse cubic,198.0,3.0,66,65,8.706611955707627e-16,4.1388272684559766e-16,6,3.1120083824702033e-10,1.6610398925377012e-10,6,6.381078902501966e-16,3.1465354392120204e-16,6,1.6410746448593157e-15,5.62721906523009e-16,6,9.379402698490759e-16,3.4559440383320447e-16,6,9.556189943233645e-16,4.366093585165218e-16,6,43.08359044464648,9.382535193743362,6,50.62437434435008,6.65057950108358,6,8.286099770456665e-16,3.856586525502501e-16,6,1.0067318772082889e-15,4.779091613503752e-16,6,51.43969390242521,7.705669351204449,6,47.93996278964696,7.309572447064292,6,8.177027400147516e-16,3.9196781557310236e-16,6,1.0115800201652511e-15,4.790897635592369e-16,6,52.10176744373678,7.410646872846264,6,47.80197249067201,7.172814499617748,6,7.336612552805481e-16,3.320089625282728e-16,6,8.907856273447745e-16,4.1354421332430797e-16,6,56.91408782755146,6.505660068138097,6,54.05956762089193,6.935029197882117,6,7.228955989271394e-16,3.2356046612966256e-16,6,9.083359622604961e-16,4.3092867686574067e-16,6,57.43291410422544,5.426475732567857,6,53.10906426202615,6.521232788054002,6,7.403600765770015e-16,3.1540656662244323e-16,6,9.265178674990389e-16,4.1438728569571044e-16,6,56.143211579764,4.971803626295784,6,51.83522784393764,5.494279772750922,6,9.246540261497086e-16,3.9917690793312233e-16,6,1.0883771618184976e-15,4.61275824844846e-16,6,45.364310553673086,7.739435182968176,6,43.0054399594967,5.604292902720573,6,1.6896691568723726e-16,3.31175154746985e-16,6.781166965207953e-11,1.3291087251807588e-10,1.2845677139422678e-16,2.517752719326845e-16,2.2973025634458417e-16,4.50271302435385e-16,1.4108832455878363e-16,2.765331161352159e-16,1.7824502421489392e-16,3.4936024746119206e-16,3.8304039530627576,7.507591748003005,2.7150877119113828,5.32157191534631,1.5744448560623653e-16,3.085911917882236e-16,1.9510559811830919e-16,3.82406972311886e-16,3.145826339509001,6.165819625437642,2.9841204555357534,5.848876092850077,1.600201906245738e-16,3.1363957362416464e-16,1.955875769517948e-16,3.833516508255178e-16,3.0253839170708603,5.929752477458886,2.928289257283355,5.739446944275375,1.3554209137084814e-16,2.6566249908686235e-16,1.6882871812087182e-16,3.3090428751690877e-16,2.655924601156397,5.205612218266538,2.8312138143523495,5.549179076130605,1.320930071591254e-16,2.589022940318858e-16,1.7592589564229307e-16,3.448147554588944e-16,2.2153494410644665,4.342084904486354,2.6622821374399375,5.218072989382278,1.2876419162468897e-16,2.5237781558439035e-16,1.691729009752342e-16,3.31578885911459e-16,2.0297303309572885,3.9782714486762853,2.243030324555746,4.396339436129262,1.6296329025634806e-16,3.194080489024422e-16,1.8831506692521671e-16,3.6909753117342475e-16,3.159611182602633,6.19283791790116,2.2879429967944347,4.484368273717092
identity,gpu_geometry,10,highdim_poly3,Sparse cubic,264.0,4.0,66,65,8.706611955707627e-16,4.1388272684559766e-16,6,3.1120083824702033e-10,1.6610398925377012e-10,6,6.381078902501966e-16,3.1465354392120204e-16,6,1.1420904004968097e-15,4.829764318397307e-16,6,7.871954229212406e-16,3.6037768098195007e-16,6,9.499887230898872e-16,4.386489098783929e-16,6,31.81033880960018,4.468217462484222,6,30.84173631250376,6.903289853250964,6,7.646721513553174e-16,3.6513506231180816e-16,6,9.563611378050456e-16,4.730902117601334e-16,6,34.76635767865631,6.116669315228338,6,30.997507957746294,6.242679626807834,6,7.276759109850656e-16,3.331785692009855e-16,6,9.560683010212746e-16,4.272443424323075e-16,6,37.16256145494697,5.080697660171769,6,30.05694481210304,4.400608248509839,6,6.952320686594504e-16,3.259393404459508e-16,6,9.10120365094348e-16,4.609509277807719e-16,6,40.36935274640009,4.630061560296727,6,34.75726762577392,6.866386011341862,6,6.79788587230076e-16,3.249787027228165e-16,6,8.92706809905462e-16,4.376102485108673e-16,6,41.932075556023456,4.9635881306760465,6,35.75387475143538,5.742335751871567,6,6.888079359261333e-16,3.2417921279223324e-16,6,9.103473633587867e-16,4.01869969834513e-16,6,41.00675933131346,4.774611033188809,6,33.34569488168538,5.040657969384904,6,7.979060721855675e-16,4.022452109347828e-16,6,1.0052926167046002e-15,5.047221166612524e-16,6,32.6635698785928,9.444232859226023,6,28.099915159400776,10.06791049986573,6,1.6896691568723726e-16,3.31175154746985e-16,6.781166965207953e-11,1.3291087251807588e-10,1.2845677139422678e-16,2.517752719326845e-16,1.9717430263290652e-16,3.8646163316049674e-16,1.4712357218221252e-16,2.8836220147713654e-16,1.7907766757169103e-16,3.5099222844051444e-16,1.8241421404799636,3.5753185953407285,2.818256281166238,5.523782311085827,1.490657649772118e-16,2.9216889935533515e-16,1.931382701862614e-16,3.7855100956507236e-16,2.4971197912747365,4.8943547908984835,2.5485632855578846,4.995184039693454,1.3601958129549823e-16,2.665983793391765e-16,1.7442177240834685e-16,3.418666739203598e-16,2.0741861341288734,4.065404822892591,1.7965407944553162,3.52121995713242,1.3306417853197847e-16,2.608057899226778e-16,1.8818242825423173e-16,3.6883755937829417e-16,1.890214716733585,3.7048208447978266,2.8031903507952984,5.494253087558785,1.326719998237538e-16,2.6003711965455747e-16,1.7865363584402784e-16,3.5016112625429456e-16,2.026376368915218,3.971697683073827,2.344298753971089,4.594825557783334,1.323456094263501e-16,2.593973944756462e-16,1.6406272817370415e-16,3.2156294722046014e-16,1.9492267919292303,3.820484512181291,2.0578399988144347,4.033366397676292,1.6421591971140108e-16,3.218632026343461e-16,2.0605194128625875e-16,4.038618049210671e-16,3.8555919195216655,7.556960162262464,4.110207250113361,8.056006210222188
identity,gpu_geometry,10,highdim_poly4,Sparse quartic,132.0,2.0,66,65,9.372273156597924e-16,7.339768583382599e-16,6,4.992674699592451e-10,6.171525381021747e-10,6,6.923062598049606e-16,5.4156450394114e-16,6,3.368867804806439e-15,1.790685736580873e-15,6,9.570426865245853e-16,7.129392791418461e-16,6,1.1633870671063956e-15,8.96354331581237e-16,6,74.02250585084583,7.510302883470861,6,70.65609642777754,6.524129746617481,6,1.0025693706385935e-15,7.962257700941912e-16,6,1.1934920163482406e-15,9.360957924252485e-16,6,73.42875307318086,8.691447101350747,6,70.21925220082903,7.1948502726184635,6,1.2204510034936018e-15,8.498926481424956e-16,6,1.4015839500044133e-15,1.022446395398327e-15,6,66.02651126864627,7.436939266187865,6,63.81494193928487,7.602460792806725,6,8.789201295593483e-16,6.376982866500025e-16,6,1.041910751209738e-15,7.775217746755866e-16,6,76.06587202983098,7.162516958867809,6,73.62544868529159,5.976446442450691,6,8.939159357794404e-16,5.271567452349919e-16,6,1.068397870856972e-15,7.444891365974037e-16,6,74.04122814511443,3.2797418383879693,6,72.23640580427846,3.893268198969686,6,9.771904543215943e-16,4.706672128697912e-16,6,1.1532443591568177e-15,7.204179728227215e-16,6,70.26572511004402,3.4346737738993847,6,68.77207371359053,2.6247723671312904,6,1.3046405535246815e-15,7.5469095567096285e-16,6,1.5073394458995863e-15,1.0191384618183647e-15,6,61.3402544197431,8.944764695978936,6,59.910186145657185,7.7074115068066265,6,2.996447976566316e-16,5.873038034069979e-16,2.5195146863564693e-10,4.93824878525868e-10,2.2109278290988042e-16,4.3334185450336563e-16,7.310443907171647e-16,1.4328470058056429e-15,2.9105624191419754e-16,5.704702341518271e-16,3.659351235179187e-16,7.172328420951206e-16,3.0660683130428,6.009493893563888,2.6634648158210226,5.220391039009204,3.250578094642264e-16,6.371133065498837e-16,3.821595069680229e-16,7.490326336573249e-16,3.54826842078354,6.954606104735738,2.9372853239399466,5.757079234922295,3.469672206819793e-16,6.800557525366794e-16,4.1741199301230594e-16,8.181275063041196e-16,3.036117741704772,5.950790773741353,3.1036916219818904,6.083235579084505,2.60339235356598e-16,5.102649012989321e-16,3.1742193530973715e-16,6.221469932070848e-16,2.9240853038762102,5.731207195597372,2.439874043179331,4.782153124631488,2.1521084004867962e-16,4.2181324649541207e-16,3.039364172848075e-16,5.957153778782227e-16,1.3389489986846959,2.624340037422004,1.5894200865466974,3.115263369631527,1.9214908503148338e-16,3.766122066617074e-16,2.941094058243178e-16,5.764544354156629e-16,1.4021996964954886,2.7483114051311577,1.0715588317381364,2.100255310206747,3.0810129248120966e-16,6.038785332631709e-16,4.1606153478331837e-16,8.15480608175304e-16,3.6516848957349164,7.157302395640436,3.146537571555312,6.167213640248411
identity,gpu_geometry,10,highdim_poly4,Sparse quartic,198.0,3.0,66,65,9.372273156597924e-16,7.339768583382599e-16,6,4.992674699592451e-10,6.171525381021747e-10,6,6.923062598049606e-16,5.4156450394114e-16,6,1.4221055200879223e-15,1.01223964639531e-15,6,8.955597518738497e-16,6.802969993761991e-16,6,1.0536568349028548e-15,8.306697039001397e-16,6,37.85057987691264,9.780494415076552,6,38.702509845507954,4.012710243596109,6,8.499512941849116e-16,6.857574629573642e-16,6,1.1012928340719228e-15,9.061910606310943e-16,6,43.69872009682913,6.693176770540444,6,37.59464192300596,5.359579104291165,6,8.690619890974804e-16,6.515979911115844e-16,6,1.0909393339562446e-15,8.424726117894008e-16,6,40.59823615992122,4.523756424706708,6,36.24071886891172,3.2008688266169307,6,7.825743964975976e-16,5.892306931555203e-16,6,1.0157998998807616e-15,7.976711422473826e-16,6,46.97278873207531,6.37478975067166,6,41.05777473141752,2.773034291971643,6,7.327540483897423e-16,5.483725244067571e-16,6,1.001465270781507e-15,7.993635897911144e-16,6,49.80382588581682,3.3167090593992095,6,43.001219626169224,5.163614510870781,6,7.48056568831923e-16,5.479181770924027e-16,6,9.959878970003201e-16,7.670283747546987e-16,6,48.007595143564764,3.00077872707688,6,41.78331582138269,3.061239755053949,6,9.742435387254031e-16,7.457741180306466e-16,6,1.1348507386651964e-15,8.472066693199205e-16,6,33.98313932895975,9.412668993632138,6,33.23967498802324,4.560407940421609,6,2.996447976566316e-16,5.873038034069979e-16,2.5195146863564693e-10,4.93824878525868e-10,2.2109278290988042e-16,4.3334185450336563e-16,4.1324510518063056e-16,8.099604061540359e-16,2.7773008700302903e-16,5.443509705259369e-16,3.391194865573553e-16,6.646741936524164e-16,3.9928701248463625,7.82602544469887,1.638182097074943,3.210836910266888,2.7995931192517983e-16,5.487202513733524e-16,3.699509513362791e-16,7.25103864619107e-16,2.732477974345576,5.355656829717329,2.1880390069327107,4.288556453588113,2.6601376594099176e-16,5.213869812443439e-16,3.4393800352564864e-16,6.741184869102713e-16,1.8468158268614305,3.6197590206484036,1.3067492264654332,2.561228483872249,2.4055242316957823e-16,4.714827494123733e-16,3.256478801748509e-16,6.382698451427077e-16,2.6024970177782607,5.100894154845391,1.132086509095092,2.21888955782638,2.238721456264116e-16,4.387894054277667e-16,3.263388189912792e-16,6.396240852229072e-16,1.3540408034657345,2.6539199747928395,2.1080367966773927,4.13175212148769,2.236866591120496e-16,4.384258518596172e-16,3.1313802273088106e-16,6.137505245525269e-16,1.2250627853894633,2.401123059363348,1.2497458967007897,2.4495019575335477,3.044610087582067e-16,5.967435771660851e-16,3.458706744194409e-16,6.779065218621041e-16,3.842706025352531,7.531703809690961,1.8617787454949484,3.649086341170099
identity,gpu_geometry,10,highdim_poly4,Sparse quartic,264.0,4.0,66,65,9.372273156597924e-16,7.339768583382599e-16,6,4.992674699592451e-10,6.171525381021747e-10,6,6.923062598049606e-16,5.4156450394114e-16,6,1.0593686278923387e-15,7.878162548636176e-16,6,8.218885284023898e-16,6.428370940901716e-16,6,1.0377549940235007e-15,8.222817382040079e-16,6,23.710432452909313,3.828290898271933,6,23.10011299149311,3.909702419652701,6,7.941092564416498e-16,6.294342183568739e-16,6,1.0185449272601568e-15,8.091252120400052e-16,6,27.405709008009982,4.152554708763549,6,24.79507760345354,3.7899422182695592,6,8.030670199468039e-16,6.169822742496851e-16,6,1.054310348166864e-15,8.439855487758561e-16,6,25.689089657844914,3.4390437476318296,6,22.177977132966905,3.9203126367898844,6,7.518063768805843e-16,5.831774954975367e-16,6,9.863599548137185e-16,7.754483299098719e-16,6,30.877668292742758,3.978497994402387,6,26.489812354006386,3.21295138127448,6,7.214379389147968e-16,5.583668524871694e-16,6,9.81307019205704e-16,7.705463723579163e-16,6,33.34246384832253,2.67762455472093,6,26.828075830036155,3.6890424167515827,6,7.243612790599705e-16,5.578696112618251e-16,6,9.562291650860128e-16,7.425501230291621e-16,6,32.93849144663603,2.4692305104910806,6,28.737131444951064,3.290601556229555,6,8.500945089005287e-16,6.378395198174027e-16,6,1.1117335641853433e-15,8.549899468396305e-16,6,20.700139240101283,3.8883442986504435,6,16.989654810544682,5.641233807435141,6,2.996447976566316e-16,5.873038034069979e-16,2.5195146863564693e-10,4.93824878525868e-10,2.2109278290988042e-16,4.3334185450336563e-16,3.216246392477149e-16,6.303842929255213e-16,2.6243714470907e-16,5.143768036297773e-16,3.3569511390144e-16,6.579624232468224e-16,1.5628932146178833,3.063270700651051,1.596129329045644,3.128413484929462,2.5696544360365165e-16,5.036522694631573e-16,3.3032398458654285e-16,6.474350097896239e-16,1.6952733609103834,3.3227357873843513,1.5472374315653685,3.032585365868122,2.5188195870894024e-16,4.936886390695229e-16,3.445556574639486e-16,6.753290886293392e-16,1.4039837308011314,2.7518081123702176,1.6004609320533496,3.1369034268245652,2.3808121557386657e-16,4.666391825247785e-16,3.165754550287629e-16,6.204878918563752e-16,1.6242150048286823,3.183461409464217,1.3116819087488139,2.570896541147675,2.279523129795749e-16,4.467865334399668e-16,3.145742392382506e-16,6.165655089069712e-16,1.0931356469688822,2.1425458680590093,1.5060452600875114,2.9518487097715225,2.2774931509937994e-16,4.463886575947847e-16,3.031448183103866e-16,5.941638438883577e-16,1.0080591346691954,1.9757959039516229,1.3433824599284432,2.6330296214597486,2.6039689355574593e-16,5.10377911369262e-16,3.4904818416106827e-16,6.841344409556938e-16,1.587409912658952,3.111323428811546,2.3030240579923453,4.513927153664997
identity,gpu_geometry,20,highdim_nonlinear,Random nonlinear,462.0,2.0,231,230,5.97519609504703e-16,7.809860369946882e-17,6,5.021694541677372e-10,3.404651763923657e-10,6,8.404449637330493e-16,1.0617329491418715e-16,6,1.918022994537305e-15,2.3003179285945037e-16,6,1.3285008856224594e-15,2.523693113290574e-16,6,8.062046574305143e-16,1.4936265809275577e-16,6,31.04523738564639,5.987142697401984,6,36.102630352439256,3.753582957306872,6,1.2069324410566317e-15,1.4759287543120352e-16,6,7.918524182840879e-16,9.391205530076934e-17,6,37.054760472493946,2.038033397071206,6,36.796959377440636,2.017720120428299,6,1.4397835056712444e-15,2.2117371839612762e-16,6,9.464491517822478e-16,1.69783985878005e-16,6,25.10564478468361,3.6941032018882947,6,24.86827950620528,4.695352408578909,6,9.391789515918548e-16,1.1329642282070673e-16,6,6.270098930361655e-16,9.392661860063953e-17,6,51.01837965346892,1.5509996513818738,6,50.11602212873228,1.8647808882085324,6,8.643782387317779e-16,1.0665875657075966e-16,6,5.947505389533593e-16,6.47169898651318e-17,6,54.929740636078726,1.3912383343442523,6,52.48003668852014,2.0807929948689243,6,8.823874584718698e-16,1.14040091250617e-16,6,5.870283254785661e-16,9.101629943775117e-17,6,54.02384670420486,1.214575345259241,6,53.3409608061553,1.384067283472428,6,1.505356454205829e-15,1.7050753034438523e-16,6,9.761693761523772e-16,1.2685758306602885e-16,6,21.441963692885817,1.4706893275576425,6,22.137126049600507,3.265262369980459,6,3.188362144792288e-17,6.249189803792885e-17,1.389943262246609e-10,2.7242887940033535e-10,4.334506614163247e-17,8.495632963759964e-17,9.391008618720808e-17,1.8406376892692783e-16,1.0302933991563011e-16,2.01937506234635e-16,6.097704982550602e-17,1.195150176579918e-16,2.4442407709775615,4.790711911116021,1.532393825434822,3.003491897852251,6.025453907943474e-17,1.1809889659569207e-16,3.833943603048685e-17,7.514529461975422e-17,0.8320236502625793,1.6307663545146553,0.823730789799393,1.6145123480068102,9.029379243075496e-17,1.7697583316427973e-16,6.93140219828362e-17,1.3585548308635896e-16,1.508111316967979,2.955898181257239,1.9168695939277214,3.7570644040983336,4.6253070932224525e-17,9.065601902716007e-17,3.8345381472762366e-17,7.515694768661423e-17,0.6331929561866976,1.2410581941259273,0.7612936097008175,1.4921354750136022,4.354325503301395e-17,8.534477986470735e-17,2.6420600476407207e-17,5.1784376933758127e-17,0.5679706716238333,1.1132225163827132,0.8494801829644201,1.6649811586102634,4.655667229740734e-17,9.125107770291838e-17,3.7157248649808975e-17,7.28282073536256e-17,0.49584830834164134,0.971862684349617,0.5650431023645817,1.10748448063458,6.960940777431052e-17,1.364344392376486e-16,5.178939141908378e-17,1.0150720718140421e-16,0.6004064037788559,1.1767965514065575,1.3330377804605043,2.612754049702588
identity,gpu_geometry,20,highdim_nonlinear,Random nonlinear,693.0,3.0,231,230,5.97519609504703e-16,7.809860369946882e-17,6,5.021694541677372e-10,3.404651763923657e-10,6,8.404449637330493e-16,1.0617329491418715e-16,6,1.3254985636068563e-15,1.7175693986447923e-16,6,1.0572410527279025e-15,1.5626335158311253e-16,6,6.958895156108572e-16,9.854462500264448e-17,6,20.39326888069237,2.1841224590408133,6,21.14471442268084,3.257751452273976,6,1.0343063497858222e-15,1.4610581698802132e-16,6,6.888061171928943e-16,1.1519615815511894e-16,6,22.043793018387706,2.332935909364499,6,22.203815102518195,2.7114337119524476,6,1.0945762470540238e-15,1.603354633299818e-16,6,7.366110276762301e-16,1.0643030671571135e-16,6,17.47382102401266,3.4527888591151314,6,16.52440020065328,2.8326222829338352,6,9.048191491353685e-16,1.2169966772793495e-16,6,6.238739961843965e-16,1.0258110289739752e-16,6,31.768635407281593,0.7217927796591369,6,29.497346916952324,3.9590154106276945,6,8.61537204127311e-16,1.0492071413156395e-16,6,5.81562685323368e-16,8.170888792607745e-17,6,34.94770676964671,1.0964048164505265,6,34.11290611879931,1.6129729130696473,6,8.638892152944508e-16,1.0716210865036895e-16,6,6.113409376630155e-16,8.309566395015351e-17,6,34.77940185672015,0.9608527078990217,6,30.718443796809463,0.8617124470169384,6,1.1640132331399588e-15,1.4803200220211098e-16,6,7.761783290996742e-16,8.457997427109483e-17,6,12.11316650909278,3.247897489096302,6,11.753057518542583,3.3191290490529135,6,3.188362144792288e-17,6.249189803792885e-17,1.389943262246609e-10,2.7242887940033535e-10,4.334506614163247e-17,8.495632963759964e-17,7.011947707497818e-17,1.3743417506695722e-16,6.379424614595928e-17,1.2503672244608018e-16,4.0230674691732064e-17,7.885212239579484e-17,0.8916642600671407,1.7476619497315957,1.3299714611470177,2.6067440638481547,5.964745001218574e-17,1.1690900202388405e-16,4.7028634634832105e-17,9.217612388427093e-17,0.9524170967598143,1.866737509649236,1.1069381776106733,2.1695988281169196,6.545667880519648e-17,1.2829509045818509e-16,4.344999077023376e-17,8.516198190965816e-17,1.4095951490664245,2.762806492170192,1.1564132045375832,2.266569880893663,4.9683681299949604e-17,9.738001534790122e-17,4.187855989176017e-17,8.208197738784993e-17,0.29467066836500244,0.5775545099954048,1.616261273308845,3.167872095685336,4.283370217845866e-17,8.395405626977897e-17,3.33575138115245e-17,6.538072707058802e-17,0.447605391972273,0.8773065682656551,0.6584934343252007,1.2906471312773933,4.3748747659015875e-17,8.574754541167112e-17,3.3923662752609826e-17,6.649037899511526e-17,0.39226647538734916,0.7688422917592044,0.3517926333660973,0.6895135613975507,6.043381183295462e-17,1.1845027119259105e-16,3.452962990365199e-17,6.76780746111579e-17,1.3259485975254386,2.5988592511498596,1.3550287601047994,2.6558563698054067
identity,gpu_geometry,20,highdim_nonlinear,Random nonlinear,924.0,4.0,231,230,5.97519609504703e-16,7.809860369946882e-17,6,5.021694541677372e-10,3.404651763923657e-10,6,8.404449637330493e-16,1.0617329491418715e-16,6,1.1465334600510206e-15,1.488297950764959e-16,6,1.0050130633326805e-15,1.5626178286592144e-16,6,6.534703538568796e-16,9.234687627596406e-17,6,12.464247968539103,5.736989394097261,6,14.894543129865427,3.6743284646662953,6,9.687561713075573e-16,1.265659214343191e-16,6,6.80099361423859e-16,1.006763581810822e-16,6,15.493933633944208,2.019091181432143,6,11.483198559391623,3.8681019795737033,6,9.95800289288168e-16,1.3526298879943728e-16,6,6.60772291346845e-16,1.0181077476953088e-16,6,13.18058648105596,1.4112440225392806,6,13.9626282366392,4.5406551102456625,6,8.976413306419769e-16,1.1840578236904434e-16,6,6.231981281333443e-16,9.678478170128447e-17,6,21.709746973415474,1.396547676745113,6,18.956485803173216,3.2309683277069503,6,8.68157380759215e-16,1.0647180013419884e-16,6,6.05880151414691e-16,8.796672050514559e-17,6,24.2155689313946,1.4380398535115628,6,21.1595157073839,2.5391554895160158,6,8.670859293861158e-16,1.039922558557575e-16,6,5.994333906998778e-16,8.355362121917806e-17,6,24.285147796006424,1.4899928107068092,6,21.96221177244924,2.78947055077834,6,1.051742627636455e-15,1.0481113149046089e-16,6,7.092165351635e-16,7.425454705545197e-17,6,7.9555393462273285,3.320498613736534,6,7.260174808307201,4.9494515990646315,6,3.188362144792288e-17,6.249189803792885e-17,1.389943262246609e-10,2.7242887940033535e-10,4.334506614163247e-17,8.495632963759964e-17,6.075950941006651e-17,1.1908863844373035e-16,6.379360571984779e-17,1.2503546721090167e-16,3.77004543693402e-17,7.389289056390679e-17,2.3421161125495202,4.590547580597059,1.5000383143027256,2.940075096033342,5.1670321056544375e-17,1.0127382927082698e-16,4.110095111755436e-17,8.055786419040655e-17,0.8242905231103339,1.6156094252962545,1.579146020500849,3.0951262001816637,5.522088394040293e-17,1.0823293252318974e-16,4.156407475046238e-17,8.146558651090627e-17,0.5761379596290067,1.129230400872853,1.8537146863437954,3.633280785233839,4.833895823319857e-17,9.474435813706919e-17,3.9512221672467556e-17,7.744395447803641e-17,0.5701382015824721,1.1174708751016453,1.319037296329249,2.585313100805328,4.346693038739678e-17,8.51951835592977e-17,3.5912263263938133e-17,7.038803599731874e-17,0.5870773118149996,1.1506715311573992,1.0366058878168467,2.0317475401210197,4.245466067459365e-17,8.321113492220355e-17,3.411062302479459e-17,6.68568211285974e-17,0.6082870177745011,1.1922425548380222,1.1387965836545477,2.2320413039629137,4.2788965252563824e-17,8.386637189502509e-17,3.0314291894556747e-17,5.941601211333123e-17,1.3555878825455672,2.6569522497893114,2.0206051540517693,3.960386101941468
identity,gpu_geometry,20,highdim_poly3,Sparse cubic,462.0,2.0,231,230,3.4199310068817735e-16,1.2814274375365368e-16,6,2.652462532023077e-10,2.1463944932835842e-10,6,4.994456992246764e-16,2.004168601070345e-16,6,1.3543320485204356e-15,4.57179018108573e-16,6,8.370534735649217e-16,2.644733444520071e-16,6,4.95215643185349e-16,1.6986516887883602e-16,6,37.832970593008945,4.6860675982579085,6,42.17257426121268,1.998182653454157,6,7.786305364933686e-16,3.290840966528861e-16,6,4.968814800759836e-16,2.1519211656271976e-16,6,43.504966028640666,4.288198915794452,6,43.113058363293106,4.323675602393847,6,9.023862768571809e-16,3.455324816983522e-16,6,5.923994475760775e-16,2.4386154927878914e-16,6,34.03514746734239,3.05777970964528,6,32.02707852840138,5.398914305575196,6,5.936375314318501e-16,2.0821204639974514e-16,6,3.9054445219288143e-16,1.4838273194437234e-16,6,56.36471891679481,2.002419668007679,6,54.91344560795867,2.4773133338881497,6,5.780200938501683e-16,1.8189711213644022e-16,6,3.6894155450499136e-16,1.0947789084146134e-16,6,57.10132618596069,1.2263988282495413,6,56.46960687023891,2.9868391486879062,6,6.06719386591438e-16,1.7667637644344608e-16,6,4.0207304738723286e-16,1.3918902304696554e-16,6,54.70561520332229,2.697536634159044,6,53.07968743172685,1.7585353111760134,6,1.016390272020243e-15,3.82237752026058e-16,6,6.596093428141675e-16,2.5093612913095104e-16,6,25.698241702175206,4.7877843034948535,6,23.596607227731777,3.021447750294954,6,5.231405607277798e-17,1.0253554990264484e-16,8.762618825440729e-11,1.717473289786383e-10,8.181984051883203e-17,1.6036688741691076e-16,1.8664255257877242e-16,3.6581940305439395e-16,1.0797079074579229e-16,2.116227498617529e-16,6.93471648041402e-17,1.3592044301611478e-16,1.9130790859868918,3.749635008534308,0.8157546523072052,1.5988791185221223,1.3434801987738544e-16,2.6332211895967545e-16,8.78518137080307e-17,1.7218955486774017e-16,1.7506498765420762,3.4312737580224693,1.7651331731976014,3.4596610194672985,1.4106304495308833e-16,2.764835681080531e-16,9.955606060293476e-17,1.9512987878175214e-16,1.248333339077773,2.446733344592435,2.204097535611968,4.320031169799457,8.500221199667849e-17,1.6660433551348985e-16,6.057699665064765e-17,1.187309134352694e-16,0.8174844062553512,1.6022694362604883,1.0113589335031703,1.9822635096662138,7.425918507001532e-17,1.4554800273723003e-16,4.4694161779616e-17,8.760055708804736e-17,0.50067522505976,0.9813234411171297,1.2193719763423778,2.3899690736310606,7.212782864838679e-17,1.413705441508381e-16,5.682368071025891e-17,1.1137441419210747e-16,1.1012647193590728,2.1584788499437826,0.7179190345079449,1.407121307635572,1.5604790881538819e-16,3.058539012781608e-16,1.0244424573332995e-16,2.0079072163732668e-16,1.9546047570114913,3.831025323742523,1.2335008787838,2.417661722416248
identity,gpu_geometry,20,highdim_poly3,Sparse cubic,693.0,3.0,231,230,3.4199310068817735e-16,1.2814274375365368e-16,6,2.652462532023077e-10,2.1463944932835842e-10,6,4.994456992246764e-16,2.004168601070345e-16,6,8.260770835423653e-16,3.2866323754901544e-16,6,6.495351862689998e-16,2.392012724767614e-16,6,4.182201904625179e-16,1.4675114528626797e-16,6,20.70855715680741,2.867577270095789,6,21.47075900409486,5.028703484261156,6,6.438274205186031e-16,2.65248107952906e-16,6,4.245099780960733e-16,1.7344174846133794e-16,6,22.211233894630727,3.185819991791191,6,21.396696070027293,3.6033946404251482,6,6.612668850175177e-16,2.6313031158592093e-16,6,4.3660268212790003e-16,1.6581287088296536e-16,6,19.936268216878485,1.6064990323548085,6,18.68570298053993,2.993626184796288,6,5.424735842778367e-16,2.0519138470541862e-16,6,3.664519836202931e-16,1.4351838619940106e-16,6,34.00260557358751,1.2714914094162186,6,32.001656981559044,1.8892420955556206,6,5.263713241194576e-16,2.024800847831807e-16,6,3.5348405913820573e-16,1.31167094739747e-16,6,36.041232460110855,1.258840508662951,6,34.001252361551536,2.4837336308818414,6,5.305736972109196e-16,1.986363141122902e-16,6,3.509863451626328e-16,1.289241496144749e-16,6,35.33941744847732,1.63187748094402,6,34.4237844379957,3.0206843156950245,6,7.431798301986106e-16,2.9397041153866047e-16,6,4.920522813089067e-16,1.9116602104511121e-16,6,10.037507180921054,2.774793182168173,6,8.51138221866143,3.2707427499118333,6,5.231405607277798e-17,1.0253554990264484e-16,8.762618825440729e-11,1.717473289786383e-10,8.181984051883203e-17,1.6036688741691076e-16,1.3417620486770407e-16,2.629853615407e-16,9.765351056541853e-17,1.9140088070822032e-16,5.991090418673289e-17,1.1742537220599646e-16,1.1706835182896371,2.2945396958476887,2.0529596006992885,4.0238008173706055,1.0828708662054808e-16,2.1224268977627425e-16,7.080729730440457e-17,1.3878230271663295e-16,1.300605565374352,2.5491869081337297,1.4710797018202133,2.883316215567618,1.0742249987417583e-16,2.1054809975338464e-16,6.769282107487586e-17,1.3267792930675667e-16,0.6558504835907008,1.2854669478377734,1.222142772230941,2.3953998335726445,8.37690320239e-17,1.6418730276684401e-16,5.859113581603796e-17,1.148386261994344e-16,0.519084194233659,1.0174050206979717,0.7712798557829483,1.5117085173345788,8.266214846571157e-17,1.6201781099279468e-16,5.3548742192613274e-17,1.0495553469752202e-16,0.5139194856283096,1.0072821918314867,1.0139800087751152,1.9874008171992257,8.109293566038538e-17,1.5894215389435534e-16,5.2633063679616685e-17,1.031608048120487e-16,0.6662111918418714,1.305773936010068,1.2331892079134978,2.4170508475104557,1.2001291795761643e-16,2.352253191969282e-16,7.804320128644552e-17,1.5296467452143321e-16,1.132804573010939,2.2202969631014406,1.3352751361985804,2.6171392669492177
identity,gpu_geometry,20,highdim_poly3,Sparse cubic,924.0,4.0,231,230,3.4199310068817735e-16,1.2814274375365368e-16,6,2.652462532023077e-10,2.1463944932835842e-10,6,4.994456992246764e-16,2.004168601070345e-16,6,6.991921734042096e-16,2.8267211456552744e-16,6,5.934693378509172e-16,2.30910547764868e-16,6,3.888243097127662e-16,1.51717579761295e-16,6,14.630786420606645,3.3166567632322232,6,15.411506151579935,4.2310642563503364,6,5.890518047539736e-16,2.3057696764162198e-16,6,3.923706663476542e-16,1.5220605972824701e-16,6,15.373590646007747,2.360266237389391,6,14.668469428415362,5.0760183997115425,6,6.013460798329959e-16,2.404492090155732e-16,6,4.0549492413451867e-16,1.6589751396959117e-16,6,13.860156449238566,1.6795364471634628,6,12.068812316469694,3.2960533740020987,6,5.292621487148364e-16,2.0693262595239112e-16,6,3.616058841645781e-16,1.2920828686340423e-16,6,24.028772898766377,1.2134868439234485,6,20.669618233164357,6.587080165414308,6,5.2000006424387e-16,2.028638605047849e-16,6,3.6157199387574986e-16,1.5073098857020172e-16,6,25.326264667765773,1.290591924765544,6,22.08670204922201,3.6595386953583007,6,5.234286938118233e-16,2.0376867319485765e-16,6,3.5784163765154507e-16,1.3087909577449623e-16,6,24.826284708074343,1.8475457106513586,6,21.731108266734665,2.718734196359279,6,6.368281059157943e-16,2.5897548603110726e-16,6,4.2044641774048027e-16,1.6634272706757432e-16,6,8.93461723044232,2.718334010326728,6,8.853669688197117,1.0226242823805451,6,5.231405607277798e-17,1.0253554990264484e-16,8.762618825440729e-11,1.717473289786383e-10,8.181984051883203e-17,1.6036688741691076e-16,1.1540040753318182e-16,2.2618479876503636e-16,9.426883637508154e-17,1.847669192951598e-16,6.193844257086347e-17,1.213993474388924e-16,1.3540194536449646,2.6538781291441307,1.7273247494977808,3.3855565090156503,9.413265286003364e-17,1.8449999960566593e-16,6.213786368229748e-17,1.2179021281730307e-16,0.9635746564537933,1.8886063266494348,2.072275834045351,4.061660634728888,9.816297852399586e-17,1.9239943790703187e-16,6.772737647029043e-17,1.3274565788176924e-16,0.685667883326234,1.3439090513194185,1.3456081552140047,2.637391984219449,8.44798907862617e-17,1.6558058594107291e-16,5.2749062225749194e-17,1.0338816196246842e-16,0.49540392953213647,0.9709917018829874,2.6891642166788117,5.270761864690471,8.281882424797802e-17,1.6232489552603693e-16,6.153566840371293e-17,1.2060991007127735e-16,0.5268819469719999,1.0326886160651196,1.494000416266382,2.9282408158821087,8.318821248189023e-17,1.6304889646450485e-16,5.3431167107394287e-17,1.047250875304928e-16,0.7542573779272601,1.4783444607374299,1.1099185878893203,2.1754404322630676,1.0572629944424759e-16,2.0722354691072526e-16,6.790913395643417e-17,1.3310190255461098e-16,1.1097552126256638,2.175120216746301,0.41748461506869233,0.818269845534637
identity,gpu_geometry,20,highdim_poly4,Sparse quartic,462.0,2.0,231,230,5.326926620208515e-16,2.526579687789908e-16,6,1.0449541741156902e-09,7.316758315318396e-10,6,7.688724477267338e-16,3.891461851705031e-16,6,1.9407891050550115e-15,9.65613683533101e-16,6,1.1790462828755343e-15,5.778927164253141e-16,6,7.381206109684234e-16,3.507031140547601e-16,6,38.406143484113784,9.717279750001737,6,39.537822982199536,7.038448987743468,6,1.1559091178647354e-15,5.547243751771974e-16,6,7.58750428793357e-16,3.6356857548108773e-16,6,39.73999260264632,4.682489156100282,6,38.308973395077494,3.7349547175626956,6,1.3513996175762127e-15,6.312677226023065e-16,6,8.666484234106117e-16,4.106905357641915e-16,6,29.822774500747432,5.155400617429642,6,29.8596560826613,6.013361423443541,6,8.77433777372083e-16,4.2335169887439844e-16,6,5.940304204603693e-16,2.9302177157816175e-16,6,54.44204914900138,1.6263947500290297,6,52.111928203881355,2.755267263071919,6,8.301339276324079e-16,4.103527583376329e-16,6,5.587659291785053e-16,2.557181390409913e-16,6,57.07899331882221,1.478744998968963,6,54.39519727176987,1.6603444099888,6,8.551832891510162e-16,4.1957437830655257e-16,6,5.71547592315245e-16,2.8867416750908936e-16,6,55.786466160784975,1.2951297542587106,6,53.937817429390826,2.7014820547618803,6,1.4716947436097488e-15,6.61295678437911e-16,6,9.500005873249795e-16,4.3606305780817854e-16,6,22.29835597128715,6.2261075963622,6,22.057096704332906,4.6738631912704625,6,1.0314718382609507e-16,2.0216848029914635e-16,2.9870540739659897e-10,5.854625984973339e-10,1.5886826483639177e-16,3.113817990793279e-16,3.942101355509021e-16,7.726518656797681e-16,2.3592371355215247e-16,4.624104785622188e-16,1.4317394677320898e-16,2.806209356754896e-16,3.9670628458973236,7.7754431779587545,2.873434766763378,5.631932142856221,2.2646527784472543e-16,4.4387194457566186e-16,1.4842624940653603e-16,2.9091544883681063e-16,1.911618193093517,3.746771658463293,1.5247888784049108,2.988586201673625,2.5771396857740776e-16,5.051193784117192e-16,1.676637091354192e-16,3.286208699054216e-16,2.1046834887219954,4.125179637895111,2.454944521062168,4.811691261281849,1.728326073304453e-16,3.387519103676728e-16,1.196256373154771e-16,2.3446624913833515e-16,0.6639728763187532,1.3013868375847564,1.1248331499201576,2.204672973843509,1.6752581207846936e-16,3.2835059167379993e-16,1.0439649310408514e-16,2.0461712648400687e-16,0.603695117861066,1.1832424310076894,0.677832766959159,1.3285522232399516,1.7129052266608823e-16,3.3572942442553294e-16,1.1785073538666456e-16,2.3098744135786253e-16,0.5287345081050017,1.0363196358858033,1.1028754305753417,2.1616358439276695,2.6997283021341765e-16,5.291467472182986e-16,1.7802199788463358e-16,3.489231158538818e-16,2.5417977824589397,4.981923653619522,1.9080966576981417,3.7398694490883577
identity,gpu_geometry,20,highdim_poly4,Sparse quartic,693.0,3.0,231,230,5.326926620208515e-16,2.526579687789908e-16,6,1.0449541741156902e-09,7.316758315318396e-10,6,7.688724477267338e-16,3.891461851705031e-16,6,1.257475749768649e-15,6.291881092913946e-16,6,9.731790828002031e-16,4.698375413794493e-16,6,6.496565841341465e-16,3.2124106650004596e-16,6,21.48724541255891,8.282987231086915,6,22.18165804309686,5.094974295333177,6,9.640077584719104e-16,4.662163572156982e-16,6,6.544590024074561e-16,3.3084537602684164e-16,6,22.681072688863818,4.9658380904422135,6,21.419395084443206,4.022418792034589,6,9.917427048244533e-16,4.795535296761408e-16,6,6.6852607782305e-16,3.3580362234216357e-16,6,20.68946660570082,2.3158909718526153,6,20.177631563637636,4.666372644830998,6,8.333746921988254e-16,4.168528091661043e-16,6,5.863959654573207e-16,3.142763760307209e-16,6,33.65253632926286,1.8720785301614558,6,30.72443330864182,3.2384774157939464,6,8.016958025609926e-16,4.0432927904504166e-16,6,5.498372946968211e-16,2.987288486380169e-16,6,36.2812120133931,1.5608144601579563,6,34.695135703344754,3.6216724994506886,6,8.058019080145111e-16,4.0491459841925357e-16,6,5.425577052081942e-16,2.6284024551912664e-16,6,35.91884934704821,1.8490453305947538,6,34.58302376160887,3.0911304811072324,6,1.0975640636537017e-15,5.310335628293353e-16,6,7.400973692123519e-16,3.723912865618655e-16,6,12.249528637357843,2.5743527521890357,6,11.509760670969385,4.469638292422954,6,1.0314718382609507e-16,2.0216848029914635e-16,2.9870540739659897e-10,5.854625984973339e-10,1.5886826483639177e-16,3.113817990793279e-16,2.5686496999840205e-16,5.03455341196868e-16,1.918103730639047e-16,3.7594833120525323e-16,1.3114611622543192e-16,2.5704638780184655e-16,3.3815153770252397,6.62777013896947,2.080014546027095,4.076828510213106,1.9033203081959848e-16,3.7305078040641303e-16,1.3506705917083203e-16,2.6473143597483077e-16,2.027294911143368,3.9734980258410006,1.642145595377838,3.2186053669405625,1.9577690867619589e-16,3.837227410053439e-16,1.3709125475276095e-16,2.686988593154115e-16,0.9454585301595245,1.853098719112668,1.9050386549195903,3.733875763642397,1.7017944671712101e-16,3.3355171556555716e-16,1.2830279324771998e-16,2.5147347476553115e-16,0.7642728595525158,1.4979748047229309,1.3221028687037077,2.591321622659267,1.650667369546245e-16,3.23530804431064e-16,1.219555417687085e-16,2.3903286186666863e-16,0.637199835090763,1.2489116767778954,1.4785416065207295,2.8979415487806297,1.6530569258852188e-16,3.239991574735029e-16,1.073040808982855e-16,2.1031599856063957e-16,0.7548695952054968,1.4795444066027736,1.2619487345127662,2.473419519645022,2.1679354420401057e-16,4.2491534663986074e-16,1.5202810612252013e-16,2.9797508800013945e-16,1.0509751101321148,2.059911215858945,1.824722191873491,3.5764554960720423
identity,gpu_geometry,20,highdim_poly4,Sparse quartic,924.0,4.0,231,230,5.326926620208515e-16,2.526579687789908e-16,6,1.0449541741156902e-09,7.316758315318396e-10,6,7.688724477267338e-16,3.891461851705031e-16,6,1.0676387282553572e-15,5.37459959261583e-16,6,9.15039020815698e-16,4.558109468416613e-16,6,6.008173373215659e-16,2.946635094663138e-16,6,13.723726298229353,6.057483515041695,6,15.322626505514984,4.51333602406527,6,9.102616890199794e-16,4.655521601350596e-16,6,6.067484189652189e-16,2.9077302235521157e-16,6,14.754984376040653,4.2885635552719314,6,14.034485762829098,6.077223937844386,6,9.270041347794167e-16,4.571413992080864e-16,6,6.263888420095535e-16,3.11069876261338e-16,6,12.741210944109783,3.8059532513765784,6,11.985188505001856,4.702275731721038,6,8.181341464748178e-16,4.101655318610676e-16,6,5.503266762176008e-16,2.6923060027640175e-16,6,23.251642831140867,1.726370035477151,6,22.50455062947228,3.4861270494983625,6,8.069636700725293e-16,4.054236750081291e-16,6,5.681942492815041e-16,2.8383581194143906e-16,6,24.343757698733384,1.6589481802736572,6,20.074586210374722,3.9857792205122093,6,8.058296297333955e-16,4.0527512007117314e-16,6,5.463748844588594e-16,2.4977238873168366e-16,6,24.450877372764577,1.6286914072460694,6,22.107863591760033,3.3730850778029624,6,9.624806716488308e-16,4.661068855678239e-16,6,6.43759907610086e-16,3.015522326949111e-16,6,9.167993864958449,3.105402759590472,6,8.7100859464904,4.765318652642906,6,1.0314718382609507e-16,2.0216848029914635e-16,2.9870540739659897e-10,5.854625984973339e-10,1.5886826483639177e-16,3.113817990793279e-16,2.1941710956131872e-16,4.300575347401847e-16,1.8608403982282297e-16,3.64724718052733e-16,1.2029587400170494e-16,2.357799130433417e-16,2.472957289528804,4.846996287476456,1.842561716113615,3.611420963582685,1.900608734968967e-16,3.7251931205391756e-16,1.1870758928952576e-16,2.326668750074705e-16,1.7507987399853926,3.4315655303713695,2.4810162833910367,4.862791915446432,1.8662719472695964e-16,3.657893016648409e-16,1.2699374519849667e-16,2.489077405890535e-16,1.5537739084598694,3.045396860581344,1.9196960287648244,3.7626042163790556,1.6744937718948202e-16,3.2820077929138473e-16,1.0991293230340067e-16,2.1542934731466532e-16,0.7047876156915854,1.3813837267555074,1.4232054082975374,2.7894826002631734,1.655135222356455e-16,3.2440650358186516e-16,1.15875484997515e-16,2.271159505951294e-16,0.6772627585648571,1.32743500678712,1.627187552940498,3.189287603763376,1.6545287493659327e-16,3.242876348757228e-16,1.0196915070478531e-16,1.9985953538137919e-16,0.6649104827013912,1.3032245460947267,1.377056216602226,2.699030184540363,1.9028733920649955e-16,3.7296318484473913e-16,1.231081834832585e-16,2.4129203962718665e-16,1.267775367804573,2.484839720896963,1.9454331934570255,3.81304905917577
identity,iterative_dopt,5,highdim_poly2,Quadratic,42.0,2.0,21,20,1.851014908897101e-15,4.757972172569237e-16,6,2.2594353934109654e-10,2.1041536098969562e-10,6,6.792256547081748e-16,1.8684792646734077e-16,6,5.767542960385511e-14,3.661530787344189e-14,6,1.3420674477296532e-15,3.132912933950784e-16,6,2.313086133690472e-15,5.503886785554653e-16,6,95.39529129612907,5.153443248727881,6,96.29303907121391,3.299436533739063,6,1.1046130170875011e-15,3.652894527861692e-16,6,2.3183355143467764e-15,6.693028288008413e-16,6,97.10766937444258,2.0668595717045775,6,96.45280418540106,3.07398107447829,6,1.8205969082071363e-15,9.029459024072453e-16,6,3.2316452316698048e-15,1.106817019042833e-15,6,96.05104508959751,1.6452417763369636,6,95.7332682831374,2.614293367355058,6,1.2077815562328168e-15,4.3982088227935186e-16,6,2.238830082496541e-15,5.354172653721601e-16,6,96.71962762169026,2.7635428878455754,6,96.48226761656285,3.0597026866170354,6,1.8502487476485755e-15,8.512575657992009e-16,6,3.0573421118262514e-15,1.0799739794475096e-15,6,95.93527219621758,1.8553968765066777,6,95.92373101389978,2.788123166236921,6,2.7408941293344735e-15,2.0965831525724853e-15,6,4.519211771789687e-15,2.830843171709446e-15,6,94.39346336654803,3.307339949100264,6,94.61351748726169,3.1838512769341034,6,2.6932554452602952e-15,1.111228568931105e-15,6,3.4784683052505894e-15,8.288898507212251e-16,6,91.88045636854811,7.995018894007457,6,94.39389177818482,5.020529611427123,6,1.9424340055260235e-16,3.8071706508310057e-16,8.590171141137985e-11,1.6836735436630452e-10,7.628034655700946e-17,1.4950947925173854e-16,1.4948136844140677e-14,2.929834821451573e-14,1.279006349457533e-16,2.5068524449367644e-16,2.2469523711093336e-16,4.4040266473742935e-16,2.103884396295694,4.12361341673956,1.3469893243929865,2.6400990758102534,1.491287946244336e-16,2.9229243746388986e-16,2.732417356605711e-16,5.355538018947194e-16,0.8437918867772659,1.6538320980834411,1.2549475185740309,2.4596971364051003,3.6862612103910804e-16,7.225071972366518e-16,4.518561558805455e-16,8.856380655258692e-16,0.6716671425892947,1.3164675994750177,1.0672807979937182,2.0918703640676877,1.7955612330085335e-16,3.5193000166967255e-16,2.1858318327302084e-16,4.2842303921512083e-16,1.1282116595865235,2.211294852789586,1.2491183911390935,2.4482720466326233,3.4752444598195316e-16,6.811479141246282e-16,4.4089753085490096e-16,8.641591604756059e-16,0.7574626029658424,1.4846267018130512,1.138246516218916,2.230963171789075,8.559264878530537e-16,1.6776159161919854e-15,1.1556868854216813e-15,2.2651462954264953e-15,1.3502158802030226,2.6464231251979244,1.299801840899535,2.5476116081630886,4.536571635807287e-16,8.89168040618228e-16,3.383928645397868e-16,6.632500144979821e-16,3.2639527957048298,6.397347479581466,2.0496226310883254,4.017260356933118
identity,iterative_dopt,5,highdim_poly2,Quadratic,63.0,3.0,21,20,1.851014908897101e-15,4.757972172569237e-16,6,2.2594353934109654e-10,2.1041536098969562e-10,6,6.792256547081748e-16,1.8684792646734077e-16,6,8.826786688724125e-15,4.875683907897062e-15,6,1.0248769581492489e-15,1.533923621014882e-16,6,2.0840429342926388e-15,4.839397180284009e-16,6,81.714031216939,15.239955544800724,6,81.17643368533764,14.185799798374141,6,9.16487092948402e-16,2.9094639982589034e-16,6,2.0898748123656946e-15,5.474762944965687e-16,6,85.73989718829336,8.666920249219627,6,81.9161701250459,12.634486305642245,6,9.834868891284934e-16,3.4086619143686453e-16,6,2.196728126688588e-15,7.216601031102488e-16,6,84.83527387241996,9.174194777662244,6,81.33180735312882,12.638901403422368,6,8.889852942321979e-16,2.477133123468333e-16,6,2.018740000803329e-15,5.025050067341363e-16,6,85.39429030449878,10.441710392175324,6,82.33920478044627,12.368558804052627,6,9.032029879994154e-16,2.7221967581137906e-16,6,2.032825058252864e-15,4.3293559521656623e-16,6,86.2286602393131,7.981108730814199,6,82.4069800854574,12.013661527556556,6,1.0092961365952639e-15,3.357658734618525e-16,6,2.132621613876761e-15,5.965442626226655e-16,6,84.87441721631491,8.212460743293244,6,82.26198492702649,11.089081902852714,6,1.0512087318408803e-15,3.480369987903968e-16,6,2.2121096037710183e-15,5.630000281962011e-16,6,84.63696053507537,7.676697315694094,6,81.12930470126,12.814499753283947,6,1.9424340055260235e-16,3.8071706508310057e-16,8.590171141137985e-11,1.6836735436630452e-10,7.628034655700946e-17,1.4950947925173854e-16,1.9904896202411427e-15,3.90135965567264e-15,6.262216959814641e-17,1.2273945241236697e-16,1.975675625726586e-16,3.8723242264241083e-16,6.221685797910166,12.194504163903925,5.791328516548856,11.351003892435758,1.1877837034553533e-16,2.3280560587724925e-16,2.2350626129771464e-16,4.380722721435207e-16,3.5382553753305506,6.934980535647879,5.158007435167535,10.109694572928369,1.3915803993102783e-16,2.7274975826481454e-16,2.946165033907342e-16,5.77448346645839e-16,3.7453493343631115,7.340884695351698,5.159809891288502,10.113227386925463,1.0112853629073564e-16,1.9821193112984186e-16,2.0514680994874314e-16,4.0208774749953655e-16,4.262810417124329,8.355108417563684,5.049442987256247,9.896908255022245,1.1113321728062252e-16,2.1782110587002013e-16,1.7674521662811818e-16,3.464206245911116e-16,3.2582739953611086,6.386217030907773,4.904556780836446,9.612931290439434,1.3707584383690704e-16,2.686686539203378e-16,2.4353817540172894e-16,4.773348237873887e-16,3.352723058951053,6.571337195544064,4.527098729653382,8.873113510120628,1.4208550977435307e-16,2.7848759915773203e-16,2.2984379904220577e-16,4.504938461227234e-16,3.13399855554064,6.142637168859655,5.231497617427766,10.25373533015842
identity,iterative_dopt,5,highdim_poly2,Quadratic,84.0,4.0,21,20,1.851014908897101e-15,4.757972172569237e-16,6,2.2594353934109654e-10,2.1041536098969562e-10,6,6.792256547081748e-16,1.8684792646734077e-16,6,3.4048371834170816e-15,1.7259191696885522e-15,6,9.215563412714955e-16,2.453836126049877e-16,6,2.0201308357076546e-15,4.889054644268658e-16,6,65.87355520981326,17.66895272639547,6,61.617027094003966,20.637025046949017,6,8.458430543943506e-16,2.6429446275851754e-16,6,2.006455931256875e-15,5.783979907371692e-16,6,69.94262390763272,14.001326863939958,6,62.572501121625805,19.209126805420357,6,8.634986955926377e-16,2.8213348159282724e-16,6,2.0409618739786795e-15,6.319445389432916e-16,6,69.26232381206614,14.876608707928115,6,62.30088124200245,18.78653173873721,6,8.052768858022812e-16,2.2355317020695256e-16,6,1.932169696068808e-15,4.905909657155564e-16,6,70.61151519013323,15.301546498572108,6,63.514524361737635,19.32469855425059,6,8.071502255659755e-16,2.25809909691055e-16,6,1.9745011899769943e-15,5.351077278361139e-16,6,71.19030796720669,13.553905099354807,6,63.485493811132905,18.28231210826005,6,8.331827220152928e-16,2.393966017082603e-16,6,1.9767802415665903e-15,5.02683494670292e-16,6,70.59451717515658,13.090119148197923,6,63.53769442306398,17.679465516608797,6,1.232357719244847e-15,3.9440053517046447e-16,6,2.2655832518741e-15,6.072058466319771e-16,6,58.156085166629055,14.216604711791268,6,58.848856161198746,18.550588541426304,6,1.9424340055260235e-16,3.8071706508310057e-16,8.590171141137985e-11,1.6836735436630452e-10,7.628034655700946e-17,1.4950947925173854e-16,7.046035505041614e-16,1.3810229589881563e-15,1.0017744035383307e-16,1.9634778309351282e-16,1.99594820050709e-16,3.912058472993896e-16,7.213319744837763,14.138106699882016,8.42503019567686,16.513059183526643,1.078977626002299e-16,2.114796146964506e-16,2.361299909261826e-16,4.628147822153179e-16,5.716017756429249,11.203394802601327,7.842093179616428,15.370502632048199,1.151805115428895e-16,2.257538026240634e-16,2.5799027769157293e-16,5.05660944275483e-16,6.073350072911472,11.903766142906484,7.669569466084571,15.03235615352576,9.126519956476539e-17,1.7887979114694015e-16,2.0028292307039154e-16,3.925545292179674e-16,6.246830199495372,12.243787191010929,7.889275148502288,15.462979291064485,9.21865096011725e-17,1.806855588182981e-16,2.1845681510309558e-16,4.2817535760206735e-16,5.533358585921036,10.84538282840523,7.463722663923949,14.628896421290941,9.77332533902556e-17,1.9155717664490095e-16,2.0521967734354713e-16,4.022305675933524e-16,5.344018764220081,10.474276777871358,7.217611573470359,14.146518684001903,1.6101334424137482e-16,3.1558615471309466e-16,2.478907488471673e-16,4.858658677404479e-16,5.803904569789285,11.375652956786999,7.5732460591358155,14.843562275906198
identity,iterative_dopt,5,highdim_smooth,Smooth,42.0,2.0,21,20,2.0720396693819075e-15,3.5642880774355905e-16,6,8.921281560714256e-10,3.4403623848173737e-10,6,8.318183629139958e-16,1.4969147368957424e-16,6,1.1516479549779702e-13,2.0460091674944198e-14,6,2.06223548397854e-15,4.998932186084805e-16,6,2.858941574093127e-15,3.644106753704417e-16,6,98.2024016737817,0.31823210833088456,6,98.61800916453952,0.23956109316393515,6,1.7294377764837789e-15,3.1159097465538806e-16,6,2.9941898076398874e-15,4.174555269962597e-16,6,98.48064040214598,0.22518328161694823,6,98.54773269672978,0.27848830348219006,6,3.315826000840318e-15,1.2619822042672068e-15,6,5.121914012185608e-15,1.853672551547653e-15,6,97.11732533113111,0.9299115556595157,6,97.54393044671095,0.8831404273412676,6,1.855284082141228e-15,4.159320752658352e-16,6,2.9276461005073516e-15,5.309950930925327e-16,6,98.37331167545149,0.33865455347798795,6,98.5795021028249,0.32032407827444626,6,3.5404694679187035e-15,9.452673602461607e-16,6,4.915703636822598e-15,1.2999836234943736e-15,6,96.89135455280717,0.7915285156226648,6,97.60037992007007,0.7958067247288815,6,4.8604404252234485e-15,2.030769416001666e-15,6,6.979269841025982e-15,2.1046811513092045e-15,6,95.82638622469248,1.3333517536707093,6,96.66399436713418,0.8888002857288542,6,5.468226025129872e-15,2.3765694204939523e-15,6,6.868322876203507e-15,2.7018708369859843e-15,6,95.15592064742818,2.020943892649937,6,96.6810344077363,1.3371141781961349,6,1.455114514333809e-16,2.8520244480942657e-16,1.4045220621778718e-10,2.7528632418686285e-10,6.111128823078503e-17,1.1977812493233865e-16,8.352797449029886e-15,1.6371483000098575e-14,2.0408055191139033e-16,3.9999788174632503e-16,1.4877003524676458e-16,2.915892690836586e-16,0.1299177141967945,0.2546387198257172,0.09780040674583075,0.19168879722182827,1.2720648272703105e-16,2.493247061449809e-16,1.7042550524091406e-16,3.3403399027219157e-16,0.09193068976116175,0.18018415193187703,0.11369237381078558,0.22283705266913972,5.152020774879048e-16,1.0097960718762933e-15,7.567586502491165e-16,1.4832469544882682e-15,0.3796348028805887,0.7440842136459539,0.360540569701598,0.706659516615132,1.6980355867636404e-16,3.328149750056735e-16,2.1677783899972628e-16,4.248845644394635e-16,0.13825514251519147,0.2709800793297753,0.13077175734995533,0.25631264440591245,3.8590378385178364e-16,7.563714163494959e-16,5.307160919225962e-16,1.0402035401682885e-15,0.32314016335635204,0.63335472017845,0.3248867349102119,0.6367780004240153,8.290581424089777e-16,1.6249539591215963e-15,8.592324819934979e-16,1.6840956647072558e-15,0.544338574023061,1.0669036050851994,0.36285119721259773,0.7111883465366915,9.702304030853497e-16,1.9016515900472853e-15,1.1030341502536948e-15,2.1619469344972417e-15,0.8250468892977215,1.6170919030235342,0.5458745774035653,1.069914171710988
identity,iterative_dopt,5,highdim_smooth,Smooth,63.0,3.0,21,20,2.0720396693819075e-15,3.5642880774355905e-16,6,8.921281560714256e-10,3.4403623848173737e-10,6,8.318183629139958e-16,1.4969147368957424e-16,6,1.546245299456809e-14,1.9157964039725094e-15,6,1.228194476307429e-15,2.316543214695851e-16,6,2.397520935260697e-15,4.0410381637336735e-16,6,92.08919500186225,0.7581386674088104,6,91.23092229752503,1.4160594673140252,6,1.149644677687998e-15,1.5946853343565061e-16,6,2.4556518295417535e-15,4.01537460803873e-16,6,92.5377310668721,0.8787449717354539,6,91.01535651690655,1.3736371084435675,6,1.3650680778259674e-15,2.3170216447936107e-16,6,2.6914890297321538e-15,2.5884125876405824e-16,6,91.12335101726627,1.541021462751158,6,90.0752718258891,1.5139623028381026,6,1.1207038876630455e-15,2.208511712238506e-16,6,2.3863216487724518e-15,4.723589372109051e-16,6,92.74839614676529,1.227416446583569,6,91.3072871207358,1.502870439779185,6,1.4583304541120364e-15,3.241562697535554e-16,6,2.632014509248155e-15,4.705435074213013e-16,6,90.63361065389375,1.3089047690899347,6,90.38158201179782,1.5914492652185823,6,1.5333184730005558e-15,3.6581472542541933e-16,6,2.7514766121588864e-15,5.022023056863285e-16,6,90.14228667046137,1.7571952623170042,6,90.00855397545466,1.2942516998703988,6,2.69691272958532e-15,1.8219661566706747e-15,6,3.4118041926677414e-15,8.174082606624567e-16,6,82.10672951758343,12.743228527776413,6,87.37510390441071,3.603461016795953,6,1.455114514333809e-16,2.8520244480942657e-16,1.4045220621778718e-10,2.7528632418686285e-10,6.111128823078503e-17,1.1977812493233865e-16,7.821206067985934e-16,1.532956389325243e-15,9.457248071852428e-17,1.8536206220830758e-16,1.6497469220435006e-16,3.233503967205261e-16,0.3095088149041981,0.6066372772122283,0.5781038567261193,1.1330835591831938,6.510275615788375e-17,1.2760140206945215e-16,1.6392698193038157e-16,3.212968845835479e-16,0.3587461324647147,0.7031424196308408,0.5607850012398105,1.0991386024300285,9.459201254547598e-17,1.8540034458913292e-16,1.0567150139194119e-16,2.0711614272820472e-16,0.6291193777362819,1.2330739803631126,0.6180725219603888,1.211422143042362,9.016211309907891e-17,1.7671774167419467e-16,1.9283972860167923e-16,3.779658680592913e-16,0.5010906660049715,0.9821377053697442,0.6135442878285263,1.2025468041439116,1.3233624297003183e-16,2.593790362212624e-16,1.920985824936163e-16,3.7651322168748795e-16,0.5343581343609632,1.047341943347488,0.6497064418854572,1.2734246260954962,1.493432362814349e-16,2.927127431116124e-16,2.05023232763454e-16,4.018455362163698e-16,0.7173719618521164,1.4060490452301482,0.5283760439020391,1.0356170460479965,7.438145687438178e-16,1.457876554737883e-15,3.337055250264877e-16,6.540628290519159e-16,5.202401261455051,10.1967064724519,1.4711067998601215,2.883369327725838
identity,iterative_dopt,5,highdim_smooth,Smooth,84.0,4.0,21,20,2.0720396693819075e-15,3.5642880774355905e-16,6,8.921281560714256e-10,3.4403623848173737e-10,6,8.318183629139958e-16,1.4969147368957424e-16,6,6.560667687293258e-15,1.268998087940302e-15,6,1.046202272636279e-15,1.9795605045599174e-16,6,2.232192167934291e-15,3.704950674901346e-16,6,83.60628638486493,3.963309722358031,6,79.84507537329603,4.544007886719792,6,1.0174942801392388e-15,1.5583332689628202e-16,6,2.270780637434711e-15,3.2447818969765385e-16,6,84.13042548027732,3.035131160360845,6,79.46095625486028,4.536348821622452,6,1.133297059591711e-15,1.4024945354889548e-16,6,2.4187602334751266e-15,2.7408095838327605e-16,6,82.38891271416698,2.8896039408430245,6,78.22341567217033,4.04603035732064,6,9.96311375606818e-16,1.8579941780849834e-16,6,2.2055459135069715e-15,4.478206323813873e-16,6,84.4007219155601,3.561018323271806,6,80.06131086549645,5.062837667151433,6,1.117306357360695e-15,2.317742391250479e-16,6,2.3432222569747317e-15,3.531491157066294e-16,6,82.54839156267016,4.079707086632073,6,78.82665816010866,4.6106274726626655,6,1.1674275077771998e-15,2.055972407252657e-16,6,2.3856422734110707e-15,4.180770763371118e-16,6,81.76868457566816,3.863237424440695,6,78.32888984785534,5.429370467125907,6,1.251928799564343e-15,2.614218421578727e-16,6,2.49994159984327e-15,4.704245803966471e-16,6,80.30220355005677,5.520333740779885,6,77.48439028653806,4.922477697775133,6,1.455114514333809e-16,2.8520244480942657e-16,1.4045220621778718e-10,2.7528632418686285e-10,6.111128823078503e-17,1.1977812493233865e-16,5.180663000035393e-16,1.0154099480069369e-15,8.081521918563685e-17,1.5839782960384822e-16,1.51253977928141e-16,2.9645779673915637e-16,1.6180144187314738,3.1713082607136887,1.8550834516076664,3.6359635651510263,6.361868930270346e-17,1.2469263103329878e-16,1.3246766623687625e-16,2.5963662582427744e-16,1.239087107550916,2.4286107307997953,1.8519566513751258,3.6298350366952463,5.725659964982755e-17,1.12222935313662e-16,1.1189308270866965e-16,2.1931044210899252e-16,1.1796758689668063,2.31216470317494,1.6517849765410442,3.2374985540204464,7.585229468950049e-17,1.4867049759142096e-16,1.8282200760414743e-16,3.5833113490412894e-16,1.4537796427862069,2.849408099860965,2.066894822510625,4.0511138521208245,9.46214368963634e-17,1.8545801631687225e-16,1.4417252276605643e-16,2.825781446214706e-16,1.665533443710851,3.264445549673268,1.8822807836802546,3.689270336013299,8.393472205017704e-17,1.64512055218347e-16,1.7067925169675587e-16,3.345313333256415e-16,1.577160074183931,3.0912337454005043,2.216531211499137,4.344401174538309,1.0672502015086537e-16,2.091810394956961e-16,1.9205003073911127e-16,3.764180602486581e-16,2.2536668124633703,4.417186952428206,2.0095931049631908,3.938802485727854
identity,iterative_dopt,5,highdim_strong,Strong nonlinear,42.0,2.0,21,20,2.0905561053591653e-15,2.500836454143739e-16,6,8.346796633492323e-10,8.486843322041703e-10,6,8.307062901786588e-16,6.156781533649306e-17,6,1.0244419738573638e-13,2.918773446586552e-14,6,2.344969161405623e-15,1.1104282114832008e-15,6,2.831019265236661e-15,3.0172635366916714e-16,6,97.55865927991265,1.127637025592633,6,98.32705017113904,0.5801847050960199,6,2.1212427347883388e-15,6.555038554360542e-16,6,3.2454505896575766e-15,3.78571557899781e-16,6,97.78437276965433,0.8666941725882777,6,98.07475889200397,0.678234778007704,6,3.1298244438914434e-15,9.291099837857626e-16,6,4.843347111989517e-15,1.4148580982720513e-15,6,96.80741177482423,0.9612043986932073,6,97.22648668419406,0.8521451075377596,6,1.7167047674840214e-15,3.7536504509492637e-16,6,2.874625455950251e-15,2.650111649658936e-16,6,98.22379087946483,0.5332867125740368,6,98.31339241632544,0.5423462920527009,6,3.3106355218620653e-15,1.0131773170827156e-15,6,4.93354865234431e-15,1.1002385389063177e-15,6,96.65178623322434,1.0076906683071365,6,97.15035436760267,0.8928116638757244,6,4.2562600375453775e-15,1.1031481167707146e-15,6,6.2093463211003455e-15,1.3825452568491324e-15,6,95.782727238877,0.49392954152030605,6,96.49564395396975,0.6723376360974299,6,5.2499162956397975e-15,1.948651282250581e-15,6,6.043650481525149e-15,2.2796433735206688e-15,6,94.5257706324162,2.6155456945108657,6,96.62593506642743,1.0715993622219941,6,1.0209622071338904e-16,2.001085925982425e-16,3.4647392776581776e-10,6.790888984210028e-10,2.5134955358718103e-17,4.926451250308748e-17,1.1915842698202775e-14,2.335505168847744e-14,4.533304190208617e-16,8.88527621280889e-16,1.2317926807333242e-16,2.414313654237315e-16,0.46035588796194776,0.9022975404054177,0.23685941400873067,0.46424445145711213,2.6760832837424034e-16,5.245123236135111e-16,1.5455119133082696e-16,3.0292033500842083e-16,0.3538264143141567,0.6934997720557471,0.2768881886547828,0.5427008497633743,3.7930756253344513e-16,7.434428225655525e-16,5.776133998685173e-16,1.132122263742294e-15,0.39241005255284733,0.7691237030035808,0.3478867833794351,0.6818580954236928,1.5324213795989455e-16,3.0035459040139333e-16,1.0819035505116285e-16,2.120530959002792e-16,0.21771338873544402,0.4267182419214703,0.22141194656993013,0.43396741527706306,4.1362790763578195e-16,8.107106989661326e-16,4.491705026109627e-16,8.803741851174869e-16,0.41138799265277615,0.8063204655994413,0.3644888354834616,0.7143981175475848,4.503583328000742e-16,8.827023322881454e-16,5.644217375975807e-16,1.1062666056912582e-15,0.2016458909352646,0.39522594623311863,0.27448069055129065,0.5379821534805297,7.955335546890144e-16,1.5592457671904684e-15,9.306605101070866e-16,1.8240945998098896e-15,1.0677920584141782,2.0928724344917895,0.4374786076892951,0.8574580710710183
identity,iterative_dopt,5,highdim_strong,Strong nonlinear,63.0,3.0,21,20,2.0905561053591653e-15,2.500836454143739e-16,6,8.346796633492323e-10,8.486843322041703e-10,6,8.307062901786588e-16,6.156781533649306e-17,6,1.489505636720283e-14,3.0667367973280867e-15,6,1.3658559335826455e-15,2.5042754007137787e-16,6,2.586832935744542e-15,2.68092517261493e-16,6,90.6725806796931,1.562359390100802,6,89.93536122668415,2.4254458896444993,6,1.411226601183546e-15,3.054248125404554e-16,6,2.6498051457707676e-15,3.3347322089393386e-16,6,90.36511422699999,1.8104373768169135,6,89.6914155613877,2.5449572393568456,6,1.5087105556309457e-15,1.9212988297728045e-16,6,2.8364933881999668e-15,2.6754557055165934e-16,6,89.57817245604646,2.066512836536839,6,88.99353111128967,2.4240328460660425,6,1.2330366220236056e-15,3.008636645098185e-16,6,2.3862532387786405e-15,2.9259942888258614e-16,6,91.42968417522896,2.5338753541129746,6,90.75413509104506,2.0438294446162697,6,1.3267202623239777e-15,1.4098258104083235e-16,6,2.60737881715061e-15,2.0487211251202328e-16,6,90.89770308706126,1.2216842656566314,6,89.91732422528327,1.9342976350478456,6,1.4088084880770825e-15,1.8250588289549089e-16,6,2.714912298438831e-15,2.625424396930112e-16,6,90.33482540271667,1.466824311741057,6,89.48791965129332,2.1891442952340685,6,1.7936566540872582e-15,5.576738681886743e-16,6,2.963974616312955e-15,5.1727528572395e-16,6,87.77934239509618,3.4176498119942975,6,88.60010055730464,2.4860536355465186,6,1.0209622071338904e-16,2.001085925982425e-16,3.4647392776581776e-10,6.790888984210028e-10,2.5134955358718103e-17,4.926451250308748e-17,1.251990054811814e-15,2.453900507431155e-15,1.0223661511921058e-16,2.0038376563365275e-16,1.0944831185815822e-16,2.145186912419901e-16,0.6378305500988161,1.2501478781936795,0.9901841380599703,1.9407609105975419,1.2468915758488677e-16,2.4439074886637806e-16,1.3613987234542668e-16,2.668341497970363e-16,0.7391079640773855,1.4486516095916757,1.0389744422710645,2.0363899068512863,7.84366962724968e-17,1.5373592469409372e-16,1.0922502179889379e-16,2.1408104272583183e-16,0.8436503327377929,1.653554652166074,0.9896072654347143,1.93963024025204,1.2282707669882663e-16,2.4074107032970017e-16,1.1945321663201848e-16,2.3412830459875623e-16,1.0344502815651375,2.0275225518676696,0.8343898767642988,1.6354041584580254,5.755589769510283e-17,1.1280955948240155e-16,8.363868969675371e-17,1.6393183180563728e-16,0.49875051294091965,0.9775510053642025,0.7896737027565762,1.5477604574028894,7.450771469168214e-17,1.46035120795697e-16,1.0718250217888368e-16,2.10077704270612e-16,0.598828517679119,1.1737038946510734,0.8937144161080268,1.7516802555717326,2.27669403324396e-16,4.462320305158161e-16,2.111767510960089e-16,4.1390643214817746e-16,1.395249693150815,2.7346893985755973,1.0149271467133378,1.989257207558142
identity,iterative_dopt,5,highdim_strong,Strong nonlinear,84.0,4.0,21,20,2.0905561053591653e-15,2.500836454143739e-16,6,8.346796633492323e-10,8.486843322041703e-10,6,8.307062901786588e-16,6.156781533649306e-17,6,6.065039032940821e-15,1.7750306549344635e-15,6,1.2637964053321976e-15,2.1879037284285212e-16,6,2.386933920606825e-15,2.1714035629580218e-16,6,77.3516285099184,7.891904900658729,6,76.42884697085513,6.5602794700964875,6,1.1889180454248795e-15,1.811003099578821e-16,6,2.433973498791083e-15,2.363081209232383e-16,6,79.04059914230731,6.386866989353752,6,76.06869797893735,6.371793819344441,6,1.2558820052618841e-15,1.5104089816361824e-16,6,2.5280545646611816e-15,2.0395813629266518e-16,6,77.86962668028922,6.1756612003966955,6,75.17264900707444,6.207046373073216,6,1.0438716982861636e-15,1.4062224909547662e-16,6,2.3387176539805404e-15,2.6697041958102774e-16,6,81.40574415315866,6.140826435773472,6,76.84563425078832,6.904802869166868,6,1.1044723285799034e-15,7.482441019212688e-17,6,2.350873375234592e-15,1.058954157185481e-16,6,80.66739151275233,4.741120277123981,6,76.96509308631137,5.377166762243974,6,1.142899059745321e-15,1.2156390379924524e-16,6,2.4205301351579626e-15,2.515451183907434e-16,6,79.9739755760524,5.128293036587216,6,76.0590426533242,6.749664308965771,6,1.4257271586823655e-15,2.589135682163192e-16,6,2.711077291438356e-15,2.434957692726605e-16,6,75.81411374528741,3.2432089574142244,6,73.30274607526341,6.9639390523485005,6,1.0209622071338904e-16,2.001085925982425e-16,3.4647392776581776e-10,6.790888984210028e-10,2.5134955358718103e-17,4.926451250308748e-17,7.246532303979459e-16,1.420320331579974e-15,8.932079568304559e-17,1.7506875953876935e-16,8.864717924847536e-17,1.737484713270117e-16,3.2218566841973093,6.314839101026726,2.6782228786320683,5.249316842118854,7.393389194278108e-17,1.449104282078509e-16,9.647238638963987e-17,1.8908587732369416e-16,2.6074275298237493,5.110557958454549,2.6012739339355764,5.098496910513729,6.166218846542358e-17,1.2085788939223022e-16,8.326556046767614e-17,1.6320049851664523e-16,2.5212031275459594,4.941558129990081,2.534016070637062,4.966671498448641,5.740879279441184e-17,1.125212338770472e-16,1.089902173983748e-16,2.136208261008146e-16,2.5069818944398174,4.913684513102042,2.8188739673273506,5.524992975961607,3.054693754590265e-17,5.98719975899692e-17,4.323162243505735e-17,8.473397997271241e-17,1.9355542480194219,3.793686326118067,2.195219138225208,4.302629510921408,4.962825590815538e-17,9.727138157998453e-17,1.0269286455755103e-16,2.0127801453280001e-16,2.093616865184464,4.10348905576155,2.7555389153402277,5.400856274066846,1.057010216022111e-16,2.0717400234033376e-16,9.94067315407469e-17,1.948371938198639e-16,1.3240345124814448,2.595107644463632,2.84301621301581,5.572311777510987
identity,iterative_dopt,10,highdim_poly2,Quadratic,132.0,2.0,66,65,4.809564983246661e-16,7.534418432595128e-17,6,5.883061676703605e-10,4.303378192289206e-10,6,3.395431033612858e-16,5.894552208715212e-17,6,4.785853824241887e-15,2.1417204723626305e-15,6,6.880615782694672e-16,2.8374507882507823e-16,6,6.638279186936535e-16,1.3450575270767034e-16,6,84.7126396559543,4.65691928038352,6,85.99672182319568,4.881664440481047,6,5.492477929668577e-16,8.389257190401142e-17,6,6.398703195415544e-16,1.3676157517203426e-16,6,87.04679796810332,4.082832510961948,6,86.75842567088955,3.987432205997348,6,7.86672715581346e-16,1.4498077016731225e-16,6,9.04721620232718e-16,1.5704215772744227e-16,6,81.45975811519916,6.428428759031264,6,80.85800280558927,6.880014399624819,6,5.065842381011072e-16,9.79536511684397e-17,6,5.830912586984987e-16,1.0683945651071408e-16,6,88.26089990398502,3.3762242061968952,6,87.56263851678966,4.696874517082477,6,7.079798557814493e-16,1.8288369059505753e-16,6,7.491912291357122e-16,2.1082490215934543e-16,6,84.01577773806393,3.798675349727142,6,85.05281376583513,3.5703245974536304,6,1.0894920573148884e-15,3.3911399312124263e-16,6,1.1591378492952517e-15,3.770158706484106e-16,6,76.15473724210464,3.3059264111522633,6,77.3536485628058,4.0527117105869515,6,1.1849853618340146e-15,4.983975583174414e-16,6,1.234933599021086e-15,4.78403700803305e-16,6,74.01524056714995,9.4980589728325,6,75.04684681587689,10.856201936152287,6,3.0759134447463797e-17,6.028790351702903e-17,1.7568467902215376e-10,3.4434197088342136e-10,2.4064408622579733e-17,4.716624090025628e-17,8.743537214935012e-16,1.7137332941272622e-15,1.1583844335787227e-16,2.2704334898142963e-16,5.491174360046153e-17,1.076270174569046e-16,1.9011793350447754,3.7263114966877597,1.992931162444618,3.906145078391451,3.424899906242937e-17,6.712803816236156e-17,5.583267926512808e-17,1.0943205135965104e-16,1.6668093928504968,3.2669464099869736,1.6278623814389677,3.1906102676203765,5.918815157093946e-17,1.1600877707904135e-16,6.411219242298465e-17,1.256598971490499e-16,2.624395051243246,5.143814300436762,2.8087541170135935,5.505158069346643,3.998941063420909e-17,7.83792448430498e-17,4.361702547458727e-17,8.548936993019105e-17,1.3783377604025955,2.7015420103890873,1.9174909921222034,3.7582823445595186,7.466195403915431e-17,1.4633742991674243e-16,8.606890589376396e-17,1.6869505555177735e-16,1.550802717553323,3.039573326404513,1.4575789133115247,2.856854670090588,1.3844270796412152e-16,2.7134770760967817e-16,1.5391608466995855e-16,3.016755259531188e-16,1.3496388057522455,2.645292059274401,1.654512627590001,3.242844750076402,2.0346995115445893e-16,3.9880110426273946e-16,1.953074930045347e-16,3.82802686288888e-16,3.877566338383823,7.600030023232293,4.432025881364651,8.686770727474716
identity,iterative_dopt,10,highdim_poly2,Quadratic,198.0,3.0,66,65,4.809564983246661e-16,7.534418432595128e-17,6,5.883061676703605e-10,4.303378192289206e-10,6,3.395431033612858e-16,5.894552208715212e-17,6,1.1789649989373356e-15,3.711039509812869e-16,6,4.701258608996801e-16,8.420876442139674e-17,6,5.614978491415219e-16,9.876010716125912e-17,6,58.50380544902081,6.797692134897714,6,57.12678591066736,9.065497230685782,6,4.329980271480874e-16,7.353401733906276e-17,6,5.544628388811873e-16,1.0648120143661656e-16,6,61.12698356023838,9.323252220548572,6,57.398357024620104,10.507580564927576,6,4.818031342025732e-16,1.0276577024700957e-16,6,6.165060320988085e-16,1.410941494502598e-16,6,57.18726299912859,9.669288126032454,6,52.72625645385932,12.601460312097844,6,4.125470923434558e-16,7.435476692901024e-17,6,5.248824543130624e-16,1.0016248363642616e-16,6,63.602598969113046,6.0337762693025665,6,59.95368851764463,8.730408115138841,6,3.9831796071063026e-16,7.950474530232165e-17,6,5.097529352699879e-16,1.1373126010594973e-16,6,64.50842903840508,8.092319666840172,6,61.19924138845897,8.82968972069856,6,4.24596403143734e-16,8.10562766830098e-17,6,5.437384188944554e-16,9.847523421436883e-17,6,62.34701917789253,7.566510721675584,6,58.22281304329656,9.985940830596936,6,5.181383996824054e-16,1.4671908473392534e-16,6,6.297496503634957e-16,1.7357447393396807e-16,6,54.46870216465436,10.591772835036041,6,52.1291832875205,12.766411443830505,6,3.0759134447463797e-17,6.028790351702903e-17,1.7568467902215376e-10,3.4434197088342136e-10,2.4064408622579733e-17,4.716624090025628e-17,1.515025535724956e-16,2.9694500500209135e-16,3.437808411710939e-17,6.73810448695344e-17,4.031864491461195e-17,7.902454403263942e-17,2.7751461931716395,5.439286538616413,3.7009737466323553,7.253908543399416,3.0020136869612436e-17,5.883946826444038e-17,4.3470768453036946e-17,8.520270616795242e-17,3.8062017806023696,7.460155489980644,4.289701802542996,8.407815532984271,4.195395002154378e-17,8.222974204222581e-17,5.760144530752136e-17,1.1289883280274187e-16,3.9474703474552792,7.737041881012347,5.144524629762163,10.08326827433384,3.035520648660741e-17,5.949620471375053e-17,4.089116271318564e-17,8.014667891784385e-17,2.463278846984198,4.828026540089028,3.564174188057269,6.9857814085922465,3.245767635343766e-17,6.361704565273782e-17,4.643059251055493e-17,9.100396132068766e-17,3.303675669874598,6.4752043129542125,3.6047057338015316,7.065223238251002,3.3091086387204636e-17,6.485852931892109e-17,4.0202346021044593e-17,7.87965982012474e-17,3.089015066900548,6.054469531125074,4.076743272764488,7.9904168146183965,5.989781552104769e-17,1.1739971842125348e-16,7.086148225170682e-17,1.3888850521334536e-16,4.324073152885048,8.475183379654695,5.211865647302101,10.215256668712119
identity,iterative_dopt,10,highdim_poly2,Quadratic,264.0,4.0,66,65,4.809564983246661e-16,7.534418432595128e-17,6,5.883061676703605e-10,4.303378192289206e-10,6,3.395431033612858e-16,5.894552208715212e-17,6,7.052553193857804e-16,1.5632478643064007e-16,6,4.218550995772883e-16,7.678236168071505e-17,6,5.395924046057633e-16,1.1393209135626526e-16,6,39.23596031699906,7.82705634402457,6,36.34733018992637,8.1425104460329,6,4.081037038357865e-16,7.346880283887333e-17,6,5.288262590964629e-16,9.067920413268951e-17,6,41.0507503414135,8.631141384705396,6,37.13969783553992,8.76861865997746,6,4.113391180809379e-16,8.049829458452387e-17,6,5.541955160033174e-16,1.2489475865037259e-16,6,40.7098386572605,8.747469749590271,6,34.46914218631098,10.442314632064024,6,3.840736921573586e-16,6.721217648331077e-17,6,4.94759211899539e-16,9.741587644388558e-17,6,44.67982928290645,6.706774098554132,6,41.23786839117084,9.22868634831947,6,3.677102613255423e-16,7.022076517838222e-17,6,4.846490023743901e-16,8.995025512794921e-17,6,46.91952136455697,8.127466893627176,6,42.32672642940269,9.213308456108031,6,3.806465703183691e-16,6.947613116133554e-17,6,5.036667433968764e-16,1.0063216881098368e-16,6,45.11451423639861,7.51730799879945,6,40.44041688721975,7.731462667617147,6,4.3880106838608856e-16,8.359267075396498e-17,6,5.724740466604314e-16,9.935775716651868e-17,6,36.390407201554275,11.330547762804317,6,31.49875110551754,12.582811928231752,6,3.0759134447463797e-17,6.028790351702903e-17,1.7568467902215376e-10,3.4434197088342136e-10,2.4064408622579733e-17,4.716624090025628e-17,6.38193268174373e-17,1.2508588056217712e-16,3.1346267893929946e-17,6.14386850721027e-17,4.651258152516796e-17,9.11646597893292e-17,3.195382371812365,6.262949448752235,3.324165969677078,6.515365300567073,2.9993513161396647e-17,5.878728579633743e-17,3.701963006779416e-17,7.255847493287655e-17,3.5236487150578775,6.90635148151344,3.5797735776653274,7.016356212224042,3.2863291149388315e-17,6.441205065280109e-17,5.098807170691138e-17,9.993662054554631e-17,3.5711395711545846,6.999433559462986,4.2630570970259205,8.355591910170803,2.743925614766708e-17,5.378094204942748e-17,3.97698650222552e-17,7.794893544362019e-17,2.7380290602620407,5.3665369581136,3.767595424928615,7.384487032860085,2.86675073391389e-17,5.618831438471225e-17,3.6722037882773595e-17,7.197519425023624e-17,3.318024465124938,6.503327951644878,3.761317426722357,7.372182156375819,2.8363511774658356e-17,5.559248307833038e-17,4.1082910882754964e-17,8.052250533019973e-17,3.068928139400199,6.01509915322439,3.1563564168398783,6.186458577006161,3.4126564930614767e-17,6.688806726400494e-17,4.0562634507554886e-17,7.950276363480758e-17,4.625676754184011,9.066326438200662,5.1369114589289175,10.068346459500678
identity,iterative_dopt,10,highdim_smooth,Smooth,132.0,2.0,66,65,7.112643274032383e-16,1.7030534430122556e-16,6,9.664595373992668e-10,7.492494998380095e-10,6,5.475261019363947e-16,8.68962547123445e-17,6,1.1802064260831423e-14,2.4936102763511667e-15,6,1.5425282708392525e-15,1.2823999169015588e-15,6,1.151661062973368e-15,3.637854619717312e-16,6,87.15975414587676,9.079411606168605,6,90.82038603648651,2.0872795349691233,6,9.52444900717604e-16,1.32129116824765e-16,6,1.0483688114341161e-15,1.8000681689679985e-16,6,91.77394145696445,1.2026217318672956,6,91.56327167551831,1.3695811319270488,6,1.7904592669877773e-15,5.685474778819678e-16,6,1.8450956028353246e-15,6.182380185112757e-16,6,84.80301302543894,3.4296065927869814,6,85.57337594794626,2.398878648293824,6,9.937184494927084e-16,2.5085884190621553e-16,6,1.0186224998888232e-15,2.0815499802522505e-16,6,91.62959211412368,0.8540249954200352,6,91.88877047995915,1.121249937943586,6,1.7474266142436785e-15,3.774457321553865e-16,6,1.6837443660198725e-15,3.4390343880968586e-16,6,84.89701478670538,3.454509350443086,6,86.44207058505339,3.034014688453329,6,2.2959544917795185e-15,8.526583572045754e-16,6,2.318613799011359e-15,9.064358833311136e-16,6,80.47580571076344,6.145111324156251,6,81.68187429993792,5.586797598338245,6,2.239486402562571e-15,8.182906646153823e-16,6,2.2088356297109774e-15,6.981657485742926e-16,6,81.27836207231198,4.359537607624847,6,82.73299964633827,2.535854111458503,6,6.952686566783494e-17,1.3627265670895647e-16,3.0587982743977183e-10,5.995244617819527e-10,3.547524743402704e-17,6.9531484970693e-17,1.018012132403485e-15,1.9953037795108305e-15,5.235375737660614e-16,1.0261336445814802e-15,1.4851479294556592e-16,2.9108899417330917e-16,3.70665426663609,7.265042362606736,0.8521283018713517,1.6701714716678493,5.3941486064210356e-17,1.057253126858523e-16,7.348747526996016e-17,1.4403545152912191e-16,0.4909682661095137,0.9622978015746468,0.5591291557607801,1.0958931452911291,2.3210853589285437e-16,4.549327303499946e-16,2.5239461415699445e-16,4.946934437477091e-16,1.4001310284688793,2.7442568157990035,0.9793381071962162,1.9195026901045837,1.0241269335595698e-16,2.0072887897767567e-16,8.497892209530691e-17,1.6655868730680153e-16,0.34865424439363785,0.6833623190115302,0.45774837034818155,0.8971868058824358,1.5409157489531768e-16,3.0201948679482266e-16,1.4039799097869798e-16,2.7518006231824803e-16,1.4102975367098198,2.7641831719512466,1.2386313098033217,2.4277173672145107,3.4809631667849376e-16,6.822687806898478e-16,3.7005089978502875e-16,7.252997635786564e-16,2.5087311927969154,4.917113137881954,2.2808005686892043,4.470369114630841,3.340657649317681e-16,6.547688992662655e-16,2.850249733158782e-16,5.586489476991212e-16,1.7797737755257632,3.488356600030496,1.0352581058686923,2.0291058875026367
identity,iterative_dopt,10,highdim_smooth,Smooth,198.0,3.0,66,65,7.112643274032383e-16,1.7030534430122556e-16,6,9.664595373992668e-10,7.492494998380095e-10,6,5.475261019363947e-16,8.68962547123445e-17,6,2.513514039700492e-15,5.140862277048864e-16,6,1.0555108956929612e-15,7.366340944478167e-16,6,9.335273385633331e-16,2.517257975760649e-16,6,60.00125972861799,18.664291677329455,6,66.64292366764916,4.4516826994147,6,7.611031195652185e-16,1.110104538516183e-16,6,9.017858739504799e-16,1.5960953825482082e-16,6,69.24391568041362,4.183748550739886,6,67.35934074761981,4.207809394807543,6,8.198470560952622e-16,1.3855955403335712e-16,6,9.334830212477425e-16,1.582631632317515e-16,6,66.91680938767806,4.8172423342047335,6,66.2349988589152,3.8750897399896007,6,6.921091111054197e-16,7.471015684699535e-17,6,8.247499205030438e-16,1.0712295271598249e-16,6,71.96218649507951,3.374369040848709,6,69.88053413509233,4.722507236309908,6,7.330588189456533e-16,1.2153430147506477e-16,6,8.769292825434904e-16,1.4801167132685096e-16,6,70.48963863264726,3.8460916754924654,6,68.08536408681253,5.476566028202783,6,8.128753085320621e-16,1.6338981567135784e-16,6,9.389514833649479e-16,1.6348388476627236e-16,6,67.3487143371904,5.170702968572605,6,65.88475751087778,5.445199785873245,6,9.134081844337575e-16,1.6704650791851495e-16,6,1.0286772352817246e-15,1.9628556235835977e-16,6,63.151003244914364,5.971026246722153,6,62.49613615742796,7.525381484268162,6,6.952686566783494e-17,1.3627265670895647e-16,3.0587982743977183e-10,5.995244617819527e-10,3.547524743402704e-17,6.9531484970693e-17,2.0987482361153612e-16,4.113546542786108e-16,3.00729609755717e-16,5.894300351212053e-16,1.0276662652608094e-16,2.0142258799111862e-16,7.619665169988657,14.934543733177769,1.8173918517236065,3.562088029378269,4.531982800854073e-17,8.882686289673983e-17,6.516032113425716e-17,1.2771422942314402e-16,1.7080081935702232,3.3476960593976375,1.7178309920279617,3.366948744374805,5.656670106155331e-17,1.1087073408064448e-16,6.461066583276585e-17,1.2663690503222106e-16,1.9666309476892316,3.854596657470894,1.5819987617448101,3.100717573019828,3.050029381307292e-17,5.978057587362293e-17,4.3732762315741086e-17,8.571621413885252e-17,1.3775803923206706,2.7000575689485142,1.9279555059267424,3.778792791616415,4.961617080991494e-17,9.724769478743328e-17,6.042551178788608e-17,1.184340031042567e-16,1.5701603514870937,3.0775142889147036,2.2357987186262545,4.382165488507459,6.670361292703754e-17,1.3073908133699358e-16,6.674201647422187e-17,1.3081435228947487e-16,2.1109306474161875,4.137424068935728,2.2229935038169457,4.357067267481214,6.819645128569189e-17,1.336650445199561e-16,8.013324527553837e-17,1.570611607400552e-16,2.4376612575391756,4.777816064776784,3.0722241260408856,6.0215592870401355
identity,iterative_dopt,10,highdim_smooth,Smooth,264.0,4.0,66,65,7.112643274032383e-16,1.7030534430122556e-16,6,9.664595373992668e-10,7.492494998380095e-10,6,5.475261019363947e-16,8.68962547123445e-17,6,1.3711394860622646e-15,2.3720077424411057e-16,6,8.894331336409098e-16,4.677401741592706e-16,6,8.472329620281741e-16,1.4029503432917291e-16,6,36.8910575361025,22.696986613820524,6,46.247780671249586,4.894698625041129,6,6.92269049224268e-16,1.1801953985746457e-16,6,8.470033649881038e-16,1.5799782239890378e-16,6,49.25489208137437,5.654422896237214,6,46.319795705486115,6.1762650303515905,6,7.181584260956297e-16,1.2494796176663204e-16,6,8.558528260969463e-16,1.542912256260959e-16,6,47.275614678964224,6.485703399511915,6,45.75598893299807,6.266463811728237,6,6.317655844060766e-16,7.634694835777702e-17,6,7.681427390208965e-16,1.0993485297913869e-16,6,53.43395874159945,4.744610544222508,6,51.06210759015877,5.511301294246436,6,6.168005978595127e-16,8.812478934456035e-17,6,7.532663578752871e-16,1.1973941206792556e-16,6,54.687584996931065,4.095473689935642,6,52.1584631171256,5.090279605333974,6,6.439606032287961e-16,9.918225734956412e-17,6,8.003155630543215e-16,1.0152943480359333e-16,6,52.752405378093584,4.50861175538198,6,48.86335644834468,6.6248338879591016,6,7.979616799928293e-16,1.7688140246321832e-16,6,8.965439056366084e-16,1.44211784481216e-16,6,41.9002689382809,6.1808241523104055,6,43.09371938021574,5.691624164396944,6,6.952686566783494e-17,1.3627265670895647e-16,3.0587982743977183e-10,5.995244617819527e-10,3.547524743402704e-17,6.9531484970693e-17,9.683681058186286e-17,1.898001487404512e-16,1.9095412648179179e-16,3.7427008790431187e-16,5.727520792545382e-17,1.1225940753388947e-16,9.266005983773413,18.16137172819589,1.998252346008862,3.916574598177369,4.818127538814166e-17,9.443529976075765e-17,6.450234089136551e-17,1.264245881470764e-16,2.3084084809485677,4.524480622659192,2.521449640092776,4.942041294581841,5.1009791788171654e-17,9.997919190481644e-17,6.298912909542783e-17,1.2345869302703854e-16,2.6477773253064045,5.189643557600553,2.558273138391716,5.014215351247763,3.1168511149195304e-17,6.10902818524228e-17,4.488071579112949e-17,8.79662029506138e-17,1.9369791435956576,3.7964791214474887,2.249979331607383,4.409959489950471,3.597679459740482e-17,7.051451741091344e-17,4.888341027787866e-17,9.581148414464217e-17,1.671970132555955,3.277061459809672,2.0780979468606624,4.073071975846898,4.049098700730647e-17,7.936233453432067e-17,4.1449218190329213e-17,8.124046765304526e-17,1.84063304149997,3.6076407613399413,2.7045771093663706,5.300971134358086,7.221153017045942e-17,1.4153459913410046e-16,5.887421447919949e-17,1.15393460379231e-16,2.5233108938384787,4.945689351923418,2.3235958350778656,4.554247836752617
identity,iterative_dopt,10,highdim_strong,Strong nonlinear,132.0,2.0,66,65,7.410807578541895e-16,6.668018530484796e-17,6,8.403036923695003e-10,8.100019052277031e-10,6,5.452310261480968e-16,2.3883805150553205e-17,6,1.1531029013518993e-14,1.7494776283034071e-15,6,1.1127257643848589e-15,1.2745228757387716e-16,6,1.0994420570739179e-15,1.747634054726879e-16,6,90.16040046343733,1.9568059472069679,6,90.8779730250717,2.0039352240285533,6,9.585393282295988e-16,1.3379087623715867e-16,6,1.0394822235254027e-15,1.3838651811956399e-16,6,91.61693687336661,1.153806146170237,6,91.44485046456664,1.1437796639370255,6,1.5920118289714692e-15,2.2174746163408619e-16,6,1.6152478797335367e-15,1.587408261385473e-16,6,86.03459829313044,2.1077183980750718,6,86.60740338384852,2.1796986344264355,6,1.003545717373057e-15,1.6277745234188264e-16,6,9.945863943529326e-16,7.914715806598439e-17,6,91.25125996626294,1.1471977338463664,6,91.75828484382093,1.2175687680348046,6,1.559327957333265e-15,2.3553846883796465e-16,6,1.4822025297960704e-15,3.0003730099952496e-16,6,86.38261563362339,1.7949819184474802,6,87.84619338487498,2.0452049168763313,6,1.9652716215201245e-15,4.845576440240272e-16,6,1.9414918291925452e-15,4.0429677638521196e-16,6,82.58122639585743,4.793264052326547,6,83.66661833066682,4.76341335044143,6,2.3021521662625026e-15,1.0027571910010358e-15,6,2.1084919824855592e-15,5.650383280860554e-16,6,80.19210365068973,6.559360928688043,6,82.80510470490523,3.3831057583287207,6,2.722207165851778e-17,5.335526045069485e-17,3.306818930816818e-10,6.481365104400962e-10,9.750522622485354e-18,1.9111024340071293e-17,7.142212509596396e-16,1.3998736518808936e-15,5.2032178517744004e-17,1.0198306989477824e-16,7.134686151986776e-17,1.398398485789408e-16,0.7988626827167649,1.565770858124859,0.8181031294099753,1.6034821336435516,5.46198965034823e-17,1.070549971468253e-16,5.649605944555841e-17,1.1073227651329448e-16,0.4710393867006973,0.9232371979333667,0.46694609246962243,0.91521434124046,9.052802212681675e-17,1.7743492336856084e-16,6.480567089788325e-17,1.2701911495985117e-16,0.86047243279338,1.6865259682750249,0.8898582412310091,1.7441221528127777,6.645361664463653e-17,1.302490886234876e-16,3.2311691975511275e-17,6.33309162720021e-17,0.4683415136667968,0.9179493667869217,0.4970703680724008,0.9742579214219055,9.615817724157495e-17,1.884700273934869e-16,1.2248971520844757e-16,2.4007984180855723e-16,0.7327982996197291,1.436284667254669,0.8349514109630494,1.6365047654875768,1.9781982980400619e-16,3.877268664158521e-16,1.650534677993135e-16,3.235047968866545e-16,1.9568418551042015,3.8354100360042347,1.9446553570904561,3.811524499897294,4.093739089765182e-16,8.023728615939757e-16,2.306759314876915e-16,4.521248257158754e-16,2.6778478856723504,5.248581855917807,1.3811471422961512,2.707048398900456
identity,iterative_dopt,10,highdim_strong,Strong nonlinear,198.0,3.0,66,65,7.410807578541895e-16,6.668018530484796e-17,6,8.403036923695003e-10,8.100019052277031e-10,6,5.452310261480968e-16,2.3883805150553205e-17,6,2.38838947827567e-15,3.250073679192862e-16,6,8.540819154805954e-16,8.766858750841668e-17,6,8.950733411412945e-16,7.20810031427652e-17,6,63.630737259641144,6.6209859403356575,6,64.8724207058054,5.611208383482047,6,7.268819186608401e-16,3.884432796875736e-17,6,9.085579200229607e-16,9.711233685267693e-17,6,69.17003336716486,3.769665921718613,6,64.54578281545822,4.748350393323734,6,8.060158568517483e-16,4.7266921660896514e-17,6,9.363873793389705e-16,7.751193843185237e-17,6,65.84208491194211,3.9928841641810826,6,63.389014670518314,5.021093911980495,6,6.964679639903124e-16,5.2095498612022294e-17,6,8.200490684638861e-16,8.248046584621786e-17,6,70.49008582885052,3.6471024314082765,6,68.00860275267875,4.17185410123348,6,7.067654881304074e-16,2.444139124448969e-17,6,8.241195357044229e-16,2.1564674942679064e-17,6,69.97146192773228,3.9152149286763076,6,67.58865634771148,5.224460527593285,6,7.730545808711447e-16,6.408064242584994e-17,6,8.883981299527304e-16,6.510156387606087e-17,6,67.20989550501024,4.449444404737812,6,65.28054500283044,4.453548661354152,6,9.178018204461437e-16,8.146924638141836e-17,6,1.0329455975935938e-15,9.514011125845703e-17,6,61.14679934560045,4.879942314530736,6,59.463009683722625,6.865032612574063,6,2.722207165851778e-17,5.335526045069485e-17,3.306818930816818e-10,6.481365104400962e-10,9.750522622485354e-18,1.9111024340071293e-17,1.3268370234120836e-16,2.600600565887684e-16,3.579055097769269e-17,7.014947991627767e-17,2.942694630795423e-17,5.76768147635903e-17,2.703006191327305,5.297892135001518,2.2907662299930425,4.489901810786363,1.5858130487462814e-17,3.1081935755427114e-17,3.964594550305616e-17,7.770605318599007e-17,1.5389596681615063,3.016360949596552,1.938505930597826,3.799471623971739,1.929663996355034e-17,3.782141432855867e-17,3.1644116355343936e-17,6.202246805647411e-17,1.6300881340471576,3.194972742732429,2.0498530058245477,4.017711891416114,2.1267898249220652e-17,4.1685080568472475e-17,3.3672509178381484e-17,6.59981179896277e-17,1.4889233327690272,2.918289732227293,1.703152304893224,3.338178517590719,9.978156192121346e-18,1.9557186136557838e-17,8.803741679757632e-18,1.725533369232496e-17,1.598379801430698,3.132824410804168,2.132877078985891,4.180439074812346,2.6160812722179332e-17,5.127519293547149e-17,2.6577602158925833e-17,5.209210023149463e-17,1.8164780717482125,3.5602970206264963,1.8181536274954584,3.5635811098910986,3.32596805605933e-17,6.518897389876288e-17,3.884078777580681e-17,7.612794404058136e-17,1.9922281074694401,3.9047670906401026,2.8026378280620285,5.493170143001576
identity,iterative_dopt,10,highdim_strong,Strong nonlinear,264.0,4.0,66,65,7.410807578541895e-16,6.668018530484796e-17,6,8.403036923695003e-10,8.100019052277031e-10,6,5.452310261480968e-16,2.3883805150553205e-17,6,1.3590424122573458e-15,1.0803174728389442e-16,6,7.506878085151374e-16,8.823417977084846e-17,6,8.517089573754258e-16,1.0511005244515742e-16,6,44.53856331458217,7.235324827717858,6,44.824524214413884,4.656754013654969,6,6.787980550823115e-16,4.648881942251788e-17,6,8.53593175464476e-16,6.589633959034982e-17,6,49.84122353543582,4.547559758963419,6,44.55223548947887,3.924625229903049,6,6.925484526577611e-16,5.369981947965171e-17,6,8.545176604812555e-16,6.164756250230454e-17,6,48.869910298780816,4.559195908252314,6,44.470423711359864,4.172238533384824,6,6.339737581325646e-16,4.64575508500854e-17,6,7.657354589391273e-16,5.933941018905514e-17,6,53.233066703788445,3.1975891133622616,6,50.20769728604221,4.360483411564538,6,6.21401848408491e-16,1.8564823816763958e-17,6,7.670719485006137e-16,4.3954861316926926e-17,6,54.059911736700066,3.5363715122634125,6,50.06288118762209,4.3341997121123805,6,6.307328718893809e-16,1.7632844403440145e-17,6,7.730933536209803e-16,3.065821634798633e-17,6,53.37559371572985,3.5125548891187792,6,49.612078306744955,4.81778439390987,6,8.234932868609361e-16,2.226051091763682e-16,6,9.402442259928636e-16,1.4804178787917808e-16,6,39.88531925327595,11.813456048910485,6,39.31641427870727,4.760605319523484,6,2.722207165851778e-17,5.335526045069485e-17,3.306818930816818e-10,6.481365104400962e-10,9.750522622485354e-18,1.9111024340071293e-17,4.410377614447398e-17,8.6443401243169e-17,3.602145305193005e-17,7.06020479817829e-17,4.2910999221302504e-17,8.41055584737529e-17,2.95380899186656,5.789465624058457,1.9011118651853738,3.7261792557633324,1.897898105492616e-17,3.7198802867655274e-17,2.6902067985586493e-17,5.2728053251749525e-17,1.8565334973790728,3.6388056548629826,1.6022215408192653,3.1403542200057597,2.1922859500785862e-17,4.296880462154029e-17,2.5167512002829978e-17,4.9328323525546755e-17,1.8612839354338466,3.6481165134503395,1.7033092486618098,3.338486127377147,1.8966215713685355e-17,3.7173782798823295e-17,2.4225212766815697e-17,4.7481417022958764e-17,1.3054102891360029,2.5586041667065658,1.7801598983672562,3.489113400799822,7.579057585956695e-18,1.4854952868475122e-17,1.7944496990211603e-17,3.5171214100814743e-17,1.4437176243266443,2.8296865436802228,1.7694296229988467,3.468082061077739,7.198578583719734e-18,1.410921402409068e-17,1.2516164412736679e-17,2.453168224896389e-17,1.4339945286432256,2.8106292761407223,1.9668522426371828,3.8550303955688783,9.087815526977391e-17,1.7812118432875686e-16,6.043780681888829e-17,1.1845810136502105e-16,4.822823236437688,9.452733543417867,1.943508983268635,3.8092776072065244
identity,iterative_dopt,20,highdim_poly2,Quadratic,462.0,2.0,231,230,2.0580117183052538e-16,3.114910971562527e-17,6,3.749303043957634e-10,2.4112815020362747e-10,6,2.977444508067785e-16,3.653626899404116e-17,6,8.345616438075248e-16,1.3681128653921042e-16,6,5.284175728520837e-16,7.766138332508678e-17,6,3.0089029662093664e-16,4.79765523188559e-17,6,36.27451656588868,7.398843688603249,6,42.42544837732499,1.6293113630302756,6,4.74397000092618e-16,7.475652349492618e-17,6,3.0302328992310173e-16,5.143245822269645e-17,6,43.02182669276064,4.146717030920359,6,42.05811143099003,3.720946085737666,6,5.653570639385057e-16,9.87927330821717e-17,6,3.7075032550489317e-16,6.729074925952358e-17,6,32.3190143400222,3.3768084821949835,6,29.295021185606696,2.0997654617347266,6,3.6650386885580073e-16,4.389688972490362e-17,6,2.3382807593883894e-16,3.307736770622698e-17,6,55.72892657312011,3.907998518207159,6,55.10624354173362,3.1146514532176304,6,3.6451442019161345e-16,5.022288181059947e-17,6,2.384908785729974e-16,4.431982208225033e-17,6,56.15341484062383,1.9951620238663161,6,54.51529604157196,2.048094588207901,6,4.00882294639636e-16,7.375765539263559e-17,6,2.62400960086568e-16,4.0933223935201194e-17,6,52.00312675510067,3.3371922734234505,6,49.66273686269329,4.414752080882091,6,6.346074259765601e-16,9.254859572608365e-17,6,3.9854355471327506e-16,8.008238977328515e-17,6,23.573973338836065,6.460081787854874,6,23.859581162478133,7.6579818123479795,6,1.2716570790875323e-17,2.4924478750115634e-17,9.844015510334451e-11,1.9294270400255523e-10,1.4915869356745147e-17,2.9235103939220486e-17,5.585297384579438e-17,1.0947182873775699e-16,3.170512697752544e-17,6.214204887594986e-17,1.9586345466523005e-17,3.838923711438509e-17,3.0205652872816193,5.9203079630719735,0.6651635785904566,1.303720614037295,3.0519222917825225e-17,5.981767691893744e-17,2.099721314376988e-17,4.115453776178897e-17,1.6928901389106226,3.3180646722648204,1.519069878410605,2.9773769616847856,4.033196439104933e-17,7.905065020645669e-17,2.7471333349232957e-17,5.3843813364496594e-17,1.378576290079974,2.702009528556749,0.8572256601282662,1.6801622938514016,1.7920830186872618e-17,3.512482716627033e-17,1.3503778819111757e-17,2.6467406485459043e-17,1.5954337141933828,3.12705007981903,1.2715511311668843,2.4922402170870934,2.0503405641345876e-17,4.0186675057037916e-17,1.8093491598741264e-17,3.546324353353288e-17,0.8145214854418447,1.5964621114660156,0.8361311143441651,1.6388169841145634,3.011143672266621e-17,5.901841597642577e-17,1.6710918694720368e-17,3.2753400641651923e-17,1.3624030405743364,2.6703099595256994,1.8023149898418958,3.5325373800901154,3.778280599000483e-17,7.405429974040947e-17,3.2693498721204413e-17,6.407925749356065e-17,2.6373173461484885,5.169141998451037,3.1263579832944184,6.12766164725706
identity,iterative_dopt,20,highdim_poly2,Quadratic,693.0,3.0,231,230,2.0580117183052538e-16,3.114910971562527e-17,6,3.749303043957634e-10,2.4112815020362747e-10,6,2.977444508067785e-16,3.653626899404116e-17,6,4.928549445873805e-16,5.847815266750038e-17,6,4.063020708940841e-16,6.529124755913472e-17,6,2.6016291935987866e-16,3.8504217732593e-17,6,17.705482699560534,7.711797566933001,6,19.677374101334497,4.421900925951416,6,3.8999760970478405e-16,5.025093330429948e-17,6,2.5878666739253187e-16,3.814422409605567e-17,6,20.89338058321178,4.217687218392641,6,20.129017075510824,3.092818171585537,6,3.9674633676664257e-16,4.8021499607148166e-17,6,2.6841472368542517e-16,2.9394288979963135e-17,6,19.49567259379874,2.636036069542453,6,16.823661808191268,2.0595496615436186,6,3.301817670421179e-16,4.04691952481282e-17,6,2.27002692928047e-16,3.227341839675761e-17,6,33.02046506326652,1.3035826159923238,6,29.884843383517676,1.6367910388189828,6,3.16954265541478e-16,4.0404814272390936e-17,6,2.0729325859976996e-16,2.9969548869273733e-17,6,35.733018926997005,0.9865074586463892,6,35.98496865833781,2.1148072430876836,6,3.2171467152745303e-16,4.413814942055323e-17,6,2.2264066425990163e-16,3.488782388460174e-17,6,34.82035756536987,1.8160502639700133,6,31.356461872814283,2.7869432166558523,6,4.4270433183807493e-16,4.4782523156229055e-17,6,2.9329586318496285e-16,3.2422777803594263e-17,6,9.991873186546263,2.7191481372073385,6,9.116802387316037,3.413923697096668,6,1.2716570790875323e-17,2.4924478750115634e-17,9.844015510334451e-11,1.9294270400255523e-10,1.4915869356745147e-17,2.9235103939220486e-17,2.3873605855991823e-17,4.6792267477743975e-17,2.665504019826962e-17,5.224387878860845e-17,1.5719281064979453e-17,3.0809790887359726e-17,3.148328173103776,6.170723219283401,1.8052334936202385,3.5382576474956675,2.0514857615693863e-17,4.020912092675997e-17,1.557231427828522e-17,3.052173598543903e-17,1.7218635966200813,3.374852649375359,1.2626377312653663,2.4747699532801177,1.960469512012931e-17,3.8425202435453445e-17,1.2000168225470719e-17,2.352032972192261e-17,1.0761572189917872,2.1092681492239027,0.8408076284506101,1.6479829517631956,1.6521479776496628e-17,3.238210036193339e-17,1.3175567887901281e-17,2.582411306028651e-17,0.5321853744572766,1.0430833339362622,0.6682171434444202,1.3097056011510635,1.6495196353213494e-17,3.233058485229845e-17,1.2235017091854202e-17,2.3980633500034237e-17,0.4027399835222385,0.7893703677035875,0.8633664416511421,1.6921982256362385,1.8019324045179403e-17,3.531787512855163e-17,1.4242894458892992e-17,2.791607313943026e-17,0.7413994156622051,1.453142854697922,1.1377648038196113,2.2300190154864383,1.8282388521188873e-17,3.583348150153019e-17,1.3236543610407043e-17,2.5943625476397806e-17,1.1100875785328936,2.1757716539244716,1.3937285131137858,2.73170788570302
identity,iterative_dopt,20,highdim_poly2,Quadratic,924.0,4.0,231,230,2.0580117183052538e-16,3.114910971562527e-17,6,3.749303043957634e-10,2.4112815020362747e-10,6,2.977444508067785e-16,3.653626899404116e-17,6,4.127653701033978e-16,4.8648516759633365e-17,6,3.585431388511546e-16,4.4957106833341566e-17,6,2.4289255040384854e-16,3.08836890774294e-17,6,13.190592866737264,1.5792729987020915,6,12.392595839805415,1.5648550065708107,6,3.580080185768811e-16,4.73166325943596e-17,6,2.4042924254206634e-16,3.589159285512271e-17,6,13.362696475527684,3.511640196313284,6,13.423173619270136,5.0842402119309735,6,3.6099501323538117e-16,4.7791830646065913e-17,6,2.4491661509841e-16,2.5563274456163956e-17,6,12.660368579735911,1.8185634762104952,6,11.417913770976552,3.9865564293061038,6,3.201403561276876e-16,4.2089677058885585e-17,6,2.185196721561835e-16,3.5624618467105494e-17,6,22.531789000292417,1.6199426406460438,6,21.480820265142892,2.5367440536509536,6,3.140013431696395e-16,3.817638386027812e-17,6,2.1643653847821312e-16,3.418085102036608e-17,6,23.94278975253977,1.2105473091879908,6,22.104952981640878,4.310492658059988,6,3.1424530087595227e-16,4.0525239102785065e-17,6,2.1108040476505654e-16,2.960653385540276e-17,6,23.938419983342243,1.5163270893089724,6,23.963597128952273,1.9192333490787261,6,3.8655624907465556e-16,4.101854079751054e-17,6,2.5509316476202925e-16,2.76966890298865e-17,6,6.215118558113073,2.652684845846902,6,7.738187261788251,4.268299850256334,6,1.2716570790875323e-17,2.4924478750115634e-17,9.844015510334451e-11,1.9294270400255523e-10,1.4915869356745147e-17,2.9235103939220486e-17,1.986067380072291e-17,3.892692064941691e-17,1.835366200891295e-17,3.597317753746938e-17,1.2608213269078033e-17,2.4712098007392943e-17,0.6447355018958675,1.2636815837159003,0.6388493812563506,1.2521447872624472,1.9316934367154007e-17,3.786119135962185e-17,1.4652681425128846e-17,2.871925559325254e-17,1.4336211068690827,2.809897369463402,2.075632374828449,4.06823945466376,1.951093315939487e-17,3.8241428992413944e-17,1.0436163095387473e-17,2.0454879666959447e-17,0.7424254302629547,1.4551538433153912,1.6275048471019389,3.1899095003198004,1.7183038705466116e-17,3.3678755862713584e-17,1.4543689587623183e-17,2.850563159174144e-17,0.6613388136932634,1.2962240748387963,1.035621423247372,2.029817989564849,1.5585443447050756e-17,3.0547469156219484e-17,1.3954273995664442e-17,2.7350377031502306e-17,0.4942038695016267,0.9686395842231883,1.759751258710023,3.449112467071645,1.6544359584351297e-17,3.2426944785328544e-17,1.2086816833028661e-17,2.3690160992736174e-17,0.6190379419944334,1.2133143663090895,0.7835237337626244,1.5357065181747438,1.67457491579059e-17,3.282166834949556e-17,1.1307125947960393e-17,2.216196685800237e-17,1.082954053456394,2.122589944774532,1.742526117054311,3.4153511894264494
identity,iterative_dopt,20,highdim_smooth,Smooth,462.0,2.0,231,230,5.103514116688673e-16,7.945698031428268e-17,6,5.928719089739095e-10,6.258986885441504e-10,6,7.411005753303919e-16,1.150164156519637e-16,6,2.2820547496188646e-15,2.0527912176606153e-16,6,1.3347330214898123e-15,3.0339391651479523e-16,6,7.547020507981083e-16,1.1304512210661062e-16,6,41.67167750349353,11.466110308017306,6,46.77111815678912,6.856643556456321,6,1.2473948966792297e-15,2.237074065668284e-16,6,7.988660093879309e-16,1.5751289482122348e-16,6,45.5318246450612,6.414911806800864,6,43.91986189108957,7.881092462955112,6,1.5358836347729899e-15,1.759028110015138e-16,6,9.77173838647095e-16,1.2306594132129477e-16,6,32.80719179339935,2.151895236120747,6,31.334519742953603,3.3952340426996077,6,9.224568559364915e-16,1.2060577004091597e-16,6,5.893138839446651e-16,7.137021164575493e-17,6,59.62298220713723,2.9578075583810244,6,58.49987922348122,2.9162119696102464,6,9.938369078775823e-16,1.5413935141105172e-16,6,6.212498437293668e-16,8.870140605532742e-17,6,56.57981267948721,3.6635189939251425,6,56.32304039321983,3.4052044478733805,6,1.1106041945660862e-15,1.630107066029199e-16,6,7.261118500468254e-16,1.1605180771068838e-16,6,51.31729440696426,5.654929807151118,6,48.834017469772846,6.9275494905453305,6,1.7210850298369894e-15,2.2635112712217784e-16,6,1.0557083942057297e-15,1.2604696752424012e-16,6,24.720859664508197,5.000230726045461,6,25.659554019793003,5.141032381619705,6,3.243817637872672e-17,6.357882570230438e-17,2.5552206960172327e-10,5.008232564193776e-10,4.6955255065195287e-17,9.203229992778276e-17,8.38048505289178e-17,1.642575070366789e-16,1.2386004775430114e-16,2.427656935984302e-16,4.615047784530244e-17,9.045493657679279e-17,4.6810199315181436,9.174799065775561,2.799213010243355,5.486457500076976,9.132816629501206e-17,1.7900320593822365e-16,6.430437003677875e-17,1.2603656527208634e-16,2.6188767786029037,5.132998486061691,3.2174425249890604,6.3061873489785585,7.181202187915601e-17,1.4075156288314578e-16,5.0241460158744674e-17,9.847326191113956e-17,0.8785075514036259,1.7218748007511067,1.3860984936568255,2.716753047567378,4.9237099439281734e-17,9.650471490099219e-17,2.9136766894423537e-17,5.710806311307013e-17,1.207519879230146,2.3667389632910862,1.1905385512236382,2.3334555603983307,6.29271267067705e-17,1.2333716834527017e-16,3.621219738382837e-17,7.097590687230359e-17,1.4956253663518309,2.9314257180495886,1.3901688945242503,2.7247310332675307,6.65488422979484e-17,1.3043573090397887e-16,4.7377952103129494e-17,9.286078612213381e-17,2.3086154264625867,4.52488623586667,2.8281602366189365,5.543194063773115,9.240746069219764e-17,1.8111862295670737e-16,5.145845900992509e-17,1.0085857965945318e-16,2.04133564583294,4.001017865832563,2.098817681015607,4.11368265479059
identity,iterative_dopt,20,highdim_smooth,Smooth,693.0,3.0,231,230,5.103514116688673e-16,7.945698031428268e-17,6,5.928719089739095e-10,6.258986885441504e-10,6,7.411005753303919e-16,1.150164156519637e-16,6,1.2881576477133522e-15,1.7662708491720555e-16,6,1.031756897269125e-15,1.96676022080612e-16,6,6.199951564349031e-16,9.048985856253503e-17,6,19.870794793537485,11.739739043118506,6,25.072945494626193,4.717088754721068,6,9.685856138945237e-16,1.5005021269397535e-16,6,6.599869696783009e-16,1.1427628630437528e-16,6,24.91708678147819,3.001592221601484,6,20.566705889328958,3.941287262706875,6,1.0230158747304979e-15,1.801403456184672e-16,6,6.734225141411337e-16,1.1813199106765955e-16,6,20.844383770600988,3.9336736252790296,6,18.937728984114468,3.6540811854711217,6,8.191222385384986e-16,1.37639930218688e-16,6,5.509211679744771e-16,1.1188982607661805e-16,6,36.585058999215555,2.7985802256982852,6,33.82996790181843,4.716175716936402,6,7.932548482623973e-16,1.2218271484241034e-16,6,5.217703649167969e-16,7.288481642453626e-17,6,38.477466451598254,2.5552119397773416,6,36.93861905994993,3.554027290021524,6,8.07353938164309e-16,1.2866757367445865e-16,6,5.446971821046757e-16,9.549521325842258e-17,6,37.403649897517376,2.729340899297781,6,34.377566308818835,4.1379671946729015,6,1.1141158501032668e-15,1.3656643388468493e-16,6,7.284622765633084e-16,1.0979193597072141e-16,6,13.351661608963795,2.4914861965329145,6,12.048214498115987,4.163373407857859,6,3.243817637872672e-17,6.357882570230438e-17,2.5552206960172327e-10,5.008232564193776e-10,4.6955255065195287e-17,9.203229992778276e-17,7.210770546706474e-17,1.4133110271544688e-16,8.029264978964283e-17,1.5737359358769995e-16,3.6942330062471684e-17,7.24069669224445e-17,4.792728394844998,9.393747653896195,1.9257434200811887,3.7744571033591297,6.125774281605448e-17,1.200651759194668e-16,4.6653098524320177e-17,9.144007310766754e-17,1.2253948931384346,2.401773990551332,1.60902378722708,3.153686622965077,7.354198814230868e-17,1.44142296758925e-16,4.8227183402464356e-17,9.452527946883014e-17,1.6059155327629504,3.147594444215383,1.4917723971847516,2.923873898482113,5.619126621134478e-17,1.1013488177423577e-16,4.567883021607828e-17,8.953050722351343e-17,1.142515592867297,2.239330562019902,1.9253706739664695,3.77372652097428,4.988088445864769e-17,9.776653353894946e-17,2.9755101706089414e-17,5.831999934393525e-17,1.0431609061869511,2.044595376126424,1.4509255654132032,2.843814108209878,5.2528316990730894e-17,1.0295550130183255e-16,3.898575756023305e-17,7.641208481805678e-17,1.1142487562314216,2.1839275622135865,1.6893180332207594,3.311063345112688,5.57530131681688e-17,1.0927590580961085e-16,4.482237016676493e-17,8.785184552685926e-17,1.0171449804488746,1.9936041616797942,1.6996900763206784,3.3313925495885295
identity,iterative_dopt,20,highdim_smooth,Smooth,924.0,4.0,231,230,5.103514116688673e-16,7.945698031428268e-17,6,5.928719089739095e-10,6.258986885441504e-10,6,7.411005753303919e-16,1.150164156519637e-16,6,1.0522266881705043e-15,1.4771677470831553e-16,6,9.374319453484743e-16,1.6857730267584616e-16,6,5.879540727700089e-16,7.335337817651116e-17,6,10.929019705863489,10.592392644038616,6,14.805364477372548,4.358529799360372,6,8.89033145161438e-16,1.3994692383841402e-16,6,5.910256765853576e-16,8.876725649132411e-17,6,15.64939630254826,3.018848244928068,6,14.577033105952523,4.330646463027338,6,8.929624737853575e-16,1.2344653091561894e-16,6,5.661292920914107e-16,6.670279200304718e-17,6,15.080828375571997,1.7785396108761184,6,17.85722904773066,4.002547818376228,6,7.993388824626622e-16,1.3577714644725443e-16,6,5.172516730198112e-16,6.466529587712794e-17,6,24.261745708377067,2.554015817100064,6,24.94475324622968,4.559416341176488,6,7.739748116912717e-16,1.2718257608471605e-16,6,5.24566451547931e-16,7.791084737045703e-17,6,26.622711232549488,2.1399448611128036,6,24.214864752802075,1.9606910849248207,6,7.800559198100336e-16,1.2221884603748928e-16,6,5.260063482657831e-16,7.538153257135556e-17,6,25.96442219717886,2.168629620130846,6,23.893042715535483,3.025467577936166,6,9.59378478936774e-16,1.4349957320370386e-16,6,6.218940153978154e-16,8.859306486737227e-17,6,8.880109884466323,3.2310664041629806,6,10.043033519890338,4.575149644969324,6,3.243817637872672e-17,6.357882570230438e-17,2.5552206960172327e-10,5.008232564193776e-10,4.6955255065195287e-17,9.203229992778276e-17,6.030512074750542e-17,1.1819803666511062e-16,6.88213956284234e-17,1.3488993543170985e-16,2.994639124030992e-17,5.869492683100743e-17,4.324326188850764,8.475679330147496,1.779362339524676,3.487550185468365,5.713309241270897e-17,1.1198086112890957e-16,3.6239080711750316e-17,7.102859819503062e-17,1.232439635161717,2.4155816849169653,1.7679790151342858,3.4652388696632,5.039683520999585e-17,9.877779701159187e-17,2.723130080441065e-17,5.337334957664487e-17,0.7260857556624396,1.4231280810983815,1.6340333043519597,3.202705276529841,5.54307879211532e-17,1.0864434432546027e-16,2.6399496494177373e-17,5.174301312858765e-17,1.0426725911487675,2.0436382786515845,1.8613739267983025,3.648292896524673,5.192206926337552e-17,1.0176725575621602e-16,3.180697024758005e-17,6.234166168525689e-17,0.8736288312362309,1.7123125092230125,0.800448783548295,1.568879615754658,4.989563495727108e-17,9.779544451625131e-17,3.0774381804801917e-17,6.031778833741176e-17,0.8853393350677146,1.7352650967327206,1.2351419665462842,2.420878254430717,5.858345544270607e-17,1.148235726677039e-16,3.616796727905886e-17,7.088921586695536e-17,1.319077335874758,2.5853915783145256,1.8677970211750765,3.66088216150315
identity,iterative_dopt,20,highdim_strong,Strong nonlinear,462.0,2.0,231,230,5.507137575639151e-16,4.128053597049337e-17,6,4.4877848196881825e-10,3.2685066783246487e-10,6,8.104025836983929e-16,5.786845238135576e-17,6,2.4017582829073564e-15,2.993023280266014e-16,6,1.3087542100343121e-15,1.215464648759789e-16,6,8.173775728160973e-16,8.780651342798911e-17,6,45.050992540836056,6.466730607319836,6,44.91662543096914,4.054489883938386,6,1.359586678776527e-15,1.320995391011601e-16,6,8.701729925476508e-16,9.602869223101428e-17,6,42.94003905375976,6.646511846661859,6,41.05337287753006,8.056171430072995,6,1.6132210017958368e-15,1.7372140171066244e-16,6,1.0287810745070216e-15,1.4893886682687847e-16,6,32.62289753778409,3.880174923903958,6,30.89923419848265,5.056939161031959,6,1.0166236199410047e-15,9.183096092315859e-17,6,6.491702717834254e-16,6.641423703780804e-17,6,57.35812881012859,4.398569608956492,6,56.25122863994681,3.2218444699073663,6,1.046727417222096e-15,1.1514942538319578e-16,6,6.630574650719897e-16,7.980317561610877e-17,6,56.04138054124638,5.834227955713025,6,55.1871865995735,5.702161313497436,6,1.1340121596629792e-15,1.381847608422599e-16,6,7.107862923743555e-16,8.842261362096067e-17,6,52.44866246972045,6.061439362694108,6,51.87913451524785,6.9028625810752855,6,1.7133077857340398e-15,1.7348795997700548e-16,6,1.0808330194311888e-15,9.708686830242383e-17,6,28.37567568665636,5.068980412274308,6,27.064619287178008,5.532211914974698,6,1.6852708239385927e-17,3.303130814919641e-17,1.3343622637957575e-10,2.6153500370396844e-10,2.3624696756477955e-17,4.630440564269679e-17,1.2218966374871438e-16,2.394917409474802e-16,4.9621136497544365e-17,9.725742753518695e-17,3.5846858998568794e-17,7.025984363719484e-17,2.640031715328662,5.174462162044177,1.6552385638208726,3.2442675850889104,5.3929411009112845e-17,1.0570164557786117e-16,3.920354943879202e-17,7.683895690003237e-17,2.7134270989475175,5.318317113937134,3.288918214011115,6.446279699461785,7.092146526536396e-17,1.3900607192011336e-16,6.08040377656981e-17,1.1917591402076826e-16,1.5840747793845407,3.1047865675937,2.064486767471059,4.046394064243276,3.7489832808533305e-17,7.348007230472527e-17,2.7113498733146908e-17,5.3142457516967936e-17,1.7957085233427903,3.519588705751869,1.3153124969801333,2.578012494081061,4.7009556060585836e-17,9.213872987874823e-17,3.2579510018863846e-17,6.385583963697314e-17,2.3818135890963212,4.668354634628789,2.327897608184504,4.562679312041628,5.641369238201037e-17,1.1057083706874033e-16,3.609838084910389e-17,7.075282646424361e-17,2.474572257570237,4.850161624837664,2.8180818480309546,5.523440422140671,7.082616307667557e-17,1.3881927963028413e-16,3.9635548010954745e-17,7.76856741014713e-17,2.069402587705794,4.056029071903356,2.2585160567722347,4.42669147127358
identity,iterative_dopt,20,highdim_strong,Strong nonlinear,693.0,3.0,231,230,5.507137575639151e-16,4.128053597049337e-17,6,4.4877848196881825e-10,3.2685066783246487e-10,6,8.104025836983929e-16,5.786845238135576e-17,6,1.3667699292539878e-15,1.3499713117988155e-16,6,1.06087490442527e-15,6.152266412285809e-17,6,6.628026158046883e-16,4.898101401768408e-17,6,22.027733208558715,5.265566336202468,6,25.419763303424975,5.243485962593552,6,1.0689277014193107e-15,8.669325255048232e-17,6,6.890153362699217e-16,5.4944277085207235e-17,6,21.485016351792336,6.218680818512045,6,22.611541006805325,2.702595131635213,6,1.0803239470303403e-15,9.027246874025617e-17,6,7.06590345241121e-16,8.467725799784958e-17,6,20.68109468896241,5.91711127286836,6,20.630496102863958,7.784463293026523,6,8.95198920995725e-16,5.957409750826609e-17,6,5.931787612194449e-16,5.779784447848482e-17,6,34.2527392658729,4.079511764115617,6,33.383235833544546,4.111481115547112,6,8.645434660203737e-16,6.385326656387902e-17,6,5.6523276105441615e-16,5.674710076509233e-17,6,36.55874256475921,3.339244394513824,6,36.599860667654156,2.9126047351393924,6,8.762329111021428e-16,6.938404276758957e-17,6,5.834439525084415e-16,5.794649992426292e-17,6,35.74867574612595,2.755404957658305,6,34.533561118769995,3.256313014258565,6,1.1589233179270233e-15,1.1453907644341146e-16,6,7.481026798142485e-16,9.700915938264207e-17,6,15.108500071363054,4.61952564485942,6,16.243708139544005,5.918659411692421,6,1.6852708239385927e-17,3.303130814919641e-17,1.3343622637957575e-10,2.6153500370396844e-10,2.3624696756477955e-17,4.630440564269679e-17,5.5112348021712506e-17,1.0802020212255651e-16,2.5116522452939257e-17,4.9228384007760944e-17,1.9996415237906037e-17,3.919297386629583e-17,2.1496584550787246,4.2133305719543,2.140644180300081,4.195662593388159,3.539237214848634e-17,6.936904941103322e-17,2.2430907190808657e-17,4.3964578093984965e-17,2.538765813097959,4.975980993672,1.1033298423060347,2.162526490919828,3.68535810391621e-17,7.223301883675772e-17,3.456934581878957e-17,6.775591780482755e-17,2.415650561632961,4.734675100800604,3.1779938315567717,6.228867909851273,2.4321023463677117e-17,4.766920598880715e-17,2.3595871200837657e-17,4.624790755364181e-17,1.6654537036274188,3.264289259109741,1.678505136696565,3.2898700679252677,2.606798691523696e-17,5.109325435386444e-17,2.3166906876129518e-17,4.5407137477213856e-17,1.3632408155013063,2.67195199838256,1.1890659039176097,2.330569171678515,2.8325916845340005e-17,5.551879701686641e-17,2.3656559532444707e-17,4.636685668359162e-17,1.124889363499656,2.2047831524593255,1.329384221286288,2.6055930737211246,4.6760382149332456e-17,9.165034901269161e-17,3.960382347730004e-17,7.762349401550808e-17,1.885913447267833,3.6963903566449523,2.4162825866612843,4.735913869856117
identity,iterative_dopt,20,highdim_strong,Strong nonlinear,924.0,4.0,231,230,5.507137575639151e-16,4.128053597049337e-17,6,4.4877848196881825e-10,3.2685066783246487e-10,6,8.104025836983929e-16,5.786845238135576e-17,6,1.1422418418760647e-15,1.021326765326117e-16,6,9.73758235269239e-16,7.277159682423091e-17,6,6.243960254401902e-16,4.5930067836893356e-17,6,14.626989147584121,2.7782345487182556,6,16.13162061351983,6.376178533860476,6,9.73592102052753e-16,6.178357637680638e-17,6,6.352753906852382e-16,3.006196684304199e-17,6,14.54292790580393,4.048893300015859,6,14.52897165605154,6.812111789460057,6,9.72712277643728e-16,6.479043395168551e-17,6,6.506967943838635e-16,4.887664242386824e-17,6,14.62742013652766,4.274541984236898,6,12.687730275068816,4.958701814880522,6,8.654985352213545e-16,6.076938333479648e-17,6,5.730689621109365e-16,5.4509839707290734e-17,6,24.08219524888311,3.0764438478553435,6,23.30525179955013,2.221516420637351,6,8.469220075143848e-16,6.406290962409802e-17,6,5.39741739514171e-16,6.035241911812482e-17,6,25.754718841461038,2.3552106105953174,6,27.851457926113028,2.6748583655167844,6,8.603654897858617e-16,6.205073296415546e-17,6,5.618411156890293e-16,5.545662652043135e-17,6,24.5571841868182,2.4985135394505704,6,24.788914984421854,3.5307722551664105,6,1.054436948078924e-15,9.798458592536806e-17,6,6.958434184945729e-16,6.967023442316792e-17,6,7.676173935361881,2.6457220112508266,6,6.777996222311038,5.838307386322676,6,1.6852708239385927e-17,3.303130814919641e-17,1.3343622637957575e-10,2.6153500370396844e-10,2.3624696756477955e-17,4.630440564269679e-17,4.169549059493743e-17,8.172316156607737e-17,2.9708879997817756e-17,5.82294047957228e-17,1.8750871675300974e-17,3.675170848358991e-17,1.13420950502187,2.223050629842865,2.60306398614092,5.102005412836204,2.5223039434574718e-17,4.943715729176645e-17,1.2272746571653227e-17,2.4054583280440325e-17,1.6529537680020634,3.2397893852840443,2.7810329924957955,5.450824665291759,2.6450583899187442e-17,5.1843144442407384e-17,1.9953805713157734e-17,3.910945919778916e-17,1.7450744575807229,3.420345936858217,2.024381538845028,3.967787816136255,2.4808996858973833e-17,4.862563384358871e-17,2.2253548873960644e-17,4.361695579296286e-17,1.2559529415950128,2.461667765526225,0.9069302809625986,1.7775833506866934,2.6153573336178977e-17,5.1261003738910795e-17,2.4638771930333022e-17,4.8291992983452725e-17,0.9615107054578894,1.8845609826974632,1.0920063549551902,2.140332455712173,2.5332105654646142e-17,4.9650927083106434e-17,2.264007297185903e-17,4.4374543024843695e-17,1.020013881181511,1.9992272071157613,1.4414317371889256,2.825206204890294,4.000203969584101e-17,7.840399780384837e-17,2.844275409947489e-17,5.574779803497078e-17,1.0801114881357634,2.1170185167460964,2.3834790096687772,4.671618858950803
identity,measure_weighted,5,highdim_highfreq,High-frequency,42.0,2.0,21,20,1.4072445240434292e-15,1.6461521179914824e-16,6,3.239233603569147e-10,2.9286388186664475e-10,6,4.929579822003911e-16,5.3483719651789485e-17,6,2.892720819614452e-14,1.7151001724606702e-14,6,7.813087441525889e-16,1.2968751043580968e-16,6,1.5780951067214878e-15,1.56708920695724e-16,6,96.02677351343812,2.8579530724379922,6,95.76220398005647,3.3662197048969107,6,7.18749546994162e-16,1.264722036093105e-16,6,1.6147131541333789e-15,2.3202689210919295e-16,6,96.37782006879421,2.585760759186826,6,95.80802719732878,3.059508871603379,6,1.0666714023531823e-15,2.1924763531993942e-16,6,2.0181947670370007e-15,3.9931461508731397e-16,6,95.0846696594924,2.6505397713107235,6,95.01351510984512,3.209432319285506,6,7.416558645393586e-16,1.1513409999785391e-16,6,1.574932653447899e-15,1.994181707491371e-16,6,96.37141554582153,2.503311437411825,6,95.82786258745335,3.247747707920536,6,1.0131930371813925e-15,3.889777455508039e-16,6,1.8287545585700933e-15,4.808646067963532e-16,6,95.75233625537459,1.8069913442492607,6,95.65108377405208,2.623867052418655,6,1.1901629071783416e-15,4.3567517450323106e-16,6,2.1383448910950287e-15,4.3496961643023896e-16,6,94.89850122711566,2.3512192037449084,6,94.73512984035735,3.4040883886719837,6,1.5904291709244078e-15,7.513645236574055e-16,6,2.3173732208766507e-15,5.592909511279882e-16,6,92.30470518277093,6.223844592523821,6,94.15312665763292,4.136232517360856,6,6.720387880134901e-17,1.3171960245064405e-16,1.1956117911066846e-10,2.343399110569102e-10,2.1834637115491574e-17,4.279588874636348e-17,7.001867133813453e-15,1.3723659582274368e-14,5.2944704429933704e-17,1.0377162068267006e-16,6.397614897446641e-17,1.2539325198995418e-16,1.1667544560487553,2.2868387338555602,1.3742534398499333,2.693536742105869,5.1632060914698616e-17,1.0119883939280928e-16,9.472458204522122e-17,1.856601808086336e-16,1.0556324094865623,2.069039522593662,1.249039266491102,2.44811696232256,8.950747230760975e-17,1.7543464572291512e-16,1.6301950896663143e-16,3.195182375745976e-16,1.0820783304440813,2.1208735276703994,1.310245257707779,2.568080705107247,4.700329949821932e-17,9.212646701650986e-17,8.141212729576596e-17,1.5956776949970126e-16,1.0219726148220132,2.003066325051146,1.3258874496164883,2.598739401248317,1.587994996496032e-16,3.1124701931322225e-16,1.9631215366918888e-16,3.847718211916102e-16,0.7377011271727585,1.4458942092586067,1.0711892385543713,2.099530907566568,1.778636451884893e-16,3.4861274456943904e-16,1.7757560231136728e-16,3.480481805302799e-16,0.9598812204346642,1.8813671920519417,1.3897132652632236,2.723837999915918,3.067432822983306e-16,6.01216833304728e-16,2.283295746699091e-16,4.475259663530219e-16,2.540873915010608,4.980112873420792,1.6886098541736103,3.309675314180276
identity,measure_weighted,5,highdim_highfreq,High-frequency,63.0,3.0,21,20,1.4072445240434292e-15,1.6461521179914824e-16,6,3.239233603569147e-10,2.9286388186664475e-10,6,4.929579822003911e-16,5.3483719651789485e-17,6,4.152341026896124e-15,1.7094892863457334e-15,6,6.644404422590544e-16,1.0706900527314657e-16,6,1.4669548064825856e-15,1.5024595070680879e-16,6,81.48590688986175,7.636769007455591,6,77.90220800449089,11.02798069185888,6,5.941389194363483e-16,6.018738988754011e-17,6,1.4817748650083575e-15,1.375539688754221e-16,6,82.73377291304944,8.703483377738468,6,77.86678217814706,10.510926306177685,6,6.733959556418395e-16,7.339891081685018e-17,6,1.5770245033748902e-15,2.2404056132387227e-16,6,80.8680137556174,9.176541202098544,6,76.38708007982596,11.685406677323348,6,6.014125243866684e-16,6.698642912950565e-17,6,1.4396935370565875e-15,1.3656000044157904e-16,6,82.63176375894383,8.556143835198826,6,78.46012631076375,10.357107380478425,6,6.30685513271829e-16,1.1815780084153207e-16,6,1.4805382899984739e-15,1.9160611971224785e-16,6,82.52345597687234,6.9187028135225725,6,78.03645067894479,10.229868046291724,6,6.224690951800101e-16,1.0577448647420747e-16,6,1.5545362844722247e-15,2.120562717554676e-16,6,82.70079014537181,6.911919513747666,6,77.07346705506141,10.284755312498445,6,8.771667439515981e-16,2.956945891369394e-16,6,1.6338075689481678e-15,3.0071468390447415e-16,6,72.2858231454948,23.8296020897481,6,74.86297793481874,14.85895861133696,6,6.720387880134901e-17,1.3171960245064405e-16,1.1956117911066846e-10,2.343399110569102e-10,2.1834637115491574e-17,4.279588874636348e-17,6.97896078716935e-16,1.3678763142851926e-15,4.3710738364428426e-17,8.567304719427972e-17,6.133765252517252e-17,1.2022179894933813e-16,3.117697891961157,6.1106878682438674,4.502154264719878,8.82422235885096,2.457139902907025e-17,4.815994209697769e-17,5.615617263991049e-17,1.1006609837422456e-16,3.553182210042378,6.964237131683062,4.291067695688687,8.410492683549826,2.996497986288863e-17,5.873136053126171e-17,9.146417615503514e-17,1.7926978526386886e-16,3.7463072581279335,7.342762225930749,4.770547299392267,9.350272706808843,2.7347095176399402e-17,5.3600306545742824e-17,5.575038672601903e-17,1.092707579829973e-16,3.4930310936828417,6.84634094361837,4.228271382230976,8.287411909172713,4.823772019852507e-17,9.454593158910914e-17,7.822287081493948e-17,1.5331682679728137e-16,2.8245485958481096,5.536115247862295,4.176326141569495,8.185599237476211,4.31822532777882e-17,8.463721642446487e-17,8.657161042631001e-17,1.696803564355676e-16,2.8217793253113004,5.530687477610148,4.198733774166624,8.229518197366582,1.207168105145699e-16,2.36604948608557e-16,1.2276625562138254e-16,2.406218610179098e-16,9.72839431557376,19.06765285852457,6.06614445115161,11.889643124257155
identity,measure_weighted,5,highdim_highfreq,High-frequency,84.0,4.0,21,20,1.4072445240434292e-15,1.6461521179914824e-16,6,3.239233603569147e-10,2.9286388186664475e-10,6,4.929579822003911e-16,5.3483719651789485e-17,6,1.851943967303545e-15,7.527188452388153e-16,6,6.052209782825873e-16,6.150937203566483e-17,6,1.4406529177575244e-15,1.3229346881874335e-16,6,60.020239874825315,22.785409326039805,6,56.63071585202466,17.864578972340713,6,5.671641271151592e-16,6.049004177539474e-17,6,1.4842166550440467e-15,1.6439085216461467e-16,6,64.32961861405649,15.953610521741187,6,55.70246322284438,17.346714006718276,6,5.877729354315657e-16,6.61539672390597e-17,6,1.4632075971186721e-15,1.7178061441914854e-16,6,62.75813091357356,17.65106441656959,6,55.871225906324405,18.78032461828664,6,5.513236329630638e-16,5.852476714530037e-17,6,1.44172584741885e-15,1.801159907124874e-16,6,65.27003857490594,15.609221322350834,6,56.63958634718065,18.176850792332218,6,5.571914506626752e-16,6.663733850415418e-17,6,1.5016367821662618e-15,2.0123713079714039e-16,6,65.46789960356936,13.924170775422821,6,55.2241193429104,17.56702876660196,6,5.571711409688565e-16,7.164287237563691e-17,6,1.4314907932608141e-15,1.3785478980681619e-16,6,65.5470422171045,13.72244144494758,6,57.39800174747788,16.14455544866185,6,6.729111546138276e-16,1.271071635595021e-16,6,1.5081641462624246e-15,1.5662826130850332e-16,6,59.262021636361766,14.315058617701746,6,55.109091056012694,17.191156028035053,6,6.720387880134901e-17,1.3171960245064405e-16,1.1956117911066846e-10,2.343399110569102e-10,2.1834637115491574e-17,4.279588874636348e-17,3.0729618176867943e-16,6.023005162666117e-16,2.511109598106591e-17,4.921774812288918e-17,5.400858248478635e-17,1.0585682167018124e-16,9.302104404875113,18.23212463355522,7.293183825314771,14.29464029761695,2.4694956144892563e-17,4.8402114043989425e-17,6.711228436410158e-17,1.3154007735363909e-16,6.513034222227137,12.76554707556519,7.0817663384082845,13.880262023280237,2.7007244032748527e-17,5.293419830418711e-17,7.012914217144942e-17,1.3745311865604085e-16,7.206016872932059,14.123793070946835,7.667035419771923,15.02738942275297,2.3892636136864535e-17,4.6829566828254487e-17,7.353204529357801e-17,1.441228087754129e-16,6.372437920321808,12.489978323830742,7.420668261986342,14.54450979349323,2.72045795253827e-17,5.332097586975009e-17,8.215471462578537e-17,1.6102324066653933e-16,5.684518915193249,11.141657073778768,7.171709462494755,14.05655054648972,2.9248080171274486e-17,5.732623713569799e-17,5.627898227088788e-17,1.1030680525094025e-16,5.602163260890312,10.98023999134501,6.590987162215247,12.918334837941883,5.1891282228877364e-17,1.0170691316859963e-16,6.39432199175237e-17,1.2532871103834644e-16,5.844098208566728,11.454432488790786,7.018260059542844,13.755789716703974
identity,measure_weighted,5,highdim_local,Local interior,42.0,2.0,21,20,5.269760119725869e-15,1.9495304405436445e-15,6,7.068762103434878e-10,5.212334442264028e-10,6,1.7743076633431656e-15,6.059959626028498e-16,6,7.11957254804957e-15,1.7512731954990306e-15,6,2.5017368116436218e-15,1.1495301076345354e-15,6,5.7131140059455945e-15,1.8907839457134576e-15,6,64.90360225166444,11.531990504765838,6,64.63792297992076,7.230198555446472,6,2.05414413225514e-15,6.453954417528461e-16,6,5.331212240263998e-15,1.7063591362126478e-15,6,70.62472556843765,7.4956287178269525,6,66.73766692686617,7.565649184685038,6,2.1014089520587354e-15,7.322777218050052e-16,6,5.6600734079290996e-15,1.97560912036882e-15,6,70.24369435695785,7.457206895973685,6,65.13660839764196,6.928624628320852,6,1.8400300604432034e-15,6.048193733951797e-16,6,5.27154129999019e-15,1.884663778775972e-15,6,73.8922358141494,6.305579422347975,6,67.4364421489391,7.32348040828682,6,1.8400905635636766e-15,6.021579614544576e-16,6,5.288481439671417e-15,2.015577936734763e-15,6,73.94811734864565,6.087559979253024,6,67.32573655128671,8.537600419174797,6,1.8369955416918626e-15,6.136765864161358e-16,6,5.230958420742894e-15,1.853333716669344e-15,6,73.89625438537149,6.598441201503852,6,67.59217606835269,7.787429700758922,6,2.539655696512096e-15,1.0748430185742536e-15,6,6.085903238986151e-15,1.9577486926466257e-15,6,64.28267172646873,10.902234540894419,6,62.191063339480706,8.280474592219628,6,7.958924695592047e-16,1.5599492403360411e-15,2.1279266253802026e-10,4.170736185745197e-10,2.4739681576061655e-16,4.848977588908084e-16,7.149542881976659e-16,1.401310404867425e-15,4.692937012785396e-16,9.198156545059376e-16,7.719093134740367e-16,1.5129422544091119e-15,4.707915409216155,9.227514202063663,2.9517161999753143,5.785363751951616,2.634815857687691e-16,5.164239081067875e-16,6.966182002762075e-16,1.3653716725413667e-15,3.060077610004691,5.997752115609194,3.088663345896986,6.0537801579580925,2.9895112807166566e-16,5.859442110204647e-16,8.06539046015387e-16,1.5808165301901584e-15,3.0443919669165873,5.967008255156511,2.8285991597778066,5.544054353164501,2.4691647522800695e-16,4.839562914468936e-16,7.694107657844548e-16,1.5080451009375314e-15,2.574242019557674,5.045514358333041,2.9897983569286883,5.860004779580229,2.4582995835298706e-16,4.818267183718547e-16,8.228562469686473e-16,1.6127982440585486e-15,2.4852359546262766,4.871062471067502,3.4854607757916716,6.831503120551676,2.5053241730208654e-16,4.910435379120896e-16,7.566203214892972e-16,1.4829758301190226e-15,2.693802340240266,5.279852586870922,3.179204862442343,6.231241530386992,4.388028248499572e-16,8.600535367059161e-16,7.992475569308478e-16,1.5665252115844616e-15,4.450818613556225,8.7236044825702,3.3804895965031165,6.625759609146108
identity,measure_weighted,5,highdim_local,Local interior,63.0,3.0,21,20,5.269760119725869e-15,1.9495304405436445e-15,6,7.068762103434878e-10,5.212334442264028e-10,6,1.7743076633431656e-15,6.059959626028498e-16,6,3.2840446386903126e-15,1.1666289915258847e-15,6,2.2241796641321073e-15,1.0441593728319883e-15,6,5.3899218609587e-15,1.8642993029520237e-15,6,33.50827390802681,8.066361580318775,6,34.04542295034767,2.7639952146696944,6,1.987092649765955e-15,6.393621181072183e-16,6,5.436364105244992e-15,1.8122879735333905e-15,6,38.917973238477785,3.8558088511939905,6,33.219615047224146,4.078597900701343,6,1.9863212558219785e-15,6.640207119032151e-16,6,5.47251896828639e-15,1.966858180867422e-15,6,38.86923760757452,6.039540136970686,6,33.13535049020785,3.640341255846698,6,1.8221063056667013e-15,6.110801022596677e-16,6,5.2016778526353785e-15,1.893346351693087e-15,6,44.2070114594839,3.3693855063914624,6,36.617911277591666,4.452768944606493,6,1.787396056262063e-15,6.074943077670278e-16,6,5.119537257442212e-15,1.7537817463833642e-15,6,45.330184549323974,3.83447441128816,6,37.20815735774338,3.4979261513226616,6,1.7919808484487076e-15,6.124222096121245e-16,6,5.1584411474654965e-15,1.69248630735666e-15,6,45.205954955342996,3.9045716260896364,6,36.49346732038537,6.36023013985572,6,2.3957600260594403e-15,7.350202807282206e-16,6,5.399374220028573e-15,1.8104474551590156e-15,6,25.53476053714847,13.856286404470472,6,33.67589413711576,6.649585711795147,6,7.958924695592047e-16,1.5599492403360411e-15,2.1279266253802026e-10,4.170736185745197e-10,2.4739681576061655e-16,4.848977588908084e-16,4.76274291396023e-16,9.334976111362052e-16,4.2627627893047863e-16,8.355015067037381e-16,7.610970033431352e-16,1.491750126552545e-15,3.2930783254285245,6.454433517839908,1.128396321239201,2.211656789628834,2.610184917046264e-16,5.115962437410677e-16,7.398634670232254e-16,1.4501323953655218e-15,1.5741273718553783,3.0852896488365413,1.665080620450824,3.263558016083615,2.710853204670849e-16,5.313272281154864e-16,8.029664899239887e-16,1.5738143202510177e-15,2.465631936106168,4.832638594768089,1.4861630944044868,2.912879665032794,2.4947240708399193e-16,4.889659178846242e-16,7.729554113346947e-16,1.5149926062160016e-15,1.375545872898032,2.696069910880143,1.8178353094661805,3.5629572065537136,2.48008512612417e-16,4.860966847203373e-16,7.159783998077367e-16,1.403317663623164e-15,1.565417623235819,3.068218541542205,1.4280223714463165,2.7989238480347804,2.5002032011625143e-16,4.900398274278528e-16,6.909546416118527e-16,1.3542710975592312e-15,1.5940346913448,3.124307995035808,2.5965530815528344,5.089244039843555,3.0007077306356477e-16,5.881387152045869e-16,7.391120785433194e-16,1.448659673944906e-15,5.656805236802738,11.087338264133365,2.714681999133299,5.320776718301266
identity,measure_weighted,5,highdim_local,Local interior,84.0,4.0,21,20,5.269760119725869e-15,1.9495304405436445e-15,6,7.068762103434878e-10,5.212334442264028e-10,6,1.7743076633431656e-15,6.059959626028498e-16,6,2.654518519139466e-15,8.885583164848243e-16,6,2.0239421096627493e-15,7.151196640503846e-16,6,5.486603374434385e-15,1.791857883363692e-15,6,23.626276690495683,5.529052768032495,6,20.57194959209407,3.094445828101628,6,1.936609635848338e-15,5.819540073323721e-16,6,5.250081476064162e-15,1.8552093566482197e-15,6,26.358799561743044,4.010804951196129,6,24.383396278614367,2.0515947288808833,6,1.92372249105553e-15,6.130146226308189e-16,6,5.3818086915836564e-15,1.8315506191463415e-15,6,27.12179279622156,3.2926364426157506,6,22.261974950912343,3.2286296577556253,6,1.8181320362394916e-15,6.108925479049013e-16,6,5.26730769379572e-15,1.817102322161545e-15,6,31.475268551510965,1.889829578326207,6,24.047307795418103,1.872045173425927,6,1.7889033024564396e-15,6.175095224801676e-16,6,5.2749302392667805e-15,1.9609548256246595e-15,6,32.763072763537956,1.5972558204288978,6,24.301640133929208,2.15834044377805,6,1.7887640979224334e-15,6.150985845063017e-16,6,5.342591949698092e-15,1.98139991046232e-15,6,32.75027364454963,1.6564568761181375,6,23.38380642085494,1.7267042776794788,6,2.2972129761960547e-15,6.760892615563763e-16,6,5.668144739637502e-15,1.914361199288189e-15,6,12.376394602678142,11.291282613880654,6,18.029574177675176,4.8129232045515575,6,7.958924695592047e-16,1.5599492403360411e-15,2.1279266253802026e-10,4.170736185745197e-10,2.4739681576061655e-16,4.848977588908084e-16,3.627524136823777e-16,7.109947308174602e-16,2.9194638032566155e-16,5.722149054382966e-16,7.315229176374234e-16,1.4337849185693498e-15,2.257226340433756,4.424163627250162,1.2633022192555228,2.4760723497408246,2.375817286220353e-16,4.656601880991892e-16,7.573860483041989e-16,1.4844766546762298e-15,1.6374042647098175,3.209312358831242,0.8375600407902932,1.6416176799489748,2.5026217171838197e-16,4.905138565680286e-16,7.477274091645238e-16,1.4655457219624667e-15,1.3442131988168957,2.6346578696811154,1.3180825383196613,2.583441775106536,2.493958383392895e-16,4.888158431450075e-16,7.418289166203665e-16,1.4539846765759184e-15,0.7715196946197171,1.5121786014546457,0.7642592417222607,1.497948113775631,2.5209720689768483e-16,4.941105255194623e-16,8.005564552381299e-16,1.5690906522667345e-15,0.6520769581235526,1.278070837922163,0.8811387964114044,1.7270320409663524,2.5111294559143965e-16,4.921813733592217e-16,8.089031261714935e-16,1.5854501272961271e-15,0.6762456879023406,1.3254415482885875,0.7049240694992867,1.381651176218602,2.7601228523136615e-16,5.409840790534777e-16,7.815346869397539e-16,1.5318079864019176e-15,4.609646824261116,9.034907775551787,1.964867670392031,3.8511406339683805
identity,measure_weighted,10,highdim_highfreq,High-frequency,132.0,2.0,66,65,3.5396214327290003e-16,7.859674675672467e-17,6,1.6464260510495876e-10,1.3031531220219027e-10,6,2.5223240835148884e-16,5.778987289138744e-17,6,2.2062830269305366e-15,4.940362364809195e-16,6,4.23975764747195e-16,2.0778196415276054e-16,6,4.639036124019495e-16,1.382931009968032e-16,6,80.85680340823876,6.665054558445627,6,80.34581201438574,3.8097206555328107,6,3.6973835604351706e-16,8.212368860079761e-17,6,4.528756778589122e-16,9.30346854397566e-17,6,82.85759164997539,3.7767877136228334,6,80.50293363318058,4.034184692779227,6,5.42822682300686e-16,1.1115082034090949e-16,6,5.95573677483994e-16,1.145492940263992e-16,6,74.57620158478953,6.312504759598024,6,74.26211440299964,5.477426399943275,6,3.211646028390552e-16,6.739071224251275e-17,6,3.9249520981800885e-16,8.662786666566049e-17,6,85.12707565325071,2.8326293404305956,6,83.0880163995976,3.6155783983066296,6,4.248421080884871e-16,8.67684990199224e-17,6,4.639084069672921e-16,1.0418068708672807e-16,6,80.38908480418239,3.2070982223519753,6,80.07327147417483,3.920563017434934,6,4.718469311696811e-16,1.5281698887361932e-16,6,5.177139254653398e-16,1.4674595434956812e-16,6,78.54813032494086,4.204649399638161,6,77.94012643307668,4.543286398389033,6,6.092857579103122e-16,1.4661580034581825e-16,6,7.228693220675535e-16,1.5212241956169648e-16,6,72.16749724630245,3.650018584642041,6,69.27319515126878,3.6654144316036406,6,3.2086987499454017e-17,6.289049549892988e-17,5.320100342780877e-11,1.0427396671850519e-10,2.3592616814032865e-17,4.624152895550441e-17,2.0168944897053618e-16,3.953113199822509e-16,8.482663165458816e-17,1.662601980429928e-16,5.645792206489126e-17,1.1065752724718686e-16,2.7209971293338047,5.333154373494257,1.5553119447661377,3.04841141174163,3.3526855477862267e-17,6.571263673661004e-17,3.798125128462388e-17,7.444325251786281e-17,1.5418671275314437,3.0220595699616295,1.6469490042426038,3.2280200483155035,4.537713238783227e-17,8.893917948015125e-17,4.676455346011987e-17,9.165852478183495e-17,2.5770692766508922,5.051055782235749,2.236149963918474,4.382853929280209,2.7512143066147955e-17,5.392380040964999e-17,3.5365678472787367e-17,6.931672980666324e-17,1.1564160857485706,2.2665755280671984,1.4760537001467537,2.8930652522876374,3.54230913909987e-17,6.942925912635745e-17,4.253158740250739e-17,8.336191130891448e-17,1.3092923666248881,2.5662130385847806,1.6005631495236563,3.1371037730663662,6.238727446149027e-17,1.222790579445209e-16,5.990878499569927e-17,1.1742121859157057e-16,1.7165409294021872,3.364420221628287,1.8547889052300441,3.6353862542508866,5.985564984617137e-17,1.1731707369849587e-16,6.21037177272891e-17,1.2172328674548665e-16,1.4901138473414424,2.920623140789227,1.4963991755437585,2.9329423840657665
identity,measure_weighted,10,highdim_highfreq,High-frequency,198.0,3.0,66,65,3.5396214327290003e-16,7.859674675672467e-17,6,1.6464260510495876e-10,1.3031531220219027e-10,6,2.5223240835148884e-16,5.778987289138744e-17,6,6.785847759986799e-16,1.0908243414365993e-16,6,3.3349437816919936e-16,8.95026173187973e-17,6,4.135798543783552e-16,9.062781199457231e-17,6,51.403882604404544,5.87544858514025,6,47.630540105574596,5.484101245880259,6,3.1039920474446327e-16,6.19975002587273e-17,6,4.1429808727175734e-16,9.457699795142202e-17,6,54.37189787904875,3.485386764455769,6,47.629614490080506,6.0254420744173744,6,3.35020758100339e-16,6.19391172856069e-17,6,4.1489897889078335e-16,8.25870647464105e-17,6,50.60956063630346,4.169615354111794,6,47.366956561045185,5.1428929069848515,6,2.821601575167183e-16,6.646541476171635e-17,6,3.7045404957485835e-16,8.513577185528235e-17,6,58.67274072899949,3.869385263135271,6,53.13490201938444,5.298852930103912,6,2.797183412001194e-16,6.097749841337675e-17,6,3.778000150942735e-16,8.53943617201911e-17,6,58.953495981443076,3.6087728948581566,6,52.16265020313016,6.07914207020775,6,2.887436002757e-16,6.459402619879803e-17,6,3.6816013916706147e-16,8.769793922123693e-17,6,57.66362665053009,3.744713221171269,6,53.46215959062501,5.627370452404789,6,3.69871428861209e-16,1.123047153690206e-16,6,4.665005247926449e-16,1.2950106803682334e-16,6,46.10939421590141,8.902694017618801,6,41.17548782298788,10.179502448376075,6,3.2086987499454017e-17,6.289049549892988e-17,5.320100342780877e-11,1.0427396671850519e-10,2.3592616814032865e-17,4.624152895550441e-17,4.453271725878609e-17,8.728412582722074e-17,3.653929051244034e-17,7.161700940438307e-17,3.699864931526453e-17,7.251735265791848e-17,2.39864184059183,4.701338007559986,2.2388749583613574,4.38819491838826,2.5310373493658326e-17,4.9608332047570317e-17,3.8610897730872315e-17,7.567735955250974e-17,1.4229031881944427,2.7888902488611076,2.459876426169926,4.821357795293054,2.5286538744689725e-17,4.956161593959186e-17,3.371602799715046e-17,6.60834148744149e-17,1.702238340208015,3.3363871468077093,2.0995772373152928,4.115171385137974,2.7134391951442308e-17,5.3183408224826926e-17,3.4756533317240483e-17,6.812280530179135e-17,1.5796699188210395,3.0961530408892375,2.1632476501343536,4.239965394263333,2.4893959484023977e-17,4.8792160588686994e-17,3.486210218752076e-17,6.83297202875407e-17,1.4732753649981687,2.8876197153964105,2.481799357649263,4.8643267409925555,2.6370400769837277e-17,5.1685985508881065e-17,3.5802533764273745e-17,7.017296617797654e-17,1.5287727708205965,2.996394630808369,2.297364367001111,4.502834159322177,4.584820806043339e-17,8.986248779844944e-17,5.286858963927755e-17,1.03622435692984e-16,3.6345096132157364,7.123638841902843,4.155764472322241,8.145298365751593
identity,measure_weighted,10,highdim_highfreq,High-frequency,264.0,4.0,66,65,3.5396214327290003e-16,7.859674675672467e-17,6,1.6464260510495876e-10,1.3031531220219027e-10,6,2.5223240835148884e-16,5.778987289138744e-17,6,4.477652544931622e-16,8.244555101371389e-17,6,3.2551792378484925e-16,8.082649609591351e-17,6,3.9479724154448945e-16,8.623308184465253e-17,6,27.716875747055003,9.11595855259505,6,29.83552180967203,2.259545028639841,6,2.9162501666387467e-16,5.93750721098861e-17,6,3.9012343777909656e-16,7.577877427537469e-17,6,35.042359309709845,1.9000754500658419,6,30.448331933712968,1.8914078309122857,6,3.055799056942263e-16,7.133677550668501e-17,6,4.047789786415948e-16,1.0712926502292159e-16,6,32.17652998139438,4.126411181580151,6,28.487664545094006,5.5157062653222555,6,2.709978690055097e-16,5.736069454659421e-17,6,3.6163817593476115e-16,7.258089354441046e-17,6,39.70339634728137,1.681516276897852,6,35.56511243864846,1.5074986194867848,6,2.665835614559704e-16,6.029088672163564e-17,6,3.5958085289002236e-16,6.36020932752882e-17,6,40.79392110946214,2.5598706944015293,6,35.74993773174787,2.9132180565926,6,2.6747278363994496e-16,6.086587916875077e-17,6,3.641758067500987e-16,8.35871013882302e-17,6,40.60172850127807,2.7152115049483214,6,35.30463805826158,4.066998100127474,6,3.185727263550701e-16,8.701412093961582e-17,6,4.2593395392397743e-16,9.861848322953933e-17,6,29.622164919056384,7.532835891842151,6,24.37313333181964,5.268744486208247,6,3.2086987499454017e-17,6.289049549892988e-17,5.320100342780877e-11,1.0427396671850519e-10,2.3592616814032865e-17,4.624152895550441e-17,3.3658255257699905e-17,6.597018030509181e-17,3.299727885534079e-17,6.467466655646795e-17,3.520450824450978e-17,6.900083615923917e-17,3.7215744950363603,7.294286010271266,0.9224553951683355,1.8080125745299376,2.4239771685029594e-17,4.7509952502658e-17,3.093655505136868e-17,6.063564790068261e-17,0.7757025542417352,1.520377006313801,0.7721640135399039,1.5134414665382117,2.912311664780853e-17,5.708130862970472e-17,4.3735339304257855e-17,8.57212650363454e-17,1.6846003106310659,3.301816608836889,2.2517776535186296,4.413484200896514,2.341740548846692e-17,4.5898114757395164e-17,2.96310257098452e-17,5.80768103912966e-17,0.6864761454307079,1.3454932450441874,0.6154337342821135,1.2062501191929424,2.4613651434658172e-17,4.8242756811930015e-17,2.5965445849559567e-17,5.089227386513675e-17,1.0450628347979662,2.0483231562040136,1.1893162913523865,2.3310599310506777,2.4848391118222554e-17,4.8702846591716203e-17,3.412429124657457e-17,6.688361084328616e-17,1.108480455142965,2.1726216920802113,1.6603450216968203,3.254276242525768,3.552336611981399e-17,6.962579759483542e-17,4.026082718659858e-17,7.891122128573322e-17,3.0752673751893873,6.027524055371199,2.1509559293854212,4.215873621595425
identity,measure_weighted,10,highdim_local,Local interior,132.0,2.0,66,65,1.3511685856162633e-15,3.4410217745061145e-16,6,6.743836877820542e-10,4.6040294220329906e-10,6,9.591424073041688e-16,2.572527569617434e-16,6,2.6573839897602796e-15,7.138101892648582e-16,6,1.5986559035091394e-15,1.1088153888352443e-15,6,1.6377372182926796e-15,4.833358433885463e-16,6,42.045688061446555,29.56796131260367,6,50.93516120272278,3.8118105614371602,6,1.2503450408639563e-15,3.913819759502113e-16,6,1.6025305846915358e-15,4.0755584812874006e-16,6,53.06312346208946,5.526591866775371,6,51.40802434799084,4.743033441441446,6,1.398064161673012e-15,4.0601310446697595e-16,6,1.8987140429746833e-15,5.850601829387453e-16,6,47.40921796837032,5.163246412935075,6,43.220836489007894,5.600801415643076,6,1.044221679577904e-15,2.9178811330566813e-16,6,1.4230934428400653e-15,3.8418614559296065e-16,6,60.72458377571351,2.714677520962433,6,57.132086201611685,2.955611541965398,6,9.920515231378648e-16,2.6116430623350773e-16,6,1.3850773003683204e-15,3.5735969849340737e-16,6,62.55218353619608,2.2445996667238894,6,58.18173483044953,2.274235872868809,6,1.010447024146434e-15,2.5101124739535596e-16,6,1.4073464224000994e-15,3.482420687346429e-16,6,61.75213372644286,1.6888683203851744,6,57.426973215980674,1.8590183903074942,6,1.6063834659559527e-15,4.245227115683162e-16,6,2.0003875040196196e-15,5.252110681035566e-16,6,39.34530835919809,5.622433778185223,6,39.09270717520891,9.966040335610282,6,1.4047912568910498e-16,2.7533908635064575e-16,1.879587140790296e-10,3.68399079594898e-10,1.0502299824674737e-16,2.0584507656362485e-16,2.914117894830649e-16,5.711671073868071e-16,4.52671986932012e-16,8.872370943867435e-16,1.9732103178328349e-16,3.8674922229523564e-16,12.071069658372089,23.659296530409293,1.5561651452788188,3.0500836847464847,1.5978102260004252e-16,3.131708042960833e-16,1.6638397826710792e-16,3.261125974035315e-16,2.256221681702535,4.422194496136968,1.9363352940814034,3.7952171763995506,1.6575415580456878e-16,3.2487814537695477e-16,2.388498195032177e-16,4.681456462263067e-16,2.107886521324417,4.131457581795858,2.28651760316387,4.481574502201185,1.1912199843471499e-16,2.3347911693204136e-16,1.56843337158227e-16,3.074129408301249e-16,1.108262457093591,2.1721944159034385,1.206623359282636,2.364981784193967,1.0661988155001034e-16,2.0897496783802026e-16,1.4589148599061508e-16,2.8594731254160554e-16,0.9163539767157847,1.796053794362938,0.9284529072102826,1.819767698132154,1.0247491263635587e-16,2.0085082876725751e-16,1.4216922922851705e-16,2.7865168928789343e-16,0.6894776046158232,1.3513761050470134,0.758941079783917,1.4875245163764772,1.7331067126084871e-16,3.396889156712635e-16,2.1441652068597653e-16,4.20256380544514e-16,2.295348978190396,4.498883997253176,4.068618929706802,7.974493102225332
identity,measure_weighted,10,highdim_local,Local interior,198.0,3.0,66,65,1.3511685856162633e-15,3.4410217745061145e-16,6,6.743836877820542e-10,4.6040294220329906e-10,6,9.591424073041688e-16,2.572527569617434e-16,6,1.633286791190608e-15,4.3424836894270955e-16,6,1.262873899824506e-15,5.893351826245997e-16,6,1.4846577722438182e-15,4.0228184078929627e-16,6,24.582734733467507,18.21330856785735,6,31.44325478586086,2.9927305442299916,6,1.1130889887469216e-15,3.2191063674367016e-16,6,1.4850826313524036e-15,3.9157982645423676e-16,6,32.07499772669811,4.613343513021639,6,31.318839926890632,2.7139790575693854,6,1.1310575421730658e-15,3.090388279086205e-16,6,1.5696588355411197e-15,4.208164484047428e-16,6,30.81602326444042,3.1873279721786862,6,27.452091327259694,2.5785037370194033,6,1.0002012673368655e-15,2.6839962589528184e-16,6,1.409065154308837e-15,3.5768924223872487e-16,6,38.76897485256776,2.418373543531027,6,34.686361566596624,2.755891767359549,6,9.788156476725911e-16,2.6806523733991557e-16,6,1.3810576888180937e-15,3.945882095473427e-16,6,40.156440069975496,2.4125041493517223,6,36.45868708233339,3.426494946474944,6,9.78848165273667e-16,2.6605060294678857e-16,6,1.4202324791312921e-15,3.8483129350218556e-16,6,40.12788621053972,2.3357626165038314,6,34.39139878289709,2.8946292420663977,6,1.2264601289653827e-15,3.0364192814577045e-16,6,1.6132455549286619e-15,3.714400592601196e-16,6,24.46367383376426,3.7766044957891243,6,24.711570721883685,5.274298707871316,6,1.4047912568910498e-16,2.7533908635064575e-16,1.879587140790296e-10,3.68399079594898e-10,1.0502299824674737e-16,2.0584507656362485e-16,1.7728115425758206e-16,3.474710623448608e-16,2.4059508081670134e-16,4.715663584007346e-16,1.6423087378688612e-16,3.218925126222968e-16,7.435552086518593,14.573682089576442,1.2217771285008805,2.394683171861726,1.3141946713273695e-16,2.5758215558016444e-16,1.5986179473007834e-16,3.1332911767095357e-16,1.8833896025136365,3.6914436209267274,1.1079773106074278,2.171635528790558,1.261645731806503e-16,2.4728256343407455e-16,1.7179759566031069e-16,3.3672328749420895e-16,1.3012211957895998,2.5503935437476155,1.0526697425928537,2.063232695481993,1.0957368843288921e-16,2.1476442932846283e-16,1.4602602166127402e-16,2.8621100245609707e-16,0.9872968648495766,1.93510185510517,1.12508810272797,2.2051726813468213,1.0943717487681024e-16,2.1449686275854806e-16,1.6108996198489922e-16,3.157363254904025e-16,0.9849006947098168,1.9304053616312409,1.3988607041814618,2.7417669801956652,1.0861470382990644e-16,2.1288481950661663e-16,1.5710671768926437e-16,3.079291666709582e-16,0.9535710951170889,1.8689993464294943,1.1817274396003146,2.3161857816166167,1.2396129807866193e-16,2.429641442341774e-16,1.516397692027398e-16,2.9721394763737e-16,1.5417923291640494,3.021912965161537,2.1532234308842266,4.220317924533084
identity,measure_weighted,10,highdim_local,Local interior,264.0,4.0,66,65,1.3511685856162633e-15,3.4410217745061145e-16,6,6.743836877820542e-10,4.6040294220329906e-10,6,9.591424073041688e-16,2.572527569617434e-16,6,1.379498360484707e-15,3.8341309420147884e-16,6,1.154755268247944e-15,4.0659104908902804e-16,6,1.4612094123317575e-15,3.9758446349137883e-16,6,17.016322928001767,10.994885929580395,6,20.555284332157598,1.9658798427845863,6,1.0781198788640703e-15,3.0838311803334745e-16,6,1.4552974228873229e-15,3.460127996463878e-16,6,21.959856779610163,1.830571028298831,6,20.25594869694488,3.0354661154468734,6,1.068204703652262e-15,2.9358800709101686e-16,6,1.4656587748053808e-15,3.740891122460495e-16,6,22.495757257522882,0.5650203295251924,6,19.924977128513408,3.5424329395273935,6,9.937536949771096e-16,2.6673682800998733e-16,6,1.4141567217895362e-15,3.853285632793796e-16,6,27.784138853771186,1.0710585493139737,6,23.138575644889013,1.9504319148327791,6,9.810697756237729e-16,2.66905943779665e-16,6,1.398078573775863e-15,3.752943249021582e-16,6,28.778062700610576,0.8124052108592633,6,23.900943797129518,2.75268611114658,6,9.800178566490276e-16,2.687215181361914e-16,6,1.3339585510512035e-15,3.401159538117132e-16,6,28.88798717717047,0.7815967216588134,6,27.16265373721519,2.3212135621134085,6,1.1825542662555539e-15,3.4735795344502387e-16,6,1.566399592722029e-15,4.038167900926519e-16,6,14.483178992421733,6.6991042870329816,6,14.517707427342394,3.305103100985121,6,1.4047912568910498e-16,2.7533908635064575e-16,1.879587140790296e-10,3.68399079594898e-10,1.0502299824674737e-16,2.0584507656362485e-16,1.5652774024921382e-16,3.067943708884591e-16,1.6599010070850432e-16,3.2534059738866847e-16,1.623131775353476e-16,3.181338279692813e-16,4.488643384596378,8.797741033808899,0.8025670850741752,1.5730314867453834,1.258968807450298e-16,2.467578862602584e-16,1.4125913393425297e-16,2.768679025111358e-16,0.7473274928756737,1.4647618860363203,1.2392238523921693,2.4288787506886518,1.1985680199560014e-16,2.3491933191137625e-16,1.527212405555939e-16,2.9933363148896402e-16,0.23066858360598838,0.4521104238677372,1.4461921916449356,2.834536695624074,1.0889485403883079e-16,2.1343391391610835e-16,1.573097272257032e-16,3.0832706536237825e-16,0.4372578217441349,0.8570253306185044,0.796260494896641,1.5606705699974164,1.0896389526269217e-16,2.1356923471487666e-16,1.532132665620957e-16,3.0029800246170754e-16,0.33166303849722845,0.6500595554545677,1.1237793990592106,2.202607622156053,1.097051003899541e-16,2.1502199676431005e-16,1.3885175670311814e-16,2.7214944313811155e-16,0.3190855254493704,0.625407629880766,0.947631468534333,1.8573576783272927,1.4180829067295712e-16,2.779442497189959e-16,1.6485751421592978e-16,3.2312072786322236e-16,2.734897872820351,5.3603998307278875,1.3493026907839882,2.6446332739366167
identity,measure_weighted,20,highdim_highfreq,High-frequency,462.0,2.0,231,230,1.8145945981961127e-16,3.6206105740651606e-17,6,6.554878769401048e-10,4.956269093241604e-10,6,2.579682928687768e-16,4.976083191793184e-17,6,6.956306175082655e-16,2.0249174743778285e-16,6,3.9846044239311806e-16,6.942477520995718e-17,6,2.5514681410066154e-16,4.924715991184427e-17,6,41.037661010411476,8.556610352104839,6,40.27207602342739,6.469403602919169,6,3.836663797580791e-16,7.307217628257742e-17,6,2.4940577146587022e-16,4.8763161827871656e-17,6,43.5029906123689,6.832225117971621,6,41.52954056907209,7.681413952651045,6,4.711887216688795e-16,1.2411093451228008e-16,6,3.0487355034219027e-16,7.779938832934923e-17,6,31.750782640498585,3.7196724381901647,6,29.554707281258498,5.169009062553943,6,3.000542946428105e-16,5.762210140592641e-17,6,1.9988468684158245e-16,4.312078293379071e-17,6,55.921394208442706,3.9976063501667967,6,53.366767905601456,4.841615914857465,6,2.9530028542445256e-16,6.443921323254472e-17,6,1.9857249504055863e-16,5.179099630908231e-17,6,56.87657154531314,2.932554741797344,6,54.258846730640236,2.3739278829158663,6,3.139311362036638e-16,8.078596787082618e-17,6,1.9934457597016103e-16,5.42919448985885e-17,6,54.52569227789684,2.2197586103984386,6,54.196079718076874,2.064439877869826,6,5.157002775664346e-16,1.1097376607255246e-16,6,3.23144566554875e-16,6.929134858723674e-17,6,24.106830018021245,10.733601259021233,6,24.551001773012263,8.659227246970792,6,1.4781080772974876e-17,2.8970918315030756e-17,2.0233883843947655e-10,3.96584123341374e-10,2.0314774562555308e-17,3.98169581426084e-17,8.266690972451517e-17,1.6202714306004974e-16,2.8342545795303e-17,5.555138975879388e-17,2.010506884421091e-17,3.940593493465338e-17,3.4932215484121936,6.846714234887899,2.641122961212507,5.176601003976514,2.983159104783627e-17,5.846991845375908e-17,1.9907477453841306e-17,3.9018655809528955e-17,2.7892442244761795,5.466918679973312,3.1359241145150545,6.146411264449506,5.06680768425108e-17,9.930943061132117e-17,3.176146728459104e-17,6.225247587779844e-17,1.518549913976684,2.9763578313943007,2.110239113179863,4.136068661832531,2.3524124391904816e-17,4.610728380813344e-17,1.7603985916183378e-17,3.450381239571942e-17,1.6320159584030778,3.1987512784700325,1.9765814203231926,3.8740995838334573,2.6307198641022722e-17,5.156210933640453e-17,2.1143585704603093e-17,4.144142798102206e-17,1.197210460030461,2.3465325016597034,0.9691519998849001,1.8995379197744042,3.298073327673336e-17,6.464223722239738e-17,2.2164593690807006e-17,4.344260363398173e-17,0.9062126579376028,1.7761768095577013,0.8428040509057826,1.6518959397753339,4.530485028545619e-17,8.879750655949413e-17,2.828807460467501e-17,5.544462622516302e-17,4.381974364516187,8.588669754451725,3.535114720313929,6.928824851815301
identity,measure_weighted,20,highdim_highfreq,High-frequency,693.0,3.0,231,230,1.8145945981961127e-16,3.6206105740651606e-17,6,6.554878769401048e-10,4.956269093241604e-10,6,2.579682928687768e-16,4.976083191793184e-17,6,4.2810099269167236e-16,9.249193902412243e-17,6,3.311637810756294e-16,6.537198491499732e-17,6,2.1188900445882326e-16,4.7251505932001766e-17,6,22.397876126242636,2.249886018218834,6,24.833362711258513,3.566004912017425,6,3.218641044876437e-16,6.099415101223667e-17,6,2.1393294318547032e-16,4.389973776971934e-17,6,24.4700931798679,3.2315418076548847,6,23.968490566098065,3.535017277980824,6,3.391854786566893e-16,7.200346694016242e-17,6,2.181209031200435e-16,5.1872176645492976e-17,6,20.695656279212056,2.738447422454958,6,22.657949503788995,5.987957532413905,6,2.819572872326433e-16,5.628549692478306e-17,6,1.906516098885192e-16,4.349356908299372e-17,6,33.95452555080125,1.3751613752635452,6,32.295219374495105,4.516970771800602,6,2.7233144076750873e-16,5.215372712265662e-17,6,1.8750227511370113e-16,3.926564646159433e-17,6,36.12165349312635,1.7197262827152977,6,33.387692032519396,3.4689604680160455,6,2.7344831811900495e-16,5.216623881521255e-17,6,1.9204862705919773e-16,4.437254257273748e-17,6,35.844523474631465,1.9472886313748408,6,31.9847441883061,2.6091911611096377,6,3.8116398894958604e-16,8.311744886186488e-17,6,2.5255087627440393e-16,5.693205400027391e-17,6,10.947085361115812,4.16355646671807,6,10.503228532301177,4.647146737200022,6,1.4781080772974876e-17,2.8970918315030756e-17,2.0233883843947655e-10,3.96584123341374e-10,2.0314774562555308e-17,3.98169581426084e-17,3.775967598828585e-17,7.400896493704025e-17,2.6688001085777098e-17,5.2308482128123113e-17,1.9290346518582804e-17,3.78090791764223e-17,0.9185121206763869,1.8002837565257181,1.4558154091168523,2.8533982018690303,2.4900757879040323e-17,4.880548544291903e-17,1.79219928962998e-17,3.512710607674761e-17,1.3192714185376084,2.5857719803337127,1.44316476049589,2.828602930571944,2.9395292285792584e-17,5.761477288015347e-17,2.117672743816203e-17,4.150638577879758e-17,1.1179664787424088,2.1912142983351215,2.4445734259781884,4.791363914917249,2.2978457897451706e-17,4.503777747900534e-17,1.7756175224304114e-17,3.4802103439636066e-17,0.5614072805632772,1.1003582699040233,1.8440455956628317,3.61432936749915,2.1291669939143373e-17,4.173167308072101e-17,1.603013304190432e-17,3.1419060762132465e-17,0.7020753149842943,1.3760676173692168,1.4161971807542728,2.7757464742783746,2.129677781624014e-17,4.174168451983068e-17,1.811501464885506e-17,3.550542871175592e-17,0.7949772547984943,1.5581554194050489,1.0651978310164314,2.0877877487922056,3.3932556405573896e-17,6.650781055492484e-17,2.324241371820816e-17,4.555513088768799e-17,1.699764809787414,3.3315390271833314,1.897189710996628,3.718491833553391
identity,measure_weighted,20,highdim_highfreq,High-frequency,924.0,4.0,231,230,1.8145945981961127e-16,3.6206105740651606e-17,6,6.554878769401048e-10,4.956269093241604e-10,6,2.579682928687768e-16,4.976083191793184e-17,6,3.6188121490072916e-16,7.570422454333e-17,6,3.0528457756637645e-16,6.188458936921783e-17,6,1.996135243125424e-16,4.1204989194609967e-17,6,15.54873362600263,2.163063027180504,6,17.080803553749714,5.455546415555564,6,3.0400067597441444e-16,5.903273377124201e-17,6,1.992351442585644e-16,3.592631830347191e-17,6,15.79399757426745,2.764596295790315,6,16.95348241647494,4.4049746816687785,6,3.0469718572752215e-16,6.00404584423509e-17,6,2.0731544302259391e-16,4.617052927915637e-17,6,15.637904169546898,2.9297204359916016,6,14.173850505762445,2.881571993260879,6,2.7618974127454314e-16,5.4356914956226754e-17,6,1.95187106345261e-16,4.680386595441293e-17,6,23.51727199364876,1.2198200302308775,6,19.413553154726426,3.7873945709384165,6,2.6988546871880204e-16,5.274479202366373e-17,6,1.8510764262008057e-16,4.2064029875337816e-17,6,25.242629439435408,1.3359264736121401,6,23.49149357367401,2.715172164178394,6,2.69794865066655e-16,5.143170838502516e-17,6,1.8632511061020058e-16,4.278293034438721e-17,6,25.200845782505738,1.8183012449631974,6,22.97793608484919,2.442652061672587,6,3.331458540644031e-16,6.071220209385365e-17,6,2.2673314790542374e-16,5.622635195740168e-17,6,7.499326436106681,3.9886451767660485,6,6.627936248944919,2.510530950066162,6,1.4781080772974876e-17,2.8970918315030756e-17,2.0233883843947655e-10,3.96584123341374e-10,2.0314774562555308e-17,3.98169581426084e-17,3.09061202507069e-17,6.057599569138553e-17,2.5264277816041332e-17,4.951798451944101e-17,1.682186639728147e-17,3.2970858138671676e-17,0.8830667830120292,1.7308108947035772,2.227217497696815,4.365346295485757,2.4100012643517906e-17,4.723602478129509e-17,1.4666858030053002e-17,2.874704173890388e-17,1.1286417115791243,2.2121377546950836,1.7983233833278782,3.524713831322641,2.4511414517756372e-17,4.804237245480249e-17,1.884903964802732e-17,3.694411771013355e-17,1.1960533595306149,2.344264584680005,1.1763968400973002,2.305737806590708,2.2191117605769163e-17,4.349459050730756e-17,1.910759826298888e-17,3.7450892595458206e-17,0.49798944201533346,0.9760593063500536,1.5461973588977247,3.0305468234395403,2.153297117453272e-17,4.220462350208413e-17,1.7172568286627526e-17,3.365823384178995e-17,0.5453896990375733,1.0689638101136436,1.1084643943408967,2.1725902129081573,2.0996907023822454e-17,4.1153937766692006e-17,1.746605817413061e-17,3.4233474021295996e-17,0.7423183748045392,1.4549440146168968,0.9972085283758642,1.9545287156166937,2.4785652715112318e-17,4.8579879321620145e-17,2.2954312065628718e-17,4.499045164863229e-17,1.628357574681672,3.1915808463760773,1.0249199685211285,2.008843138301412
identity,measure_weighted,20,highdim_local,Local interior,462.0,2.0,231,230,6.645064069998669e-16,1.229063186732134e-16,6,5.632559418877747e-10,3.2197221567167336e-10,6,9.525275352729427e-16,1.615069836812729e-16,6,2.1886951663288866e-15,3.750086260316981e-16,6,1.448571500291397e-15,2.2010745711387064e-16,6,8.612324605127965e-16,1.4822593182033175e-16,6,33.580644662532464,3.9717923469941727,6,39.126834742718955,4.217434270012743,6,1.4023629442164312e-15,2.4757729297580167e-16,6,8.936794294859546e-16,1.7158133771505965e-16,6,35.93489513924492,2.047767156111945,6,37.041188980413224,2.437110964918353,6,1.5640163595736757e-15,2.6658100786143373e-16,6,1.0413994457813934e-15,1.8804393332438223e-16,6,28.500829686589327,4.464583281659138,6,26.564185707922906,3.317750040317279,6,1.0825017721228105e-15,1.7866275732429805e-16,6,7.353911823916019e-16,1.292942029600896e-16,6,50.49312402428044,1.7625061061919953,6,48.03371452688387,4.053237111517496,6,9.730909393853496e-16,1.5846048081953633e-16,6,6.615218678345281e-16,1.1099730513190217e-16,6,55.48212076421172,0.954205196364085,6,53.175878162230994,3.580396396740785,6,9.74115869538448e-16,1.6443834903315802e-16,6,6.804218257696351e-16,1.114504161236757e-16,6,55.47803202043584,0.834790996130396,6,51.90335556315364,1.8188528062485125,6,1.8226867247919528e-15,3.3063038688485454e-16,6,1.1689488447075215e-15,2.1710860906931314e-16,6,16.78342033152571,3.6887454075272474,6,17.592365302415015,2.65747252516525,6,5.017629448554614e-17,9.834553719167044e-17,1.3144460662482287e-10,2.5763142898465284e-10,6.593494998585469e-17,1.292325019722752e-16,1.5309663048664287e-16,3.0006939575382e-16,8.985849308508574e-17,1.7612264644676805e-16,6.051298326806356e-17,1.1860544720540458e-16,1.6214774357378254,3.1780957740461377,1.7217603308764124,3.3746502485177685,1.01073006615042e-16,1.9810309296548233e-16,7.004778779767585e-17,1.3729366408344467e-16,0.8359974407507481,1.6385549838714664,0.9949463850986533,1.9500949147933604,1.0883124072956395e-16,2.1330923182994534e-16,7.676861431177969e-17,1.504664840510882e-16,1.8226584923708866,3.5724106450469377,1.3544657821459418,2.654752933006046,7.293876524720471e-17,1.4295997988452123e-16,5.278413732534432e-17,1.0345690915767487e-16,0.719540104785002,1.4102986053786037,1.6547271216217039,3.2432651583785397,6.469122040065747e-17,1.2679479198528866e-16,4.5314460066194836e-17,8.881634172974188e-17,0.38955264016737245,0.76352317472805,1.4616907081524007,2.8649137879787054,6.713167487948679e-17,1.315780827637941e-16,4.5499441853976766e-17,8.917890603379446e-17,0.3408019970648595,0.6679719142471245,0.7425435487563552,1.455385355562456,1.3497929022114752e-16,2.645594088334491e-16,8.863421849753424e-17,1.737230682551671e-16,1.5059240065794246,2.951611052895672,1.0849086153533984,2.126420886092661
identity,measure_weighted,20,highdim_local,Local interior,693.0,3.0,231,230,6.645064069998669e-16,1.229063186732134e-16,6,5.632559418877747e-10,3.2197221567167336e-10,6,9.525275352729427e-16,1.615069836812729e-16,6,1.5247574633569725e-15,2.446207631729253e-16,6,1.1830267687312133e-15,1.8511844838403613e-16,6,7.599961008925842e-16,1.4749496714021802e-16,6,22.369439828721152,1.6687134553194287,6,24.726108583108882,2.4524113098060276,6,1.1687176540487318e-15,1.8742946066258552e-16,6,7.872700433589712e-16,1.5520586877221397e-16,6,23.28592295276017,3.2167417954487085,6,22.0314572268101,3.400235627436658,6,1.2179656113921625e-15,2.2604555986876757e-16,6,8.105937764103415e-16,1.6681409362662903e-16,6,20.36165326903964,2.3616500257584097,6,19.86616489590133,2.9832627075110025,6,1.0334895670849204e-15,1.6809386904043423e-16,6,7.232610976167712e-16,1.2985481936806653e-16,6,32.22175471917229,0.9134354926232099,6,28.24682190984825,1.5959595852290573,6,9.842308029607365e-16,1.6581243871365632e-16,6,6.83139796419839e-16,1.2399051212429065e-16,6,35.50193420951251,1.1644477585495705,6,32.235109728709965,1.8918875087796585,6,9.850530822852233e-16,1.6161753432118206e-16,6,6.721287194316959e-16,9.883355404756962e-17,6,35.405790572807,1.2078397196334187,6,33.017731016023944,2.931127755208817,6,1.3354990096217496e-15,2.573655882822549e-16,6,8.849196846994621e-16,1.7185968057096772e-16,6,12.686435333512941,4.348844627896739,6,12.288200700943221,5.024534693533827,6,5.017629448554614e-17,9.834553719167044e-17,1.3144460662482287e-10,2.5763142898465284e-10,6.593494998585469e-17,1.292325019722752e-16,9.986600837731227e-17,1.9573737641953203e-16,7.557429008610563e-17,1.4812560856876703e-16,6.021456818701767e-17,1.1802055364655462e-16,0.6812494154082027,1.3352488542000773,1.001192724742554,1.9623377404954059,7.65177568980644e-17,1.4997480352020622e-16,6.336253059621502e-17,1.2419055996858142e-16,1.3132293388555927,2.5739295041569616,1.3881403820753364,2.720755148867659,9.228271338337117e-17,1.808741182314075e-16,6.81015685483501e-17,1.3347907435476618e-16,0.9641395856898088,1.8897135879520253,1.2179119003459622,2.387107324678086,6.862403467321375e-17,1.3450310795949895e-16,5.3013008015506894e-17,1.0390549571039351e-16,0.372908478312442,0.7309006174923863,0.6515477723191786,1.27703363374559,6.769264464249425e-17,1.3267758349928872e-16,5.0618914608480544e-17,9.921307263262187e-17,0.4753838067623393,0.9317522612541851,0.7723598412092323,1.5138252887700954,6.598008209560729e-17,1.2932096090739029e-16,4.034862948038811e-17,7.90833137815607e-17,0.49309850069469485,0.9664730613616019,1.1966278951951799,2.3453906745825526,1.05069061440457e-16,2.059353604232957e-16,7.016142079276315e-17,1.3751638475381576e-16,1.7754083848317983,3.4798004342703246,2.051257699011555,4.020465090062648
identity,measure_weighted,20,highdim_local,Local interior,924.0,4.0,231,230,6.645064069998669e-16,1.229063186732134e-16,6,5.632559418877747e-10,3.2197221567167336e-10,6,9.525275352729427e-16,1.615069836812729e-16,6,1.3074026975224467e-15,2.138693656001622e-16,6,1.1225019760202297e-15,1.7193494084526861e-16,6,7.320072185630227e-16,1.3904532677037233e-16,6,13.967085040383212,3.678425229283467,6,16.621210225052554,2.5376655036844804,6,1.1054063136435675e-15,1.8422915396296882e-16,6,7.503381250652941e-16,1.7687782593089538e-16,6,15.455702820549993,2.445751760602133,6,14.99289965172209,5.645770696053956,6,1.1022137388614163e-15,1.985014697102251e-16,6,7.507565648002578e-16,1.4933674157365015e-16,6,15.857110920944953,1.962514628931139,6,14.570301305726952,1.9278107303204783,6,1.0110705391558768e-15,1.6129979142266177e-16,6,6.912631297528495e-16,1.1864700609744282e-16,6,22.61671990462982,1.1833505972806777,6,20.98928174966206,3.092680266317787,6,9.882326198441949e-16,1.6168909655411767e-16,6,6.93061644179185e-16,1.243435558542249e-16,6,24.405147487861626,0.9777050362752913,6,20.915373323497946,2.3551223772101744,6,9.84254574125042e-16,1.6047599003358593e-16,6,6.792907056182784e-16,1.184559592791109e-16,6,24.695176719013517,1.202228572237441,6,22.457483289396126,1.4397462858325722,6,1.1719867134520513e-15,1.8982057654399617e-16,6,8.034213597349823e-16,1.46689194298714e-16,6,10.264743394036556,3.5374239016202695,6,8.272973699917298,3.5532658901908376,6,5.017629448554614e-17,9.834553719167044e-17,1.3144460662482287e-10,2.5763142898465284e-10,6.593494998585469e-17,1.292325019722752e-16,8.731180288885714e-17,1.7113113366216e-16,7.019214567108633e-17,1.375766055153292e-16,5.676501695099371e-17,1.1125943322394767e-16,1.5017108114541189,2.943353190450073,1.0359976036483072,2.030555303150682,7.521123715898584e-17,1.4741402483161224e-16,7.221007005725278e-17,1.4153173731221545e-16,0.998473975164804,1.9570089913230158,2.304876235015002,4.517557420629403,8.103788566376368e-17,1.588342559009768e-16,6.096646945088638e-17,1.1949428012373728e-16,0.80119324227146,1.5703387548520618,0.7870254349912266,1.542569852582804,6.585036410047935e-17,1.2906671363693951e-16,4.8437437407936565e-17,9.493737731955566e-17,0.48310085835922795,0.9468776823840868,1.2625814316755612,2.4746596060841,6.600929725486503e-17,1.2937822261953545e-16,5.0763044107685187e-17,9.949556645106297e-17,0.39914640963729686,0.7823269628891019,0.9614746843292429,1.884490381285316,6.551404859170738e-17,1.2840753523974646e-16,4.8359442870953995e-17,9.478450802706983e-17,0.4908077593627462,0.9619832083509825,0.587773959892844,1.1520369613899741,7.74939258689513e-17,1.5188809470314455e-16,5.988561280197143e-17,1.17375801091864e-16,1.4441472604824834,2.8305286305456674,1.450614725233966,2.8432048614585734
relu,gpu_geometry,5,highdim_poly3,Sparse cubic,42.0,2.0,21,20,0.001896705802707512,0.000546955717038862,6,0.02043462481950953,0.003022318224487706,6,0.0006724626703731002,0.00018532388333008417,6,0.0015051194188676613,0.00043540641615387747,6,0.003198966728430161,0.0010170224000436853,6,0.0051101287410958915,0.0018895726093212028,6,-111.0662698332232,16.580154878832996,6,-40.75665486342942,30.961514738237103,6,0.0022661430250321165,0.0007524125706182407,6,0.003701521255409186,0.0012632479021817183,6,-51.46059377019713,23.59782466105562,6,-0.8909557647888597,8.034497606841912,6,0.0021815100610027087,0.0005758965938840647,6,0.003942942980822236,0.0013230411067157387,6,-46.36083826036153,9.604345082629354,6,-7.700570145154874,11.578139351415484,6,0.0007344310812495532,0.00022925378103035897,6,0.0019207503590342931,0.0005381210531617052,6,51.459365685021396,2.694284572423697,6,46.72018774954116,3.6859198804124644,6,0.0006733346594768692,0.00018555248625146118,6,0.0018489217574512353,0.0005145635326687946,6,55.06545458063763,1.4004141046538763,6,48.750885946323116,4.118721247523176,6,0.0006728079435917538,0.00018635228445974572,6,0.0018207985706493143,0.000592504199818834,6,55.12304099681774,1.2510363568671266,6,49.95415844695575,6.143936560063856,6,0.0035185946053359405,0.0022184021429343735,6,0.004794374537928621,0.0018541282705809184,6,-126.04163520524632,108.14058534787254,6,-30.363546302545657,22.930984429362542,6,0.00022329373644055183,0.00043765572342348156,0.001233856248384884,0.0024183582468343726,7.565815855163127e-05,0.00014828999076119728,0.0001777539250518178,0.0003483976931015629,0.00041519765618128955,0.0008137874061153275,0.000771414787462722,0.001511972983426935,6.768819884909649,13.266886974422912,12.639985462056998,24.774371505631716,0.0003071711456784174,0.0006020554455296981,0.0005157187964977478,0.0010108088411355856,9.633771576541944,18.88219229002221,3.2800699127292092,6.42893702894925,0.000235108799937131,0.00046081324787677674,0.0005401292700301177,0.0010586533692590308,3.9209574610084434,7.685076623576549,4.7267555969677515,9.264440970056793,9.359246418802085e-05,0.00018344122980852085,0.00021968700001587973,0.00043058652003112423,1.0999370707151346,2.1558766586016636,1.504770489965155,2.949350160331704,7.575148530347847e-05,0.0001484729111948178,0.00021006968254708155,0.00041173657779227984,0.5717166641664264,1.1205646617661957,1.681460908198526,3.2956633800691106,7.607800155472671e-05,0.00014911288304726434,0.0002418888266686981,0.00047410210027064824,0.5107334539991437,1.0010375698383216,2.5082515973644965,4.916173130834413,0.0009056588824143284,0.0017750914095320837,0.0007569446967653789,0.0014836116056601426,44.14820909803044,86.53048983213966,9.361535191940721,18.348608976203813
relu,gpu_geometry,5,highdim_poly3,Sparse cubic,63.0,3.0,21,20,0.001896705802707512,0.000546955717038862,6,0.02043462481950953,0.003022318224487706,6,0.0006724626703731002,0.00018532388333008417,6,0.0012027381279054105,0.00035162219725440416,6,0.002906030550412148,0.0010999518882421047,6,0.003604641997835533,0.001083695195616104,6,-135.23106444832297,29.364326600463464,6,-18.258201448310363,13.071961642379911,6,0.0019465111532193885,0.0003604054123860641,6,0.0033621983983200573,0.0009053776106226722,6,-67.66781026853127,24.382929509453398,6,-10.933769632875302,10.326311931374335,6,0.0020592954539987115,0.000657247036919843,6,0.0036933826829307187,0.001121560875326445,6,-71.31490261773662,18.990441095671013,6,-20.198066838072922,5.030478954944418,6,0.000719856205065862,0.00021296923181314832,6,0.0019012827212476196,0.0005008277541338667,6,40.068533205102696,4.018693888552151,6,36.97570098056434,7.1796127917398005,6,0.0006804974376568708,0.00019071386080540974,6,0.0019010988617669362,0.0005030960384693159,6,43.16237744911174,2.227463012278772,6,36.85308428443208,8.606718057035335,6,0.0006808302457797034,0.00019172597159813906,6,0.0018373253391167172,0.0005727186924227566,6,43.16964904467421,1.9113611952581335,6,40.34099772454697,4.032854293515354,6,0.0020353653801849256,0.0007093790993037438,6,0.0032899772923146073,0.0009688886298865298,6,-67.1493445023197,27.549505422953107,6,-7.894077150872506,12.624853899310553,6,0.00022329373644055183,0.00043765572342348156,0.001233856248384884,0.0024183582468343726,7.565815855163127e-05,0.00014828999076119728,0.00014354916091825775,0.0002813563553997852,0.0004490534779673374,0.0008801448168159813,0.00044241671099417613,0.0008671367535485852,11.987936135261748,23.496354825113027,5.336605993510791,10.459747747281149,0.00014713489348053423,0.0002883843912218471,0.000369618861760963,0.0007244529690514875,9.954289288735229,19.51040700592105,4.215699192780164,8.262770417849122,0.00026831997923496535,0.0005259071593005321,0.000457875310003175,0.000897435607606223,7.752815112462382,15.195517620426267,2.053684433570499,4.025221489798178,8.694432480911996e-05,0.00017041087662587512,0.000204462074442007,0.00040074566590633375,1.6406249098989898,3.21562482340202,2.9310646484202567,5.744886710903703,7.785860764157166e-05,0.00015260287097748046,0.0002053880976442401,0.0004025606713827106,0.9093579668342955,1.7823416149952191,3.5136779332891366,6.886808749246708,7.827180014246343e-05,0.00015341272827922833,0.00023381142709828935,0.0004582703971126471,0.780309940423099,1.529407483229274,1.6464058710174934,3.226955507194287,0.0002896028045815484,0.0005676214969798348,0.0003955471268010503,0.0007752723685300586,11.24703849204553,22.044195444409237,5.154075021749569,10.101987042629155
relu,gpu_geometry,5,highdim_poly3,Sparse cubic,84.0,4.0,21,20,0.001896705802707512,0.000546955717038862,6,0.02043462481950953,0.003022318224487706,6,0.0006724626703731002,0.00018532388333008417,6,0.0010701538616554698,0.0003072394505998535,6,0.0023666773763103208,0.0007550315509896576,6,0.003432669220082913,0.001049414607605941,6,-118.94379625808698,11.382066782144637,6,-23.897952942557975,11.558941208460437,6,0.0019325436683781307,0.00023798828838456144,6,0.003223259543712584,0.0006435605228974744,6,-90.36290100270453,41.548587084077624,6,-20.19014551455723,16.655865391381838,6,0.0019712050648530116,0.0005819591180926595,6,0.003266657495796745,0.0009915455943202158,6,-83.79214085257789,7.076353182089007,6,-18.16924494397809,13.243587164974567,6,0.000715175051957158,0.0002105282489559901,6,0.0019364544249935965,0.0005370843442885808,6,33.272646837345896,2.8434907761768478,6,29.460763444351276,6.367873606733737,6,0.0006816450142753035,0.00018983326040521528,6,0.0019704045572664503,0.000588845062189992,6,36.11800538430767,2.306990462856739,6,28.80287741910834,4.0091974357867395,6,0.0006805215588938443,0.00019212686220026017,6,0.0018521377501597304,0.0005620499508139632,6,36.30233500976491,2.2034201993830838,6,33.165371502429274,5.245306290638478,6,0.0021216536351336486,0.0018958764236077007,6,0.0031119895506139215,0.0014853499483145065,6,-94.27303696585308,146.4285513715331,6,-14.12792475305553,44.15601499525875,6,0.00022329373644055183,0.00043765572342348156,0.001233856248384884,0.0024183582468343726,7.565815855163127e-05,0.00014828999076119728,0.0001254299804704467,0.0002458427617220755,0.0003082403399378068,0.0006041510662781013,0.0004284217195429311,0.0008397065703041449,4.646709305756071,9.107550239281899,4.718917987926273,9.249079256335493,9.715831188341805e-05,0.0001904302912914994,0.0002627324832829237,0.0005149556672345305,16.96213964826363,33.245793710596715,6.799728572227856,13.327468001566597,0.00023758381508118563,0.0004656642775591238,0.0004047967937982032,0.0007934017158444782,2.8889090893063547,5.662261815040456,5.406671819710025,10.59707676663165,8.594779773063353e-05,0.00016845768355204171,0.00021926376539071796,0.0004297569801658072,1.160850248323961,2.2752664867149637,2.599673513839002,5.095360087124444,7.749910403361049e-05,0.00015189824390587656,0.00024039498998715137,0.0004711741803748167,0.9418249125776998,1.8459768286522917,1.6367479992920397,3.2080260786123977,7.84354630454424e-05,0.00015373350756906713,0.00022945593157509876,0.0004497336258871936,0.8995425295716882,1.7631033579605089,2.1413873261125054,4.19711915918051,0.0007739883088685865,0.0015170170853824295,0.0006063915771399846,0.0011885274911943699,59.779205772528336,117.16724331415554,18.026617635511087,35.33217056560173
relu,gpu_geometry,5,highdim_poly4,Sparse quartic,42.0,2.0,21,20,0.0036327349703118277,0.00040576538838941404,6,0.02975804935225442,0.0006110672962956962,6,0.001304462948863881,6.563879739737211e-05,6,0.0029305550289476976,0.00010035617765704592,6,0.007238984603403516,0.0012777000829737822,6,0.009379656142218562,0.0011322920042869402,6,-146.15783568716265,36.788753006111264,6,-34.20587981229715,15.727282437466833,6,0.006438785357955845,0.0014643745100252513,6,0.011126481714942986,0.0032381345564995766,6,-118.67239347192411,43.98612338925655,6,-57.388321368227004,39.82396422224923,6,0.005313829309339289,0.002408652782261174,6,0.008855615532545357,0.0025254535497212962,6,-80.8045232444279,80.00569651816276,6,-26.202090929707552,34.17634973690982,6,0.0013864256927921912,7.369051877802356e-05,6,0.0036003890464922795,0.0002558161496640472,6,52.685157095632974,2.1265885948013645,6,48.40082444650511,4.6525802456587275,6,0.0013106804622516597,6.695185959272944e-05,6,0.0036160821072555734,0.00045944096080145037,6,55.29210725296525,1.059734927578805,6,48.28076975009373,6.156835234697868,6,0.0013098786363831781,6.511826327202867e-05,6,0.003477026271068598,0.0005386967060734673,6,55.319204027460266,0.9343844554923446,6,50.531810681874994,4.712987155345761,6,0.005680727967207699,0.001278583278746062,6,0.009078026302937373,0.001962411619190672,6,-94.51922443889113,45.877306644433375,6,-30.79365417413091,32.99804504581518,6,0.00016565302613938372,0.0003246799312331921,0.0002494671790710928,0.0004889556709793419,2.679692682558103e-05,5.252197657813882e-05,4.0970237965976726e-05,8.030166641331439e-05,0.0005216188745995826,0.0010223729942151819,0.00046225627505604443,0.0009060222991098471,15.018945523042227,29.437133225162764,6.420636168738172,12.584446890726817,0.0005978283903166659,0.0011717436450206652,0.0013219628969829114,0.0025910472780865065,17.95725967779653,35.19622896848119,16.258065313227295,31.8658080139255,0.0009833283806791517,0.0019273236261311373,0.0010310120943196137,0.002020783704866443,32.66218883091059,64.01789010858475,13.95243635438853,27.346775254601518,3.0084028314523315e-05,5.8964695496465697e-05,0.000104436505773395,0.00020469555131585418,0.8681761583476059,1.7016252703613075,1.8994079315361154,3.7228395458107864,2.7332982222108385e-05,5.357264515533243e-05,0.00018756598681626683,0.000367629334159883,0.4326349725288929,0.8479645461566301,2.513517459233082,4.92649422009684,2.6584419658781465e-05,5.210546253121167e-05,0.00021992200933300716,0.000431047138292694,0.38146085659075724,0.7476632789178842,1.924068949148052,3.771175140330182,0.0005219794377637607,0.001023079698016971,0.0008011511887210133,0.001570256329893186,18.72933200867635,36.70949073700565,13.471395478603593,26.403935138063044
relu,gpu_geometry,5,highdim_poly4,Sparse quartic,63.0,3.0,21,20,0.0036327349703118277,0.00040576538838941404,6,0.02975804935225442,0.0006110672962956962,6,0.001304462948863881,6.563879739737211e-05,6,0.00231415315847255,0.00012627206542532718,6,0.006114348028840835,0.0002532225503640275,6,0.007414230132607173,0.00045630443630784997,6,-164.85581433262692,17.636217123957877,6,-28.042933117200324,13.807688734196558,6,0.005104942730595872,0.00045608698918787904,6,0.007166846135709681,0.0004956227664587016,6,-120.50683269785104,13.438005906408804,6,-23.42929877113494,9.87273247249301,6,0.005088210659652182,0.0013340285323573111,6,0.007881219567322713,0.0017178521101396946,6,-118.73851851440743,50.77714618399217,6,-34.8526958953427,25.86012480582455,6,0.0014093387484126066,0.000102991914172761,6,0.0040718092834399,0.0003752139963339841,6,38.996766149927545,4.8780310728157055,6,30.13417098552904,2.3296890187940944,6,0.0013165982951121016,6.386432079625272e-05,6,0.0037528937155097714,0.0005474312620664558,6,43.050834898284904,2.337170022380328,6,35.870217343942755,3.6248575844018074,6,0.0013141232644390528,6.364480083377285e-05,6,0.003664196014476633,0.000354699292553838,6,43.15189464050857,2.4880142467158928,6,36.75515030003516,7.935384462995668,6,0.0037075760264140955,0.0006801492823993281,6,0.00623362500662806,0.00054208180652027,6,-61.22286826074676,34.2987370217402,6,-7.025155582416758,4.7449550827445925,6,0.00016565302613938372,0.0003246799312331921,0.0002494671790710928,0.0004889556709793419,2.679692682558103e-05,5.252197657813882e-05,5.155035484323089e-05,0.00010103869549273254,0.00010337767329301369,0.00020262023965430682,0.00018628550605375644,0.0003651195918653626,7.199955491105311,14.11191276256641,5.6369653209928865,11.048452029146057,0.000186196733638762,0.00036494559793197356,0.00020233714712173536,0.0003965808083586013,5.4860429385346885,10.75264415952799,4.030526154102339,7.899831262040585,0.0005446148677648885,0.0010674451408191814,0.0007013101872342701,0.0013745679669791694,20.72968312424847,40.630178923527005,10.55735174316001,20.69240941659362,4.204627289263059e-05,8.241069486955596e-05,0.0001531804725614632,0.0003002337262204679,1.9914478463066156,3.9032377787609667,0.9510915592351236,1.8641394561008422,2.607249978670591e-05,5.110209958194358e-05,0.0002234878768851056,0.00043803623869480697,0.9541456661601574,1.8701255056739086,1.479841912007006,2.900490147533732,2.598288113730081e-05,5.092644702910959e-05,0.000144805379813846,0.00028381854443513817,1.0157275628714992,1.9908260232281385,3.239607141191481,6.3496299967353025,0.00027766978179974894,0.0005442327723275079,0.0002213039708034628,0.00043375578277478707,14.002400754195047,27.444705478222293,1.9371198008582977,3.7967548096822634
relu,gpu_geometry,5,highdim_poly4,Sparse quartic,84.0,4.0,21,20,0.0036327349703118277,0.00040576538838941404,6,0.02975804935225442,0.0006110672962956962,6,0.001304462948863881,6.563879739737211e-05,6,0.0021208356140414043,0.00012007204067073353,6,0.005277657436749031,0.00035563183636076257,6,0.006805539898372087,0.00037238282126969964,6,-149.57936130810344,22.688526608891213,6,-27.50170210247677,14.828298358261192,6,0.004668276943762941,0.00022775118142745476,6,0.0063913677739993345,0.0002691891121837236,6,-120.71007287899825,16.971465191642213,6,-19.841953504096086,14.154817247756524,6,0.004661858738899444,0.000827824043183174,6,0.006482407185488471,0.0006332546195006692,6,-118.87932895379821,28.649910221100534,6,-20.77039948564837,9.902211280528917,6,0.0013833343212939636,8.24445372339069e-05,6,0.0035373873638905565,0.0006069303362061556,6,34.69426362167797,3.8297406985146236,6,34.532472250477475,6.576353534493746,6,0.0013199246755520296,6.78612556020311e-05,6,0.0039009463664450576,0.00032976896721603603,6,37.713690712860036,2.3921172719262827,6,27.277794778963493,5.785865538948476,6,0.0013172758445196533,7.105862488430178e-05,6,0.003694180287600574,0.0002783875578073178,6,37.850583075729794,2.2252239020593154,6,30.89598621951814,7.7946724526835,6,0.003817361416667811,0.0007217844173331535,6,0.006211156512553981,0.0006628164917276196,6,-79.92045507108743,32.081629804125214,6,-16.01645654115859,14.686479701594257,6,0.00016565302613938372,0.0003246799312331921,0.0002494671790710928,0.0004889556709793419,2.679692682558103e-05,5.252197657813882e-05,4.90192053363344e-05,9.607764245921542e-05,0.0001451860892288056,0.00028456473488845896,0.00015202465018146515,0.0002979683143556717,9.262552201223706,18.154602314398463,6.053627455248239,11.865109812286548,9.297903046888353e-05,0.0001822388997190117,0.0001098959948604902,0.0002153961499265608,6.928571651154892,13.580000436263587,5.778679943225004,11.326212688721007,0.0003379577504344139,0.0006623971908514512,0.00025852511583949225,0.0005067092270454048,11.69627686970745,22.9247026646266,4.042560827087911,7.923419221092305,3.3657841383826794e-05,6.596936911230052e-05,0.00024777827218682065,0.00048564541348616847,1.5634850930884758,3.0644307824534125,2.6847850879430553,5.262178772368388,2.7704241588260445e-05,5.430031351299047e-05,0.0001346276171139804,0.0002638701295434016,0.9765777868529847,1.91409246223185,2.362069715129493,4.629656641653806,2.900956213172912e-05,5.6858741778189074e-05,0.00011365124456124735,0.0002227564393400448,0.9084438539150421,1.7805499536734826,3.1821617035338052,6.237036938926258,0.00029466725445971543,0.0005775478187410423,0.0002705936996390559,0.0005303636512925496,13.097270522828635,25.670650224744126,5.995730231108081,11.751631252971839
relu,gpu_geometry,10,highdim_nonlinear,Random nonlinear,132.0,2.0,66,65,0.0036728419708222017,0.0001384286683792853,2,0.04112792664037178,7.681688805111633e-05,2,0.0026748942922115064,3.173719810863415e-06,2,0.006435887357768514,0.00048307641762275537,2,0.00531429957841642,0.00010506461907352439,2,0.005903511776857816,9.624230198842971e-05,2,17.13238458799917,7.852507337083779,2,26.83051495994468,6.269130458625471,2,0.004884226989692332,4.606697853611289e-05,2,0.005660779505586508,0.0003874810900545975,2,23.922054331642904,4.994612523967901,2,30.04529152196635,0.06839508963263939,2,0.004469671101518576,0.00032075454629018743,2,0.005582990365626453,0.00039800693166285603,2,30.167056733666858,10.225490136140303,2,31.013408796127795,0.12888864346141765,2,0.002906136080981758,7.680066040685784e-05,2,0.0035745910540458917,2.5415900388334504e-06,2,54.762177628181746,2.2022229948817693,2,55.7218457282078,3.0426261526608234,2,0.0026995465468341224,2.817316492298009e-05,2,0.0036235825979622173,3.595558677904079e-05,2,57.919820706200085,3.596280896764353,2,55.09842310067518,3.5616313601487186,2,0.002701186397079213,2.2544433646022773e-05,2,0.003551272722627231,0.00017266760664395536,2,57.923927688341244,2.8079290252860645,2,55.93535603750895,5.192927572783068,2,0.004441157957774524,0.00027845584909064636,2,0.005451935184641826,0.00012561597886636945,2,30.636077406283853,9.53305375580283,2,32.41166320335337,6.244637714551651,2,9.788385012161644e-05,0.00019185234623836822,5.4317742450592226e-05,0.00010646277520316076,2.2441587998476074e-06,4.398551247701311e-06,0.0003415866107323549,0.0006695097570354156,7.429190460967058e-05,0.00014561213303495432,6.805358437302219e-05,0.0001333850253711235,5.552561187369058,10.883019927243353,4.432944659437201,8.688571532496914,3.257427291166056e-05,6.384557490685469e-05,0.0002739905063591612,0.0005370213924639559,3.53172438509696,6.922179794790042,0.04836263167910104,0.09479075809103804,0.00022680771477820587,0.0004445431209652835,0.0002814334003380563,0.0005516094646625904,7.230513416220961,14.171806295793083,0.09113803380950358,0.17863054626662703,5.430626777329437e-05,0.00010644028483565696,1.7971755514553133e-06,3.522464080852414e-06,1.5572068133658465,3.052125354197059,2.1514615851620036,4.216864706917527,1.9921435964526196e-05,3.904601449047134e-05,2.542443923300112e-05,4.983190089668219e-05,2.5429546091537123,4.984191033941276,2.5184536868478253,4.936169226221738,1.5941321909112863e-05,3.124499094186121e-05,0.0001220944355491922,0.0002393050936764167,1.9855056548703087,3.891591083545805,3.6719543009255062,7.197030429813992,0.00019689801915305396,0.00038592011753998577,8.882391048179587e-05,0.0001740948645443199,6.740886956144067,13.212138434042371,4.415625674012736,8.654626321064962
relu,gpu_geometry,10,highdim_nonlinear,Random nonlinear,198.0,3.0,66,65,0.0036728419708222017,0.0001384286683792853,2,0.04112792664037178,7.681688805111633e-05,2,0.0026748942922115064,3.173719810863415e-06,2,0.0044977857746738206,2.0157799314381628e-05,2,0.004296992726441727,4.575272769351655e-05,2,0.005142747431607631,5.193444620559879e-05,2,4.465584401645621,0.5890696722423315,2,11.053786375001664,1.80933050707218,2,0.0044267354240942495,2.5138119027986844e-05,2,0.005057263239529545,4.036741611120918e-05,2,1.5799379516817327,0.11780908875282191,2,12.508203729639352,3.3609714836653684,2,0.004344805193834076,0.0005246287146679368,2,0.005203084632915718,0.00013773182977228166,2,3.3741339249026123,12.097204938058585,2,10.03265246776072,0.3569647155363499,2,0.002832154698980062,5.850504048411383e-06,2,0.003959523732949016,0.00011908499774253989,2,37.03132175586542,0.4122829491835369,2,31.47631570530985,4.14466909205967,2,0.002725072766763385,1.8184677797637248e-05,2,0.0034554750005873474,0.00033152808535408024,2,39.41150110615143,0.6758433445945947,2,40.13948693445326,7.554150257205331,2,0.0027081986071718902,2.0096994049023535e-06,2,0.00342826896628148,0.00016624151016443806,2,39.78767692007908,0.22517257049240572,2,40.74114020725719,1.070654403390374,2,0.004223111172315877,0.000766190654141291,2,0.005302782342591984,0.0011252402526776483,2,6.067768933239234,17.45581857615678,2,8.56803474182989,16.672587306377178,2,9.788385012161644e-05,0.00019185234623836822,5.4317742450592226e-05,0.00010646277520316076,2.2441587998476074e-06,4.398551247701311e-06,1.4253716588996787e-05,2.79372845144337e-05,3.235206400986709e-05,6.34100454593395e-05,3.672319908914686e-05,7.197747021472785e-05,0.41653515983388956,0.8164089132744236,1.2793898709584328,2.507604147078528,1.7775334430964077e-05,3.483965548468959e-05,2.85440736712151e-05,5.59463843955816e-05,0.08330360554252819,0.16327506686335524,2.3765657274743934,4.658068825849811,0.0003709685217468804,0.0007270983026238856,9.739111081721157e-05,0.00019088657720173468,8.554015645104613,16.765870664405043,0.25241217100007995,0.4947278551601567,4.136931085991038e-06,8.108384928542435e-06,8.420580944133465e-05,0.0001650433865050159,0.2915280691352677,0.5713950155051246,2.930723620769683,5.744218296708579,1.285850898440175e-05,2.5202677609427428e-05,0.00023442575730766264,0.0004594744843230188,0.4778934119826345,0.9366710874859636,5.341590872971991,10.469518111025101,1.421072077353023e-06,2.7853012716119253e-06,0.00011755049915196652,0.00023039897833785437,0.15922105153238597,0.3120732610034765,0.7570669889445707,1.4838512983313585,0.0005417786072250636,0.0010618860701611245,0.0007956650131324293,0.0015595034257395613,12.343127686362562,24.192530265270623,11.789299544264056,23.10702710675755
relu,gpu_geometry,10,highdim_nonlinear,Random nonlinear,264.0,4.0,66,65,0.0036728419708222017,0.0001384286683792853,2,0.04112792664037178,7.681688805111633e-05,2,0.0026748942922115064,3.173719810863415e-06,2,0.003744877510794025,7.153225033088511e-05,2,0.004505278101045739,6.377081369244945e-05,2,0.005022202304589773,0.00021420095254073957,2,-20.31077049919861,0.5952180751388049,2,-0.7187741464604718,5.258849789453594,2,0.004183102607580246,3.056416219532358e-05,2,0.0049077780464503225,1.1405938107106331e-05,2,-11.714572784037049,1.3177409814445324,2,1.5949647738149455,1.17072292463631,2,0.00419130286793578,0.00032965188123139995,2,0.004865380313952907,0.00024963955272541385,2,-12.025469263808308,10.942580075273241,2,2.422201187496276,5.939314011482617,2,0.0027647912814946912,1.1155610667903024e-05,2,0.0037586658151172072,0.0003665887223303668,2,26.16075730159507,1.1125400267822292,2,24.67164249141106,6.628867518901082,2,0.002732424323998615,6.837279472550643e-06,2,0.0036096730513110265,0.0002711033218000189,2,27.02411298392407,1.211361775604622,2,27.649874193686696,4.7429255717623535,2,0.0027207643976604953,5.7264502477784595e-06,2,0.0034480293627883072,0.00015196933815668414,2,27.335243126750896,1.2350813987322207,2,30.87949502385985,2.385243412735376,2,0.0037967345635318045,0.00017578853559893263,2,0.004440657460854154,7.091303476477076e-06,2,-1.3584053040896906,2.758023115247869,2,10.961431259860916,0.9945500810935222,2,9.788385012161644e-05,0.00019185234623836822,5.4317742450592226e-05,0.00010646277520316076,2.2441587998476074e-06,4.398551247701311e-06,5.058093928250251e-05,9.913864099370492e-05,4.5092774803714935e-05,8.838183861528127e-05,0.00015146294607817478,0.0002968673743132226,0.4208827372154529,0.8249301649422877,3.7185683473640836,7.288393960833604,2.1612126349598816e-05,4.235976764521368e-05,8.06521618132894e-06,1.5807823715404723e-05,0.9317835838268453,1.8262958243006169,0.8278261189008822,1.6225391930457291,0.00023309908064962526,0.0004568741980732655,0.0001765218205845168,0.00034598276834565294,7.73757257490251,15.165642246808918,4.199729213115634,8.231469257706642,7.888207951551218e-06,1.546088758504039e-05,0.0002592173714663147,0.0005080660480739768,0.7866845972791774,1.5419018106671876,4.687317174202199,9.187141661436309,4.8346866799081406e-06,9.475985892619955e-06,0.00019169899724699212,0.00037573003460410453,0.8565621260002051,1.678861766960402,3.353754834456243,6.573359475534237,4.049211802331533e-06,7.936455132569805e-06,0.00010745854954302289,0.00021061875710432485,0.8733344323609193,1.7117354874274018,1.6866217919257274,3.3057787121744258,0.00012430126557685806,0.0002436304805306418,5.014308775668679e-06,9.82804520031061e-06,1.950216847461015,3.8224250210235895,0.7032531065708603,1.378376088878886
relu,gpu_geometry,10,highdim_poly3,Sparse cubic,132.0,2.0,66,65,0.0008696757133050996,0.00035519970788889084,6,0.015132081772996199,0.0030356092190007913,6,0.0006392057656034836,0.00024447386249966353,6,0.0014287685312624587,0.0005436638203629496,6,0.003452864882921306,0.0017325773685140172,6,0.0020588046804692964,0.0006689257118630563,6,-156.0526186269852,113.39490876841921,6,-17.040134548702223,8.93692313922718,6,0.001697125921132433,0.00045764350575357626,6,0.0016927591632000293,0.0004054171217325678,6,-24.286137186686364,20.924975469567357,6,0.5621420262319359,15.076156337297828,6,0.001604743532975035,0.0006300215991500394,6,0.0019476897795215186,0.0007100867107999485,6,-13.455828265476603,17.872509864805565,6,-11.00103274691366,16.938486738717945,6,0.0006918387642622785,0.0002562473681578437,6,0.000933781002488314,0.00035730664945891227,6,51.279508922806656,1.9216745687868753,6,47.6647370052961,3.9984773171403565,6,0.0006417304687638025,0.000244732853760573,6,0.000868877468100469,0.00037706045913124395,6,54.99324731678939,1.1367202453560161,6,52.07288053585746,4.084490619618066,6,0.0006414962968268604,0.00024445478629092925,6,0.0008576078174014401,0.00032578441927103713,6,55.00080583805549,1.195853171690873,6,52.00852927608392,3.1617762483138296,6,0.0015901003923870706,0.0004564948143459824,6,0.0018670399506088044,0.0005297614259474258,6,-16.013195802289776,20.56944132924252,6,-8.621781864404488,21.069556471608685,6,0.00014500967351890323,0.00028421896009705035,0.0012392822741734155,0.0024289932573798943,9.980603642858515e-05,0.00019561983140002688,0.0002219498252502269,0.0004350216574904447,0.0007073217487922259,0.0013863506276327628,0.00027308777831541536,0.0005352520454982141,46.29327765201286,90.7348241979452,3.648483593596436,7.151027843449015,0.00018683217886578658,0.0003661910705769417,0.00016551084687210066,0.0003244012598693173,8.542585463449143,16.743467508360318,6.154815051467773,12.063437500876836,0.0002572052408083128,0.000504122271984293,0.00028989168576518646,0.0005681877040997654,7.2964215986054,14.300986333266584,6.915108254126416,13.553612178087775,0.00010461254998630383,0.0002050405979731555,0.0001458698288129717,0.0002859048644734245,0.7845203575351231,1.5376599007688412,1.632371529181084,3.1994481971949247,9.991176916809652e-05,0.00019582706756946918,0.00015393428784184963,0.00030171120417002526,0.46406409690225653,0.9095656299284228,1.6674863128747601,3.2682731732345296,9.979824859898085e-05,0.00019560456725400244,0.0001330009322271633,0.0002606818271652401,0.4882050129885874,0.9568818254576312,1.2907897482033674,2.5299479064786,0.00018636322756236586,0.0003652719260222371,0.00021627419649673495,0.0004238974251336005,8.39743925845999,16.45898094658158,8.601610410366067,16.859156404317492
relu,gpu_geometry,10,highdim_poly3,Sparse cubic,198.0,3.0,66,65,0.0008696757133050996,0.00035519970788889084,6,0.015132081772996199,0.0030356092190007913,6,0.0006392057656034836,0.00024447386249966353,6,0.0010826702105680094,0.0004071579744312969,6,0.0017043226946354846,0.00030625940469747526,6,0.00144209347231282,0.00039276891929620604,6,-72.70995474597896,50.77606293128925,6,-10.493416526324264,13.908727815617915,6,0.001354374028953242,0.00040594763281861894,6,0.0013952659113090704,0.00045723788309435766,6,-28.312877423542705,11.28859061039282,6,-5.293061390543131,8.323424135741778,6,0.0012563265453384926,0.0004394270217797221,6,0.0013431039179644252,0.00048303187444514285,6,-17.26814308952283,5.62796379986959,6,-0.4397666572315737,7.201358094832937,6,0.0006744812926797244,0.0002516593218070128,6,0.0008680095618778041,0.00027384440497633917,6,37.606855326692504,1.5744344605994836,6,34.45269120280417,5.8841681405718855,6,0.0006458907721757951,0.0002461318937797162,6,0.0008090850406407684,0.0002616951798708503,6,40.42559574024157,1.2348750345838544,6,39.16501852452643,3.3560231721809006,6,0.0006452565451632008,0.000246060017301784,6,0.0008860746521885866,0.00037400335154899345,6,40.500429072636216,1.1775144904683517,6,35.67903107532707,6.105363288319766,6,0.0010815668789117777,0.00036971891188395235,6,0.0012141647641059066,0.00042225713719134053,6,-1.0983100156033263,5.58668410499365,6,9.472031010299775,8.632236853567763,6,0.00014500967351890323,0.00028421896009705035,0.0012392822741734155,0.0024289932573798943,9.980603642858515e-05,0.00019561983140002688,0.00016622154701030623,0.0003257942321402002,0.00012502987840622466,0.0002450585616762003,0.00016034723985001512,0.00031428059010602964,20.729240888184364,40.62931214084135,5.678214353253194,11.12930013237626,0.00016572742711605317,0.0003248257571474642,0.00018666658410858717,0.00036586650485283083,4.608547818439285,9.032753724141,3.398023674222238,6.660126401475586,0.00017939533042519827,0.0003516148476333886,0.0001971969369817849,0.0003865059964842984,2.2976066000892668,4.503308936174963,2.9399421312336482,5.76228657721795,0.00010273948790700814,0.00020136939629773594,0.00011179651018468425,0.00021912115996198113,0.6427601769871335,1.2598099468947817,2.4022015841904,4.708315105013184,0.00010048292486420228,0.00019694653273383646,0.00010683660980490779,0.00020939975521761927,0.5041356218053623,0.9881058187385101,1.3700907227999635,2.6853778166879283,0.00010045358141496189,0.0001968890195733253,0.00015268622889763177,0.0002992650086393583,0.4807182777301313,0.9422078243510573,2.492504125117374,4.885308085230053,0.00015093711372878317,0.000295836742908415,0.00017238575439452967,0.00033787607861327813,2.2807542352252943,4.470278301041577,3.5240959383481956,6.907228039162463
relu,gpu_geometry,10,highdim_poly3,Sparse cubic,264.0,4.0,66,65,0.0008696757133050996,0.00035519970788889084,6,0.015132081772996199,0.0030356092190007913,6,0.0006392057656034836,0.00024447386249966353,6,0.0009529449280505707,0.0003623889285968054,6,0.0015740480927708708,6.893989877250596e-05,6,0.0012652103473795426,0.0003083951380665776,6,-89.89746470874648,79.32517947241938,6,-10.061916910569389,15.541448114047194,6,0.0011319644024040032,0.0003374985119444771,6,0.001276396634215537,0.0004725327750393314,6,-22.059981995765796,11.42191617997564,6,-6.649188113051057,8.133944671509791,6,0.0011180899357323716,0.0003982760556010763,6,0.0011957390339947653,0.0004436485158011034,6,-17.99417090161265,6.5503781196330335,6,0.5688434432496375,9.909332819656886,6,0.0006794581437034914,0.00024989262204596946,6,0.0008740467466016544,0.00035813581429011053,6,28.480098353900214,1.8202474958819725,6,27.710464746803922,5.554460530082428,6,0.0006469352506403705,0.0002450299808591261,6,0.0008192610661683103,0.00032055172344525165,6,32.08652670265793,1.1738280996745802,6,32.25001244569481,4.190924391381135,6,0.0006487859315743287,0.0002451805350783656,6,0.0008235336064355588,0.00031034312559622947,6,31.89710932438335,1.0831247841974574,6,31.619950423956457,3.712209610089657,6,0.0009788137750023809,0.00037327252457271026,6,0.001157829372156292,0.00045590563255814144,6,-2.43782664439682,7.738280949883241,6,3.636313388592829,8.257428364747431,6,0.00014500967351890323,0.00028421896009705035,0.0012392822741734155,0.0024289932573798943,9.980603642858515e-05,0.00019561983140002688,0.00014794466058267675,0.0002899715347420464,2.814459581862733e-05,5.516340780450956e-05,0.00012590178790304732,0.00024676750428997274,32.38436891035433,63.47336306429449,6.344769623892596,12.435748462829487,0.00013778319053543044,0.00027005505344944366,0.00019291069759795222,0.00037810496729198635,4.662977754296592,9.13943639842132,3.3206690068715203,6.50851125346818,0.00016259551883182987,0.0003186872169103865,0.0001811187481426306,0.00035499274635955596,2.6741806692320798,5.241394111694876,4.045468183262376,7.929117639194256,0.00010201823574979929,0.00019995574206960662,0.00014620833393782115,0.00028656833451812946,0.7431129284149429,1.456501339693288,2.2675990158551538,4.444494071076101,0.00010003307079813131,0.00019606481876433736,0.000130864693101769,0.00025649479847946724,0.47921331499059244,0.9392580973815612,1.7109377182446541,3.353437927759522,0.00010009453430075796,0.0001961852872294856,0.0001266970504818726,0.0002483262189444703,0.44218384150765255,0.866680329354999,1.515503227162626,2.970386325238747,0.00015238787003393926,0.00029868022526652094,0.00018612269510470735,0.00036480048240522636,3.1591399689189115,6.191914339081066,3.3710810135359512,6.607318786530464
relu,gpu_geometry,10,highdim_poly4,Sparse quartic,132.0,2.0,66,65,0.0014505962186020455,0.0007647025348421112,6,0.02154462310716163,0.007862147591914352,6,0.0011505965213122193,0.0006326475127796004,6,0.0026298110656073534,0.0014708826889827632,6,0.002808727057833974,0.001387529421169289,6,0.0031765980244276223,0.0017762972054928751,6,-10.768213104970583,10.032214687667963,6,2.8377657140548425,12.019290024753047,6,0.002701829654183865,0.0011810138742418441,6,0.003130241164408775,0.0013241671120022194,6,-9.844525924388389,17.62357537972705,6,-1.2755032912741255,18.22885810184637,6,0.002687863833990304,0.0014133832378624425,6,0.0034138774290151416,0.0019241762849893606,6,-4.210857174765693,8.547152250628168,6,-2.465235978885344,4.933354748141325,6,0.0012829517630808234,0.0007402297006849148,6,0.0017406555576076055,0.0010115735006043503,6,51.50872226907877,1.2034045558245323,6,47.83970166358688,3.6563402406496324,6,0.0011571890014428412,0.0006392041275203563,6,0.0015806804798325343,0.0009108457889116698,6,55.6871921904571,1.7808358358259357,6,52.50612968288581,3.8881553077267115,6,0.0011556722808399422,0.0006365726862562231,6,0.001585960676035307,0.0009031707512374622,6,55.73054105862024,1.687543625504191,6,51.77825002963139,5.904523987079067,6,0.002900702274729574,0.0013430734843018083,6,0.0034411829203301564,0.0016812227481134698,6,-14.450532483615582,21.356799153352508,6,-6.04764080392081,14.49526439341227,6,0.00031218850256267455,0.0006118894650228421,0.003209708313773612,0.00629102829499628,0.00025827726555848683,0.0005062234404946341,0.000600485343250103,0.001176951272770202,0.0005664565141606757,0.0011102547677549245,0.0007251702974982035,0.0014213337830964788,4.0956344958069035,8.02744361178153,4.906854605194794,9.617435026181797,0.00048214689517333664,0.0009450079145397398,0.0005405889597633767,0.0010595543611362182,7.194794520634595,14.101797260443806,7.441900157187121,14.586124308086756,0.0005770112906276217,0.0011309421296301385,0.0007855416788980134,0.0015396616906401062,3.489360294653309,6.839146177520485,2.0140336421804776,3.947505938673736,0.0003021975098551935,0.0005923071193161793,0.00041297315230027153,0.0008094273785085322,0.49128785265178976,0.9629241911975079,1.492694652599442,2.925681519094906,0.0002609539923176306,0.000511469824942556,0.00037185123619939785,0.0007288284229508198,0.7270231855727229,1.424965443722537,1.5873327574374254,3.1111722045773536,0.00025987971092009213,0.0005093642334033806,0.0003687179151896569,0.0007226871137717275,0.6889368001952755,1.3503161283827398,2.4105118237279015,4.7246031745066865,0.0005483074539335572,0.0010746826097097722,0.0006863563128062819,0.0013452583731003126,8.718876744136239,17.08899841850703,5.917666908432264,11.598627140527238
relu,gpu_geometry,10,highdim_poly4,Sparse quartic,198.0,3.0,66,65,0.0014505962186020455,0.0007647025348421112,6,0.02154462310716163,0.007862147591914352,6,0.0011505965213122193,0.0006326475127796004,6,0.001993614421668809,0.0011312207470747233,6,0.0021356802065604385,0.0014038769600618255,6,0.002477445241874053,0.001563654073087203,6,-3.0716621780646505,9.636512598362131,6,5.615335114966712,7.812998292205827,6,0.0022953254663321643,0.0013775307266873902,6,0.002776863507732767,0.0017112464203318716,6,-14.397241487776489,7.450157981104854,6,-6.689732259592355,8.70079050433292,6,0.002094452242465078,0.0011235427906330622,6,0.002545232882781571,0.001321480405436721,6,-6.130858137146256,9.946330726143353,6,-2.0688410995988953,14.507669364438184,6,0.0012529504978194444,0.000720966203830118,6,0.001791739541139644,0.00106769629905867,6,37.18618485264625,2.3941237137869944,6,30.65398454330935,5.398508892213304,6,0.0011642000192776238,0.0006359841199402406,6,0.0014422692570181597,0.0007749441535554601,6,40.77769921066983,2.474865281167862,6,42.79198978178615,2.643559469060121,6,0.00116177270037219,0.0006407142061124256,6,0.0016270732322995532,0.0010391757987044327,6,41.03587171852185,2.3171125872611094,6,37.88874627828745,6.246087523372544,6,0.0019746284109045456,0.0011086172920956917,6,0.002503899496242625,0.0016091513414615876,6,-0.2028443638391019,8.508050571399117,6,5.453223234940677,7.413174455119472,6,0.00031218850256267455,0.0006118894650228421,0.003209708313773612,0.00629102829499628,0.00025827726555848683,0.0005062234404946341,0.0004618189361305098,0.0009051651148157992,0.0005731303689668452,0.0011233355231750166,0.000638359102214707,0.0012511838403408257,3.934089794314819,7.710815996857045,3.1896431961901106,6.251700664532617,0.00056237456423157,0.0011022541458938773,0.0006986134256628918,0.001369282314299268,3.041514259471762,5.961367948564654,3.5520828490781273,6.962082384193129,0.00045868442353894567,0.0008990214701363335,0.000539492116401034,0.0010574045481460267,4.060572515336218,7.9587221300589865,5.922731216646848,11.608553184627821,0.0002943332201958667,0.0005768931115838988,0.00043588518882529547,0.0008543349700975791,0.9773969133125354,1.9156979500925695,2.2039320263000444,4.319706771548087,0.0002596394297277677,0.0005088932822664246,0.000316369625893982,0.0006200844667522046,1.0103595201651474,1.9803046595236888,1.079228633983352,2.1152881226073696,0.00026157047932130897,0.0005126781394697655,0.0004242417433125041,0.000831513816892508,0.9459572525616466,1.8540762150208274,2.5499545535045054,4.9979109248688305,0.00045259111427674325,0.0008870785839824168,0.0006569332842493251,0.0012875892371286772,3.473397100953783,6.807858317869415,3.026415798212904,5.931774964497292
relu,gpu_geometry,10,highdim_poly4,Sparse quartic,264.0,4.0,66,65,0.0014505962186020455,0.0007647025348421112,6,0.02154462310716163,0.007862147591914352,6,0.0011505965213122193,0.0006326475127796004,6,0.001740214548059834,0.0009486040094548225,6,0.0018565454779800282,0.001049417143648926,6,0.002184733730263312,0.0012793725717269392,6,-6.504313759453453,6.930451759595525,6,5.639531156548931,5.93907250867377,6,0.001895026296642963,0.0011182891198260995,6,0.0021185405103318323,0.0011011165220216222,6,-6.672346930059544,5.307925785229491,6,5.864649757851123,10.31735691761076,6,0.0018696457633028078,0.0010642795356648408,6,0.0022437925888859726,0.0013551394641840482,6,-5.970236945864785,4.762894544668011,6,3.8875272553016766,10.070065001356319,6,0.001226038282739106,0.0006971078707835648,6,0.0015537923500781828,0.0008220798072892895,6,30.101933273802203,2.6337396424534836,6,30.829033945431352,8.530223679210698,6,0.0011697347822009424,0.000640064843271906,6,0.001474133746548151,0.0007528674157605996,6,32.71132906504601,1.443102295901694,6,33.82964189809206,5.724770245542707,6,0.001167024385599706,0.0006384266825026426,6,0.00147775059142145,0.000754904268595679,6,32.90834644949452,1.1834051094537446,6,34.200742644812514,6.5787946138292055,6,0.0018694280027304444,0.0009830861499925763,6,0.0022649926913049516,0.0012468873303529634,6,-7.701518244000163,12.665625017030708,6,0.558037566157355,10.932135705030015,6,0.00031218850256267455,0.0006118894650228421,0.003209708313773612,0.00629102829499628,0.00025827726555848683,0.0005062234404946341,0.0003872659651870975,0.0007590412917667111,0.0004284227548781443,0.0008397085995611628,0.0005223016652738789,0.0010237112639368026,2.8293450829971447,5.5455163626744035,2.424616198606993,4.752247749269706,0.00045653962141334326,0.0008948176579701528,0.0004495289377168419,0.0008810767179250101,2.1669516277289977,4.247225190348836,4.212043323720104,8.255604914491403,0.00043449030101084526,0.0008516009899812567,0.000553233369593253,0.001084337404402776,1.944443555520375,3.8111093688199347,4.111086821663696,8.057730170460845,0.0002845930965162939,0.000557802469171936,0.00033561267595071445,0.0006578008448634003,1.0752197065585405,2.1074306248547394,3.4824492343121314,6.825600499251777,0.00026130537805177606,0.000512158540981481,0.00030735683543021123,0.000602419397443214,0.5891440452663423,1.154722328722031,2.3371276660411997,4.580770225440752,0.0002606366017182193,0.0005108477393677099,0.0003081883771180589,0.0006040492191513954,0.48312311286069193,0.9469213012069562,2.6857816544086432,5.264132042640941,0.00040134324011317015,0.0007866327506218135,0.0005090396210176473,0.0009977176571945886,5.170719760859122,10.13461073128388,4.463025712697462,8.747530396887026
relu,gpu_geometry,20,highdim_nonlinear,Random nonlinear,462.0,2.0,231,230,0.0032439022751680874,0.001918889444326996,4,0.04322073668476241,0.013607503001032365,4,0.004680609263970147,0.002624028161616891,4,0.009844032304076128,0.005485887756806274,4,0.006997317888188211,0.00239033819259503,4,0.004595957803830667,0.0018030117824542036,4,20.567485609565544,19.98676703268576,4,24.647714471938308,14.652066593872028,4,0.0070563037259875165,0.003260966565619859,4,0.004993022468869748,0.002562756902708588,4,24.60617539376492,8.89242504649443,4,23.02644700766516,4.083620203029959,4,0.007947584113837525,0.003865256983187431,4,0.00542839896170288,0.00251327036166308,4,16.128388449604007,7.554469041780457,4,14.114986265405475,9.653911236660747,4,0.005412941523189392,0.0031630142044404923,4,0.0036367849923781524,0.0020147318550777773,4,45.81324182596322,2.005091229512309,4,45.059933873071564,4.635674032660205,4,0.004893425728484318,0.002761001107994939,4,0.0034428322948894243,0.0018030800622438864,4,50.481303462097024,0.6658881293577134,4,47.206885525455895,3.022459598907,4,0.004845153736367069,0.0027377630163392366,4,0.0033530641216206465,0.001974198982558844,4,50.98833968597494,0.6207303550645673,4,50.360315084237705,2.6857691259882177,4,0.008153507290516119,0.004243768942035105,4,0.0053759966238825455,0.0027414113817938604,4,15.488513188010243,4.784865662044349,4,16.9454786315308,6.692129864554422,4,0.000959444722163498,0.001880511655440456,0.0068037515005161826,0.013335352941011718,0.0013120140808084455,0.0025715475983845533,0.002742943878403137,0.005376170001670148,0.001195169096297515,0.0023425314287431292,0.0009015058912271018,0.0017669515468051195,9.99338351634288,19.587031692032042,7.326033296936014,14.359025261994587,0.0016304832828099294,0.0031957472343074615,0.001281378451354294,0.002511501764654416,4.446212523247215,8.714576545564542,2.0418101015149794,4.0019477989693595,0.0019326284915937154,0.0037879518435236822,0.00125663518083154,0.002463004954429818,3.7772345208902287,7.403379660944848,4.8269556183303735,9.460833011927532,0.0015815071022202462,0.0030997539203516822,0.0010073659275388887,0.0019744372179762216,1.0025456147561544,1.9649894049220626,2.3178370163301025,4.542960552007001,0.0013805005539974694,0.00270578108583504,0.0009015400311219432,0.0017670184609990087,0.3329440646788567,0.6525703667705591,1.5112297994535,2.9620104069288598,0.0013688815081696183,0.0026830077560124517,0.000987099491279422,0.0019347150029076672,0.31036517753228365,0.6083157479632759,1.3428845629941089,2.6320537434684534,0.0021218844710175523,0.004158893563194403,0.0013707056908969302,0.002686583154157983,2.3924328310221745,4.689168348803462,3.346064932277211,6.558287267263334
relu,gpu_geometry,20,highdim_nonlinear,Random nonlinear,693.0,3.0,231,230,0.0032439022751680874,0.001918889444326996,4,0.04322073668476241,0.013607503001032365,4,0.004680609263970147,0.002624028161616891,4,0.007083720345895902,0.0039435389883291545,4,0.006088791999485393,0.002636562898365607,4,0.004053774037446266,0.0017953895778827157,4,8.26448150802814,13.851028669163616,4,11.725171111945588,12.086764008086389,4,0.006058018875956819,0.002916305391090126,4,0.004091564251840787,0.0021024473248038807,4,10.980537931772002,8.387101577663781,4,14.167595443076461,3.9650114044533975,4,0.006157307048303688,0.0029896036246129317,4,0.0041042036409811525,0.0019094133461122875,4,9.698605661443448,8.318697417270796,4,11.691452423535726,9.50541599904215,4,0.005213816975241113,0.0030021208066076826,4,0.0035862156712271904,0.002136456827809693,4,27.157182453553613,1.838821506320016,4,27.989756101575573,4.487372759922513,4,0.004995453966138397,0.00290815353658135,4,0.003551655523292397,0.0020771133346083994,4,30.451286078160607,2.3416762071610693,4,28.24909500582723,3.773035381844334,4,0.0049533282467559845,0.0028630837390403925,4,0.0035192619737229288,0.0021128347334011823,4,30.874740524734896,1.9754921641913796,4,29.45649817679381,5.287854897102752,4,0.0063980269408938,0.0034018535771225406,4,0.004303742007054228,0.0022712308806154126,4,8.452778409438217,3.6116983262818203,4,10.35912162840729,3.576435247698928,4,0.000959444722163498,0.001880511655440456,0.0068037515005161826,0.013335352941011718,0.0013120140808084455,0.0025715475983845533,0.0019717694941645773,0.003864668208562571,0.0013182814491828035,0.0025838316403982947,0.0008976947889413579,0.0017594817863250613,6.925514334581808,13.574008095780345,6.0433820040431945,11.84502872792466,0.001458152695545063,0.0028579792832683234,0.0010512236624019404,0.0020603983783078032,4.193550788831891,8.219359546110505,1.9825057022266988,3.8857111763643295,0.0014948018123064658,0.002929811552120673,0.0009547066730561437,0.0018712250791900417,4.159348708635398,8.15232346892538,4.752707999521075,9.315307679061306,0.0015010604033038413,0.002942078390475529,0.0010682284139048464,0.002093727691253499,0.919410753160008,1.8020450761936155,2.2436863799612565,4.3976253047240625,0.001454076768290675,0.0028499904658497227,0.0010385566673041997,0.002035571067916231,1.1708381035805346,2.2948426830178477,1.886517690922167,3.697574674207447,0.0014315418695201962,0.0028058220642595845,0.0010564173667005911,0.0020705780387331586,0.9877460820956898,1.935982320907552,2.643927448551376,5.182097799160697,0.0017009267885612703,0.00333381650558009,0.0011356154403077063,0.0022258062630031044,1.8058491631409102,3.5394643597561837,1.788217623849464,3.5049065427449495
relu,gpu_geometry,20,highdim_nonlinear,Random nonlinear,924.0,4.0,231,230,0.0032439022751680874,0.001918889444326996,4,0.04322073668476241,0.013607503001032365,4,0.004680609263970147,0.002624028161616891,4,0.006208448901802872,0.003434551319415254,4,0.005780871329343327,0.0025979959291918954,4,0.0038112034268649713,0.0017691393460481522,4,1.6848954286614997,12.561431422724635,4,6.812415800793518,9.18185056444884,4,0.0056578690493511085,0.0026197002882018382,4,0.004015680045727862,0.0020294543484435865,4,4.447260289193532,10.656830982467474,4,3.8253963568504634,4.967377151746679,4,0.005693309601229708,0.002815614054132869,4,0.00387553568807432,0.001945254016151811,4,5.40154448145474,7.094363360287694,4,6.957344240422077,6.431529064365449,4,0.005099033204732408,0.0029492690533966066,4,0.0035815168879252193,0.0020672525917725393,4,18.981869793018355,2.6956902254640265,4,17.418919162810884,3.823037206694479,4,0.005012019736284296,0.002921642722683919,4,0.003535768077376375,0.001938567935022377,4,20.56128036920527,3.154110240653349,4,17.194767104375867,4.494691859423853,4,0.005011380438303888,0.0029160362262383396,4,0.00348976812131888,0.0018944188764699094,4,20.521267071504976,3.083681437309825,4,18.06175342999044,0.9846340505233812,4,0.005780449236132679,0.0030123070181960142,4,0.0039129545833351135,0.0020963036423126916,4,5.259478238278726,4.453706110048719,4,7.788951356303188,2.423529919554424,4,0.000959444722163498,0.001880511655440456,0.0068037515005161826,0.013335352941011718,0.0013120140808084455,0.0025715475983845533,0.001717275659707627,0.0033658602930269487,0.0012989979645959477,0.0025460360106080576,0.0008845696730240761,0.0017337565591271891,6.280715711362317,12.310202794270142,4.59092528222442,8.998213553159863,0.0013098501441009191,0.0025673062824378015,0.0010147271742217932,0.0019888652614747145,5.328415491233737,10.443694362818125,2.4836885758733396,4.868029608711746,0.0014078070270664344,0.0027593017730502115,0.0009726270080759055,0.0019063489358287747,3.547181680143847,6.95247609308194,3.2157645321827246,6.30289848307814,0.0014746345266983033,0.0028902836723286745,0.0010336262958862696,0.0020259075399370885,1.3478451127320132,2.641776420954746,1.9115186033472396,3.7465764625605895,0.0014608213613419596,0.0028632098682302405,0.0009692839675111885,0.0018997965763219295,1.5770551203266745,3.091028035840282,2.2473459297119267,4.404798022235377,0.0014580181131191698,0.002857715501713573,0.0009472094382349547,0.0018565304989405112,1.5418407186549126,3.0220078085636284,0.4923170252616906,0.9649413695129135,0.0015061535090980071,0.0029520608778320937,0.0010481518211563458,0.0020543775694664376,2.2268530550243595,4.364631987847744,1.211764959777212,2.3750593211633353
relu,gpu_geometry,20,highdim_poly3,Sparse cubic,462.0,2.0,231,230,0.0006517777107450017,0.0002268760169229377,6,0.013650242121159414,0.00450123342105983,6,0.0009205258977819365,0.00031873265848755025,6,0.0019203923995437776,0.0007331804017190793,6,0.0019965052068132536,0.0007050727147065231,6,0.0012663011467702618,0.0004620358165790035,6,-5.781472605409353,7.71770230627835,6,-0.8662661905192522,7.280699856593797,6,0.001881161085292609,0.0007358008754756318,6,0.0011930422042769754,0.00045040741688952155,6,1.715396023698685,5.738622436204217,6,6.055079756802956,2.840174860057443,6,0.002075702352863978,0.0009284589778961169,6,0.0013764173704474776,0.0005856360447606187,6,-6.940724804738575,12.789406468641975,6,-7.320842617374712,9.793389939766644,6,0.0010047206444924928,0.00035717309070248216,6,0.0006903859110565838,0.00023552482976330681,6,47.03192952907384,2.4613150094625125,6,44.83503320966583,2.6742121565955914,6,0.0009351916528414966,0.0003293508323153115,6,0.0006303983893403792,0.00022567530642702218,6,50.56496056002657,2.7832123567907243,6,49.67178523787184,3.9861352534441536,6,0.0009313441360582486,0.00032475978682653203,6,0.0006270731004235695,0.00023069153528805058,6,50.718921294341754,2.8618023308216225,6,50.35229192704504,1.6579061586215227,6,0.0017898037819388992,0.0006219302646257953,6,0.0011699576469989745,0.0004303117840719993,6,5.352746760293648,9.015795409351279,6,7.648218480080871,8.433845985165934,6,9.262174605603977e-05,0.00018153862226983795,0.0018376208491264812,0.0036017368642879033,0.0001301220629425447,0.0002550392433673876,0.0002993196456034225,0.000586666505382708,0.0002878447304316531,0.0005641756716460401,0.00018862533225145317,0.0003697056512128482,3.15073877284715,6.175447994780414,2.9723332698349103,5.8257732088764245,0.00030038944953474046,0.0005887633210880913,0.00018387805795739166,0.0003604009935964876,2.3427827991979404,4.591854286427963,1.1594965312368926,2.2726132012243094,0.00037904179049191535,0.0007429219093641541,0.00023908491410754094,0.0004686064316507802,5.221253326870558,10.233656520666294,3.9981347007557275,7.8363440134812254,0.00014581530367898263,0.000285797995210806,9.615260911266238e-05,0.00018845911386081827,1.0048276449061175,1.9694621840159903,1.0917425412678305,2.139815380884948,0.00013445691425557636,0.00026353555194092966,9.213155804874025e-05,0.0001805778537755309,1.1362416866577125,2.2270337058491165,1.6273329027763133,3.189572489441574,0.0001325826277833403,0.000259861950455347,9.41794249058306e-05,0.00018459167281542797,1.168325909203426,2.289918782038715,0.6768373550067468,1.3266012158132237,0.0002539019673212189,0.000497647855949589,0.0001756740502138487,0.0003443211384191434,3.680683063039604,7.214138803557623,3.4431032054795074,6.748482282739834
relu,gpu_geometry,20,highdim_poly3,Sparse cubic,693.0,3.0,231,230,0.0006517777107450017,0.0002268760169229377,6,0.013650242121159414,0.00450123342105983,6,0.0009205258977819365,0.00031873265848755025,6,0.0014516623352165664,0.0005399959004830029,6,0.001540665160878393,0.0005792694174713021,6,0.0009225524677040202,0.00029612444929026763,6,-6.174654946246757,2.650361287998152,6,2.4272853143881705,8.778978489845155,6,0.0014715671529987883,0.0005499578257341662,6,0.0009102004054252914,0.0003157263414521793,6,-1.8325761807642518,5.084947499878183,6,4.459913104423234,5.989548310509646,6,0.0015335852420983703,0.000650877713985936,6,0.001009321653688574,0.000451263772545058,6,-3.8788499084281916,6.67481795620183,6,-2.1745187062836613,11.944774368812089,6,0.0009825440378405793,0.00034287028646881194,6,0.0006606741305922918,0.00022214396158124576,6,31.686688886671373,2.42470144556388,6,30.319807895315396,5.2958516302782375,6,0.0009442041924089075,0.0003296570438724961,6,0.00063006560084357,0.00017793255019106749,6,34.314425460259876,2.518641008401152,6,32.397579220590835,8.289861801183044,6,0.0009438944199515334,0.0003338869837380086,6,0.0006314807955331245,0.00018650734580063027,6,34.44909549000508,2.191651159935689,6,32.51913242292105,8.392043684581635,6,0.0014364528095402883,0.0004677401066921915,6,0.0009455841427229336,0.0002961510663343348,6,-0.9832587167975143,8.25409331507625,6,-0.32789433613300795,10.536345175699338,6,9.262174605603977e-05,0.00018153862226983795,0.0018376208491264812,0.0036017368642879033,0.0001301220629425447,0.0002550392433673876,0.00022045240322968025,0.0004320867103301733,0.00023648574940065688,0.0004635120688252875,0.00012089230018730467,0.00023694890836711716,1.0820054649368478,2.1207307112762215,3.5840029604983106,7.024645802576688,0.00022451934218319645,0.00044005791067906503,0.0001288947391522621,0.00025263368873843374,2.0759211239237625,4.0688054028905745,2.445222858416282,4.792636802495912,0.0002657197140357856,0.0005208106395101397,0.00018422766368979347,0.0003610862208319952,2.7249830197768934,5.340966718762711,4.8764337160441045,9.557810083446444,0.00013997620830174748,0.00027435336827142504,9.068989255241365e-05,0.00017775218940273074,0.9898802200367114,1.9401652312719544,2.1620223746113525,4.2375638542382505,0.00013458192460031723,0.00026378057221662177,7.264065943337882e-05,0.00014237569248942247,1.0282308859719504,2.015332536505023,3.384321908514658,6.63327094068873,0.00013630879031917767,0.00026716522902558824,7.614130508205985e-05,0.0001492369579608373,0.8947378393368876,1.7536861651002995,3.426037487728511,6.715033475947881,0.0001909540989384721,0.0003742700339194053,0.00012090316655004229,0.00023697020643808289,3.3697194852090795,6.604650191009796,4.3014449057164255,8.430832015204194
relu,gpu_geometry,20,highdim_poly3,Sparse cubic,924.0,4.0,231,230,0.0006517777107450017,0.0002268760169229377,6,0.013650242121159414,0.00450123342105983,6,0.0009205258977819365,0.00031873265848755025,6,0.0012724811052312317,0.0004592445512638323,6,0.0013757506249719965,0.0005536347490150928,6,0.0008845849742763531,0.0003537996583908075,6,-7.396546427925081,8.392426259211422,6,-3.528939478772209,8.52641118504951,6,0.0013360248840452906,0.0005071968638308388,6,0.000856461726528617,0.00031752331392887996,6,-4.746778449755955,4.888341051233663,6,-0.43835526882171133,3.720685195605602,6,0.001310375121909369,0.0005142576157348591,6,0.0008438638913231283,0.0002901353205277252,6,-2.4206187757325206,6.3323498360324395,6,-0.08706508597470042,4.104207723723679,6,0.0009735428818157445,0.0003332252181506838,6,0.0006544724672045173,0.00019550337874530674,6,22.999351230937716,2.0041879157315523,6,21.305615681602973,5.70124544634601,6,0.0009478862422033292,0.0003270143702172947,6,0.0006357387595658054,0.00021989791988891408,6,25.03348712050406,2.1386308981503017,6,24.696003083505502,2.488501023140373,6,0.0009456495393441763,0.0003306492852861522,6,0.0006465774429645033,0.00023467075017082016,6,25.332641658404793,1.596117509140129,6,24.03554649635041,3.3364196843206093,6,0.0012825078862539244,0.0004931634641124805,6,0.0008351267089691242,0.00029641956693465945,6,-0.17707184489429442,5.184199071341756,6,1.253854408029532,4.304316536027077,6,9.262174605603977e-05,0.00018153862226983795,0.0018376208491264812,0.0036017368642879033,0.0001301220629425447,0.0002550392433673876,0.00018748580295830346,0.00036747217379827474,0.00022602043982680153,0.000443000062060531,0.0001444381057047459,0.00028309868718130195,3.4261936731670963,6.715339599407509,3.480892790088423,6.822549868573309,0.00020706225258757267,0.00040584201507164246,0.00012962835009388575,0.0002540715661840161,1.9956568773704662,3.9114874796461137,1.5189633704601908,2.977168206101974,0.00020994479248177844,0.00041149179326428574,0.00011844724860862876,0.00023215660727291237,2.585170995179367,5.06693515055156,1.6755357869187746,3.284050142360798,0.0001360386256494645,0.0002666357062729504,7.981392015268062e-05,0.000156435283499254,0.818206290365739,1.6036843291168483,2.3275237069856423,4.561946465691859,0.00013350305759832738,0.00026166599289272166,8.977294987120869e-05,0.000175954981747569,0.8730924081030567,1.711261119881991,1.0159262885146314,1.9912155254886774,0.00013498700546116978,0.0002645745307038928,9.580393257910963e-05,0.00018777570785505487,0.6516122444858969,1.277159999192358,1.3620876323938704,2.669691759491986,0.00020133314114315683,0.0003946129566405874,0.00012101278146111335,0.00023718505166378217,2.1164404082996184,4.148223200267252,1.757229867448391,3.4441705401988463
relu,gpu_geometry,20,highdim_poly4,Sparse quartic,462.0,2.0,231,230,0.0009131732499997802,0.00025294551120674997,6,0.01761206799018336,0.004680769899021761,6,0.0012848009107276368,0.00038440929971504526,6,0.0027069460302021633,0.0008617657313564134,6,0.00433806374084746,0.0017340977415071627,6,0.0021576142976161903,0.0007405663533722303,6,-58.47018027293205,31.63144415749504,6,-19.774795232479647,15.119349838889974,6,0.0027472576647072206,0.0006514385404985112,6,0.0016957302544137133,0.00045602836780764565,6,-3.6962212597004975,11.858510773955695,6,4.2539724331659645,12.246241680550785,6,0.0029134995777298496,0.0011212662182111374,6,0.0018931856421853654,0.0008173497601413856,6,-6.710945408240764,14.107684702367651,6,-3.2008033097805604,16.625918837159684,6,0.0014243543694344265,0.00043710211650957047,6,0.000968952847096503,0.00031713772649316304,6,47.184689009806725,3.072851723215396,6,46.225071055999685,2.763562266028077,6,0.0012924875004747094,0.0003838437245394474,6,0.0008777717096640662,0.0002519792503537257,6,52.001753294586685,1.3566238805142767,6,50.868985268662186,1.4909664898178348,6,0.0012918443187924903,0.00038445565310894883,6,0.0009142506081607649,0.00028976945701065555,6,52.03503864681459,1.2763873658138023,6,49.1193542296754,2.914799636910971,6,0.0026536852760431495,0.0008187394811574187,6,0.0017658112905365273,0.0005100445528861548,6,1.6908425200363197,3.864334872979936,6,1.1334156629724783,6.583944143361027,6,0.00010326457253066359,0.00020239856216010062,0.001910916309330343,0.0037453959662874722,0.000156934439447078,0.00030759150131627285,0.00035181438660659644,0.000689556197748929,0.0007079424384675451,0.0013875671793963883,0.0003023349477392701,0.0005925764975689695,12.913483002200499,25.310426684312976,6.1724487246519155,12.097999500317755,0.00026594867050079124,0.0005212593941815508,0.0001861728015604971,0.0003648986910585743,4.841216750914714,9.488784831792838,4.9995072306921635,9.79903417215664,0.00045775501673957767,0.0008971998328095722,0.00033368164228876916,0.0006540160188859875,5.759438162144786,11.288498797803781,6.787502942661379,13.303505767616302,0.00017844619182316843,0.0003497545359734101,0.00012947093468242997,0.00025376303197756274,1.254486462851621,2.458793467189177,1.128219570696402,2.211310358564948,0.00015670354434851137,0.0003071389469230823,0.00010287009818927428,0.0002016253924509776,0.5538393800224055,1.0855251848439147,0.6086845206070377,1.1930216603897938,0.00015695336314089633,0.0003076285917561568,0.00011829788545324199,0.0002318638554883543,0.5210829600631582,1.0213226017237902,1.1899619688135927,2.332325458874642,0.00033424899351778637,0.0006551280272948613,0.0002082248167761781,0.00040812064088130906,1.5776081056739482,3.0921118871209385,2.6878839410367026,5.268252524431937
relu,gpu_geometry,20,highdim_poly4,Sparse quartic,693.0,3.0,231,230,0.0009131732499997802,0.00025294551120674997,6,0.01761206799018336,0.004680769899021761,6,0.0012848009107276368,0.00038440929971504526,6,0.002039737083438501,0.0006369073186197655,6,0.0027247558133654368,0.001038153103856016,6,0.0014084702266951197,0.0004077222750868971,6,-31.743440378448778,16.126634081169314,6,-3.3746513413708628,10.121078833790596,6,0.0020427389896999193,0.0005244008817728025,6,0.0012968687198475618,0.0003156642538504338,6,-1.4389351837830358,4.99482932112864,6,3.9234958562807574,7.545293563352951,6,0.0021273287355685626,0.0005980081151276979,6,0.001385093742951489,0.0003984532866267131,6,-5.095437477946221,5.260936343020649,6,-1.724898069951091,10.337381062285143,6,0.001375333576669884,0.0003981508897763109,6,0.000897854789146077,0.0002555864260283352,6,32.17582177963005,3.7216927738895706,6,34.01616148777156,6.07474359168185,6,0.001305100425372173,0.0004002486971742991,6,0.0009130430073628952,0.00033269743708478115,6,35.93288745447506,0.7786320619879008,6,34.13119673740095,6.74812255060157,6,0.0013079600252049342,0.00040352947233904376,6,0.000856764996093322,0.0002606316507684547,6,35.81912044436156,0.8515654352040897,6,37.43236882470748,3.6404430122521756,6,0.002082406532314281,0.0006815052569640045,6,0.0013142622119848288,0.00039545805987089796,6,-1.8062256896620432,4.1849877589534294,6,3.913488580931231,6.15130174683924,6,0.00010326457253066359,0.00020239856216010062,0.001910916309330343,0.0037453959662874722,0.000156934439447078,0.00030759150131627285,0.0002600163240104422,0.0005096319950604667,0.0004238242298889718,0.0008306954905823847,0.00016645192178826266,0.0003262457667049948,6.583670794573643,12.90399475736434,4.131913131545,8.098549737828199,0.00021408576350148898,0.0004196080964629184,0.0001288693919949905,0.00025258400831018135,2.039130531509545,3.996695841758708,3.080353198286832,6.037492268642191,0.00024413579068439966,0.0004785061497414233,0.00016266787309506325,0.00031882903126632397,2.1477682682773875,4.20962580582368,4.220218146551423,8.271627567240788,0.0001625444200978449,0.000318587063391776,0.00010434272149183643,0.0002045117341239994,1.5193747125721295,2.977974436641374,2.4800036863104227,4.860807225168428,0.00016340084638179602,0.0003202656589083202,0.00013582315993157054,0.00026621339346587827,0.3178752082069132,0.6230354080855498,2.754909495123734,5.399622610442519,0.00016474021723419932,0.00032289082577903065,0.00010640242586699621,0.00020854875469931256,0.34765013314018517,0.681394260954763,1.4862046362830668,2.9129610871148106,0.0002782233560976906,0.0005453177779514736,0.00016144507689245009,0.00031643235070920214,1.708514098204931,3.348687632481665,2.5112584222744943,4.922066507658009
relu,gpu_geometry,20,highdim_poly4,Sparse quartic,924.0,4.0,231,230,0.0009131732499997802,0.00025294551120674997,6,0.01761206799018336,0.004680769899021761,6,0.0012848009107276368,0.00038440929971504526,6,0.0017849883507173147,0.0005435403469474586,6,0.0021480962864709806,0.0006980785732430206,6,0.0012863411362415466,0.0004250766779568055,6,-19.788032648914502,3.396497777043886,6,-6.18597091531592,5.7852160579435825,6,0.0018816724928169652,0.0005097245344362716,6,0.0011965581253946293,0.0003565632500394994,6,-6.224838980067304,3.7363001226004116,6,0.4853330181457059,5.815833331803981,6,0.001841191580949619,0.0005056106614327533,6,0.0011454168227107847,0.0003034279096169035,6,-3.8603670066544673,3.7686711363939422,6,4.092835700040005,4.10121056080492,6,0.0013604986860153382,0.00042622718998113314,6,0.000977967769569341,0.00031387786426622944,6,23.90840315994747,2.8389231112198905,6,18.932055507763224,7.503251764308386,6,0.0013123546863536308,0.00040428157840603134,6,0.0009147337444588014,0.00026195427865946503,6,26.533057697100613,1.1182448025610576,6,23.703934894743156,5.042773970123454,6,0.001310752020680918,0.00040178316480846225,6,0.0009034032587986671,0.00027380516681465943,6,26.589286932186223,1.6537196100903933,6,25.00219150550328,1.9831916986806817,6,0.0018217055356111805,0.0005406342663928383,6,0.0011597549636843407,0.00031872666545515005,6,-2.3545545413777718,5.76798938872678,6,2.8919573874090996,8.07059774055356,6,0.00010326457253066359,0.00020239856216010062,0.001910916309330343,0.0037453959662874722,0.000156934439447078,0.00030759150131627285,0.000221899417439435,0.0004349228581812926,0.00028498938413591576,0.0005585791929063949,0.0001735368270919239,0.00034013218110017087,1.3866144110424774,2.717764245643256,2.3618045656195563,4.62913694861433,0.0002080941697910964,0.0004078645727905489,0.00014556633727086458,0.0002853100210508946,1.52533813771154,2.9896627499146184,2.3743040153317283,4.653635870050187,0.0002064146881702246,0.0004045727888136402,0.0001238739253801244,0.00024279289374504382,1.538553548753331,3.015564955556529,1.6743122002809496,3.2816519125506614,0.0001740065216590138,0.00034105278245166704,0.00012814010150113663,0.0002511545989422278,1.1589855069138717,2.2716115935511887,3.063189705698863,6.003851823169771,0.0001650472632502945,0.00032349263597057724,0.000106942386442421,0.00020960707742714515,0.45652152896565185,0.8947821967726776,2.0587038524985677,4.035059550897192,0.00016402729017021524,0.0003214934887336219,0.00011178049127225757,0.00021908976289362482,0.6751282037259693,1.3232512793028997,0.8096346206485129,1.5868838564710852,0.00022071301502106093,0.0004325975094412794,0.0001301196162973126,0.00025503444794273267,2.35477180736141,4.615352742428364,3.294807730602506,6.457823151980912
relu,iterative_dopt,5,highdim_poly2,Quadratic,42.0,2.0,21,20,0.002004335552176439,0.0011341240508799216,5,0.00632269423273499,0.0015222318894572329,5,0.0007412643034883818,0.00040009617250651424,5,0.0016476550238651699,0.0009932902770402247,5,0.0011749311808561182,0.0009661923299596325,5,0.002418851145858637,0.001452924645537066,5,34.105549402703296,12.29169587639208,5,36.13060184245633,7.329199294332125,5,0.0012829027823858601,0.0005449200121256363,5,0.0029117254347134527,0.0012511125852299873,5,17.153913978672875,19.49171438911701,5,18.5636266620102,18.308752032303577,5,0.001217196349387946,0.0006874909869028921,5,0.0027888277828603094,0.0013162189946786472,5,24.573551375337722,12.824510355117397,5,22.33902944581446,14.525807848719754,5,0.0007871966809912892,0.0004354184354624833,5,0.002010051074842801,0.0010632279346881935,5,51.39278938404128,2.301601101192279,5,45.84192239162801,5.4418657911961565,5,0.0007422672213298588,0.000402872867871186,5,0.0018923834989634243,0.001178234230456222,5,54.099279414467944,2.420717394181106,5,50.408509088920866,1.0586327066313814,5,0.0007439542188389393,0.0004046695119653187,5,0.0020551215060799826,0.001113746566971696,5,54.02363730132053,2.4694928387595065,5,45.029867008915645,8.199182780607115,5,0.002142029674189703,0.0017592857487615584,5,0.0036224612842199176,0.0027021355223487225,5,-18.743883869076296,41.22784121559944,5,9.88778525676823,17.414562289199612,5,0.000507195694536987,0.0009941035612924943,0.0006807627964688636,0.0013342950810789726,0.00017892844785240964,0.00035069975779072286,0.0004442129161703082,0.000870657315693804,0.00043209434582572895,0.0008469049178184287,0.0006497676547211332,0.0012735446032534211,5.497013507673309,10.774146475039684,3.277717568554024,6.424326434365887,0.00024369563788258648,0.0004776434502498695,0.0005595145576159502,0.0010966485329272622,8.716959674415284,17.085240961853955,8.187922825483644,16.048328737947944,0.00030745531612665685,0.0006026124196082474,0.0005886310290755778,0.0011537168169881325,5.7352953864384935,11.241178957419447,6.49613875556747,12.73243196091224,0.00019472504407014353,0.00038166108637748133,0.00047548998750790146,0.0009319603755154869,1.0293073038708616,2.0174423155868886,2.4336763667090566,4.770005678749751,0.00018017022377005257,0.000353133638589303,0.0005269223665434531,0.001032767838425168,1.0825777295410215,2.121852349900402,0.4734349390464722,0.9279324805310856,0.0001809737074352234,0.0003547084665730379,0.0004980826066911468,0.0009762419091146477,1.1043907714830368,2.1646059121067522,3.666786011476651,7.186900582494236,0.0007867765052154922,0.0015420819502223646,0.001208431742477729,0.002368526215256349,18.437651104729582,36.13779616526998,7.788029015410936,15.264536870205434
relu,iterative_dopt,5,highdim_poly2,Quadratic,63.0,3.0,21,20,0.002004335552176439,0.0011341240508799216,5,0.00632269423273499,0.0015222318894572329,5,0.0007412643034883818,0.00040009617250651424,5,0.0011695562545645903,0.0006680684046106577,5,0.000985210819211544,0.000544601866940129,5,0.002311113517254666,0.0014519343855376656,5,14.975499868559288,3.9800247518318073,5,20.578446468139553,6.841382364499398,5,0.0010226992397256523,0.00048125191132399124,5,0.002598395092130127,0.001381258642510257,5,9.472497741683311,7.778054987585482,5,8.091573395855008,6.136640114169923,5,0.0010128559590451434,0.0005523134995899456,5,0.0025657733280140395,0.00144994829927382,5,13.122179892895545,10.462886410531253,5,11.443379052684762,11.801195071110271,5,0.0007777882277495963,0.0004211360717424248,5,0.0021303709400424206,0.0012141855529633559,5,32.63878478891414,3.055641492510439,5,25.93296607950714,3.553756752479078,5,0.0007468692823968107,0.0003972958009339279,5,0.0020098999005907733,0.0010150791298400527,5,35.23526499307637,2.298368440671742,5,28.438174391141796,5.9530332281900415,5,0.0007461567564868371,0.0004037182309429295,5,0.0018413790314463086,0.0010508066012558709,5,35.52264412608333,2.173589590266135,5,36.04339452989085,7.663386215983869,5,0.0015403976061372446,0.0016003430566669029,5,0.0030211180227923723,0.0020150493470657417,5,-13.159339875440802,46.31815709491382,5,-1.2080582400574902,14.620943944785207,5,0.000507195694536987,0.0009941035612924943,0.0006807627964688636,0.0013342950810789726,0.00017892844785240964,0.00035069975779072286,0.00029876927326585287,0.0005855877756010716,0.00024355335903028475,0.0004773645836993581,0.0006493247969863215,0.0012726766020931901,1.7799211794455303,3.4886455117132393,3.0595592054177794,5.996736042618847,0.00021522239760442903,0.00042183589930468087,0.000617717643832403,0.00121072658191151,3.478451936994484,6.817765796509188,2.7443888897472037,5.37900222390452,0.0002470021059947841,0.0004841241277497768,0.0006484365922072941,0.0012709357207262965,4.67914505096133,9.171124299884207,5.277654878947606,10.344203562737308,0.00018833777683865803,0.0003691420426037697,0.0005430002867448469,0.0010642805620199,1.3665244184244512,2.678387860111924,1.5892883348084226,3.115005136224508,0.00017767608361269742,0.00034824512388088695,0.0004539571873727386,0.0008897560872505676,1.0278616141364416,2.0146087637074257,2.66227739410959,5.218063692454796,0.00018054828162886988,0.00035387463199258495,0.0004699349983227286,0.0009210725967125481,0.9720588158041985,1.905235278976229,3.4271705033549633,6.717254186575728,0.0007156951724053986,0.0014027625379145813,0.0009011574636111129,0.0017662686286777814,20.714109571348295,40.59965475984266,6.538684911150731,12.815822425855432
relu,iterative_dopt,5,highdim_poly2,Quadratic,84.0,4.0,21,20,0.002004335552176439,0.0011341240508799216,5,0.00632269423273499,0.0015222318894572329,5,0.0007412643034883818,0.00040009617250651424,5,0.0010284878576577654,0.000550085629404888,5,0.0009273628322019782,0.00043196055772078324,5,0.002160368223681659,0.0011993469371367528,5,6.921203256069269,9.244686083232136,5,15.43386110007086,4.392532005493571,5,0.000974251491019195,0.0004535708840027883,5,0.002391736584992119,0.0012996707387535594,5,3.4769679605773605,6.433792177908144,5,6.626232758314974,5.685924222695086,5,0.0009787998748037228,0.0005728573653683553,5,0.0024097509588721913,0.0013650799339409412,5,6.41627421256982,6.87532805925564,5,6.393009253104946,7.190628735966876,5,0.0007704006774428061,0.0004100483924353153,5,0.0020240106603580206,0.001006314919651126,5,24.75666817627128,3.603542897148447,5,19.71463149167988,6.7467429443785765,5,0.0007521286989165905,0.0004025366373956228,5,0.0018454602661042198,0.0009542124216572819,5,26.659847298362138,1.9705725877274287,5,26.916007738274914,4.447427796220323,5,0.0007503806645280012,0.00040232281830352866,5,0.0018144780211632073,0.001110496881346958,5,26.9129992397735,1.512135783423289,5,30.116480871271232,3.630242331566244,5,0.0011130190453318793,0.0005855338892387141,5,0.002431745652799912,0.0015179650398693594,5,-9.095938905227097,19.033705742806383,5,7.189107512804476,4.522425313206237,5,0.000507195694536987,0.0009941035612924943,0.0006807627964688636,0.0013342950810789726,0.00017892844785240964,0.00035069975779072286,0.0002460057721590173,0.00048217131343167394,0.00019317863413247858,0.00037863012289965803,0.0005363642560087891,0.0010512739417772267,4.134349302550667,8.103324632999307,1.9644000315254209,3.8502240617898247,0.00020284306584898132,0.0003975724090640034,0.0005812304240440658,0.0011392116311263688,2.877279332581806,5.639467491860339,2.542822615371773,4.9839323261286745,0.00025618960207501526,0.0005021316200670299,0.0006104823054025733,0.0011965453185890436,3.0747401816214626,6.026490755978067,3.215746930917064,6.302863984597446,0.0001833792159099751,0.00035942326318355117,0.0004500377134224313,0.0008820739183079653,1.611553375572092,3.1586446161213004,3.0172351700695157,5.913780933336251,0.0001800198569301593,0.00035283891958311225,0.0004267367679600749,0.0008364040652017468,0.8812668521512397,1.7272830302164297,1.9889501754741448,3.8983423439293237,0.00017992423412519732,0.0003526514988853867,0.0004966293030986632,0.0009733934340733798,0.6762476805888747,1.3254454539541944,1.6234937256358903,3.182047702246345,0.00026185871589351945,0.000513243083151298,0.0006788546033232132,0.001330555022513498,8.51213198092864,16.683778682620133,2.0224900846989846,3.9640805660100096
relu,iterative_dopt,5,highdim_smooth,Smooth,42.0,2.0,21,20,0.0027954254139822164,0.00014603894409950078,2,0.009042254494618637,0.0005294980626867772,2,0.001029339424330392,1.0264530542748526e-05,2,0.002255935846387276,0.0001358966901932694,2,0.005872408660752719,0.0001794535015700455,2,0.008703102552516766,0.0006194328370723396,2,-160.54233931875893,7.740242897239245,2,-73.99394200657085,16.847835312329632,2,0.005429806019406768,2.6896634559346988e-05,2,0.008053482185358472,0.000318065450168622,2,-141.16321383353025,15.719837986117621,2,-60.77746335221477,2.211689462078451,2,0.005143054416670918,0.0018845336226117888,2,0.009034796517482005,0.0025302782056729907,2,-130.913832528029,97.44682596964331,2,-81.1104588037162,55.18538647188009,2,0.0010753050124781872,1.209006251403865e-05,2,0.0026640443984975743,0.0006112031692734602,2,52.26394459085737,2.3396789806916454,2,46.945859915571916,10.838174483171041,2,0.001030305288442061,7.581465506438566e-06,2,0.002498953734696811,5.714985066150995e-05,2,54.256265221480916,2.4195172090450474,2,50.10090579821943,0.14352303415176493,2,0.0010317552779047505,1.1228681004747648e-05,2,0.002498619083263431,0.0002472476866581495,2,54.19675235815262,2.261430289484909,2,50.15646670858983,3.653639363103102,2,0.009288551216942423,0.004540271751257049,2,0.00792883775019923,0.0013963291971416088,2,-318.5595849526856,226.47276880130568,2,-58.72862420121983,31.967318584459584,2,0.00010326512769008014,0.00020239965027255707,0.00037441167075095977,0.0007338468746718812,7.258119152473916e-06,1.4225913538848875e-05,9.609347117646817e-05,0.0001883432035058776,0.0001268927878678499,0.0002487098642209858,0.0004380051595834731,0.0008584901127836073,5.473178240668879,10.727429351711004,11.913218597662457,23.349908451418415,1.90187926880107e-05,3.727683366850097e-05,0.00022490623667538454,0.0004408162238837537,11.11560403913765,21.786583916709795,1.5639006165145,3.06524520836842,0.0013325665039228458,0.002611830347688778,0.0017891768775199015,0.003506786679939007,68.90531144824014,135.05441043855066,39.02196099666678,76.48304355346689,8.548965188646008e-06,1.6755971769746176e-05,0.000432185905675973,0.0008470843751249071,1.6544028730466918,3.242629631171516,7.6637466727332475,15.020943478557164,5.360905670934612e-06,1.050737511503184e-05,4.0411046946552186e-05,7.920565201524228e-05,1.7108570257133024,3.3532797703980726,0.10148611070518142,0.19891277698215556,7.939876482237637e-06,1.5562157905185768e-05,0.00017483051586866414,0.0003426678111025817,1.5990726928754364,3.1341824780358554,2.5835131696603018,5.0636858125341915,0.0032104569437435807,0.006292495609737418,0.000987353844067599,0.0019352135343724943,160.14043057349642,313.875243924053,22.604307747422116,44.304443184947345
relu,iterative_dopt,5,highdim_smooth,Smooth,63.0,3.0,21,20,0.0027954254139822164,0.00014603894409950078,2,0.009042254494618637,0.0005294980626867772,2,0.001029339424330392,1.0264530542748526e-05,2,0.0017591491757083045,3.106241590564862e-05,2,0.004923274850415676,0.00024623471659144435,2,0.007832432820467878,0.00026747211628138344,2,-179.78685700521385,9.057001055921907,2,-89.48274950847687,6.257429566982043,2,0.005210686347638469,0.0001476084388177314,2,0.008477683216111372,0.0006619418831693281,2,-196.1770076380542,3.1611136597272016,2,-105.1056524813068,16.245029899227273,2,0.00391484490157013,0.0007829349259454541,2,0.006361343065722215,0.0003429300122269764,2,-122.96965075733434,48.44357135681469,2,-53.89233342521268,8.123027818882326,2,0.006198211749112266,0.0018855340165961781,2,0.011160607172264393,3.9009353541521605e-05,2,-251.44992986291481,100.97865503457452,2,-170.0038940518271,1.247811431093678,2,0.0010354010929649693,1.0877317372005556e-05,2,0.0027526867337462164,0.0001166732493094189,2,41.13822190020768,0.42103154485631644,2,33.40394463193181,2.897619820349444,2,0.001032361794261816,1.3080341874232752e-05,2,0.001964609677499748,0.00017846328857130917,2,41.3121256128125,0.2927284294708337,2,52.46868344721816,4.371005859098869,2,0.003276926989572596,0.00036328722662581946,2,0.0055898678182787695,0.00046768379125634434,2,-86.12577475051074,17.36476181687148,2,-35.23943546467154,11.466754528671709,2,0.00010326512769008014,0.00020239965027255707,0.00037441167075095977,0.0007338468746718812,7.258119152473916e-06,1.4225913538848875e-05,2.1964444926921012e-05,4.305031205676518e-05,0.00017411423786535798,0.00034126390621610163,0.00018913134720088297,0.0003706974405137306,6.404266863856101,12.552363053157958,4.424670879610204,8.672354924036,0.00010437492804837747,0.00020457485897481983,0.0004680635943404253,0.0009174046449072335,2.2352449048945284,4.381080013593276,11.48697080232182,22.514462772550768,0.000553618595363818,0.0010850924469130833,0.00024248813711808066,0.0004752767487514381,34.25477781129806,67.1393645101442,5.743848054498663,11.25794218681738,0.0013332738892930657,0.0026132168230144086,2.758377841891339e-05,5.406420570107024e-05,71.40269173004474,139.94927579088767,0.8823359245684301,1.729378412154123,7.691424874863365e-06,1.5075192754732195e-05,8.250044576975878e-05,0.0001617008737087272,0.2977142604613494,0.5835199505042449,2.0489266242696376,4.01589618356849,9.249198439508333e-06,1.8128428941436332e-05,0.0001261926015416244,0.0002473374990215838,0.2069902575249145,0.4057009047488324,3.090767883574941,6.057905051806884,0.000256882861465571,0.0005034904084725191,0.00033070238024839483,0.0006481766652868538,12.278740834399056,24.06633203542215,8.108219885425319,15.892110975433624
relu,iterative_dopt,5,highdim_smooth,Smooth,84.0,4.0,21,20,0.0027954254139822164,0.00014603894409950078,2,0.009042254494618637,0.0005294980626867772,2,0.001029339424330392,1.0264530542748526e-05,2,0.0015639857693071964,1.073793917646911e-05,2,0.005066883389911039,0.0001330986552452213,2,0.006748601251247137,5.348584293871621e-05,2,-223.95089475626517,6.286054971473095,2,-74.48832475193137,0.7671681046527826,2,0.004643009389856045,0.00010841834135428676,2,0.0080891976618271,0.0011631052685884562,2,-196.8535085426763,4.894059374828321,2,-108.975015892503,27.496855066866612,2,0.004549315956278015,0.0001751362659545854,2,0.007746033103753657,0.00013710598234547834,2,-190.92492447759514,13.195491381331237,2,-100.26534248595951,1.0771895854019222,2,0.006047329052665832,0.0008206877321156495,2,0.012497466739174273,0.001028415404675184,2,-286.49035816135097,49.820570482461854,2,-222.9799509800315,22.60971757383496,2,0.0010402947690341092,1.7635704016528776e-05,2,0.002899513774001069,0.00015970237864774088,2,33.486687257149626,0.6709488766381259,2,25.053459787012486,3.2055838445186073,2,0.00103802713409643,1.1077823397501834e-05,2,0.0024386001335763513,0.0003581888894771504,2,33.630241981645185,0.2526288427593198,2,37.002804521482105,8.484647824408915,2,0.001915185326849878,5.928334832061759e-05,2,0.0035804444759656604,0.00024996322530638923,2,-22.4452925235963,2.9498508356262683,2,7.461188702919636,5.32248742618352,2,0.00010326512769008014,0.00020239965027255707,0.00037441167075095977,0.0007338468746718812,7.258119152473916e-06,1.4225913538848875e-05,7.592869607649999e-06,1.4882024430993997e-05,9.411496169070641e-05,0.00018446532491378457,3.782020223944485e-05,7.412759638931191e-05,4.444912097240034,8.712027710590467,0.5424697691100135,1.0632407474556265,7.666334437661407e-05,0.00015026015497816356,0.000822439622652698,0.001611981660399288,3.460622571470701,6.7828202400825734,19.443212679085057,38.10869685100671,0.000123840041288178,0.00024272648092482884,9.69485698577308e-05,0.00019001919692115236,9.330621436827961,18.288018016182804,0.7616880604612248,1.4929085985040007,0.0005803138606155845,0.0011374151668065455,0.00072719950652253,0.0014253110327841587,35.22846323073112,69.04778793223299,15.987484617171354,31.335469849655855,1.247032590108633e-05,2.4441838766129206e-05,0.00011292663491343927,0.00022133620443034097,0.4744325005003151,0.9298877009806176,2.2666900741211506,4.442712545277455,7.833204045160545e-06,1.5353079928514667e-05,0.00025327779269497183,0.0004964244736821448,0.17863556783842505,0.3501257129633131,5.9995520126192305,11.759121944733693,4.1919657608952816e-05,8.216252891354751e-05,0.00017675069166140864,0.00034643135565636093,2.085859529360138,4.088284677545871,3.7635669518345005,7.376591225595621
relu,iterative_dopt,10,highdim_poly2,Quadratic,132.0,2.0,66,65,0.002489588332972784,0.000667283850033796,6,0.012995041138873184,0.002090282897225226,6,0.0017777159778409827,0.0004512440986277812,6,0.003596976887209525,0.0009417475775846673,6,0.002546000205498184,0.000629149326698147,6,0.0031375845876187333,0.0007264659758590867,6,28.73811284968504,5.847646042755949,6,31.314886432285192,3.8000975492312454,6,0.0024012678109666913,0.0005493701196398864,6,0.0031287034984139976,0.0007510024130363382,6,32.24639216538152,8.656125060071169,6,31.26489680697693,8.719685502712833,6,0.002647010033414558,0.0006250933098538704,6,0.003526462005472847,0.000835657541477226,6,25.620247494933626,6.545331402424517,6,22.343853257383472,10.223812985431755,6,0.0018927741688637759,0.0004907542570222236,6,0.0023960827594396556,0.000596773004614897,6,47.3023524332505,1.9086883511231845,6,47.88313578008626,1.724705895151472,6,0.001788210562892651,0.00045570356705968535,6,0.002421482420898997,0.0005973570155789004,6,50.159312609518885,2.3389167905282124,6,47.247615949287216,2.8850233995731305,6,0.0017883402539018121,0.00045298507964569703,6,0.002329658679965261,0.00046641727403573367,6,50.142274718910734,2.2277919391265018,6,48.62231540574046,4.225081190297737,6,0.003092204527046423,0.0007456792431017056,6,0.0037733008395209413,0.000955230839667665,6,12.95103943008457,11.63624668209802,6,17.582812457668076,8.891036013652613,6,0.000272417491030442,0.0005339382824196663,0.0008533544193780493,0.0016725746619809766,0.00018421963184669848,0.000361070478419529,0.00038446683859742466,0.0007535550036509523,0.00025684913707100897,0.0005034243086591776,0.00029657849272463413,0.0005812938457402829,2.38729150019289,4.679091340378064,1.5513833280695717,3.0407113230163603,0.00022427941217491155,0.0004395876478628266,0.00030659545125632105,0.0006009270844623892,3.5338482578154586,6.926342585318299,3.5597966998650445,6.977201531735487,0.0002551932751282404,0.0005001788192513512,0.0003411557627213122,0.0006686652949337719,2.6721203555592483,5.237355896896126,4.173854173324758,8.180754179716525,0.00020034958646718607,0.0003926851894756847,0.00024363155892901476,0.00047751785550086893,0.7792187563743297,1.5272687624936863,0.7041082332485351,1.3800521371671288,0.00018604020221040093,0.0003646387963323858,0.00024386998040668131,0.00047798516159709535,0.954858781270368,1.8715232112899214,1.177805870823973,2.3084995068149867,0.00018493038437099267,0.0003624635533671456,0.0001904140547679034,0.00037321154734509067,0.9094922506575688,1.7826048112888349,1.7248821730100747,3.3807690590997463,0.0003044222762306587,0.000596667661412091,0.00038997135729268467,0.000764343860293662,4.7504778153823155,9.310936518149338,3.629750253026319,7.114310495931585
relu,iterative_dopt,10,highdim_poly2,Quadratic,198.0,3.0,66,65,0.002489588332972784,0.000667283850033796,6,0.012995041138873184,0.002090282897225226,6,0.0017777159778409827,0.0004512440986277812,6,0.0026656044695085378,0.0006666069174990095,6,0.0024466096260940717,0.0005664448079125927,6,0.0028775861066331018,0.000846479504031438,6,7.252419539730316,11.365862160691526,6,18.33164791757267,4.780842363009771,6,0.0021543897629708896,0.00053352160008068,6,0.002641412187284411,0.0006253331770316294,6,19.07488416627338,2.609770440081891,6,24.060401303822903,2.962049997601985,6,0.002205506322595126,0.0005745243154669326,6,0.002937474205774796,0.0007838647443239084,6,17.390883741182382,3.6231972302553896,6,15.695243300488317,8.92228399730578,6,0.0018629896905876977,0.00047186815162245885,6,0.0024691567672629044,0.0005641693287826292,6,30.147693683148976,0.4511256665189046,6,28.82147433940611,3.2884275856801164,6,0.0018043319324987607,0.0004589608391023742,6,0.0024135533457769844,0.0006027326511840646,6,32.37533005351141,0.7550812489952312,6,30.801895569742445,3.584039757176049,6,0.001791724606345178,0.00044888037699998746,6,0.0024103290794461937,0.0007113285154373124,6,32.76611771394368,1.0184488192215957,6,31.572214353034724,4.1447166664848005,6,0.002453836645340342,0.0006166275950512771,6,0.0031759581907185876,0.0007940919336233215,6,7.863819248262016,3.0961884275879763,6,9.075538184725183,2.5869495172579127,6,0.000272417491030442,0.0005339382824196663,0.0008533544193780493,0.0016725746619809766,0.00018421963184669848,0.000361070478419529,0.00027214113448035605,0.0005333966235814979,0.00023125012447244725,0.0004532502439659966,0.0003455738104335332,0.0006773246684497251,4.640093796750224,9.09458384163044,1.9517707216759546,3.8254706144848707,0.00021780928115848244,0.0004269061910706256,0.00025529120049349897,0.000500370752967258,1.0654343206665555,2.0882512685064487,1.2092518477895,2.37013362166742,0.0002345485696192964,0.00045971519645382096,0.0003200114418251287,0.0006272224259772523,1.4791640752651665,2.899161587519726,3.642507188933167,7.139314090309007,0.00019263936622421175,0.000377573157799455,0.00023032116400765345,0.00045142948145500075,0.1841712821407136,0.36097571299579867,1.342494940168116,2.6312900827295076,0.00018736997795340438,0.0003672451567886726,0.00024606457445264625,0.00048228656592718663,0.30826062906362167,0.6041908329646984,1.463178103821641,2.8678290834904163,0.00018325464653301922,0.00035917910720471765,0.0002903986503854804,0.0005691813547555417,0.4157799893721564,0.8149287791694265,1.692073493549501,3.3164640473570217,0.00025173716153252713,0.0004934048366037532,0.0003241866743728644,0.0006354058817708143,1.2640136325167877,2.4774667197329037,1.0561177179368586,2.069990727156243
relu,iterative_dopt,10,highdim_poly2,Quadratic,264.0,4.0,66,65,0.002489588332972784,0.000667283850033796,6,0.012995041138873184,0.002090282897225226,6,0.0017777159778409827,0.0004512440986277812,6,0.0023531909699395902,0.0005752794660931897,6,0.0025774964129975657,0.0006318570702362173,6,0.002741532517390183,0.0006481192686626527,6,-11.030860743333198,18.76145361353492,6,12.133718216083482,4.295330017221944,6,0.0020522598300946257,0.00047631676603438486,6,0.0027580458811469785,0.0007491613006905017,6,12.460380050357294,2.626774120168784,6,12.16353396131312,7.777136493381489,6,0.0020633092080870126,0.0005280955125099026,6,0.0027642274039307406,0.0007598287483408263,6,12.446648969267878,2.848918777026809,6,11.897608948318092,6.373241779200851,6,0.0018539715447686296,0.0004581161558083617,6,0.002426696150720136,0.0006214638831411648,6,21.207818352776723,1.8895205100760915,6,22.68248832001757,1.6583312995762725,6,0.0018007234746715186,0.00045566511876382723,6,0.0023519297359403542,0.00044188559400043715,6,23.578303141507472,1.7029681462979622,6,23.76832120436528,6.6108538113667805,6,0.0017937352787005935,0.00045343356458561534,6,0.0025165881781033083,0.0006376853071053808,6,23.873835161054757,1.7190239503642615,6,19.574608866881125,4.557352364859799,6,0.002139677440508582,0.0005132988183616383,6,0.0027612861562769206,0.0005675021257326873,6,8.854333059757087,4.457580801494,6,10.716821360558916,7.736277381917033,6,0.000272417491030442,0.0005339382824196663,0.0008533544193780493,0.0016725746619809766,0.00018421963184669848,0.000361070478419529,0.00023485685857150857,0.0004603194428001568,0.0002579545687414408,0.0005055909547332239,0.00026459358344821713,0.0005186034235585055,7.659331364342696,15.012289474111684,1.753561136508974,3.436979827557589,0.00019445550545281345,0.0003811327906875144,0.0003058438202885814,0.0005994538877656195,1.072376043993624,2.101857046227503,3.1750026781271155,6.223005249129146,0.00021559409018380533,0.0004225644167602584,0.0003101987875554392,0.0006079896236086608,1.1630662203915942,2.2796097919675247,2.6018650610716163,5.0996555197003675,0.0001870251374426404,0.00036656926938757515,0.0002537115678774145,0.0004972746730397325,0.7713935180349708,1.5119312953485426,0.6770109180747296,1.32694139942647,0.00018602450575934558,0.00036460803128831736,0.00018039903833128712,0.00035358211512932276,0.6952338344405569,1.3626583155034915,2.6988697669970017,5.289784743314123,0.0001851134775810131,0.0003628224160587857,0.0002603339364796952,0.0005102545155002026,0.7017885890026463,1.3755056344451868,1.8605313119954565,3.6466413715110946,0.0002095533650932598,0.0004107245955827892,0.00023168177266497784,0.00045409627442335657,1.819799741814462,3.5668074939563454,3.158322015721879,6.190311150814883
relu,iterative_dopt,10,highdim_smooth,Smooth,132.0,2.0,66,65,0.002741893485919178,0.0007254929019521865,6,0.012972396133620426,0.0012892977363680631,6,0.0020988429757170246,0.0003372083983248526,6,0.004711758372589488,0.0007923444674198027,6,0.005917926711605692,0.0011834451522809509,6,0.005465188737395682,0.0006205394384052693,6,-25.637150820475483,11.385057067793534,6,2.8066204296731843,11.612322152549217,6,0.005973874292610894,0.001144686833683613,6,0.006019955877477237,0.0007699159276673015,6,-26.749770217056902,9.012949821183112,6,-7.012456865500858,13.734746802563924,6,0.004624040570214913,0.0012282856986617907,6,0.005653510752557049,0.0015657426419556112,6,0.7422251764488209,26.04930815648353,6,-0.7338337807764933,30.578592832946043,6,0.0022078281890817396,0.0003247772890657465,6,0.0027197478557890787,0.00044794266091155633,6,52.98186970426956,1.842697038769973,6,52.03410986395002,4.666840669161348,6,0.0021054579571844266,0.0003416119146022357,6,0.002785571967594861,0.0006116022363139637,6,55.25488788631058,1.5117203451900854,6,51.410999712939635,4.542876622624882,6,0.002110430611276676,0.00034422691598213833,6,0.002680628428279914,0.00045456753349282204,6,55.15824733940237,1.4502685289261448,6,52.592250602616105,6.054735408037859,6,0.004497160464823204,0.0006886229457040091,6,0.005191661872151118,0.0008786928059224346,6,2.459261166829489,20.47729136560569,6,8.02333537707351,15.178358912203981,6,0.00029618123696564715,0.0005805152244526685,0.0005263535967711902,0.0010316530496715327,0.00013766475214617847,0.0002698229142065098,0.0003234732742826345,0.0006340076175939636,0.0004831394602764443,0.0009469533421418308,0.0002533341648943568,0.0004965349631929393,4.647930084760231,9.109942966130053,4.740710667093864,9.291792907503973,0.00046731644296782736,0.0009159402282169416,0.0003143168612710751,0.0006160610480913072,3.6795213565345857,7.211861858807787,5.6071869021007315,10.990086328117433,0.0005014455366798877,0.00098283325189258,0.0006392117568847507,0.0012528550434941113,10.634585522650765,20.8437876243955,12.483658248840758,24.467970167727884,0.00013258977304257888,0.0002598759551634546,0.00018287182554297676,0.00035842877806423445,0.7522779159206643,1.474464715204502,1.905229725052351,3.7342502611026083,0.00013946248013844991,0.0002733464610713618,0.00024968556741905123,0.0004893837121413404,0.6171572465832933,1.2096282033032548,1.854621614974856,3.6350583653507176,0.0001405300499813558,0.00027543889796345736,0.00018557641844881942,0.00036372978015968607,0.5920696476476401,1.1604565093893746,2.471835379542476,4.844797343903253,0.0002811291403578513,0.0005510131151013885,0.00035872483586072893,0.0007031006782870287,8.359819193338947,16.385245618944335,6.196539077954215,12.145216592790261
relu,iterative_dopt,10,highdim_smooth,Smooth,198.0,3.0,66,65,0.002741893485919178,0.0007254929019521865,6,0.012972396133620426,0.0012892977363680631,6,0.0020988429757170246,0.0003372083983248526,6,0.0034825198301748194,0.0005463145933529942,6,0.005421867592870821,0.0005265366872035246,6,0.004929479320820596,0.0004388850902581089,6,-57.43576650840535,15.66797571765674,6,-13.595095181546233,13.16529079241177,6,0.004748084469987919,0.0009026453634659748,6,0.0046744219149954525,0.0009147779329856441,6,-35.82067898833268,9.422029652102967,6,-5.880047892028666,7.97637110455924,6,0.004400681108648582,0.0005825804125597405,6,0.0046942605247374865,0.0004732681769586617,6,-26.929653101866275,7.840855518232026,6,-7.8495357829641454,10.295726929687554,6,0.002138697864510509,0.0003432082045969778,6,0.003070770325366013,0.0005247896095074297,6,38.59082779525534,1.9373844656906483,6,29.66278321820826,10.177170805145888,6,0.002112056041510635,0.00034653351184234005,6,0.0026255672704805903,0.000515911131188281,6,39.37672397044695,2.090602745852453,6,39.99149270737897,8.592968576413503,6,0.0021190084448125916,0.0003414541426660682,6,0.0027572149050496195,0.0005309405863104153,6,39.16717215027892,1.7688949264415403,6,37.30342892241579,6.303494017879994,6,0.0031173582553819107,0.0008247519959982861,6,0.0038789259628153085,0.0008974842227327815,6,11.669991955193339,12.962185147149242,6,12.670605712936228,9.045103322567119,6,0.00029618123696564715,0.0005805152244526685,0.0005263535967711902,0.0010316530496715327,0.00013766475214617847,0.0002698229142065098,0.0002230319987918204,0.00043714271763196797,0.00021495770241734474,0.0004213170967379957,0.0001791740878079512,0.0003511812121035843,6.396424301762682,12.536991631454857,5.374707459461742,10.534426620545014,0.0003685034265301165,0.0007222667159990283,0.0003734565272954555,0.0007319747934990927,3.846527498170863,7.539193896414891,3.256339867541665,6.382426140381663,0.0002378374574852461,0.00046616141667108233,0.00019321092417432266,0.0003786934113816724,3.2010158610923716,6.273991087741048,4.203212918127702,8.238297319530295,0.00014011416279988793,0.00027462375908778036,0.00021424446093460642,0.0004199191434318286,0.7909338960894519,1.5502304363353256,4.154812582959545,8.14343266260071,0.00014147171379807417,0.0002772845590442254,0.0002106198373388935,0.0004128148811842313,0.853484997033322,1.6728305941853112,3.5080647313305073,6.875806873407794,0.00013939807001522633,0.0002732202172298436,0.00021675558669910817,0.000424840949930252,0.7221483297299597,1.415410726270721,2.573390656748695,5.043845687227442,0.0003367035924229591,0.0006599390411489998,0.0003663963996489469,0.0007181369433119359,5.291789926999755,10.37190825691952,3.692647968507034,7.237590018273787
relu,iterative_dopt,10,highdim_smooth,Smooth,264.0,4.0,66,65,0.002741893485919178,0.0007254929019521865,6,0.012972396133620426,0.0012892977363680631,6,0.0020988429757170246,0.0003372083983248526,6,0.002998999819665476,0.00048501972868531955,6,0.004653113863505518,0.0005993896920119741,6,0.004471556985077555,0.0006570359873312212,6,-55.94975736987168,7.22826017578149,6,-19.040607401420147,7.908616960547541,6,0.004442215683619602,0.0010182675942593453,6,0.004560758915684489,0.0008449916291730403,6,-47.21027676034098,19.62669507832132,6,-20.579148767952997,6.962983642090015,6,0.004130703764181829,0.0006679481213178309,6,0.004297076205914878,0.0007207568794834403,6,-38.17212889181604,12.874288941161902,6,-14.177526448138998,8.868761802708077,6,0.002130970696185478,0.0003479301221958063,6,0.002680027778972667,0.000519192569439538,6,28.956364129695213,1.335670015382896,6,29.134129522262473,4.355845621862556,6,0.0021151602607632452,0.0003459789102950215,6,0.0027492606847302824,0.0005138063673698117,6,29.49163289643754,1.106540539912713,6,27.330668507665223,4.000195380516017,6,0.00211144769132245,0.00034299510299652403,6,0.00261566887364241,0.00032941304611297365,6,29.600978138189685,1.0377200457650704,6,29.866813309513066,9.146664335643395,6,0.0030806188859894977,0.0005692774298786163,6,0.0037704879847261126,0.0005428774101948761,6,-2.644479292247117,11.185222844925889,6,-0.6585093205098662,11.769944495089383,6,0.00029618123696564715,0.0005805152244526685,0.0005263535967711902,0.0010316530496715327,0.00013766475214617847,0.0002698229142065098,0.0001980084750770284,0.00038809661115097563,0.0002446998170855498,0.0004796116414876776,0.00026823381860120743,0.0005257382844583666,2.9509248597908155,5.783812725189998,3.2286793540770464,6.328211533991011,0.00041570600459112827,0.0008147837689986113,0.0003449663880661682,0.0006761341206096897,8.012564713180193,15.704626837833178,2.842626168411092,5.57154729008574,0.0002726886786465535,0.0005344698101472448,0.00029424776388918306,0.0005767256172227987,5.2559064511671645,10.301576644287643,3.620656844486781,7.09648741519409,0.0001420418775873209,0.00027840208007114895,0.00021195947889523188,0.0004154405786346545,0.5452850004039089,1.0687586007916614,1.7782665286498909,3.485402396153786,0.00014124529866449273,0.00027684078538240574,0.0002097605711081732,0.0004111307193720195,0.4517432837483251,0.8854168361467172,1.633072925617106,3.2008229342095276,0.00014002716443580756,0.0002744532422941828,0.00013448231293211518,0.00026358533334694574,0.4236474346636717,0.8303489719407966,3.734110078473202,7.318855753807476,0.00023240653754760677,0.00045551681359330925,0.00022162877464350752,0.00043439239830127475,4.566348104898341,8.950042285600748,4.805059718974797,9.417917049190603
relu,iterative_dopt,20,highdim_poly2,Quadratic,462.0,2.0,231,230,0.0023749800339253487,0.0003200877690532623,6,0.022471099622278487,0.0016081624855141606,6,0.0035142363520889197,0.0004659044678142571,6,0.006427811573793054,0.0008531917581948294,6,0.0050991423177324064,0.0007758913362080518,6,0.0032949299584432742,0.000466295770064926,6,20.539267663247667,8.197097931332081,6,22.337363642998593,3.657769522078113,6,0.004787025467346589,0.0006305603376253249,6,0.003134446196152812,0.000570313587921086,6,25.471899269751997,2.7016112246805926,6,26.454123374399618,4.4857092024360705,6,0.005273255094982557,0.0006661866963224866,6,0.0035751238676069424,0.00053938306227614,6,17.694760969404825,6.516334171731941,6,15.761505119347389,5.255248722045799,6,0.0037696647343970937,0.00045050533988296755,6,0.002576935295609134,0.0004198586236969738,6,41.26469248713699,1.1572500337890428,6,39.43584046765142,2.7055048519167197,6,0.0035439321987091265,0.00046483476883786096,6,0.002378572954985458,0.00041060393362230175,6,44.85309665098137,1.0880725639175413,6,44.17904471852827,2.2971513608153344,6,0.0035537105906565717,0.00047756895252912257,6,0.0023344166861331435,0.00035626203401948687,6,44.72182867114674,0.9308322720201222,6,45.09311707021607,1.8180124910408002,6,0.005932782740456571,0.0007964575882210327,6,0.004008454402260866,0.0005989777952921863,6,7.675742921619091,3.897128442434137,6,5.586101932250713,6.4520371928539895,6,0.00013067528451438614,0.0002561235576481968,0.000656529585499273,0.001286797987578575,0.00019020470250464638,0.0003728012169091069,0.00034831407672089674,0.0006826955903729576,0.0003167563115926595,0.0006208423707216126,0.0001903644509795366,0.0003731143239198917,3.3464512172311904,6.5590443857731335,1.4932781542992108,2.926825182426453,0.0002574251798698552,0.0005045533525449163,0.0002328295472970954,0.000456345912702307,1.1029281639738353,2.161739201388717,1.8312831134125445,3.5893149022885873,0.00027196957990342384,0.0005330603766107107,0.00022020221307939754,0.0004315963376356192,2.660282285700818,5.214153279973604,2.1454463067375986,4.205074761205693,0.00018391803485206309,0.00036047934831004365,0.00017140656536079993,0.00033595686810716785,0.47244534793362447,0.9259928819499039,1.1045177306366878,2.164854752047908,0.0001897679997262217,0.00037194527946339453,0.00016762835395904219,0.0003285515737597227,0.4442037641199686,0.8706393776751384,0.9378081159895969,1.83810390733961,0.00019496670844863206,0.0003821347485593188,0.00014544336634563412,0.00028506899803744287,0.38001068376080843,0.7448209401711845,0.7422004915093559,1.4547129633583376,0.000325152448818208,0.0006372987996836877,0.00024453166095384876,0.00047928205546954355,1.5909960243418337,3.118352207709994,2.6340331539919033,5.16270498182413
relu,iterative_dopt,20,highdim_poly2,Quadratic,693.0,3.0,231,230,0.0023749800339253487,0.0003200877690532623,6,0.022471099622278487,0.0016081624855141606,6,0.0035142363520889197,0.0004659044678142571,6,0.004899805870784863,0.0006361126803226808,6,0.004262571540683512,0.0005687666100903959,6,0.0028219271641309485,0.0003665331685646072,6,13.014281657656822,1.9828966075734293,6,13.850387713562464,2.676454356824129,6,0.004302313821834933,0.0006345989555999559,6,0.002887165914478512,0.0004644922341185439,6,12.332230093495411,2.533992231882298,6,12.179725841512246,3.075819338171548,6,0.0042850848014369305,0.0005338338893579178,6,0.0028474699237377786,0.00037642537964879607,6,12.475349182573746,1.8766329220691336,6,13.05018805007275,4.014915209550182,6,0.0037216889017831225,0.00047578280067674084,6,0.0025497325125722575,0.0003735291978226907,6,24.019780021174956,1.1194445309410457,6,22.30865601766222,2.4465213162773574,6,0.003586625342001725,0.000465995206456855,6,0.002459635637662655,0.0003784694553925381,6,26.795971984893615,1.4006245501639294,6,25.127993672990367,2.4068946151790787,6,0.0035833543911476594,0.00048110127590963916,6,0.002352860591715553,0.00028950972873873306,6,26.8926219338757,1.5396123509951813,6,27.990298256592826,5.66377530549802,6,0.004494519752274606,0.0006890196802154124,6,0.0030976684031204156,0.0005057688428089785,6,8.47962268613952,3.7640407933269535,6,5.669965167893053,7.337260738909202,6,0.00013067528451438614,0.0002561235576481968,0.000656529585499273,0.001286797987578575,0.00019020470250464638,0.0003728012169091069,0.00025969191428412025,0.0005089961519968756,0.0002321979962423307,0.00045510807263496816,0.00014963653946480383,0.0002932876173510155,0.8095141502084461,1.5866477344085543,1.0926579156780087,2.141609514728897,0.00025907393875383494,0.0005077849199575165,0.000189628160512636,0.0003716711946047665,1.034497996714657,2.027616073560728,1.2556979865842253,2.4611680537050815,0.00021793677272204494,0.00042715607453520807,0.00015367501772883162,0.00030120303474850995,0.7661321822629277,1.5016190772353382,1.6390822706562242,3.2126012504861996,0.00019423751500838836,0.0003807055294164412,0.00015249265644945158,0.0002988856066409251,0.45701131602580297,0.8957421794105738,0.9987881449536311,1.957624764109117,0.00019024174640036598,0.00037287382294471733,0.00015450950815679295,0.0003028386359873142,0.5718025781861413,1.120733053244837,0.9826106119735364,1.9259167994681312,0.00019640877343009348,0.0003849611959229832,0.00011819185183024449,0.0002316560295872792,0.6285441102708319,1.2319464561308304,2.3122265860410103,4.53196410864038,0.00028129110654389976,0.0005513305688260435,0.00020647926544665175,0.0004046993602754374,1.5366632191119716,3.011859909459464,2.9954241533473023,5.871031340560712
relu,iterative_dopt,20,highdim_poly2,Quadratic,924.0,4.0,231,230,0.0023749800339253487,0.0003200877690532623,6,0.022471099622278487,0.0016081624855141606,6,0.0035142363520889197,0.0004659044678142571,6,0.004379055734870577,0.0005825260017487446,6,0.004035935394126423,0.0005051405020582787,6,0.0025840678757694476,0.0003494365295043092,6,7.746814487073128,1.4137598590510048,6,12.650204810963709,2.4201378548376944,6,0.004032848938985134,0.0005562529363363686,6,0.0026919678217535354,0.00033307673599049584,6,7.926857963368285,2.1798786255394,6,8.894232680450004,2.407691399986708,6,0.004026617588797046,0.0004847283272931156,6,0.0026452614391071078,0.00031604483440329757,6,7.910506101350326,2.115886834634088,6,10.38178131218813,4.101229131674157,6,0.0036675706072939185,0.0004691764304887409,6,0.002459162432720545,0.00035072382225213763,6,16.197567378196954,0.5319989679253021,6,16.969127694920704,1.0579035120311338,6,0.0036075937418678958,0.0004945577323052315,6,0.002434847103001099,0.0003317366504919908,6,17.65870270979824,1.012178448306979,6,17.679111232579775,3.9398292702602413,6,0.003599561144143627,0.0004845186356239557,6,0.0023989088189965103,0.0003375242806360449,6,17.814897696225525,0.5127882754230659,6,18.96238621540989,2.2215749072770343,6,0.004178488993168057,0.0005547441470033839,6,0.0027580828222096474,0.00047027948563529173,6,4.58063996905723,2.126816915691446,6,7.1323723667517775,4.171900760528877,6,0.00013067528451438614,0.0002561235576481968,0.000656529585499273,0.001286797987578575,0.00019020470250464638,0.0003728012169091069,0.00023781524436467427,0.00046611787895476156,0.00020622274640934977,0.00040419658296232555,0.00014265686579575948,0.0002796074569596886,0.5771650455840047,1.1312434893446492,0.9880171419243695,1.9365135981717643,0.00022708931032482653,0.00044509504823666,0.00013597800806140338,0.0002665168958003506,0.8899317222951755,1.7442661756985438,0.9829358980091186,1.9265543600978725,0.00019788951095682232,0.00038786344147537173,0.00012902476335508093,0.0002528885361759586,0.863807183054361,1.6930620787865476,1.674319781806568,3.2816667723408735,0.00019154047567296597,0.0003754193323190133,0.00014318240085938697,0.00028063750568439847,0.21718766918404409,0.4256878316007264,0.4318873002624271,0.8464991085143572,0.0002019023487492956,0.00039572860354861937,0.00013543092044756327,0.000265444604077224,0.41322012116568974,0.8099114374847519,1.6084285643032326,3.152519986034336,0.00019780390469136328,0.000387695653195072,0.00013779371055971048,0.0002700756726970325,0.20934493681137922,0.41031607615030324,0.9069541580332643,1.777630149745198,0.00022647334965896542,0.0004438877653315722,0.00019199079605083268,0.00037630196025963206,0.8682693699606588,1.7018079651228912,1.7031713534708042,3.3382158528027763
relu,iterative_dopt,20,highdim_smooth,Smooth,462.0,2.0,231,230,0.0020070786715933983,0.0009210642390495087,6,0.010559337937601901,0.007890025486262974,6,0.0029847750706954775,0.001171961165337215,6,0.005931215276930729,0.0023482756386268146,6,0.005870179155826896,0.001862381851901563,6,0.003479352736108481,0.0009679960405389007,6,-1.282429145651977,8.828255761441905,6,6.857156120260608,10.432588644075663,6,0.005515048134506328,0.0017360415801809103,6,0.003321486196416803,0.001124569555329876,6,4.423173894981125,17.123981256172193,6,12.420581398044192,13.444319345012198,6,0.005418770813976573,0.001981874294431472,6,0.0035041796431454554,0.001379695493235299,6,7.388664724747794,14.461493347971416,6,8.925247953456562,11.86745970309489,6,0.003192922425417211,0.0012466438208815237,6,0.002247675147943845,0.001012981922947706,6,45.96474770862962,2.3414713676840777,6,42.59018473292516,6.566880818892597,6,0.0030082270396386353,0.0011811085721735186,6,0.0018810410189919243,0.0005968486057991752,6,49.11679809059158,2.378314049736489,6,50.071154122529435,5.397321029511405,6,0.003015692602135323,0.001190865464082618,6,0.0020171921416040394,0.0008850508525728523,6,49.0254628617507,2.344180382768078,6,48.49246925571568,3.095734903808493,6,0.005516165541342114,0.0021720065213359013,6,0.0035557871754732713,0.0014215901369154843,6,6.734121431546114,11.060586407953577,6,8.033812823922494,11.375875162091122,6,0.00037602290099936084,0.0007370048859587472,0.003221089416483169,0.006313335256307011,0.0004784511422389548,0.0009377642387883514,0.0009586795150073333,0.0018790118494143731,0.0007603142072297364,0.0014902158461702834,0.0003951827287257945,0.0007745581483025571,3.6041203223864073,7.064075831877358,4.2590864790566005,8.347809498950937,0.00070873600728304,0.0013891225742747584,0.00045910359847112854,0.0008998430530034119,6.990836073767532,13.702038704584362,5.488620389051473,10.757695962540886,0.0008090967926159232,0.0015858297135272095,0.0005632583264740071,0.0011039863198890538,5.903879936863858,11.571604676253163,4.844870135937272,9.495945466437053,0.0005089402086922203,0.000997522809036752,0.00041354813831419757,0.0008105543510958272,0.9559016830271081,1.8735672987331318,2.680917867992836,5.254599021265958,0.0004821855554420532,0.0009450836886664242,0.0002436624229832534,0.0004775783490471766,0.9709426449911087,1.9030475841825731,2.2034470833826885,4.318756283430069,0.0004861687898841837,0.0009528908281730001,0.0003613204975364515,0.0007081881751714448,0.9570076338039919,1.8757349622558241,1.2638284822091288,2.4771038251298925,0.0008867179492117438,0.0017379671804550179,0.0005803617431360355,0.0011375090165466296,4.515465492574887,8.85031236544678,4.644181587454021,9.102595911409882
relu,iterative_dopt,20,highdim_smooth,Smooth,693.0,3.0,231,230,0.0020070786715933983,0.0009210642390495087,6,0.010559337937601901,0.007890025486262974,6,0.0029847750706954775,0.001171961165337215,6,0.004424012060619779,0.0017306896284317492,6,0.004789743084755535,0.00146291513858017,6,0.0029275951876280653,0.001038490978470528,6,-11.01590672323762,12.191864716608242,6,-0.09229706272007121,9.629518101113113,6,0.004582644282150497,0.0015914354750991727,6,0.002759905726025623,0.0009958998708672836,6,-4.837657697583098,10.315393067117386,6,5.763716181489891,6.746404725550315,6,0.004540287100801192,0.0015344247988896003,6,0.0028846462241596273,0.0009232411874985226,6,-4.216527435730113,12.16753432921279,6,0.46750329492585774,7.980119498664633,6,0.0031077619589855985,0.0011921298368554438,6,0.001929690949164308,0.0006124177241751477,6,29.532087569112644,1.6953313752870196,6,32.96969153937459,8.560677812971095,6,0.003040017709458933,0.0011864014458084864,6,0.001982904268624633,0.0006285029120704799,6,31.166083904195926,2.1865432229742,6,31.257073686416234,6.397619412668285,6,0.0030272829949828856,0.0011849700859789007,6,0.0021362399316054324,0.000873134282266409,6,31.499136686143107,1.7448035490654559,6,27.744052201741027,6.884147376276214,6,0.004193404047542805,0.0015579192905729616,6,0.0026324141542250243,0.0008247670539387179,6,4.639846491895188,6.215082806773214,6,8.895863425377234,7.623919235462798,6,0.00037602290099936084,0.0007370048859587472,0.003221089416483169,0.006313335256307011,0.0004784511422389548,0.0009377642387883514,0.0007065510821308,0.001384840120976368,0.0005972326044190598,0.0011705759046613572,0.0004239621666227374,0.0008309658465805653,4.977307928122005,9.75552353911913,3.931234302770253,7.7052192334296965,0.0006497008120927829,0.0012734135917018545,0.00040657441975475053,0.000796885862719311,4.2112415851134575,8.254033506822376,2.754208195983243,5.398248064127157,0.0006264263009920362,0.0012277955499443909,0.0003769116364820987,0.0007387468075049134,4.9673750890614885,9.736055174560518,3.2578701430271764,6.385425480333265,0.00048668496790719887,0.0009539025370981098,0.00025001848894427365,0.0004900362383307763,0.6921161357306757,1.3565476260321243,3.4948820823573716,6.849968881420448,0.00048434636205517005,0.0009493188696281333,0.00025658523940433304,0.0005029070692324927,0.8926525328045625,1.7495989642969425,2.6118171882602508,5.119161688990092,0.00048376201185170304,0.000948173543229338,0.00035645557808065354,0.000698652933038081,0.7123130661012533,1.3961336095584564,2.8104413976660525,5.5084651394254625,0.0006360178870570859,0.0012465950586318883,0.0003367097398013983,0.0006599510900107406,2.5372969309565123,4.973101984674764,3.112451994512249,6.100405909244008
relu,iterative_dopt,20,highdim_smooth,Smooth,924.0,4.0,231,230,0.0020070786715933983,0.0009210642390495087,6,0.010559337937601901,0.007890025486262974,6,0.0029847750706954775,0.001171961165337215,6,0.003957103139381091,0.0015302217595600054,6,0.004284982951334187,0.0013520018956146664,6,0.0024471920160561993,0.0006971494779478165,6,-10.607469384463448,7.800425179307716,6,3.710312376525124,9.751321956464777,6,0.00420307351284478,0.0014834073190432811,6,0.002549142764406261,0.001081250858014655,6,-7.211162704392021,5.037117130322327,6,3.6581483205374012,6.316445287310625,6,0.0040595014587473735,0.0014674952914303723,6,0.0025864495196373104,0.0009381923082345244,6,-3.2042751593118166,5.465021899109834,6,0.3966600491993654,8.247013627706014,6,0.003083772471728145,0.0011911217800981706,6,0.0020205215584670117,0.0007379121555188771,6,21.9850585181162,1.9994555417012958,6,22.102990123803636,5.255799069911764,6,0.0030429674485361285,0.0011882946985845937,6,0.002073812343982667,0.0008137373423019856,6,23.09761622367094,2.0653940624738385,6,20.644179938797112,7.594272321275008,6,0.003042904272714742,0.0011879434007083872,6,0.001976485651860445,0.0007384198592366695,6,23.077272380502688,2.337811964200348,6,23.866977120217502,6.352661446205202,6,0.0038800926156379047,0.001374415522215925,6,0.0024993278083448533,0.0009835383369148128,6,1.069474973986905,4.639237023839119,6,4.694886346129144,4.5940497940521166,6,0.00037602290099936084,0.0007370048859587472,0.003221089416483169,0.006313335256307011,0.0004784511422389548,0.0009377642387883514,0.0006247104173709766,0.0012244324180471142,0.0005519524625885898,0.001081826826673636,0.0002846100825699707,0.0005578357618371425,3.1845102443436475,6.241640078913549,3.9809605184894776,7.802682616239376,0.0006055985020610018,0.0011869730640395634,0.000441418814347068,0.0008651808761202532,2.0563944573203297,4.030533136347846,2.578677990353087,5.05420886109205,0.000599102443990218,0.0011742407902208271,0.00038301540596309024,0.0007507101956876569,2.231085847659164,4.372928261411961,3.366829214943162,6.598985261288598,0.00048627343045935155,0.0009530959237003291,0.00030125137600308586,0.0005904526969660482,0.8162743067580512,1.5998976412457804,2.145670985313039,4.205515131213557,0.0004851192792644318,0.0009508337873582863,0.000332206878881393,0.0006511254826075302,0.8431935951391577,1.652659446472749,3.1003486924775547,6.0766834372560075,0.0004849758625070269,0.0009505526905137727,0.0003014586451779367,0.0005908589445487559,0.9544077378107578,1.8706391661090853,2.593463175308966,5.083187823605573,0.0005611027873316489,0.001099761463170032,0.0004015278446511433,0.0007869945755162408,1.8939605840389802,3.712162744716401,1.8755129747276387,3.6760054304661716
relu,iterative_dopt,20,highdim_strong,Strong nonlinear,462.0,2.0,231,230,0.003994354157784929,,1,0.05304408118509399,,1,0.008360343360364168,,1,0.01723058225356815,,1,0.021134795374187762,,1,0.012203585886084617,,1,-22.65862559468133,,1,-7.321317891902759,,1,0.016924273473946226,,1,0.011310793348276215,,1,1.777704172234186,,1,0.5301179611369485,,1,0.0199453451272187,,1,0.011482217996782139,,1,-15.755491217299813,,1,-0.9774323088038009,,1,0.009052158016502896,,1,0.008242876842377754,,1,47.46458428804196,,1,27.510125777592062,,1,0.008545297035580445,,1,0.0076190504088495346,,1,50.406220115917066,,1,32.99620795106166,,1,0.008504300227928632,,1,0.00430300065576342,,1,50.64415059933601,,1,62.158360208466846,,1,0.015070513416709588,,1,0.008832882007430596,,1,12.53624982064231,,1,22.321476107932043,,1,0.0,0.0,0.0,0.0,0.0,0.0,0.0,0.0,0.0,0.0,0.0,0.0,0.0,0.0,0.0,0.0,0.0,0.0,0.0,0.0,0.0,0.0,0.0,0.0,0.0,0.0,0.0,0.0,0.0,0.0,0.0,0.0,0.0,0.0,0.0,0.0,0.0,0.0,0.0,0.0,0.0,0.0,0.0,0.0,0.0,0.0,0.0,0.0,0.0,0.0,0.0,0.0,0.0,0.0,0.0,0.0,0.0,0.0,0.0,0.0,0.0,0.0,0.0,0.0
relu,iterative_dopt,20,highdim_strong,Strong nonlinear,693.0,3.0,231,230,0.003994354157784929,,1,0.05304408118509399,,1,0.008360343360364168,,1,0.012856831874204177,,1,0.016192036243334238,,1,0.010302832716652773,,1,-25.94110587867127,,1,-11.39986535738631,,1,0.013036519836063359,,1,0.007153657775937295,,1,-1.397606841384512,,1,22.650737426401715,,1,0.01789314194060201,,1,0.01285164702582704,,1,-39.17224799760069,,1,-38.95904045726502,,1,0.00881045238562419,,1,0.0038427556155759125,,1,31.472601712235214,,1,58.45002341107853,,1,0.008435771139552217,,1,0.008077702038256656,,1,34.38685967047864,,1,12.659465196943918,,1,0.008461179254090019,,1,0.007072828243011541,,1,34.1892362218219,,1,23.52471056878569,,1,0.013059269921507133,,1,0.008459294070420148,,1,-1.57455623036594,,1,8.533483326370066,,1,0.0,0.0,0.0,0.0,0.0,0.0,0.0,0.0,0.0,0.0,0.0,0.0,0.0,0.0,0.0,0.0,0.0,0.0,0.0,0.0,0.0,0.0,0.0,0.0,0.0,0.0,0.0,0.0,0.0,0.0,0.0,0.0,0.0,0.0,0.0,0.0,0.0,0.0,0.0,0.0,0.0,0.0,0.0,0.0,0.0,0.0,0.0,0.0,0.0,0.0,0.0,0.0,0.0,0.0,0.0,0.0,0.0,0.0,0.0,0.0,0.0,0.0,0.0,0.0
relu,iterative_dopt,20,highdim_strong,Strong nonlinear,924.0,4.0,231,230,0.003994354157784929,,1,0.05304408118509399,,1,0.008360343360364168,,1,0.011618296638120867,,1,0.016112136922181594,,1,0.009244119231765841,,1,-38.678994210872176,,1,-24.566620842191067,,1,0.014110658648726241,,1,0.0073732970951420704,,1,-21.45204317152369,,1,0.6431353188049882,,1,0.014674257348662508,,1,0.009919359881912245,,1,-26.303001255060995,,1,-33.66564303513116,,1,0.008641078158876462,,1,0.0065945967755935,,1,25.62525791840978,,1,11.13630021888282,,1,0.008583298374904477,,1,0.003748727672836965,,1,26.122575087799344,,1,49.48503724851783,,1,0.008529615935595489,,1,0.006674960760753499,,1,26.58462594586446,,1,10.053377139051365,,1,0.011500948495172253,,1,0.006797112475441378,,1,1.010028807179727,,1,8.407354846688317,,1,0.0,0.0,0.0,0.0,0.0,0.0,0.0,0.0,0.0,0.0,0.0,0.0,0.0,0.0,0.0,0.0,0.0,0.0,0.0,0.0,0.0,0.0,0.0,0.0,0.0,0.0,0.0,0.0,0.0,0.0,0.0,0.0,0.0,0.0,0.0,0.0,0.0,0.0,0.0,0.0,0.0,0.0,0.0,0.0,0.0,0.0,0.0,0.0,0.0,0.0,0.0,0.0,0.0,0.0,0.0,0.0,0.0,0.0,0.0,0.0,0.0,0.0,0.0,0.0
sigmoid,gpu_geometry,5,highdim_poly3,Sparse cubic,42.0,2.0,21,20,0.0018456226681960758,0.0005537968377805312,6,0.021015390442951167,0.0033718576598276867,6,0.0006956466524144838,0.00021161809225573948,6,0.0015243728224491222,0.00045871330627201315,6,0.0030463230720405017,0.0010376881605766652,6,0.004673340538319355,0.0017410746110962142,6,-97.48265220402335,19.107458122585243,6,-23.00937695725086,23.11409287285334,6,0.0021925913250468465,0.0007779707298929916,6,0.0035417603602831793,0.0012853998340208166,6,-44.8184473977711,25.471577606788433,6,7.079795745907233,5.689753765499262,6,0.002224413049794154,0.0008997591535191999,6,0.004182411590602783,0.001945962162868784,6,-42.03210347768822,27.239431503736984,6,-6.011112138547045,24.353234305884843,6,0.0007665497907201152,0.00025781694525470975,6,0.0020545592440061977,0.0006776589230557856,6,50.05111810195876,3.748586012375444,6,45.473793314005555,5.249591645827381,6,0.0007003858498903123,0.00021186472475492424,6,0.0018957312106719865,0.0005478191575547447,6,54.031975934334696,1.7712167035217752,6,48.886228626579644,4.573925794213654,6,0.0007000902174819157,0.000213597836512605,6,0.0019101924187882513,0.0006681881111539153,6,54.08540748235046,1.7612633115336533,6,49.425282106109,4.528664374899653,6,0.0024814500877879436,0.0014458716596523692,6,0.004293570393096865,0.0020471654661965554,6,-58.18948741624615,68.06589135090682,6,-10.151250298005818,28.12267198772545,6,0.00022608661228819515,0.0004431297600848625,0.001376555125312135,0.0026980480456117845,8.63927243946297e-05,0.0001693297398134742,0.0001872689230985758,0.0003670470892732086,0.00042363441759001415,0.0008303234584764277,0.0007107907335500646,0.0013931498377581268,7.800587113655279,15.289150742764347,9.436288900965337,18.49512624589206,0.0003176052205097376,0.0006225062321990857,0.0005247622848015317,0.0010285340782110021,10.398728013388993,20.381506906242425,2.322832247925401,4.552751205933786,0.00036732513625342586,0.0007199572670567147,0.0007944357262985426,0.0015570940235451435,11.120451344608119,21.796084635431914,9.942166272643389,19.48664589438104,0.00010525332715285063,0.00020629652121958723,0.00027665309685510697,0.0005422400698360096,1.5303538312090246,2.999493509169688,2.1431368150424053,4.200548157483114,8.649341169079471e-05,0.00016952708691395763,0.00022364623455507817,0.0004383466197279532,0.7230961912538036,1.4172685348574552,1.8672973861962914,3.659902876944731,8.72009516030507e-05,0.00017091386514197937,0.0002727866540868636,0.0005346618420102527,0.7190327359903362,1.409304162541059,1.8488194891373821,3.623686198709269,0.0005902746332832282,0.0011569382812351271,0.000835751801871401,0.0016380735316679459,27.787783782906754,54.464056214497234,11.481032762264885,22.502824214039173
sigmoid,gpu_geometry,5,highdim_poly3,Sparse cubic,63.0,3.0,21,20,0.0018456226681960758,0.0005537968377805312,6,0.021015390442951167,0.0033718576598276867,6,0.0006956466524144838,0.00021161809225573948,6,0.0012366243561007545,0.0003914939708049764,6,0.002722797294689799,0.0010646025659472773,6,0.003777833453344351,0.0012314581004669466,6,-114.53262779588364,25.77279710570607,6,-21.35574229279318,10.27779305413996,6,0.0018881190192284614,0.0003904696514037498,6,0.0034122945410032155,0.0010057585047471662,6,-59.1297159137018,25.302188146382612,6,-10.853460328807373,10.036647150061315,6,0.0019021418297087579,0.0005980278069042437,6,0.0036449999179429837,0.0012890467276524334,6,-54.391069871229575,9.188621381631958,6,-16.293359736075573,12.104763633314532,6,0.0007506420357173089,0.00024624104226693584,6,0.0021020540981352355,0.0006889158331039485,6,39.339570739173254,3.3428592786847022,6,32.56429173189783,3.8022677082843805,6,0.0007062448106298813,0.00021792314352887509,6,0.0019600156485159786,0.000710087379945775,6,42.56715745353377,2.8865273171594557,6,38.0700471512001,3.656625941957704,6,0.0007035608928753056,0.00021404389379578567,6,0.0018513494355533722,0.0006323125061392558,6,42.745664944308196,2.4843255921369334,6,40.74976179354004,4.105071726454965,6,0.0016390471992546911,0.0007662961874690385,6,0.002924663938205322,0.0011350225376079114,6,-32.485834689228305,42.45593396247877,6,6.5247854373693706,18.51335628373392,6,0.00022608661228819515,0.0004431297600848625,0.001376555125312135,0.0026980480456117845,8.63927243946297e-05,0.0001693297398134742,0.00015982674430804113,0.0003132604188437606,0.000434622177571418,0.0008518594680399792,0.000502740664293507,0.0009853717020152737,10.5217003588765,20.622532703397937,4.195891444094004,8.223947230424248,0.0001594085676636014,0.0003124407926206587,0.0004105991901825217,0.0008047744127577424,10.329575055755722,20.245967109281214,4.097444041001535,8.030990320363008,0.0002441438298185107,0.000478521906444281,0.0005262511228921428,0.0010314522008686,3.751238970770946,7.352428382711055,4.941749059769797,9.685828157148801,0.0001005274845475164,0.00019703386971313216,0.00028124871113817493,0.0005512474738308228,1.364716585784292,2.674844508137212,1.5522692917930487,3.0424478119143754,8.896675079817431e-05,0.00017437483156442166,0.00028989195894282626,0.0005681882395279394,1.1784198426075887,2.3097028915108737,1.4928112896700456,2.9259101277532893,8.738305372635816e-05,0.000171270785303662,0.0002581404996702721,0.0005059553793537333,1.0142216759455274,1.9878744848532337,1.6758885145567783,3.2847414885312856,0.0003128391085232109,0.0006131646527054933,0.00046337101061638556,0.0009082071808081157,17.33256246022862,33.97182242204809,7.55804605358279,14.813770265022267
sigmoid,gpu_geometry,5,highdim_poly3,Sparse cubic,84.0,4.0,21,20,0.0018456226681960758,0.0005537968377805312,6,0.021015390442951167,0.0033718576598276867,6,0.0006956466524144838,0.00021161809225573948,6,0.0011037529051743306,0.0003415359210680515,6,0.0022510352530252043,0.000772994166918638,6,0.0030910220814147973,0.000837496004320175,6,-101.95647125568904,14.823621634469985,6,-11.951213290618718,9.357509665994437,6,0.0018766746699131502,0.0003148651934757415,6,0.0033500800916191707,0.0009569046682534863,6,-78.59307129914198,34.323236673337135,6,-20.733543631222183,8.829180074108459,6,0.0017520870992060664,0.0005574022523919221,6,0.003246543354284837,0.001168757817914565,6,-59.724433594842544,20.13275841218395,6,-14.82739423630734,13.513616743991756,6,0.0007535086278203936,0.0002562241902862651,6,0.001942574648433354,0.0007427906420430848,6,32.336296491093734,3.466200347762763,6,31.186895536651623,8.809051989216066,6,0.0007072293534389958,0.0002190660758337422,6,0.0019178413324225096,0.0006828848953904028,6,35.90221384356541,1.7649118797899541,6,31.63272628462001,8.291651526542728,6,0.0007067317892938265,0.00021517834568242526,6,0.0018516989016471228,0.0005736623115454239,6,35.831771941496136,1.9511546146908363,6,33.44295316421157,9.445176654563092,6,0.002076801800408185,0.0009015671666839721,6,0.003272415894247836,0.0011226389840510733,6,-87.44804256423429,56.13673403478653,6,-15.99732302549396,14.86833606052296,6,0.00022608661228819515,0.0004431297600848625,0.001376555125312135,0.0026980480456117845,8.63927243946297e-05,0.0001693297398134742,0.0001394314559080329,0.0002732856535797445,0.000315573547183072,0.0006185241524788211,0.0003419063120340275,0.0006701363715866939,6.051718190755507,11.861367653880793,3.820187324141303,7.487567155316953,0.00012854317696304495,0.0002519446268475681,0.0003906546949513758,0.0007656832021046966,14.012402695076455,27.464309282349852,3.604497671452382,7.064815436046668,0.0002275585166397089,0.0004460146926138294,0.00047714338112989606,0.0009352010270145963,8.219164204096055,16.109561840028267,5.51691093371847,10.8131454300882,0.00010460308765985527,0.00020502205181331632,0.0003032430097866446,0.0005943562991818234,1.4150703663793958,2.7735379181036155,3.596280415204751,7.048709613801313,8.943335095775224e-05,0.0001752893678771944,0.0002787865911267259,0.0005464217186083828,0.7205222577436118,1.4122236251774791,3.3850525608331488,6.634703019232972,8.784619176969227e-05,0.00017217853586859685,0.0002341966579919673,0.0004590254496642559,0.7965555358782114,1.5612488503212942,3.8559772223545714,7.55771535581496,0.0003680632545370803,0.0007214039788926773,0.0004583154460469387,0.0008982982742519999,22.91772570192616,44.918742375775274,6.0699727787507065,11.897146646351384
sigmoid,gpu_geometry,5,highdim_poly4,Sparse quartic,42.0,2.0,21,20,0.0034757291578279103,0.0004305298504923322,6,0.029470777145081683,0.0009430216765430912,6,0.0012980735919724837,4.576351331090821e-05,6,0.002914911015788557,0.00010653871243748394,6,0.006866717080085179,0.0008593301315003239,6,0.008614215640476616,0.0008574871699571524,6,-135.07973744940793,22.768931425706775,6,-23.629417649920125,12.852692058332266,6,0.005978515364253236,0.0013028717226848056,6,0.01036771904129033,0.00238225579989784,6,-104.22720994555584,38.44216326444353,6,-47.38434537169854,26.47042817219348,6,0.0036421116064297827,0.000497657836214184,6,0.007820506493837878,0.0008268434532849522,6,-25.06106480585946,17.213309568916333,6,-12.208974533755308,12.091805430293832,6,0.0013807184391034265,0.00011010308336675371,6,0.003881034318230919,0.0002947814624613421,6,52.62962824772233,3.4027140668502045,6,44.30937525348602,4.48140943813484,6,0.0013013349397341513,4.467327467340973e-05,6,0.003579465942292786,0.0003528495592877368,6,55.335713411601084,1.36202137802391,6,48.49894810687592,6.773004611502881,6,0.0013042140739575419,4.404599445501844e-05,6,0.0034266443117923298,0.00036193259677344135,6,55.23535806007818,1.4013760381712235,6,50.98751172169693,2.9453723623700783,6,0.005619581161344213,0.0020876084596046385,6,0.008296950212781972,0.0017479770178539312,6,-92.37360312188757,70.39455918011573,6,-18.820486968293462,23.76678733274442,6,0.00017576307545715716,0.00034449562789602803,0.000384986987319083,0.0007545744951454027,1.868287607479852e-05,3.6618437106605096e-05,4.3494247220823925e-05,8.524872455281489e-05,0.0003508200571290939,0.000687607311973024,0.00035006767122970346,0.0006861326356102188,9.29537733023372,18.21893956725809,5.247089560672617,10.284295538918329,0.0005318951534797801,0.001042514500820369,0.0009725518577559158,0.0019062016412015948,15.693947434441787,30.7601369715059,10.806507049144466,21.180753816323154,0.00020316796087038578,0.0003982092033059561,0.00033755742628481874,0.0006616125555182447,7.027304204735349,13.773516241281284,4.936458895539113,9.675459435256661,4.4949395559277396e-05,8.81008152961837e-05,0.00012034402811028034,0.00023587429509614946,1.389152200728935,2.7227383134287124,1.8295277419871694,3.585874374294852,1.8237788014842115e-05,3.574606450909055e-05,0.00014405022937014604,0.0002823384495654862,0.5560428991534963,1.0898440823408526,2.765067553949912,5.419532405741827,1.7981701938042067e-05,3.524413579856245e-05,0.0001477583638959041,0.00028960639323597203,0.5721093718804233,1.1213343688856297,1.202443231717094,2.3567887341655043,0.0008522625847914921,0.0016704346661913245,0.0007136086293089888,0.001398672913445618,28.738458443239487,56.327378548749394,9.702750298411106,19.017390584885767
sigmoid,gpu_geometry,5,highdim_poly4,Sparse quartic,63.0,3.0,21,20,0.0034757291578279103,0.0004305298504923322,6,0.029470777145081683,0.0009430216765430912,6,0.0012980735919724837,4.576351331090821e-05,6,0.0023056790839470717,0.00012881855193088018,6,0.005916096710088545,0.0002942582800387546,6,0.0073813403474691395,0.0004899521092054856,6,-157.7680811246382,26.305769956216782,6,-27.79540131884347,14.535824442219157,6,0.004953756625084612,0.0004061863897839974,6,0.0070046652251424465,0.0007198723875470587,6,-115.08201427377207,16.639017093067135,6,-20.518667590639847,7.6771031569280215,6,0.004177434344955433,0.0006524098212722972,6,0.006920879970896575,0.0011433230169361089,6,-81.0078226661142,23.844988744176227,6,-18.28900465328418,8.291591131554455,6,0.00134938294097328,5.491100043601784e-05,6,0.003660608231615603,0.000406811500932948,6,41.39832089962764,2.3467141464692673,6,36.92625588746659,5.794786268907434,6,0.0013037188640578413,4.840109047377269e-05,6,0.0036071517326174717,0.0005260716244528901,6,43.384862557006166,1.9472348947856382,6,38.02129198375865,6.981355966960771,6,0.0013074237828616594,4.9222852819035637e-05,6,0.0037049992332223885,0.0003899605275531869,6,43.22886238997728,1.8162838016290233,6,36.22124891173798,4.895967184920996,6,0.0044102965390815695,0.0017069414290778915,6,0.006562645199222305,0.0007648408835056534,6,-93.48139235373098,81.20710125169076,6,-13.784701719460807,17.588198829175596,6,0.00017576307545715716,0.00034449562789602803,0.000384986987319083,0.0007545744951454027,1.868287607479852e-05,3.6618437106605096e-05,5.2589953605812195e-05,0.0001030763090673919,0.00012013043978065824,0.00023545566197009013,0.00020002211099230343,0.0003920433375449147,10.739285613961151,21.048999803363856,5.9342254790188065,11.63108193887686,0.00016582489923900527,0.00032501680250845034,0.0002938866715682262,0.0005760178762737234,6.792850283243654,13.31398655515756,3.134164239530591,6.142961909479959,0.00026634519421624977,0.0005220365806638495,0.0004667596671121528,0.0009148489475398195,9.734675890940002,19.079964746242403,3.385027904682434,6.63465469317757,2.241732205566472e-05,4.3937951229102854e-05,0.00016608009979691426,0.00032551699560195193,0.9580420385034419,1.8777623954667462,2.3657115878849275,4.636794712254458,1.9759662442504468e-05,3.8728938387308754e-05,0.00021476784134443977,0.0004209449690351019,0.7949553169278171,1.5581124211785213,2.850126638631424,5.586248211717591,2.009514551512564e-05,3.938648520964626e-05,0.00015920071872197472,0.00031203340869507043,0.7414947570122549,1.4533297237440195,1.9987702334111686,3.91758965748589,0.0006968559203429926,0.0013658376038722655,0.00031224498316805363,0.0006120001670093851,33.15266025952859,64.97921410867603,7.1803521043494545,14.07349012452493
sigmoid,gpu_geometry,5,highdim_poly4,Sparse quartic,84.0,4.0,21,20,0.0034757291578279103,0.0004305298504923322,6,0.029470777145081683,0.0009430216765430912,6,0.0012980735919724837,4.576351331090821e-05,6,0.0020935910072725494,0.00012477985381097715,6,0.005100134151199169,0.00030012503023170325,6,0.006589344980397339,0.00043160052791960465,6,-144.75663776762406,25.627781566791345,6,-24.40495738423702,10.706751528773125,6,0.004554018177892333,0.00039548093824859294,6,0.006365547585236497,0.0005039626921772406,6,-118.44435301209991,26.652812502579316,6,-19.893133635608795,7.483490796098601,6,0.004186611715131039,0.0005311689658347355,6,0.006396449297345717,0.0007951891751539666,6,-99.69331629967736,18.89407186990083,6,-19.966141769214136,5.635696602770626,6,0.001376550768757175,6.947654174406867e-05,6,0.0035757680108791574,0.000348553756870219,6,34.187081842114466,2.3322879890407995,6,32.36279184715469,8.83727093753252,6,0.001310454363908222,4.5474703316434794e-05,6,0.0034716971794350716,0.00033437638835404163,6,37.31770849041302,2.002536470147405,6,34.631919579413356,5.356109753665188,6,0.0013057401192093745,5.227150649768353e-05,6,0.0034496082529241073,0.00040358863415732347,6,37.55232755539976,2.0470414218924313,6,35.122140828886266,5.937714060782895,6,0.004117229994091723,0.0009467555761766758,6,0.0062021597265386405,0.0008621468146769361,6,-98.05257094428238,51.539072095704604,6,-16.728349314299386,13.720994977255847,6,0.00017576307545715716,0.00034449562789602803,0.000384986987319083,0.0007545744951454027,1.868287607479852e-05,3.6618437106605096e-05,5.094116200266217e-05,9.984467752521786e-05,0.00012252553051750808,0.00024015003981431584,0.0001762001776864794,0.00034535234826549966,10.462498013023868,20.506496105526782,4.371013008042981,8.567185495764242,0.00016145441695103265,0.000316450657224024,0.00020574190753892452,0.0004032541387762921,10.880965140231881,21.326691674854487,3.0551223242093073,5.9880397554502425,0.00021684882224948883,0.0004250236916089981,0.00032463462135197624,0.0006362838578498735,7.713472540788379,15.118406179945222,2.3007635036541085,4.5094964671620525,2.8363679394357253e-05,5.559281161294021e-05,0.00014229647537702386,0.00027890109173896676,0.9521525843953074,1.8662190654148023,3.6078007526136315,7.071289475122717,1.856496988828587e-05,3.63873409810403e-05,0.00013650858891701826,0.0002675568342773558,0.8175320905292168,1.602362897437265,2.186622650470636,4.285780394922446,2.1339753167650013e-05,4.1825916208594026e-05,0.00016476436994537275,0.0003229381650929306,0.8357011609963005,1.637974275552749,2.424061614577859,4.751160764572603,0.00038651134546125755,0.0007575622371040648,0.0003519699632207241,0.0006898611279126192,21.04073807516519,41.23984662732377,5.601572742927951,10.979082576138785
sigmoid,gpu_geometry,10,highdim_nonlinear,Random nonlinear,132.0,2.0,66,65,0.0042259948436158806,8.117325348960975e-05,2,0.040040190489214825,0.0030825514879321,2,0.0027492479173220914,6.129224769551249e-05,2,0.006485190226825783,0.00032990107236262437,2,0.00505755058220518,0.0001292447841194824,2,0.005879386387112182,0.0004027489298202409,2,21.86205321643027,5.967792692953069,2,28.23086885011994,6.668608241850692,2,0.004876028449187285,0.00010018873150058051,2,0.005631710853410804,0.00020272856188953065,2,24.75480561907722,2.282831597615093,2,31.342127434171736,0.7901953923468588,2,0.005814768189264371,0.0008106897353600605,2,0.00688247700521264,0.0006342584284160269,2,10.539941949989263,7.949806042454252,2,16.15139527291551,5.679771165329653,2,0.0028772327895942897,1.4554842976943708e-05,2,0.003764694432356129,0.00034705961164898687,2,55.570600548724386,2.48455176448758,2,54.13508107998294,3.1083076147183317,2,0.002758733304695137,5.874015036511998e-05,2,0.003898691205305345,3.0552462409389765e-05,2,57.38284807625302,3.0736891995462075,2,52.44436183728605,1.5373348532769562,2,0.0027642302787707815,5.896929832674845e-05,2,0.003682483571999964,0.0004171515228262013,2,57.29788631862782,3.081544600749769,2,55.0236299808399,6.187968499083181,2,0.004047666620582343,4.874839982386379e-05,2,0.004816148335289717,1.2785223259272659e-05,2,37.52428355895759,2.426446305776107,2,41.26090758220753,1.282840591063745,2,5.739815799347763e-05,0.00011250038966721615,0.00217969306047347,0.004272198398528001,4.3340163979662424e-05,8.494672140013835e-05,0.0002332752853883256,0.00045721955936111816,9.138986328387741e-05,0.00017912413203639973,0.00028478649939151727,0.0005581815388073739,4.219866681902643,8.27093869652918,4.715418108889125,9.242219493422684,7.084413144253874e-05,0.00013885449762737593,0.0001433507408522838,0.00028096745207047624,1.614205702980552,3.163843177841882,0.5587525203908283,1.0951549399660236,0.0005732442093114264,0.0011235586502503956,0.000448488435757695,0.0008790373340850821,5.621361761737192,11.017869053004896,4.016204706592417,7.871761224921136,1.0291828168102293e-05,2.0171983209480494e-05,0.00024540820487296833,0.00048100008155101793,1.7568434008781697,3.4434130657212125,2.1979053923811147,4.307894569066985,4.153555865109379e-05,8.140969495614383e-05,2.1603853351626585e-05,4.23435525691881e-05,2.1734264762589746,4.25991589346759,1.0870598997065617,2.1306374034248607,4.169759072865636e-05,8.172727782816646e-05,0.0002949706705727018,0.0005781425143224955,2.178981083718954,4.27080292408915,4.375554487470459,8.5760867954421,3.447032408744718e-05,6.756183521139648e-05,9.04051806561567e-06,1.7719415408606715e-05,1.7157566369993322,3.362883008518691,0.9071052811225327,1.7779263510001642
sigmoid,gpu_geometry,10,highdim_nonlinear,Random nonlinear,198.0,3.0,66,65,0.0042259948436158806,8.117325348960975e-05,2,0.040040190489214825,0.0030825514879321,2,0.0027492479173220914,6.129224769551249e-05,2,0.004555942096326662,0.00010903195253139838,2,0.004257812750080424,7.36348518065366e-06,2,0.005122565075381419,0.00013931208976913686,2,6.518911668422388,2.075548123210538,2,12.872702401517348,4.669168944514088,2,0.00443646039197502,4.869595004275482e-07,2,0.005437098913857113,0.00019771794926812963,2,2.594780966566973,2.3203950016056107,2,7.600544714767935,0.9199021095067069,2,0.004284544822156967,0.00027209490564294444,2,0.005161502635710911,0.0001330302807334795,2,5.858572718092541,8.225283246059632,2,12.2120801217396,4.579849694987365,2,0.002855451660072769,6.274338169309921e-05,2,0.0037094074519169783,0.00025957527990162375,2,37.32320250743165,0.12279248240905637,2,36.8728003818193,6.079290390632496,2,0.002781354132190581,6.515216185349864e-05,2,0.003869696192626524,0.00043376713380450924,2,38.95069431673417,0.030972477480913665,2,34.30319232102606,5.637225103456391,2,0.0027620186057774904,2.955304885020788e-05,2,0.00371106267670824,0.00034135358089380276,2,39.365865689913065,0.8024143177338883,2,36.82629437714029,7.470462964971367,2,0.004053278906342534,0.0005769953738520032,2,0.005093698291897255,0.0010918023331628905,2,11.159237243978287,10.538557019028882,2,13.63995222545175,16.2757224991967,2,5.739815799347763e-05,0.00011250038966721615,0.00217969306047347,0.004272198398528001,4.3340163979662424e-05,8.494672140013835e-05,7.709723300096155e-05,0.00015111057668188465,5.2067703044068525e-06,1.020526979663743e-05,9.850852337702572e-05,0.00019307670581897041,1.4676341526011834,2.8765629390983194,3.3016010231715462,6.471138005416231,3.4433236491553283e-07,6.748914352344444e-07,0.00013980770268979224,0.0002740230972719928,1.640767040666697,3.215903399706726,0.6504690196600025,1.2749192785336048,0.0001924001529064398,0.000377104299696622,9.406661360979347e-05,0.0001843705626751952,5.816153560468863,11.399660978518972,3.238442776140707,6.347347841235785,4.436627066976633e-05,8.695789051274201e-05,0.00018354744064683428,0.0003597529836677952,0.0868273969901736,0.17018169810074024,4.298707460018453,8.425466621636168,4.606953545557239e-05,9.029628949292188e-05,0.00030671968176902096,0.0006011705762672811,0.02190084885690169,0.04292566375952731,3.9861200977290507,7.812795391548939,2.0897161246719292e-05,4.095843604356981e-05,0.00024137343183231862,0.00047309192639134447,0.5673926053908093,1.1120895065659862,5.282415021134216,10.353533441423062,0.0004079973415640186,0.0007996747894654765,0.0007720208334947741,0.0015131608336497572,7.45188513207641,14.605694858869764,11.508673747892448,22.557000545869197
sigmoid,gpu_geometry,10,highdim_nonlinear,Random nonlinear,264.0,4.0,66,65,0.0042259948436158806,8.117325348960975e-05,2,0.040040190489214825,0.0030825514879321,2,0.0027492479173220914,6.129224769551249e-05,2,0.0038253143848909223,7.524138275478875e-06,2,0.004465422165365717,5.3476096265682404e-05,2,0.005191585191223287,0.0002890718798293927,2,-16.73231954300345,1.1683482881203082,2,-2.162760651460573,3.506872992061244,2,0.004199603908594994,2.1293251469259154e-05,2,0.005002414483235186,0.0005142995628135803,2,-9.784207743147658,0.3407023465967334,2,1.609453917514513,8.021279385364602,2,0.003982368831196995,5.802520665575842e-06,2,0.004876509578018188,6.4336031975496415e-06,2,-4.1057133471694005,0.05308157591855147,2,3.9816777630773683,1.9257360017351746,2,0.0028744844655040156,0.00013271418831920992,2,0.0038335982033888415,0.00031955982616992736,2,24.85952221135958,3.3215705190505647,2,24.58275386462233,4.6787349200883295,2,0.0027979426378723794,6.904763700529083e-05,2,0.004314447148750892,0.0002504581985319676,2,26.8588183200985,1.661154795808705,2,15.10017788029136,3.1157281250952344,2,0.002776648430103952,7.102351220441202e-05,2,0.003794666789255225,0.0001258597958386278,2,27.415535756331977,1.7139024443888327,2,25.308560975760585,0.8811189300809912,2,0.00369552555188388,0.00012569303992111922,2,0.004375499492422733,0.00020213976014355102,2,3.389474854118928,3.475848937983511,2,13.802797933163273,5.821732873713499,2,5.739815799347763e-05,0.00011250038966721615,0.00217969306047347,0.004272198398528001,4.3340163979662424e-05,8.494672140013835e-05,5.320369197176367e-06,1.042792362646568e-05,3.7813310300848634e-05,7.411408818966332e-05,0.00020440468647770632,0.00040063318549630436,0.8261469973175641,1.6192481147424256,2.479733673446463,4.860277999955067,1.5056602507423564e-05,2.9510940914550186e-05,0.00036366470842675935,0.0007127828285164483,0.2409129396447196,0.4721893617036504,5.671901047183172,11.116926052479018,4.103001710603757e-06,8.041883352783363e-06,4.549244448450807e-06,8.91651911896358e-06,0.03753434228807628,0.07356731088462952,1.3617009856020108,2.668933931779941,9.384310252018183e-05,0.00018393248093955637,0.00022596292007954997,0.00044288732335591793,2.3487050382099746,4.60346187489155,3.308365189368757,6.484395771162763,4.8824052351348346e-05,9.569514260864276e-05,0.0001771006905857209,0.00034711735354801295,1.17461382071689,2.3022430886051044,2.203152485588488,4.318178871753436,5.0221207103425256e-05,9.84335659227135e-05,8.899631511624813e-05,0.00017443277762784634,1.2119120407195432,2.3753475998103046,0.6230451704921043,1.2211685341645244,8.887840087617482e-05,0.00017420166571730265,0.0001429343951449271,0.0002801514144840571,2.4577963544281998,4.817280854679272,4.1165867932594615,8.068510114788545
sigmoid,gpu_geometry,10,highdim_poly3,Sparse cubic,132.0,2.0,66,65,0.0007770833471415044,0.0002738140725807055,6,0.015539115333657596,0.0046987036569638525,6,0.0006364358391373041,0.00021949198849349714,6,0.0013828287946175974,0.0004847495574255197,6,0.0030577165451508743,0.0011620997529962576,6,0.0018174723788238732,0.0005514123535515931,6,-137.41394158794506,91.60218931362905,6,-7.0357030450124185,11.67915431105157,6,0.0015155182704585449,0.00037953366718508733,6,0.0015992196680433967,0.00035032780356609213,6,-13.565322998874569,17.340935834942545,6,3.1963819299415666,16.412275037466877,6,0.0015944466454658804,0.0005276209646163276,6,0.0018983281836230242,0.0005377032338720848,6,-16.09773426358922,16.145631967990944,6,-12.610414860761628,17.074946499236766,6,0.0006826433202232968,0.00023270560372285837,6,0.0009552792089689504,0.0003676520616369824,6,50.25130075180211,3.2312321626400218,6,44.26549173311784,9.511073310615556,6,0.0006399585035289009,0.0002195695369417713,6,0.0008086962019850237,0.0002326144688975004,6,53.511045675949646,1.661535108391656,6,52.16364167903549,4.324445953564781,6,0.0006390883359480643,0.00022124083172339623,6,0.0008395172217477166,0.00032365004719866715,6,53.61835776611178,1.6726639658459919,6,51.757879626618546,3.393312382330574,6,0.0013246788890780784,0.0005021689214574227,6,0.0015474481406233462,0.0006055269417482187,6,3.6084624168065975,12.392617302914582,6,10.253276682985861,12.122708953298526,6,0.00011178412703602113,0.0002190968889906014,0.0019182377353517944,0.003759745961289517,8.96072290729841e-05,0.00017563016898304885,0.00019789817812208263,0.00038788042911928194,0.00047442523750919964,0.0009298734655180312,0.00022511315067809312,0.0004412217753290625,37.39643719003621,73.29701689247096,4.76799478155046,9.3452697718389,0.00015494397080179266,0.0003036901827715136,0.00014302072690781714,0.0002803206247393216,7.0794074096588355,13.875638522931318,6.700283226668587,13.13255512427043,0.0002154003568175101,0.00042218469936231983,0.00021951642600516938,0.00043025219497013194,6.591426649391,12.91919623280636,6.970817718075333,13.662802727427652,9.500166490121809e-05,0.00018620326320638745,0.0001500933256488129,0.00029418291827167326,1.31914500648964,2.5855242127196942,3.882879419535275,7.610443662289139,8.963888809442016e-05,0.0001756922206650635,9.496445926456398e-05,0.0001861303401585454,0.678318867546583,1.3295049803913026,1.7654476677461919,3.460277428782536,9.03211913318797e-05,0.00017702953501048423,0.00013212957847740444,0.0002589739738157127,0.6828622045771316,1.338409920971178,1.3853139790963154,2.715215399028778,0.00020500960370907476,0.0004018188232697865,0.0002472053387985215,0.0004845224640451021,5.059264828287767,9.916159063444024,4.94907520597509,9.700187403711176
sigmoid,gpu_geometry,10,highdim_poly3,Sparse cubic,198.0,3.0,66,65,0.0007770833471415044,0.0002738140725807055,6,0.015539115333657596,0.0046987036569638525,6,0.0006364358391373041,0.00021949198849349714,6,0.0010612264679075957,0.0003758470891529712,6,0.0015757994612929243,0.0002291637393032136,6,0.0012827340062274073,0.000386030666098013,6,-61.588010352771505,46.67625790266766,6,2.7907599953258,6.850171399030218,6,0.0012398671760765494,0.00032103589765324964,6,0.001296713780531771,0.00034474253788227473,6,-20.478020213460393,12.452494850839257,6,0.3838954095278946,10.148236193548538,6,0.001265152247447083,0.00044982642081607395,6,0.0014298320125259026,0.0005164389768959212,6,-19.018175889014213,9.947026543083954,6,-6.322985158113343,10.671194751467816,6,0.0006742443919667837,0.00022399661515094149,6,0.0008679841159511802,0.0003291608269119807,6,35.92148245613595,2.734189162667626,6,35.52700726176969,6.7246857770796025,6,0.0006431389368877354,0.0002178453504283733,6,0.0008592171530326915,0.0003286564825137142,6,38.99617607051169,2.407982049883108,6,36.088652571524015,8.01797658454528,6,0.0006403021983398201,0.0002182180485066778,6,0.0008419991531988377,0.00027612170341150574,6,39.28955139750636,2.6322627433940324,6,36.5856666431765,3.4818404751939815,6,0.0010988726715605254,0.0004134712479538136,6,0.0013342425119461396,0.0004082523323953808,6,-3.740261572665163,12.550382487637828,6,-1.7347966513295325,9.39453384433395,6,0.00011178412703602113,0.0002190968889906014,0.0019182377353517944,0.003759745961289517,8.96072290729841e-05,0.00017563016898304885,0.00015343893162251962,0.00030074030598013844,9.355570480684333e-05,0.00018336918142141293,0.00015759635950114015,0.0003088888646222347,19.055502494014448,37.34878488826832,2.7965707630385355,5.481278695555529,0.00013106235639447086,0.00025688221853316286,0.0001407405517406122,0.0002758514814115999,5.083709734865184,9.96407108033576,4.143000077239692,8.120280151389796,0.00018364086730364044,0.00035993609991513524,0.0002108353294466663,0.00041323724571546593,4.060856581412693,7.959278899568879,4.356497014493684,8.53873414840762,9.144623520506371e-05,0.00017923462100192486,0.00013437934487448765,0.0002633835159539958,1.1162280514638794,2.1878069808692033,2.745341472399402,5.380869285902828,8.893499189788457e-05,0.00017431258411985376,0.00013417344713609032,0.00026297995638673705,0.9830545553324475,1.926786928451597,3.2733252336198944,6.415717457894993,8.908714525121155e-05,0.00017461080469237465,0.00011272621337771704,0.0002209433782203254,1.074616765042332,2.1062488594829705,1.4214554216658275,2.786052626465022,0.00016879893013310444,0.0003308459030608847,0.00016666831677829898,0.000326669900885466,5.1236721952457485,10.042397502681666,3.835302381654238,7.5171926680423065
sigmoid,gpu_geometry,10,highdim_poly3,Sparse cubic,264.0,4.0,66,65,0.0007770833471415044,0.0002738140725807055,6,0.015539115333657596,0.0046987036569638525,6,0.0006364358391373041,0.00021949198849349714,6,0.0009294760760655843,0.00032234323928907326,6,0.0014890998628798284,0.00015384558117757758,6,0.001190972694198382,0.0003246236668971449,6,-81.36209328073,78.17057969591816,6,-2.4783445538286917,13.314984058388115,6,0.0010586930204722728,0.0002729513237271344,6,0.0011752885058366556,0.0003578961864780936,6,-16.986420103140386,11.288163951913225,6,0.09219889646904507,8.847621400805204,6,0.001089590536592234,0.000358966816977199,6,0.0012106135610227109,0.00033710426329460825,6,-17.65594545091717,9.135082391131004,6,-4.128721197889285,13.018928016435735,6,0.0006777039305212282,0.00023038510123633577,6,0.0009046623939918034,0.0002895020990568578,6,26.887699204986898,1.8608984959370194,6,23.06252748139157,11.10925138900067,6,0.0006434697442701086,0.0002152657096776386,6,0.0008516717665891148,0.00021902270760587787,6,30.44886365055991,1.8432877050664547,6,25.51082064591455,14.131091291218507,6,0.0006458045690001707,0.00022117634665361864,6,0.0008096492458183656,0.00023475915216477388,6,30.356774197248413,1.821475217022354,6,30.74330846013599,6.00663970123347,6,0.0009462506325421826,0.00031416409375351214,6,0.001196289500407488,0.0003922647020379228,6,-2.4694203255740064,6.835349118517571,6,-1.6626453551232183,11.006308059061832,6,0.00011178412703602113,0.0002190968889906014,0.0019182377353517944,0.003759745961289517,8.96072290729841e-05,0.00017563016898304885,0.00013159607638234808,0.00025792830970940226,6.280719551116551e-05,0.0001231021032018844,0.00013252705705486993,0.00025975303182754504,31.913005525427753,62.5494908298384,5.4358194793905374,10.654206179605453,0.00011143191129145108,0.00021840654613124413,0.00014611050629321766,0.0002863765923347066,4.608373635844378,9.032412326254981,3.612026311550214,7.079571570638419,0.0001465475893641959,0.00028723327515382395,0.0001376222391981038,0.00026973958882828346,3.7293817694257707,7.309588268074511,5.314955106381981,10.417312008508683,9.40543237280781e-05,0.00018434647450703306,0.00011818873702566213,0.00023164992457029777,0.7597086296930622,1.4890289141984019,4.53533288789282,8.889252460269928,8.788185797138622e-05,0.000172248441623917,8.941564595286617e-05,0.00017525466606761769,0.7525190544264375,1.4749373466758176,5.768993862028738,11.307227969576326,9.029486541238257e-05,0.00017697793620826983,9.584002254201484e-05,0.00018784644418234908,0.74361414347167,1.4574837212044731,2.452200389460933,4.806312763343429,0.00012825695420000011,0.0002513836302320002,0.0001601413940162986,0.00031387713227194525,2.7905195923584714,5.469418401022604,4.493306449430632,8.806880640884039
sigmoid,gpu_geometry,10,highdim_poly4,Sparse quartic,132.0,2.0,66,65,0.0015317696634341415,0.0008691708132847469,6,0.021579766689213725,0.005718361269871277,6,0.001180482926959853,0.0006860862464302059,6,0.002601444730853515,0.0014855089226960751,6,0.002733188902232505,0.001477922841685962,6,0.003056384481022849,0.0018966304349963053,6,-7.718851743578759,13.651345417018923,6,9.278851780407004,10.304093547798313,6,0.0026397994799808437,0.0013108881550293208,6,0.002854449810562268,0.001225192684004209,6,-6.325635143005651,12.709761777969122,6,7.398603153000987,15.906353679385886,6,0.002653025773775514,0.0016727386217154918,6,0.00320110476210815,0.0018962471870823208,6,0.36168388916982047,10.174859549597027,6,4.2572160465978905,6.013143410070137,6,0.0013358932512735906,0.0008420778806439895,6,0.0017758955540673894,0.0011365512600001015,6,49.82117920862061,4.239885389168093,6,48.082371958702225,4.010741910275419,6,0.0011936571333187557,0.0006990499267938249,6,0.0015344776854202904,0.000736875089818477,6,54.25189369303866,2.383027184652811,6,51.746543968028014,6.012750676617595,6,0.0011874940557998947,0.0006917320723701225,6,0.0015463766400457381,0.0008291858524358634,6,54.453826513133926,2.228001091057306,6,52.36202972704593,4.750394803201618,6,0.002576604396647898,0.0013928468017861515,6,0.002992696048660488,0.0015020634418762878,6,-2.532892432995969,18.64274261280175,6,6.355619996802879,10.981423368959227,6,0.0003548374986445834,0.0006954814973433835,0.0023345112126797137,0.004575641976852239,0.0002800935372159002,0.0005489833329431644,0.0006064564781594876,0.0011886546971925957,0.0006033594735557885,0.0011825845681693453,0.0007742961327289746,0.0015176204201487902,5.573138429029667,10.923351320898147,4.2066285756683826,8.24499200831003,0.0005351678482800477,0.0010489289826288934,0.0005001828187335503,0.0009803583247177585,5.188738518058843,10.169927495395331,6.493741697122866,12.727733726360817,0.000682892682708228,0.001338469658108127,0.0007741396724232666,0.0015173137579496023,4.153869016832898,8.141583272992479,2.4548555174751776,4.811516814251348,0.0003437768552103416,0.0006738026362122695,0.000463995108919591,0.0009094304134823983,1.7309259618905848,3.3926148853055462,1.6373785283617082,3.209261915588948,0.00028538593756246764,0.0005593564376224366,0.00030082799570379875,0.0005896228715794455,0.9728667742634226,1.9068188775563082,2.454695184714569,4.811202562040555,0.0002823984360041277,0.0005535009345680903,0.00033851370673376225,0.000663486865198174,0.9095776365757668,1.7827721676885029,1.9393405574354798,3.8011074925735406,0.0005686273257072555,0.0011145095583862208,0.0006132148323142606,0.0012019010713359508,7.610867801234126,14.917300890418886,4.4831473172375205,8.78696874178554
sigmoid,gpu_geometry,10,highdim_poly4,Sparse quartic,198.0,3.0,66,65,0.0015317696634341415,0.0008691708132847469,6,0.021579766689213725,0.005718361269871277,6,0.001180482926959853,0.0006860862464302059,6,0.0020000785946873625,0.0011616847701883802,6,0.0021095973151140602,0.0014170178600532363,6,0.0024737128468509287,0.0017695394746903965,6,-1.5267420904866915,10.118938517787065,6,9.066776151259893,15.273125730208713,6,0.0022641223550864207,0.0014401921829778413,6,0.002619027500551081,0.001663350549114482,6,-11.321212367039687,8.473188570814976,6,-0.1247488407290384,7.070770865150822,6,0.00215956843206015,0.0012866703132421399,6,0.0028599229443022588,0.0017982533675250073,6,-8.348189480280055,9.987303223871905,6,-9.610036182964016,10.840973271135116,6,0.0013148002074697667,0.0008311186646400528,6,0.0016729344001776677,0.0010687595035000805,6,35.15844159204868,5.035352130936622,6,36.271762012061636,4.6487033697483895,6,0.001194978174157366,0.0006951895073520843,6,0.0015135265592909816,0.00086294675060687,6,39.94524919436742,2.1910253692927215,6,40.346036130024956,3.6531646000937625,6,0.0011898705499422532,0.0006932825987644041,6,0.0016211216351083091,0.0009169863429448443,6,40.225176755915406,2.2187927217095513,6,35.17684015808208,8.615226096236357,6,0.0020431620710487436,0.0011465597416507527,6,0.002651193159636712,0.001669743275450958,6,-4.045317637124097,11.75005728652784,6,-1.4419247136976339,14.23096301822797,6,0.0003548374986445834,0.0006954814973433835,0.0023345112126797137,0.004575641976852239,0.0002800935372159002,0.0005489833329431644,0.0004742558214873118,0.0009295414101151311,0.0005784951189234952,0.0011338504330900506,0.0007224114654506767,0.0014159264722833262,4.131039351195506,8.096837128343191,6.235227469397347,12.2210458400188,0.0005879559966401228,0.0011523937534146406,0.0006790600181181152,0.0013309576355115056,3.459164748813157,6.779962907673788,2.886630117959513,5.657795031200646,0.0005252809557717068,0.0010295506733125454,0.000734133863112969,0.0014389023717014191,4.077299467489933,7.9915069562802685,4.425808804905344,8.674585257614474,0.00033930277401191027,0.0006650334370633442,0.0004363192402209149,0.0008551857108329932,2.055673899338446,4.029120842703354,1.8978252035733796,3.719737399003824,0.0002838099279249036,0.000556267458732811,0.00035229653569660024,0.0006905012099653365,0.8944823613767078,1.7531854282983472,1.4913982027713806,2.923140477431906,0.0002830314357539123,0.000554741614077668,0.00037435810688594235,0.000733741889496447,0.9058183355315862,1.7754039376419088,3.5171513257481535,6.893616598466381,0.0004680810544436082,0.0009174388667094721,0.0006816698377163848,0.0013360728819241142,4.796940800077448,9.402003968151798,5.809766323846025,11.38714199473821
sigmoid,gpu_geometry,10,highdim_poly4,Sparse quartic,264.0,4.0,66,65,0.0015317696634341415,0.0008691708132847469,6,0.021579766689213725,0.005718361269871277,6,0.001180482926959853,0.0006860862464302059,6,0.0017498175275979225,0.0009807347008880445,6,0.0018694352821802447,0.0011090243613350813,6,0.0021775779893854425,0.0014306053442359734,6,-6.558551509145386,12.059871490708712,6,8.764436892818138,9.61658043120203,6,0.0019037787446887831,0.0011912385267132022,6,0.002244427768522722,0.001487699774673694,6,-5.668978150050766,7.4470998763977025,6,7.128668618991143,16.02157460248778,6,0.001984577810361864,0.0013496950440380193,6,0.0023874496999783464,0.0015408854164396261,6,-7.6741875331718274,15.838316729867092,6,-1.2947578460631317,12.089590939029952,6,0.0012674848916069497,0.0007790399893151411,6,0.0016668369706715957,0.0010418101547152588,6,28.986352496857307,4.197489827297945,6,28.840580199663762,7.293738808603892,6,0.001199065727826959,0.0006945915272010625,6,0.0015226718306247857,0.0007782098889953546,6,31.911977887523577,1.7833814061561328,6,31.53787436900478,5.412980216582015,6,0.0011968622084263221,0.0006949771805220112,6,0.001640632766115187,0.0009652520294009257,6,32.08738701378386,1.8094960457961915,6,28.550970759403015,7.288953294992573,6,0.0018359837036283206,0.0011653291177453283,6,0.0023655065635746985,0.0015761145783012179,6,-1.2701791041556079,9.016712130265107,6,0.7830217517217047,13.326896648851084,6,0.0003548374986445834,0.0006954814973433835,0.0023345112126797137,0.004575641976852239,0.0002800935372159002,0.0005489833329431644,0.00040038326503613223,0.0007847511994708192,0.0004527572995978245,0.000887404307211736,0.0005840421861128025,0.0011447226847810929,4.923421919295712,9.649906961819594,3.9259525211464674,7.694866941447076,0.00048632109206535567,0.0009531893404480971,0.0006073508897340099,0.0011904077438786593,3.040265793453008,5.958920955167896,6.540780442004883,12.819929666329571,0.0005510106943760698,0.0010799809609770966,0.0006290638370621751,0.0012329651206418632,6.465965728793442,12.673292828435146,4.935554833266386,9.673687473202117,0.0003180417438408925,0.0006233618179281493,0.0004253172146503971,0.0008336217407147784,1.7136180462338417,3.3586913706183297,2.977656399702472,5.8362065434168455,0.0002835658035505176,0.0005557889749590144,0.0003177028568044262,0.0006226975993366753,0.7280624103082814,1.4270023242042316,2.2098399197343186,4.331286242679265,0.00028372324585950663,0.000556097561884633,0.0003940624908697024,0.0007723624821046167,0.7387236672974152,1.447898387902934,2.9757027219516594,5.832377335025252,0.00047574362014729207,0.0009324574954886924,0.0006434460821666446,0.0012611543210466233,3.681057312785507,7.214872333059593,5.440682774082041,10.6637382372008
sigmoid,gpu_geometry,20,highdim_nonlinear,Random nonlinear,462.0,2.0,231,230,0.002665792554499835,0.0018354763653472405,3,0.04767010192341011,0.015969987071355437,3,0.0038890724787419965,0.002604595023582138,3,0.0081356785450988,0.005347724900577271,3,0.006296287408355414,0.002444832583013723,3,0.003959094592588491,0.0018536920535631594,3,14.211505360390902,19.380404320817814,3,22.618198335461216,12.575593486396729,3,0.006120048768556468,0.003298663195569602,3,0.004299076361200874,0.0024131589455549,3,21.179588384275274,8.4458584092405,3,18.896268821162604,6.982416486685746,3,0.006532604849081425,0.0036848057845050492,3,0.004400906923289256,0.0025049355601883287,3,16.702991064965897,7.153975809180314,3,17.227817685330482,6.639455175874793,3,0.004476952183834845,0.0032099729964914945,3,0.0032548461390376495,0.0021559665005194883,3,46.27117262184287,3.4417627334783614,3,40.99155155299148,1.9253978151121454,3,0.003949540311481055,0.0026637084828057033,3,0.0026431900060523658,0.0019479792443906603,3,51.77708179662479,1.3088772515598177,3,53.52189065307336,3.6374380067661596,3,0.004022088021205229,0.002720071113179619,3,0.002795569667763851,0.0018257295884629618,3,50.92777224384462,1.395268181189602,3,49.1322445452067,0.6341899209227438,3,0.006715436865395874,0.004871882760805079,3,0.004709371036031803,0.003405509866620255,3,19.724955939928282,5.3715744887833266,3,16.714041753570523,5.324903898666277,3,0.0010597127736244251,0.0020770370363038734,0.009220276334601905,0.018071741615819734,0.001503763637995107,0.0029473767304704097,0.003087510410900352,0.006051520405364689,0.0014115247499265412,0.0027665885098560206,0.0010702296061193604,0.0020976500279939465,11.189281651627951,21.930992037190784,7.260522284590456,14.230623677797293,0.001904484083928021,0.003732788804498921,0.001393237966813475,0.002730746414954411,4.876218626112467,9.557388507180436,4.0313000381820965,7.901348074836909,0.0021274236115954802,0.004169750278727141,0.0014462252199773976,0.002834601431155699,4.1303498592063255,8.095485724044398,3.833291233063766,7.513250816804981,0.0018532787736157941,0.0036324263962869566,0.001244747839438742,0.0024397057652999344,1.9871026406605543,3.8947211756946865,1.1116289468521146,2.1787927358301444,0.0015378928095905625,0.0030142699067975025,0.0011246663411247516,0.002204346028604513,0.7556806335242383,1.481134041707507,2.100075812367018,4.116148592239355,0.0015704337894091782,0.0030780502272419893,0.0010540854693665558,0.0020660075199584495,0.8055584600015363,1.578894581603011,0.36614972156209363,0.7176534542617035,0.0028127828234111095,0.005513054333885775,0.0019661720382211307,0.003853697194913416,3.1012799770711803,6.078508755059513,3.074334699303863,6.0256960106355715
sigmoid,gpu_geometry,20,highdim_nonlinear,Random nonlinear,693.0,3.0,231,230,0.002665792554499835,0.0018354763653472405,3,0.04767010192341011,0.015969987071355437,3,0.0038890724787419965,0.002604595023582138,3,0.0058995598603839156,0.0038777375200792267,3,0.0052978972949910275,0.002617379411593636,3,0.0036481009550751457,0.002039291481523545,3,4.311747750825629,13.457573876473203,3,6.795358359857871,7.762175910333271,3,0.0051701668207473645,0.0029096624741928867,3,0.0033646391293405777,0.0019184261445380696,3,9.038104315743196,7.594029189367511,3,14.317893965041407,8.101219404094728,3,0.005368099562659707,0.003227688689073343,3,0.0036619448054203987,0.0023740408710962533,3,6.960536425819963,4.7695812502737365,3,9.578953258265445,4.255194426505592,3,0.004327460082557189,0.003018377587726602,3,0.002902130549279835,0.0021516128401902128,3,27.831549069406407,2.7206673484859727,3,31.036613574455686,5.847823433261801,3,0.004075253587502198,0.0028316818971916183,3,0.002818655245167168,0.001922100096668376,3,31.963270228367605,2.5233582155904264,3,31.383693396483284,5.096933995515172,3,0.0040772348179314724,0.002777726481441678,3,0.0027139609253921514,0.00195536366925913,3,31.55455885923999,1.547957883822172,3,34.9505546466935,4.190366300400999,3,0.0054200089514067655,0.0034977156025717947,3,0.003719290684663432,0.002361990020532334,3,7.68733719013801,1.046580472155415,3,7.702310680299834,3.4571614676288447,3,0.0010597127736244251,0.0020770370363038734,0.009220276334601905,0.018071741615819734,0.001503763637995107,0.0029473767304704097,0.0022388128010644537,0.004388073090086329,0.00151114470785497,0.0029618436273957413,0.0011773854858137295,0.00230767555219491,7.76973390022108,15.228678444433317,4.481494351328143,8.78372892860316,0.0016798944127262158,0.0032925930489433827,0.0011076038509694704,0.002170903547900162,4.384414796715208,8.593453001561807,4.677241203718311,9.167392759287889,0.0018635069334968048,0.0036524735896537376,0.0013706531359945955,0.002686480146549407,2.7537190187673337,5.397289276783974,2.456737647597199,4.81520578929051,0.001742661112789887,0.0034156157810681783,0.0012422342524756747,0.0024347791348523226,1.5707780260238018,3.0787249310066516,3.376242433367102,6.61743516939952,0.001634872305602971,0.003204349718981823,0.0011097250082208927,0.00217506101611295,1.4568615450329865,2.8554486282646536,2.9427162143524392,5.767723780130781,0.0016037211317955049,0.0031432934183191893,0.0011289297408103732,0.0022127022919883315,0.8937139009189344,1.7516792458011115,2.4193091115396532,4.741845858617721,0.00201940704469358,0.003958037807599416,0.0013636955741775528,0.0026728433253880033,0.6042435173275346,1.1843172939619677,1.9959931039675152,3.9121464837763296
sigmoid,gpu_geometry,20,highdim_nonlinear,Random nonlinear,924.0,4.0,231,230,0.002665792554499835,0.0018354763653472405,3,0.04767010192341011,0.015969987071355437,3,0.0038890724787419965,0.002604595023582138,3,0.005198957938078875,0.0034396506708143345,3,0.004984185112745056,0.0026009864567766317,3,0.0032159290259535823,0.0016691213224670326,3,-1.2899254189998317,12.290590861549397,3,5.462702715260847,10.602230137876596,3,0.004880317318544543,0.00262581344320929,3,0.0033091259939554848,0.0018518776650086792,3,1.4359417077279726,10.64004039221402,3,4.203673857034787,7.416841095888527,3,0.0049147246552422716,0.0028581826189777457,3,0.003346829867530484,0.001846953128224098,3,2.403500830058174,6.977647919832254,3,2.8226746232070234,8.575790038141754,3,0.0042820720588249185,0.002980989480359378,3,0.002879620596861985,0.0021282437084673292,3,18.78802280309778,2.6426518170258846,3,22.26615246676529,9.20337821324752,3,0.004143240516701437,0.0028903671152236076,3,0.0029396650322658993,0.002069226037210666,3,21.467660514647985,2.6390155584209034,3,19.562715373466606,6.35296681767511,3,0.004179662441657473,0.002913425660734936,3,0.0028998887097621954,0.002100861621582243,3,20.759179395871396,2.630758288204032,3,21.26219419048543,8.101931874665532,3,0.004945710599865993,0.0033191204801250786,3,0.003498054046859779,0.002319051145674421,3,5.220073872265803,3.084935736524976,3,2.636555103230229,7.5034599196514025,3,0.0010597127736244251,0.0020770370363038734,0.009220276334601905,0.018071741615819734,0.001503763637995107,0.0029473767304704097,0.001985883240712933,0.0038923311517973487,0.0015016802309785592,0.002943293252717976,0.0009636676448364855,0.0018887885838795115,7.095975942415099,13.908112847133594,6.121200424113416,11.997552831262295,0.0015160140982786218,0.0029713876326260985,0.0010691820683990166,0.0020955968540620727,6.143030184633257,12.040339161881183,4.28211520324792,8.392945798365924,0.0016501725044599112,0.003234338108741426,0.0010663388857608043,0.0020900242160911764,4.028546904825585,7.895951933458146,4.951234687034853,9.704419986588313,0.0017210750789369296,0.003373307154716382,0.00122874207798474,0.0024083344728500905,1.5257357379343481,2.990442046351322,5.313572888872393,10.41460286218989,0.001668754232031192,0.003270758294781136,0.0011946682095977607,0.0023415496908116107,1.5236363430499191,2.9863272323778416,3.667887102337485,7.18905872058147,0.0016820670894892786,0.003296851495398986,0.0012129330227506618,0.002377348724591297,1.518869005867437,2.9769832515001764,4.677652548794154,9.168198995636542,0.0019162951026730141,0.003755938401239108,0.001338904803219637,0.0026242534143104883,1.7810884779153913,3.490933416714167,4.332124604464306,8.490964224750039
sigmoid,gpu_geometry,20,highdim_poly3,Sparse cubic,462.0,2.0,231,230,0.0006015575360609808,0.000250174886129021,6,0.014880579875872652,0.003314934141678928,6,0.0009259198182653036,0.00038994885305603406,6,0.0018855665893337764,0.0007743660109287533,6,0.0019362302373749113,0.0007789301140273783,6,0.001162972634062613,0.00045673035566591195,6,-3.975586564466554,7.292833697067379,6,5.7747553936145435,7.892055135048703,6,0.001858890294966424,0.0008291918451741653,6,0.0011802278090496633,0.0005202425466238026,6,1.6930933436464803,8.152809303247478,6,6.398216493271626,6.535878607634607,6,0.0020494257067608514,0.0008993414625240501,6,0.0013266629442070504,0.0005373456010479422,6,-7.5154056075062785,6.608145497344273,6,-6.2508200212211795,6.430069032427873,6,0.0010071560859650282,0.0004148762768046435,6,0.0006958274987434004,0.0002834305375504048,6,46.4390310334772,1.9059703827488867,6,44.10764440580175,3.6227985442227846,6,0.0009376894900603931,0.0003935842220421682,6,0.0006231731842429916,0.00024432681774257304,6,50.14722189339713,2.7206630937839376,6,49.51769003184106,3.945177508598988,6,0.00093315558460069,0.00039308881399656686,6,0.0005971908832718629,0.0002420685226840679,6,50.39763948137599,2.74414885384671,6,51.75247956237175,4.030201831960567,6,0.001795923564220954,0.0007138351810577466,6,0.0011538440082370827,0.00045586241496001315,6,4.169058447141252,7.201070449911931,6,7.63214607784801,6.003756448489883,6,0.00010213346957916443,0.00020018160037516228,0.0013533161963407156,0.0026524997448278027,0.00015919595262847005,0.0003120240671518013,0.00031613360015498465,0.0006196218563037699,0.0003179968874424991,0.0006232738993872983,0.00018645938690356071,0.000365460398330979,2.9772868894650117,5.835482303351423,3.221918017130185,6.314959313575162,0.0003385161532589292,0.0006634916603875013,0.00021238813028573398,0.0004162807353600386,3.3283704605286615,6.523606102636176,2.668261268246162,5.229792085762477,0.0003671546146187138,0.000719623044652679,0.00021937042301609937,0.00042996602911155474,2.6977641024272736,5.287617640757456,2.6250646900533052,5.145126792504478,0.00016937253075950814,0.00033197016028863594,0.0001157100324202065,0.00022679166354360472,0.7781091504319878,1.525093934846696,1.4790013123739236,2.89884257225289,0.00016068008580226467,0.00031493296817243873,9.974600565788129e-05,0.0001955021710894473,1.1107060569654172,2.176983871652218,1.6106119734620192,3.1567994679855578,0.00016047783631456587,0.0003145365591765491,9.882406056088357e-05,0.00019369515869933177,1.1202940783612885,2.195776393588125,1.6453230081222305,3.2248330959195717,0.0002914219923397872,0.0005711871049859829,0.0001861050515941535,0.00036476590112454084,2.9398247006863873,5.762056413345319,2.4510233064573885,4.8040056806564815
sigmoid,gpu_geometry,20,highdim_poly3,Sparse cubic,693.0,3.0,231,230,0.0006015575360609808,0.000250174886129021,6,0.014880579875872652,0.003314934141678928,6,0.0009259198182653036,0.00038994885305603406,6,0.0014331616919494288,0.0005965920808663123,6,0.0015113175578961226,0.0006415794443318095,6,0.0009447524872354781,0.0003552250018779704,6,-5.48696871867958,3.25680315785289,6,-0.5478845806857164,6.585388140093281,6,0.0014558414650317046,0.0006226475402402343,6,0.0009502764151702263,0.000445117934721916,6,-1.965008925902805,6.232689771740502,6,1.1630408743868677,10.526406436072989,6,0.0015028050733654763,0.0006595533096586582,6,0.0009500587596196853,0.00036240313323773944,6,-4.878927940743645,7.215117237118086,6,-1.2911431959681046,4.728897717012798,6,0.0009843839846944986,0.00041016684120830376,6,0.0006774942250928587,0.0002760611633893015,6,31.2555302792375,2.0437338253195727,6,27.853184725734696,7.072750529680097,6,0.0009405026106409812,0.0003932366719771903,6,0.0006226841650868166,0.00022150065561289467,6,34.28155830321324,1.883019143400012,6,32.70371852483521,6.099421496263335,6,0.0009414987111409203,0.0003948043034455697,6,0.0006673601526558582,0.00027799344712655207,6,34.249324719209625,2.0388994764213324,6,29.66176235993599,8.503090457336455,6,0.0013889729637290625,0.0005701495307863826,6,0.0009031112104422181,0.00033181888985735544,6,2.807857221130881,3.6634591138413053,6,3.3684783763451924,9.696027105780539,6,0.00010213346957916443,0.00020018160037516228,0.0013533161963407156,0.0026524997448278027,0.00015919595262847005,0.0003120240671518013,0.00024355769711795073,0.00047737308635118343,0.0002619237113452164,0.0005133704742366241,0.00014501999974670396,0.00028423919950353976,1.329584321570753,2.605985270278676,2.688473450234081,5.269407962458798,0.00025419479386460503,0.0004982217959746258,0.0001817186359050276,0.0003561685263738541,2.544484944304665,4.987190490837143,4.297387432254603,8.422879367219021,0.00026926151113793013,0.000527752561830343,0.00014795045960305472,0.00028998290082198725,2.9455592775498096,5.773296183997627,1.9305644087489398,3.783906241147922,0.00016744991172825278,0.00032820182698737547,0.00011270149801714752,0.00022089493611360912,0.8343508403498868,1.635327647085778,2.8874383126192815,5.659379092733792,0.00016053819908238683,0.0003146548702014782,9.042726399058912e-05,0.00017723743742155466,0.7687393462037827,1.506729118559414,2.490078398668044,4.880553661389366,0.00016117818194943007,0.00031590923662088295,0.00011349034954957119,0.00022244108511715953,0.8323772256766744,1.6314593623262819,3.471372142867195,6.8038894000197025,0.00023276257125231432,0.0004562146396545361,0.00013546449452788223,0.00026551040927464916,1.4956009204099716,2.9313778040035445,3.9583864902261827,7.758437520843318
sigmoid,gpu_geometry,20,highdim_poly3,Sparse cubic,924.0,4.0,231,230,0.0006015575360609808,0.000250174886129021,6,0.014880579875872652,0.003314934141678928,6,0.0009259198182653036,0.00038994885305603406,6,0.0012607226339436213,0.000524699892951752,6,0.0013674300372140055,0.0006293661532310515,6,0.0008422253319324647,0.00034200680799571315,6,-7.695250863893193,8.910324995898135,6,-1.5215832853566627,4.1550502705923895,6,0.001326078543288453,0.00057446901910924,6,0.0008404419809944522,0.00035158338150420376,6,-5.193187467120102,5.732930665846457,6,-0.5313024865906647,2.4538297060191323,6,0.0013532619685665001,0.0005766485974005507,6,0.0009004417697339329,0.00035193000677313514,6,-7.375595036668847,4.940041672103258,6,-8.482311195231313,6.767670068753629,6,0.0009711668153814207,0.00040000725784126464,6,0.0006530918252239132,0.00031792021730830787,6,22.804125746155194,1.3539887731936238,6,23.03123061331065,8.822481338422751,6,0.00095146035656642,0.0003985718255772559,6,0.0006016466078786485,0.00022119130405042566,6,24.503004685078036,1.2291766484375515,6,26.235801971817395,5.976466290781847,6,0.0009500225746887279,0.0003995176033093104,6,0.0006689906841159007,0.0002787508985678765,6,24.693181141271683,1.1028981346041105,6,19.82709446843846,5.241763613157028,6,0.0012495643714047384,0.0005388407862532967,6,0.0008353314621818695,0.00030133745479227366,6,1.493576046402587,4.686318114021684,6,-1.9524719952946386,10.53920812900953,6,0.00010213346957916443,0.00020018160037516228,0.0013533161963407156,0.0026524997448278027,0.00015919595262847005,0.0003120240671518013,0.0002142078343041247,0.0004198473552360844,0.00025693765613239445,0.0005035978060194932,0.00013962369469125254,0.00027366244159485496,3.6376249470528412,7.129744896223569,1.6962921697607547,3.324732652731079,0.0002345259949757995,0.000459670950152567,0.00014353331445459536,0.0002813252963310069,2.3404591436796722,4.587299921612157,1.0017717825717545,1.9634726938406388,0.00023541580408715926,0.00046141497601083216,0.00014367482362806817,0.0002816026543110136,2.016763567456399,3.9528565922145416,2.7628897359921236,5.415263882544562,0.00016330227918683396,0.00032007246720619454,0.00012979038522001655,0.0002543891550312324,0.5527636019635601,1.0834166598485777,3.6017629240604223,7.059455331158428,0.00016271626641897573,0.0003189238821811924,9.030097174405882e-05,0.00017698990461835528,0.5018092654027312,0.9835461601893531,2.439882146226594,4.782169006604124,0.00016310237856124576,0.00031968066198004167,0.00011379957780560127,0.0002230471724989785,0.4502562780079116,0.8825023048955067,2.139941034087039,4.194284426810596,0.00021998082982011222,0.00043116242644741993,0.00012302050077167732,0.00024112018151248754,1.9131813586191873,3.749835462893607,4.30261370151099,8.433122854961539
sigmoid,gpu_geometry,20,highdim_poly4,Sparse quartic,462.0,2.0,231,230,0.001025389988554993,0.0004746181304523415,6,0.01828333885419878,0.0014080310849258614,6,0.0014114250910355116,0.0005962873550240983,6,0.0027855852950688185,0.0010415579556518903,6,0.00432446412087534,0.0018899277469804176,6,0.0020863893429896602,0.0008513182016540501,6,-53.662971209517906,29.117282859540374,6,-11.979938830557993,13.066234017094894,6,0.002705719975708265,0.000754719387778889,6,0.0016936350935518865,0.0003821128364773265,6,0.2172153169882541,9.990744126215937,6,4.643132821753895,14.136055504888844,6,0.0030761308722165215,0.0015488666639313184,6,0.0019500653703163208,0.0008637213059986596,6,-6.475994825115376,13.84508393389339,6,-3.2132800974710722,9.18650970394106,6,0.0015437021091587323,0.0006339226979753161,6,0.0009535475207696908,0.00031021675726137295,6,45.09986389613943,3.46117145366521,6,47.66335090039697,6.050856105203503,6,0.0014256708955700367,0.0006020223368936497,6,0.0009960713502037452,0.00041837216480456813,6,49.50324101462866,2.6513853393889053,6,46.89225068655984,3.5565938706662594,6,0.0014190012755760887,0.0005976512437774429,6,0.0009535121348420283,0.0003859084295470795,6,49.723998069078526,2.6379681177334207,6,48.88113884440545,4.824883109644404,6,0.0028188077206765046,0.001001054590935085,6,0.0018709158758757258,0.0006206465437377369,6,-1.810364808300194,6.482783142665685,6,-2.3841840883956102,9.477041560199746,6,0.00019376204038032316,0.0003797735991454334,0.0005748262833409613,0.0011266595153482841,0.00024343329331380669,0.0004771292548950611,0.00042521425481392033,0.0008334199394352839,0.0007715597718049758,0.0015122571527377527,0.0003475492004660362,0.0006811964329134309,11.8870809503601,23.298678662705793,5.3342677002797645,10.455164692548339,0.0003081128998406648,0.000603901283687703,0.0001559969122561662,0.00030575394802208577,4.078704209989537,7.994260251579492,5.771020493773151,11.311200167795377,0.0006323221677064275,0.0012393514487045979,0.00035261274661116794,0.0006911209833578892,5.652231847340673,11.078374420787718,3.7503768819636263,7.350738688648708,0.00025879785773466255,0.0005072438011599386,0.00012664546082519868,0.0002482251032173894,1.4130173289611458,2.7695139647638456,2.470251660792159,4.841693255152632,0.00024577458985789233,0.00048171819612146896,0.00017079972105913052,0.0003347674532758958,1.08242353216647,2.121550123046281,1.451973367573754,2.845867800444558,0.00024399009856574254,0.00047822059318885536,0.00015754645663818934,0.0003087910550108511,1.0769459743628436,2.1108141097511735,1.9697502812002954,3.8607105511525788,0.00040867882541025023,0.0008010104978040905,0.0002533778904632363,0.0004966206653079431,2.6465851354412155,5.187306865464782,3.8689860156065277,7.583212590588794
sigmoid,gpu_geometry,20,highdim_poly4,Sparse quartic,693.0,3.0,231,230,0.001025389988554993,0.0004746181304523415,6,0.01828333885419878,0.0014080310849258614,6,0.0014114250910355116,0.0005962873550240983,6,0.002142326835366843,0.0008453789249998029,6,0.0027662031704018346,0.0012218043909692753,6,0.001451617622977643,0.0004980587294611232,6,-27.605208834846795,13.443658095938437,6,-2.540986977860776,5.385141796474239,6,0.002123494983778696,0.000721052316362677,6,0.0013525732577151254,0.00043542174941659374,6,-0.7309910768611552,5.009537539274386,6,3.822951115974091,8.415186640912088,6,0.0022737224261143328,0.0008597405696808988,6,0.0014340647486711857,0.0005002681840781007,6,-6.701960406784234,4.2658489445729035,6,-1.298621211932309,7.716677963397785,6,0.0015047517498053716,0.0006335610067479834,6,0.001030731132276142,0.0004048589052842854,6,30.291923015398158,2.9650453524865257,6,28.147208965794956,4.13317113743716,6,0.0014397010875496126,0.0006200238784645744,6,0.0009898700104635024,0.00037981534183937623,6,33.51433815168104,2.433395726647151,6,30.808542327169715,4.543153639931711,6,0.001436430194783342,0.0006171329987902663,6,0.0009697682813951414,0.0003933379405997592,6,33.6383659467468,2.4919360074179084,6,32.464320282626424,4.598962635631071,6,0.002120515514783282,0.0007648586886954703,6,0.0014353833006603204,0.0005658856925786537,6,-0.007360502585766445,4.990497071968214,6,-0.22832644058015536,7.336677829191134,6,0.00019376204038032316,0.0003797735991454334,0.0005748262833409613,0.0011266595153482841,0.00024343329331380669,0.0004771292548950611,0.00034512450092534784,0.0006764440218136817,0.0004987995538944481,0.0009776471256331182,0.00020333162485310723,0.00039852998471209014,5.488350435247539,10.757166853085176,2.1984749323161044,4.309010867339564,0.0002943683754900714,0.00057696201596054,0.00017776018483010896,0.00034840996226701357,2.0451351364233155,4.008464867389698,3.4354855600866983,6.733551697769928,0.00035098761781465467,0.0006879357309167232,0.00020423363092334578,0.0004002979166097577,1.7415255389989623,3.413390056437966,3.15032058661731,6.174628349769928,0.00025865019790942824,0.0005069543879024793,0.00016528295596138055,0.00032395459368430587,1.2104746963004462,2.3725304047488747,1.6873600510533011,3.3072257000644703,0.0002531236884299365,0.0004961224293226755,0.0001550589639978731,0.0003039155694358313,0.9934296454257692,1.9471221050345076,1.854734706816798,3.6352800253609243,0.00025194349174496346,0.0004938092438201284,0.0001605795418244282,0.00031473590197587925,1.0173286149737055,1.9939640853484628,1.8775186339035665,3.6799365224509906,0.00031225225210635777,0.0006120144141284613,0.00023102186659319454,0.0004528028585226613,2.0373618981959374,3.993229320464037,2.9951861814514062,5.870564915644756
sigmoid,gpu_geometry,20,highdim_poly4,Sparse quartic,924.0,4.0,231,230,0.001025389988554993,0.0004746181304523415,6,0.01828333885419878,0.0014080310849258614,6,0.0014114250910355116,0.0005962873550240983,6,0.0018966596555059806,0.0007631086070828962,6,0.0022300574458688502,0.0008938174774876367,6,0.0012466274251764114,0.00046529041380741383,6,-17.660352704321898,3.332261108443765,6,2.5851798734384808,8.906168882565902,6,0.0019719924267968384,0.0007090069068425799,6,0.0012839004478052063,0.0005130846104976862,6,-5.297587613730994,3.9906229928483907,6,0.1775568204378198,10.417231183914806,6,0.0020269611832000574,0.0007595107685821604,6,0.0013186102098024716,0.00046846182396580513,6,-7.748876843006832,3.0738242504753743,6,-3.19451279709061,7.2588440113925,6,0.001493108973118836,0.0006487303932985594,6,0.0010081859004545206,0.00041847178475072394,6,22.016554498125416,3.741333993534343,6,22.602901282224305,5.018719738568953,6,0.001448288307947818,0.0006280071166511152,6,0.0009847465091321888,0.0004783101367504466,6,24.353281602195803,2.8169954708113947,6,25.90954791152929,7.488084403759052,6,0.0014414740228138748,0.0006220963874956771,6,0.0010779239675981925,0.0005197344932678366,6,24.660624885269375,2.7026977761928634,6,18.828685438623058,6.396393555626533,6,0.0018832287215537291,0.0006691982531388948,6,0.0013394646549650666,0.0005609003452123466,6,-0.6983969202606412,7.00529198949521,6,-2.877325863765815,7.772853960409775,6,0.00019376204038032316,0.0003797735991454334,0.0005748262833409613,0.0011266595153482841,0.00024343329331380669,0.0004771292548950611,0.00031153778427985213,0.0006106140571885102,0.00036489945717105006,0.0007152029360552581,0.0001899540160061001,0.00037230987137195623,1.3603899009013845,2.6663642057667136,3.635928220889983,7.126419312944367,0.00028945085764555463,0.000567323680985287,0.00020946591509899743,0.000410553193594035,1.6291650147161403,3.193163428843635,4.252816822200064,8.335520971512125,0.0003100689728625617,0.000607735186810621,0.0001912487387816231,0.0003748475280119813,1.2548834954429366,2.459571651068156,2.9634106583948383,5.808284890453883,0.0002648430740360864,0.0005190924251107294,0.00017084039073184473,0.0003348471658344157,1.5273932069147331,2.9936906855528767,2.0488837535880204,4.01581215703252,0.0002563828317719576,0.0005025103502730369,0.00019526929563990639,0.00038272781945421653,1.1500335852031969,2.2540658269982656,3.0569976566837482,5.991715407100147,0.0002539697866988551,0.0004977807819297559,0.00021218071837169643,0.000415874208008525,1.1033717467712207,2.1626086236715927,2.6113167342186028,5.118180799068461,0.00027319904282535726,0.0005354701239377002,0.00022898660705353112,0.000448813749824921,2.8598984789116138,5.605401018666763,3.1732543413625582,6.219578509070614
sigmoid,iterative_dopt,5,highdim_poly2,Quadratic,42.0,2.0,21,20,0.0012670811633900775,0.0009601020181346435,6,0.0038281905276274244,0.002378224357567828,6,0.00047581012874067596,0.0003526189969225719,6,0.0010464625793357699,0.0007617095828981929,6,0.0007585428099595128,0.00045189969741393906,6,0.001650625725694235,0.0010748685910044779,6,21.387971978929382,12.85370702398408,6,29.052705963826693,9.369389481906822,6,0.0008221297122768765,0.0003840167878083556,6,0.0019405270566463246,0.0010115963506310405,6,8.61783233526249,24.563606968513238,6,10.297892918136263,19.50733923189584,6,0.0008047736987266194,0.0005025082134187762,6,0.0017868564561661906,0.0012120724748729136,6,17.339652932946702,14.992801190247558,6,23.000372685616227,14.44329884664009,6,0.000510754075863809,0.00037620246203970496,6,0.0012845021411007455,0.0010195657082254876,6,51.070859245712825,4.700191307961531,6,48.99052160722423,4.961536425933891,6,0.00047668898470678444,0.0003536601856270047,6,0.0012184639499414676,0.0009285596917077859,6,54.58701405831303,3.311179457974464,6,50.616784174618154,6.3722178378974075,6,0.0004771933399925861,0.0003541777861242101,6,0.0012500061213849968,0.0009404834121802021,6,54.525185098129896,3.4236890286887496,6,49.03718971353482,5.749055081278656,6,0.0010471346735192527,0.0008077449274851981,6,0.0017914984571368762,0.0013987109351254804,6,1.0007125061228674,26.997865645561212,6,27.78574253751611,8.08221094855196,6,0.00039196000757437305,0.0007682416148457712,0.0009709060283165849,0.0019029758155005062,0.00014395610267872218,0.00028215396125029545,0.0003109666350481294,0.0006094946046943336,0.00018448727893037763,0.00036159506670354014,0.0004388132647508793,0.0008600739989117233,5.24750391866485,10.285107680583106,3.8250372386785596,7.497072987809977,0.0001567741971321852,0.000307277426379083,0.0004129824807846049,0.0008094456623378255,10.028050552521762,19.654979082942653,7.963837892920124,15.609122270123443,0.00020514811907226542,0.0004020903133816402,0.0004948265157851706,0.0009698599709389344,6.120785455183137,11.996739492158948,5.896452062799502,11.557046043087023,0.00015358401199600587,0.0003010246635121715,0.0004162359573986331,0.0008158224765013209,1.9188450663284036,3.760936330003671,2.025538763961696,3.9700559773649244,0.00014438116618735716,0.00028298708572722003,0.0003790829067333553,0.0007430024971973765,1.3517833531371355,2.6494953721487855,2.60144703878495,5.098836196018502,0.0001445924757054845,0.0002834012523827496,0.00038395074523218817,0.0007525434606550888,1.3977151930420657,2.7395217783624486,2.3470419087145964,4.600202141080609,0.0003297604857766892,0.0006463305521223107,0.0005710213481180886,0.0011192018423114537,11.021832495973424,21.60279169210791,3.299548802914655,6.467115653712724
sigmoid,iterative_dopt,5,highdim_poly2,Quadratic,63.0,3.0,21,20,0.0012670811633900775,0.0009601020181346435,6,0.0038281905276274244,0.002378224357567828,6,0.00047581012874067596,0.0003526189969225719,6,0.0007660054442046872,0.0005500220934933226,6,0.0006685433709189975,0.00043120689309777673,6,0.00155652672073503,0.0010384502711091616,6,8.802337345419671,14.687285038648396,6,15.648804584744815,10.458165741244564,6,0.000696777026915604,0.0003986817540402421,6,0.0016245857630948124,0.0009644869982673812,6,1.4885925599373853,13.89796272935976,6,6.998392122867426,18.813852651423193,6,0.0006717076798966295,0.00040476353560766563,6,0.001627972709446166,0.0010428923043393772,6,6.323799078052301,19.088518586231256,6,9.730401768878911,14.379355858397643,6,0.0005322613861588288,0.0004150548627027507,6,0.0013631098638457611,0.0011575912124532205,6,33.23773782430595,5.167938948515509,6,32.85709300710822,9.226919508975124,6,0.00047685767320741366,0.00035254422339431514,6,0.0012933560554078752,0.0010610350195121975,6,38.58748281540045,2.0220697052965586,6,35.219975266274524,5.931205374456907,6,0.0004762569608003275,0.0003533415457680268,6,0.001176086889088195,0.0008868771715149553,6,38.77262073494942,2.1924480290338857,6,38.90376996976986,2.898674093532466,6,0.0011616018566003702,0.0013390492865591034,6,0.0018940333299259573,0.001649784176279983,6,-27.5430075791283,75.7992021293262,6,7.582158243087069,20.009414602440394,6,0.00039196000757437305,0.0007682416148457712,0.0009709060283165849,0.0019029758155005062,0.00014395610267872218,0.00028215396125029545,0.000224545579386004,0.00044010933559656784,0.0001760394769434011,0.00034503737480906613,0.0004239455479120503,0.0008309332739076187,5.99605900858368,11.752275656824013,4.269528285250832,8.368275439091631,0.00016276114452606316,0.0003190118432710838,0.0003937501682172812,0.0007717503297058711,5.673819525191607,11.120686269375549,7.680723181982536,15.05421743668577,0.00016524402145393844,0.00032387828204971935,0.00042575900038446953,0.0008344876407535603,7.792855080316587,15.27399595742051,5.870347447162372,11.505880996438249,0.00016944543814711137,0.00033211305876833827,0.00047258463354001777,0.0009262658817384348,2.1098022409530706,4.135212392268018,3.766874115786761,7.383073266942052,0.0001439255765136394,0.0002820941299667332,0.00043316573283814624,0.0008490048363627666,0.8255065003860874,1.6179927407567314,2.4214044545121087,4.745952730843733,0.00014425108200965576,0.0002827321207389253,0.0003620660891224068,0.0007096495346799173,0.8950631597839498,1.7543237931765416,1.183378743296517,2.3194223368611735,0.0005466645820846094,0.0010714625808858345,0.0006735215696006356,0.0013201022764172457,30.94489468782223,60.651993588131575,8.16880930462895,16.01086623707274
sigmoid,iterative_dopt,5,highdim_poly2,Quadratic,84.0,4.0,21,20,0.0012670811633900775,0.0009601020181346435,6,0.0038281905276274244,0.002378224357567828,6,0.00047581012874067596,0.0003526189969225719,6,0.0006639999214872609,0.00048364542072104876,6,0.0006050345728237095,0.00035453281903154805,6,0.0014650112231178285,0.0009441127497199435,6,-0.3021113429049785,26.62616167423459,6,6.171217307529868,12.571512304444543,6,0.0006610891393398034,0.0004056935070672733,6,0.0015118548723235656,0.0009906540938327943,6,-6.434619211958178,11.51944647729295,6,4.0577091901186675,11.758394892892667,6,0.0006353330599689928,0.0003886172549494474,6,0.0015130446896340528,0.0010131763943299632,6,-2.328275312396308,16.570044318433464,6,3.6709834782495867,16.33074218270499,6,0.0005196769606137572,0.00040226407743443007,6,0.0012674262529477822,0.0009068646091260584,6,24.00870905607286,4.307180265335593,6,23.108406237856688,6.319364254307163,6,0.0004791632712283133,0.0003552572677755389,6,0.0011879679772969747,0.0008093719825904668,6,28.275427622896412,1.2970643516334728,6,26.128267365919708,8.645793910511175,6,0.0004790612366774866,0.0003573703754644689,6,0.0012722737553051949,0.0009209123900277044,6,28.44970916583856,1.7225277526882012,6,22.107797796086974,5.935440750658014,6,0.0007949136691383422,0.0007935876361752861,6,0.0016648787271506295,0.0013356655841061252,6,-7.093031192600879,28.021291728132145,6,1.9931242790017014,12.329670789499975,6,0.00039196000757437305,0.0007682416148457712,0.0009709060283165849,0.0019029758155005062,0.00014395610267872218,0.00028215396125029545,0.00019744741620004397,0.0003869969357520862,0.00014473741728296362,0.00028368533787460865,0.0003854324160783039,0.0007554475355134757,10.870084985120702,21.305366570836576,5.132298406834904,10.059304877396412,0.00016562368071250348,0.0003246224141965068,0.00040443284024826564,0.0007926883668866007,4.702794331444816,9.21747688963184,4.80034461362245,9.408675442700002,0.00015865232997787113,0.00031095856675662743,0.00041362753092354825,0.0008107099606101545,6.7646922659109086,13.258796841185381,6.666997578095408,13.067315253067,0.0001642236219276291,0.000321878298978153,0.0003702259263578927,0.0007256428156614697,1.758398980042944,3.4464620008841704,2.579869653639344,5.056544521133114,0.00014503317224422656,0.0002842650175986841,0.0003304247282419056,0.000647632467354135,0.5295243041759842,1.037867636184929,3.5296305836690647,6.918075943991367,0.0001458958448457983,0.00028595585589776467,0.00037596090889580063,0.0007368833814357693,0.703219010311518,1.3783092602105753,2.4231335396056823,4.749341737627137,0.0003239807958018187,0.0006350023597715646,0.0005452831913427427,0.0010687550550317756,11.439644444599136,22.421703111414306,5.0335670217955935,9.865791362719364
sigmoid,iterative_dopt,5,highdim_smooth,Smooth,42.0,2.0,21,20,0.0033968622378279054,0.0009392594333406015,4,0.01566660008347435,0.005503722528293216,4,0.0015092883914162919,0.0006994811487950765,4,0.003284579092601517,0.0014118680852554665,4,0.007491619170053472,0.0020057722659091995,4,0.009787896327242206,0.0022368176168313337,4,-142.10421865750945,45.019148547002665,4,-51.359136193938156,28.69691256017749,4,0.006947742338959504,0.0015929451522781672,4,0.009945404271478058,0.001815136004604922,4,-127.43669924739211,49.879412250388114,4,-55.60533986032241,34.327549561819495,4,0.0038169672698627707,0.00220189215976916,4,0.007252287245545206,0.004398400018467283,4,-14.603009900913262,35.18862505112204,4,-2.149575081597261,29.64983232990266,4,0.0028570316645366092,0.0017594857456973436,4,0.006175031812922432,0.0037751226959993572,4,10.006972254431993,51.30784303713576,4,11.262760481427861,38.054614417318625,4,0.001510866888235643,0.0006976132177568477,4,0.0037172583638015845,0.0018998204431163884,4,54.53661407503206,1.6790884666435442,4,47.479116538290235,8.302507510168686,4,0.0015112732970306293,0.0006971669282778506,4,0.0037631614523201086,0.0020340904182241278,4,54.52234906745636,1.6624634998824546,4,47.06445321681462,12.590952721610623,4,0.005196300416420557,0.0017649143132786843,4,0.00867065341863256,0.00324126852240357,4,-75.90317751918252,96.74458058425233,4,-33.16123483268033,54.85504987098376,4,0.00046962971667030074,0.0009204742446737895,0.002751861264146608,0.005393648077727352,0.00034974057439753824,0.000685491525819175,0.0007059340426277332,0.001383630723550357,0.0010028861329545997,0.0019656568205910154,0.0011184088084156669,0.002192081264494707,22.509574273501332,44.118765576062614,14.348456280088746,28.12297430897394,0.0007964725761390836,0.001561086249232604,0.000907568002302461,0.0017788332845128235,24.939706125194057,48.88182400538035,17.163774780909748,33.64099857058311,0.00110094607988458,0.002157854316573777,0.0021992000092336413,0.004310432018097937,17.59431252556102,34.484852550099596,14.82491616495133,29.05683568330461,0.0008797428728486718,0.0017242960307833966,0.0018875613479996786,0.00369962024207937,25.65392151856788,50.281686176393045,19.027307208659312,37.29352212897225,0.00034880660887842387,0.0006836609534017108,0.0009499102215581942,0.0018618240342540605,0.8395442333217721,1.6455066973106733,4.151253755084343,8.136457359965313,0.0003485834641389253,0.0006832235897122936,0.0010170452091120639,0.0019934086098596453,0.8312317499412273,1.6292142298848054,6.295476360805312,12.33913366717841,0.0008824571566393421,0.0017296160270131105,0.001620634261201785,0.0031764431519554982,48.372290292126166,94.80968897256729,27.42752493549188,53.75794887356409
sigmoid,iterative_dopt,5,highdim_smooth,Smooth,63.0,3.0,21,20,0.0033968622378279054,0.0009392594333406015,4,0.01566660008347435,0.005503722528293216,4,0.0015092883914162919,0.0006994811487950765,4,0.0026555317264733954,0.0013093328400202867,4,0.008572456408612317,0.004484580652596745,4,0.009454476218048138,0.0021007274437810494,4,-218.66734975788836,16.795876429902343,4,-74.81495433293689,47.302667252183795,4,0.006099834730915556,0.0012003155162323427,4,0.008800965689353967,0.0016054176264583117,4,-160.72724510214968,84.49059895691715,4,-66.12045065964661,54.09219320222992,4,0.004881428494836784,0.0021415343300992895,4,0.0076474407687504836,0.002656385225413929,4,-100.47916508991972,66.40386483547256,4,-37.23417972695072,38.49175065689382,4,0.0038696285225174884,0.0017311578403639966,4,0.009117252272388576,0.0025308785318644716,4,-91.06921446442973,155.72539177034096,4,-92.04008135832888,129.9256276166053,4,0.0015070981335021086,0.0006937864612502932,4,0.003585694775696647,0.001847181146882885,4,42.34931069842028,2.8917194309127567,4,41.052376799215075,4.276161451046835,4,0.0015107194213028119,0.000693198603253415,4,0.003990881421017049,0.0018144939574235954,4,42.178190632378616,2.9255966386159296,4,32.78257253922774,1.4131224896992047,4,0.004207554271060211,0.0014174710355793014,4,0.007162529200945618,0.00236049772444838,4,-79.8940886504017,67.62258526553141,4,-32.159420833048664,42.32532570389765,4,0.00046962971667030074,0.0009204742446737895,0.002751861264146608,0.005393648077727352,0.00034974057439753824,0.000685491525819175,0.0006546664200101433,0.0012831461832198809,0.0022422903262983725,0.00439488903954481,0.0010503637218905247,0.0020587128949054283,8.397938214951171,16.459958901304297,23.651333626091898,46.356613907140115,0.0006001577581161713,0.0011763092059076958,0.0008027088132291558,0.0015733092739291454,42.24529947845858,82.80078697777881,27.04609660111496,53.01034933818532,0.0010707671650496448,0.0020987036434973036,0.0013281926127069645,0.0026032575209056505,33.20193241773628,65.07578753876311,19.24587532844691,37.72191564375594,0.0008655789201819983,0.0016965346835567166,0.0012654392659322358,0.0024802609612271822,77.86269588517048,152.61088393493415,64.96281380830266,127.3271150642732,0.0003468932306251466,0.0006799107320252873,0.0009235905734414425,0.0018102375239452272,1.4458597154563784,2.8338850422945017,2.1380807255234173,4.190638222025898,0.0003465993016267075,0.0006793346311883467,0.0009072469787117977,0.0017782040782751234,1.4627983193079648,2.867084705843611,0.7065612448496024,1.3848600399052207,0.0007087355177896507,0.0013891216148677154,0.00118024886222419,0.002313287769959412,33.811292632765706,66.27013356022078,21.162662851948824,41.478819189819696
sigmoid,iterative_dopt,5,highdim_smooth,Smooth,84.0,4.0,21,20,0.0033968622378279054,0.0009392594333406015,4,0.01566660008347435,0.005503722528293216,4,0.0015092883914162919,0.0006994811487950765,4,0.002377670718309693,0.0011793707782969442,4,0.006468910051096751,0.0020933339370373945,4,0.00837542139696975,0.0025192605207320514,4,-193.58689300915682,58.651909136177736,4,-67.2876236793224,30.046574557938744,4,0.006216409652689806,0.002014038441137664,4,0.008803574921067828,0.0016592733019385039,4,-181.87949020389436,55.10105716904353,4,-82.41970963981134,49.19670034372931,4,0.004868742243445132,0.0015291027472979423,4,0.0072219207974623875,0.0018884491581753814,4,-128.82080159743754,72.13529290584349,4,-46.407644523172685,32.33064293584942,4,0.0035236525713038826,0.0005731704948941022,4,0.007569684251382967,0.0015921535661415152,4,-78.62834654846105,90.95094685133981,4,-71.6556581541036,97.40009928391723,4,0.0015099754443615905,0.0006939443500347742,4,0.0034316785090788763,0.0012065494662865882,4,35.42671947601832,3.1802734665005477,4,32.28366167114814,15.481107911998121,4,0.0015128221765189891,0.0006965030057006878,4,0.003469289189718645,0.001645337522716776,4,35.331844317661464,3.0473186879439518,4,35.33083927915321,2.8094642997866073,4,0.0031860454992782817,0.0007758215544556983,4,0.005857355027521705,0.0017736730815692927,4,-53.20206489650032,61.571299937248575,4,-17.614726966032897,25.15629360325245,4,0.00046962971667030074,0.0009204742446737895,0.002751861264146608,0.005393648077727352,0.00034974057439753824,0.000685491525819175,0.0005896853891484721,0.0011557833627310052,0.0010466669685186972,0.0020514672582966466,0.0012596302603660257,0.0024688753103174104,29.325954568088868,57.47887095345418,15.023287278969372,29.44564306677997,0.001007019220568832,0.0019737576723149104,0.0008296366509692519,0.0016260878358997338,27.550528584521764,53.999036025662654,24.598350171864656,48.21276633685473,0.0007645513736489712,0.0014985206923519834,0.0009442245790876907,0.0018506801750118736,36.06764645292174,70.69258704772662,16.16532146792471,31.68403007713243,0.0002865852474470511,0.0005617070849962201,0.0007960767830707576,0.0015603104948186848,45.475473425669904,89.13192791431301,48.700049641958614,95.45209729823888,0.0003469721750173871,0.0006800654630340787,0.0006032747331432941,0.0011824184769608564,1.5901367332502738,3.1166679971705364,7.740553955999061,15.171485753758159,0.0003482515028503439,0.000682572945586674,0.000822668761358388,0.0016124307722624406,1.5236593439719759,2.986372314185073,1.4047321498933036,2.753275013790875,0.00038791077722784913,0.0007603051233665843,0.0008868365407846463,0.0017381996199379067,30.785649968624288,60.3398739385036,12.578146801626225,24.653167731187402
sigmoid,iterative_dopt,10,highdim_poly2,Quadratic,132.0,2.0,66,65,0.0019809739816065773,0.0005320001854342851,6,0.010881053582516871,0.0019437845938133044,6,0.001406101643927265,0.0003407998759353642,6,0.0026619937486784388,0.0006067343739446183,6,0.00191723938326486,0.00040168567412959686,6,0.002258940279488258,0.00046144237429985294,6,27.636554999450095,4.748456020639794,6,33.98519945976896,6.0690467680084605,6,0.001873485147903727,0.00044221646586922546,6,0.0023682675337434165,0.0003893781053559601,6,29.615738521381775,5.813664302691016,6,30.473881704444157,4.86631395627422,6,0.0019993009463393423,0.00045286833999689315,6,0.0026154404092430003,0.000582504499579315,6,24.729426184095075,7.5915307964001935,6,23.496808614995683,11.084636098050215,6,0.0014934757681235346,0.0003384030141625329,6,0.0020141434138057847,0.0005118397691377835,6,43.85726270369495,2.8601366671369655,6,41.59186555429965,4.621832945688416,6,0.0014127514269798973,0.00033975000262915134,6,0.0019323658041832538,0.00045930730931132167,6,46.97963097997303,2.560920039953658,6,43.6925195676024,6.512972139010023,6,0.0014118917684471887,0.00034350137023161036,6,0.0019461969298903252,0.0005392413204933867,6,47.041580859784,2.4085862365165123,6,43.7779368689826,3.640280343073209,6,0.002219216515066089,0.0004544875178542785,6,0.0026964184622770334,0.00046346032903044705,6,15.890459967740144,11.50697486030811,6,20.76482475563452,8.260591351136696,6,0.00021718816623000504,0.00042568880581080986,0.0007935467374542759,0.0015553516054103809,0.00013913096674090906,0.00027269669481218175,0.0002476982709285526,0.00048548861101996315,0.0001639874897672323,0.0003214154799437753,0.00018838306045550099,0.00036923079849278195,1.9385490527690339,3.7995561434273064,2.4776779677846874,4.856248816857987,0.00018053411620608253,0.00035384686776392175,0.00015896294585562867,0.0003115673738770322,2.373418512904394,4.651900285292612,1.9866643535093882,3.8938621328784007,0.00018488272560893913,0.00036237014219352067,0.00023780646614076335,0.00046610067363589614,3.099229469634148,6.07448976048293,4.525283737443026,8.86955612538833,0.00013815245201967248,0.00027077880595855803,0.00020895771074191843,0.0004095571130541601,1.167645904851677,2.288585973509287,1.8868553988868562,3.698236581818238,0.000138702357758444,0.00027185662120655024,0.00018751142382390383,0.0003675223906948515,1.0454912283257287,2.049162807518428,2.658909741589611,5.211463093515637,0.00014023384716904943,0.0002748583404513369,0.0002201443472389012,0.0004314829205882464,0.9833012134926559,1.9272703784456056,1.4861382268688426,2.9128309246629316,0.00018554375220117364,0.00036366575431430036,0.00018920688702449948,0.000370845498568019,4.697702815131436,9.207497517657615,3.372372297322129,6.609849702751373
sigmoid,iterative_dopt,10,highdim_poly2,Quadratic,198.0,3.0,66,65,0.0019809739816065773,0.0005320001854342851,6,0.010881053582516871,0.0019437845938133044,6,0.001406101643927265,0.0003407998759353642,6,0.002035898112878359,0.00047308462947185824,6,0.0019681170655807927,0.0003988568018571874,6,0.0022818324530741265,0.0005964261556553288,6,2.708838450983165,9.072516369316155,6,15.018928277190398,4.233624743579652,6,0.00166763435908009,0.0003792691563526283,6,0.002224008994358228,0.0005604667088858422,6,17.964253576604097,2.4310078785743023,6,16.980574150560866,4.5301762945901585,6,0.0017902658293535286,0.00045292572715312224,6,0.002357269018105663,0.0005002384314618392,6,12.24185917518682,5.586705664253838,6,11.587525804272685,4.01863019065375,6,0.0014549935640099348,0.0003499317953760338,6,0.0019758467320120164,0.000373376689963035,6,28.55248600972958,2.408019017642304,6,25.528170443790874,5.3296446469255345,6,0.0014221305249175478,0.0003438900554244683,6,0.0020029578832181823,0.0004926001759713427,6,30.17664776610287,2.6434535561765684,6,25.26962083643829,2.3424919658819303,6,0.001416287072003423,0.00034004419358710854,6,0.0019347502381992928,0.0004157593488272982,6,30.44424782351831,2.5647506997193528,6,27.094162901197308,7.968154404545655,6,0.0019064085571747812,0.00042479401276366516,6,0.002351882551267876,0.0004935605780178843,6,6.120582151282015,4.575662765543703,6,11.702971843701256,4.199190109998677,6,0.00021718816623000504,0.00042568880581080986,0.0007935467374542759,0.0015553516054103809,0.00013913096674090906,0.00027269669481218175,0.0001931359912266162,0.0003785465428041678,0.00016283260749808053,0.0003191519106962378,0.00024348995843422188,0.00047724031853107487,3.703839297978734,7.259525024038319,1.7283700640319035,3.387605325502531,0.00015483598470663208,0.00030347853002499886,0.0002288095757645527,0.00044846676849852324,0.9924548105321414,1.9452114286429971,1.84943672776635,3.624895986422046,0.00018490615381736424,0.0003624160614820339,0.00020422148446862018,0.0004002741095584955,2.28076303675641,4.470295552042563,1.6405989053408614,3.2155738544680883,0.00014285905724121614,0.0002800037521927836,0.00015243039537646486,0.00029876357493787114,0.9830696473569415,1.9268165088196052,2.1758183158872284,4.264603899138968,0.0001403925272345623,0.0002751693533797421,0.00020110317972249877,0.0003941622322560976,1.0791853952297035,2.1152033746502186,0.9563183404966319,1.8743839473733985,0.00013882246071409996,0.0002720920229996359,0.0001697330434031134,0.0003326767650701022,1.0470550886264223,2.0522279737077875,3.252985413807864,6.3758514110634135,0.00017342142951005073,0.0003399060018396994,0.00020149526221615736,0.00039493071394366844,1.8680065017723688,3.661292743473843,1.7143121837397208,3.360051880129853
sigmoid,iterative_dopt,10,highdim_poly2,Quadratic,264.0,4.0,66,65,0.0019809739816065773,0.0005320001854342851,6,0.010881053582516871,0.0019437845938133044,6,0.001406101643927265,0.0003407998759353642,6,0.0018262973654389813,0.0004291087234410665,6,0.0019216832342154376,0.00045460725504898014,6,0.0021811476577858033,0.0005921483701307363,6,-5.6516748886055845,10.455930067189787,6,10.879454450983408,5.707073238512033,6,0.0015958665863684263,0.00037233318319379014,6,0.0020415787733880633,0.0003830130867052098,6,12.568488860617643,1.4993943843024424,6,15.545537329118853,4.7631073006591755,6,0.0016316294565114386,0.00040645838473202077,6,0.0021781446421144345,0.0005945653483017661,6,10.838782941729912,2.230693780600175,6,11.139601285633617,4.339856714379441,6,0.0014507194321689218,0.0003640425956278839,6,0.0020595532209896116,0.0005197248357548372,6,20.73481356619023,1.7574112024380073,6,15.493078056114863,7.020187741246919,6,0.0014277731732262853,0.0003457964325871643,6,0.001984652621935977,0.0005499584350793378,6,21.8822932618536,2.169190212656619,6,18.98858820469808,4.52144486018885,6,0.0014207892225915402,0.0003380875328862753,6,0.001963586425714729,0.00041093544568716683,6,22.214341609763824,2.066481746047214,6,19.130329730504464,2.6403650081841303,6,0.001688620433277578,0.000471166617762032,6,0.0022322437345076475,0.0005379077333645761,6,8.104248446862009,4.096132555515975,6,8.50572750136606,3.108554089236235,6,0.00021718816623000504,0.00042568880581080986,0.0007935467374542759,0.0015553516054103809,0.00013913096674090906,0.00027269669481218175,0.000175182902767946,0.00034335848942517415,0.0001855926347062155,0.0003637615640241824,0.00024174355980683592,0.0004738173772213984,4.268615575139935,8.366486527274272,2.3299028931745998,4.566609670622215,0.00015200438552183317,0.000297928595622793,0.00015636443787268926,0.00030647429823047097,0.6121251941225886,1.1997653804802737,1.9445304127900538,3.8112796090685053,0.00016593594071155062,0.0003252344437946392,0.00024273028701324732,0.0004757513625459647,0.9106769224783932,1.7849267680576506,1.7717390845035244,3.472608605626908,0.00014861976732111098,0.0002912947439493775,0.0002121767757085243,0.00041586648038870763,0.7174601190373584,1.4062218333132224,2.865979644099423,5.617320102434869,0.0001411708024522123,0.0002766947728063361,0.00022451959094732106,0.00044005839825674926,0.8855681960080082,1.735713664175696,1.8458721345987181,3.6179093838134873,0.00013802365732796696,0.00027052636836281523,0.0001677636931927915,0.00032881683865787134,0.8436376400985538,1.6535297745931654,1.077924500791775,2.1127320215518792,0.00019235296622498996,0.0003770118138009803,0.00021959991257337967,0.00043041582864382415,1.6722391133027716,3.2775886620734322,1.2690618927451438,2.4873613097804816
sigmoid,iterative_dopt,10,highdim_smooth,Smooth,132.0,2.0,66,65,0.0029347288569569214,0.0006282474739355928,6,0.014175135731016706,0.0024281068657668195,6,0.002069469414096021,0.0002881768209886032,6,0.004516676954079853,0.0006506777262991091,6,0.006136881897074903,0.0013961848612447946,6,0.005356536326005852,0.0007610019048217805,6,-35.23652658127033,17.282873582224372,6,2.292875051668609,6.542466872231599,6,0.005904581868831402,0.0012111269529573344,6,0.005845622864689442,0.000804004029404135,6,-30.19858061403161,12.729426478918136,6,-6.904759598846211,9.591257920069973,6,0.005463038017521404,0.0021350535843996585,6,0.0062530275791109835,0.0027092540568124717,6,-19.143704990584542,39.212460378403456,6,-12.073074949201905,41.767699661583414,6,0.0021331124507409926,0.00027491492058260593,6,0.0026888845937980466,0.00022818652768836454,6,52.67099469046366,1.3389292095814287,6,50.4599636165976,6.2065407780862865,6,0.002066769131963205,0.0002869897363866972,6,0.0026403914513223868,0.00026868139491192954,6,54.20663854957681,0.92722268121451,6,51.43184080604149,5.808856120430024,6,0.002079584281784162,0.00029104764745713083,6,0.0025612105672803017,0.00047284235903922723,6,53.929442489507586,0.9996131971038147,6,53.25310453650857,6.031113268841315,6,0.0038493049526395957,0.00043202567209006665,6,0.004608516237532895,0.0005802389828511033,6,14.11305110082364,8.26875520733034,6,15.42556070642028,9.659143272071082,6,0.0002564809572224461,0.0005027026761559944,0.0009912704770128726,0.0019428901349452302,0.00011764769451990794,0.00023058948125901957,0.00026563806940452467,0.0005206506160328684,0.0005699900827747132,0.0011171805622384378,0.0003106777266832353,0.0006089283442991412,7.055703594246161,13.829179044722475,2.6709509160050073,5.235063795369815,0.0004944405080795392,0.0009691033958358969,0.00032823327053029563,0.0006433372102393794,5.196766598603761,10.18566253326337,3.915614649266553,7.674604712562444,0.0008716319758799037,0.0017083986727246111,0.0011060483371259772,0.002167854740766915,16.008419914365174,31.37650303215574,17.0515919834495,33.421120287561024,0.00011223354635085755,0.0002199777508476808,9.315675983565978e-05,0.00018258724927789317,0.5466155608637496,1.0713664992929492,2.5338096623479807,4.966266938202042,0.00011716306926054385,0.00022963961575066594,0.0001096887201522413,0.00021498989149839294,0.3785370744851432,0.7419326659908806,2.371455580716105,4.648052938203566,0.00011881970451790276,0.0002328866208550894,0.00019303708473666467,0.0003783526860838627,0.4080903788427489,0.7998571425317879,2.4621916815983877,4.82589569593284,0.00017637374206727117,0.00034569253445185146,0.00023688157280945366,0.00046428788270652915,3.375705177656777,6.616382148207283,3.943328728168544,7.728924307210346
sigmoid,iterative_dopt,10,highdim_smooth,Smooth,198.0,3.0,66,65,0.0029347288569569214,0.0006282474739355928,6,0.014175135731016706,0.0024281068657668195,6,0.002069469414096021,0.0002881768209886032,6,0.0033737502597471687,0.0004672652257093512,6,0.00556641691941769,0.0007223629007466033,6,0.005019594437247136,0.0005699936772347455,6,-65.70529808542818,13.02832488357557,6,-19.14530413429981,5.205335934530076,6,0.0047759766246034145,0.0008872070860578144,6,0.004668063630325896,0.000587823300480813,6,-40.76924114704985,9.037892873023464,6,-10.621015508978155,3.5374815491411087,6,0.004294472385126504,0.0008962085198565716,6,0.0044687366923708465,0.0007506688108607003,6,-26.826472775093368,16.334271982988998,6,-5.823583364399,11.759453783169832,6,0.0021215645220561984,0.00031239440765379404,6,0.002742512914990517,0.0005439799663907877,6,37.13212155790687,2.874409032011725,6,35.00736491367457,10.138874819575912,6,0.0020815199780301378,0.00028408109287683176,6,0.00279761130889151,0.0004722137814780381,6,38.26199761964808,1.8554724308198416,6,33.789996759468615,8.081020177979198,6,0.0020800797140778228,0.0002909406840548504,6,0.0028237877727435514,0.0004517084597241309,6,38.337148169308286,1.6907789117853496,6,32.819905451701466,9.712654637931578,6,0.003325494072184274,0.0006895850176356628,6,0.0036205828188033188,0.0007373299254480284,6,1.9545879982255923,11.485919701451868,6,14.664729880700607,10.53689079520659,6,0.0002564809572224461,0.0005027026761559944,0.0009912704770128726,0.0019428901349452302,0.00011764769451990794,0.00023058948125901957,0.00019076022958905374,0.00037389004999454533,0.000294903419324318,0.0005780107018756633,0.00023269894430629577,0.0004560899308403397,5.318791361327534,10.424831068201966,2.1250694965620185,4.165136213261556,0.00036220077617052815,0.0007099135212942352,0.0002399778575161176,0.0004703566007315905,3.689704314807361,7.231820457022427,1.4441707949843157,2.830574758169259,0.0003658755961305944,0.000717116168415965,0.0003064592587384219,0.0006006601471273069,6.668438613027033,13.070139681532984,4.800776903767891,9.409522731385065,0.00012753448287513254,0.00024996758643525976,0.00022207889132562877,0.0004352746269982324,1.173472573412674,2.3000062438888413,4.1391783123189745,8.11278949214519,0.00011597562052007247,0.00022731221621934204,0.00019278046902188528,0.0003778497192828951,0.7574934478850287,1.4846871578546563,3.29906267286399,6.46616283881342,0.00011877603689177958,0.00023280103230788796,0.00018440920647044116,0.00036144204468206465,0.6902576002887196,1.3529048965658905,3.9651746518014774,7.7717423175308955,0.00028152190457925223,0.0005517829329753344,0.0003010136815720052,0.0005899868158811302,4.68910708252293,9.190649881744942,4.301667653947505,8.43126860173711
sigmoid,iterative_dopt,10,highdim_smooth,Smooth,264.0,4.0,66,65,0.0029347288569569214,0.0006282474739355928,6,0.014175135731016706,0.0024281068657668195,6,0.002069469414096021,0.0002881768209886032,6,0.0029295266102849723,0.00039307379536112497,6,0.004742077657218609,0.0005727927760234155,6,0.004413816992777197,0.0005480326983468274,6,-62.22803177643896,6.500090287240209,6,-19.446664295887956,6.819531173096473,6,0.004441452231398854,0.0009450985691586053,6,0.004413564834163833,0.0010127317125259126,6,-50.33246577284388,16.287811426704504,6,-17.744923401792118,12.362166332865263,6,0.004149885057168197,0.0004717936160596612,6,0.004320792089620673,0.0005904112791008142,6,-42.17818413665025,8.789280033899248,6,-16.73842313917054,6.750186935629005,6,0.0021030707780580167,0.0002940407695844771,6,0.0027404227798778374,0.00035950982238056007,6,28.254002067500462,1.6445913927870732,6,25.92937601147219,3.873917928537569,6,0.0020888084746412123,0.00028698366530914647,6,0.0027796164972207307,0.0006692606316525202,6,28.71804784430826,1.8021841345707204,6,25.819870058467185,9.78021089454471,6,0.002078990540748448,0.00028345403842702614,6,0.002703091137539549,0.0003767835469720919,6,29.045356308453062,1.7888198501140826,6,26.95088653489549,4.37525364962586,6,0.0028731720853119556,0.0004942185235969717,6,0.003465661375263699,0.00047658454481496295,6,2.272681053363564,6.294000080437473,6,6.060650080662718,9.239022939395841,6,0.0002564809572224461,0.0005027026761559944,0.0009912704770128726,0.0019428901349452302,0.00011764769451990794,0.00023058948125901957,0.0001604717049823216,0.00031452454176535035,0.0002338416716016098,0.0004583296763391552,0.00022373341221839022,0.00043851748794804485,2.6536507476265756,5.201155465348088,2.7840619431816576,5.456761408636049,0.00038583487517884367,0.0007562363553505336,0.00041344599033724425,0.0008103541410609987,6.649471170349888,13.03296349388578,5.046833271822167,9.891793212771447,0.00019260893720812085,0.00037751351692791687,0.0002410343953634901,0.0004724274149124406,3.588208548247532,7.032888754565163,2.7557522767820437,5.401274462492806,0.00012004164150954144,0.00023528161735870121,0.00014676927039183071,0.0002876677699679882,0.6714016246169061,1.315947184249136,1.5815203717227722,3.099779928576633,0.00011716059075351248,0.00022963475787688448,0.0002732245087469065,0.0005355200371439367,0.7357385920395931,1.4420476403976026,3.992754378073927,7.8257985810248964,0.00011571962661291156,0.00022681046816130666,0.00015382123892626717,0.0003014896282954837,0.7302826457568979,1.43135398568352,1.7861898228055348,3.500932052698848,0.00020176386737403806,0.0003954571800531146,0.00019456482568220695,0.00038134705833712564,2.569514773018015,5.036248955115309,3.7718153205647673,7.392758028306944
sigmoid,iterative_dopt,20,highdim_poly2,Quadratic,462.0,2.0,231,230,0.004283373378656572,0.00039689473151056123,4,0.038312762026004754,0.0008697001196120937,4,0.006454692176663825,0.0002845361169536348,4,0.009769024587359232,0.0003882813609998682,4,0.007771972824985864,0.00042466144058998415,4,0.0051850542127767985,0.00021550365087720142,4,20.461810280481807,2.067294163204479,4,19.84014874995443,1.7136507484792256,4,0.007607357229522056,0.000630574594257687,4,0.005057719185764754,0.0003784770597185144,4,22.205386600164154,3.805638211982372,4,21.924064175683814,1.6626166171886327,4,0.007960855238099165,0.0006473779795951875,4,0.005341865155656384,0.0004824531287637058,4,18.604950774660377,3.5413036716390427,4,17.556520210563747,3.8536754727046945,4,0.006774029575566672,0.0003162391750121531,4,0.004461550002366707,0.0003729585267500127,4,30.66795142064222,1.0225119334969053,4,31.157331115356584,1.5558885351940386,4,0.006481168637516792,0.00026388555722663403,4,0.004506810063232618,0.0002304532809794085,4,33.65051033913345,1.0678015137461347,4,30.35627683023589,0.980754999624762,4,0.006492808406870469,0.00027063832385713915,4,0.004398096076283712,0.0002927885955172969,4,33.53222798777388,1.1488723212858885,4,32.068622394122826,1.7538717281296805,4,0.008837525233848259,0.000605815828129012,4,0.005625717485527611,0.000381166146979538,4,9.576023188741088,3.7787418277549123,4,13.035000467562352,5.010100079860905,4,0.00019844736575528061,0.00038895683688035,0.00043485005980604686,0.0008523061172198518,0.0001422680584768174,0.0002788453946145621,0.0001941406804999341,0.00038051573377987085,0.00021233072029499208,0.00041616821177818447,0.00010775182543860071,0.00021119357785965738,1.0336470816022394,2.025948279940389,0.8568253742396128,1.6793777335096411,0.0003152872971288435,0.0006179631023725332,0.0001892385298592572,0.0003709075185241441,1.902819105991186,3.729525447742725,0.8313083085943164,1.62936428484486,0.00032368898979759375,0.0006344304200032837,0.0002412265643818529,0.00047280406618843164,1.7706518358195213,3.4704775982062617,1.9268377363523472,3.7766019632506005,0.00015811958750607655,0.00030991439151191,0.00018647926337500635,0.00036549935621501243,0.5112559667484526,1.0020616948269672,0.7779442675970193,1.5247707644901578,0.00013194277861331701,0.00025860784608210135,0.00011522664048970425,0.00022584421535982034,0.5339007568730674,1.046445483471212,0.490377499812381,0.9611398996322668,0.00013531916192856958,0.0002652255573799964,0.00014639429775864846,0.000286932823606951,0.5744361606429442,1.1258948748601707,0.8769358640648403,1.7187942935670868,0.000302907914064506,0.0005936995115664317,0.000190583073489769,0.00037354282403994726,1.8893709138774561,3.703166991199814,2.5050500399304525,4.909898078263687
sigmoid,iterative_dopt,20,highdim_poly2,Quadratic,693.0,3.0,231,230,0.004283373378656572,0.00039689473151056123,4,0.038312762026004754,0.0008697001196120937,4,0.006454692176663825,0.0002845361169536348,4,0.007996741199438027,0.00036616675009094597,4,0.007103910380572511,0.0004139272579425946,4,0.0047006981433992834,0.0005206369610423481,4,11.198618200049255,1.4674871126574238,4,12.46362471987577,4.148053834597592,4,0.0070740197702666,0.0004104056487380509,4,0.004812428075295428,0.0003306468275987094,4,11.566043560942926,1.8261628429721128,4,10.189975836322681,2.2703228750646223,4,0.006971385275028465,0.0003987041564999489,4,0.004590267005178206,0.00026832951234166994,4,12.853650033475086,1.2024212034689534,4,14.307732603479009,1.2292436283816046,4,0.006631273136327695,0.00028744209846532097,4,0.004616031440954724,0.0003240132354775474,4,17.05946199500481,1.523198040505182,4,13.851290074377976,2.3947102899356776,4,0.006513821924197029,0.0002752494169858021,4,0.004380674190629197,0.00019263847403139746,4,18.533582153678026,0.5002623602102794,4,18.156230260096784,2.2960052151227157,4,0.006501959430243281,0.0002754456607740914,4,0.0044027352505727835,0.0003370734686643072,4,18.680467812563258,0.8123166955645029,4,17.865775059018446,2.4041093577017776,4,0.007534800642513328,0.0003395004080103663,4,0.005095480329798435,0.0004626369711494817,4,5.7092471603081165,4.16192486203826,4,4.955102894606744,5.215618407998878,4,0.00019844736575528061,0.00038895683688035,0.00043485005980604686,0.0008523061172198518,0.0001422680584768174,0.0002788453946145621,0.00018308337504547299,0.00035884341508912704,0.0002069636289712973,0.0004056487127837427,0.00026031848052117406,0.0005102242218215011,0.7337435563287119,1.4381373704042753,2.074026917298796,4.06509275790564,0.00020520282436902544,0.0004021975357632899,0.0001653234137993547,0.0003240338910467352,0.9130814214860564,1.7896395861126706,1.1351614375323111,2.2249164175633296,0.00019935207824997445,0.0003907300733699499,0.00013416475617083497,0.0002629629220948365,0.6012106017344767,1.1783727793995744,0.6146218141908023,1.2046587558139725,0.00014372104923266048,0.00028169325649601455,0.0001620066177387737,0.00031753297076799646,0.761599020252591,1.4927340796950783,1.1973551449678388,2.346816084136964,0.00013762470849290105,0.00026974442864608606,9.631923701569873e-05,0.00018878570455076952,0.2501311801051397,0.4902571130060738,1.1480026075613579,2.2500851108202613,0.0001377228303870457,0.00026993674755860955,0.0001685367343321536,0.00033033199929102103,0.40615834778225146,0.7960703616532129,1.2020546788508888,2.356027170547742,0.00016975020400518314,0.00033271039985015896,0.00023131848557474084,0.00045338423172649203,2.08096243101913,4.078686364797495,2.607809203999439,5.111306039838901
sigmoid,iterative_dopt,20,highdim_poly2,Quadratic,924.0,4.0,231,230,0.004283373378656572,0.00039689473151056123,4,0.038312762026004754,0.0008697001196120937,4,0.006454692176663825,0.0002845361169536348,4,0.0074450581968506626,0.00030926583693024177,4,0.0068672721577654906,0.0003740056927391313,4,0.004705759409287678,0.0005620126896979137,4,7.786549480082648,2.0832067453327663,4,6.35315716334811,5.7696439235917785,4,0.006812893212261542,0.00038837453850980086,4,0.0045403014926787295,0.00042569646190784074,4,8.532562648530783,1.555593357570688,4,9.463989103944494,5.674552217280313,4,0.00678302003396678,0.00032491158008063673,4,0.004492738464359415,0.0005063422823606889,4,8.90980275300743,0.6428341358099388,4,10.534226865050734,5.22456006677626,4,0.006578843604985491,0.00027245226719643963,4,0.0044144362573777214,0.000288072962521715,4,11.632064586795567,0.8289609761430985,4,11.890303178519776,3.5283238018205516,4,0.0065085814950089395,0.0002747448627916194,4,0.004316398200417685,0.0004810924761427435,4,12.579288600643537,0.5764227599923313,4,14.042293134675507,5.466028505179777,4,0.006488102295697373,0.0002838507029544926,4,0.0043920704743782915,0.00042054938679286807,4,12.859169326257994,0.40478727260996944,4,12.474142601852087,4.390803892981186,4,0.00706883699116306,0.00036358215694944036,4,0.004638835239830851,0.00032907768941712977,4,5.080887767268717,0.9808245286375173,4,7.3933957650094015,5.117217241735893,4,0.00019844736575528061,0.00038895683688035,0.00043485005980604686,0.0008523061172198518,0.0001422680584768174,0.0002788453946145621,0.00015463291846512089,0.00030308052019163695,0.00018700284636956566,0.0003665255788843487,0.00028100634484895683,0.0005507724359039553,1.0416033726663831,2.0415426104261107,2.8848219617958892,5.654251045119943,0.00019418726925490043,0.00038060704773960484,0.00021284823095392037,0.0004171825326696839,0.777796678785344,1.524481490419274,2.8372761086401566,5.561061172934707,0.00016245579004031837,0.000318413348479024,0.00025317114118034444,0.0004962154367134751,0.3214170679049694,0.62997745309374,2.61228003338813,5.120068865440735,0.00013622613359821981,0.00026700322185251084,0.0001440364812608575,0.0002823115032712807,0.41448048807154925,0.8123817566202365,1.7641619009102758,3.4577573257841405,0.0001373724313958097,0.000269249965535787,0.00024054623807137176,0.00047147062661988866,0.28821137999616564,0.5648943047924846,2.7330142525898884,5.356707935076181,0.0001419253514772463,0.00027817368889540274,0.00021027469339643403,0.0004121383990570107,0.20239363630498472,0.39669152715777006,2.195401946490593,4.302987815121562,0.00018179107847472018,0.0003563105138104515,0.00016453884470856488,0.00032249613562878714,0.4904122643187587,0.961208038064767,2.5586086208679464,5.014872896901175
sigmoid,iterative_dopt,20,highdim_smooth,Smooth,462.0,2.0,231,230,0.0025236396081796254,0.0009583078597034285,6,0.007253096364685224,0.007067352017458168,6,0.00353387628141846,0.0014542680617392204,6,0.006559613118284082,0.002745727853902077,6,0.006333470417357341,0.0019936479884570604,6,0.003708907506415131,0.0011944968536632633,6,0.03341752535393727,10.288063608374388,6,11.195770053837933,7.9659243393448635,6,0.006093068686025727,0.0020838551510517973,6,0.0035363929227334536,0.0011507091660358452,6,4.811277421057848,13.642101376439355,6,15.371303337252698,8.417825306982152,6,0.006182635820162548,0.002586182116594996,6,0.004216644163979482,0.0019019276162165087,6,5.316688103122076,10.481670743343967,6,2.709685706754186,10.601922399129087,6,0.0037348510846868794,0.0015186255278085905,6,0.0023791380133398013,0.0010452617307507499,6,42.79952507706432,2.5052381489127646,6,44.9248316970809,5.080871562749572,6,0.0035699999622582006,0.0014633077719011123,6,0.0021250854082017945,0.0006923067543640589,6,45.41306929884712,2.3346823863362736,6,49.1141789481837,5.339867769714819,6,0.0035658825066244948,0.0014675403994897588,6,0.0024300551761272733,0.0009574045864772371,6,45.4839832782503,2.2864724235056593,6,43.138256636974035,2.8495593057907085,6,0.005262011624626369,0.0019487833046376614,6,0.003566558498316741,0.0013590673136854895,6,18.07254034798766,6.570218072507622,6,15.836349986620599,4.5488229734273515,6,0.0003912275454620082,0.000766805989105536,0.002885234379233631,0.0056550593832979165,0.0005937024500812324,0.0011636568021592155,0.0011209387024345345,0.0021970398567716875,0.0008139033830743143,0.001595250630825656,0.00048765129847249045,0.0009557965450060812,4.200084380302326,8.232165385392559,3.2520749935020183,6.374066987263956,0.0008507303029912114,0.0016674313938627742,0.00046977504985523135,0.0009207590977162534,5.5693645652660795,10.915954547921515,3.4365627909989067,6.735663070357857,0.001055804427928122,0.002069376678739119,0.0007764586979063999,0.001521859047896544,4.279124162175263,8.387083357863515,4.328216695074987,8.483304722346976,0.0006199762755826388,0.001215153500141972,0.00042672631466629236,0.000836383576745933,1.022759191498489,2.0046080153370385,2.074257129558969,4.065543973935579,0.0005973928963011136,0.0011708900767501825,0.0002826330489457126,0.0005539607759335967,0.953130092997876,1.8681349822758369,2.179991888289156,4.272784101046745,0.0005991208592783486,0.0011742768841855632,0.00039085878571159377,0.0007660832199947238,0.9334484580889513,1.8295589778543444,1.1633277151644492,2.2801223217223203,0.000795587452602843,0.0015593514071015721,0.0005548369074374159,0.001087480338577335,2.682280296076014,5.257269380308987,1.8570492025244627,3.639816436947947
sigmoid,iterative_dopt,20,highdim_smooth,Smooth,693.0,3.0,231,230,0.0025236396081796254,0.0009583078597034285,6,0.007253096364685224,0.007067352017458168,6,0.00353387628141846,0.0014542680617392204,6,0.005030921923465292,0.002089123658448611,6,0.005360734047296826,0.0018208624822621854,6,0.0032005849187606086,0.0012091376818582538,6,-9.174585205253969,9.338997667537022,6,2.9071473772288843,5.980377883000726,6,0.0051376918442569515,0.0018712251434214152,6,0.0030827303799940316,0.0011061968531468536,6,-3.651491957971825,8.079590979521624,6,5.925089616324378,8.802521828437092,6,0.004965652021933561,0.0017540600853695133,6,0.003281303477787385,0.0013962753597380904,6,-0.75530800116048,6.333551617518238,6,1.62393881503772,8.341247676835756,6,0.003641465284799789,0.0014635010319964867,6,0.002470303320153085,0.0011721093294465516,6,27.275454340266776,1.8221544389219106,6,26.92341937705002,9.363259722494014,6,0.003583658643826678,0.0014581815518030323,6,0.002306249702709376,0.0009193818503459241,6,28.555138676847047,1.377180354667091,6,30.234891322419603,4.556891407541688,6,0.0035893849025127413,0.001461614542599859,6,0.0021579647140951776,0.0010028993177706358,6,28.452713547218703,1.4081676212524659,6,35.92519176127781,5.606204404489568,6,0.004823745972260975,0.0017920843626316246,6,0.0031625111517433247,0.0009985755377891143,6,2.3615125362350553,10.711488152278847,6,1.4236895474146216,13.431448412872014,6,0.0003912275454620082,0.000766805989105536,0.002885234379233631,0.0056550593832979165,0.0005937024500812324,0.0011636568021592155,0.0008528811621292568,0.0016716470777733434,0.0007433639955533233,0.0014569934312845137,0.0004936283915540704,0.0009675116474459779,3.812629832417994,7.472754471539268,2.4414790470629426,4.785298932243367,0.0007639244658747897,0.0014972919531145879,0.0004516029742137079,0.0008851418294588675,3.298479205036952,6.465019241872425,3.5936144882302807,7.04348439693135,0.0007160920312230015,0.001403540381197083,0.0005700270286298909,0.001117252976114586,2.5856616204164555,5.067896776016252,3.405300104403867,6.674388204631579,0.000597471794404665,0.0011710447170331434,0.00047851162998329956,0.0009378827947672671,0.7438914346510096,1.4580272119159787,3.822534774877326,7.492168158759559,0.0005953001257095309,0.0011667882463906806,0.00037533606868722674,0.0007356586946269644,0.5622315254532565,1.1019737898883828,1.8603431269583608,3.646272528838387,0.0005967016383335135,0.0011695352111336865,0.0004094319319872366,0.0008024865866949838,0.5748820240628838,1.1267687671632522,2.2887233641238454,4.485897793682737,0.0007316153774113823,0.0014339661397263094,0.0004076667562014386,0.0007990268421548196,4.3729467264917625,8.570975583923854,5.483365853008566,10.747397071896788
sigmoid,iterative_dopt,20,highdim_smooth,Smooth,924.0,4.0,231,230,0.0025236396081796254,0.0009583078597034285,6,0.007253096364685224,0.007067352017458168,6,0.00353387628141846,0.0014542680617392204,6,0.00454616508590791,0.0018631888763670445,6,0.004836744500932653,0.0016728221899640786,6,0.0030512828091618024,0.001270124727582308,6,-8.797541603870675,7.464797984968679,6,-2.2174988122962307,7.397042336680876,6,0.004791404094321434,0.0017477140812630963,6,0.0030160697803762932,0.0011298892080914577,6,-6.992595051114953,5.8571003637374055,6,-2.187967125967418,4.278748691121033,6,0.004550346112969222,0.0015985159726097614,6,0.0029547890481147715,0.001179669202556004,6,-2.3477371299515117,8.120814515399724,6,0.322524860972315,6.7908743853275375,6,0.00363727779583523,0.0014813909565416456,6,0.0025175320677798857,0.0011321399840610747,6,19.89714188784671,1.0473666388651273,6,17.22400520557136,8.043115584957716,6,0.0035879578425438486,0.0014536729511668658,6,0.002462772934603837,0.0012705464374635504,6,20.910352146349858,0.9554428733736181,6,19.999164546509487,11.94641601084158,6,0.003587463619511243,0.0014561716987421178,6,0.002443185512089869,0.00116369984065811,6,20.94181208969179,1.0790379103249412,6,19.998581088951344,6.509841028674939,6,0.004422767693705838,0.001661952285783742,6,0.0029490593720263285,0.001242101016821952,6,0.8226143896305818,12.310266210744086,6,1.2849715281458292,11.789435816854489,6,0.0003912275454620082,0.000766805989105536,0.002885234379233631,0.0056550593832979165,0.0005937024500812324,0.0011636568021592155,0.0007606436735881318,0.0014908616002327383,0.0006829267993028506,0.0013385365266335872,0.000518526248711357,0.0010163114474742597,3.047491016021553,5.973082391402244,3.0198298884387866,5.918866581340022,0.0007135012858952801,0.001398462520354749,0.00046127533761690566,0.000904099661729135,2.391151210571066,4.686656372719289,1.7467918384746532,3.42371200341032,0.0006525914130971145,0.0012790791696703444,0.0004815979352563572,0.0009439319531024602,3.3153086430860617,6.498004940448681,2.772362858564804,5.433831202787015,0.0006047753255167536,0.0011853596380128372,0.0004621942130587189,0.000905900657595089,0.4275856398055704,0.838067854018918,3.2835881875622417,6.4358328476219935,0.0005934594972074317,0.0011631806145265661,0.0005186984110494459,0.0010166488856569141,0.3900579196906608,0.7645135225936951,4.877103913596197,9.559123670648546,0.000594479606633329,0.0011651800290013248,0.00047507847056174325,0.0009311538023010167,0.4405153822358564,0.8634101491822785,2.6576314711480595,5.208957683450197,0.0006784891795037222,0.0013298387918272954,0.0005070856167009879,0.0009938878087339363,5.02564513569133,9.850264465955007,4.813017017764282,9.433513354817993
softplus,gpu_geometry,5,highdim_poly3,Sparse cubic,42.0,2.0,21,20,0.0018815466260381772,0.0005940468167357091,6,0.02187426930738515,0.0033429488969094856,6,0.0006736447400119836,0.0001933826948611779,6,0.0015396352856590452,0.0004645786396122915,6,0.002825056286677324,0.0009032279078864437,6,0.004478167145338732,0.0015491655888248428,6,-82.54382810116763,11.513936318677167,6,-17.270163791928894,17.211368847460673,6,0.0021122151869420788,0.0007131088852940338,6,0.0036113347748910805,0.001254706523109969,6,-38.32516331219448,21.42834819462283,6,5.262669741492821,10.043686493424396,6,0.0019283289093617953,0.0005884176372456416,6,0.004351021921869526,0.0012717847227288828,6,-26.370868384133846,15.35822925421809,6,-16.542806210241007,18.339089121730957,6,0.0007121440764502628,0.00021815032892796046,6,0.0019030158506386753,0.0006276505048644394,6,53.80587986654225,1.6380988867472688,6,50.35464632321044,1.3854790720549526,6,0.0006746997297100164,0.00019417269247547756,6,0.0018594292213209025,0.0005211266671963229,6,55.97388364572229,1.21211482984455,6,50.415046370685964,5.2688074103441425,6,0.0006772127242837799,0.00019423714798587813,6,0.001851647871898697,0.0005736505411192832,6,55.801032550207715,1.1187904295958306,6,51.21355596334585,2.653877100581792,6,0.0022530001486258814,0.0007131473316914637,6,0.003982573584929047,0.0016507978245290775,6,-56.35843854924343,56.27729371849246,6,-5.6525325486443165,26.392160480687256,6,0.000242518597387853,0.0004753364508801919,0.0013647531722713543,0.0026749162176518543,7.894815458237075e-05,0.00015473838298144668,0.00018966343540774514,0.00037174033339918046,0.0003687412492938922,0.0007227328486160287,0.0006324442032831859,0.0012395906384350442,4.700544818609738,9.213067844475086,7.026511908518809,13.771963340696866,0.0002911254833358803,0.0005706059473383254,0.0005122317930935023,0.0010039743144632644,8.748086517919177,17.146249575121587,4.100317840895501,8.036622968155182,0.0002402204944843187,0.0004708321691892646,0.0005192039388921245,0.001017639720228564,6.269970837586626,12.289142841669786,7.486901782611091,14.674327493917739,8.905949884896927e-05,0.00017455661774397978,0.000256237245619688,0.0005022250014145884,0.6687510701253296,1.3107520974456461,0.5656194626398937,1.1086141467741917,7.927066975787913e-05,0.00015537051272544307,0.00021274907099802935,0.0004169881791561375,0.4948438071299338,0.9698938619746702,2.1509816180563295,4.2159239713904055,7.929698360981112e-05,0.0001554220878752298,0.00023419185273561733,0.00045901603136180993,0.4567442802698288,0.8952187893288643,1.0834407894137101,2.1235439472508717,0.0002911411790119056,0.0005706367108633349,0.00067393538976546,0.0013209133639403017,22.975108952507245,45.0312135469142,10.7745543978885,21.118126619861457
softplus,gpu_geometry,5,highdim_poly3,Sparse cubic,63.0,3.0,21,20,0.0018815466260381772,0.0005940468167357091,6,0.02187426930738515,0.0033429488969094856,6,0.0006736447400119836,0.0001933826948611779,6,0.0012259005477165182,0.0003809008109677189,6,0.0026129070629175902,0.0009692543281727493,6,0.0034580913578470943,0.001042071956020316,6,-108.91492124686731,20.747112083535022,6,-11.982311145905298,6.03497572642267,6,0.0018040423219329539,0.0003386191875469896,6,0.003458197788724092,0.0008845881889081745,6,-53.82248507060359,26.288516406281623,6,-14.093681799891703,13.299336707868573,6,0.0017312560938783804,0.0004936120206755489,6,0.003385414306548576,0.0010971915308868802,6,-43.08727912379765,11.978653418768207,6,-8.86694833809827,6.829283045682683,6,0.0007325071375673737,0.00022974624150902588,6,0.0019121362746196456,0.0005623409483517525,6,40.210076722439105,2.811607975375446,6,37.644307274973215,7.540788108626251,6,0.0006808843542113045,0.00019749749520011156,6,0.0018196365243480347,0.0005023492121578642,6,43.989383898443805,2.7157672795469114,6,40.056544704474675,7.835596561570393,6,0.0006783628524260063,0.00019761311377857152,6,0.0017685826149040202,0.00045626765309071167,6,44.22503752152246,2.5575077682232292,6,41.50896673656879,8.220114619198865,6,0.0017610971229953737,0.0007729459087821242,6,0.0035039484465232136,0.001303681227928007,6,-40.779438005553054,30.143563047349783,6,-12.426115110424627,18.402330292268154,6,0.000242518597387853,0.0004753364508801919,0.0013647531722713543,0.0026749162176518543,7.894815458237075e-05,0.00015473838298144668,0.0001555021049138703,0.0003047841256311858,0.000395696422501225,0.000775564988102401,0.0004254240945856279,0.0008338312253878306,8.469973040165328,16.601147158724043,2.463768523302965,4.828986305673811,0.00013824070443432075,0.00027095178069126865,0.000361131615886287,0.0007078179671371226,10.732241881695689,21.03519408812355,5.429431475290645,10.641685691569664,0.00020151626359320586,0.00039497187664268345,0.00044792656679599764,0.0008779360709201553,4.890264780271229,9.584918969331609,2.788043128493799,5.464564531847846,9.379351033655763e-05,0.00018383528025965295,0.00022957473082243048,0.0004499664724119637,1.1478341494015891,2.2497549328271145,3.078513854096894,6.033887154029912,8.062801478634054e-05,0.00015803090898122745,0.0002050832070793165,0.00040196308587546036,1.1087073491727226,2.1730664043785364,3.1988689010256364,6.2697830460102475,8.067521587334269e-05,0.00015812342311175167,0.00018627048936824196,0.00036509015916175424,1.0440981742251831,2.046432421481359,3.355847740704945,6.577461571781693,0.00031555384588133925,0.0006184855379274249,0.0005322256326114387,0.0010431622399184198,12.306058082570223,24.119873841837638,7.512719882369835,14.724930969444875
softplus,gpu_geometry,5,highdim_poly3,Sparse cubic,84.0,4.0,21,20,0.0018815466260381772,0.0005940468167357091,6,0.02187426930738515,0.0033429488969094856,6,0.0006736447400119836,0.0001933826948611779,6,0.0010707985096090515,0.0003197035594466037,6,0.0021589052770447192,0.0006819457175389682,6,0.003064353119987951,0.0008775851898598369,6,-100.49075915089111,9.14570960986978,6,-12.449121877316301,6.647947646927478,6,0.0018068865603357565,0.00024385504527195455,6,0.0032190047675083656,0.0007874176719619288,6,-78.20316458663228,38.74288803092624,6,-20.28483260081791,15.108313744649443,6,0.0017935968362308978,0.0005217925604431531,6,0.00316887849913337,0.0009174190342575688,6,-68.83518293197423,16.969958546285863,6,-16.031991301790967,7.81044994720349,6,0.0007170496491127901,0.00022032157979130798,6,0.0018902872112748692,0.0005936850693292935,6,33.18293566591064,2.8847218369059684,6,31.067129117927237,5.299697877522185,6,0.0006812936263372164,0.00019574622231127925,6,0.0019033161749728654,0.0005570593393857197,6,36.12593390687521,2.5736534085488487,6,29.866641986460774,7.220244355616195,6,0.0006772490936429957,0.00019773846243756235,6,0.001858115156174053,0.0005225100462170189,6,36.60274963026883,2.3705930089391893,6,31.586823560101625,6.717453257867343,6,0.0013364613615427874,0.00042593546587745007,6,0.002595965345762222,0.0008231027620510333,6,-25.19515316807778,17.02995764151349,6,5.356281891919078,11.199777713825771,6,0.000242518597387853,0.0004753364508801919,0.0013647531722713543,0.0026749162176518543,7.894815458237075e-05,0.00015473838298144668,0.00013051843159928798,0.00025581612593460445,0.0002784031733744362,0.000545670219813895,0.0003582726534966831,0.0007022144008534989,3.7337203133082615,7.318091814084192,2.714013261951404,5.319465993424752,9.955340535326338e-05,0.00019512467449239623,0.00032146191845949237,0.000630065360180605,15.816717806258499,31.000766900266658,6.16794325804482,12.089168785767848,0.0002130209207776792,0.0004175210047242512,0.00037453475237466066,0.0007340881146543349,6.927956565763826,13.578794868897099,3.1886028386993943,6.249661563850813,8.994590830209908e-05,0.0001762939802721142,0.0002423709146276041,0.000475046992670104,1.1776827583806364,2.3082582064260473,2.1635925984733952,4.240641493007854,7.991306062333905e-05,0.00015662959882174453,0.00022741852299114896,0.000445740305062652,1.0506896042865617,2.059351624401661,2.9476524149116683,5.77739873322687,8.072638924908763e-05,0.00015822372292821177,0.00021331383311829204,0.0004180951129118524,0.9677905432850092,1.8968694648386182,2.7423888087952504,5.375082065238691,0.00017388742579239807,0.0003408193545531002,0.0003360302954834182,0.0006586193791474997,6.952451093819883,13.626804143886972,4.572290105244644,8.961688606279502
softplus,gpu_geometry,5,highdim_poly4,Sparse quartic,42.0,2.0,21,20,0.003946633744159127,0.0002555897717345923,6,0.03135192511052188,0.00128047856046743,6,0.0013317907635826927,7.655630104479469e-05,6,0.0029590426945925135,0.00013115942303338528,6,0.0067487882085223395,0.0009880465832578101,6,0.008315787030378734,0.0005333512024015315,6,-127.47457794549781,26.636147866721313,6,-15.26471939390751,9.671636153227883,6,0.0059146325665105975,0.0011867348375856708,6,0.010790718715039662,0.0022276642986971576,6,-99.15240461096194,34.5582919025229,6,-48.38685916519154,25.586461620127555,6,0.004144194333343264,0.0008345532354884914,6,0.008076971908732378,0.0018891327244761735,6,-40.011665634919154,27.354164356036023,6,-11.091926543710452,22.462133211489302,6,0.0014213701162313413,7.063202867006358e-05,6,0.003615913577912508,0.0005292929857015957,6,51.94926311065144,1.8052407558225037,6,50.069056502226594,6.430597028597922,6,0.0013329508031864924,7.474851056173762e-05,6,0.0037621651780581724,0.00020029813620205106,6,54.966580158160305,1.019266463634327,6,47.92333226765612,2.803869536698787,6,0.0013364893440817964,7.824166542538271e-05,6,0.0037658313457357095,0.0006139424543933457,6,54.85129971862341,1.090854133952771,6,48.24571857945089,4.428627078632646,6,0.005119558761737136,0.000631535174816396,6,0.008849732227660285,0.0012809047662062506,6,-73.87988806766022,27.633033687841987,6,-22.864823064523936,21.08507559692991,6,0.0001043440873706963,0.00020451441124656476,0.0005227531832864566,0.0010245962392414548,3.125397902577428e-05,6.12577988905176e-05,5.354561023160616e-05,0.00010494939605394807,0.00040336832851366194,0.0007906019238867773,0.00021773971659727102,0.0004267698445306512,10.874161831131648,21.313357189018028,3.948428925543776,7.738920694065801,0.00048448246867826026,0.0009495856386093901,0.000909440141670495,0.00178250267767417,14.108363590556136,27.652392637490028,10.445629215436318,20.47343326225518,0.0003407049316892623,0.0006677816661109542,0.0007712352052267378,0.0015116210022444062,11.167290835419244,21.88789003742172,9.17012748376207,17.973449868173656,2.883540495654802e-05,5.651739371483411e-05,0.00021608295656719032,0.00042352259487169304,0.7369864524402292,1.4444934467828492,2.625280243587099,5.145549277430714,3.0515951651549395e-05,5.9811265237036816e-05,8.177137168758535e-05,0.00016027188850766729,0.41611379130586124,0.815583030959488,1.1446749450409834,2.2435628922803277,3.1942026152958034e-05,6.260637125979774e-05,0.00025064095744927156,0.0004912562766005722,0.44533933533165665,0.872865097250047,1.8079794339537496,3.543639690549349,0.0002578231554865906,0.0005053333847537176,0.0005229271810507159,0.0010249372748594033,11.281138763391828,22.111031976247983,8.607946066747953,16.871574290825986
softplus,gpu_geometry,5,highdim_poly4,Sparse quartic,63.0,3.0,21,20,0.003946633744159127,0.0002555897717345923,6,0.03135192511052188,0.00128047856046743,6,0.0013317907635826927,7.655630104479469e-05,6,0.0023326864877430582,0.0001445542987689006,6,0.005786530280149571,0.000233506480107658,6,0.007349375976915487,0.0005008453596574502,6,-149.23276341394734,23.71968121911421,6,-26.255112117576903,13.131217421278851,6,0.004835031037207347,0.0003916789039677679,6,0.0070679795861855925,0.0005227547301122593,6,-107.57726122169021,15.928724872125521,6,-21.356632071203467,12.647158407330938,6,0.004165888916845315,0.0005675924933924048,6,0.0071990180075917,0.001168628408187593,6,-78.33717421622731,18.661655140415085,6,-22.536861691312563,13.641411583815705,6,0.0014174858051138788,7.273471712460677e-05,6,0.0036689801764760977,0.0006092239365603615,6,39.14010126984722,2.9862751264052307,6,37.50853056289204,7.371912969322497,6,0.0013378270030235488,7.852519793474934e-05,6,0.0035140111618870585,0.00040704231647206663,6,42.592453101522345,2.489565448045022,6,40.05390197703684,3.409020150271511,6,0.0013409983406485462,7.743545108607156e-05,6,0.0035410558286611514,0.00041705705791194344,6,42.441213839724945,2.8395188547978214,6,39.474324692982435,5.407626489139289,6,0.0037604437016269896,0.0009660639503883146,6,0.006288056248702836,0.0006013893087821775,6,-62.63467707237948,45.69389370401389,6,-8.714481859566332,18.668048656589317,6,0.0001043440873706963,0.00020451441124656476,0.0005227531832864566,0.0010245962392414548,3.125397902577428e-05,6.12577988905176e-05,5.901404535160617e-05,0.0001156675288891481,9.532862131618542e-05,0.00018684409777972342,0.00020446926186691269,0.00040075975325914884,9.683519308051176,18.979697843780304,5.3607970639463876,10.50716224533492,0.00015990224295560083,0.0003134083961929776,0.00021341372490022798,0.0004182909008044468,6.50287469831446,12.745634408696342,5.163180799018528,10.119834366076315,0.00023171866510757078,0.0004541685836108387,0.00047709054983009037,0.0009350974776669771,7.618588808300621,14.932434064269216,5.5690829586067,10.91540259886913,2.9693823923493378e-05,5.819989489004702e-05,0.00024871463061043256,0.0004874806759964478,1.219141715209692,2.389517761810996,3.00957086717429,5.898758899661608,3.205777781519789e-05,6.283324451778787e-05,0.00016617432984617194,0.000325701686498497,1.0163608381622815,1.9920672427980717,1.391726648505206,2.7277842310702036,3.1612890527186804e-05,6.196126543328613e-05,0.00017026283091843924,0.0003337151486001409,1.1592287182111167,2.272088287693789,2.2076542696582164,4.3270023685301044,0.0003943939562247956,0.0007730121542005995,0.0002455161572135682,0.0004812116681385937,18.654453989301146,36.562729819030245,7.621198950348804,14.937549942683654
softplus,gpu_geometry,5,highdim_poly4,Sparse quartic,84.0,4.0,21,20,0.003946633744159127,0.0002555897717345923,6,0.03135192511052188,0.00128047856046743,6,0.0013317907635826927,7.655630104479469e-05,6,0.002140227353210213,0.00014080513888289193,6,0.005012847409593906,0.0002861853333688812,6,0.006247495907657313,0.0004187168993592777,6,-135.1669359866291,21.384216541266646,6,-14.769672334659617,9.361913857934896,6,0.004440862071019933,0.00030680056322561743,6,0.006336004375697465,0.0005820069939147361,6,-108.35896536495311,21.869891448039905,6,-16.092673013702747,7.39381294344826,6,0.003978358227301166,0.0005182844009599551,6,0.006326450239523805,0.000644999565997771,6,-85.55415771467783,16.909174779427907,6,-15.680200367226709,4.15467477458776,6,0.0013955084092002988,8.319251699698908e-05,6,0.00384340161105479,0.00032553636395477644,6,34.689654192529105,3.6768729120561283,6,29.583636771325317,3.9235497500654333,6,0.0013474235176489542,8.444483338759362e-05,6,0.003929898808561171,0.000547673129795438,6,36.982963047166734,2.752768269246439,6,28.39059147739501,2.4046170200038146,6,0.0013402225207201452,7.662890971577275e-05,6,0.00356919206149151,0.00036975887544517055,6,37.31142763937599,2.4989114088364266,6,34.272308054671065,9.092290679791306,6,0.0029164821393910544,0.0003819756199421304,6,0.005426622461109091,0.00036457225036015873,6,-36.2803659700229,15.884383639160655,6,0.33810036745136546,7.818364139103537,6,0.0001043440873706963,0.00020451441124656476,0.0005227531832864566,0.0010245962392414548,3.125397902577428e-05,6.12577988905176e-05,5.7483457237467444e-05,0.00011266757618543619,0.0001168346731036765,0.00022899595928320594,0.0001709404583517545,0.00033504329836943884,8.73006984588117,17.110936897927093,3.8219853279718703,7.491091242824866,0.00012525080545020865,0.000245491578682409,0.00023760336030370297,0.00046570258619525783,8.92834579629255,17.4995577607334,3.018511494172335,5.916282528577777,0.00021158872066598898,0.0004147138925053384,0.0002633199701685236,0.0005161071415303063,6.903141696856112,13.530157725837979,1.6961388741587886,3.3244321933512255,3.396320284340666e-05,6.656787757307706e-05,0.0001328996640683594,0.0002604833415739844,1.5010770805998002,2.9421110779756083,1.6017824780141303,3.139493656907695,3.447445886899084e-05,6.756993938322205e-05,0.00022358661897198094,0.00043822977318508263,1.123812939963026,2.2026733623275305,0.9816807876368661,1.9240943437682574,3.128362139157393e-05,6.131589792748491e-05,0.00015095342878433134,0.00029586872041728943,1.0201763106781148,1.9995455689291048,3.711912126425316,7.275347767793619,0.00015594089384024902,0.0003056441519268881,0.0001488359979600983,0.0002917185560017926,6.484772465759493,12.710154032888605,3.1918337940129913,6.255994236265463
softplus,gpu_geometry,10,highdim_nonlinear,Random nonlinear,132.0,2.0,66,65,0.003851759955069358,0.00015236905046595882,2,0.04421111101237929,0.0008908180111949381,2,0.0027003483438272366,2.84018422992514e-05,2,0.006473392427298949,0.0002800788848404413,2,0.0052608760742195275,6.112814556661486e-05,2,0.005799888549712875,7.53946529474703e-05,2,18.675081180213255,2.574319138423866,2,28.570046789504566,3.893521063486064,2,0.0049808258159952275,0.000291154611434214,2,0.005804388332715455,0.00018990199843782807,2,22.887470993362342,7.834076621241843,2,28.48537225114677,5.305684461610058,2,0.004258203357087138,0.0001585392090773912,2,0.005382699547762635,0.0008502594469702378,2,34.21131455210545,0.3973342843821759,2,33.94327748045852,7.7168141649306135,2,0.0028647909066524925,8.603021575880838e-05,2,0.003920749731759059,0.0002620126403601433,2,55.674900258482815,3.246759147999926,2,51.659093657335895,5.230518860810722,2,0.002737806734645286,3.257423220666131e-05,2,0.003595287457887577,4.909767358289682e-06,2,57.65625146975252,2.3352536183704826,2,55.73204553589676,1.8985649019547528,2,0.0027420758202465765,1.5136439143702688e-05,2,0.003648527071116873,0.00043918655306629555,2,57.59607439083473,2.0684808255057967,2,54.9655235104282,7.272783408016147,2,0.0061668745594646215,0.0016970828825872428,2,0.006560124190628739,0.001647503549068549,2,5.213462961748603,22.115232820343316,2,19.65012550309452,16.930854751635252,2,0.00010774118882743475,0.00021117273010177212,0.0006299034565190546,0.001234610774777347,2.0083135287991588e-05,3.9362945164463514e-05,0.00019804567873784218,0.0003881695303261707,4.322412625151176e-05,8.471928745296304e-05,5.331207036436257e-05,0.00010449165791415064,1.8203185197178262,3.5678242986469395,2.753135146683654,5.396144887499962,0.000205877400118867,0.0004035197042329793,0.00013428099085626539,0.0002631907420782802,5.539528703215104,10.857476258301602,3.751685461640568,7.353303504815513,0.00011210414982257516,0.0002197241336522473,0.0006012242207205788,0.0011783994726123344,0.28095776688454066,0.5506772230936997,5.456611625178842,10.69495878535053,6.0832548949995184e-05,0.00011923179594199056,0.00018527091475524938,0.00036313099292028877,2.295805410430205,4.499778604443202,3.698535355603397,7.249129296982658,2.3033460485275448e-05,4.514558255113988e-05,3.4717297930949957e-06,6.804590394466191e-06,1.6512736693401902,3.2364963919067726,1.3424881166949783,2.631276708722157,1.070307876152967e-05,2.0978034372598153e-05,0.00031055178987912305,0.0006086815081630812,1.4626368184694964,2.866768164200213,5.142634465909226,10.079563553182084,0.0012000188145130527,0.0023520368764455833,0.0011649609315752749,0.0022833234258875386,15.637831094784055,30.650148945776746,11.971922206165766,23.4649675240849
softplus,gpu_geometry,10,highdim_nonlinear,Random nonlinear,198.0,3.0,66,65,0.003851759955069358,0.00015236905046595882,2,0.04421111101237929,0.0008908180111949381,2,0.0027003483438272366,2.84018422992514e-05,2,0.00450352967241766,2.127010791678622e-05,2,0.004309576733574438,9.123030046341912e-05,2,0.005028385303462422,0.0003564022712656467,2,4.3104038066291785,1.5738104385554657,2,13.504655362634585,3.3036272102224196,2,0.004467397269896459,0.00012414874439523702,2,0.005083648723979912,0.0003447237581763011,2,0.8077165703435129,2.288214937180664,2,12.549651319735666,3.0713592326837458,2,0.003808074424908856,0.00011618052142813971,2,0.004723153013775134,0.00021163075547358504,2,15.447597497949365,2.1804260505072453,2,18.601101248134867,6.30665487946061,2,0.00291002199603956,4.382685640791025e-05,2,0.003930100590996848,0.00032376211125630496,2,35.38050901406825,1.27836377383053,2,32.22696616260664,7.790729820473868,2,0.0027328680327227016,3.0012647034839153e-05,2,0.0033304430981737554,0.00010985183703819439,2,39.318094097476035,0.37982519063156794,2,42.67609900823909,0.014685913899464208,2,0.002742320543849293,4.953180609978695e-05,2,0.0040789235179882356,2.064639443943148e-05,2,39.1092241140106,0.8122578292646405,2,29.749450080957246,2.6545360037807635,2,0.003983160017630638,0.00012875912378445376,2,0.0048543656237816455,8.522207306701783e-05,2,11.56047220632604,2.441372629451757,2,16.377061195954262,4.203676182623527,2,0.00010774118882743475,0.00021117273010177212,0.0006299034565190546,0.001234610774777347,2.0083135287991588e-05,3.9362945164463514e-05,1.5040237544529204e-05,2.947886558727724e-05,6.45095641073699e-05,0.000126438745650445,0.0002520144628422262,0.0004939483471707633,1.112852033404744,2.1811899854732983,2.3360172028606687,4.5785937176069105,8.778641903766748e-05,0.00017206138131382827,0.00024375650704257405,0.00047776275380344513,1.6180122988927974,3.1713041058298828,2.171778940890588,4.256686724145552,8.215203454362658e-05,0.0001610179877055081,0.00014964554230300402,0.00029330526291388787,1.5417940461894746,3.0219163305313703,4.459478431869826,8.740577726464858,3.099026736412243e-05,6.074092403367997e-05,0.00022893438436060666,0.000448711393346789,0.9039396932987936,1.7717217988656355,5.5088778864493255,10.797400657440678,2.1222146239693093e-05,4.159540662979846e-05,7.767697889550679e-05,0.0001522468786351933,0.2685769679610548,0.5264108572036674,0.010384509306232914,0.02035363824021651,3.502427597757655e-05,6.864758091605003e-05,1.4599205515174227e-05,2.8614442809741485e-05,0.5743530191448922,1.1257319175239888,1.8770404091772166,3.6789992019873443,9.104644956762532e-05,0.00017845104115254563,6.0261105772463736e-05,0.00011811176731402892,1.7263111416885695,3.383569837709596,2.972447934645475,5.825997951905131
softplus,gpu_geometry,10,highdim_nonlinear,Random nonlinear,264.0,4.0,66,65,0.003851759955069358,0.00015236905046595882,2,0.04421111101237929,0.0008908180111949381,2,0.0027003483438272366,2.84018422992514e-05,2,0.0037554899657677027,5.840993370494671e-05,2,0.0044701656032216435,8.989401057069646e-05,2,0.0050458227820701015,1.3304166037409726e-05,2,-19.063172481194837,4.245484134887744,2,0.11223093758321778,1.7409214647342204,2,0.00421899849765882,8.498838009237571e-05,2,0.004974122351196276,1.0214992541844138e-05,2,-12.373349202083487,4.010810313336837,2,1.5310460708866458,1.773595953036866,2,0.0037740321884819723,3.237094458865194e-05,2,0.004644945386178396,3.739827932143253e-05,2,-0.4991887961887429,0.701121962812352,2,8.038192328270785,2.5854239309054905,2,0.0027990012756448695,7.729762524646872e-05,2,0.0034993268647085874,0.00036552814622119325,2,25.44405468730693,3.2178412025661096,2,30.65243684100141,8.626235537972665,2,0.002739724566188705,4.592335131390579e-05,2,0.003730605942355063,0.0004095695979123087,2,27.029144658133802,2.357763709932372,2,26.06513773387765,9.589977521258051,2,0.0027407703027005105,3.7236580387208095e-05,2,0.003493176653614747,0.00043370489277394297,2,27.00309476184597,2.1268602784603283,2,30.932925939841923,7.198347960675256,2,0.003643213031463934,0.0002511071151695589,2,0.004873568849924615,0.00021276453069488064,2,3.029943586517391,5.178205008598416,2,3.4773831037995993,6.147902768048289,2,0.00010774118882743475,0.00021117273010177212,0.0006299034565190546,0.001234610774777347,2.0083135287991588e-05,3.9362945164463514e-05,4.1302060211424495e-05,8.095203801439202e-05,6.356466446259465e-05,0.00012458674234668552,9.407466023084175e-06,1.8438633405244984e-05,3.0020106211990267,5.8839408175500925,1.2310173732267842,2.412794051524497,6.009585988537864e-05,0.00011778788537534214,7.223090496107997e-06,1.4157257372371674e-05,2.8360711706134185,5.5586994944023,1.2541217254773853,2.458078581935675,2.2889714432049762e-05,4.486384028681753e-05,2.6444576912893576e-05,5.183137074927141e-05,0.49576809434343644,0.9717054649131354,1.828170793785252,3.583214755819094,5.465767498139451e-05,0.00010712904296353324,0.00025846743090755363,0.0005065961645788051,2.275357335115971,4.459700376827303,6.099669645012857,11.9553525042252,3.247271312887493e-05,6.364651773259487e-05,0.0002896094400516411,0.0005676345025012165,1.667190707728732,3.2676937871483145,6.781138136708126,13.291030747947927,2.633023849999284e-05,5.1607267459985964e-05,0.00030667567071423953,0.0006010843145999095,1.5039173255356069,2.9476779580497894,5.090000656333828,9.976401286414303,0.00017755954394058643,0.0003480167061235494,0.00015044724245032344,0.00029487659520263394,3.661543875954085,7.176625996870006,4.347223737362492,8.520558525230483
softplus,gpu_geometry,10,highdim_poly3,Sparse cubic,132.0,2.0,66,65,0.0008194841663997917,0.00029773484680539617,6,0.0195363598471065,0.004090131469703097,6,0.000633364434917676,0.00023051611575108027,6,0.0014007944043878285,0.0005129536544914378,6,0.0031223875902233415,0.0014488058627239921,6,0.0019735913917415817,0.0006401437313663325,6,-132.1726718259661,93.94688365850558,6,-14.33728245698513,8.020359098574476,6,0.0015641337760584344,0.00046789833314464437,6,0.001615086571040684,0.00043592147958696186,6,-14.546475934551465,16.08851946848488,6,4.811361931507467,9.534203824422688,6,0.0014898035743548428,0.000541296604115385,6,0.0016421044474040272,0.00046533222480151545,6,-6.946410868202399,12.20844096478946,6,3.3208024665219624,10.5673221563666,6,0.0006910854483616909,0.0002260843187571044,6,0.0008886220889796837,0.0002916121681152313,6,50.01024850037982,3.1077736752256877,6,48.38180455240971,4.454018506352736,6,0.0006371213609506664,0.000231240683672865,6,0.0008289517348719497,0.0002533543767817756,6,54.43231553434782,0.6694553934473739,6,51.66028887453664,4.0654000394616885,6,0.0006377772916095033,0.00023246496095156988,6,0.0008345443471919296,0.000303728251366461,6,54.419594191036595,0.655596191160294,6,52.30625996618978,1.9403995036075883,6,0.0016563354747901394,0.0005685802677533598,6,0.001872142248862103,0.0007247839207502757,6,-22.139244675688747,30.631440866016003,6,-9.776334876445823,31.2959354786673,6,0.00012154974221982314,0.00023823749475085335,0.0016697891802787371,0.0032727867933463246,9.41078101797485e-05,0.00018445130795230705,0.00020941245253332057,0.0004104484069653083,0.0005914725166710921,0.0011592861326753404,0.00026133758398146366,0.0005122216646036687,38.353654647992336,75.17316311006498,3.2742978908993194,6.417623866162666,0.00019101869461719213,0.00037439664144969657,0.00017796419881785497,0.00034880982968299576,6.56811056910353,12.873496715442919,3.8923224122545874,7.628951928018991,0.0002209834132640004,0.0004331274899974408,0.0001899710852729647,0.00037234332713501083,4.984075153104292,9.768787300084412,4.314091205117568,8.455618762030433,9.229853663327497e-05,0.00018090513180121895,0.0001190501691115038,0.00023333833145854747,1.2687432900594837,2.486736848516588,1.8183454409129134,3.56395706418931,9.440361379514207e-05,0.00018503108303847846,0.00010343149120269732,0.00020272572275728675,0.2733040199167032,0.5356758790367383,1.6596926161619556,3.252997527677433,9.490342290122708e-05,0.00018601070888640508,0.00012399653938593617,0.00024303321719643488,0.26764602427580997,0.5245862075805875,0.7921647801647264,1.5526429691228636,0.00023212192230179465,0.0004549589677115175,0.00029589179660199607,0.0005799479213399123,12.505233367995945,24.510257401272053,12.776512157633285,25.041963828961237
softplus,gpu_geometry,10,highdim_poly3,Sparse cubic,198.0,3.0,66,65,0.0008194841663997917,0.00029773484680539617,6,0.0195363598471065,0.004090131469703097,6,0.000633364434917676,0.00023051611575108027,6,0.0010617025370916278,0.00038445928673187715,6,0.001547003593796875,0.00032873000173808895,6,0.0013076384428694953,0.0004021564471653883,6,-56.79345764425685,40.49820939548835,6,-0.00707971098895351,8.198925646781186,6,0.0012764753375655623,0.00040249240813188057,6,0.0012555331797609321,0.0003753966080157373,6,-22.1086283242838,6.827280667756555,6,3.8852766333113546,7.7451783409381845,6,0.0012849617763654026,0.00043880102643603023,6,0.001439618553269576,0.000502089504723544,6,-22.027660570775314,8.005674634819686,6,-8.315510616648973,3.743538122957981,6,0.0006747738825380502,0.0002327859629582514,6,0.0007871045221950315,0.00025018054863461096,6,36.02972040814231,2.9581892294608,6,39.793201174234675,5.935928529989467,6,0.0006429171378807056,0.0002350967121995803,6,0.0008106097863363618,0.00025794043820184315,6,39.40900804692517,2.0059017330072697,6,38.1650687113029,5.036375065976615,6,0.0006412024614847971,0.00023488803445762696,6,0.0008458087384715851,0.0003372322082641152,6,39.62485718598378,1.463378084009811,6,37.058533248277435,5.715425459907307,6,0.0012193857639527963,0.0003642033822880915,6,0.0014222157698413707,0.0004874037097531522,6,-17.765855932922936,15.710245107882521,6,-7.316391666713944,12.794867387788955,6,0.00012154974221982314,0.00023823749475085335,0.0016697891802787371,0.0032727867933463246,9.41078101797485e-05,0.00018445130795230705,0.000156954846561245,0.00030763149926004015,0.00013420346123375754,0.0002630387840181648,0.00016417968205429062,0.00032179217682640963,16.533324752555675,32.40531651500912,3.3471973789387417,6.560506862719934,0.0001643168375445237,0.0003220610015872664,0.00015325502346835766,0.000300379845997981,2.787225661128595,5.462962295812046,3.1619558170257527,6.197433401370475,0.0001791397688962977,0.0003511139470367435,0.00020497718196323456,0.00040175527664793975,3.268302983675048,6.405873848003094,1.5282930389838947,2.9954543564084335,9.503447142169028e-05,0.00018626756398651295,0.00010213578128739128,0.0002001861313232869,1.207675695795984,2.3670443637601286,2.4233326746838717,4.749732042380389,9.597783084915348e-05,0.0001881165484643408,0.00010530374293740218,0.00020639533615730827,0.8189059533387181,1.6050556685438875,2.0560915108197784,4.0299393612067655,9.589263851774316e-05,0.0001879495714947766,0.00013767447251317844,0.0002698419661258297,0.5974216010992887,1.1709463381546057,2.3333126732807963,4.57329283963036,0.00014868540820027013,0.00029142340007252943,0.0001989817312724693,0.0003900041932940398,6.413680708061307,12.570814187800162,5.223482737776674,10.238026166042282
softplus,gpu_geometry,10,highdim_poly3,Sparse cubic,264.0,4.0,66,65,0.0008194841663997917,0.00029773484680539617,6,0.0195363598471065,0.004090131469703097,6,0.000633364434917676,0.00023051611575108027,6,0.000931599727679575,0.0003437244188582249,6,0.0014258169948773098,0.0001242029985770929,6,0.0012163267303664715,0.00032326682579441587,6,-71.51543008334981,61.202252965868254,6,-5.47712939443223,11.781812470744832,6,0.0010729507734681396,0.000321935045049392,6,0.0011735705087115415,0.0003217263436937665,6,-17.70847565129534,9.815997860701287,6,-1.4643105895220454,9.52604499499331,6,0.0010731157383396998,0.0003773800203901666,6,0.0011385512779966483,0.0004027669470898629,6,-15.819166427486282,5.846264475582963,6,3.718613830292213,6.825823380904125,6,0.0006697376885062386,0.0002338331309176532,6,0.0009210060912736989,0.000331406582478564,6,27.73451031693453,3.061545014636724,6,22.6237262332552,3.5636710517967973,6,0.0006457702206037749,0.00023540899331286224,6,0.0008384550536201596,0.00031098541291616844,6,30.614381169053686,0.7063787267824213,6,29.43515451085979,4.695343742348047,6,0.0006418175235835111,0.00023259212532201123,6,0.0008192708621390712,0.0002741094776419318,6,31.044621117498185,1.4401952544828072,6,30.437483733403383,5.691971050257746,6,0.0010530905899249698,0.0003609814713012957,6,0.001275998654429922,0.0004387357058849327,6,-14.055323081423696,15.07655902664329,6,-7.857454127520735,12.452854670116123,6,0.00012154974221982314,0.00023823749475085335,0.0016697891802787371,0.0032727867933463246,9.41078101797485e-05,0.00018445130795230705,0.00014032490638955512,0.00027503681652352803,5.07056618395838e-05,9.938309720558425e-05,0.0001319731289942497,0.00025866733282872944,24.985715145852605,48.972001685871106,4.8099047997474,9.427413407504904,0.000131429431781821,0.00025760168629236917,0.00013134422981016944,0.0002574346904279321,4.007364345828237,7.854434117823344,3.8889915840878575,7.6224235048122,0.00015406474817950328,0.00030196690643182644,0.0001644289176047857,0.00032228067850538,2.3867274777563576,4.677985856402461,2.786630726262375,5.461796223474255,9.54619759509446e-05,0.00018710547286385142,0.00013529617074534497,0.0002651804946608761,1.2498705184036052,2.449746216071066,1.4548626146715993,2.8515307247563344,9.610531907979498e-05,0.00018836642539639815,0.00012695926318222433,0.0002488401558371597,0.2883779076289637,0.5652206989527688,1.9168660559537873,3.757057469669423,9.495533753806767e-05,0.00018611246157461265,0.00011190472564726114,0.00021933326226863183,0.5879572505767742,1.1523962111304773,2.323737450637524,4.5545254032495475,0.00014737006854788402,0.0002888453343538527,0.00017911310189297998,0.00035106167971024073,6.154979448704646,12.063759719461105,5.083856630469841,9.964358995720888
softplus,gpu_geometry,10,highdim_poly4,Sparse quartic,132.0,2.0,66,65,0.0015776908557703407,0.0009248054107194315,6,0.02594720512830652,0.007669291914921839,6,0.00113494610655355,0.0006441879238922359,6,0.0025887839294524155,0.0014972444896772124,6,0.0026089489736747765,0.0013792602113298115,6,0.002937767394853076,0.001817326743268121,6,-5.3631408283814475,16.967532687640716,6,10.792014681064279,11.86325837687557,6,0.0025316260970871377,0.0011624666949814175,6,0.002938829992243078,0.0013442207609860655,6,-5.126788585217317,18.45639061319134,6,4.0980772500405065,17.881937117042984,6,0.0029695251138232913,0.0019927021883168797,6,0.0034507253048110804,0.002224424646611026,6,-11.208411325003986,14.05872602973268,6,-2.972602232790068,13.444719414456351,6,0.0012401545743344945,0.0006906575626188145,6,0.0016943116191432753,0.0009412039904385176,6,50.97667614769048,5.455184998061163,6,47.52619819842956,5.117344599950177,6,0.0011399487830839972,0.0006475703811515253,6,0.0014631972451507335,0.0008161180941089132,6,55.50469464997828,2.2768063416403144,6,54.822415277569746,4.131037056624409,6,0.0011411762333048273,0.000645092414399535,6,0.0015520760490912641,0.0009173464266940434,6,55.395630155605254,2.2660793096797813,6,52.44577543000069,5.695400102610501,6,0.0028413838625368578,0.0017026259046819257,6,0.003512283802523474,0.0021720142827227388,6,-8.328119524236483,16.419516864109312,6,-4.836857493654965,14.196157467765026,6,0.00037755022793793864,0.0007399984467583598,0.0031309753133351675,0.006136711614136928,0.0002629886186664704,0.0005154576925862819,0.000611247503317161,0.0011980451065016356,0.000563080623380222,0.001103638021825235,0.0007419205361534701,0.0014541642508608013,6.926966213119038,13.576853777713314,4.843154951690555,9.492583705313487,0.0004745750409473406,0.0009301670802567875,0.0005487758276785943,0.0010756006222500448,7.534789915968653,14.76818823529856,7.300270258215098,14.308529706101591,0.0008135172617839651,0.0015944938330965715,0.0009081175592446341,0.0017799104161194826,5.73945086773818,11.249323700766832,5.488783716718115,10.758016084767505,0.00028195976923506944,0.0005526411477007361,0.0003842449200742909,0.0007531200433456101,2.2270699496225816,4.36505710126026,2.089147184644141,4.094728481902516,0.0002643695010601424,0.0005181642220778791,0.0003331788167365899,0.0006530304808037163,0.9295022966919405,1.8218245015162033,1.6864888162097837,3.305518079771176,0.00026335787536981605,0.0005161814357248395,0.00037450511046097665,0.0007340300165035143,0.9251230042323016,1.8132410882953112,2.3251373553984473,4.5572692165809565,0.0006950941148858844,0.0013623844651763333,0.0008867211177846519,0.0017379733908579175,6.703239690015196,13.138349792429784,5.795557017370875,11.359291754046914
softplus,gpu_geometry,10,highdim_poly4,Sparse quartic,198.0,3.0,66,65,0.0015776908557703407,0.0009248054107194315,6,0.02594720512830652,0.007669291914921839,6,0.00113494610655355,0.0006441879238922359,6,0.001975004893375105,0.0011472356284839475,6,0.0020547250602356505,0.001382210719480198,6,0.0023256952089165095,0.001481022814831463,6,-0.2540145838344487,9.811614610137532,6,9.802625391489858,8.386921294897661,6,0.002173107547957368,0.0013195097620549328,6,0.002459966538410729,0.0015445498344956077,6,-9.748237939160637,7.613910322938302,6,4.194192566292032,7.032285483695164,6,0.0021629143693278254,0.0013335645660738614,6,0.0026397182714440956,0.0015065574935811783,6,-9.287788166744958,14.830881577574385,6,-6.45018443294736,13.870411201589988,6,0.0012233725963877987,0.0007078892157750149,6,0.0017025625481556564,0.0011143566240588412,6,37.562143126284674,3.295383175978779,6,34.1260625631968,7.600191054593781,6,0.001147335177380875,0.0006527083225165726,6,0.001483658846430029,0.0008258680608561024,6,41.322577358401816,2.1244320624099267,6,40.04070172570055,5.263527027868673,6,0.0011478104459019499,0.0006488609252852866,6,0.0016157243401226193,0.0008920094885737999,6,41.21294727510304,2.1469492176557856,6,34.971246755178406,3.3301835893232874,6,0.0018458044151137543,0.0009480271451863838,6,0.0022462271011592645,0.0011374809155647655,6,3.0452146894179806,9.611465842062811,6,7.2371425848850075,12.588359272976575,6,0.00037755022793793864,0.0007399984467583598,0.0031309753133351675,0.006136711614136928,0.0002629886186664704,0.0005154576925862819,0.0004683569840878071,0.0009179796888121018,0.000564285163288617,0.0011059989200456893,0.0006046250322929231,0.0011850650632941294,4.0055748912789095,7.850926786906663,3.4239462808969385,6.710934710557999,0.000538687604609305,0.0010558277050342379,0.0006305598294690744,0.0012358972657593858,3.108365873084721,6.092397111246053,2.870918526772391,5.6270003124738865,0.0005444254543228372,0.001067073890472761,0.0006150495212400383,0.001205497061630475,6.054682050116742,11.867176818228815,5.662571661079929,11.09864045571666,0.0002889945621779545,0.0005664293418687909,0.00045493418673910366,0.0008916710060086431,1.345334548016712,2.6368557141127558,3.1027650052366553,6.081419410263845,0.0002664670568389265,0.000522275431404296,0.0003371592239932094,0.0006608320790266904,0.8672957576854714,1.699899685063524,2.148825910937724,4.211698785437939,0.0002648963634965186,0.0005191968724531765,0.0003641613487877986,0.0007137562436240853,0.8764883478207027,1.7179171617285773,1.3595417572720434,2.664701844253205,0.0003870304613356777,0.0007585797042179282,0.00046437463921458527,0.0009101742928605872,3.923864498873957,7.690774417792955,5.139176152937605,10.072785259757705
softplus,gpu_geometry,10,highdim_poly4,Sparse quartic,264.0,4.0,66,65,0.0015776908557703407,0.0009248054107194315,6,0.02594720512830652,0.007669291914921839,6,0.00113494610655355,0.0006441879238922359,6,0.0016994206918790628,0.000934592434152171,6,0.0017879777189941583,0.0010318674585032457,6,0.00217229064208839,0.001366094986443153,6,-5.114712156815474,8.620117743144665,6,4.487198274056211,7.921077612934944,6,0.001816590971563447,0.001069787185778421,6,0.002141172391507604,0.0012926580082555453,6,-5.411699702550146,4.677511488692055,6,4.543565546599791,11.583913456656706,6,0.0017751175950084651,0.001046502547466145,6,0.0021906335988169227,0.0013069867949330298,6,-3.5198334223712244,8.604332507601471,6,1.8006183890493361,9.108423065189376,6,0.0012207104955600885,0.0007139636217141793,6,0.0017047419226000147,0.0010981463563789233,6,28.885581141340285,3.7543287111002717,6,25.1321121074857,9.580626500404694,6,0.001147141795628891,0.0006434997828894784,6,0.0014885311793451997,0.0009248320386583326,6,32.634437024876014,1.7828295029569143,6,34.54820544843784,5.503566624459311,6,0.0011468463470348954,0.0006419735236900642,6,0.0015944878884234356,0.0009588050689476848,6,32.64473454278754,1.5529698044565992,6,28.92577457332001,5.331808150262943,6,0.001818346552375923,0.0010892003305505986,6,0.002155258196047128,0.0012091240322465425,6,-4.271923909202697,7.0564355305617825,6,2.6680490755418993,3.6998059965732346,6,0.00037755022793793864,0.0007399984467583598,0.0031309753133351675,0.006136711614136928,0.0002629886186664704,0.0005154576925862819,0.0003815457635230843,0.0007478296965052452,0.0004212581259192412,0.0008256659268017128,0.0005577059428266714,0.0010931036479402759,3.5191483322360226,6.897530731182604,3.233766394112268,6.3381821324600445,0.0004367387897541875,0.0008560080279182075,0.0005277254220247485,0.0010343418271685071,1.9095860688836104,3.742788695011876,4.729112865561439,9.26906121650042,0.0004272328759691314,0.0008373764368994976,0.0005335751246902529,0.0010458072443928956,3.512704036810945,6.884899912149452,3.718498145185182,7.288256364562956,0.00029147442801820194,0.0005712898789156758,0.0004483163726708155,0.0008787000904347984,1.5326982781460843,3.0040886251663252,3.9112743903629994,7.6660978051114785,0.0002627076862784966,0.0005149070651058533,0.0003775610987484736,0.0007400197535470082,0.727837096770699,1.42656070967057,2.2468216658894873,4.403770465143395,0.000262084593569531,0.0005136858033962807,0.00039143053028597866,0.0007672038393605182,0.6339972678114063,1.2426346449103562,2.1767015624261385,4.266335062355232,0.00044466417291995645,0.0008715417789231147,0.0004936228191234238,0.0009675007254819106,2.8807777421203102,5.646324374555808,1.510439473148972,2.9604613673719853
softplus,gpu_geometry,20,highdim_nonlinear,Random nonlinear,462.0,2.0,231,230,0.0032537683045783476,0.0017789808302351964,4,0.056019520117298896,0.017967276675854807,4,0.004609536851862541,0.0025130399922363177,4,0.009786844963681915,0.0053740837539480455,4,0.0069499452348089595,0.002359264842871656,4,0.004497852440249951,0.0018197202081189684,4,21.067146752745536,19.24360818202054,4,27.17388305024369,12.045754604150355,4,0.007054007099691632,0.003290334425566922,4,0.004914883687542273,0.0024067535582577436,4,24.755022344903878,7.7119982121563,4,23.716786390476585,5.136528656574968,4,0.007955628069449971,0.0037860016101623354,4,0.0052488862616150815,0.002358023436650557,4,15.54124869876646,7.757798256449808,4,16.86275053738391,9.501716506578017,4,0.005418280274779391,0.0031029511827645457,4,0.003841293786221382,0.0018420098090079456,4,45.32561736610471,2.1023461420635545,4,40.07390356187844,4.71069259198606,4,0.004801731927789699,0.002664548775282659,4,0.003457082829668157,0.0018525223072253917,4,51.08169609191952,1.0928129184007918,4,47.57906805810685,3.5071201536615657,4,0.004768546566481457,0.0026373509299344247,4,0.003213686471911314,0.0018052460505702471,4,51.3742708057092,1.1516920418344352,4,51.93577299709258,2.250685120191165,4,0.007992495252709897,0.0044591699520582645,4,0.005353925796958291,0.002893497195923078,4,18.591886298209694,6.192659390224983,4,18.50977381513888,13.629343477792723,4,0.0008894904151175982,0.0017434012136304925,0.008983638337927403,0.01760793114233771,0.0012565199961181589,0.0024627791923915914,0.0026870418769740227,0.0052666020788690844,0.001179632421435828,0.002312079546014223,0.0009098601040594842,0.001783325803956589,9.62180409101027,18.858736018380128,6.022877302075178,11.804839512067348,0.001645167212783461,0.0032245277370555837,0.0012033767791288718,0.0023586184870925887,3.85599910607815,7.557758247913174,2.568264328287484,5.033798083443468,0.0018930008050811677,0.0037102815779590887,0.0011790117183252786,0.002310862967917546,3.878899128224904,7.602642291320812,4.7508582532890085,9.311682176446457,0.0015514755913822729,0.0030408921591092548,0.0009210049045039728,0.0018051696128277867,1.0511730710317773,2.0602992192222835,2.35534629599303,4.616478740146339,0.0013322743876413295,0.0026112577997770055,0.0009262611536126959,0.0018154718610808838,0.5464064592003959,1.070956660032776,1.7535600768307829,3.4369777505883343,0.0013186754649672124,0.002584603911335736,0.0009026230252851236,0.001769141129558842,0.5758460209172176,1.1286582009977464,1.1253425600955824,2.2056714177873413,0.0022295849760291322,0.004369986553017099,0.001446748597961539,0.0028356272520046167,3.0963296951124915,6.068806202420483,6.814671738896362,13.356756608236868
softplus,gpu_geometry,20,highdim_nonlinear,Random nonlinear,693.0,3.0,231,230,0.0032537683045783476,0.0017789808302351964,4,0.056019520117298896,0.017967276675854807,4,0.004609536851862541,0.0025130399922363177,4,0.006985248263570913,0.003794256602875922,4,0.006051414216760304,0.0025992017338733794,4,0.00403889784611423,0.0016730805799856638,4,8.21668644575939,12.648587236966133,4,10.761658510626388,13.486943351166172,4,0.006004857968128203,0.0028834197692739257,4,0.004114805719570219,0.0019718170605216236,4,11.1987727352629,6.983171721713276,4,11.966996880559453,6.402689522234447,4,0.006065022792651463,0.0028839979504370226,4,0.004100923967045952,0.0020072242815196662,4,10.071528769988898,7.927225894184691,4,12.565279291846569,9.148540415336251,4,0.005175132504922973,0.002934123913769224,4,0.003722074947927475,0.002019097537392743,4,26.834769018647634,2.6488304670294265,4,22.72760223253047,12.391335763343827,4,0.004926035186741694,0.0027910668170800287,4,0.0034458913347384153,0.0019746508815303866,4,30.343898458819513,2.26667747745056,4,29.43243336665076,11.074586067987306,4,0.004891539661449272,0.0027529206625935736,4,0.0034698129819261975,0.001927172998860355,4,30.6894194539961,1.9132026252180083,4,28.523622060185872,4.220952943701266,4,0.006411976105979227,0.003448210506336913,4,0.0043443845711797595,0.0025499501622364973,4,7.896139969009094,2.918377509452722,4,12.024587774077306,5.987683373177021,4,0.0008894904151175982,0.0017434012136304925,0.008983638337927403,0.01760793114233771,0.0012565199961181589,0.0024627791923915914,0.001897128301437961,0.0037183714708184036,0.0012996008669366897,0.0025472176991959117,0.0008365402899928319,0.0016396189683859504,6.3242936184830665,12.39561549222681,6.743471675583086,13.217204484142847,0.0014417098846369629,0.002825751373888447,0.0009859085302608118,0.0019323807193111912,3.491585860856638,6.84350828727901,3.2013447611172237,6.2746357317897585,0.0014419989752185113,0.002826317991428282,0.0010036121407598331,0.001967079795889273,3.9636129470923454,7.7686813763009965,4.574270207668126,8.965569607029526,0.001467061956884612,0.0028754414354938396,0.0010095487686963714,0.001978715586644888,1.3244152335147132,2.5958538576888377,6.1956678816719135,12.14350904807695,0.0013955334085400143,0.002735245480738428,0.0009873254407651933,0.0019351578638997788,1.13333873872528,2.221343927901549,5.537293033993653,10.853094346627561,0.0013764603312967868,0.002697862249341702,0.0009635864994301776,0.001888629538883148,0.9566013126090042,1.874938572713648,2.110476471850633,4.136533884827241,0.0017241052531684565,0.0033792462962101747,0.0012749750811182486,0.0024989511589917674,1.459188754726361,2.8600099592636674,2.9938416865885107,5.867929705713481
softplus,gpu_geometry,20,highdim_nonlinear,Random nonlinear,924.0,4.0,231,230,0.0032537683045783476,0.0017789808302351964,4,0.056019520117298896,0.017967276675854807,4,0.004609536851862541,0.0025130399922363177,4,0.006140729216300813,0.003314189292165177,4,0.0057177347130105685,0.0025590240798892545,4,0.0038319576145428194,0.0017793014279058382,4,2.433628797338885,11.059777241137715,4,6.034734926320777,8.223588623186474,4,0.005610118874631162,0.0025654668683772414,4,0.003916622814264157,0.0018405221829154743,4,4.728164221502029,9.74567634001896,4,4.216004045392972,7.446766451345702,4,0.005681172445078823,0.0026459274249167595,4,0.0038235483264385177,0.001813939315560961,4,3.896824177999824,9.259681163088175,4,6.689603362266292,7.019560788599119,4,0.005090463352548338,0.00286883082450881,4,0.003567589446032835,0.0019041792820103487,4,18.130136210457017,2.590867675925154,4,15.489019213362045,1.2081667263370517,4,0.004973800407853508,0.0028253859001065944,4,0.003436758220846616,0.002023513968911215,4,20.187439470126805,2.960817698600266,4,20.747732018353936,7.280414180114022,4,0.00498528904186909,0.002843691325148023,4,0.003508426598577603,0.0019484866935591222,4,20.10726250100467,3.2248611152650803,4,17.8100387061924,4.3785125802305025,4,0.005706534027276885,0.002962728069298687,4,0.003885391626077768,0.0020096280351280674,4,6.05115499015862,3.062463640758384,4,7.065293622211021,7.68708937887531,4,0.0008894904151175982,0.0017434012136304925,0.008983638337927403,0.01760793114233771,0.0012565199961181589,0.0024627791923915914,0.0016570946460825885,0.0032479055063218735,0.0012795120399446273,0.0025078435982914694,0.0008896507139529191,0.0017437153993477214,5.529888620568857,10.83858169631496,4.111794311593237,8.059116850722745,0.0012827334341886207,0.0025141575310096967,0.0009202610914577371,0.0018037117392571648,4.87283817000948,9.550762813218581,3.723383225672851,7.297831122318788,0.0013229637124583798,0.0025930088764184243,0.0009069696577804805,0.0017776605292497416,4.629840581544087,9.07448753982641,3.5097803942995593,6.879169572827136,0.001434415412254405,0.0028114542080186337,0.0009520896410051743,0.0018660956963701416,1.295433837962577,2.5390503224066507,0.6040833631685258,1.1840033918103106,0.0014126929500532972,0.0027688781821044624,0.0010117569844556075,0.0019830436895329905,1.480408849300133,2.901601344628261,3.640207090057011,7.134805896511741,0.0014218456625740114,0.0027868174986450623,0.0009742433467795611,0.0019095169596879398,1.6124305576325402,3.160363892959779,2.1892562901152512,4.290942328625892,0.0014813640346493435,0.0029034735079127134,0.0010048140175640337,0.001969435474425506,1.531231820379192,3.001214367943216,3.843544689437655,7.533347591297804
softplus,gpu_geometry,20,highdim_poly3,Sparse cubic,462.0,2.0,231,230,0.000600643283619643,0.00023645342534461543,6,0.021976434499237012,0.004897914473169472,6,0.000872791792317495,0.0003435171761523819,6,0.001847616480941416,0.000746380483179248,6,0.0018892390767695805,0.0007526408610156473,6,0.0011612688521535255,0.00048785155853396715,6,-3.375747501119935,7.085996873753828,6,4.644266689420525,7.808617071291007,6,0.0017884348114514906,0.000759504791728954,6,0.0011522276585402792,0.0004465522446218595,6,3.05512952849544,6.948648487807262,6,4.546786232842989,5.62064307726178,6,0.0019632102159194416,0.0008652259376925064,6,0.0012383470016685367,0.00048787765024014136,6,-4.747943792124558,8.698856723860953,6,-1.715052139710222,7.43408580928763,6,0.0009590797516286797,0.00036542197180337003,6,0.0006488498614401801,0.00024753766872600484,6,47.61322533519769,1.929080155659795,6,46.41315201960606,3.088529440499689,6,0.0008829990032130723,0.0003463711903843486,6,0.0006024479769989132,0.00023719480239219515,6,51.821122301295276,1.794467074432549,6,50.30621192307899,2.4834210344343415,6,0.0008857357778607445,0.0003474475518612332,6,0.0006065781667092838,0.00022276955486946425,6,51.70742379302735,1.4821401446965978,6,49.422444665581764,3.4496819558098455,6,0.0018620271179891317,0.0008751964091070076,6,0.0012321402013951788,0.0006145104161452643,6,1.5511452777542347,8.78461097134531,6,2.0556299749823683,12.355793603925113,6,9.653170667126392e-05,0.00018920214507567727,0.0019995652105096492,0.003919147812598912,0.00014024029990918361,0.0002748709878219999,0.0003047085562935201,0.0005972287703352993,0.00030726434484288793,0.0006022381158920603,0.00019916456477162331,0.00039036254695238166,2.8928461099422784,5.669978375486866,3.1878545702414907,6.248194957673322,0.0003100665328224578,0.0006077304043320173,0.00018230419046967494,0.00035731621332056287,2.8367738661816215,5.560076777715978,2.2946179275996683,4.49745113809535,0.00035322700992795864,0.000692324939458799,0.00019917521666606422,0.00039038342466548583,3.5512933865063143,6.960535037552376,3.034952822803339,5.948507532694544,0.00014918289528665979,0.0002923984747618532,0.00010105683008280153,0.00019807138696229098,0.7875436757158741,1.5435856044031133,1.2608868641313096,2.471338253697367,0.00014140544634034356,0.00027715467482707334,9.683437258352748e-05,0.00018979537026371385,0.7325881154307778,1.4358727062443246,1.0138523918098183,1.9871506879472438,0.00014184486907320285,0.00027801594338347756,9.094528994285452e-05,0.00017825276828799486,0.6050811803002487,1.1859591133884875,1.408326761103405,2.7603204517626736,0.0003572974378380475,0.0007003029781625732,0.0002508728268635412,0.0004917107406525407,3.5863024114418187,7.029152726425965,5.044231616126761,9.886693967608451
softplus,gpu_geometry,20,highdim_poly3,Sparse cubic,693.0,3.0,231,230,0.000600643283619643,0.00023645342534461543,6,0.021976434499237012,0.004897914473169472,6,0.000872791792317495,0.0003435171761523819,6,0.0013887204629014938,0.0005634218837097808,6,0.0014715793543026937,0.0006174178017172363,6,0.0009047567744310749,0.0003922208118953803,6,-5.836920041173553,3.9614630138736198,6,2.700139256844173,8.712729798347711,6,0.0014004335307828493,0.0005708947301791543,6,0.0009221896962894028,0.0003778031269417539,6,-1.6942936722324216,7.0356783297074355,6,-0.13382647781863,8.734373705021026,6,0.0014562468216131389,0.0006023577287981582,6,0.0009576979912935893,0.00037276864036769875,6,-5.009063774091416,4.47846932637834,6,-3.959515986550264,3.258193543107959,6,0.0009368093784350305,0.00036584804869366016,6,0.0006442855222200314,0.00024685442549354406,6,32.128165465524596,2.340735855188483,6,29.682272675314962,3.9861321138410806,6,0.0008895363238472246,0.0003476944842115949,6,0.0005952691211222223,0.00022225174945609004,6,35.43376901797314,1.8093092244169953,6,35.06841273459006,4.095496059033334,6,0.0008922096931319553,0.00035183491256039035,6,0.0006015151584908321,0.00025111764269833073,6,35.367091441710336,1.5552527262646805,6,35.3077214877277,4.238366218464006,6,0.001364959580555807,0.0005557107560515636,6,0.0008626100277757871,0.000305839918182017,6,1.0563268375151917,7.161529733258047,6,4.777089589144018,8.739937460444006,6,9.653170667126392e-05,0.00018920214507567727,0.0019995652105096492,0.003919147812598912,0.00014024029990918361,0.0002748709878219999,0.0002300160208344475,0.0004508314008355171,0.0002520597620530181,0.0004940371336239154,0.0001601234759406374,0.0003138420128436493,1.6172605031497278,3.1698305861734664,3.5569570454490114,6.9716358090800625,0.0002330667976304681,0.0004568109233557175,0.00015423748070587286,0.0003023054621835108,2.872303650356708,5.629715154699148,3.5657931333473516,6.988954541360809,0.00024591151302954335,0.000481986565537905,0.0001521821601686516,0.0002982770339305571,1.8283274463888057,3.583521794922059,1.330151943974221,2.6070978101894733,0.00014935684044872687,0.00029273940727950464,0.00010077789720117841,0.00019752467851430968,0.9556014113081668,1.872978766164007,1.6273316210387259,3.1895699772359025,0.00014194567878309823,0.00027821353041487253,9.073389676805157e-05,0.00017783843766538108,0.7386473977887362,1.447748899665923,1.6719792647018468,3.2770793588156195,0.0001436360015782821,0.00028152656309343287,0.0001025183483369087,0.00020093596274034105,0.6349292667368182,1.2444613628041636,1.7303057630477183,3.3913992955735277,0.0002268679661504317,0.0004446612136548461,0.00012485862375341618,0.0002447229025566957,2.923682270708723,5.730417250589097,3.568064526987342,6.99340647289519
softplus,gpu_geometry,20,highdim_poly3,Sparse cubic,924.0,4.0,231,230,0.000600643283619643,0.00023645342534461543,6,0.021976434499237012,0.004897914473169472,6,0.000872791792317495,0.0003435171761523819,6,0.001210967703842003,0.00047924091052653966,6,0.001311348603396734,0.0005783336120676605,6,0.0008339195873583644,0.00032646977311615,6,-7.541777905589497,9.165244465188264,6,-3.38342425828483,5.965638067595302,6,0.0012770090538070605,0.0005295601581917847,6,0.0008216947106972545,0.0003493852082814083,6,-5.476069617309302,6.461061874725261,6,-0.5613129363543856,8.085375610979476,6,0.0012809878608272965,0.000545417627649702,6,0.0008093680837593548,0.0003346548505603619,6,-5.150707113996502,5.750231106276853,6,0.9679416720729099,5.9307443810266856,6,0.0009223784142900291,0.00036301042027940913,6,0.0006408887537733679,0.0002518829598964827,6,23.74688731008759,0.8614619579084933,6,20.911979668006634,2.1630655348099213,6,0.0008981691636828249,0.000354099160556973,6,0.0006397845304450144,0.000265143070157734,6,25.704291765120008,1.1562554883380434,6,22.062264677497044,4.361984816986262,6,0.0008965065331874455,0.00035338284126498477,6,0.0006078403159611606,0.0002186529049387009,6,25.78687171388937,1.471678720535087,6,23.913012571784236,4.431999183773904,6,0.0012338692478859107,0.0005098507164816324,6,0.0007933428264449999,0.000329884077667522,6,-0.8784340138911951,6.144445378637765,6,3.218878987912753,6.08003873002802,6,9.653170667126392e-05,0.00018920214507567727,0.0019995652105096492,0.003919147812598912,0.00014024029990918361,0.0002748709878219999,0.00019564928244280498,0.00038347259358789774,0.0002361037084444134,0.00046276326855105025,0.00013328072676279347,0.0002612302244550752,3.7416953845964915,7.333722953809123,2.4354615426219257,4.773504623538974,0.000216192029279569,0.0004237363773879553,0.00014263591399424566,0.0002795663914287215,2.63771746493783,5.169926231278146,3.3008407709405834,6.469647911043543,0.00022266581407684666,0.0004364249955906194,0.0001366222706367073,0.0002677796504479463,2.3475220189096535,4.60114315706292,2.421216254732306,4.74558385927532,0.00014819838349963723,0.00029046883165928896,0.00010283078777471684,0.000201548344038445,0.35169037161579475,0.6893131283669577,0.883067806747452,1.730812901225006,0.0001445603769520732,0.00028333833882606346,0.00010824420512023502,0.00021215864203566064,0.47203932645346536,0.9251970798487921,1.7807728445639681,3.4903147753453774,0.00014426794082569272,0.00028276516401835774,8.926467464618221e-05,0.00017495876230651713,0.6008103217704945,1.1775882306701693,1.8093560901129326,3.546337936621348,0.00020814568339540216,0.0004079655394549882,0.00013467461075901407,0.0002639622370876676,2.508459321677451,4.916580270487804,2.4821654174880163,4.865044218276512
softplus,gpu_geometry,20,highdim_poly4,Sparse quartic,462.0,2.0,231,230,0.000841747114548944,0.0002294428384854148,6,0.025873966996514203,0.003253713622699743,6,0.001224269426346578,0.0003268897329785514,6,0.00259898842090686,0.0007527833185568413,6,0.003991618944135321,0.001511690720298585,6,0.0018228805030931783,0.000512415126667654,6,-51.783699277924796,29.530219615142062,6,-6.088476740916829,8.276195887408335,6,0.0025417228617354358,0.0005047268549419309,6,0.0015899893720307022,0.0002190178099651776,6,0.02432913768353906,11.61286359772006,6,4.559255395190761,14.866731432245013,6,0.002629533884943802,0.0009582963426049548,6,0.001746154475230323,0.0006216111617131064,6,-0.09849769062068514,10.894940920641416,6,-0.7552521982187029,12.829707454675047,6,0.0013503935872557432,0.00037156434515661993,6,0.0009268403854754484,0.0002920300579484536,6,47.854135644108766,2.471744192422059,6,46.45646718742049,3.470751169068785,6,0.0012325585438695565,0.0003332650179780367,6,0.0008761478433290962,0.00023359118935628722,6,52.37484975324029,1.2573122831135717,6,48.717439506056074,5.227546937129721,6,0.001239095855162723,0.00033901970086430553,6,0.000911463131107819,0.0002579626928644588,6,52.15225142462693,1.5005879989857238,6,46.94307382212344,4.754455470689973,6,0.0027442764959093057,0.0008044130996500321,6,0.001756171829528563,0.0004857884356484601,6,-5.587616111144732,5.641922693248945,6,-2.207586126049548,4.907473556838792,6,9.366964657084684e-05,0.00018359250727885981,0.0013283230241261529,0.0026035131272872597,0.0001334521746586823,0.0002615662623310173,0.0003073225028905441,0.0006023521056654664,0.0006171451522719832,0.001209604498453087,0.0002091925994698936,0.00041001749496099145,12.055661674904183,23.6290968828122,3.3787428225785066,6.622335932253873,0.00020605387568124547,0.0004038655963352411,8.941364649942299e-05,0.00017525074713886906,4.740931711159241,9.292226153872111,6.069317691999405,11.895862676318833,0.0003912228436262452,0.0007667967735074405,0.0002537716941026316,0.000497392520441158,4.447841005556644,8.717768370891022,5.237706135522568,10.265904025624232,0.00015169050870751484,0.00029731339706672906,0.00011922077192151904,0.00023367271296617732,1.0090853410202874,1.9778072683997632,1.4169282313977856,2.7771793335396597,0.00013605487386094209,0.0002666675527674465,9.536320372212478e-05,0.00018691187929536457,0.5132955901603322,1.006059356714251,2.134137100402812,4.182908716789511,0.00013840421331142298,0.00027127225809038904,0.00010531282836536988,0.00020641314359612497,0.6126124852765108,1.2007204711419612,1.9409983179957429,3.804356703271656,0.0003284002727588627,0.0006436645346073709,0.00019832229838059819,0.00038871170482597246,2.3033052944481556,4.514478377118385,2.0034676900760506,3.926796672549059
softplus,gpu_geometry,20,highdim_poly4,Sparse quartic,693.0,3.0,231,230,0.000841747114548944,0.0002294428384854148,6,0.025873966996514203,0.003253713622699743,6,0.001224269426346578,0.0003268897329785514,6,0.0019484042037948696,0.000548030446940049,6,0.002506379324454035,0.0008913499735129036,6,0.0013393291221817027,0.00038599706463968365,6,-26.97867542753711,14.238530690148897,6,-2.8879416584545083,8.621859931403383,6,0.0019107394936719584,0.0004248562412915932,6,0.0012153379850792384,0.000248834260540406,6,0.6828277656637134,5.6148205973627885,6,5.284992393787444,8.026438108921797,6,0.0020611950702064527,0.0005805609985119474,6,0.001344324701441856,0.0003839400414896456,6,-6.058649694709307,7.071123030112659,6,-3.272543691678275,7.4509298207614005,6,0.0013258392489420387,0.00037035773758128737,6,0.0009050874059932179,0.00020915635726831733,6,31.90902927388255,2.8921248485731272,6,29.737352799639364,7.068667946676118,6,0.001252320702007788,0.00034977911740075523,6,0.0008509694350062441,0.00025893752589518427,6,35.69290194646272,0.6858454935102741,6,34.86451740943492,6.8119741241695655,6,0.001253520431507527,0.0003519558858165921,6,0.0008841797894975691,0.00024715390669970995,6,35.64439629871591,1.2810650578380378,6,32.10370794923473,6.2412281190310805,6,0.0018614950108323605,0.0005402233860407102,6,0.0011949192424625349,0.00033135714482551785,6,4.593968858849553,2.245759760409779,6,8.35722358476688,2.262411658333752,6,9.366964657084684e-05,0.00018359250727885981,0.0013283230241261529,0.0026035131272872597,0.0001334521746586823,0.0002615662623310173,0.0002237324930854218,0.00043851568644742673,0.0003638921028916525,0.0007132285216676389,0.0001575826417632201,0.0003088619778559114,5.812855812970535,11.393197393422248,3.519859577614311,6.898924772124049,0.00017344683420019542,0.000339955795032383,0.00010158616147446025,0.0001991088764899421,2.2922409101346446,4.492792183863903,3.2767796364813253,6.422488087503398,0.00023701303515249588,0.0004645455488988919,0.00015674286557877247,0.00030721601653439405,2.886773888703144,5.658076821858162,3.0418293616920593,5.961985548916436,0.00015119791322762457,0.00029634790992614417,8.538772529443953e-05,0.00016735994157710148,1.180705025238038,2.3141818494665545,2.8857716050872306,5.656112345970972,0.00014279672671881717,0.0002798815843688816,0.00010571080228365125,0.00020719317247595644,0.2799952502479139,0.5487906904859112,2.780976790876296,5.45071451011754,0.00014368538870331832,0.0002816233618585039,0.0001009001598916217,0.00019776431338757851,0.5229926198353688,1.0250655348773228,2.54797070998943,4.9940225915792835,0.00022054527381971947,0.00043226873668665013,0.00013527598790800434,0.0002651409362996885,0.916827582979827,1.796982062640461,0.9236256918402678,1.8103063560069248
softplus,gpu_geometry,20,highdim_poly4,Sparse quartic,924.0,4.0,231,230,0.000841747114548944,0.0002294428384854148,6,0.025873966996514203,0.003253713622699743,6,0.001224269426346578,0.0003268897329785514,6,0.0017096733647047266,0.0004771300255784578,6,0.0019889922835151495,0.0005741306914221603,6,0.001152841534970271,0.0002761371026232178,6,-16.2186513097772,3.7690309600659084,6,-1.1730514103040248,9.593184071516008,6,0.0017762451667540956,0.00041221966626640117,6,0.0010764227237615445,0.00024244551344734116,6,-4.918689757398875,4.539668503361035,6,5.329958930156109,7.761509515730856,6,0.001800822419741362,0.00048247130094553964,6,0.0011586821678878148,0.00033513025702205685,6,-5.60801069271069,3.5143662065289822,6,-0.47352702913538103,5.350657070279341,6,0.001313563523121223,0.0003801540925517553,6,0.0009158797565901334,0.0003082484517259543,6,23.30238450599781,3.708346544985558,6,21.335299082165488,7.136059466798844,6,0.0012587596101380333,0.0003506017212974364,6,0.0008802806550205549,0.0002339140890642389,6,26.360195408013848,1.3633875970848923,6,23.24175302551431,6.01187908367453,6,0.0012558968932341458,0.0003467163639682653,6,0.0009109996945351569,0.0002188654786680057,6,26.489210111021023,1.4398506185968007,6,20.20477104237034,4.097871358821031,6,0.0017243281882677699,0.0004022817316020603,6,0.001173374952421503,0.0003197501201282146,6,-1.8875197611886534,6.699213848351105,6,-2.4467545689961603,11.867667474693576,6,9.366964657084684e-05,0.00018359250727885981,0.0013283230241261529,0.0026035131272872597,0.0001334521746586823,0.0002615662623310173,0.00019478751727138464,0.00038178353385191386,0.0002343878732759326,0.0004594002316208279,0.00011273250007957297,0.00022095570015596302,1.5387004461522795,3.0158528744584676,3.916400997301572,7.676145954711081,0.00016828797404884243,0.00032984442913573116,9.897796639551056e-05,0.00019399681413520068,1.8533119057697864,3.6324913353087815,3.1686229912161274,6.210501062783609,0.00019696808380889255,0.0003860574442654294,0.00013681635451196975,0.0002681600548434607,1.4347339958794285,2.8120786319236797,2.184396601799923,4.281417339527849,0.00015519725839709526,0.0003041866264583067,0.00012584190345525344,0.00024665013077229675,1.5139261374379271,2.9672952293783372,2.9132840779690943,5.710036792819425,0.0001431325533533662,0.00028053980457259773,9.549502697588734e-05,0.00018717025287273917,0.5566006557495414,1.0909372852691013,2.454339358385582,4.810505142435741,0.00014154636286589083,0.000277430871217146,8.935145750776841e-05,0.00017512885671522609,0.5878165535654796,1.15212044498834,1.6729489767795136,3.2789799944878464,0.0001642308292113837,0.00032189242525431207,0.00013053743991795847,0.0002558533822391986,2.7349426010411757,5.360487498040705,4.844954958337243,9.496111718340996
softplus,iterative_dopt,5,highdim_poly2,Quadratic,42.0,2.0,21,20,0.0009836208800040555,0.0007136960239184092,6,0.0028558201937384973,0.0019715548976407585,6,0.00034091321739091346,0.0002339532416242715,6,0.0006019283734311735,0.000362923326766007,6,0.0006006898318886674,0.00037967704073193766,6,0.0013197366173035116,0.0009498453653307567,6,-0.15864221350614946,23.77496320641396,6,14.251113939938984,26.173047769685063,6,0.0005795515852042445,0.0003473072535140785,6,0.0013624272438841252,0.0009031773459459124,6,3.4887664302511467,17.12853105686813,6,10.416602417378844,17.94041399797449,6,0.0005401481517628266,0.00035995618308785513,6,0.001228988426488684,0.0009313362096865749,6,12.104268506556854,20.04559101849103,6,19.772594121909968,14.344403241888747,6,0.0003613296858203142,0.00023518411675889703,6,0.0007406093958997727,0.0005132089003297385,6,43.23207315765626,9.32873424872656,6,49.51013208834482,11.609818332377092,6,0.00034146443809885465,0.00023472284109529604,6,0.0008669240930473879,0.0007257855221797707,6,47.55685323522453,12.05489095436771,6,45.665687220229614,12.788846763036249,6,0.0003406250070497714,0.00023335048015071303,6,0.000825531142820822,0.0006704915113980803,6,47.610406225019936,11.756789187061896,6,47.366522988899426,11.521288007946952,6,0.0008120421115229188,0.0005512800015515491,6,0.0012766777554931044,0.0007872821098013917,6,-33.66143305686077,41.28136801706272,6,11.967116948643122,19.439640182755852,6,0.00029136518167554687,0.0005710757560840719,0.0008048839165174962,0.0015775724763742924,9.551101094158793e-05,0.00018720158144551233,0.0001481628277216803,0.0002903991423344934,0.00015500250280719205,0.0003038049055020964,0.00038777274660130485,0.0007600345833385575,9.706088084859744,19.023932646325097,10.68510200820295,20.942799936077783,0.00014178759251282203,0.00027790368132513116,0.0003687206074681078,0.0007226923906374913,6.9926935221235995,13.705679303362254,7.324143344887044,14.355320955978605,0.00014695149638751416,0.00028802493291952777,0.0003802164154516381,0.0007452241742852107,8.183578264636731,16.039813398687993,5.856078101225376,11.477913078401736,9.601351361107327e-05,0.0001881864866777036,0.00020951665621045482,0.00041065264617249145,3.808439809234308,7.464542026099243,4.739688486788965,9.289789434106371,9.582519860997559e-05,0.00018781738927555215,0.0002963006986733136,0.0005807493693996946,4.921388623848904,9.645921702743852,5.221024828013857,10.23320866290716,9.52649346004502e-05,0.00018671927181688238,0.000273727013298798,0.0005365049460656442,4.799689086962049,9.407390610445615,4.7035461331861494,9.218950421044854,0.00022505911820033567,0.0004411158716726579,0.0003214065754392015,0.0006299568878608349,16.853047920975445,33.03197392511187,7.936199871842695,15.554951748811682
softplus,iterative_dopt,5,highdim_poly2,Quadratic,63.0,3.0,21,20,0.0009836208800040555,0.0007136960239184092,6,0.0028558201937384973,0.0019715548976407585,6,0.00034091321739091346,0.0002339532416242715,6,0.0004944440264592325,0.00031084906389245587,6,0.000468625400393612,0.00026927321850082415,6,0.0009876939902379854,0.0006213425166040943,6,-1.1152048652706998,16.618349880869427,6,13.465270268606105,21.837625992429945,6,0.0004902479793601188,0.0002900964429885829,6,0.0011273929913386115,0.0007549695268015006,6,-1.611953465788721,7.25835970548452,6,8.854880181172517,17.785053205817324,6,0.0005004189550414937,0.0003259192138209543,6,0.0011598503062949053,0.0008220713605335667,6,0.755300928010357,12.515423412709964,6,7.698220948933414,8.867482239640031,6,0.0003638989275613586,0.00023311033636114558,6,0.0008862555092224253,0.0005924623107106422,6,26.90366723396552,11.828937587033716,6,26.991479619282586,23.66113511068932,6,0.0003424001093157712,0.00023503468219690673,6,0.0009087545606653752,0.0007851895620785832,6,34.654887798908995,10.623192165933972,6,31.884523707920167,17.127700988023065,6,0.000343040494610158,0.00023598852803276198,6,0.0009444124713173918,0.0006211390371510435,6,34.507445494933314,10.669893480339326,6,25.50386441552962,12.422475065859608,6,0.0008584932613344445,0.0009331011012401816,6,0.0013917708545872537,0.0011392153974727817,6,-55.87642213264011,78.36541932962426,6,-6.898609688346802,25.691905957810174,6,0.00029136518167554687,0.0005710757560840719,0.0008048839165174962,0.0015775724763742924,9.551101094158793e-05,0.00018720158144551233,0.00012690359892638726,0.000248731053895719,0.00010993033112066372,0.0002154634489965009,0.000253662020196136,0.0004971775595844266,6.784412929195286,13.29744934122276,8.915173479198746,17.473740019229542,0.00011843137691973648,0.0002321254987626835,0.00030821501866902426,0.0006041014365912875,2.963212941335844,5.807897365018254,7.26071756708377,14.231006431484188,0.00013305596187173084,0.00026078968526859245,0.00033560922757713065,0.000657794086051176,5.109400212670249,10.01442441683369,3.62013446505171,7.095463551501352,9.516689630889378e-05,0.0001865271167654318,0.00024187172551188974,0.0004740685820033039,4.829143547910248,9.465121353904086,9.659617959373401,18.932851200371864,9.595250720660452e-05,0.00018806691412494485,0.00032055229640865087,0.0006282825009609557,4.3369000410116465,8.500324080382827,6.992354647936635,13.705015109955804,9.63419131384585e-05,0.00018883014975137866,0.0002535789500572834,0.0004970147421122754,4.355965772780047,8.537692914648893,5.0714542089671495,9.940050249575613,0.00038093692941125213,0.0007466363816460541,0.0004650827384883734,0.0009115621674372119,31.992548472802874,62.70539500669363,10.488676686034342,20.55780630462731
softplus,iterative_dopt,5,highdim_poly2,Quadratic,84.0,4.0,21,20,0.0009836208800040555,0.0007136960239184092,6,0.0028558201937384973,0.0019715548976407585,6,0.00034091321739091346,0.0002339532416242715,6,0.00044957219874695495,0.0002900230200519633,6,0.0004519420579029465,0.0002422064361107908,6,0.001023255817725579,0.0006822830230852274,6,-14.843795685654461,36.03273798634636,6,6.770006241473202,13.125602796891386,6,0.0004593732118316183,0.0002819337218757378,6,0.0009712201855991798,0.0006599414175248289,6,-5.816732833450023,12.801622487716857,6,12.088247684002384,18.844394502391236,6,0.0004448327948672246,0.00028061391729437103,6,0.0011156999679433736,0.0007241898459260203,6,-1.2111989054394918,9.652095654641041,6,1.9730529749315933,5.196528351489257,6,0.00035774354338722605,0.0002270783076967856,6,0.0010395880309438073,0.0008400025064698336,6,17.530763520677834,15.051872114305889,6,16.346943075071,15.638576570382561,6,0.0003425694046204999,0.00023471622430322068,6,0.0008856374779966895,0.0005703874990773453,6,26.306500217865107,7.429371584557963,6,23.414661823521556,15.889720124990504,6,0.0003431298593768758,0.0002356406786678807,6,0.0010113352912984011,0.0008012913929681486,6,26.244977793447095,7.600138831300972,6,19.238106460800992,21.926111123598574,6,0.0005773296207228335,0.00040128050086489134,6,0.0010430321755212153,0.0006993464918184916,6,-24.141257072052596,19.040275911725388,6,5.650895537366239,13.997234590205307,6,0.00029136518167554687,0.0005710757560840719,0.0008048839165174962,0.0015775724763742924,9.551101094158793e-05,0.00018720158144551233,0.00011840140213138068,0.00023206674817750613,9.888036348157522e-05,0.0001938055124238874,0.0002785408777870605,0.0005459401204626386,14.710303683658202,28.832195219970075,5.358504903138607,10.50266961015167,0.00011509895997988417,0.00022559396156057298,0.00026941995551080987,0.0005280631128011873,5.226240495774153,10.24343137171734,7.693191840427841,15.078656007238568,0.00011456015201579482,0.00022453789795095786,0.0002956492665705862,0.0005794725624783489,3.940451550400886,7.723285038785737,2.1214738158424855,4.158088679051271,9.27043309186398e-05,0.00018170048860053403,0.0003429295872516696,0.0006721419910132724,6.144901058946071,12.044006075534298,6.384422150146903,12.513467414287929,9.582249731592247e-05,0.00018781209473920803,0.00023285972140028448,0.0004564050539445576,3.03302824861659,5.944735367288516,6.486951076976614,12.714424110874162,9.619990422990678e-05,0.00018855181229061727,0.0003271258413426541,0.0006411666490316021,3.102743685166644,6.081377622926622,8.951297382729809,17.544542870150426,0.00016382207847457462,0.00032109127381016624,0.0002855070097267992,0.0005595937390645264,7.773160090922161,15.235393778207436,5.714347092672967,11.200120301639016
softplus,iterative_dopt,5,highdim_smooth,Smooth,42.0,2.0,21,20,0.002909449788222771,0.0012889133105355591,3,0.014877292038591977,0.0057938106046888736,3,0.0012277416616953511,0.0006784125157584336,3,0.0026579008594817236,0.0013622510049654253,3,0.006904055723134245,0.0027558688985254063,3,0.009339416840473883,0.003068441929599998,3,-168.73181631569864,26.34050717999685,3,-66.6618685217763,21.88580763818808,3,0.00630660850221152,0.0017935311109316694,3,0.009586933820655263,0.00231296181494007,3,-153.78840990760003,48.32103532491224,3,-75.04258595802794,34.408238981429044,3,0.005253481230356701,0.0007147210260481454,3,0.009830960289004235,0.0029987871536966346,3,-124.57939986461673,85.0486616449357,3,-77.25613108537176,37.750739441251504,3,0.003067661771011017,0.002824018704812523,3,0.006399382298550172,0.005231865015693437,3,-42.374598766014635,162.660621409563,3,-27.951140411192565,130.95609402257546,3,0.001228412803388087,0.0006782641645757748,3,0.0026880872842515,0.0018502514276834848,3,54.340696455051464,1.6345326465650956,3,56.26909207525481,13.419363025980921,3,0.001229170479442875,0.0006815629344330195,3,0.002973797888475399,0.0015935806719814868,3,54.346916507280575,1.7499489295452808,3,49.90140101634554,3.306002776090807,3,0.004380872914822291,0.0023187075868674185,3,0.006905098320530896,0.0028297067706597634,3,-64.03576451289753,11.411249366678339,3,-20.488701331316648,11.046766420025701,3,0.0007441544467997968,0.0014585427157276017,0.00334505811225083,0.006556313900011626,0.00039168164859474286,0.000767696031245696,0.0007864959844206265,0.0015415321294644279,0.0015911016504149608,0.003118559234813323,0.0017715657740472936,0.0034722689171326955,15.207698910962453,29.807089865486407,12.635776931340256,24.7661227854269,0.001035495669696368,0.0020295715126048813,0.0013353891264809748,0.0026173626879027103,27.898162752359497,54.68039899462461,19.865606038269036,38.93658783500731,0.0004126443767843823,0.0008087829784973892,0.0017313505704291438,0.003393447118041122,49.10286769492103,96.24162068204522,21.79539957851398,42.7189831738874,0.0016304479594200488,0.0031956780004632956,0.0030206186751743913,0.005920412603341807,93.912153557363,184.06782097243146,75.60753613595588,148.19077082647354,0.00039159599799950027,0.0007675281560790205,0.0010682431598415495,0.002093756593289437,0.9436978634935894,1.8496478124474351,7.747672855403396,15.185438796590656,0.0003935005436645751,0.0007712610655825671,0.0009200542299438962,0.0018033062906900365,1.0103334855410653,1.980253631660488,1.9087215927176777,3.7410943217266484,0.0013387064494499318,0.002623864640921866,0.001633731965768121,0.0032021146529055172,6.588287893641686,12.913044271537705,6.377853566276757,12.500592989902444
softplus,iterative_dopt,5,highdim_smooth,Smooth,63.0,3.0,21,20,0.002909449788222771,0.0012889133105355591,3,0.014877292038591977,0.0057938106046888736,3,0.0012277416616953511,0.0006784125157584336,3,0.0021831417028139836,0.001236716942831805,3,0.0077012245579299934,0.005749483058670135,3,0.009067610902136822,0.002879117154237709,3,-231.204948984583,57.14544508240562,3,-94.38732048620558,30.372588514224432,3,0.00556667345127633,0.0015068766271805552,3,0.00836196563823804,0.0012945607582264139,3,-180.5873564573393,67.89251897403173,3,-88.81711575801923,60.07189907919029,3,0.004574936129300871,0.0010974324166117082,3,0.007868627136818549,0.0016841341992840826,3,-138.5772594752013,95.08027405660695,3,-73.7545391414441,42.31274088234427,3,0.004322721373511786,0.0020201935854435465,3,0.0079249197729579,0.001874359585481409,3,-166.84510967020347,184.0782316828106,3,-95.2048351631593,105.04011255226582,3,0.0012402883848573849,0.000681262905250888,3,0.0031450485935839846,0.0020809716070521412,3,42.85605162096602,1.0304294940943073,3,39.09844668506539,9.423626777225243,3,0.0012378675289381868,0.0006756980357569116,3,0.003175586658670781,0.0015145855987122301,3,42.901596593237606,1.22307170743826,3,34.98389073356083,1.2723612887221618,3,0.00261294798581364,0.0015971037463097248,3,0.004471793870351092,0.0019075687445635847,3,-17.89669594526281,7.258724408325075,3,6.853578134121566,12.450422845580563,3,0.0007441544467997968,0.0014585427157276017,0.00334505811225083,0.006556313900011626,0.00039168164859474286,0.000767696031245696,0.0007140188598553137,0.0013994769653164147,0.0033194655916243955,0.006506152559583815,0.0016622590640276106,0.0032580277654941166,32.99293810128786,64.66615867852421,17.535622154673213,34.3698194231595,0.000869995626338249,0.001705191427622968,0.0007474150022443462,0.0014649334043989185,39.197764105618994,76.82761764701323,34.68252710410255,67.97775312404099,0.0006336029011481913,0.0012418616862504548,0.00097233533330812,0.001905777253283915,54.89462182120542,107.59345876956262,24.42927233857235,47.8813737836018,0.0011663593103709868,0.002286064248327134,0.001082162011235847,0.00212103754202226,106.27761661402101,208.30412856348119,60.64493725775927,118.86407702520816,0.00039332732173550674,0.0007709215506015932,0.001201449517507522,0.002354841054314743,0.5949187457962782,1.1660407417607053,5.44073345657356,10.663837574884178,0.00039011444283515434,0.0007646243079569025,0.0008744464031272366,0.0017139149501293838,0.7061407795276946,1.3840359278742813,0.7345981325501993,1.4398123397983906,0.0009220882778556795,0.0018072930245971318,0.001101335328171502,0.002158617243216144,4.19082649111979,8.214019922594787,7.188254981420605,14.088979763584385
softplus,iterative_dopt,5,highdim_smooth,Smooth,84.0,4.0,21,20,0.002909449788222771,0.0012889133105355591,3,0.014877292038591977,0.0057938106046888736,3,0.0012277416616953511,0.0006784125157584336,3,0.0019517331185808686,0.001127016687093658,3,0.005824544083780084,0.0026764958036384315,3,0.006875099204829344,0.0023371689789419637,3,-210.63118689802528,32.43011551309197,3,-67.0603583752121,29.023933515225647,3,0.005509793369734923,0.0024190608809375375,3,0.008041463922423806,0.0027623320758429696,3,-195.8381289827919,35.21276543356496,3,-95.14217576355531,33.13386073386495,3,0.004491277633131007,0.001397717939737739,3,0.00636542162608129,0.0016490484258739025,3,-152.50017677547973,66.85010604198385,3,-58.93159640008083,41.543587422192864,3,0.003589745036151441,0.001354916062697358,3,0.007013692946498767,0.002571662030480174,3,-144.58298378449504,157.883493023772,3,-107.09348824489945,130.47295575407526,3,0.0012417773533208072,0.0006761653783201482,3,0.0031080688294343635,0.0024475318695609716,3,35.650225101738975,1.8957863642456754,3,34.406674851476254,18.483048818517243,3,0.00123893517597928,0.0006778917119090003,3,0.002827167929137278,0.0009741595371502082,3,35.85589589189781,1.7607597641316133,3,31.41500044390717,11.587477005109825,3,0.002341784341600517,0.0010783866000964562,3,0.004579390817924179,0.0020028051479125735,3,-26.519027787811883,38.64217796431567,3,-7.937005549202354,13.131003924321503,3,0.0007441544467997968,0.0014585427157276017,0.00334505811225083,0.006556313900011626,0.00039168164859474286,0.000767696031245696,0.0006506833876747237,0.0012753394398424584,0.0015452755727155523,0.0030287401225224824,0.0013493651391337856,0.00264475567270222,18.723535921334307,36.69813040581524,16.75697582795733,32.84367262279637,0.0013966454507953806,0.0027374250835589457,0.0015948331675790764,0.0031258730084549897,20.33009960197988,39.84699521988057,19.1298434139885,37.49449309141746,0.0008069728287587528,0.0015816667443671554,0.0009520785525850263,0.0018660739630666516,38.59592671869441,75.64801636864104,23.985201381305803,47.01099470735937,0.0007822611535276676,0.0015332318609142285,0.0014847497655624683,0.0029101095405024376,91.15407719787316,178.66199130783139,75.32859612658149,147.6440484080997,0.0003903842631898427,0.0007651531558520917,0.001413083183741215,0.0027696430401327812,1.0945327677232626,2.1452842247375945,10.671193210815925,20.915538693199213,0.00039138096235207757,0.000767106686210072,0.000562431271007314,0.0011023652911743354,1.016575123799649,1.992487242647312,6.690032968128756,13.112464617532362,0.0006226067938561743,0.0012203093159581016,0.0011563200912816927,0.0022663873789121177,22.310071849771077,43.72774082555131,7.581188650437053,14.859129754856623
softplus,iterative_dopt,10,highdim_poly2,Quadratic,132.0,2.0,66,65,0.0013687200807285325,0.0005506989523546738,6,0.007644020197729271,0.001838466471278275,6,0.0010130916809279785,0.00038230818230575224,6,0.0019387124265400895,0.0006449263734357702,6,0.0016478683009974614,0.0006574676505338443,6,0.001943141153743439,0.0008222813900429876,6,15.407100754076538,14.55052114327777,6,22.70499441713319,15.11325264996724,6,0.0014300884659622334,0.0004233323993385359,6,0.0017723434216489347,0.0004699725016943171,6,25.26618441735577,5.347864137041951,6,27.160724197802647,6.01149156009179,6,0.0015826271016052358,0.0005757223461982095,6,0.001946861022566621,0.0006522790306346174,6,18.90124017806301,7.519750853470296,6,21.75670790344755,5.860313451140517,6,0.0010723336853484763,0.00041321460067530075,6,0.0014582348276295169,0.0005203315630708144,6,45.346839506402034,3.10644480975559,6,41.54871319777984,5.062001935974574,6,0.001019074955963039,0.00038413941680180176,6,0.0014153316260518385,0.0005814121883792523,6,47.96647002441566,2.6411839837871263,6,43.81680891892463,5.907926344785675,6,0.0010144227105626476,0.0003785812880914772,6,0.0013818130405694393,0.0005048850496922331,6,48.149586777688796,2.4794543923327534,6,43.78684072969779,10.730302345518,6,0.0018785365073367016,0.0006803312882057996,6,0.0023563860485636035,0.0008670589912809259,6,3.5909360662181906,10.559468872056716,6,5.8431582705221174,5.576412245286887,6,0.00022482190585903597,0.0004406509354837105,0.0007505507939744865,0.0014710795561899935,0.00015607666185667025,0.0003059102572390737,0.00026329008943021216,0.0005160485752832158,0.00026841004436573446,0.0005260836869568395,0.0003356949717652987,0.0006579621446599855,5.940225382101444,11.64284174891883,6.169959557697574,12.093120733087245,0.00017282472832792265,0.0003387364675227284,0.00019186547038172993,0.00037605632194819065,2.1832563915803784,4.279182527497541,2.4541811525454142,4.810195058989012,0.00023503766361726336,0.00046067382068983617,0.0002662917991620083,0.0005219319263575363,3.0699254306434236,6.0170538440611105,2.3924629480104973,4.689227378100575,0.00016869415432039936,0.00033064054246798274,0.00021242447109804974,0.00041635196335217746,1.26820078300306,2.4856735346859975,2.066553636686385,4.050445127905314,0.00015682426020912092,0.000307375550009877,0.00023736053196068326,0.0004652266426429392,1.0782588461816296,2.113387338515994,2.411900830445171,4.727325627672535,0.00015455516366495278,0.00030292812078330745,0.00020611845841761673,0.0004039921784985288,1.012233016952963,1.9839767132278074,4.380627588718103,8.586030073887482,0.0002777440853590954,0.0005443784073038269,0.00035397535092175956,0.0006937916878066487,4.31088511522353,8.449334825838118,2.2765607660601237,4.462059101477842
softplus,iterative_dopt,10,highdim_poly2,Quadratic,198.0,3.0,66,65,0.0013687200807285325,0.0005506989523546738,6,0.007644020197729271,0.001838466471278275,6,0.0010130916809279785,0.00038230818230575224,6,0.0014692331861396526,0.0005045068334961993,6,0.0015202492516979856,0.0005047746202376,6,0.0017531556101313614,0.000668583740015757,6,-4.974018171740259,19.126810041984776,6,8.163052537897059,14.881562680440783,6,0.0012572730709312053,0.00041505262072414993,6,0.0016241868978863223,0.0005738563086718492,6,14.108740192207236,2.6207401439956035,6,14.458976111758792,5.846607973208382,6,0.0013174448818013419,0.0004787111130385854,6,0.0017408511706352983,0.0006831431649208328,6,11.036913515803525,4.366565134761095,6,8.974580906161952,16.180207801450674,6,0.0010590412114165589,0.0003907535165209075,6,0.0014887482908673706,0.0006892138188942991,6,28.478217179392445,3.407539274476735,6,23.733456578929918,16.42638666157042,6,0.001020552714873957,0.0003834259271395055,6,0.001311629766985687,0.0005356860894943998,6,31.1360384112691,3.109296236560694,6,31.087562682712406,9.287073581659222,6,0.001018515822804626,0.000381735654393214,6,0.001223875474078993,0.0004179322078483425,6,31.266909028502837,2.9509153812720887,6,35.153120566699506,5.364978934412335,6,0.0014596057949694038,0.0004615912736591938,6,0.0017979557487591946,0.0005789643557812532,6,-0.05293194495436163,5.716492172188541,6,4.804222868959899,5.964800016413001,6,0.00022482190585903597,0.0004406509354837105,0.0007505507939744865,0.0014710795561899935,0.00015607666185667025,0.0003059102572390737,0.00020596405230216016,0.0004036895425122339,0.0002060733757815459,0.00040390381653183,0.0002729481688933687,0.0005349784110310026,7.808487501667333,15.304635503267972,6.075372523720773,11.907730146492716,0.00016944452286318034,0.00033211126481183344,0.00023427585698718536,0.0004591806796948833,1.0699126835362234,2.097028859730998,2.3868677100747133,4.678260711746438,0.00019543299352405558,0.0003830486673071489,0.0002788920292210029,0.0005466283772731657,1.782642751465325,3.493979792872037,6.605542174292298,12.946862661612903,0.00015952445511240336,0.00031266793202031057,0.0002813703633276681,0.0005514859121222295,1.3911220834935993,2.7265992836474546,6.706044273084526,13.14384677524567,0.00015653297927422483,0.0003068046393774807,0.00021869293026136066,0.0004286381433122669,1.2693648731216265,2.487955151318388,3.791431913124483,7.431206549723987,0.00015584292831513367,0.000305452139497662,0.00017062010938387372,0.0003344154143923925,1.2047061597078488,2.3612240730273837,2.1902434783484734,4.292877217563007,0.00018844384836440306,0.00036934994279423,0.00023636120848720838,0.0004632679686349284,2.333748156746027,4.574146387222213,2.4351194096594297,4.772834042932482
softplus,iterative_dopt,10,highdim_poly2,Quadratic,264.0,4.0,66,65,0.0013687200807285325,0.0005506989523546738,6,0.007644020197729271,0.001838466471278275,6,0.0010130916809279785,0.00038230818230575224,6,0.0013300279397741646,0.0004681293159006358,6,0.0015115484017116751,0.0005022988052739182,6,0.001758301301076047,0.0007419287087389043,6,-15.240799851463727,17.05662218179381,6,-1.6881431435898218,21.425248772018975,6,0.0011963707803270092,0.0004078594875111674,6,0.0017322807127468224,0.0007884068339576544,6,9.712053155073711,1.8646160478642708,6,1.038415076465552,20.88315019224226,6,0.0011939551157180647,0.0003940090520104497,6,0.0016585017624293557,0.0006525652157704282,6,9.685448960895048,2.6084324259573215,6,4.571968930531811,8.652952351369752,6,0.0010525959566031967,0.0003843561513812028,6,0.0015586006655952565,0.0007070822754719271,6,21.0931309961375,2.2226296652406363,6,11.356497081603221,20.845827162221067,6,0.0010279893780084804,0.0003890859289537153,6,0.0014847093514981323,0.0006549122010403255,6,23.18609968978853,2.606989383638879,6,15.526513677068012,16.509876585470987,6,0.0010263443198250618,0.0003823390748006873,6,0.001415813061551529,0.0005433255900512585,6,23.221696241164057,2.0497284962655278,6,18.235744087723628,7.802504093865729,6,0.0012968727741862506,0.0004891138350282357,6,0.0016930306402991016,0.000694973185009178,6,2.9703345758651607,8.169075822755024,6,2.9569128483404143,10.364050105409055,6,0.00022482190585903597,0.0004406509354837105,0.0007505507939744865,0.0014710795561899935,0.00015607666185667025,0.0003059102572390737,0.00019111299293245228,0.00037458146614760643,0.00020506262855511792,0.0004019227519680311,0.00030289112698871903,0.0005936666088978893,6.963336846805329,13.648140219738444,8.746821183939728,17.143769520521868,0.0001665079385259014,0.0003263555595107667,0.00032186574215323916,0.0006308568546203487,0.7612263139120732,1.4920035752676635,8.525510365482996,16.710000316346672,0.00016085352191055338,0.0003152729029446846,0.00026640863375445927,0.0005221609221587401,1.0648880786875836,2.0871806342276638,3.532553004911965,6.923803889627451,0.0001569127417306458,0.0003075489737920658,0.00028866513017871255,0.0005657836551502766,0.907384761168758,1.7784741318907655,8.510273302281911,16.680135672472545,0.00015884366533889835,0.0003113335840642408,0.00026736678647863867,0.0005240389014981318,1.0642989591280123,2.086025959890904,6.740128891787891,13.210652627904267,0.00015608927366491564,0.00030593497638323463,0.00022181174330369597,0.0004347510168752441,0.8367981545154665,1.6401243828503143,3.185358957657977,6.243303557009635,0.00019967988699250115,0.0003913725785053022,0.00028372161469822295,0.000556094364808517,3.3350112393094142,6.536622029046452,4.231105737815066,8.292967246117529
softplus,iterative_dopt,10,highdim_smooth,Smooth,132.0,2.0,66,65,0.0025326773872812566,0.00039822702886399433,6,0.017462726864085787,0.0014590792943993745,6,0.0018326088737977394,0.00029912283887734115,6,0.004090424773582952,0.0007556094888088547,6,0.005862914092184862,0.0017001081648989704,6,0.00485235732496331,0.0005658950408923566,6,-43.003051663722665,25.92174849099521,6,0.5219842714964128,15.422956654214662,6,0.005505910591471427,0.0011287004098729215,6,0.005398146607432062,0.001058798445155779,6,-35.011731862676704,13.68480216703341,6,-9.003551215033362,11.479544381627989,6,0.004629564160352988,0.0007905928650534944,6,0.0053988589998528735,0.001054703018985543,6,-19.41029485801585,42.921319205397715,6,-13.305086305689997,36.72117558112818,6,0.0019369597524352361,0.0003287597270781087,6,0.0024889302959174592,0.0005027191011322911,6,52.483956264028414,1.8972783739207886,6,50.01314786148933,3.86894796438334,6,0.0018412661722477946,0.0003021316179291284,6,0.0024133151505418508,0.00041043616843762997,6,54.79505552958086,1.831114203862217,6,50.74357685994401,9.33936925078637,6,0.0018417404479522872,0.0003008177934987286,6,0.002347248818409281,0.0004767943234196457,6,54.779745735025955,1.8218056582875073,6,52.41980037204281,7.513097001154397,6,0.0038652993249968116,0.0010086998673341752,6,0.004343245303278658,0.0011925829763895677,6,5.157551138302185,17.92996746551476,6,11.897352621868395,20.96977827100052,6,0.00016257550375022915,0.00031864798735044915,0.0005956666275897642,0.001167506590075938,0.00012211638761037207,0.00023934811971632926,0.0003084762820644884,0.0006046135128463972,0.00069406625192366,0.0013603698537703736,0.00023102568302628247,0.00045281033873151365,10.582509507283016,20.74171863427471,6.296395687981397,12.340935548443538,0.00046079001277648173,0.0009031484250419042,0.00043225265518064297,0.0008472152041540602,5.5867970900275585,10.950122296454014,4.6865043691036705,9.185548563443193,0.0003227581856110167,0.0006326060437975927,0.0004305807044479233,0.0008439381807179297,17.52255519005739,34.34420817251248,14.991357154818932,29.383060023445104,0.00013421559655300405,0.0002630625692438879,0.00020523421362078772,0.00040225905869674394,0.7745606526872199,1.5181388792669508,1.5794913923531415,3.0958031290121575,0.00012334471651464772,0.00024175564436870953,0.00016755986410920057,0.0003284173336540331,0.7475492433708477,1.4651965170068615,3.8127815306443056,7.473051800062839,0.0001228083499369673,0.00024070436587645593,0.00019465046743894458,0.00038151491618033137,0.7437490455532675,1.4577481292844043,3.0672090068104585,6.011729653348499,0.0004117999964303025,0.0008071279930033929,0.0004868699613473466,0.0009542651242407993,7.319878565869084,14.346961989103404,8.560876130542225,16.77931721586276
softplus,iterative_dopt,10,highdim_smooth,Smooth,198.0,3.0,66,65,0.0025326773872812566,0.00039822702886399433,6,0.017462726864085787,0.0014590792943993745,6,0.0018326088737977394,0.00029912283887734115,6,0.0030579705939110216,0.0004794904120040294,6,0.0050858489408605765,0.0004381088654379711,6,0.004579459895499642,0.0005211939091451181,6,-68.17703269825299,15.432128386476949,6,-20.84181189839839,12.732358693063519,6,0.004387532393260986,0.00078667210763731,6,0.004298870149645675,0.000883391623488907,6,-43.10070311753133,7.715105454178818,6,-11.75507527470605,10.287131952656098,6,0.0038335010274109164,0.0004112717033580726,6,0.004029744139330345,0.00043948400981289667,6,-27.01082418584943,16.875023652822303,6,-6.504100580559347,12.665656836955518,6,0.001904002716893521,0.000340367369553368,6,0.002416465900508703,0.0005049039329510836,6,37.87610210853699,2.502803405344249,6,37.28215547508267,5.602798218287017,6,0.0018463263804431617,0.0003021777307409054,6,0.002353781773945292,0.00040824016904333676,6,39.662452506076235,1.4710853234031536,6,38.568696921565895,3.9306477164517566,6,0.0018414745056676972,0.00029970095298210547,6,0.00252895072022255,0.0005788207238459966,6,39.81232132631524,1.5316705329474656,6,34.435383006294295,8.418632614555237,6,0.003161881505173625,0.0006954953219100934,6,0.003709268608784366,0.0006552233130612297,6,-2.7969521940597075,10.892881862236171,6,3.2429200810815484,7.309948935354151,6,0.00016257550375022915,0.00031864798735044915,0.0005956666275897642,0.001167506590075938,0.00012211638761037207,0.00023934811971632926,0.00019575114099445838,0.00038367223634913844,0.00017885719535211433,0.0003505601028901441,0.00021277652240867242,0.00041704198392099795,6.300140031998068,12.348274462716214,5.197963670015887,10.188008793231138,0.00032115754309853584,0.0006294687844731302,0.0003606431200994428,0.000706860515394908,3.1496786124169285,6.17337008033718,4.199704033448033,8.231419905558145,0.00016790096981209415,0.00032908590083170454,0.00017941859569231867,0.0003516604475569446,6.889199557801959,13.502831133291838,5.170732751289029,10.134636192526497,0.0001389543967498444,0.00027235061762969503,0.0002061261674757608,0.00040400728825249117,1.0217652115989244,2.002659814733892,2.2873327944296524,4.483172277082119,0.00012336354199122415,0.00024179254230279932,0.0001666633511106207,0.00032666016817681654,0.6005680684058166,1.1771134140754005,1.6046802106571167,3.145173212887949,0.00012235240170533514,0.00023981070734245687,0.00023630257099518386,0.00046315303915056035,0.6253018766296768,1.2255916781941667,3.4368923729354974,6.736309050953575,0.00028393477619540977,0.0005565121613430031,0.0002674937974293156,0.0005242878429614586,4.4470003984827375,8.716120781026165,2.984274156236468,5.849177346223477
softplus,iterative_dopt,10,highdim_smooth,Smooth,264.0,4.0,66,65,0.0025326773872812566,0.00039822702886399433,6,0.017462726864085787,0.0014590792943993745,6,0.0018326088737977394,0.00029912283887734115,6,0.002636082755348138,0.0004262200387666176,6,0.004270748673687867,0.0005807202675961194,6,0.004116109506317869,0.00024836561908007134,6,-62.7433097075858,7.550464977745569,6,-26.119369157785357,17.830508669852716,6,0.004075388339757616,0.0009018856732303428,6,0.003875156016480985,0.0008113262653656301,6,-53.428161910691415,14.890630853088961,6,-15.749414766438628,6.4087265838732765,6,0.003726662583686962,0.0005128148881966733,6,0.003826159569353509,0.00036913471354181306,6,-42.12830583532571,11.083197490398321,6,-16.75719123448535,14.183745196899894,6,0.0018566566016762903,0.0003011221943447554,6,0.0023532413704317346,0.00029133099794320606,6,29.53905211754307,2.621431256118601,6,28.72085825476326,4.770055309886992,6,0.0018482988214347665,0.0003003175081151001,6,0.002552190723301085,0.0003761748570638288,6,29.86031733670102,2.6591441279521013,6,22.458359779413513,9.536022580784122,6,0.001844058502396951,0.00030412557929934984,6,0.002232366571799201,0.0005482457131250348,6,30.051112597566817,2.3154329210757125,6,33.290236228735665,8.590750622572688,6,0.0026403563860976265,0.0004656956670863891,6,0.003300735901797322,0.0005487506237920426,6,-0.3712700345156608,11.141338097441778,6,0.5199483093543996,8.374752697746226,6,0.00016257550375022915,0.00031864798735044915,0.0005956666275897642,0.001167506590075938,0.00012211638761037207,0.00023934811971632926,0.00017400360218791308,0.00034104706028830964,0.00023707805648383282,0.00046467299070831233,0.00010139483939943814,0.00019873388522289874,3.0824644193718984,6.041630261968921,7.2792746825684596,14.26737837783418,0.00036819328429013766,0.0007216588372086698,0.00033122256084394897,0.00064919621925414,6.079074589702023,11.914986195815963,2.6163516719165782,5.128049276956493,0.00020935580143070895,0.00041033737080418953,0.000150698615754313,0.00029536928687845347,4.524696428328492,8.868404999523845,5.79048972900941,11.349359868858445,0.00012293262106197355,0.00024094793728146813,0.00011893538186944508,0.00023311334846411234,1.070194828878956,2.0975818646027538,1.9473669256794368,3.816839174331696,0.00012260410928435693,0.0002403040541973396,0.00015357274231179616,0.0003010025749311205,1.0855910443334653,2.127758446893592,3.893064916429913,7.63040723620263,0.0001241587478352916,0.00024335114575717155,0.00022382037513743694,0.0004386879352693764,0.9452715317129083,1.8527322021573003,3.507159255466667,6.874032140714667,0.00019011945996444664,0.0003726341415303154,0.00022402650405407986,0.0004390919479459965,4.548432231760515,8.914927174250609,3.418978471912522,6.701197804948543
softplus,iterative_dopt,20,highdim_poly2,Quadratic,462.0,2.0,231,230,0.0019888857053032374,0.0005372679615898646,6,0.019812692779254966,0.005299420441717223,6,0.003030140915954025,0.0010012687289441251,6,0.005203953190483379,0.0014522434661428257,6,0.004433963216338311,0.0012893262685805783,6,0.002902245755730797,0.0007876570294000817,6,14.934824873001853,5.55185496863794,6,15.916908058549367,5.796848958781627,6,0.004082056790273673,0.0012692275196647034,6,0.0026645309769197634,0.0008208726298528471,6,21.9801748056987,3.766031659019692,6,23.42869981861041,3.9824898409735243,6,0.004560315888075295,0.0010841036285899944,6,0.003043883374242381,0.0007365939585436815,6,11.620044823396059,3.6060323334820445,6,10.895570663315794,11.003567353677017,6,0.0032657992933809916,0.0010312066175353347,6,0.002194685643620445,0.0006672785766907773,6,37.716531526503594,2.334230722413303,6,36.923692147689835,4.272969046517256,6,0.003067757286820339,0.0010212348975892147,6,0.0020294583471457705,0.0006072605626665923,6,41.72249610673219,3.1014397422956645,6,41.6545291793577,3.0091276741936426,6,0.0030685238876152865,0.0010209647120118172,6,0.001981050232528462,0.0005797696865221189,6,41.71627032328827,3.1290717839512294,6,42.954320551394495,1.3867590059082437,6,0.004807611785892275,0.0012318427309819164,6,0.0032944034454129565,0.0009139723588510594,6,7.062442814124592,4.125404496513285,6,4.762220675883727,5.652205555263515,6,0.00021933872684006667,0.00042990390460653067,0.002163479335780306,0.0042404194981294,0.0004087662468863642,0.0008011818438972738,0.0005928759123901236,0.0011620367882846422,0.0005263652449981727,0.0010316758801964185,0.0003215596357244281,0.000630256886019879,2.266535299849743,4.442409187705496,2.366553677499824,4.638445207899655,0.0005181599651128043,0.0010155935316210963,0.00033511984782600026,0.0006568349017389605,1.5374759866275753,3.0134529337900475,1.6258446693671431,3.1866555519596003,0.00044258345305753596,0.0008674635679927705,0.0003007132243414676,0.0005893979197092765,1.4721565355014596,2.885426809582861,4.492187561142615,8.804687619839527,0.00042098833872382304,0.0008251371438986932,0.00027241533819716957,0.0005339340628664523,0.9529457019734591,1.8677735758679797,1.7444323084456725,3.419087324553518,0.0004169174011028352,0.000817158106161557,0.0002479130865747599,0.0004859096496865294,1.2661574727688891,2.4816686466270226,1.228471228777055,2.407803608403028,0.00041680709830275466,0.0008169419126733992,0.00023668998338542485,0.0004639123674354327,1.2774382065367997,2.5037788848121276,0.5661419934474067,1.1096383071569171,0.0005028976890437037,0.0009856794705256592,0.00037312765303216936,0.0007313301999430519,1.6841893331734823,3.3010110930200254,2.30750325528668,4.5227063803618925
softplus,iterative_dopt,20,highdim_poly2,Quadratic,693.0,3.0,231,230,0.0019888857053032374,0.0005372679615898646,6,0.019812692779254966,0.005299420441717223,6,0.003030140915954025,0.0010012687289441251,6,0.004080888214740037,0.0012121798055809887,6,0.003709056830660971,0.001087046013420116,6,0.0024185538108714515,0.0008160215997908364,6,8.988505632608744,1.9414143735350018,6,13.306303181028303,5.587767789207323,6,0.0036567690434116604,0.0011149236391819475,6,0.002463942763814736,0.0007988882278082862,6,10.495426770606056,1.657461853504143,6,11.386929359068043,4.620200098237979,6,0.0037471808048208113,0.001031092371291651,6,0.002597934076918266,0.0008631744810479231,6,7.705830360747659,2.8601605555466802,6,6.804648187377732,3.4513098028742943,6,0.0031900306666670045,0.0010323745717506117,6,0.0022510046066558306,0.0008769449835519434,6,22.25529014811207,1.9687268705116954,6,20.099921456614005,6.156327878659962,6,0.0030943465821110065,0.0010203695890454413,6,0.002199162458010621,0.0007585176382958333,6,24.7456413739576,2.4181591839263405,6,21.45785824504186,6.818465122775393,6,0.0030985788089553626,0.0010390346193754855,6,0.0020915712178446,0.0006922197998629401,6,24.723656469284112,2.684828854111502,6,25.02442468552134,4.469833946345603,6,0.0039139769370721165,0.0011311426516215986,6,0.0024664229346487107,0.0007363217724275531,6,3.946804079517849,2.1832547301975485,6,10.78077915356389,6.931699434087131,6,0.00021933872684006667,0.00042990390460653067,0.002163479335780306,0.0042404194981294,0.0004087662468863642,0.0008011818438972738,0.0004948703333632565,0.0009699458533919827,0.00044378467663431994,0.0008698179662032671,0.0003331394230961956,0.0006529532692685434,0.7925790990776361,1.5534550341921667,2.281196647452929,4.471145429007741,0.00045516566969377894,0.0008921247125998067,0.00032614475327443805,0.0006392437164178986,0.6766559682021323,1.3262456976761792,1.8861887917066271,3.696930031744989,0.0004209416978901473,0.0008250457278646887,0.0003523895062598468,0.0006906834322692998,1.167655657254105,2.2886050882180458,1.4089913268846028,2.7616230006938216,0.00042146515403554993,0.0008260717019096779,0.0003580112903659414,0.0007017021291172451,0.8037293792766708,1.5753095833822746,2.5133103319979497,4.926088250715981,0.00041656414036911587,0.0008164657151234671,0.00030966352912096076,0.0006069405170770831,0.9872093529074187,1.9349303316985407,2.7836267299605284,5.455908390722636,0.00042418410709281257,0.0008314008499019127,0.00028259754991928274,0.0005538911978417942,1.096076789879073,2.148310508162983,1.824802067252935,3.5766120518157525,0.00046178705379527863,0.0009051026254387461,0.00030060210482487016,0.0005891801254567455,0.8913100112502917,1.7469676220505719,2.8298544439753983,5.54651471019178
softplus,iterative_dopt,20,highdim_poly2,Quadratic,924.0,4.0,231,230,0.0019888857053032374,0.0005372679615898646,6,0.019812692779254966,0.005299420441717223,6,0.003030140915954025,0.0010012687289441251,6,0.0037141032340756706,0.0011395279043305722,6,0.003492774547282097,0.0010559981185963487,6,0.0023700472303136194,0.0008672896290206151,6,5.7888164960556425,1.6625827123723562,6,5.748274721841265,6.6996455663968835,6,0.0034787799408221138,0.0010776231967079,6,0.0023179540629086897,0.0008368734354072024,6,6.357200202344646,1.4957375034890983,6,7.584891924196032,6.992781866422654,6,0.0034778836782635267,0.0010964027833311363,6,0.0023148194499417823,0.0006945007728641626,6,6.526591865272398,1.4647986999582558,6,6.667149849448606,5.490715432302842,6,0.003177827524092458,0.0010249116828574387,6,0.002160075389801847,0.0008410536785082224,6,14.716740890712027,1.4548754792760945,6,14.33855046863055,8.717466583398876,6,0.0031137428608776527,0.0010307466210951325,6,0.0022271262658401813,0.0008518589171557696,6,16.63109842937249,1.8614111365773376,6,11.932354548171746,7.433421338356934,6,0.0031152904299620657,0.001032154704605042,6,0.0019847596179543877,0.0005141106955918722,6,16.58927951578067,1.9585925055551419,6,19.333448004645494,4.902188263002509,6,0.003596360195521659,0.0011108295702106387,6,0.0023625490576688253,0.0008174613257884126,6,3.1654112613152496,1.743946495784555,6,5.758568829413666,4.6242372521742245,6,0.00021933872684006667,0.00042990390460653067,0.002163479335780306,0.0042404194981294,0.0004087662468863642,0.0008011818438972738,0.0004652103188788246,0.0009118122250024961,0.00043110942665001506,0.0008449744762340295,0.0003540695083847041,0.00069397623643402,0.678746550080787,1.3303432381583424,2.7351188491953273,5.3608329444228415,0.0004399378278202034,0.0008622781425275986,0.0003416521493396105,0.0006696382127056366,0.6106322787821108,1.196839266412937,2.85479124255375,5.59539083540535,0.0004476045619547576,0.0008773049414313249,0.000283528753247626,0.000555716356365347,0.598001565131647,1.1720830676580283,2.2415751886611863,4.393487369775925,0.0004184184424029903,0.000820100147109861,0.0003433587264393253,0.0006729831038210775,0.593950427252259,1.1641428374144276,3.558890829848444,6.975426026502951,0.00042080054596349103,0.0008247690700884424,0.00034776994664524044,0.0006816290954246712,0.7599179143580944,1.489439112141865,3.034681553681819,5.947975845216365,0.000421375393649242,0.0008258957715525143,0.00020988481258456932,0.00041137423266575585,0.7995920421082209,1.567200402532113,2.0013099779027885,3.9225675566894656,0.000453494273035201,0.000888848775148994,0.0003337271887734425,0.0006541052899959473,0.7119631755644891,1.3954478241063986,1.8878369528994388,3.7001604276829
softplus,iterative_dopt,20,highdim_smooth,Smooth,462.0,2.0,231,230,0.0017477157877228311,0.0008338776285403082,6,0.015217592258577156,0.010142018745411444,6,0.002601172248235191,0.0012997700043575553,6,0.005269121175518445,0.0025324046705101724,6,0.005446191583644104,0.001786403817364221,6,0.0032066361965347352,0.0012785870747948408,6,-9.88199347566669,16.793217054882707,6,2.671224932861895,9.076888647378862,6,0.005079821709424791,0.0019969826716405782,6,0.0030294889740624512,0.0013383248774930649,6,0.2728278207543327,19.923790939490793,6,9.881908880647437,9.001304807885214,6,0.005352378631669791,0.0022167266809843774,6,0.003243856990343465,0.0012997546153401375,6,-4.037317605876635,11.061864791823957,6,1.8795724507404608,10.638013029081996,6,0.0027653871560841727,0.0013602432767627231,6,0.001935760404166247,0.000896893029870471,6,47.923443487760636,1.9077372847445728,6,41.827856064197576,7.355980236402247,6,0.002621821223304715,0.0013053746254810753,6,0.0020199838359493383,0.0012471177700551794,6,50.721836682843936,1.9678099742398119,6,43.431901293781344,8.828180075422456,6,0.0026268766905048952,0.0013211482155629263,6,0.0015615687110780514,0.0005998831649289428,6,50.75821434449754,2.329643915222166,6,52.05474823823031,8.52255545927097,6,0.005043649436852334,0.0021791073524860677,6,0.003360189230161712,0.001507085703975068,6,2.8162734912304086,18.261182382934482,6,0.058457249218820895,22.443345130272373,6,0.00034042911630764104,0.0006672410679629765,0.004140461814666675,0.008115305156746683,0.0005306288822751798,0.0010400326092593524,0.0010338498774984802,0.0020263457598970213,0.0007292963045170622,0.001429420756853442,0.0005219809874941852,0.001023082735488603,6.855802154044454,13.43737222192713,3.7056242730232665,7.263023575125602,0.0008152647617832241,0.0015979189330951192,0.0005463688433218027,0.0010708829329107333,8.13385359060652,15.942353037588779,3.67476729976329,7.202543907536048,0.0009049748779375052,0.00177375076075751,0.000530622599735127,0.001040020295480849,4.515987390604527,8.851335285584874,4.342950633055026,8.512183240787852,0.000555316992353345,0.0010884213050125562,0.00036615504617357425,0.0007176638905002055,0.7788304851511438,1.526507750896242,3.0030663561971807,5.886010058146474,0.0005329169592675545,0.0010445172401644068,0.000509133697632132,0.0009979020473589787,0.8033550579411416,1.5745759135646376,3.604089423698355,7.064015270448776,0.0005393565004529479,0.001057138740887778,0.0002449012765602925,0.00048000650205817335,0.9510731457789899,1.8641033657268202,3.4793186966308367,6.81946464539644,0.0008896168513896717,0.0017436490287237566,0.0006152651622303491,0.0012059197179714843,7.455096489681815,14.611989119776357,9.162457281724162,17.958416272179356
softplus,iterative_dopt,20,highdim_smooth,Smooth,693.0,3.0,231,230,0.0017477157877228311,0.0008338776285403082,6,0.015217592258577156,0.010142018745411444,6,0.002601172248235191,0.0012997700043575553,6,0.0038967474412121075,0.0018989401351608124,6,0.004388257116322057,0.001666553612506275,6,0.00249678486176565,0.0009301895717506166,6,-17.410091709239506,15.030162993339793,6,-0.40644510219146435,16.84664029328906,6,0.004128757182577372,0.0017508301220460162,6,0.002698712523234689,0.0013915242427650052,6,-8.182853454532975,11.050835033117368,6,-1.754358393517194,9.672309264549224,6,0.0040730815332216475,0.0016704582384255908,6,0.0026446793386755586,0.0013104837885080255,6,-7.843433100425795,10.687765451995583,6,-1.6666523307439223,14.67493320242979,6,0.0027330950549013266,0.0013411971731256273,6,0.0017812576649357543,0.0007425530282531027,6,30.089524425508756,1.4635918801700394,6,29.76370269963515,10.216612174362014,6,0.0026488781703893,0.0013202159053984617,6,0.001887511615295402,0.0009989929233598066,6,32.41962382946974,1.466880048646149,6,28.75279915187004,8.021652521311552,6,0.002648979320969093,0.0013111013777352143,6,0.001837211303843446,0.0010530807379215512,6,32.30405946854149,1.1139845748866,6,31.266769568692954,12.739927037268751,6,0.00374829708860982,0.0018838778130671517,6,0.0023900284489274622,0.0012994539929947976,6,5.057783091443735,7.230547611393342,6,11.57580350830583,13.784605779765053,6,0.00034042911630764104,0.0006672410679629765,0.004140461814666675,0.008115305156746683,0.0005306288822751798,0.0010400326092593524,0.0007752390638726187,0.0015194685651903326,0.000680367663272062,0.0013335206200132416,0.0003797483024745021,0.0007443066728500241,6.136038347424189,12.026635160951411,6.877612099794891,13.480119715597985,0.0007147734042179228,0.0014009558722671287,0.0005680873932478349,0.0011134512907657564,4.511484510468333,8.842509640517932,3.948703722090005,7.73945929529641,0.0006819617201285236,0.0013366449714519062,0.000535002766339008,0.0010486054220244557,4.363261974655933,8.551993470325629,5.991016392563345,11.742392129424156,0.0005475414531035031,0.001073181248082866,0.0003031460043630938,0.0005941661685516638,0.5975088830162096,1.1711174107117708,4.170914454515583,8.174992330850543,0.0005389758864221231,0.0010563927373873612,0.000407837153147138,0.0007993608201683905,0.5988512721753386,1.1737484934636637,3.2748259285205776,6.418658819900332,0.0005352548960852168,0.0010490995963270248,0.00042991841097689667,0.0008426400855147175,0.45478229830056766,0.8913733046691126,5.2010534335993155,10.194064729854658,0.0007690898966274657,0.0015074161973898327,0.0005304998711765668,0.001039779747506071,2.9518587014689004,5.785643054879045,5.6275417443073685,11.029981818842442
softplus,iterative_dopt,20,highdim_smooth,Smooth,924.0,4.0,231,230,0.0017477157877228311,0.0008338776285403082,6,0.015217592258577156,0.010142018745411444,6,0.002601172248235191,0.0012997700043575553,6,0.003491254556848834,0.0016984610839540263,6,0.0038838866550997726,0.0014641145507510555,6,0.0022886859102335573,0.0009199297600975355,6,-16.66502040426068,13.413198054867006,6,-2.9061095672180564,11.311979253635918,6,0.0037912285500983456,0.0015732556837895087,6,0.0024547624705972782,0.0010802085928723702,6,-11.78544693493059,8.228325608795805,6,-9.270773540809861,5.5911247187114625,6,0.0035695441196313287,0.0014584075386559511,6,0.0021565544957610366,0.000925351930330336,6,-5.737656596128848,8.748575447298656,6,2.934638444644149,10.019400766200702,6,0.002712196942509314,0.0013381427482065647,6,0.0016194220917389287,0.0005837276689703915,6,22.691846710572595,1.8446241041598828,6,24.763689959997475,13.550766990002405,6,0.002645260638709112,0.001314490744652151,6,0.0016614563730273388,0.0008573429858181929,6,24.689417799566673,1.885055251481449,6,27.847153199132123,8.731194803386424,6,0.0026508389202272963,0.0013198986703568255,6,0.0017435678798260182,0.000873085147063474,6,24.525322225233584,1.6032833949345473,6,24.353688916430425,7.2806306223279,6,0.0033230740399727426,0.0015243437453466998,6,0.0020485795071317455,0.0008846506043564337,6,3.676195921533326,8.724481863997536,6,7.82513461161446,19.05377958303469,6,0.00034042911630764104,0.0006672410679629765,0.004140461814666675,0.008115305156746683,0.0005306288822751798,0.0010400326092593524,0.000693393833943631,0.0013590519145295168,0.0005977222623873852,0.001171535634279275,0.0003755597519066505,0.000736097113737035,5.475915175552669,10.732793744083232,4.618096192059549,9.051468536436715,0.0006422789433696228,0.0012588667290044607,0.00044099331138452015,0.0008643468903136595,3.3591998631709123,6.584031731814988,2.282567108184202,4.473831532041036,0.0005953923844559023,0.0011669690735335685,0.0003777733436347954,0.000740435753524199,3.5715909703538022,7.0003183018934525,4.090403234273756,8.017190339176562,0.0005462944893519456,0.0010707371991298133,0.00023830582295361808,0.00046707941298909146,0.753064637071707,1.4760066886605456,5.532077458142629,10.842871817959553,0.0005366385993348109,0.0010518116546962295,0.00035000880830146126,0.000686017264270864,0.769570583847229,1.5083583443405688,3.5644953521894727,6.986410890291366,0.0005388463757586999,0.0010561388964870518,0.00035643551871805375,0.0006986136166873853,0.6545377051111275,1.2828939020178098,2.9723050050642166,5.825717809925864,0.0006223107281170724,0.001219729027109462,0.0003611570968863373,0.0007078679098972211,3.5617548061599713,6.981039420073544,7.77867294164917,15.246198965632372
softplus,iterative_dopt,20,highdim_strong,Strong nonlinear,462.0,2.0,231,230,0.0047416844689321894,,1,0.060813260062280876,,1,0.008350034419935707,,1,0.01854777812646205,,1,0.020978884759659887,,1,0.013273891284102531,,1,-13.107266092046817,,1,-5.894856021598637,,1,0.016421719733730487,,1,0.011777147430568177,,1,11.462604190300954,,1,6.045687371359357,,1,0.017962179190781795,,1,0.012424519400275863,,1,3.1572457449487343,,1,0.8811610047228404,,1,0.008880592462734843,,1,0.0084477285436851,,1,52.12045128971576,,1,32.60672558660584,,1,0.00841850317635552,,1,0.007739257887940177,,1,54.61179706293299,,1,38.25867771427529,,1,0.00846872045697779,,1,0.004652747890252187,,1,54.34105153061165,,1,62.88186656062669,,1,0.013306780208626532,,1,0.010769946459502137,,1,28.256742571004796,,1,14.080814338505066,,1,0.0,0.0,0.0,0.0,0.0,0.0,0.0,0.0,0.0,0.0,0.0,0.0,0.0,0.0,0.0,0.0,0.0,0.0,0.0,0.0,0.0,0.0,0.0,0.0,0.0,0.0,0.0,0.0,0.0,0.0,0.0,0.0,0.0,0.0,0.0,0.0,0.0,0.0,0.0,0.0,0.0,0.0,0.0,0.0,0.0,0.0,0.0,0.0,0.0,0.0,0.0,0.0,0.0,0.0,0.0,0.0,0.0,0.0,0.0,0.0,0.0,0.0,0.0,0.0
softplus,iterative_dopt,20,highdim_strong,Strong nonlinear,693.0,3.0,231,230,0.0047416844689321894,,1,0.060813260062280876,,1,0.008350034419935707,,1,0.01267848160587404,,1,0.015928218462151523,,1,0.010496259560852239,,1,-25.631908909122476,,1,-23.68020357506815,,1,0.012831480673876447,,1,0.006541484699347049,,1,-1.206761761846316,,1,22.919954998450336,,1,0.012471719312298674,,1,0.006824889176135445,,1,1.6308127424310161,,1,19.58052506342798,,1,0.008801158644984014,,1,0.004904420251931015,,1,30.581918887618468,,1,42.209918527656534,,1,0.008531816640352217,,1,0.008112608058438985,,1,32.70632158034319,,1,4.406992760094822,,1,0.008382645901720725,,1,0.007140922233046365,,1,33.8828878543549,,1,15.85662393573712,,1,0.01073487432631524,,1,0.005343922582561079,,1,15.32996883994619,,1,37.031146279418635,,1,0.0,0.0,0.0,0.0,0.0,0.0,0.0,0.0,0.0,0.0,0.0,0.0,0.0,0.0,0.0,0.0,0.0,0.0,0.0,0.0,0.0,0.0,0.0,0.0,0.0,0.0,0.0,0.0,0.0,0.0,0.0,0.0,0.0,0.0,0.0,0.0,0.0,0.0,0.0,0.0,0.0,0.0,0.0,0.0,0.0,0.0,0.0,0.0,0.0,0.0,0.0,0.0,0.0,0.0,0.0,0.0,0.0,0.0,0.0,0.0,0.0,0.0,0.0,0.0
softplus,iterative_dopt,20,highdim_strong,Strong nonlinear,924.0,4.0,231,230,0.0047416844689321894,,1,0.060813260062280876,,1,0.008350034419935707,,1,0.010883398847605454,,1,0.015778091767558906,,1,0.008266259003574129,,1,-44.97393680495661,,1,-20.717459970901658,,1,0.014012996907957315,,1,0.010249878018292394,,1,-28.755704942674505,,1,-49.68551539999431,,1,0.01382517535056541,,1,0.007693209241898428,,1,-27.02994298152733,,1,-12.348848288578292,,1,0.008683589010260544,,1,0.008384382320262328,,1,20.212526143236104,,1,-22.442490211034755,,1,0.008476673390793717,,1,0.004787356397146895,,1,22.11373019138465,,1,30.087176800395095,,1,0.0085108612588666,,1,0.0033382198696594746,,1,21.799601594688,,1,51.24984308918377,,1,0.011941185943897774,,1,0.01013089206862395,,1,-9.719271627402069,,1,-47.94788757947844,,1,0.0,0.0,0.0,0.0,0.0,0.0,0.0,0.0,0.0,0.0,0.0,0.0,0.0,0.0,0.0,0.0,0.0,0.0,0.0,0.0,0.0,0.0,0.0,0.0,0.0,0.0,0.0,0.0,0.0,0.0,0.0,0.0,0.0,0.0,0.0,0.0,0.0,0.0,0.0,0.0,0.0,0.0,0.0,0.0,0.0,0.0,0.0,0.0,0.0,0.0,0.0,0.0,0.0,0.0,0.0,0.0,0.0,0.0,0.0,0.0,0.0,0.0,0.0,0.0
tanh,gpu_geometry,5,highdim_poly3,Sparse cubic,42.0,2.0,21,20,0.0017842667624751835,0.0005095851029558986,6,0.020560223104313918,0.0033724726166314786,6,0.0006703603885743264,0.00019068690641944774,6,0.001532289097323463,0.0004512958929782117,6,0.002901579264594467,0.0009788145804816492,6,0.004491863557466009,0.0016125077975939488,6,-87.2160192488479,18.706489010648028,6,-19.674250564835656,19.389773070928463,6,0.002211067098956019,0.0007155751388277507,6,0.0036415414719001555,0.0013387051317356271,6,-44.82512907267657,18.99927888203191,6,3.642254197504618,9.121555439071829,6,0.002030791282419586,0.0007907899263448721,6,0.004471928453042334,0.0020671036286698486,6,-31.002407132181094,23.30537609344337,6,-17.781403778365334,27.95407296896236,6,0.000713998166924421,0.00020658017387931605,6,0.0018539948974001502,0.0005132916587995003,6,53.29636600702447,1.484618546846786,6,49.54540353297745,4.843031721478924,6,0.000674368106754507,0.00019391440117950734,6,0.0017846764772671692,0.0005498066011524722,6,55.86275163990917,1.6573634362398268,6,51.89451820291808,3.6442076958471925,6,0.0006728086166003762,0.00018961508668923735,6,0.0018034913821544333,0.0005328533686001294,6,55.876172505832606,1.902303426525982,6,51.315645734704084,1.5740041463337704,6,0.0022216078935819554,0.0011208300368599918,6,0.003777097959925657,0.0015279454649684803,6,-44.21214990689791,50.982449588350605,6,-0.14796359122488312,21.112046259195665,6,0.00020803724712759725,0.0004077530043700906,0.001376806180375992,0.0026985401135369443,7.784760355958217e-05,0.00015258130297678106,0.00018424077680171742,0.00036111192253136614,0.0003995993791627366,0.0007832147831589636,0.0006583035517273785,0.0012902749613856617,7.636892159178098,14.968308631989071,7.915841708688793,15.515049749030034,0.0002921323271248707,0.0005725793611647466,0.0005465240814662703,0.0010711871996738898,7.756423123635702,15.202589322325977,3.7238594143724257,7.298764452169954,0.0003228386355463382,0.0006327637256708229,0.0008438915226161137,0.001654027384327583,9.51437994876564,18.648184699580654,11.41220250108097,22.3679169021187,8.433600282995835e-05,0.00016529856554671837,0.0002095504422142565,0.00041071886673994275,0.606092983741145,1.187942248132644,1.9771594209560304,3.8752324650738195,7.916522277785758e-05,0.00015516383664460087,0.0002244576050062438,0.0004399369058122378,0.676615789522223,1.3261669474635571,1.4877415619248697,2.9159734613727446,7.741003498703834e-05,0.00015172366857459514,0.0002175364767989135,0.00042637149452587044,0.776612121822781,1.5221597587726508,0.6425845019237939,1.259465623770636,0.0004575769464486403,0.0008968508150393349,0.0006237811239953945,0.0012226110030309732,20.813497888104212,40.79445586068425,8.618956793510625,16.893155315280826
tanh,gpu_geometry,5,highdim_poly3,Sparse cubic,63.0,3.0,21,20,0.0017842667624751835,0.0005095851029558986,6,0.020560223104313918,0.0033724726166314786,6,0.0006703603885743264,0.00019068690641944774,6,0.0012164159881999004,0.0003724518881713228,6,0.0027242932747494134,0.0011273453337889924,6,0.003654899758953896,0.001179560633636757,6,-116.78084472201516,36.47470127151893,6,-19.31416434247981,14.122631919500847,6,0.0018654924405447472,0.000408461667391206,6,0.0032976463494795664,0.0009120722777631359,6,-58.270795270679486,20.979467364359678,6,-9.123165720982572,12.093395042618097,6,0.0018552585705263272,0.000654671951170918,6,0.0036508851580455723,0.0012212231032297037,6,-52.406340394770446,22.516892941776597,6,-18.287927301931763,10.381697841118644,6,0.0007174949888325576,0.00020765077058679948,6,0.0019753554255275284,0.0006093574018600646,6,40.58480087871684,2.7698262927923314,6,35.2528491678913,5.914918986521295,6,0.0006809515414876373,0.00019648664093206616,6,0.0018536611916842212,0.000565953443751044,6,43.64079964620327,2.01402230154126,6,39.602300175113804,2.6259619657310203,6,0.0006815702321698211,0.00019607638948779024,6,0.0019253530226607883,0.0004936389103097546,6,43.564224204465226,2.1784657203842057,6,35.880983531565846,8.811533551823704,6,0.0019184957061410956,0.0005954784218532568,6,0.003166740881289754,0.0008619049566916626,6,-62.1245186216727,39.09981186967245,6,-4.797315306963328,10.991747857590232,6,0.00020803724712759725,0.0004077530043700906,0.001376806180375992,0.0026985401135369443,7.784760355958217e-05,0.00015258130297678106,0.00015205284662598044,0.00029802357938692165,0.0004602368052817692,0.0009020641383522676,0.00048155361218067715,0.0009438450798741272,14.890734439277695,29.185839500984283,5.7655403379866055,11.300459062453747,0.0001667537774324789,0.0003268374037676586,0.0003723519481762819,0.0007298098184255125,8.564831686342245,16.7870701052308,4.9371078520529945,9.67673139002387,0.0002672687048801689,0.000523846661565131,0.0004985622441685002,0.0009771819985702605,9.19248305003812,18.017266778074717,4.238310395749064,8.307088375668165,8.47730721055647e-05,0.00016615522132690683,0.00024876911759087256,0.00048758747047811024,1.1307768489143286,2.216322623872084,2.414755564479564,4.732920906379945,8.02153352595029e-05,0.00015722205710862568,0.00023104952589349977,0.00045285707075125954,0.8222211615603143,1.611553476658216,1.0720444833328144,2.1012071873323164,8.004785080871694e-05,0.0001568937875850852,0.00020152724124040153,0.00039499339283118696,0.8893549061809799,1.7431356161147207,3.5972935088969984,7.050695277438117,0.00024310304772971118,0.0004764819735502339,0.00035187122511170116,0.0006896676012189343,15.96243135325244,31.28636545237478,4.487362272071041,8.79523005325924
tanh,gpu_geometry,5,highdim_poly3,Sparse cubic,84.0,4.0,21,20,0.0017842667624751835,0.0005095851029558986,6,0.020560223104313918,0.0033724726166314786,6,0.0006703603885743264,0.00019068690641944774,6,0.0010514443312687114,0.0003147903084207328,6,0.0022812930984056766,0.0007937704571913505,6,0.003326826232502284,0.0010622461132617882,6,-113.66866470711388,21.818678868911032,6,-20.64353295497947,7.624266561003688,6,0.0018417686078718778,0.00029927044586431804,6,0.0033466619538360005,0.0008705429747057095,6,-83.21552438119922,33.159924860910756,6,-25.029428567695646,20.065544117088297,6,0.0018382303991239266,0.000587155897195144,6,0.0032931344300579004,0.0010959796935645007,6,-74.20231701158174,15.705233977331146,6,-19.844980486146778,18.29308540079623,6,0.0007150573718585825,0.00021911247770797803,6,0.001984061277267356,0.0006413105528488356,6,32.092530108576376,3.1353821836850586,6,28.010713645085463,3.664264774379215,6,0.0006809993293502782,0.00019776363311417399,6,0.001979026736202476,0.0006808212214833617,6,35.04113661853909,2.796862228876445,6,28.2560712498509,7.120257107082782,6,0.0006805550827525705,0.00019592780109970362,6,0.0018842023174271973,0.0006358555725640854,6,35.02939940559147,2.743762787787372,6,31.86275513757825,5.467581705264361,6,0.001515046119779087,0.000631756689108641,6,0.0030258492622039185,0.0010266342283344132,6,-44.18902312344659,41.63725477166664,6,-9.628440033686488,12.76757442207682,6,0.00020803724712759725,0.0004077530043700906,0.001376806180375992,0.0026985401135369443,7.784760355958217e-05,0.00015258130297678106,0.00012851260526735637,0.0002518847063240185,0.0003240554321690878,0.0006351486470514121,0.00043366015979100805,0.0008499739131903758,8.907438348412942,17.458579162889365,3.112593789570552,6.1006838275582815,0.0001221766479104659,0.00023946622990451318,0.00035539768119893187,0.0006965794551499065,13.537482636376968,26.533465967298856,8.191724083028522,16.055779202735902,0.0002397053912656933,0.00046982256688075886,0.0004474318362808159,0.0008769663991103991,6.411634922580417,12.566804448257617,7.468120842184512,14.637516850681644,8.945229444358334e-05,0.00017532649710942332,0.000261813936856972,0.0005131553162396652,1.2800144164402791,2.508828256222947,1.4959298299472674,2.932022466696644,8.073666513478414e-05,0.00015824386366417693,0.0002779440997821015,0.000544770435572919,1.1418142236017583,2.2379558782594464,2.906832791629717,5.6973922715942455,7.998718985329779e-05,0.00015677489211246367,0.0002595869504812087,0.0005087904229431689,1.1201364675525578,2.1954674764030133,2.2321308841456684,4.37497653292551,0.0002579135883177129,0.0005055106331027172,0.0004191216686492114,0.0008214784705524544,16.99833808014123,33.316742637076814,5.212340431183006,10.216187245118691
tanh,gpu_geometry,5,highdim_poly4,Sparse quartic,42.0,2.0,21,20,0.0035259952809647433,0.00035995488056788245,6,0.02979362054506256,0.0008242598040874382,6,0.0012795817783584193,5.7993335111202214e-05,6,0.002887870146590308,0.00012328067756735498,6,0.0067717943711931685,0.0008083497142018461,6,0.008311647171623917,0.0006363183301339472,6,-134.0674018193329,21.787095223315397,6,-20.649614221485685,10.609393103770795,6,0.005844615270621241,0.0010849983994284146,6,0.010448216522245528,0.002581874104689071,6,-101.74877042484592,32.19680321413917,6,-50.46257798386566,33.00123875476379,6,0.004186777802761878,0.0007199221842623617,6,0.007425899878476533,0.0012905965308159847,6,-44.84509883630579,22.777264134371563,6,-7.02729948991682,13.508828239466938,6,0.0014123176576430732,0.00012953751734830305,6,0.0035590385945065473,0.000500253886972772,6,51.08224597732757,4.1324037341024695,6,48.61039301364237,4.788510503201329,6,0.0012835694827807106,5.9290291867743356e-05,6,0.0034580433926458608,0.00036445763066516093,6,55.546469232374335,1.167475187239972,6,49.751223496399064,6.237248522083876,6,0.0012822948151150373,6.059827192652057e-05,6,0.0034497369119401533,0.00038094391575595063,6,55.59017905288662,1.2685683837149155,6,49.89159716838325,6.365269641497457,6,0.004395366024445197,0.0016604116852483278,6,0.007681092215553134,0.0030515512488097896,6,-50.870811343711814,53.00740008950723,6,-9.777845888769166,38.02236416004883,6,0.000146950964635962,0.00028802389068648555,0.0003365026559167753,0.0006595452055968796,2.367567991744623e-05,4.640433263819461e-05,5.032912586409938e-05,9.864508669363479e-05,0.00033000738891985596,0.0006468144822829177,0.00025977587046800395,0.0005091607061172877,8.894544379091908,17.433306983020138,4.331266597473525,8.48928253104811,0.00044294874172267793,0.0008681795337764488,0.0010540456894322303,0.002065929551287171,13.14428987057373,25.76280814632451,13.472699304822102,26.40649063745132,0.00029390700099211935,0.0005760577219445539,0.0005268838273842181,0.0010326923016730676,9.298779144301053,18.225607122830063,5.514956034932334,10.809313828467374,5.288347000837772e-05,0.00010365160121642033,0.00020422779415453675,0.00040028647654289203,1.6870467599538173,3.306611649509482,1.9549012268001953,3.8316064045283826,2.420516029610971e-05,4.7442114180375025e-05,0.00014878920466556195,0.0002916268411445014,0.476619749349697,0.9341747087254061,2.5463460463389986,4.990838250824437,2.4739140919066328e-05,4.848871620137e-05,0.0001555197023699767,0.0003048186166451543,0.5178908739881202,1.0150661130167156,2.5986104494828632,5.093276480986412,0.0006778602319688516,0.0013286060546589492,0.001245790580589463,0.002441749537955348,21.640180468475346,42.41475371821168,15.522565167734392,30.42422772875941
tanh,gpu_geometry,5,highdim_poly4,Sparse quartic,63.0,3.0,21,20,0.0035259952809647433,0.00035995488056788245,6,0.02979362054506256,0.0008242598040874382,6,0.0012795817783584193,5.7993335111202214e-05,6,0.0022777553782600403,0.0001387298486556417,6,0.00595336116690261,0.0003125152018676873,6,0.00711448106614342,0.00042529966192608347,6,-162.53894920279154,25.696735761818427,6,-25.583363264205776,17.311076450337634,6,0.004818996722387533,0.00019203217165485731,6,0.006846104774754315,0.00048282004880373006,6,-111.93681948633939,9.40560292310134,6,-20.042960854253725,8.394327734638175,6,0.004006216588148521,0.0008377610655572368,6,0.006862801351136855,0.0009705328344536418,6,-75.76604386376454,34.30235933266647,6,-20.026741226641445,14.159292072800465,6,0.0013814371683004822,9.063562585322309e-05,6,0.0038488682933435782,0.00026890558808008637,6,39.29241620846013,3.2864170924818055,6,32.29256113148781,7.455164687444185,6,0.001289130291566405,6.208775887054925e-05,6,0.003670751755060885,6.658559736539234e-05,6,43.332367693323725,2.2460425833845314,6,35.424654872739275,5.593993727495821,6,0.0012885108339427988,5.803062145346044e-05,6,0.0037499785477740064,0.00037835643717520933,6,43.353945595450305,2.2094810920974615,6,34.33623997018816,5.284232104898269,6,0.0037725088837334136,0.0006797005653943325,6,0.005724288863223954,0.00038439779014989107,6,-67.34950900706893,39.004584669788535,6,-0.9173702012750704,13.303257989843313,6,0.000146950964635962,0.00028802389068648555,0.0003365026559167753,0.0006595452055968796,2.367567991744623e-05,4.640433263819461e-05,5.6636223549976176e-05,0.0001110069981579533,0.0001275837969064524,0.0002500642419366467,0.0001736278599161825,0.00034031060543571765,10.490648445263986,20.56167095271741,7.067217366939578,13.851746039201572,7.83968057921586e-05,0.00015365773935263085,0.00019711045952580173,0.0003863365006705714,3.839821314138035,7.526049775710548,3.426969947259427,6.7168610966284765,0.00034201452283092625,0.0006703484647486154,0.00039621837050474667,0.0007765880061893034,14.003879556438225,27.44760393061892,5.780506782899318,11.329793294482663,3.700183930970064e-05,7.252360504701325e-05,0.000109780246629875,0.000215169283394555,1.3416741597569164,2.629681353123556,3.0435582387756486,5.965374148000271,2.5347221417634278e-05,4.968055397856318e-05,2.7183456293936528e-05,5.3279574336115595e-05,0.9169430449757735,1.797208368152516,2.283738376115742,4.476127217186854,2.36909020029308e-05,4.643416792574437e-05,0.0001544633686627772,0.0003027482025790433,0.9020168786610178,1.7679530821755949,2.157278723238979,4.228266297548399,0.0002774865938495574,0.0005438737239451324,0.0001569297406867798,0.0003075822917460884,15.92355501169417,31.21016782292057,5.43103233195326,10.644823370628389
tanh,gpu_geometry,5,highdim_poly4,Sparse quartic,84.0,4.0,21,20,0.0035259952809647433,0.00035995488056788245,6,0.02979362054506256,0.0008242598040874382,6,0.0012795817783584193,5.7993335111202214e-05,6,0.0020829470134130844,0.00014936508518041824,6,0.005148855508878153,0.00038371290164546817,6,0.006485390932851551,0.0004142433768684639,6,-148.56687132486616,28.60628532191651,6,-24.483680747818948,17.15527547637952,6,0.004501232123221456,0.0002014034215344972,6,0.006294499285558149,0.00026464658735942325,6,-117.37529327884526,23.206503267463884,6,-20.681714237881735,14.449364567049804,6,0.003966535135467928,0.0005145334794397448,6,0.006148775852630732,0.0005833877044585786,6,-91.18928413885935,29.26658981438684,6,-17.256671945299725,10.773482467731279,6,0.0013730876659204256,6.718808123535206e-05,6,0.0036282865477588362,0.0005173695383880448,6,33.90042556281289,3.970011717013718,6,31.15117489834509,6.1280281808586485,6,0.0012935208527989949,6.641765749175373e-05,6,0.0038033089095118374,0.0004451120894146798,6,37.779492724224546,2.8615998931092306,6,27.690111921030137,5.717920714771163,6,0.0012881815707104741,6.742465026309681e-05,6,0.003776834320992243,0.00024404173662649365,6,38.05180974320185,2.4782785056913794,6,27.746302733598636,7.6393192147221605,6,0.003796461961251113,0.0007008446290850444,6,0.0058112561203880865,0.0007811696226818353,6,-84.38537030423335,43.32707224342394,6,-11.561517822857615,19.747711323550753,6,0.000146950964635962,0.00028802389068648555,0.0003365026559167753,0.0006595452055968796,2.367567991744623e-05,4.640433263819461e-05,6.097804067989503e-05,0.00011951695973259426,0.0001566501361256908,0.000307034266806354,0.00016911415044252814,0.00033146373486735517,11.678467079193913,22.88979547522007,7.0036118856685725,13.727079295910402,8.222260253503127e-05,0.0001611563009686613,0.00010804151686657994,0.00021176137305849667,9.474015286586182,18.569069961708916,5.898928382787199,11.56189963026291,0.00021005741336769905,0.0004117125302006901,0.0002381670330228521,0.0004668073847247901,11.948035259430535,23.41814910848385,4.398255799793695,8.620581367595642,2.7429419303879633e-05,5.376166183560408e-05,0.00021121522958499726,0.0004139818499865946,1.620750496592356,3.1766709733210177,2.50175702874992,4.903443776349842,2.7114895127622847e-05,5.314519445014078e-05,0.00018171624956834118,0.0003561638491539487,1.1682432643534166,2.2897567981326965,2.334331356813237,4.575289459353944,2.7525998205033125e-05,5.3950956481864926e-05,9.962962177959835e-05,0.00019527405868801276,1.0117529632418427,1.9830358079540118,3.118739009718063,6.112728459047403,0.00028611862170474956,0.0005607924985413091,0.0003189111630221602,0.000625065879523434,17.688203174182117,34.66887822139695,8.061969388413466,15.801460001290394
tanh,gpu_geometry,10,highdim_nonlinear,Random nonlinear,132.0,2.0,66,65,0.0036554369950315456,0.00023588108698802568,2,0.04205784384123882,0.002001683756365257,2,0.0026716338219587143,3.993048296274498e-06,2,0.006329351091295969,0.00044031713748702667,2,0.005226112186111636,8.742706166890872e-05,2,0.005727682615455244,0.00021564103756814763,2,17.182070523984137,7.142732193912143,2,28.83006548560722,1.6822079564609966,2,0.005004661824937834,7.580172926799815e-05,2,0.005867664289018425,0.00018974119025179666,2,20.779264127616575,4.313566166315096,2,26.934239664272656,6.831816396677894,2,0.004159585767264643,0.00022166333944646473,2,0.0058344047730760785,0.00014304488946759888,2,33.99948034775757,8.09364073688777,2,27.474786032455818,2.666628046577651,2,0.0028879903192510596,4.059915224151249e-05,2,0.003717822406505004,0.00011373166390127011,2,54.28314805788503,2.5389645677924673,2,53.79380083040438,1.418344666996145,2,0.002698160771030969,1.116334611000894e-05,2,0.003917921787081537,0.000237073014438927,2,57.26110190428912,3.1496125893961473,2,51.351570113043806,0.03646958136144091,2,0.0026762359324559674,2.0891808495011513e-05,2,0.003666024039869561,0.00015543826301010034,2,57.60298226209218,3.279532773334151,2,54.3356097693243,4.727332870034269,2,0.004946006979700017,0.0002667826333252589,2,0.005948166845430817,0.00016682737162233765,2,21.813434435050254,1.2242363071990605,2,26.06865297266304,2.4574673226439208,2,0.00016679311616288686,0.00032691450767925826,0.0014154041579168342,0.002774192149516995,2.8235115279010878e-06,5.534082594686132e-06,0.0003113512337897259,0.0006102484182278627,6.182026816529984e-05,0.00012116772560398768,0.00015248123996654023,0.00029886323033441887,5.050674370514741,9.899321766208892,1.1895006533795351,2.3314212806238888,5.359991679106828e-05,0.00010505583691049383,0.00013416728229745226,0.0002629678733030064,3.050151887298263,5.978297699104595,4.830823701912383,9.46841445574827,0.00015673965046305072,0.0003072097149075794,0.00010114801135661931,0.00019825010225897385,5.7230682495410266,11.217213769100411,1.8855907746372935,3.6957579182890954,2.87079358603985e-05,5.626755428638106e-05,8.042043078021737e-05,0.00015762404432922603,1.7953190630784253,3.5188253636337135,1.0029211320927496,1.9657254189017892,7.893677735119787e-06,1.5471608360834783e-05,0.00016763593614610157,0.0003285664348463591,2.2271124200725367,4.365140343342172,0.02578788828770939,0.0505442610439104,1.477273945807336e-05,2.8954569337823784e-05,0.00010991144983030004,0.00021542644166738808,2.318979863148103,4.5452005317702815,3.3427291293272954,6.551749093481499,0.00018864380912709478,0.0003697418658891058,0.00011796476576168315,0.00023121094089289897,0.865665794595233,1.6967049574066566,1.7376918083858655,3.4058759444362963
tanh,gpu_geometry,10,highdim_nonlinear,Random nonlinear,198.0,3.0,66,65,0.0036554369950315456,0.00023588108698802568,2,0.04205784384123882,0.002001683756365257,2,0.0026716338219587143,3.993048296274498e-06,2,0.004421303973912175,9.686616142377814e-06,2,0.004313553095958864,4.394892686333287e-05,2,0.004917175772170171,0.00012890080823047773,2,2.4357606287605993,1.2077794365313617,2,14.621322170771986,1.2930913648826061,2,0.004481325795294788,2.774637441371706e-05,2,0.005419914311335367,0.00018719235590314062,2,-1.3571150551665614,0.405498012602627,2,5.896430199200309,2.2087178778338323,2,0.0036806377592112378,9.638281791626904e-05,2,0.00479290736442968,0.00045961819999107683,2,16.74962415764724,2.3623565101493154,2,16.811144174041903,7.060180925779202,2,0.002813967540583497,2.8960844836695526e-05,2,0.003296543192256786,3.777000435132072e-05,2,36.353482232116015,0.7944723753019814,2,42.756267579905426,0.022110495729209544,2,0.002715869368808484,4.928743833250661e-06,2,0.003932048217426026,0.000186983191146307,2,38.572844071262914,0.24605764949522074,2,31.69855983446797,4.003109059504107,2,0.0027166759463469583,1.9656710562399362e-05,2,0.0037279989065701516,0.000544801811730325,2,38.5542361393541,0.579212060388428,2,35.31240213571817,8.744210071772635,2,0.004026496704789879,0.00023869970233026823,2,0.004787143624550997,0.00023759851792270914,2,8.935352364370605,5.199339851518701,2,16.889893638865637,3.205722602988555,2,0.00016679311616288686,0.00032691450767925826,0.0014154041579168342,0.002774192149516995,2.8235115279010878e-06,5.534082594686132e-06,6.849471961026428e-06,1.3424965043611799e-05,3.1076584210934293e-05,6.0910105053431216e-05,9.114663560019754e-05,0.00017864740577638717,0.8540290297489932,1.6738968983080267,0.914353672802259,1.7921331986924276,1.961964950128025e-05,3.845451302250929e-05,0.0001323649842453964,0.0002594353691209769,0.2867303944689857,0.5619915731592119,1.5617993891442632,3.0611268027227556,6.815294413846211e-05,0.00013357977051138572,0.0003249991459704452,0.0006369983261020725,1.670438307906768,3.274059083497265,4.99230180902239,9.784911545683883,2.0478409772918816e-05,4.0137683154920876e-05,2.6707426202264287e-05,5.2346555356438005e-05,0.5617768040414148,1.1010825359211731,0.015634481465520267,0.030643583672419723,3.4851481872229203e-06,6.830890446956924e-06,0.0001322170824274541,0.00025914548155781,0.17398903252089326,0.3410185037409508,2.830625561804656,5.5480261011371255,1.3899393334493823e-05,2.724281093560789e-05,0.00038523305547722954,0.0007550567887353699,0.4095647756456895,0.8027469602655514,6.183090237870137,12.118856866225467,0.000168786178184943,0.0003308209092424883,0.00016800752322302108,0.00032929474551712134,3.6764884667023305,7.205917394736567,2.2667881911761976,4.442904854705347
tanh,gpu_geometry,10,highdim_nonlinear,Random nonlinear,264.0,4.0,66,65,0.0036554369950315456,0.00023588108698802568,2,0.04205784384123882,0.002001683756365257,2,0.0026716338219587143,3.993048296274498e-06,2,0.003714230790590957,7.240066660970193e-05,2,0.00455149846669287,0.0001363548786829236,2,0.004910204740656928,0.00020308086151269155,2,-22.601228096450242,6.060985377287682,2,1.2436711450172009,3.917254587524644,2,0.004210322002575212,1.888504400247428e-05,2,0.005019783634343666,1.0807597198871752e-05,2,-13.37308289336751,1.701505031092536,2,-0.9635843737502872,0.04629489178018568,2,0.003943775644625072,0.00013406192468370484,2,0.0046984633566150204,0.0005360724114042625,2,-6.165136104610003,1.5399597295290761,2,5.50813626397766,10.621987096267283,2,0.002799940574951288,2.8687078749449756e-05,2,0.003145191099900131,0.00022349816599508495,2,24.609074403099783,0.6972225315543792,2,36.74404091729325,4.388065084025661,2,0.002729608741343267,8.657428256722602e-06,2,0.003752808714235785,0.00017567102644444146,2,26.497754676381398,1.199674706363251,2,24.51612162593819,3.6612016210989236,2,0.0026955710912080206,1.5507947224372038e-05,2,0.0037162178443575313,1.51164278335457e-05,2,27.407998277576354,1.832547415986054,2,25.25533119387985,0.17738620458187157,2,0.003688542097736046,0.0003405924347619837,2,0.004447515374920691,0.0002935539416726905,2,0.7621489742575887,7.235510775770739,2,10.551363369805184,5.75272415508774,2,0.00016679311616288686,0.00032691450767925826,0.0014154041579168342,0.002774192149516995,2.8235115279010878e-06,5.534082594686132e-06,5.119500232214667e-05,0.00010034220455140748,9.64174593645643e-05,0.00018897822035454602,0.00014359985430483033,0.0002814557144374675,4.285763860952625,8.400097167467145,2.769917282472788,5.429037873646664,1.3353742677155903e-05,2.6173335647225567e-05,7.642125267654952e-06,1.4978565524603705e-05,1.2031457457085595,2.3581656615887767,0.03273543191206665,0.06416144654765063,9.479609604276789e-05,0.00018580034824382504,0.0003790604373109787,0.0007429584571295182,1.0889159675042113,2.134275296308254,7.5108791054466,14.721323046675336,2.0284827916168423e-05,3.975826271569011e-05,0.0001580370687578812,0.00030975265476544715,0.4930107800581531,0.96630112891398,3.1028305772024622,6.081547931316826,6.121726227964582e-06,1.199858340681058e-05,0.00012421817405686587,0.0002434676211514571,0.8482981200874349,1.6626643153713723,2.5888604935702295,5.07416656739765,1.0965774644636564e-05,2.1492918303487664e-05,1.0688928628417235e-05,2.095030011169778e-05,1.2958067046896236,2.539781141191662,0.12543098814878562,0.2458447367716198,0.00024083522024103546,0.0004720370316724295,0.00020757398280079969,0.00040684500628956736,5.116278734895826,10.02790632039582,4.067790260358192,7.972868910302057
tanh,gpu_geometry,10,highdim_poly3,Sparse cubic,132.0,2.0,66,65,0.0008368535906338251,0.00031030051229415144,6,0.017696221182734614,0.00413540036596311,6,0.0006625075648546865,0.0002520191731347569,6,0.0014393922586173856,0.0005439385751946035,6,0.003199929157736401,0.0012689308956163427,6,0.0019836892036748793,0.000522960171303124,6,-138.71676320130723,88.21938360399483,6,-13.151209216571994,13.21976821141179,6,0.0016175475370396476,0.000460759463681382,6,0.0016609554498911265,0.00038993730185225156,6,-16.480392778593245,17.212057283013994,6,4.086171074538028,15.58306988099076,6,0.001675926518574856,0.0006240986789375891,6,0.0019863126949699046,0.0006572618100881529,6,-20.181217655930396,33.904664389993435,6,-15.011567346150144,34.81203726099952,6,0.0006986447714607412,0.0002609865531101663,6,0.0009577318754758193,0.0004058594133276948,6,51.321527651004935,1.3968608077436317,6,48.09965996410468,3.9130003969863343,6,0.000663605548408297,0.00025336256771326483,6,0.0008240195281401077,0.0002700975466176186,6,53.8929278725879,1.489732881302671,6,53.878532362354726,4.316489138259135,6,0.0006635474282935461,0.00025020974654530305,6,0.0009407215706749137,0.0003877704771535432,6,53.82258547673641,1.4695253969352968,6,48.998520366847195,4.394689373853165,6,0.0016688540876757772,0.00048748756423898343,6,0.0019173875032846264,0.0006992256717050764,6,-20.16426998874364,17.368011401297053,6,-6.075801794009524,10.450271039639563,6,0.00012667965367414824,0.00024829212120133055,0.0016882701297880733,0.0033090094543846236,0.00010288639659638082,0.0002016573373289064,0.0002220619934405463,0.0004352415071434708,0.0005180388688521506,0.0010153561829502151,0.00021349759591518934,0.0004184552879937711,36.01541254210664,70.59020858252902,5.396947772637383,10.578017634369271,0.0001881042633629706,0.00036868435619142237,0.00015919123686927304,0.0003120148242637752,7.026792961156547,13.772514203866832,6.361761639093391,12.469052812623046,0.0002547872187570261,0.0004993829487637711,0.00026832601035567264,0.0005259189802971183,13.841521275965833,27.129381700893035,14.211954699367354,27.855431210760013,0.00010654731414128159,0.0002088327357169119,0.0001656914116596978,0.0003247551668530077,0.5702660367773086,1.1177214320835247,1.5974757226540883,3.1310524164020133,0.00010343483513647511,0.0002027322768674912,0.00011026686166512634,0.00021612304886364762,0.6081809020396204,1.1920345679976558,1.762199311500125,3.4539106505402453,0.00010214770128451643,0.0002002094945176522,0.00015830663439029047,0.0003102810034049693,0.5999312310920647,1.1758652129404468,1.7941244239952594,3.5164838710307085,0.0001990159647229576,0.00039007129085699693,0.00028545768512204376,0.0005594970628392058,7.090460963336405,13.897303488139352,4.266305286816869,8.361958362161063
tanh,gpu_geometry,10,highdim_poly3,Sparse cubic,198.0,3.0,66,65,0.0008368535906338251,0.00031030051229415144,6,0.017696221182734614,0.00413540036596311,6,0.0006625075648546865,0.0002520191731347569,6,0.0011062962261505114,0.0004222228986829567,6,0.0016370191213077388,0.0002498785467467698,6,0.001403588202757628,0.00041913617087863076,6,-63.10732834553045,48.11536711874084,6,-4.1730682380851105,14.653399617523995,6,0.0013204749192671263,0.00038527278259465806,6,0.0014447909638400924,0.0004799795762977186,6,-23.284694298152214,12.552708356275911,6,-6.03855105359468,7.79225192208789,6,0.0013183743453655927,0.00046840507327836506,6,0.0014925590045774236,0.0004710437530806369,6,-21.8148369512182,19.69070398726219,6,-11.837876257173074,24.101602577100735,6,0.0006864935113619167,0.0002503581664040296,6,0.0008505909078330609,0.0002885797454276885,6,37.489432559751016,2.299699993117883,6,38.11732980579337,5.098117895111016,6,0.0006642420439539041,0.00025172733194797354,6,0.0008574147012204543,0.0002342763978938886,6,39.8705637578955,1.6753717256589298,6,36.1266575916938,6.927639813320839,6,0.000663711392375952,0.00025255326339089984,6,0.0008912640088389803,0.00036391342230873637,6,39.95802626027011,1.5759367069181907,6,36.21366811058219,7.272984585486463,6,0.001145695057505369,0.0003655196300563529,6,0.0013411237846683065,0.0004295419209905181,6,-6.149235963738736,11.474255485355881,6,1.00717947386082,11.542503937789581,6,0.00012667965367414824,0.00024829212120133055,0.0016882701297880733,0.0033090094543846236,0.00010288639659638082,0.0002016573373289064,0.00017237177658201394,0.0003378486821007473,0.00010201248953296326,0.000199944479484608,0.00017111162523277058,0.00033537878545623033,19.643016371267116,38.50031208768355,5.982225343337996,11.725161672942471,0.0001572869548565247,0.0003082824315187884,0.00019595084148111295,0.00038406364930298136,5.124621727141089,10.044258585196534,3.1811735260561322,6.235100111070019,0.00019122557041049304,0.00037480211800456633,0.00019230280692885204,0.00037691350158055,8.038696240829761,15.755844632026331,9.839438049540812,19.28529857709999,0.00010220829343811244,0.00020032825513870037,0.00011781218773335064,0.00023091188795736723,0.9388485907701334,1.8401432379094613,2.0812979152623,4.079343913914108,0.00010276725293078958,0.00020142381574434759,9.564293893621178e-05,0.0001874601603149751,0.6839676428917503,1.3405765800678304,2.828197110737628,5.5432663370457504,0.00010310443803040459,0.00020208469853959298,0.00014856703253439545,0.0002911913837674151,0.6433734664786013,1.2610119942980584,2.969183523594876,5.819599706245957,0.00014922276410148972,0.00029247661763891984,0.00017535975492694275,0.00034370511965680777,4.684345186242141,9.181316565034596,4.712207500275004,9.235926700539007
tanh,gpu_geometry,10,highdim_poly3,Sparse cubic,264.0,4.0,66,65,0.0008368535906338251,0.00031030051229415144,6,0.017696221182734614,0.00413540036596311,6,0.0006625075648546865,0.0002520191731347569,6,0.0009653625282996945,0.0003649430551048684,6,0.0015190954402460328,5.1302198545730886e-05,6,0.00129319390942561,0.00030548329554583244,6,-79.20879095549907,71.10821996847594,6,-10.881243866918856,19.436481059345937,6,0.00111657614797475,0.000326146838444342,6,0.0012488563663137684,0.00037709442574163164,6,-19.032429836130152,11.356072663006493,6,-4.436740791075197,13.338951031051966,6,0.0011101307359348545,0.00032246666713057234,6,0.0012402867447851658,0.0004312925193346854,6,-18.69885309583502,14.099733882603337,6,-1.968309535358147,7.237393312367024,6,0.0006871518916362359,0.00025360036472967803,6,0.0009275760934426084,0.0003633210390659304,6,28.579828030336387,1.8669997344297278,6,24.949532213213406,3.954034063996478,6,0.0006687230820480822,0.00025235272107953973,6,0.0009141982265929347,0.00030335939874792434,6,30.740478044100723,1.750631715189117,6,24.45759239651684,5.855132725572358,6,0.0006681115097255746,0.000254267685166112,6,0.000855852687226484,0.00031423686989580336,6,30.87683414329499,1.3355719425085784,6,29.676781926481283,8.681793162366956,6,0.0010794933883031398,0.0004781505762159005,6,0.001304087293353513,0.0005818714485644666,6,-9.625958549959812,11.914561181944713,6,-3.4456725051436785,12.239561707281,6,0.00012667965367414824,0.00024829212120133055,0.0016882701297880733,0.0033090094543846236,0.00010288639659638082,0.0002016573373289064,0.00014898737836322189,0.00029201526159191487,2.0944034853332315e-05,4.1050308312531336e-05,0.00012471303317185313,0.00024443754501683214,29.02980924005863,56.89842611051491,7.934910165111233,15.552423923618015,0.00013314888923509634,0.00026097182290078883,0.00015394815465247328,0.00030173838311884764,4.636097251055809,9.086750612069386,5.445603955008148,10.67338375181597,0.00013164646558763574,0.00025802707255176606,0.0001760744337082379,0.0003451058900681463,5.756192253568218,11.282136816993708,2.9546534471884325,5.7911207564893274,0.00010353191536190321,0.0002029225541093303,0.00014832519308822048,0.00029071737845291214,0.7621994498774227,1.4939109217597486,1.614227647062443,3.163886188242388,0.00010302256697462615,0.00020192423127026723,0.00012384595593498547,0.00024273807363257152,0.7146924049577774,1.4007971137172437,2.390347925653934,4.685081934281711,0.00010380434778926898,0.0002034565216669672,0.00012828666493567707,0.00025144186327392704,0.5452449623206279,1.0686801261484307,3.544327216697165,6.946881344726443,0.00019520415532445245,0.0003826001444359268,0.0002375480241461751,0.0004655941273265032,4.864099234156033,9.533634498945824,4.996780143024429,9.79368908032788
tanh,gpu_geometry,10,highdim_poly4,Sparse quartic,132.0,2.0,66,65,0.0016010500340209498,0.0009623803929520038,6,0.02356958305141521,0.006411969635314857,6,0.0011297663650873474,0.0006051976017505415,6,0.002600789987195275,0.0014596096432464446,6,0.0026600119512605043,0.0012879871091096076,6,0.003061959815337644,0.0017281677071995826,6,-9.521620537195965,25.220336749774496,6,5.429974233345046,14.447389994217255,6,0.0025335996554957294,0.0012194844540530472,6,0.003165014064311262,0.0015688081443365693,6,-2.4674351358982323,13.83320744844789,6,0.032009570746343995,13.31710082765996,6,0.0030554009150654976,0.002256925842767859,6,0.003568664775395351,0.0025358365804841326,6,-11.00658519702017,25.682079696823557,6,-2.360631219062954,20.368418850545275,6,0.0012368066685914702,0.0006677837959432924,6,0.0015673436570456613,0.0007457331811884923,6,51.52957494144547,3.83947594517077,6,50.15475497175543,6.599543021488554,6,0.0011397878312209878,0.0006096110494185768,6,0.0015422937159178072,0.0008092989606608138,6,55.27647969245323,3.4596968464617492,6,51.56417565554698,7.14905810686837,6,0.0011365051231817032,0.0006095965511312096,6,0.0014952414602533812,0.0008361480423662839,6,55.44603406726174,3.354905468498118,6,54.060457432550514,5.445758771460604,6,0.00312085081508098,0.0018389042675406254,6,0.0036200276937203694,0.0019370770126234638,6,-20.76226627131027,16.293438721296486,6,-11.376168237161403,8.693614629655857,6,0.0003928901501985963,0.0007700646943892488,0.0026176756421234897,0.00513064425856204,0.00024707088630748834,0.00048425893716267716,0.00059588314159993,0.0011679309575358628,0.0005258185354334904,0.001030604329449641,0.0007055215120990835,0.0013828221637142036,10.29615936301838,20.180472351516023,5.898122266803915,11.560319642935672,0.0004978524436144139,0.0009757907894842512,0.0006404632429911897,0.001255307956262732,5.6473832924608285,11.068871253223223,5.436683646827074,10.655899947781064,0.0009213861170136918,0.0018059167893468358,0.0010352509488783753,0.0020290918598016155,10.484665131784903,20.54994365829841,8.315372175187031,16.298129463366582,0.0002726215930933183,0.0005343383224629038,0.00030444429636238023,0.0005967108208702653,1.5674594908930917,3.0722206021504594,2.6942521563654194,5.280734226476222,0.0002488726687730155,0.0004877904307951104,0.00033039491716395835,0.0006475740376413584,1.4124153230912273,2.7683340332588053,2.9185907505558335,5.720437871089434,0.0002488667498719832,0.000487778829749087,0.0003413560088707411,0.0006690577773866526,1.3696344221822223,2.684483467477156,2.2232217087273787,4.357514549105662,0.0007507295235501625,0.0014714298661583185,0.000790808378900376,0.0015499844226447368,6.651768503747001,13.037466267344122,3.5491533105086335,6.956340488596921
tanh,gpu_geometry,10,highdim_poly4,Sparse quartic,198.0,3.0,66,65,0.0016010500340209498,0.0009623803929520038,6,0.02356958305141521,0.006411969635314857,6,0.0011297663650873474,0.0006051976017505415,6,0.0019560656150926716,0.0010835047738939323,6,0.0020421971730856165,0.0012887849012572516,6,0.002438978171024186,0.0015531258182325544,6,-1.9626868469290961,10.424246542876368,6,5.518540424098279,10.422735581291079,6,0.0021784585488008414,0.001350461809234212,6,0.002640636509822473,0.0017340337686353848,6,-9.115560758717539,9.575958814648152,6,-1.433978619714921,13.561815384755974,6,0.0020144123362588404,0.0009945559607911444,6,0.002436468448662591,0.001203200826051618,6,-5.677078668349004,7.436671494629112,6,-0.4021794514488229,13.87852795741048,6,0.0012158660947676292,0.0006766540362969704,6,0.0016753954704016958,0.0009828172860332765,6,37.41865480631281,3.711006287244638,6,33.04840337750529,8.85087960750795,6,0.0011454699062287384,0.0006207160191396747,6,0.0015217570167707084,0.0007432935846004131,6,40.82720854371635,2.5267148032092415,6,37.28896050790301,5.717593577263706,6,0.001136623616910724,0.0006026651456948195,6,0.0015304096599656352,0.0008169488799857866,6,40.99924463918262,2.6699952042557547,6,38.58886491221066,3.085857348699006,6,0.002401076706710045,0.0017330168799006783,6,0.0025383959983797076,0.001630437234905513,6,-17.96233302842922,28.21824893634042,6,1.1986812292599114,18.246532977498326,6,0.0003928901501985963,0.0007700646943892488,0.0026176756421234897,0.00513064425856204,0.00024707088630748834,0.00048425893716267716,0.00044233897165163233,0.0008669843844371993,0.0005261442327139115,0.0010312426961192665,0.0006340609601687289,0.0012427594819307086,4.2556808305031115,8.341134427786098,4.255063983018961,8.339925406717164,0.0005513237249566026,0.001080594500914941,0.0007079163216520057,0.001387515990437931,3.9093688156324684,7.662362878639638,5.536587946413143,10.851712374969761,0.00040602577076362953,0.0007958105106967139,0.0004912046803202809,0.0009627611734277505,3.0360084244236765,5.9505765118704055,5.665885312767758,11.105135213024806,0.0002762428535537109,0.0005414359929652733,0.00040123347686141865,0.0007864176146483806,1.515011972668271,2.969423466429811,3.613356468866588,7.0821786789785115,0.00025340625367730667,0.0004966762572075211,0.00030344833522587543,0.0005947587370427158,1.031526998899909,2.0217929178438214,2.3341978034850714,4.57502769483074,0.00024603701545206503,0.00048223255028604744,0.000333517983650565,0.0006536952479551074,1.0900209776841248,2.1364411162608845,1.2597959872217181,2.4692001349545674,0.0007075011785644698,0.0013867023099863607,0.0006656232138588036,0.001304621499163255,11.520051888144698,22.579301700763608,7.449115894956193,14.600267154114137
tanh,gpu_geometry,10,highdim_poly4,Sparse quartic,264.0,4.0,66,65,0.0016010500340209498,0.0009623803929520038,6,0.02356958305141521,0.006411969635314857,6,0.0011297663650873474,0.0006051976017505415,6,0.0017132087114885087,0.0009164382540316815,6,0.0018383067517549103,0.0009386557446784131,6,0.0021173385980493447,0.0012560616276638163,6,-10.866402718329349,18.11542570263883,6,6.301093537563072,11.840818584495162,6,0.001816712475024524,0.0010689314552349625,6,0.002240429907007833,0.001378889939587,6,-3.85657032976998,5.812899664533408,6,3.0886710763602814,11.188069156846192,6,0.0017435589842990232,0.0009085292842680615,6,0.0022054817847160227,0.0013076056461024804,6,-2.6648121047607933,4.461315562021814,6,3.224096885560115,12.774713539896004,6,0.0012070342765199372,0.0006776127475829427,6,0.0015544380778591404,0.0008456753980890592,6,30.039811444603874,2.9171920910872307,6,29.75276978456883,9.17801803892432,6,0.001149731054217106,0.0006160142384022707,6,0.001573967218502356,0.00082642542073684,6,32.64883624266704,2.245147839965186,6,29.51400719022219,5.718473237593967,6,0.0011497389495599072,0.0006142172260861449,6,0.0015705972326204452,0.0008604035955763861,6,32.63634549921013,2.036260276184489,6,29.222821571811593,9.32140363282941,6,0.0017361931066375853,0.0009304703795189226,6,0.002085256992350549,0.0010686813217924789,6,-1.2834707533329597,8.131708425832526,6,5.2224308549637515,8.55525293462496,6,0.0003928901501985963,0.0007700646943892488,0.0026176756421234897,0.00513064425856204,0.00024707088630748834,0.00048425893716267716,0.0003741343505241214,0.000733303327027278,0.00038320460309904645,0.0007510810220741311,0.0005127850122110103,0.0010050586239335802,7.395591574127428,14.49535948528976,4.833993944812889,9.474628131833262,0.00043638943922272283,0.0008553233008765367,0.0005629294605742121,0.0011033417427254557,2.373106350683727,4.651288447340105,4.567510106873931,8.952319809472906,0.00037090552713879316,0.0007269748331920346,0.0005338277696222328,0.0010463024284595762,1.821324451415234,3.5697959247738584,5.215254963828108,10.221899729103091,0.0002766342457972575,0.0005422031217626246,0.00034524553555720524,0.0006766812496921223,1.1909386841410639,2.334239820916485,3.7469101742373505,7.343943941505207,0.00025148675972912557,0.0004929140490690861,0.00033738676521169366,0.0006612780598149196,0.916577767504422,1.796492424308667,2.3345569233110894,4.575731569689736,0.00025075313252312473,0.0004914761397453245,0.0003512582970030206,0.0006884662621259204,0.8312997766917912,1.6293475623159108,3.8054470978262493,7.458676311739449,0.000379862941765862,0.0007445313658610895,0.000436287322672441,0.0008551231524379844,3.31975606339672,6.506721884257571,3.4926673850465875,6.845628074691311
tanh,gpu_geometry,20,highdim_nonlinear,Random nonlinear,462.0,2.0,231,230,0.0032428533953479284,0.0016829012216449386,4,0.05494042130685244,0.016627238366602234,4,0.004581107232829586,0.0025513355297036235,4,0.009746130437584403,0.005392884961192633,4,0.006944292528088132,0.0023441252871927967,4,0.004417540760828639,0.0017317841583180064,4,20.462323536711754,19.99556814821559,4,26.866466573439958,13.864615928703172,4,0.007019297957437673,0.0032701227050894884,4,0.004761696068647552,0.0022666375594841606,4,24.587961600643364,8.199096578725287,4,24.438484372492546,7.1703477585942,4,0.007840537341611501,0.004360317881463773,4,0.005341653342852274,0.002882904088388074,4,19.654767729410917,0.7770536475955923,4,18.001724695677304,2.108007371567228,4,0.005415559819976819,0.0032524921987616504,4,0.0036793694044343914,0.002155020830849641,4,45.84558906132621,3.512251770783349,4,44.885416664593116,3.706821865974919,4,0.004735746701046225,0.0026439309296943073,4,0.003314587092827604,0.0019168180534245933,4,51.53975039158106,0.6563917942589297,4,50.16662305981135,1.9606805942626377,4,0.004777357398116334,0.0027042849508016127,4,0.0032719488408239207,0.0018734101252072884,4,51.3126509783927,1.2736591076666823,4,50.653439749722736,2.1668079379543843,4,0.008165618356981406,0.004208555700421604,4,0.005443931438095509,0.0030192836263033688,4,13.895184706685374,10.186686185273821,4,15.610389958624822,12.187714354816174,4,0.0008414506108224693,0.0016492431972120398,0.008313619183301117,0.016294693599270188,0.0012756677648518117,0.002500308819109551,0.0026964424805963165,0.00528502726196878,0.0011720626435963984,0.002297242781448941,0.0008658920791590032,0.0016971484751516462,9.997784074107795,19.59565678525128,6.932307964351586,13.587323610129108,0.0016350613525447442,0.0032047202509876984,0.0011333187797420803,0.0022213048082944773,4.099548289362644,8.035114647150781,3.5851738792971,7.026940803422316,0.0021801589407318867,0.004273111523834498,0.001441452044194037,0.002825246006620313,0.38852682379779613,0.7615125746436804,1.054003685783614,2.0658472241358834,0.0016262460993808252,0.0031874423547864172,0.0010775104154248205,0.002111920414232648,1.7561258853916746,3.442006735367682,1.8534109329874595,3.6326854286554204,0.0013219654648471536,0.002591052311100421,0.0009584090267122967,0.0018784816923561015,0.32819589712946484,0.643263958373751,0.9803402971313189,1.921466982377385,0.0013521424754008064,0.0026501992517855805,0.0009367050626036442,0.0018359419227031426,0.6368295538333412,1.2481859255133487,1.0834039689771922,2.1234717791952966,0.002104277850210802,0.0041243845864131715,0.0015096418131516844,0.0029588979537773013,5.0933430926369105,9.982952461568344,6.093857177408087,11.94396006771985
tanh,gpu_geometry,20,highdim_nonlinear,Random nonlinear,693.0,3.0,231,230,0.0032428533953479284,0.0016829012216449386,4,0.05494042130685244,0.016627238366602234,4,0.004581107232829586,0.0025513355297036235,4,0.006973746643505288,0.0038349958679760664,4,0.006013438069847041,0.0025457729076649137,4,0.004032679792524308,0.0018489557445356324,4,7.944809003648406,14.13501178693967,4,11.801115245299272,10.054759860918976,4,0.005971316076734031,0.0028750496092404543,4,0.004073112450299814,0.002056457063442017,4,11.246517354757056,7.590229431563291,4,13.020026104000834,5.1051892971253,4,0.00629293878721858,0.003185274254902989,4,0.004231317982923341,0.0020925786380755805,4,7.655621509399648,5.19543370348256,4,9.138610839201899,6.663745520662519,4,0.005134515588423393,0.002961596899479407,4,0.00365318141696942,0.0019175866247479185,4,27.426657795706095,2.5996095965232855,4,22.77993964331779,3.3637580204905597,4,0.004906116861618767,0.002833155291615983,4,0.0034187958081559403,0.001884728776060911,4,30.683475850931938,2.5292304129991834,4,28.76205905767205,0.945515123450393,4,0.004863859874451355,0.002777344613393271,4,0.003439382005668567,0.002016693302371509,4,31.038070439579045,1.9291828131611326,4,29.655450195318384,4.1017589170622974,4,0.006093791084402665,0.0031891868070107418,4,0.0041952316330504565,0.0021984205367003525,4,11.358398796873722,3.805233877536775,4,11.295374359596766,3.9856749510084266,4,0.0008414506108224693,0.0016492431972120398,0.008313619183301117,0.016294693599270188,0.0012756677648518117,0.002500308819109551,0.0019174979339880332,0.003758295950616545,0.0012728864538324568,0.0024948574495116155,0.0009244778722678162,0.0018119766296449196,7.067505893469835,13.852311551200875,5.027379930459488,9.853664663700597,0.0014375248046202271,0.0028175486170556453,0.0010282285317210085,0.0020153279221731767,3.7951147157816454,7.438424842932025,2.55259464856265,5.003085511182793,0.0015926371274514945,0.0031215687698049293,0.0010462893190377903,0.002050727065314069,2.59771685174128,5.091525029412908,3.3318727603312595,6.530470610249268,0.0014807984497397036,0.002902364961489819,0.0009587933123739593,0.0018792348922529601,1.2998047982616427,2.54761740459282,1.6818790102452799,3.2964828600807485,0.0014165776458079915,0.0027764921857836634,0.0009423643880304555,0.001847034200539693,1.2646152064995917,2.4786458047391995,0.4727575617251965,0.9266048209813852,0.0013886723066966354,0.0027217977211254052,0.0010083466511857544,0.0019763594363240784,0.9645914065805663,1.89059915689791,2.0508794585311487,4.019723738721051,0.0015945934035053709,0.003125403070870527,0.0010992102683501763,0.0021544521259663453,1.9026169387683876,3.7291291999860396,1.9928374755042133,3.905961451988258
tanh,gpu_geometry,20,highdim_nonlinear,Random nonlinear,924.0,4.0,231,230,0.0032428533953479284,0.0016829012216449386,4,0.05494042130685244,0.016627238366602234,4,0.004581107232829586,0.0025513355297036235,4,0.006108224114474633,0.0033630389372333205,4,0.005695845528729652,0.002549732973988062,4,0.003873079723256731,0.0017863148728113993,4,1.6216586919020366,12.424837135987916,4,3.7761004911008738,10.187086055751498,4,0.0055731413813331025,0.0025619560006244547,4,0.0038377781337615357,0.0017607145203183442,4,4.328687784804015,10.733083916737916,4,4.518882895707299,10.145703069310157,4,0.005645107107767908,0.002958258365343427,4,0.0038264765034480164,0.0019665668823169425,4,6.254785977941822,3.5860731411709046,4,7.344969203263076,4.969075025159313,4,0.00506934811749187,0.0029007339439796193,4,0.0034792406851957528,0.001996171345870451,4,17.96737200439255,2.3298650625822903,4,18.349460555758405,9.632297315312648,4,0.004966274032670338,0.002895309113196158,4,0.003425350018517182,0.0018646002008302588,4,20.104058196584745,3.427119302834768,4,18.400681123859844,6.101959101861527,4,0.004927508421896625,0.0028233151728342897,4,0.003374545091540219,0.0019484839807201333,4,20.291294708223198,2.3777411170337652,4,21.06925366428896,3.6099973706537383,4,0.005738198630064896,0.0030620476077773445,4,0.0039515974945111,0.002100289882665689,4,4.963382645974,5.860852649159797,4,5.118790873268367,4.806192557863962,4,0.0008414506108224693,0.0016492431972120398,0.008313619183301117,0.016294693599270188,0.0012756677648518117,0.002500308819109551,0.0016815194686166603,0.003295778158488654,0.001274866486994031,0.002498738314508301,0.0008931574364056997,0.0017505885753551712,6.212418567993958,12.176340393268157,5.093543027875749,9.983344334636469,0.0012809780003122273,0.0025107168806119654,0.0008803572601591721,0.0017255002299119773,5.366541958368958,10.518422238403158,5.072851534655078,9.942789007923954,0.0014791291826717135,0.0028990931980365582,0.0009832834411584712,0.0019272355446706036,1.7930365705854523,3.5143516783474866,2.4845375125796565,4.869693524656126,0.0014503669719898096,0.0028427192651000266,0.0009980856729352255,0.001956247918953042,1.1649325312911452,2.2832677613306447,4.816148657656324,9.439651369006395,0.001447654556598079,0.002837402930932235,0.0009323001004151294,0.0018273081968136536,1.713559651417384,3.358576916778073,3.0509795509307636,5.9799199198242965,0.0014116575864171449,0.002766848869377604,0.0009742419903600667,0.0019095143011057306,1.1888705585168826,2.33018629469309,1.8049986853268691,3.5377974232406633,0.0015310238038886723,0.0030008066556217977,0.0010501449413328446,0.0020582840850123752,2.9304263245798987,5.743635596176602,2.403096278931981,4.710068706706683
tanh,gpu_geometry,20,highdim_poly3,Sparse cubic,462.0,2.0,231,230,0.0006155960653545907,0.00027090273933739713,6,0.018141728610778774,0.0053210570931055716,6,0.000892498166658425,0.0003730359707556173,6,0.0018758183260962787,0.0007757165857224839,6,0.0019117078385373963,0.0007532121942257982,6,0.0012229221469401167,0.0005193070162862345,6,-3.69354318682752,8.368227940134291,6,1.6541971045535409,5.173715409709209,6,0.0018314414310405648,0.0007812471054454335,6,0.0011340870646627064,0.0004492845875282019,6,2.1617014310958003,5.425047909227007,6,7.900421458270043,4.399184239812849,6,0.0018729231673191825,0.0007851530728735841,6,0.0012133500938125736,0.00048180552521251375,6,0.6239546308341433,5.627719301107098,6,1.817172349759838,3.5908080937918623,6,0.0009864270745069505,0.0004023228960793472,6,0.0006868275824355807,0.00027993978425160267,6,47.16952597785909,1.3313630699861962,6,44.491306010441114,3.408732532033763,6,0.0009066324456601733,0.00038430715949302634,6,0.0006540065401900132,0.0002711374796195325,6,51.589145148358,2.213871726832488,6,47.127595741063594,4.61451923783438,6,0.0009029596368078475,0.0003764694954738926,6,0.0006100661933425148,0.0003073208880478317,6,51.65097759167035,2.221191722893383,6,52.497364078135185,6.100170312491406,6,0.0019398012192265758,0.000915446551512443,6,0.0012692339174535598,0.0005937135666599036,6,-1.2692224949388213,10.301266035618834,6,-0.19091494361544573,12.826674597056321,6,0.00011059558021646989,0.00021676733722428098,0.0021723124617209623,0.0042577324249730856,0.00015229129734250837,0.0002984909427913164,0.00031668497000566874,0.0006207025412111108,0.0003074975906492173,0.000602695277672466,0.00021200620162474472,0.00041553215518449967,3.4163147507717584,6.695976911512647,2.1121604713603297,4.139834523866246,0.0003189427952279396,0.0006251278786467616,0.00018341966479015027,0.0003595025429886945,2.21476653462648,4.3409424078679,1.7959594453391645,3.5200805128647623,0.0003205373997530896,0.0006282533035160556,0.0001966962820040524,0.00038552471272794274,2.297506783887459,4.50311329641942,1.4659412656743307,2.873244880721688,0.00016424763453886393,0.0003219253636961733,0.00011428493835353945,0.00022399847917293732,0.543526697308585,1.0653123267248268,1.391609228851339,2.7275540885486245,0.00015689274087605116,0.00030750977211706026,0.00011069141253535465,0.0002169551685692951,0.9038093477856437,1.7714663216598616,1.883869590158494,3.6923843967106484,0.0001536930279390097,0.000301238334760459,0.00012546322716936354,0.00024590792525195254,0.9067977236637063,1.7773235383808643,2.4903841016130257,4.881152839161531,0.0003737294896659936,0.0007325097997453475,0.00024238254861410846,0.0004750697952836526,4.205474248654845,8.242729527363496,5.236467976584502,10.263477234105624
tanh,gpu_geometry,20,highdim_poly3,Sparse cubic,693.0,3.0,231,230,0.0006155960653545907,0.00027090273933739713,6,0.018141728610778774,0.0053210570931055716,6,0.000892498166658425,0.0003730359707556173,6,0.0014078843251767873,0.0005845634292646408,6,0.0014893909696447663,0.0006411300001449209,6,0.0009369702678308835,0.0004056031477350026,6,-5.42399628533273,2.942677171908808,6,1.5424769214754779,4.310739610420707,6,0.0014250543957506827,0.0005921908443081866,6,0.0009228981431832797,0.0003851209872844835,6,-1.8551286808038057,5.173965858254347,6,2.078931925927725,6.498679517800935,6,0.0014967577173036625,0.0006210398066456877,6,0.001017650272610732,0.00045306936906005076,6,-6.369660918596014,3.125179561250918,6,-6.402372739345257,11.466742559450989,6,0.0009546706672666172,0.00039693229092045696,6,0.0006526165677863406,0.00025955636198984053,6,32.08768061055216,1.534667396310849,6,29.77612656088064,5.823504957270006,6,0.000914795760537987,0.00038581375504138037,6,0.0005942081258344789,0.00020480317909631215,6,34.97026223110108,2.164068916432315,6,35.30733103176893,5.154104623081995,6,0.0009112456449239308,0.00038732489680053605,6,0.0006265133435176122,0.0002788871355228091,6,35.25900592380518,2.5654389319025026,6,33.70250063203295,6.566073186381508,6,0.0013342042634166126,0.0005580932787915661,6,0.0009072346209192413,0.0003858765226681734,6,4.835917429962238,6.909215261034116,6,3.343401263597082,10.495190855436734,6,0.00011059558021646989,0.00021676733722428098,0.0021723124617209623,0.0042577324249730856,0.00015229129734250837,0.0002984909427913164,0.00023864702066498294,0.00046774816050336655,0.00026174022652426023,0.00051301084398755,0.0001655867916695765,0.0003245501116723699,1.2013429248188061,2.35463213264486,1.7598520765891126,3.4493100701146604,0.00024176089981716884,0.00047385136364165093,0.00015722498468064553,0.00030816096997406524,2.112262716550731,4.1400349244394326,2.6530748034147535,5.200026614692917,0.0002535384393731101,0.0004969353411712957,0.00018496479538030678,0.0003625309989454013,1.2758492132732928,2.500664458015654,4.681278047085088,9.17530497228677,0.0001620469291981813,0.00031761198122843534,0.000105963441061372,0.0002076883444802891,0.6265253409745319,1.2279896683100826,2.3774359433133117,4.65977444889409,0.00015750780593308718,0.00030871529962885085,8.361054774763381e-05,0.00016387667358536227,0.883477435579477,1.731615773735775,2.104154401245118,4.124142626440431,0.00015812472697291103,0.0003099244648669056,0.0001138551963095505,0.00022315618476671898,1.0473360582386355,2.0527786741477256,2.6805881534008607,5.253952780665687,0.00022784062698602897,0.0004465676288926168,0.0001575334307094219,0.0003087655241904669,2.8206753187640112,5.528523624777462,4.284643724824015,8.39790170065507
tanh,gpu_geometry,20,highdim_poly3,Sparse cubic,924.0,4.0,231,230,0.0006155960653545907,0.00027090273933739713,6,0.018141728610778774,0.0053210570931055716,6,0.000892498166658425,0.0003730359707556173,6,0.001232254637251609,0.0005056479446091524,6,0.0013360228359995125,0.0006144787907755125,6,0.0008285877438456473,0.0003481312906805181,6,-7.334021127119125,8.34510695862206,6,-0.3356737107250834,7.180168571791708,6,0.0013037864905103905,0.000557847678591079,6,0.0008188334609318847,0.00033824662778569154,6,-5.671094248481258,5.053508285467146,6,1.3373490710682603,6.521035932204862,6,0.0013437401797035033,0.0005992020183187057,6,0.0008322167950530821,0.000344908214361555,6,-7.755368593223339,6.059336958740301,6,-0.6583333536859982,5.4301627094488465,6,0.0009441385891939334,0.0003860649118407493,6,0.0006145260054982488,0.00023405801110063472,6,23.243545383108568,0.9858168764945704,6,24.832450671794025,3.241852196689088,6,0.0009173262733792612,0.0003868436555912409,6,0.0006299997162057253,0.00029288573079461205,6,25.681413067777303,1.8922833631725333,6,24.561590899202812,9.005777940043068,6,0.0009192275020647109,0.0003870375478245414,6,0.0006143353969902723,0.000259005520458887,6,25.553594651508078,1.5715338741404634,6,25.841340275336744,5.709825466330641,6,0.0012106635712777303,0.0004963564158920331,6,0.0007956295568430169,0.0003334014232327873,6,1.9842745234250607,2.779298821580722,6,4.352561208070282,7.336795720907634,6,0.00011059558021646989,0.00021676733722428098,0.0021723124617209623,0.0042577324249730856,0.00015229129734250837,0.0002984909427913164,0.0002064299089632526,0.0004046026215679751,0.00025085991586040475,0.0004916854350863933,0.00014212400427729972,0.00027856304838350744,3.4068756495955435,6.677476273207265,2.931291544676322,5.745331427565591,0.00022774036112404255,0.0004463711078031234,0.00013808860754867518,0.00027065367079540337,2.06308611838693,4.043648792038383,2.6622017713760586,5.217915471897075,0.00024462319962110797,0.0004794614712573716,0.00014080818888004843,0.00027598405020489493,2.4737139547502314,4.848479351310454,2.2168546430731104,4.3450351004232965,0.00015761034026706792,0.00030891626692345313,9.555378290120601e-05,0.00018728541448636378,0.4024580545393336,0.7888177868970938,1.3234806172348392,2.594022009780285,0.00015792826107191552,0.0003095393917009544,0.00011957009889815958,0.00023435739384039279,0.7725214480883961,1.5141420382532562,3.6765934483197524,7.206123158706714,0.00015800741724469465,0.0003096945377996015,0.00010573856094804374,0.00020724757945816573,0.6415760175238959,1.257488994346836,2.3310264854765137,4.568811911533967,0.00020263665824869277,0.00039716785016743783,0.0001361105610730043,0.0002667766997030884,1.134643992598559,2.2239022254931755,2.9952343105431276,5.87065924866453
tanh,gpu_geometry,20,highdim_poly4,Sparse quartic,462.0,2.0,231,230,0.0008652482641628272,0.00029555472212692245,6,0.020998016451670435,0.004674644271030936,6,0.0012775020605133509,0.00038635580526054695,6,0.0026760584757731195,0.0008338947275038808,6,0.004313647520327756,0.0017778975860478594,6,0.002054712209147855,0.0006935966717719107,6,-58.820629313107055,32.96676279376112,6,-16.258587096878703,13.570964058049832,6,0.002665000235909329,0.0006093960362561002,6,0.0017252386563024105,0.00033323280537989443,6,-1.7544592261643697,11.509324913511557,6,-0.8033387747631551,14.415503808317943,6,0.002801577914712857,0.0009880479777445367,6,0.001857369431989959,0.0006528949635212861,6,-3.804178448401892,6.315324163194712,6,-4.551925556320289,8.311738028166785,6,0.0013984012553824813,0.0003952683411732968,6,0.0009483106416175343,0.00027181546924777357,6,47.36862470872057,2.0575702725231686,6,45.86998482639655,3.7544439235236866,6,0.0012848979375352136,0.000383422219973683,6,0.0008372622647688813,0.00023876216069629536,6,51.823362800768315,1.0828058012140012,6,52.12081808601577,4.9482331468699785,6,0.0012859698639023675,0.0003932781707404773,6,0.0008832532561474857,0.0003353254779950127,6,51.86460101214834,1.0076728118312575,6,50.534668709143546,5.276213733328346,6,0.0028113195142395,0.0010556364922295436,6,0.001830692696325756,0.0007516599290617786,6,-4.152735633826504,13.021184739892558,6,-1.9086712282187168,13.763654381709898,6,0.00012065971004683816,0.0002364930316918028,0.0019084155321750708,0.0037404944430631387,0.00015772909700840747,0.00030914903013647864,0.00034043609693028824,0.000667254749983365,0.0007258236501238675,0.0014226143542427803,0.00028315965552230766,0.0005549929248237231,13.458624552680662,26.3789041232541,5.540322876645373,10.85903283822493,0.00024878489001700725,0.00048761838443333417,0.00013604172312281908,0.0002666417773207254,4.698662220334242,9.209377951855114,5.885104785921108,11.534805380405372,0.00040336889781048414,0.0007906030397085489,0.0002665432527100313,0.0005224247753116613,2.578220293349368,5.053311774964761,3.3932528407825697,6.650775567933836,0.0001613676245584854,0.0003162805441346314,0.0001109682006420363,0.00021749767325839113,0.8399995462668484,1.6463991106830227,1.5327453134209836,3.004180814305128,0.00015653146583011532,0.00030680167302702603,9.747424393172074e-05,0.00019104951810617265,0.4420536172499695,0.8664250898099402,2.0201077230262903,3.959411137131529,0.00016055514088155512,0.00031468807612784804,0.00013689605314044166,0.00026831626415526564,0.4113807027770248,0.8063061774429686,2.1540052367532536,4.221850264036377,0.00043096179330398023,0.0008446851148758012,0.00030686388104965965,0.0006014532068573329,5.315876409875278,10.419117763355544,5.618988371868524,11.013217208862308
tanh,gpu_geometry,20,highdim_poly4,Sparse quartic,693.0,3.0,231,230,0.0008652482641628272,0.00029555472212692245,6,0.020998016451670435,0.004674644271030936,6,0.0012775020605133509,0.00038635580526054695,6,0.0020104102067619125,0.0006118915498990477,6,0.0027061708783256005,0.0010847690165266646,6,0.001406424570645804,0.0004189695543897976,6,-31.994974597664804,17.229821988143904,6,-4.42283554110908,8.043216144035362,6,0.0020279504171524442,0.0005224103909178042,6,0.001327750779969943,0.0003957945392500441,6,-1.94306968021694,4.283410911445591,6,1.5157801543368024,5.692168917397294,6,0.002144478619532744,0.0006380233842051357,6,0.0013827129243243006,0.00041430248644958566,6,-6.975192502299959,6.365661970370251,6,-2.6184061108508763,7.832024354851201,6,0.0013707361684228518,0.0004131074272632837,6,0.0009756428538676749,0.0003384389863295771,6,31.763074076924244,0.7744219151985318,6,28.43634826361888,5.3958789039529576,6,0.0013075826378313943,0.00041154259375638383,6,0.0008874496822688445,0.00023164197937861885,6,35.09582860030943,1.3666208788203342,6,33.593380015876996,5.9895988076918325,6,0.0013075115685520049,0.0004110430382954739,6,0.0008791875338990473,0.00021983550789999166,6,35.09516242931587,1.1100534539084872,6,34.063168711025874,5.128006988062224,6,0.0020414181142853136,0.0004960937760431031,6,0.001416338987187047,0.00032311063923333325,6,-3.054351098227046,8.19720094938669,6,-6.932119828535754,11.964300256110926,6,0.00012065971004683816,0.0002364930316918028,0.0019084155321750708,0.0037404944430631387,0.00015772909700840747,0.00030914903013647864,0.0002498036791955698,0.0004896152112233168,0.00044285509654517683,0.0008679959892285466,0.00017104360433604137,0.00033524546449864107,7.034045371656427,13.786728928446598,3.2836292406337813,6.435913311642211,0.00021327314901275197,0.0004180153720649939,0.00016158244402376287,0.0003167015902865752,1.74869518195192,3.4274425566257634,2.323818229558983,4.554683729935607,0.00026047195587771516,0.0005105250335203217,0.00016913828182797114,0.0003315110323828234,2.598770617074481,5.093590409465983,3.197410553739343,6.266924685329112,0.0001686504009581602,0.000330554785877994,0.00013816713759537256,0.0002708075896869302,0.3161564229775513,0.6196665890360006,2.202858338088818,4.317602342654083,0.0001680115603541078,0.0003293026582940513,9.456744208098657e-05,0.00018535218647873367,0.5579206374906236,1.0935244494816223,2.445243473804583,4.792677208656983,0.0001678076176911994,0.0003289029306747508,8.974747028342666e-05,0.00017590504175551624,0.4531774248816465,0.8882277527680271,2.0935000863631466,4.103260169271767,0.0002025294359793594,0.0003969576945195444,0.0001319093660976943,0.00025854235755148083,3.3464932741758715,6.559126817384708,4.884405126153644,9.573434047261141
tanh,gpu_geometry,20,highdim_poly4,Sparse quartic,924.0,4.0,231,230,0.0008652482641628272,0.00029555472212692245,6,0.020998016451670435,0.004674644271030936,6,0.0012775020605133509,0.00038635580526054695,6,0.0017610382232628589,0.0005285182314586819,6,0.002151920604565909,0.0007166444873831287,6,0.0012334573886938344,0.0003634607487677467,6,-21.298657525465647,4.020966140560051,6,-3.2227309046328743,3.360585506173777,6,0.0018776535711561803,0.0005323280332367424,6,0.001138123525344807,0.00039001276670521333,6,-7.020703684046258,2.3180549383053948,6,5.61521722454109,7.871900583047372,6,0.0018729116018878621,0.0005748077950093074,6,0.0011995066672562808,0.00036738094864882887,6,-6.2339640544328425,2.708410885207243,6,-0.17932065702960176,3.36242949716196,6,0.0013496026141478592,0.0004243225979983183,6,0.0009263859664910319,0.0002550497541506566,6,23.5829837586267,1.8700613977414622,6,22.016505399069064,5.652635493784004,6,0.0013228442105387842,0.0004096338665886708,6,0.000905480862337148,0.0003080974403020527,6,25.0355192328794,1.2413249683831176,6,25.00769463315285,3.7754007925941546,6,0.001313241429016393,0.0004028949280962336,6,0.0008584960301905495,0.0002450740474916626,6,25.53009831086661,1.0166391779364221,6,27.88553908021621,4.8298950955051385,6,0.0017811762913256667,0.0005525832355187714,6,0.0011819995789418033,0.00035689874042555255,6,-0.9779308482955623,4.170253453385155,6,1.0087309463629361,8.510048430331743,6,0.00012065971004683816,0.0002364930316918028,0.0019084155321750708,0.0037404944430631387,0.00015772909700840747,0.00030914903013647864,0.00021576666447199118,0.0004229026623651027,0.00029256888684451373,0.0005734350182152469,0.00014838222933514822,0.0002908291694968905,1.641552552896718,3.2174430036775674,1.3719532878530805,2.689028444192038,0.00021732200953489058,0.0004259511386883855,0.0001592220452664848,0.0003120752087223102,0.9463419657644929,1.8548302528984062,3.2136899557305765,6.29883231323193,0.00023466429965785237,0.0004599420273293906,0.00014998264423487666,0.00029396598270035824,1.105704113759575,2.1671800629687668,1.372706094021637,2.6905039442824084,0.00017322897523799845,0.00033952879146647696,0.00010412362611523413,0.00020408230718585888,0.7634493686904141,1.4963607626332116,2.307678776952674,4.5230504028272405,0.000167232325750927,0.00032777535847181694,0.00012578025329960512,0.00024652929646722604,0.5067687962525166,0.9932668406549325,1.5413009193924772,3.0209498020092553,0.0001644811656318484,0.0003223830846384228,0.00010005106092553084,0.00019610007941404044,0.4150412064111314,0.8134807645658175,1.9717964158597694,3.864720975085148,0.00022559116123952865,0.00044215867602947616,0.00014570330064743784,0.00028557846926897815,1.7024988431455108,3.336897732565201,3.4742127234476152,6.809456937957326
tanh,iterative_dopt,5,highdim_poly2,Quadratic,42.0,2.0,21,20,0.0009283357911094182,0.0006062288752749893,6,0.0029947821622819198,0.001204436679336062,6,0.00037318076255112893,0.0002091084721109703,6,0.0007933213187368252,0.00042549479333870105,6,0.0006757769066690237,0.0004017670872907246,6,0.0013886137974470879,0.000905498542273068,6,15.942996562867513,9.481260466374458,6,30.67358976961074,10.255262872791013,6,0.0006750037330315638,0.00031449434283589825,6,0.001526683492342331,0.0007671323449269981,6,10.555999478430747,20.6551517909996,6,16.64391175340992,18.483486562309565,6,0.0005770011133801543,0.00033552855150102137,6,0.0013600596479812453,0.000755238866405552,6,26.590927645576205,14.28120582829457,6,27.885089887091578,10.968647964133885,6,0.00039615399989334526,0.00023079152528668253,6,0.0009453249843064808,0.0005711515217837707,6,50.373293000993044,3.9967679008365455,6,51.08763329710336,6.946204977689549,6,0.0003739149976322157,0.0002091176565418504,6,0.0010115194406226367,0.0006335808835606668,6,52.669600167180874,4.044621538454447,6,48.53182727351764,3.949027701584096,6,0.00037498627038150067,0.00021056260694948223,6,0.000988572571802262,0.0006489420644925477,6,52.566649021909775,4.1473952213642855,6,51.00416512718109,6.834344755018808,6,0.0010664202478488161,0.0009943453920318703,6,0.0017861000031497494,0.0012629516970038227,6,-30.328365411021938,72.70702946882055,6,11.084575009355582,21.621761253444884,6,0.00024749190196084484,0.0004850841278432559,0.0004917092153109193,0.0009637500620094017,8.536817626081401e-05,0.00016732162547119546,0.00017370752198179941,0.00034046674308432686,0.00016402072655108396,0.00032148062404012455,0.0003696682319005001,0.0007245497345249801,3.8707083768399815,7.586588418606364,4.186693536074456,8.205919330705933,0.0001283917778233115,0.00025164788453369057,0.0003131804683759815,0.0006138337180169237,8.432430407947185,16.52756359957648,7.545851790874665,14.789869510114343,0.00013697895755210822,0.0002684787568021321,0.0003083249761019325,0.0006043169531597877,5.830277865163816,11.42734461572108,4.47793178005759,8.776746288912877,9.422024565183556e-05,0.00018467168147759768,0.00023317163236405823,0.00045701639943355413,1.6316736628973623,3.19808037927883,2.8357763073533344,5.558121562412535,8.53719257890197e-05,0.0001673289745464786,0.0002586583125842261,0.0005069702926650832,1.6512098286473476,3.236371264148801,1.6121838081661457,3.1598802640056456,8.596182432274045e-05,0.00016848517567257128,0.0002649294884391726,0.0005192617973407783,1.6931670089999644,3.3186073376399303,2.7901095626770975,5.4686147428471115,0.00040593980642763075,0.0007956420205981563,0.0005155978712402453,0.0010105718276308808,29.682520485351702,58.177740151289335,8.827047068536666,17.301012254331866
tanh,iterative_dopt,5,highdim_poly2,Quadratic,63.0,3.0,21,20,0.0009283357911094182,0.0006062288752749893,6,0.0029947821622819198,0.001204436679336062,6,0.00037318076255112893,0.0002091084721109703,6,0.0005942867077260809,0.00031166097283156325,6,0.0004930764887115676,0.000255816164162642,6,0.0011963820773053869,0.0006054501545621693,6,15.412273055007647,12.126154485569433,6,18.416154313498293,11.500236291973861,6,0.0005625327860874987,0.0002630739874673601,6,0.0012917722702050505,0.0006477918897737637,6,2.230423474419593,14.063636360825532,6,11.959984404603455,13.759133570831269,6,0.0005370491386933546,0.0003034820352407581,6,0.0012805248911282225,0.0007224039203590573,6,9.371034898849242,16.507829514105666,6,14.812605543145551,12.293596633476723,6,0.0003981270081659692,0.00023855373198706421,6,0.001024026860878443,0.0006102221741233763,6,34.4616647612469,5.206415901719597,6,33.53549690817394,7.036918248286954,6,0.0003756468638245866,0.00021136709407009008,6,0.001009518598746429,0.0006537230311487927,6,37.216174325742635,4.04439085556495,6,36.50398651446336,5.745182407551314,6,0.0003769835770292503,0.0002113173646043149,6,0.000970310700289979,0.000595827686570886,6,36.91932931586402,4.097937189421328,6,37.07717179530885,7.315297096538488,6,0.0006298324758562401,0.00035929396570131937,6,0.001356124738611596,0.0008264405344700048,6,-5.434785455285827,10.986388593010611,6,12.525827400672869,6.968940498749584,6,0.00024749190196084484,0.0004850841278432559,0.0004917092153109193,0.0009637500620094017,8.536817626081401e-05,0.00016732162547119546,0.00012723505936279017,0.00024938071635106874,0.00010443651169242155,0.00020469556291714624,0.00024717399056108726,0.00048446102149973103,4.950481838634426,9.702944403723475,4.694951806128804,9.202105540012456,0.0001073995056490615,0.00021050303107216054,0.0002644599315764942,0.0005183414658899286,5.741455502012448,11.253252783944397,5.617142758555813,11.009599806769394,0.00012389602207353334,0.00024283620326412536,0.0002949201655109778,0.0005780435244015165,6.739293178402541,13.20901462966898,5.018839809269174,9.836926026167582,9.738915326749353e-05,0.00019088274040428733,0.00024912215938901013,0.00048827943240245986,2.1255103913208973,4.166000366988959,2.8728098449971107,5.630707296194337,8.62902548144288e-05,0.00016912889943628044,0.0002668813099033493,0.0005230873674105646,1.6511156527520714,3.2361866793940597,2.345460896285885,4.597103356720335,8.62699528450404e-05,0.0001690891075762792,0.00024324563445360264,0.00047676144352906116,1.672975852009545,3.279032669938708,2.9864575338970987,5.853456766438313,0.00014668114727154548,0.00028749504865222913,0.0003373929353674208,0.0006612901533201447,4.4851743614682675,8.790941748477804,2.8450580449588987,5.576313768119442
tanh,iterative_dopt,5,highdim_poly2,Quadratic,84.0,4.0,21,20,0.0009283357911094182,0.0006062288752749893,6,0.0029947821622819198,0.001204436679336062,6,0.00037318076255112893,0.0002091084721109703,6,0.0005267190202401978,0.00028511918585540265,6,0.0004890587314087047,0.0002266515945770262,6,0.001179830711459554,0.0006364481801710041,6,3.76684202202374,10.267951771003442,6,8.699245836096912,11.01512326182292,6,0.0005067505699838662,0.0002235943709590398,6,0.0012992065052753108,0.0007069916006133434,6,-0.7264740538814344,14.263629780588781,6,0.5445631937203457,15.616568601273409,6,0.0005079204715355881,0.0002960825815507986,6,0.0013021760017741634,0.0007862304894097707,6,4.481108719617558,9.660152578431699,6,3.035233727611708,7.32154222738219,6,0.0004033010568674742,0.0002404942343478694,6,0.0010883744910596769,0.0007131215339758835,6,25.176563330727802,5.039793856322177,6,21.250937462062524,7.982196582503893,6,0.00037702837188762503,0.00021131093045361892,6,0.001000706170675941,0.0005002552588012545,6,28.663652955914348,2.597486050503293,6,21.50843930276505,11.197108861969262,6,0.0003773045194537105,0.00021186687011931298,6,0.000922169376980105,0.00042058222474245774,6,28.64703866043362,2.798906841342089,6,26.323454967745096,14.369143472431139,6,0.0006837956049979861,0.00043867153755452825,6,0.0012549996563983666,0.0007985408443085395,6,-35.430306975824195,64.50893252389325,6,7.325452119519177,19.790440294831697,6,0.00024749190196084484,0.0004850841278432559,0.0004917092153109193,0.0009637500620094017,8.536817626081401e-05,0.00016732162547119546,0.00011639942020391658,0.0002281428635996765,9.253012601697952e-05,0.00018135904699327987,0.0002598288815236491,0.0005092646077863522,4.19187375707755,8.216072563871998,4.496905240887938,8.813934272140358,9.128201970137082e-05,0.0001789127586146868,0.00028862811232270764,0.0005657111001525069,5.823102473734816,11.41328084852024,6.37543743438151,12.495857371387759,0.00012087520775424085,0.00023691540719831207,0.00032097725321210527,0.0006291154162957263,3.94374077576482,7.729731920499047,2.989007097887763,5.858453911860016,9.818136003893333e-05,0.00019243546567630933,0.00029113064713862205,0.0005706160683916992,2.0574872261338086,4.032674963222265,3.2587181089537043,6.38708749354926,8.626732611401817e-05,0.00016908395918347561,0.00020422835420116954,0.0004002875742342923,1.060419239621701,2.078421709658534,4.571200551036722,8.959553080031975,8.649428753213883e-05,0.00016952880356299211,0.0001717019742505966,0.00033653586953116935,1.1426489331455185,2.2395919089652163,5.866178258049989,11.497709385777979,0.00017908690528179046,0.0003510103343523093,0.0003260029345545311,0.000638965751726881,26.335661422528116,51.6178963881551,8.07941341789219,15.835650299068694
tanh,iterative_dopt,5,highdim_smooth,Smooth,42.0,2.0,21,20,0.0033493692355960466,0.001247044860473867,4,0.016305363678603076,0.0060525822688357435,4,0.0014647386316431715,0.0006766265619793988,4,0.003159307514123617,0.0013207724158514548,4,0.007458642708080002,0.002066240455332215,4,0.009727974042615375,0.002003827314318185,4,-148.0313527991691,38.28880996549019,4,-53.91664906235839,29.039968511156857,4,0.006879520034916311,0.0014468196889066425,4,0.010041184964493657,0.0020068723141846395,4,-134.10662478612463,52.8404049471287,4,-59.13983597358426,31.278077861724984,4,0.004841683900570369,0.0012949428255678154,4,0.007586245856056817,0.002202254673594654,4,-61.92442662645313,30.680410581283052,4,-18.379597705610724,24.22183834727761,4,0.00410962466573052,0.002589490960640479,4,0.008655822566190005,0.004109448680683275,4,-75.43649566529623,155.759816240214,4,-64.64874522443536,123.70956025869172,4,0.0014652146427622213,0.0006759113452097602,4,0.0038443556121434477,0.0019370516717864713,4,54.34252375283305,2.6931157158046917,4,44.35763619576789,10.945320847309821,4,0.0014646681645062065,0.0006748129202431907,4,0.0034140328337340766,0.0010741714175028587,4,54.34811752751867,2.741031228510652,4,47.53605856610406,8.363888021319996,4,0.004492392371394281,0.002608028472968842,4,0.008806277330107467,0.005354394206137684,4,-38.68344903774121,34.705082650259484,4,-28.652637945965015,42.143551032189684,4,0.0006235224302369335,0.0012221039632643897,0.0030262911344178718,0.005931530623459028,0.0003383132809896994,0.0006630940307398108,0.0006603862079257274,0.0012943569675344258,0.0010331202276661075,0.002024915646225571,0.0010019136571590924,0.001963750768031821,19.144404982745094,37.52303376618038,14.519984255578429,28.45916914093372,0.0007234098444533212,0.0014178832951285095,0.0010034361570923197,0.001966734867900947,26.42020247356435,51.78359684818612,15.639038930862492,30.652516304490483,0.0006474714127839077,0.001269043969056459,0.001101127336797327,0.002158209580122761,15.340205290641526,30.066802369657392,12.110919173638806,23.737401580332058,0.0012947454803202395,0.0025377011414276693,0.0020547243403416376,0.0040272597070696095,77.879908120107,152.64461991540972,61.85478012934586,121.23536905351789,0.0003379556726048801,0.0006623931183055649,0.0009685258358932356,0.001898310638350742,1.3465578579023458,2.639253401488598,5.472660423654911,10.726414430363624,0.00033740646012159534,0.0006613166618383269,0.0005370857087514294,0.0010526879891528016,1.370515614255326,2.686210603940439,4.181944010659998,8.196610260893596,0.001304014236484421,0.002555867903509465,0.002677197103068842,0.0052473063220149305,17.352541325129742,34.01098099725429,21.071775516094842,41.30068001154589
tanh,iterative_dopt,5,highdim_smooth,Smooth,63.0,3.0,21,20,0.0033493692355960466,0.001247044860473867,4,0.016305363678603076,0.0060525822688357435,4,0.0014647386316431715,0.0006766265619793988,4,0.0025634359942784003,0.001237999337786254,4,0.008665093489153283,0.004644927050220965,4,0.00896565736602198,0.002063511122959088,4,-230.52889941778483,26.21677463790047,4,-67.10832289673904,39.66090852986914,4,0.006065317513778468,0.001268533020759585,4,0.008643616025098298,0.0012838502304633448,4,-165.08852717128752,78.7604079175649,4,-65.98345523523359,52.74300527611883,4,0.005767880668530519,0.0027378031513679395,4,0.008051508921687356,0.0028845662300044177,4,-126.79009225727887,18.939506257862668,4,-43.2488515277296,13.300297845299959,4,0.00331283896979134,0.001422441210539316,4,0.007443498184467139,0.0023144318558373936,4,-80.52338464384145,142.6012983648965,4,-63.53176176383386,108.6080638072676,4,0.0014735600914589303,0.000681242493673833,4,0.0035608714177644014,0.001612288439102235,4,41.9823124414623,2.0551966017567067,4,38.84956224674198,3.657365636244078,4,0.001463635893431449,0.0006724851294303877,4,0.0032778434616387644,0.0014425923953068978,4,42.30488473850489,2.1238443350054244,4,43.11134698162802,8.953084038822654,4,0.0028789363074061053,0.0013882507820431043,4,0.0052511066371049575,0.0021342981707210503,4,-12.63607131378737,5.352229960350974,4,7.5919956204457275,17.49310822980608,4,0.0006235224302369335,0.0012221039632643897,0.0030262911344178718,0.005931530623459028,0.0003383132809896994,0.0006630940307398108,0.000618999668893127,0.001213239351030529,0.0023224635251104823,0.004552028509216545,0.001031755561479544,0.002022240900499906,13.108387318950236,25.692439145142462,19.83045426493457,38.867690359271755,0.0006342665103797925,0.0012431623603443933,0.0006419251152316724,0.0012581732258540779,39.38020395878245,77.1851997592136,26.371502638059415,51.68814517059645,0.0013689015756839697,0.0026830470883405805,0.0014422831150022089,0.0028268749054043293,9.469753128931334,18.560716132705416,6.650148922649979,13.034291888393959,0.000711220605269658,0.0013939923863285296,0.0011572159279186968,0.0022681432187206456,71.30064918244825,139.7492723975986,54.3040319036338,106.43590253112224,0.0003406212468369165,0.0006676176438003564,0.0008061442195511175,0.0015800426703201902,1.0275983008783534,2.0140926697215726,1.828682818122039,3.5842183235191962,0.0003362425647151939,0.00065903542684178,0.0007212961976534489,0.0014137405474007598,1.0619221675027122,2.0813674483053157,4.476542019411327,8.774022358046201,0.0006941253910215521,0.001360485766402242,0.0010671490853605252,0.0020916122073066294,2.676114980175487,5.245185361143955,8.74655411490304,17.143246065209958
tanh,iterative_dopt,5,highdim_smooth,Smooth,84.0,4.0,21,20,0.0033493692355960466,0.001247044860473867,4,0.016305363678603076,0.0060525822688357435,4,0.0014647386316431715,0.0006766265619793988,4,0.002334821278238965,0.0011193363275101792,4,0.006411765942304394,0.0019521259844414698,4,0.008028742393113278,0.0020422387742781807,4,-195.77015064165118,59.31213599986777,4,-64.21948516214657,36.1375506749985,4,0.006166121042724031,0.002062962881916656,4,0.008955904100407905,0.0021257917017082364,4,-180.75991224044606,46.48503978508039,4,-84.81423724658728,45.962241824849116,4,0.004980578389506057,0.0019877009969234438,4,0.007161871344628698,0.0025151744830931464,4,-120.82611534110117,21.125432547015876,4,-41.4139882339001,18.28060155961196,4,0.003090412805678213,0.0011589083617249392,4,0.0074856241430067225,0.0028597544114206,4,-81.42454217617889,136.4940226623192,4,-88.40040772161447,137.76566124628988,4,0.001476413116394054,0.0006836275214755741,4,0.00324535986898895,0.0014177726696479951,4,36.305736344767084,1.7033597122354125,4,38.03140848679493,4.106820687198014,4,0.0014704907324405974,0.0006748614549488949,4,0.0034521875143089407,0.001571505615815656,4,36.44907453742286,1.9248061931998608,4,34.63671112328221,5.229920022387191,4,0.003714056422992237,0.0021273694973281054,4,0.005856287600567308,0.002593873937383807,4,-53.65964491648251,31.052794267084952,4,-11.88144696248117,17.679588753062138,4,0.0006235224302369335,0.0012221039632643897,0.0030262911344178718,0.005931530623459028,0.0003383132809896994,0.0006630940307398108,0.0005596681637550896,0.0010969496009599756,0.0009760629922207349,0.0019130834647526403,0.0010211193871390903,0.002001393998792617,29.656067999933885,58.12589327987041,18.06877533749925,35.41479966149853,0.001031481440958328,0.0020217036242783227,0.0010628958508541182,0.002083275867674072,23.242519892540194,45.55533898937878,22.981120912424558,45.04299698835213,0.0009938504984617219,0.0019479469769849748,0.0012575872415465732,0.0024648709934312835,10.562716273507938,20.702923896075557,9.14030077980598,17.91498952841972,0.0005794541808624696,0.0011357301944904404,0.0014298772057103,0.002802559323192188,68.2470113311596,133.76414220907282,68.88283062314494,135.01034802136408,0.00034181376073778706,0.0006699549710460626,0.0007088863348239976,0.0013894172162550351,0.8516798561177062,1.669292517990704,2.053410343599007,4.024684273454054,0.00033743072747444744,0.000661364225849917,0.000785752807907828,0.0015400755034993428,0.9624030965999304,1.8863100693358636,2.6149600111935953,5.125321621939447,0.0010636847486640527,0.0020848221073815434,0.0012969369686919034,0.0025419964586361307,15.526397133542476,30.43173838174325,8.839794376531069,17.325996978000894
tanh,iterative_dopt,10,highdim_poly2,Quadratic,132.0,2.0,66,65,0.001885512146762834,0.0005033464164557504,6,0.010868261458862558,0.0023227648601378383,6,0.001441284204749642,0.00035177099248241223,6,0.002779403739503628,0.00070806649193016,6,0.0019415076022957546,0.0005026892317009769,6,0.0024397164721314804,0.0005975177642637853,6,30.252395946322235,3.4904918666877673,6,31.934119528954113,4.276570914313018,6,0.0019218906125284096,0.0004285894752661524,6,0.0023803818521134605,0.0005399579575797599,6,30.481932683609852,3.140110957286063,6,33.34738129282888,3.2940859114420458,6,0.0021017836069089756,0.0004518034146678,6,0.0027679333418463297,0.0007901119027904919,6,23.659491370551663,4.655498930762886,6,22.862204196200196,7.66292823978548,6,0.0015066891504708798,0.00038180322042668223,6,0.002086969550537999,0.0005923066649206081,6,45.72670205840433,1.990794434311173,6,42.050982399224964,3.886477875800544,6,0.0014499227106510588,0.0003538609616517221,6,0.0019018765459708176,0.00038685408151986996,6,47.688808607911405,2.001607984978024,6,46.51037244742658,3.9791659083139233,6,0.0014497655498474048,0.0003494563268413212,6,0.0019280834529964899,0.0005095270656602332,6,47.658922484079405,2.1340162267761458,6,46.340080791012234,3.2372837654856683,6,0.002430240828661877,0.0005969313779826905,6,0.0031163006781117796,0.000825538368017271,6,12.312718392846483,3.332773630289017,6,12.763350162634685,9.476084994988643,6,0.00020549031402917177,0.00040276101549717664,0.0009482647833008065,0.0018585989752695807,0.0001436099063157212,0.00028147541637881353,0.0002890669348652325,0.0005665711923358558,0.00020522201947651659,0.0004022351581739725,0.00024393560578247987,0.0004781137873336605,1.424987337453299,2.7929751814084662,1.7459027648157692,3.421969419038908,0.00017497092058821082,0.0003429430043528932,0.00022043691310429607,0.0004320563496844203,1.2819449301788797,2.512612063150604,1.3448049419873114,2.6358176862951304,0.0001844479716638652,0.0003615180244611758,0.0003225618335893683,0.0006322211938351619,1.9005994797402905,3.7251749802909693,3.1283773538396815,6.131619613525776,0.0001558705120327905,0.0003055062035842694,0.00024180818338419041,0.0004739440394330132,0.8127384244725097,1.592967311966119,1.586647948721198,3.109829979493548,0.00014446313265621417,0.00028314774000617974,0.00015793251743945484,0.0003095477341813315,0.817153038046096,1.601619954570348,1.624487679541244,3.1839958519008382,0.00014266494802475037,0.0002796232981285107,0.0002080135535008587,0.00040770656486168307,0.871208476403505,1.7075686137508697,1.3216155630059414,2.590366503491645,0.00024369621458567145,0.000477644580587916,0.0003370246274553783,0.0006605682698125415,1.360599137068534,2.6667743086543267,3.868595499494378,7.58244717900898
tanh,iterative_dopt,10,highdim_poly2,Quadratic,198.0,3.0,66,65,0.001885512146762834,0.0005033464164557504,6,0.010868261458862558,0.0023227648601378383,6,0.001441284204749642,0.00035177099248241223,6,0.0021302679177265366,0.0005379648494495992,6,0.0018108578837318764,0.00046220467207312975,6,0.0022400182360356588,0.0005248824616086083,6,15.09552277543358,1.5568107310778954,6,19.432542671994298,1.9062497474677256,6,0.001717179039022831,0.0004033239400736368,6,0.0022959951082583982,0.0005958665340103775,6,19.119943620507733,1.92148414277908,6,17.69298268075257,3.1267517831790177,6,0.001770380451815247,0.0004286050671840817,6,0.0023078230490455134,0.0005817560546182756,6,16.726813572613917,5.19926055036017,6,17.335317378548392,2.6808384788714203,6,0.0014885188807368104,0.00037784843815159174,6,0.002043839022528424,0.0005819240941072739,6,30.0654819096446,2.3324261060910194,6,27.002173539973697,4.239281951697994,6,0.0014570640258032036,0.0003543513055758618,6,0.0019756552425059947,0.00044754524745639775,6,31.4281680811473,2.060673195722619,6,28.83745316214681,2.6302863976723705,6,0.0014586485652618329,0.00036949303139789105,6,0.0019932552628401704,0.000540253225418298,6,31.490217034990533,1.9313310011133664,6,28.512667884047165,5.156197977888363,6,0.001935487045378502,0.0005294304297490143,6,0.002538352397651934,0.0006899650510926465,6,9.563310198045253,5.790109394875138,6,9.084706859618906,11.415343707175357,6,0.00020549031402917177,0.00040276101549717664,0.0009482647833008065,0.0018585989752695807,0.0001436099063157212,0.00028147541637881353,0.00021962323011744835,0.00043046153103019875,0.00018869426721826566,0.0003698407637478007,0.00021428236764617855,0.00041999344058650995,0.6355653195383476,1.2457080262951612,0.7782232006008696,1.5253174731777044,0.00016465630903821177,0.00032272636571489507,0.0002432614938543639,0.00047679252795455326,0.7844426164429807,1.5375075282282422,1.2764910701876693,2.501922497567832,0.00017497728596205052,0.000342955480485619,0.00023750091476491277,0.00046550179293922903,2.122589231360743,4.160274893467056,1.0944477260090004,2.1451175429776406,0.00015425597892982802,0.0003023417187024629,0.00023756951659902671,0.00046563625253409234,0.9522089704449436,1.8663295820720893,1.730679609575015,3.3921320347670294,0.00014466331472498352,0.0002835400968609677,0.00018270958217930094,0.00035811078107142984,0.8412663093584647,1.6488819663425909,1.0738099252800979,2.1046674535489918,0.0001508448984064995,0.000295656000876739,0.0002205574556946082,0.0004322926131614321,0.788462579524393,1.5453866558678102,2.105009009766152,4.125817659141657,0.00021613906786458343,0.0004236325730145835,0.00028167705258838485,0.0005520870230732343,2.3638022620565278,4.6330524336307946,4.660294553511756,9.13417732488304
tanh,iterative_dopt,10,highdim_poly2,Quadratic,264.0,4.0,66,65,0.001885512146762834,0.0005033464164557504,6,0.010868261458862558,0.0023227648601378383,6,0.001441284204749642,0.00035177099248241223,6,0.0018974527688646152,0.0004654581196784006,6,0.0018621170221056083,0.00048765107602885446,6,0.002197807117411058,0.00046185982089543725,6,2.048890289584512,9.549103352553422,6,12.039290478645981,8.00858113148712,6,0.0016616891494642746,0.0003838058964546527,6,0.0022135512037284835,0.0005862828394116432,6,12.21451393381792,2.161268973917634,6,12.337164700823502,5.402379323308189,6,0.0016724165170955603,0.00041063222555957446,6,0.0022810443055978325,0.0004852087202346032,6,11.87020681680913,3.158542142894267,6,8.887005482024762,4.326337936789696,6,0.0014752548588992359,0.0003533457274682118,6,0.0019286586719540974,0.0004411240176219151,6,22.164584301165018,2.433981178764732,6,23.194068708359804,5.345034017568558,6,0.0014589137767841256,0.0003566317135594068,6,0.001955530394195291,0.0006003673923942775,6,23.1079016621668,1.9366645799111144,6,23.240439277330722,5.826412536762551,6,0.0014606218969687495,0.0003657742841938772,6,0.0020392317274997252,0.0005128780256157612,6,23.09678800664339,1.9659933238877931,6,18.916308204790056,6.835968591045023,6,0.001770380829720717,0.00044005578744860276,6,0.002282298181066189,0.000517340143899454,6,6.716236554817747,2.393929189857426,6,9.119403470270283,2.6687047721240025,6,0.00020549031402917177,0.00040276101549717664,0.0009482647833008065,0.0018585989752695807,0.0001436099063157212,0.00028147541637881353,0.00019002248164123122,0.00037244406401681316,0.00019908271813164313,0.00039020212753802054,0.00018855348231450823,0.00036956482533643614,3.898405119142678,7.640874033519649,3.2694895559707664,6.408199529702702,0.0001566881010975624,0.0003071086781512223,0.0002393489669181029,0.00046912397515948165,0.8823343638344614,1.7293753531155442,2.2055121231778894,4.322803761428663,0.00016763990409406768,0.00032857421202437266,0.00019808563055393553,0.00038824783588571366,1.289469430194651,2.5273600831815157,1.7662200666633499,3.4617913306601658,0.00014425278918160753,0.00028273546679595074,0.00018008812607669784,0.0003529727271103278,0.9936686552519202,1.9475905642937634,2.1821010001435575,4.276917960281373,0.00014559428738582591,0.0002853648032762188,0.0002450989615952111,0.0004803939647266137,0.790640003950628,1.5496544077432308,2.3786229576705313,4.6621009970342415,0.00014932672621779358,0.00029268038338687544,0.00020938157717411587,0.0004103878912612671,0.8026134135405594,1.5731222905394964,2.790772490958793,5.469914082279234,0.00017965202293462117,0.0003521179649518575,0.00021120322933528102,0.0004139583294971508,0.9773174992508349,1.9155422985316364,1.0894941609723772,2.135408555505859
tanh,iterative_dopt,10,highdim_smooth,Smooth,132.0,2.0,66,65,0.0025608905839288724,0.000509867006824201,6,0.015904345642421405,0.001955715815237156,6,0.001971904558779936,0.00032353759186368923,6,0.004276648682730055,0.000763356585106971,6,0.005866841817571993,0.0011930821674048056,6,0.005146375315271513,0.00040874563876375545,6,-37.63775043375316,15.58106244381575,6,0.26385303474214844,11.524418477323769,6,0.005891239172180616,0.001061443955434751,6,0.006016902406187301,0.0009110261879934828,6,-38.275490376166225,11.332731610983632,6,-15.932139894233051,13.694352734798784,6,0.005244817624641566,0.0011287823635773193,6,0.006441518708753397,0.0010715541037373826,6,-24.997331928268608,28.101524388599287,6,-25.112872751040076,25.10815402640678,6,0.002084418975223344,0.00036911195109141183,6,0.0025073692361181413,0.00030975426512614573,6,51.230093209093184,1.457948978061042,6,51.6681176266029,4.668980984762873,6,0.0019767192618991183,0.0003216690244425588,6,0.002645199329405669,0.0006634251341637576,6,53.64709741500237,1.4240901653085587,6,50.03389877577356,5.634320722709417,6,0.0019770046307401507,0.0003256687045879379,6,0.0027206055290801205,0.0004007961514484912,6,53.65224673548203,1.4838491989270726,6,47.72706691800152,4.509490198137276,6,0.0037654168365470835,0.0011416142534911456,6,0.004409540760000055,0.001161292923315658,6,12.092315961399592,21.294368881333433,6,16.116758508715073,14.900571228286134,6,0.00020815233389990688,0.00040797857444381747,0.0007984176382037091,0.0015648985708792698,0.00013208366877914617,0.0002588839908071265,0.0003116390208842533,0.0006108124809331365,0.00048707375522593233,0.0009546645602428273,0.00016686970825986289,0.00032706462818933124,6.36094210629848,12.46744652834502,4.704824141957585,9.221455318236865,0.00043333268022943797,0.0008493320532496984,0.00037192488381614927,0.0007289727722796526,4.626568306469848,9.068073880680902,5.590696092990731,10.957764342261832,0.00046082347023619933,0.0009032140016629506,0.0004374601309903234,0.0008574218567410338,11.472399291074213,22.485902610505455,10.250360957983927,20.090707477648497,0.00015068932302284992,0.0002953510731247858,0.0001264566492016392,0.00024785503243521283,0.5952051778769566,1.166602148638835,1.9061035052377269,3.7359628702659444,0.0001313208293238532,0.00025738882547475224,0.00027084217687311303,0.0005308506666713015,0.5813823754536193,1.1395094558890937,2.300201802971237,4.508395533823625,0.00013295369190560648,0.0002605892361349887,0.00016362434365334207,0.00032070371356055047,0.60577889876815,1.187326641585574,1.84099166425309,3.6083436619360563,0.0004660620673569394,0.0009134816520196012,0.00047409585067139943,0.0009292278673159428,8.693389692311259,17.039043796930066,6.083132730882839,11.922940152530364
tanh,iterative_dopt,10,highdim_smooth,Smooth,198.0,3.0,66,65,0.0025608905839288724,0.000509867006824201,6,0.015904345642421405,0.001955715815237156,6,0.001971904558779936,0.00032353759186368923,6,0.003234069252185687,0.0004760600517508209,6,0.005368601144310865,0.0006161392419519513,6,0.004861072062685291,0.00037321081946503973,6,-67.28161567034023,15.448969714987491,6,-20.974612844114446,15.441793591894411,6,0.004653476848302213,0.0008475347664070036,6,0.004549962917406818,0.0006465887172192773,6,-43.44465098266829,11.64254591301341,6,-11.834189757033661,4.730158605042607,6,0.004478527195127498,0.0011434626716575187,6,0.004487774838365033,0.0010224741066908486,6,-37.898986426292005,23.553989874914215,6,-9.38536926883136,12.396882510453475,6,0.002042264880989036,0.0003513018918244032,6,0.002448523801101607,0.00029684222622776635,6,37.02908971962317,3.070988365760577,6,39.52234285888728,4.883445391420662,6,0.001986251483416497,0.00031986066884993935,6,0.002481351681710833,0.0005371310846582125,6,38.67703395868498,1.7027365029887924,6,39.141408076993464,8.542419875252335,6,0.001981945227730032,0.00032378179259856575,6,0.0025255103498441323,0.0005026133972408771,6,38.83001712707763,1.8378665742596318,6,38.13268933559136,6.654728978096618,6,0.003183427973518976,0.0006523907837604286,6,0.003605288496158758,0.0009109216362804499,6,2.1386311676481795,9.477410542831256,6,12.44676956801525,14.31166796048663,6,0.00020815233389990688,0.00040797857444381747,0.0007984176382037091,0.0015648985708792698,0.00013208366877914617,0.0002588839908071265,0.00019435070228541082,0.0003809273764794052,0.00025153779221458465,0.0004930140727405859,0.00015236267902921989,0.00029863085089727097,6.307015475571637,12.361750332120408,6.304085835586728,12.356008237749988,0.0003460046194943487,0.0006781690542089234,0.00026396873843799213,0.0005173787273384646,4.753049465634761,9.315976952644132,1.9310791641315757,3.784915161697888,0.00046681668091342357,0.0009149606945903102,0.00041742330610010446,0.0008181496799562047,9.615876100036868,18.84711715607226,5.061006091973994,9.919571940269027,0.00014341839677403355,0.00028110005767710577,0.0001211853313949729,0.00023752324953414688,1.2537257503561683,2.4573024706980897,1.9936582326211159,3.907570135937387,0.00013058257124461554,0.00025594183963944644,0.00021928284706671574,0.00042979438025076284,0.695139266455591,1.3624729622529583,3.487428310496292,6.835359488572733,0.00013218336331168953,0.0002590793920909115,0.00020519106018782257,0.00040217447796813224,0.7503058870421712,1.4705995386026554,2.7167817288082747,5.324892188464219,0.00026633742218457474,0.0005220213474817665,0.0003718822007580385,0.0007288891134857554,3.8691366521350528,7.583507838184703,5.842713978555109,11.451719397968013
tanh,iterative_dopt,10,highdim_smooth,Smooth,264.0,4.0,66,65,0.0025608905839288724,0.000509867006824201,6,0.015904345642421405,0.001955715815237156,6,0.001971904558779936,0.00032353759186368923,6,0.0028190594018689297,0.0004216113878630289,6,0.004493191584344434,0.0005683095302609153,6,0.004215478629814127,0.0005470377031940787,6,-59.87757603328749,4.500393082571655,6,-19.156011302811958,11.239046777653106,6,0.004322032177303596,0.0009520386965192019,6,0.004166900365062012,0.0009521375551522157,6,-52.100374878526814,16.93418756380583,6,-15.982971461333365,13.458711222419796,6,0.004229572416662149,0.0009302934570802772,6,0.004100288169620116,0.0009640135373703075,6,-49.46470466024174,19.92296412953548,6,-14.022059559645212,11.84858362419155,6,0.0020070068722598164,0.0003254167809814843,6,0.0023080137709473084,0.0005128358182072874,6,28.923774971152667,1.5445043481197962,6,35.47987629379444,8.600900203915161,6,0.001989753335553548,0.0003332637959542696,6,0.002475668951893802,0.0005483363305021668,6,29.58110643508581,2.0077724586525325,6,31.04298344364507,7.0174112163444144,6,0.001993547598197903,0.00033238006912700307,6,0.002501974464346243,0.0005589726045587419,6,29.433352863139675,2.2243616555225088,6,30.389638823524212,5.495470525773214,6,0.0031187717009195644,0.0006513874457248753,6,0.0037159294437233634,0.0007699169532595946,6,-10.307864288135496,14.06021455661429,6,-4.052441678797588,11.332924633961618,6,0.00020815233389990688,0.00040797857444381747,0.0007984176382037091,0.0015648985708792698,0.00013208366877914617,0.0002588839908071265,0.00017212212833517826,0.0003373593715369494,0.0002320113941833397,0.0004547423325993458,0.00022332720714826076,0.00043772132601059105,1.837277782375273,3.601064453455535,4.58832163342027,8.993110401503728,0.0003886681703094087,0.000761789613806441,0.0003887085291773342,0.000761868717187575,6.91335312331814,13.550172121703554,5.49449584839969,10.769211862863392,0.0003797907134827403,0.000744389798426171,0.0003935568786154494,0.0007713714820862808,8.133516046855725,15.94169145183722,4.837164008994323,9.480841457628873,0.00013285084452394432,0.0002603876552669309,0.00020936434607176155,0.0004103541183006526,0.6305412597339101,1.2358608690784636,3.511302804698656,6.882153497209365,0.00013605437497182825,0.0002666665749447834,0.0002238573695267374,0.00043876044427240533,0.8196696738853235,1.606552560815234,2.864846132554545,5.615098419806908,0.00013569359500535964,0.00026595944621050487,0.0002281996102272393,0.000447271236045389,0.9080918432404325,1.7798600127512476,2.2435164474414613,4.397292236985264,0.0002659278111468027,0.0005212185098477333,0.00031431727996737545,0.0006160618687360559,5.740058556292906,11.250514770334096,4.626647107770632,9.068228331230438
tanh,iterative_dopt,20,highdim_poly2,Quadratic,462.0,2.0,231,230,0.00290483066621043,0.0008283669793338074,6,0.026203750440856016,0.005713814727946435,6,0.00429129572060608,0.0010111088171785223,6,0.007048516957546258,0.0014867334335294088,6,0.0057187488987332944,0.0013682590815087472,6,0.00369946272129798,0.0008320719682393733,6,19.37046105795368,3.1668736107517237,6,20.678007251992806,1.7415703766801356,6,0.005457637826572356,0.0012417607105332797,6,0.003709461405793032,0.0008987474895406351,6,22.86448977073533,2.1087072693296087,6,20.8121475357222,2.0750056669386554,6,0.005973910795865966,0.001336036552836294,6,0.00399771511781198,0.0010170434901331426,6,15.323599790818198,3.7926216568882567,6,14.628810425865993,6.678947615378104,6,0.004562625611814755,0.0010478480740106601,6,0.0030345386996195566,0.0007308034772160957,6,35.512615262694595,1.9313146662876521,6,35.08246945044362,2.77805683010401,6,0.004327203795399426,0.001009690876761899,6,0.0028584591945228868,0.0005973102327227923,6,38.86633261055568,1.8269910106929617,6,38.604821587403244,2.6404965417448962,6,0.004310921227574441,0.0010048076725264405,6,0.0030543365890491284,0.0008254118215091591,6,39.0774801349068,1.8450600047339756,6,35.08614600348729,3.9247048656995513,6,0.006332375741251514,0.0014121258977613385,6,0.004160759826666748,0.0009629572144915407,6,10.221646030206204,3.9736507706018185,6,10.644072898437393,5.689682219940475,6,0.00033817940318974106,0.0006628316302518925,0.002332655094711375,0.0045720039856342945,0.0004127834460860704,0.0008090555543286979,0.0006069563826138505,0.001189634509923147,0.0005585894309376015,0.001094835284637699,0.00033969195857662594,0.0006657962388101869,1.2928707377045126,2.5340266459008447,0.7109931290021714,1.3935465328442558,0.0005069466872404033,0.0009936155069911906,0.00036691212616365293,0.0007191477672807597,0.8608761377925336,1.6873172300733659,0.8471175162305341,1.6603503318118469,0.0005454346386926497,0.0010690518918375933,0.00041520626617425624,0.0008138042817015422,1.5483313078008545,3.034729363289675,2.726668946075806,5.344271134308579,0.00042778218488070344,0.0008384530823661787,0.00029834927023851776,0.0005847645696674948,0.7884559108597201,1.5453735852850514,1.1341369517014204,2.2229084253347837,0.00041220457433500425,0.0008079209656966083,0.00024385088138565214,0.0004779477275158782,0.745865956808247,1.4618972753441641,1.0779781991430963,2.112837270320469,0.00041021101455389244,0.0008040135885256292,0.0003369729650597774,0.0006604670115171637,0.7532425927358926,1.4763554817623494,1.6022540519970472,3.140417941914212,0.0005764979836808144,0.001129936048014396,0.000393125636606015,0.0007705262477477894,1.6222361339986044,3.1795828226372644,2.322803039573336,4.552693957563739
tanh,iterative_dopt,20,highdim_poly2,Quadratic,693.0,3.0,231,230,0.00290483066621043,0.0008283669793338074,6,0.026203750440856016,0.005713814727946435,6,0.00429129572060608,0.0010111088171785223,6,0.005622795946431326,0.0012378747307726374,6,0.005001086977341433,0.0011228048827134141,6,0.0033084115724778024,0.000881987750106401,6,11.104609052775574,0.963417767844191,6,11.974877028518689,5.480764048820394,6,0.004957255049365539,0.001153040400087527,6,0.003430117805148861,0.0008728758696356767,6,12.05152888594481,2.239679428037383,6,8.707612801979108,3.472092397290481,6,0.0050003040688104015,0.0011201786297394543,6,0.0033213739161388946,0.0008128611145325046,6,11.129582217325927,1.5642988314189554,6,11.408021716280976,3.4408038560606973,6,0.004467307658863626,0.0010274661660278459,6,0.003024322439692001,0.000703524846467086,6,20.711927017257697,1.7496262079272036,6,19.132023192655733,3.339854890356965,6,0.004378867990580747,0.0010202837281965537,6,0.002951326524109926,0.000756044653177558,6,22.31896366934437,1.8117072992531646,6,21.155292061744067,6.876511084318254,6,0.004344720985091776,0.0010158145520889,6,0.0030221000379712323,0.0008024230074522171,6,22.94561047424949,1.849749918856454,6,19.6070620788452,4.558508256230596,6,0.005220239757267156,0.0011283154054881792,6,0.0034066398763981467,0.0006712073997002597,6,7.021876784331293,2.2302117170968283,6,8.066880036145688,6.193224118782939,6,0.00033817940318974106,0.0006628316302518925,0.002332655094711375,0.0045720039856342945,0.0004127834460860704,0.0008090555543286979,0.0005053602426463439,0.000990506075586834,0.0004583831738922296,0.00089843102082877,0.00036006999119100706,0.0007057371827343739,0.39331365672490187,0.7708947671808076,2.2375125533667264,4.385524604598784,0.00047072677217150163,0.0009226244734561431,0.0003563500815659228,0.0006984461598692087,0.9143452976833443,1.7921167834593548,1.4174757855264148,2.778252539631773,0.00045731101060528484,0.0008963295807863583,0.00033184916039244537,0.0006504243543691929,0.6386223237014073,1.2516997544547581,1.4047022920582475,2.753216492434165,0.0004194613057903278,0.0008221441593490424,0.00028721281586903955,0.0005629371191033175,0.7142819083370523,1.3999925403406224,1.3634900493856037,2.672440496795783,0.00041652908782433977,0.0008163970121357059,0.0003086539371740823,0.0006049617168612013,0.7396264077410069,1.4496677591723734,2.8073238945287327,5.502354833276316,0.0004147045543186082,0.0008128209264644721,0.0003275878210212393,0.0006420721292016289,0.7551572421588167,1.4801081946312808,1.8610032026715462,3.6475662772362303,0.0004606328353945896,0.0009028403573733955,0.00027401927347432583,0.0005370777760096787,0.9104801208772567,1.7845410369194232,2.5283731589526997,4.955611391547291
tanh,iterative_dopt,20,highdim_poly2,Quadratic,924.0,4.0,231,230,0.00290483066621043,0.0008283669793338074,6,0.026203750440856016,0.005713814727946435,6,0.00429129572060608,0.0010111088171785223,6,0.005113429851100898,0.0011465146881843723,6,0.004743515402592967,0.0010601113404223302,6,0.003159506728285783,0.0007447029450687367,6,7.1919967131487335,1.0588450708415726,6,8.605422775162092,2.589878475463835,6,0.004753026617189029,0.0010907505785357483,6,0.0032828904464953044,0.0007885778226742323,6,7.133512958684161,1.7377416834287738,6,5.024865761836528,2.546258299342619,6,0.004748772965828541,0.0010862858643022697,6,0.0031570270711341174,0.0006976754493423589,6,7.216653887642028,1.4519805713416112,6,8.183361943739364,4.361454085193197,6,0.00444011344937888,0.0010442538698776057,6,0.002969686220920621,0.0007320931038717337,6,13.375866787417978,1.6637712050500877,6,14.140905749312479,3.138448020354692,6,0.004380079511764035,0.0010183305264548413,6,0.0029709564478573917,0.0007556894866490942,6,14.48022595872956,0.8798136651728533,6,14.256642060313988,2.91134722455547,6,0.004391279074576507,0.001030647795770941,6,0.0029373650822384786,0.0006556860196859528,6,14.318807034806241,1.3738244659172292,6,14.886495759946511,5.251188876594311,6,0.004855894033669205,0.001104582413921257,6,0.0033180160146219274,0.0007736361955026837,6,5.111218630547294,1.1898496380918602,6,3.8906808977857517,2.4044848663692893,6,0.00033817940318974106,0.0006628316302518925,0.002332655094711375,0.0045720039856342945,0.0004127834460860704,0.0008090555543286979,0.000468062661442979,0.0009174028164282388,0.00043278864242877064,0.0008482657391603904,0.00030402370422771585,0.0005958864602863231,0.43227169003716,0.8472525124728335,1.0573134601172667,2.0723343818298425,0.00044529705900968883,0.00087278223565899,0.00032193554800447066,0.0006309936740887625,0.7094300715275924,1.390482940194081,1.0395055977860475,2.037430971660653,0.00044347434705646155,0.0008692097202306646,0.00028482480949262553,0.000558256626605546,0.5927685860369559,1.1618264286324336,1.7805561742167542,3.4898901014648382,0.00042631485718780583,0.0008355771200880994,0.00029887575811601857,0.0005857964859073964,0.6792317501846996,1.3312942303620112,1.2812660390194983,2.5112814364782166,0.00041573169655235466,0.0008148341252426152,0.000308508941046007,0.0006046775244501737,0.359182424733563,0.7039975524777834,1.188552527371483,2.3295629536481064,0.00042076020069383536,0.0008246899933599173,0.0002676826966178451,0.0005246580853709764,0.5608614896081385,1.0992885196319515,2.143788881772481,4.2018262082740625,0.0004509438821598004,0.0008838500090332087,0.00031583565425493754,0.0006190378823396776,0.48575408066004805,0.9520779980936942,0.9816268361414925,1.9239885988373253
tanh,iterative_dopt,20,highdim_smooth,Smooth,462.0,2.0,231,230,0.0019450965173486918,0.000767667206508579,6,0.011679706852032097,0.010238840815978265,6,0.002977846508521955,0.001340966782285921,6,0.00580237380124569,0.0025828220210044025,6,0.005874734793944879,0.0020657473745690626,6,0.003622358197206898,0.0012160577274877118,6,-4.615026208531645,10.263795882739618,6,0.8391752773475271,15.407095937179868,6,0.005480014656895367,0.0020624749323796066,6,0.00325988846234973,0.0011672511864605994,6,3.2562941386361164,18.137160222181496,6,11.616148157816083,12.250695610680586,6,0.005656441040771346,0.002386422265270739,6,0.0037712511222932773,0.0016695775333861109,6,1.992848640090899,15.588004502376965,6,0.7620694485912333,19.660437231743675,6,0.003192011478372099,0.0014275168126823888,6,0.0020489219513519156,0.0010263644748866086,6,45.06308115224911,1.148257104841345,6,47.276415797113394,6.90843402120215,6,0.0029911092590184218,0.0013416522016532397,6,0.0019004388649000263,0.0008886190519435976,6,48.49230627385304,1.0750286802810718,6,49.770858429564605,6.104819462516642,6,0.0030100947873559192,0.0013543395700456246,6,0.001955197665888201,0.0009647498155111022,6,48.21338621963329,1.3651560254533763,6,48.50846234847861,9.249442568888398,6,0.005752340593080715,0.0020122335507186616,6,0.003796395826096004,0.0015485201037241372,6,-4.492822189530567,30.522993099858322,6,-5.574476300209543,33.58965899720067,6,0.0003133988247022967,0.0006142616964165015,0.004179989259454751,0.008192778948531312,0.0005474473964370545,0.0010729968970166267,0.0010544326746474671,0.0020666880423090357,0.0008433378341980331,0.001652942155028145,0.0004964534883522286,0.000973048837170368,4.190177122798485,8.212747160685032,6.289920577366411,12.328244331638166,0.0008420018652685459,0.0016503236559263499,0.00047652830141445556,0.0009339954707723329,7.404464654574775,14.512750722966558,5.0013255400535,9.80259805850486,0.0009742528101216787,0.0019095355078384902,0.0006816021738017531,0.001335940260651436,6.363776189838396,12.473001332083257,8.026339889631439,15.73162618367762,0.0005827812983860078,0.0011422513448365753,0.0004190115422652985,0.000821262622839985,0.46877400006446385,0.9187970401263491,2.8203563789381687,5.527898502718811,0.0005477272177220132,0.0010735453467351458,0.00036277720882959245,0.0007110433293060012,0.43887862092437036,0.8602020970117659,2.492282109162938,4.884872933959358,0.0005529068141786896,0.0010836973557902315,0.0003938574629077348,0.0007719606272991601,0.5573226136077828,1.0923523226712542,3.77606911649237,7.401095468325045,0.0008214909070949226,0.0016101221779060483,0.0006321806850943029,0.0012390741427848336,12.460959752857448,24.423481115600598,13.712920862871291,26.87732489122773
tanh,iterative_dopt,20,highdim_smooth,Smooth,693.0,3.0,231,230,0.0019450965173486918,0.000767667206508579,6,0.011679706852032097,0.010238840815978265,6,0.002977846508521955,0.001340966782285921,6,0.004381329539518028,0.001941269499599153,6,0.00482918358705712,0.0017133320823991287,6,0.002610839919730528,0.0009082055112628678,6,-13.526267155141438,13.005478718676477,6,7.092526241407622,12.851054735248741,6,0.004554073646408572,0.0018414234257946164,6,0.0028446839462708258,0.0013860461805081004,6,-5.027784058529671,10.549183951129892,6,2.999678515803923,13.762399681874163,6,0.004446112291235593,0.0018599060685619306,6,0.0027159076239860525,0.001069451636789496,6,-2.1979411928777255,10.188177725606526,6,4.737152555279977,12.116869322440877,6,0.003132710443289119,0.0014083191458158528,6,0.001961060760231665,0.0007088557248890251,6,28.705438773335015,1.7303937159449603,6,30.088538317598672,8.111386928137962,6,0.0030227089953276227,0.00137440091257577,6,0.0018909454437436336,0.0007686571387823732,6,31.299884242322435,1.1403868306948246,6,34.053655053975085,5.641534911932697,6,0.003010622291053661,0.0013532463063141748,6,0.0019015381528338943,0.0008032149913426017,6,31.433734546139068,0.825608756411731,6,32.901021222288136,10.855916266661966,6,0.004289088937377762,0.0019437978576670168,6,0.0028317810988704485,0.0012640103731678416,6,2.4204685840722235,8.124957327571266,6,1.6247981608789583,13.037737108519904,6,0.0003133988247022967,0.0006142616964165015,0.004179989259454751,0.008192778948531312,0.0005474473964370545,0.0010729968970166267,0.0007925199545409931,0.0015533391109003466,0.0006994648936363349,0.0013709511915272162,0.0003707733473629245,0.000726715760831332,5.309464453563824,10.406550328985094,5.246421126322831,10.282985407592749,0.0007517579656007624,0.0014734456125774942,0.0005658509836963989,0.0011090679280449417,4.306686313837599,8.441105175121693,5.61847614280554,11.012213239898859,0.0007593034729137726,0.0014882348069109944,0.00043660180245309193,0.0008557395328080602,4.159306139420872,8.15224003326491,4.946691186660515,9.69551472585461,0.0005749438837068497,0.0011268900120654254,0.00028938913787146693,0.0005672027102280752,0.7064302763639415,1.3846033416733254,3.3114598467032486,6.490461299538367,0.0005610968229710314,0.0010997497730232215,0.0003138029628607482,0.0006150538072070664,0.465560974098665,0.9124995092333833,2.3031469833887237,4.514168087441899,0.000552460491129299,0.001082822562613426,0.0003279111470905637,0.0006427058482975049,0.33705336339708514,0.6606245922582868,4.43190925728359,8.686542144275837,0.000793552152399879,0.0015553622187037628,0.0005160300739743609,0.0010114189449897473,3.3169999390728067,6.501319880582701,5.32263388607052,10.432362416698219
tanh,iterative_dopt,20,highdim_smooth,Smooth,924.0,4.0,231,230,0.0019450965173486918,0.000767667206508579,6,0.011679706852032097,0.010238840815978265,6,0.002977846508521955,0.001340966782285921,6,0.003912783259524916,0.0017356041855551775,6,0.004298777535050365,0.0015401528489267825,6,0.0026146212717629742,0.0011344482828247373,6,-13.295106435075931,9.453784394306886,6,-1.6506598586418881,7.4354745912448355,6,0.004230630450507344,0.0016774184973212289,6,0.002543715363312484,0.0011331172671460348,6,-9.794014252827727,5.78768891875231,6,1.914340816772431,6.131039128210106,6,0.0040150647399511226,0.0016679690036763015,6,0.002602506188316466,0.0011561709292152755,6,-3.479159398563769,5.112110594443791,6,-0.6070844096010876,9.482132724356054,6,0.003081568310548073,0.001383363089352659,6,0.002034048790267014,0.0008406566860536267,6,21.40570729854453,1.461643424345012,6,18.413443581490668,16.054978797898354,6,0.00303052240796836,0.0013618855422576318,6,0.0019933694068470444,0.0010305231516339263,6,22.70698018370049,0.9260169330036867,6,24.864188488033317,6.728225708893001,6,0.0030221332671526136,0.00135698405371401,6,0.002001081339793908,0.0010659827288410728,6,22.886946413836583,1.1073706271743153,6,25.33387760994962,8.995375921787687,6,0.003851017072415397,0.0015878446147386046,6,0.0025352034710514125,0.0011548084893253593,6,0.0753210938803986,8.622448263475333,6,1.6025202764433837,14.848566339885267,6,0.0003133988247022967,0.0006142616964165015,0.004179989259454751,0.008192778948531312,0.0005474473964370545,0.0010729968970166267,0.0007085574416748266,0.00138877258568266,0.0006287647676274074,0.0012323789445497183,0.000463136572082864,0.0009077476812824134,3.8594913173897334,7.564602982083877,3.0355197906631948,5.949618789699862,0.0006848032339238537,0.0013422143384907532,0.0004625931872074531,0.0009066826469266081,2.3628141068172743,4.631115649361858,2.502986242858829,4.905853036003305,0.000680945494297563,0.0013346531688232235,0.00047200480533615225,0.0009251294184588584,2.08701041084388,4.090540405254004,3.8710644746698115,7.587286370352831,0.0005647556163190313,0.0011069210079853013,0.00034319665494840956,0.0006726654436988828,0.5967134292565979,1.169558321342932,6.55441764767557,12.846658589444116,0.0005559874444341293,0.0010897353910908935,0.0004207093149379827,0.0008245902572784461,0.3780448298393447,0.7409678664851156,2.746786643510581,5.383701821280739,0.0005539864201154675,0.0010858133834263162,0.00043518562671337167,0.0008529638283582085,0.4520821654538101,0.8860810442894678,3.6723468421496195,7.197799810613254,0.0006482348494892866,0.0012705403049990017,0.0004714485915802342,0.000924039239497259,3.5200997631769093,6.899395535826742,6.06190182409742,11.881327575230944
