case,case_label,p,n_total,train_n,test_n,data_seed,init_seed,strategy,strategy_label,round,selected_n,test_mse,fpr_distance,tpr_distance,combined_distance,distance_norm,dopt_weight,batch_dopt_added,batch_random_added,batch_latin_added,random_final_mse,gain_vs_random_pct,p_dim,source_prefix
highdim_poly2,Quadratic,20,10000,7500,2500,0,0,measure_weighted,Measure-weighted,6,3375,0.0074097145629392,0.0405347668884215,0.938664420656605,0.4895995937725133,0.5858397720661018,0.5692041481570338,285,215,0,0.0084739541421393,12.558949002424727,20,measure_weighted_sampling_grand_mean_p20
highdim_poly2,Quadratic,20,10000,7500,2500,0,0,random,Random,6,3375,0.0084739541421393,0.0405347668884215,0.938664420656605,0.4895995937725133,0.5858397720661018,0.5692041481570338,0,500,0,0.0084739541421393,0.0,20,measure_weighted_sampling_grand_mean_p20
highdim_poly2,Quadratic,20,10000,7500,2500,0,0,dopt,D-optimal,6,3375,0.0074636393551617,0.0405347668884215,0.938664420656605,0.4895995937725133,0.5858397720661018,0.5692041481570338,500,0,0,0.0084739541421393,11.92258973828429,20,measure_weighted_sampling_grand_mean_p20
highdim_poly2,Quadratic,20,10000,7500,2500,0,0,latin,Latin hypercube,6,3375,0.0081814714161525,0.0405347668884215,0.938664420656605,0.4895995937725133,0.5858397720661018,0.5692041481570338,0,0,500,0.0084739541421393,3.451549549133173,20,measure_weighted_sampling_grand_mean_p20
highdim_poly2,Quadratic,20,10000,7500,2500,0,1,measure_weighted,Measure-weighted,6,3375,0.008211379329696,0.086816001303272,0.9689857951131234,0.5279008982081977,0.7516342990691698,0.4614377056050396,231,269,0,0.0088731734844738,7.458370513501484,20,measure_weighted_sampling_grand_mean_p20
highdim_poly2,Quadratic,20,10000,7500,2500,0,1,random,Random,6,3375,0.0088731734844738,0.086816001303272,0.9689857951131234,0.5279008982081977,0.7516342990691698,0.4614377056050396,0,500,0,0.0088731734844738,0.0,20,measure_weighted_sampling_grand_mean_p20
highdim_poly2,Quadratic,20,10000,7500,2500,0,1,dopt,D-optimal,6,3375,0.0073054507749,0.086816001303272,0.9689857951131234,0.5279008982081977,0.7516342990691698,0.4614377056050396,500,0,0,0.0088731734844738,17.668117413876686,20,measure_weighted_sampling_grand_mean_p20
highdim_poly2,Quadratic,20,10000,7500,2500,0,1,latin,Latin hypercube,6,3375,0.007536171970236,0.086816001303272,0.9689857951131234,0.5279008982081977,0.7516342990691698,0.4614377056050396,0,0,500,0.0088731734844738,15.067906838261406,20,measure_weighted_sampling_grand_mean_p20
highdim_poly2,Quadratic,20,10000,7500,2500,1,0,measure_weighted,Measure-weighted,6,3375,0.0081880106826667,0.0553960469317339,0.951995881596246,0.5036959642639899,0.6468586097409081,0.5295419036684097,265,235,0,0.0089846941495922,8.867118386680255,20,measure_weighted_sampling_grand_mean_p20
highdim_poly2,Quadratic,20,10000,7500,2500,1,0,random,Random,6,3375,0.0089846941495922,0.0553960469317339,0.951995881596246,0.5036959642639899,0.6468586097409081,0.5295419036684097,0,500,0,0.0089846941495922,0.0,20,measure_weighted_sampling_grand_mean_p20
highdim_poly2,Quadratic,20,10000,7500,2500,1,0,dopt,D-optimal,6,3375,0.0080188031145557,0.0553960469317339,0.951995881596246,0.5036959642639899,0.6468586097409081,0.5295419036684097,500,0,0,0.0089846941495922,10.750405288758056,20,measure_weighted_sampling_grand_mean_p20
highdim_poly2,Quadratic,20,10000,7500,2500,1,0,latin,Latin hypercube,6,3375,0.0082532320697959,0.0553960469317339,0.951995881596246,0.5036959642639899,0.6468586097409081,0.5295419036684097,0,0,500,0.0089846941495922,8.141201777352716,20,measure_weighted_sampling_grand_mean_p20
highdim_poly2,Quadratic,20,10000,7500,2500,1,1,measure_weighted,Measure-weighted,6,3375,0.0088462064745633,0.0514682408731741,0.8880911473001376,0.4697796940866559,0.5000455428073337,0.6249703971752331,312,188,0,0.0090236211271657,1.9661137153496528,20,measure_weighted_sampling_grand_mean_p20
highdim_poly2,Quadratic,20,10000,7500,2500,1,1,random,Random,6,3375,0.0090236211271657,0.0514682408731741,0.8880911473001376,0.4697796940866559,0.5000455428073337,0.6249703971752331,0,500,0,0.0090236211271657,0.0,20,measure_weighted_sampling_grand_mean_p20
highdim_poly2,Quadratic,20,10000,7500,2500,1,1,dopt,D-optimal,6,3375,0.008204157694616,0.0514682408731741,0.8880911473001376,0.4697796940866559,0.5000455428073337,0.6249703971752331,500,0,0,0.0090236211271657,9.08131470727036,20,measure_weighted_sampling_grand_mean_p20
highdim_poly2,Quadratic,20,10000,7500,2500,1,1,latin,Latin hypercube,6,3375,0.0081848161871215,0.0514682408731741,0.8880911473001376,0.4697796940866559,0.5000455428073337,0.6249703971752331,0,0,500,0.0090236211271657,9.295657787747242,20,measure_weighted_sampling_grand_mean_p20
highdim_poly2,Quadratic,20,10000,7500,2500,2,0,measure_weighted,Measure-weighted,6,3375,0.0062622096100053,0.0419422210531005,0.9338016346303266,0.4878719278417136,0.5783612394146296,0.5740651943804908,287,213,0,0.0076641936000532,18.29264842733389,20,measure_weighted_sampling_grand_mean_p20
highdim_poly2,Quadratic,20,10000,7500,2500,2,0,random,Random,6,3375,0.0076641936000532,0.0419422210531005,0.9338016346303266,0.4878719278417136,0.5783612394146296,0.5740651943804908,0,500,0,0.0076641936000532,0.0,20,measure_weighted_sampling_grand_mean_p20
highdim_poly2,Quadratic,20,10000,7500,2500,2,0,dopt,D-optimal,6,3375,0.0065068571450835,0.0419422210531005,0.9338016346303266,0.4878719278417136,0.5783612394146296,0.5740651943804908,500,0,0,0.0076641936000532,15.100563938803395,20,measure_weighted_sampling_grand_mean_p20
highdim_poly2,Quadratic,20,10000,7500,2500,2,0,latin,Latin hypercube,6,3375,0.0063954964257444,0.0419422210531005,0.9338016346303266,0.4878719278417136,0.5783612394146296,0.5740651943804908,0,0,500,0.0076641936000532,16.553563760446252,20,measure_weighted_sampling_grand_mean_p20
highdim_poly2,Quadratic,20,10000,7500,2500,2,1,measure_weighted,Measure-weighted,6,3375,0.0065907097163466,0.0503242937130985,0.9023924044919036,0.4763583491025011,0.5285225101779862,0.6064603683843088,303,197,0,0.0072136768937747,8.6359173913898,20,measure_weighted_sampling_grand_mean_p20
highdim_poly2,Quadratic,20,10000,7500,2500,2,1,random,Random,6,3375,0.0072136768937747,0.0503242937130985,0.9023924044919036,0.4763583491025011,0.5285225101779862,0.6064603683843088,0,500,0,0.0072136768937747,0.0,20,measure_weighted_sampling_grand_mean_p20
highdim_poly2,Quadratic,20,10000,7500,2500,2,1,dopt,D-optimal,6,3375,0.0068022285382537,0.0503242937130985,0.9023924044919036,0.4763583491025011,0.5285225101779862,0.6064603683843088,500,0,0,0.0072136768937747,5.703725874887454,20,measure_weighted_sampling_grand_mean_p20
highdim_poly2,Quadratic,20,10000,7500,2500,2,1,latin,Latin hypercube,6,3375,0.00645805638835,0.0503242937130985,0.9023924044919036,0.4763583491025011,0.5285225101779862,0.6064603683843088,0,0,500,0.0072136768937747,10.474831581059943,20,measure_weighted_sampling_grand_mean_p20
highdim_poly2,Quadratic,20,10000,7500,2500,3,0,measure_weighted,Measure-weighted,6,3375,0.0076089334920473,0.0473738279330014,0.942883283949866,0.4951285559414337,0.6097729430408212,0.5536475870234662,277,223,0,0.0081910401054419,7.106626336842354,20,measure_weighted_sampling_grand_mean_p20
highdim_poly2,Quadratic,20,10000,7500,2500,3,0,random,Random,6,3375,0.0081910401054419,0.0473738279330014,0.942883283949866,0.4951285559414337,0.6097729430408212,0.5536475870234662,0,500,0,0.0081910401054419,0.0,20,measure_weighted_sampling_grand_mean_p20
highdim_poly2,Quadratic,20,10000,7500,2500,3,0,dopt,D-optimal,6,3375,0.0074684333081707,0.0473738279330014,0.942883283949866,0.4951285559414337,0.6097729430408212,0.5536475870234662,500,0,0,0.0081910401054419,8.821917460654879,20,measure_weighted_sampling_grand_mean_p20
highdim_poly2,Quadratic,20,10000,7500,2500,3,0,latin,Latin hypercube,6,3375,0.007433488325607,0.0473738279330014,0.942883283949866,0.4951285559414337,0.6097729430408212,0.5536475870234662,0,0,500,0.0081910401054419,9.24854194440555,20,measure_weighted_sampling_grand_mean_p20
highdim_poly2,Quadratic,20,10000,7500,2500,3,1,measure_weighted,Measure-weighted,6,3375,0.0074949512861105,0.0534720422172428,0.8989219506707468,0.4761969964439947,0.5278240643132335,0.6069143581963982,303,197,0,0.008352349759823,10.26535643702081,20,measure_weighted_sampling_grand_mean_p20
highdim_poly2,Quadratic,20,10000,7500,2500,3,1,random,Random,6,3375,0.008352349759823,0.0534720422172428,0.8989219506707468,0.4761969964439947,0.5278240643132335,0.6069143581963982,0,500,0,0.008352349759823,0.0,20,measure_weighted_sampling_grand_mean_p20
highdim_poly2,Quadratic,20,10000,7500,2500,3,1,dopt,D-optimal,6,3375,0.0077405479156485,0.0534720422172428,0.8989219506707468,0.4761969964439947,0.5278240643132335,0.6069143581963982,500,0,0,0.008352349759823,7.324906903652895,20,measure_weighted_sampling_grand_mean_p20
highdim_poly2,Quadratic,20,10000,7500,2500,3,1,latin,Latin hypercube,6,3375,0.0079899661205482,0.0534720422172428,0.8989219506707468,0.4761969964439947,0.5278240643132335,0.6069143581963982,0,0,500,0.008352349759823,4.338702876380425,20,measure_weighted_sampling_grand_mean_p20
highdim_poly2,Quadratic,20,10000,7500,2500,4,0,measure_weighted,Measure-weighted,6,3375,0.0047279368407694,0.0315041461061296,0.8681978106323349,0.4498509783692322,0.4137802825288738,0.681042816356232,341,159,0,0.0051274434124614,7.791535460362963,20,measure_weighted_sampling_grand_mean_p20
highdim_poly2,Quadratic,20,10000,7500,2500,4,0,random,Random,6,3375,0.0051274434124614,0.0315041461061296,0.8681978106323349,0.4498509783692322,0.4137802825288738,0.681042816356232,0,500,0,0.0051274434124614,0.0,20,measure_weighted_sampling_grand_mean_p20
highdim_poly2,Quadratic,20,10000,7500,2500,4,0,dopt,D-optimal,6,3375,0.0049076905048031,0.0315041461061296,0.8681978106323349,0.4498509783692322,0.4137802825288738,0.681042816356232,500,0,0,0.0051274434124614,4.285818291513376,20,measure_weighted_sampling_grand_mean_p20
highdim_poly2,Quadratic,20,10000,7500,2500,4,0,latin,Latin hypercube,6,3375,0.004870871642909,0.0315041461061296,0.8681978106323349,0.4498509783692322,0.4137802825288738,0.681042816356232,0,0,500,0.0051274434124614,5.003892757329968,20,measure_weighted_sampling_grand_mean_p20
highdim_poly2,Quadratic,20,10000,7500,2500,4,1,measure_weighted,Measure-weighted,6,3375,0.0050240129549426,0.0300048004350211,0.9374254510212192,0.4837151257281202,0.5603677258666553,0.5857609781866739,293,207,0,0.0049971746655717,-0.5370692674765779,20,measure_weighted_sampling_grand_mean_p20
highdim_poly2,Quadratic,20,10000,7500,2500,4,1,random,Random,6,3375,0.0049971746655717,0.0300048004350211,0.9374254510212192,0.4837151257281202,0.5603677258666553,0.5857609781866739,0,500,0,0.0049971746655717,0.0,20,measure_weighted_sampling_grand_mean_p20
highdim_poly2,Quadratic,20,10000,7500,2500,4,1,dopt,D-optimal,6,3375,0.0048033634645065,0.0300048004350211,0.9374254510212192,0.4837151257281202,0.5603677258666553,0.5857609781866739,500,0,0,0.0049971746655717,3.87841558551997,20,measure_weighted_sampling_grand_mean_p20
highdim_poly2,Quadratic,20,10000,7500,2500,4,1,latin,Latin hypercube,6,3375,0.0048833828440565,0.0300048004350211,0.9374254510212192,0.4837151257281202,0.5603677258666553,0.5857609781866739,0,0,500,0.0049971746655717,2.2771231571953194,20,measure_weighted_sampling_grand_mean_p20
highdim_smooth,Smooth,20,10000,7500,2500,0,0,measure_weighted,Measure-weighted,6,3375,0.0020929211308581,0.0063071777001112,0.6283998392391876,0.3173535084696494,0.0,0.95,475,25,0,0.0023182848898453,9.721141692911486,20,measure_weighted_sampling_grand_mean_p20
highdim_smooth,Smooth,20,10000,7500,2500,0,0,random,Random,6,3375,0.0023182848898453,0.0063071777001112,0.6283998392391876,0.3173535084696494,0.0,0.95,0,500,0,0.0023182848898453,0.0,20,measure_weighted_sampling_grand_mean_p20
highdim_smooth,Smooth,20,10000,7500,2500,0,0,dopt,D-optimal,6,3375,0.0019773505241141,0.0063071777001112,0.6283998392391876,0.3173535084696494,0.0,0.95,500,0,0,0.0023182848898453,14.70631876283138,20,measure_weighted_sampling_grand_mean_p20
highdim_smooth,Smooth,20,10000,7500,2500,0,0,latin,Latin hypercube,6,3375,0.0021661047579422,0.0063071777001112,0.6283998392391876,0.3173535084696494,0.0,0.95,0,0,500,0.0023182848898453,6.564341275298463,20,measure_weighted_sampling_grand_mean_p20
highdim_smooth,Smooth,20,10000,7500,2500,0,1,measure_weighted,Measure-weighted,6,3375,0.0021192990569201,0.0240086729241514,0.9314773752784766,0.477743024101314,0.5345163409329325,0.6025643783935938,301,199,0,0.0021623824660206,1.9924046637228696,20,measure_weighted_sampling_grand_mean_p20
highdim_smooth,Smooth,20,10000,7500,2500,0,1,random,Random,6,3375,0.0021623824660206,0.0240086729241514,0.9314773752784766,0.477743024101314,0.5345163409329325,0.6025643783935938,0,500,0,0.0021623824660206,0.0,20,measure_weighted_sampling_grand_mean_p20
highdim_smooth,Smooth,20,10000,7500,2500,0,1,dopt,D-optimal,6,3375,0.001916484300307,0.0240086729241514,0.9314773752784766,0.477743024101314,0.5345163409329325,0.6025643783935938,500,0,0,0.0021623824660206,11.371631502643108,20,measure_weighted_sampling_grand_mean_p20
highdim_smooth,Smooth,20,10000,7500,2500,0,1,latin,Latin hypercube,6,3375,0.0020047984020235,0.0240086729241514,0.9314773752784766,0.477743024101314,0.5345163409329325,0.6025643783935938,0,0,500,0.0021623824660206,7.287520430513974,20,measure_weighted_sampling_grand_mean_p20
highdim_smooth,Smooth,20,10000,7500,2500,1,0,measure_weighted,Measure-weighted,6,3375,0.0024749019355193,0.0167849835803833,0.9574018780750956,0.4870934308277394,0.574991366087681,0.5762556120430073,288,212,0,0.0029037493471273,14.768747586021387,20,measure_weighted_sampling_grand_mean_p20
highdim_smooth,Smooth,20,10000,7500,2500,1,0,random,Random,6,3375,0.0029037493471273,0.0167849835803833,0.9574018780750956,0.4870934308277394,0.574991366087681,0.5762556120430073,0,500,0,0.0029037493471273,0.0,20,measure_weighted_sampling_grand_mean_p20
highdim_smooth,Smooth,20,10000,7500,2500,1,0,dopt,D-optimal,6,3375,0.0025336296658998,0.0167849835803833,0.9574018780750956,0.4870934308277394,0.574991366087681,0.5762556120430073,500,0,0,0.0029037493471273,12.746268254650554,20,measure_weighted_sampling_grand_mean_p20
highdim_smooth,Smooth,20,10000,7500,2500,1,0,latin,Latin hypercube,6,3375,0.0027296595161766,0.0167849835803833,0.9574018780750956,0.4870934308277394,0.574991366087681,0.5762556120430073,0,0,500,0.0029037493471273,5.995346365651471,20,measure_weighted_sampling_grand_mean_p20
highdim_smooth,Smooth,20,10000,7500,2500,1,1,measure_weighted,Measure-weighted,6,3375,0.0028984529808234,0.0159213149546034,0.94434021539159,0.4801307651730968,0.544852135168525,0.5958461121404587,298,202,0,0.0026723378229292,-8.461323862349678,20,measure_weighted_sampling_grand_mean_p20
highdim_smooth,Smooth,20,10000,7500,2500,1,1,random,Random,6,3375,0.0026723378229292,0.0159213149546034,0.94434021539159,0.4801307651730968,0.544852135168525,0.5958461121404587,0,500,0,0.0026723378229292,0.0,20,measure_weighted_sampling_grand_mean_p20
highdim_smooth,Smooth,20,10000,7500,2500,1,1,dopt,D-optimal,6,3375,0.0023091248698281,0.0159213149546034,0.94434021539159,0.4801307651730968,0.544852135168525,0.5958461121404587,500,0,0,0.0026723378229292,13.591580749436428,20,measure_weighted_sampling_grand_mean_p20
highdim_smooth,Smooth,20,10000,7500,2500,1,1,latin,Latin hypercube,6,3375,0.0026796429925846,0.0159213149546034,0.94434021539159,0.4801307651730968,0.544852135168525,0.5958461121404587,0,0,500,0.0026723378229292,-0.2733625065180712,20,measure_weighted_sampling_grand_mean_p20
highdim_smooth,Smooth,20,10000,7500,2500,2,0,measure_weighted,Measure-weighted,6,3375,0.0021919990192704,0.0125394692812874,0.7386107365578658,0.3755751029195766,0.0922629394683258,0.890029089345588,445,55,0,0.0022838482142769,4.021685610819112,20,measure_weighted_sampling_grand_mean_p20
highdim_smooth,Smooth,20,10000,7500,2500,2,0,random,Random,6,3375,0.0022838482142769,0.0125394692812874,0.7386107365578658,0.3755751029195766,0.0922629394683258,0.890029089345588,0,500,0,0.0022838482142769,0.0,20,measure_weighted_sampling_grand_mean_p20
highdim_smooth,Smooth,20,10000,7500,2500,2,0,dopt,D-optimal,6,3375,0.0020954838301879,0.0125394692812874,0.7386107365578658,0.3755751029195766,0.0922629394683258,0.890029089345588,500,0,0,0.0022838482142769,8.24767525755279,20,measure_weighted_sampling_grand_mean_p20
highdim_smooth,Smooth,20,10000,7500,2500,2,0,latin,Latin hypercube,6,3375,0.0020527557802072,0.0125394692812874,0.7386107365578658,0.3755751029195766,0.0922629394683258,0.890029089345588,0,0,500,0.0022838482142769,10.118554842000844,20,measure_weighted_sampling_grand_mean_p20
highdim_smooth,Smooth,20,10000,7500,2500,2,1,measure_weighted,Measure-weighted,6,3375,0.001969919532669,0.0126812749929377,0.5834736072293625,0.2980774411111501,0.0,0.95,475,25,0,0.0021201416147146,7.085473960938495,20,measure_weighted_sampling_grand_mean_p20
highdim_smooth,Smooth,20,10000,7500,2500,2,1,random,Random,6,3375,0.0021201416147146,0.0126812749929377,0.5834736072293625,0.2980774411111501,0.0,0.95,0,500,0,0.0021201416147146,0.0,20,measure_weighted_sampling_grand_mean_p20
highdim_smooth,Smooth,20,10000,7500,2500,2,1,dopt,D-optimal,6,3375,0.0019758730005853,0.0126812749929377,0.5834736072293625,0.2980774411111501,0.0,0.95,500,0,0,0.0021201416147146,6.804668760239234,20,measure_weighted_sampling_grand_mean_p20
highdim_smooth,Smooth,20,10000,7500,2500,2,1,latin,Latin hypercube,6,3375,0.0019477440333983,0.0126812749929377,0.5834736072293625,0.2980774411111501,0.0,0.95,0,0,500,0.0021201416147146,8.131418209039667,20,measure_weighted_sampling_grand_mean_p20
highdim_smooth,Smooth,20,10000,7500,2500,3,0,measure_weighted,Measure-weighted,6,3375,0.0022228485313793,0.0147924697415178,0.9594460614021568,0.4871192655718372,0.5751031967221999,0.5761829221305701,288,212,0,0.0026892188074193,17.342221270849166,20,measure_weighted_sampling_grand_mean_p20
highdim_smooth,Smooth,20,10000,7500,2500,3,0,random,Random,6,3375,0.0026892188074193,0.0147924697415178,0.9594460614021568,0.4871192655718372,0.5751031967221999,0.5761829221305701,0,500,0,0.0026892188074193,0.0,20,measure_weighted_sampling_grand_mean_p20
highdim_smooth,Smooth,20,10000,7500,2500,3,0,dopt,D-optimal,6,3375,0.0022041432898871,0.0147924697415178,0.9594460614021568,0.4871192655718372,0.5751031967221999,0.5761829221305701,500,0,0,0.0026892188074193,18.03778540422002,20,measure_weighted_sampling_grand_mean_p20
highdim_smooth,Smooth,20,10000,7500,2500,3,0,latin,Latin hypercube,6,3375,0.0024555538165595,0.0147924697415178,0.9594460614021568,0.4871192655718372,0.5751031967221999,0.5761829221305701,0,0,500,0.0026892188074193,8.688954212840157,20,measure_weighted_sampling_grand_mean_p20
highdim_smooth,Smooth,20,10000,7500,2500,3,1,measure_weighted,Measure-weighted,6,3375,0.0021580651908933,0.0174872214049397,0.8329555533965691,0.4252213874007544,0.3071663839929963,0.7503418504045523,375,125,0,0.0026195823540226,17.61796732294129,20,measure_weighted_sampling_grand_mean_p20
highdim_smooth,Smooth,20,10000,7500,2500,3,1,random,Random,6,3375,0.0026195823540226,0.0174872214049397,0.8329555533965691,0.4252213874007544,0.3071663839929963,0.7503418504045523,0,500,0,0.0026195823540226,0.0,20,measure_weighted_sampling_grand_mean_p20
highdim_smooth,Smooth,20,10000,7500,2500,3,1,dopt,D-optimal,6,3375,0.0022048069253894,0.0174872214049397,0.8329555533965691,0.4252213874007544,0.3071663839929963,0.7503418504045523,500,0,0,0.0026195823540226,15.83364722228296,20,measure_weighted_sampling_grand_mean_p20
highdim_smooth,Smooth,20,10000,7500,2500,3,1,latin,Latin hypercube,6,3375,0.0022701535241091,0.0174872214049397,0.8329555533965691,0.4252213874007544,0.3071663839929963,0.7503418504045523,0,0,500,0.0026195823540226,13.339104585770908,20,measure_weighted_sampling_grand_mean_p20
highdim_smooth,Smooth,20,10000,7500,2500,4,0,measure_weighted,Measure-weighted,6,3375,0.0022012551243374,0.0103793149998812,0.6983961871345616,0.3543877510672214,0.0005494317806853,0.9496428693425544,475,25,0,0.0024160748176004,8.891268254531242,20,measure_weighted_sampling_grand_mean_p20
highdim_smooth,Smooth,20,10000,7500,2500,4,0,random,Random,6,3375,0.0024160748176004,0.0103793149998812,0.6983961871345616,0.3543877510672214,0.0005494317806853,0.9496428693425544,0,500,0,0.0024160748176004,0.0,20,measure_weighted_sampling_grand_mean_p20
highdim_smooth,Smooth,20,10000,7500,2500,4,0,dopt,D-optimal,6,3375,0.0023251945503118,0.0103793149998812,0.6983961871345616,0.3543877510672214,0.0005494317806853,0.9496428693425544,500,0,0,0.0024160748176004,3.7614839832984734,20,measure_weighted_sampling_grand_mean_p20
highdim_smooth,Smooth,20,10000,7500,2500,4,0,latin,Latin hypercube,6,3375,0.0024028824420959,0.0103793149998812,0.6983961871345616,0.3543877510672214,0.0005494317806853,0.9496428693425544,0,0,500,0.0024160748176004,0.5460251234084769,20,measure_weighted_sampling_grand_mean_p20
highdim_smooth,Smooth,20,10000,7500,2500,4,1,measure_weighted,Measure-weighted,6,3375,0.0021067570186458,0.0096954983824639,0.5488352487714958,0.2792653735769799,0.0,0.95,475,25,0,0.0025280189066022,16.66371587871408,20,measure_weighted_sampling_grand_mean_p20
highdim_smooth,Smooth,20,10000,7500,2500,4,1,random,Random,6,3375,0.0025280189066022,0.0096954983824639,0.5488352487714958,0.2792653735769799,0.0,0.95,0,500,0,0.0025280189066022,0.0,20,measure_weighted_sampling_grand_mean_p20
highdim_smooth,Smooth,20,10000,7500,2500,4,1,dopt,D-optimal,6,3375,0.0023069788952187,0.0096954983824639,0.5488352487714958,0.2792653735769799,0.0,0.95,500,0,0,0.0025280189066022,8.743605944016775,20,measure_weighted_sampling_grand_mean_p20
highdim_smooth,Smooth,20,10000,7500,2500,4,1,latin,Latin hypercube,6,3375,0.0023415662411887,0.0096954983824639,0.5488352487714958,0.2792653735769799,0.0,0.95,0,0,500,0.0025280189066022,7.375445845225655,20,measure_weighted_sampling_grand_mean_p20
highdim_strong,Strong nonlinear,20,10000,7500,2500,0,0,measure_weighted,Measure-weighted,6,3375,0.0022459077985629,0.0138035359606789,0.8006651892691872,0.407234362614933,0.2293061045457169,0.800951032045284,400,100,0,0.0022260841756166,-0.890515424506998,20,measure_weighted_sampling_grand_mean_p20
highdim_strong,Strong nonlinear,20,10000,7500,2500,0,0,random,Random,6,3375,0.0022260841756166,0.0138035359606789,0.8006651892691872,0.407234362614933,0.2293061045457169,0.800951032045284,0,500,0,0.0022260841756166,0.0,20,measure_weighted_sampling_grand_mean_p20
highdim_strong,Strong nonlinear,20,10000,7500,2500,0,0,dopt,D-optimal,6,3375,0.0018671263545467,0.0138035359606789,0.8006651892691872,0.407234362614933,0.2293061045457169,0.800951032045284,500,0,0,0.0022260841756166,16.125078512379925,20,measure_weighted_sampling_grand_mean_p20
highdim_strong,Strong nonlinear,20,10000,7500,2500,0,0,latin,Latin hypercube,6,3375,0.0017783652455283,0.0138035359606789,0.8006651892691872,0.407234362614933,0.2293061045457169,0.800951032045284,0,0,500,0.0022260841756166,20.112398937666264,20,measure_weighted_sampling_grand_mean_p20
highdim_strong,Strong nonlinear,20,10000,7500,2500,0,1,measure_weighted,Measure-weighted,6,3375,0.0020177988556566,0.0229227008621773,0.9024350401728038,0.4626788705174905,0.4693082689121617,0.6449496252070948,322,178,0,0.0019746631254169,-2.1844602091634133,20,measure_weighted_sampling_grand_mean_p20
highdim_strong,Strong nonlinear,20,10000,7500,2500,0,1,random,Random,6,3375,0.0019746631254169,0.0229227008621773,0.9024350401728038,0.4626788705174905,0.4693082689121617,0.6449496252070948,0,500,0,0.0019746631254169,0.0,20,measure_weighted_sampling_grand_mean_p20
highdim_strong,Strong nonlinear,20,10000,7500,2500,0,1,dopt,D-optimal,6,3375,0.0020289732197167,0.0229227008621773,0.9024350401728038,0.4626788705174905,0.4693082689121617,0.6449496252070948,500,0,0,0.0019746631254169,-2.750347317514273,20,measure_weighted_sampling_grand_mean_p20
highdim_strong,Strong nonlinear,20,10000,7500,2500,0,1,latin,Latin hypercube,6,3375,0.0016744982420999,0.0229227008621773,0.9024350401728038,0.4626788705174905,0.4693082689121617,0.6449496252070948,0,0,500,0.0019746631254169,15.200814734085476,20,measure_weighted_sampling_grand_mean_p20
highdim_strong,Strong nonlinear,20,10000,7500,2500,1,0,measure_weighted,Measure-weighted,6,3375,0.001350280600416,0.0176090537412701,0.6886278900608727,0.3531184719010714,0.0,0.95,475,25,0,0.0016898151370555,20.0929988845472,20,measure_weighted_sampling_grand_mean_p20
highdim_strong,Strong nonlinear,20,10000,7500,2500,1,0,random,Random,6,3375,0.0016898151370555,0.0176090537412701,0.6886278900608727,0.3531184719010714,0.0,0.95,0,500,0,0.0016898151370555,0.0,20,measure_weighted_sampling_grand_mean_p20
highdim_strong,Strong nonlinear,20,10000,7500,2500,1,0,dopt,D-optimal,6,3375,0.001142437949203,0.0176090537412701,0.6886278900608727,0.3531184719010714,0.0,0.95,500,0,0,0.0016898151370555,32.392726035478894,20,measure_weighted_sampling_grand_mean_p20
highdim_strong,Strong nonlinear,20,10000,7500,2500,1,0,latin,Latin hypercube,6,3375,0.001409719975847,0.0176090537412701,0.6886278900608727,0.3531184719010714,0.0,0.95,0,0,500,0.0016898151370555,16.57549131063546,20,measure_weighted_sampling_grand_mean_p20
highdim_strong,Strong nonlinear,20,10000,7500,2500,1,1,measure_weighted,Measure-weighted,6,3375,0.0014560890832256,0.0144589086263286,0.915593697946002,0.4650263032861653,0.4794695809428644,0.638344772387138,319,181,0,0.001386166076704,-5.044345529495739,20,measure_weighted_sampling_grand_mean_p20
highdim_strong,Strong nonlinear,20,10000,7500,2500,1,1,random,Random,6,3375,0.001386166076704,0.0144589086263286,0.915593697946002,0.4650263032861653,0.4794695809428644,0.638344772387138,0,500,0,0.001386166076704,0.0,20,measure_weighted_sampling_grand_mean_p20
highdim_strong,Strong nonlinear,20,10000,7500,2500,1,1,dopt,D-optimal,6,3375,0.0013789888920599,0.0144589086263286,0.915593697946002,0.4650263032861653,0.4794695809428644,0.638344772387138,500,0,0,0.001386166076704,0.5177723481125829,20,measure_weighted_sampling_grand_mean_p20
highdim_strong,Strong nonlinear,20,10000,7500,2500,1,1,latin,Latin hypercube,6,3375,0.0014339279650443,0.0144589086263286,0.915593697946002,0.4650263032861653,0.4794695809428644,0.638344772387138,0,0,500,0.001386166076704,-3.445610821312844,20,measure_weighted_sampling_grand_mean_p20
highdim_strong,Strong nonlinear,20,10000,7500,2500,2,0,measure_weighted,Measure-weighted,6,3375,0.0018186724971343,0.0306165239395577,0.8901497933689548,0.4603831586542563,0.4593708407198819,0.6514089535320766,326,174,0,0.002164600167966,15.981134804988956,20,measure_weighted_sampling_grand_mean_p20
highdim_strong,Strong nonlinear,20,10000,7500,2500,2,0,random,Random,6,3375,0.002164600167966,0.0306165239395577,0.8901497933689548,0.4603831586542563,0.4593708407198819,0.6514089535320766,0,500,0,0.002164600167966,0.0,20,measure_weighted_sampling_grand_mean_p20
highdim_strong,Strong nonlinear,20,10000,7500,2500,2,0,dopt,D-optimal,6,3375,0.0026300903243175,0.0306165239395577,0.8901497933689548,0.4603831586542563,0.4593708407198819,0.6514089535320766,500,0,0,0.002164600167966,-21.504671543515176,20,measure_weighted_sampling_grand_mean_p20
highdim_strong,Strong nonlinear,20,10000,7500,2500,2,0,latin,Latin hypercube,6,3375,0.002008027247923,0.0306165239395577,0.8901497933689548,0.4603831586542563,0.4593708407198819,0.6514089535320766,0,0,500,0.002164600167966,7.2333413976429615,20,measure_weighted_sampling_grand_mean_p20
highdim_strong,Strong nonlinear,20,10000,7500,2500,2,1,measure_weighted,Measure-weighted,6,3375,0.0018532902132991,0.0248249747564473,0.8334326778591439,0.4291288263077956,0.3240804811740495,0.7393476872368677,370,130,0,0.0020529944121041,9.727459443024774,20,measure_weighted_sampling_grand_mean_p20
highdim_strong,Strong nonlinear,20,10000,7500,2500,2,1,random,Random,6,3375,0.0020529944121041,0.0248249747564473,0.8334326778591439,0.4291288263077956,0.3240804811740495,0.7393476872368677,0,500,0,0.0020529944121041,0.0,20,measure_weighted_sampling_grand_mean_p20
highdim_strong,Strong nonlinear,20,10000,7500,2500,2,1,dopt,D-optimal,6,3375,0.0021063281783117,0.0248249747564473,0.8334326778591439,0.4291288263077956,0.3240804811740495,0.7393476872368677,500,0,0,0.0020529944121041,-2.5978524779794334,20,measure_weighted_sampling_grand_mean_p20
highdim_strong,Strong nonlinear,20,10000,7500,2500,2,1,latin,Latin hypercube,6,3375,0.0017844285306345,0.0248249747564473,0.8334326778591439,0.4291288263077956,0.3240804811740495,0.7393476872368677,0,0,500,0.0020529944121041,13.081666461736788,20,measure_weighted_sampling_grand_mean_p20
highdim_strong,Strong nonlinear,20,10000,7500,2500,3,0,measure_weighted,Measure-weighted,6,3375,0.0014243899602661,0.0183254587147301,0.7971035791675211,0.4077145189411256,0.2313845531041023,0.7996000404823334,400,100,0,0.0016801741471439,15.223671148171022,20,measure_weighted_sampling_grand_mean_p20
highdim_strong,Strong nonlinear,20,10000,7500,2500,3,0,random,Random,6,3375,0.0016801741471439,0.0183254587147301,0.7971035791675211,0.4077145189411256,0.2313845531041023,0.7996000404823334,0,500,0,0.0016801741471439,0.0,20,measure_weighted_sampling_grand_mean_p20
highdim_strong,Strong nonlinear,20,10000,7500,2500,3,0,dopt,D-optimal,6,3375,0.0014669006570058,0.0183254587147301,0.7971035791675211,0.4077145189411256,0.2313845531041023,0.7996000404823334,500,0,0,0.0016801741471439,12.6935348041499,20,measure_weighted_sampling_grand_mean_p20
highdim_strong,Strong nonlinear,20,10000,7500,2500,3,0,latin,Latin hypercube,6,3375,0.0014736914546847,0.0183254587147301,0.7971035791675211,0.4077145189411256,0.2313845531041023,0.7996000404823334,0,0,500,0.0016801741471439,12.28936255269814,20,measure_weighted_sampling_grand_mean_p20
highdim_strong,Strong nonlinear,20,10000,7500,2500,3,1,measure_weighted,Measure-weighted,6,3375,0.0014798017785329,0.012857896885708,0.4252050404256823,0.2190314686556952,0.0,0.95,475,25,0,0.0019162878895508,22.77768979274945,20,measure_weighted_sampling_grand_mean_p20
highdim_strong,Strong nonlinear,20,10000,7500,2500,3,1,random,Random,6,3375,0.0019162878895508,0.012857896885708,0.4252050404256823,0.2190314686556952,0.0,0.95,0,500,0,0.0019162878895508,0.0,20,measure_weighted_sampling_grand_mean_p20
highdim_strong,Strong nonlinear,20,10000,7500,2500,3,1,dopt,D-optimal,6,3375,0.0017511061233222,0.012857896885708,0.4252050404256823,0.2190314686556952,0.0,0.95,500,0,0,0.0019162878895508,8.619882593283592,20,measure_weighted_sampling_grand_mean_p20
highdim_strong,Strong nonlinear,20,10000,7500,2500,3,1,latin,Latin hypercube,6,3375,0.0014769653220198,0.012857896885708,0.4252050404256823,0.2190314686556952,0.0,0.95,0,0,500,0.0019162878895508,22.92570808000928,20,measure_weighted_sampling_grand_mean_p20
highdim_strong,Strong nonlinear,20,10000,7500,2500,4,0,measure_weighted,Measure-weighted,6,3375,0.0014428793212755,0.0139376368719758,0.8352578660817572,0.4245977514768665,0.3044668565344278,0.7520965432526219,376,124,0,0.0016955838405239,14.90368763895936,20,measure_weighted_sampling_grand_mean_p20
highdim_strong,Strong nonlinear,20,10000,7500,2500,4,0,random,Random,6,3375,0.0016955838405239,0.0139376368719758,0.8352578660817572,0.4245977514768665,0.3044668565344278,0.7520965432526219,0,500,0,0.0016955838405239,0.0,20,measure_weighted_sampling_grand_mean_p20
highdim_strong,Strong nonlinear,20,10000,7500,2500,4,0,dopt,D-optimal,6,3375,0.0016778801053007,0.0139376368719758,0.8352578660817572,0.4245977514768665,0.3044668565344278,0.7520965432526219,500,0,0,0.0016955838405239,1.0441085129547052,20,measure_weighted_sampling_grand_mean_p20
highdim_strong,Strong nonlinear,20,10000,7500,2500,4,0,latin,Latin hypercube,6,3375,0.0019787917411502,0.0139376368719758,0.8352578660817572,0.4245977514768665,0.3044668565344278,0.7520965432526219,0,0,500,0.0016955838405239,-16.702677500085294,20,measure_weighted_sampling_grand_mean_p20
highdim_strong,Strong nonlinear,20,10000,7500,2500,4,1,measure_weighted,Measure-weighted,6,3375,0.0017651358972987,0.0209033549536555,0.9636628150497676,0.4922830850017115,0.5974557774637481,0.5616537446485637,281,219,0,0.0016689469920002,-5.763448794931625,20,measure_weighted_sampling_grand_mean_p20
highdim_strong,Strong nonlinear,20,10000,7500,2500,4,1,random,Random,6,3375,0.0016689469920002,0.0209033549536555,0.9636628150497676,0.4922830850017115,0.5974557774637481,0.5616537446485637,0,500,0,0.0016689469920002,0.0,20,measure_weighted_sampling_grand_mean_p20
highdim_strong,Strong nonlinear,20,10000,7500,2500,4,1,dopt,D-optimal,6,3375,0.0015808544506831,0.0209033549536555,0.9636628150497676,0.4922830850017115,0.5974557774637481,0.5616537446485637,500,0,0,0.0016689469920002,5.2783306923086455,20,measure_weighted_sampling_grand_mean_p20
highdim_strong,Strong nonlinear,20,10000,7500,2500,4,1,latin,Latin hypercube,6,3375,0.001809653194738,0.0209033549536555,0.9636628150497676,0.4922830850017115,0.5974557774637481,0.5616537446485637,0,0,500,0.0016689469920002,-8.430837133366825,20,measure_weighted_sampling_grand_mean_p20
highdim_local,Local interior,20,10000,7500,2500,0,0,measure_weighted,Measure-weighted,6,3375,0.0053978587974642,0.0755976219224675,0.9521789019322676,0.5138882619273676,0.6909779209516199,0.500864351381447,250,250,0,0.0058619145884206,7.916454324890394,20,measure_weighted_sampling_grand_mean_p20
highdim_local,Local interior,20,10000,7500,2500,0,0,random,Random,6,3375,0.0058619145884206,0.0755976219224675,0.9521789019322676,0.5138882619273676,0.6909779209516199,0.500864351381447,0,500,0,0.0058619145884206,0.0,20,measure_weighted_sampling_grand_mean_p20
highdim_local,Local interior,20,10000,7500,2500,0,0,dopt,D-optimal,6,3375,0.0057284671003556,0.0755976219224675,0.9521789019322676,0.5138882619273676,0.6909779209516199,0.500864351381447,500,0,0,0.0058619145884206,2.2765171012309864,20,measure_weighted_sampling_grand_mean_p20
highdim_local,Local interior,20,10000,7500,2500,0,0,latin,Latin hypercube,6,3375,0.0053494454675537,0.0755976219224675,0.9521789019322676,0.5138882619273676,0.6909779209516199,0.500864351381447,0,0,500,0.0058619145884206,8.742350526211707,20,measure_weighted_sampling_grand_mean_p20
highdim_local,Local interior,20,10000,7500,2500,0,1,measure_weighted,Measure-weighted,6,3375,0.0053047596373467,0.1054690780420058,0.9297825829763078,0.5176258305091568,0.7071567019171564,0.4903481437538483,245,255,0,0.0060001426243642,11.589440960850936,20,measure_weighted_sampling_grand_mean_p20
highdim_local,Local interior,20,10000,7500,2500,0,1,random,Random,6,3375,0.0060001426243642,0.1054690780420058,0.9297825829763078,0.5176258305091568,0.7071567019171564,0.4903481437538483,0,500,0,0.0060001426243642,0.0,20,measure_weighted_sampling_grand_mean_p20
highdim_local,Local interior,20,10000,7500,2500,0,1,dopt,D-optimal,6,3375,0.0056834085794773,0.1054690780420058,0.9297825829763078,0.5176258305091568,0.7071567019171564,0.4903481437538483,500,0,0,0.0060001426243642,5.278775267787784,20,measure_weighted_sampling_grand_mean_p20
highdim_local,Local interior,20,10000,7500,2500,0,1,latin,Latin hypercube,6,3375,0.0056061010867507,0.1054690780420058,0.9297825829763078,0.5176258305091568,0.7071567019171564,0.4903481437538483,0,0,500,0.0060001426243642,6.567202853036712,20,measure_weighted_sampling_grand_mean_p20
highdim_local,Local interior,20,10000,7500,2500,1,0,measure_weighted,Measure-weighted,6,3375,0.0032304260397616,0.0477733843623308,0.83581886753232,0.4417961259473254,0.3789133121463885,0.7037063471048474,352,148,0,0.0031732203500948,-1.8027644901819773,20,measure_weighted_sampling_grand_mean_p20
highdim_local,Local interior,20,10000,7500,2500,1,0,random,Random,6,3375,0.0031732203500948,0.0477733843623308,0.83581886753232,0.4417961259473254,0.3789133121463885,0.7037063471048474,0,500,0,0.0031732203500948,0.0,20,measure_weighted_sampling_grand_mean_p20
highdim_local,Local interior,20,10000,7500,2500,1,0,dopt,D-optimal,6,3375,0.0030457009360773,0.0477733843623308,0.83581886753232,0.4417961259473254,0.3789133121463885,0.7037063471048474,500,0,0,0.0031732203500948,4.018612007631977,20,measure_weighted_sampling_grand_mean_p20
highdim_local,Local interior,20,10000,7500,2500,1,0,latin,Latin hypercube,6,3375,0.003233530203011,0.0477733843623308,0.83581886753232,0.4417961259473254,0.3789133121463885,0.7037063471048474,0,0,500,0.0031732203500948,-1.9005882435621644,20,measure_weighted_sampling_grand_mean_p20
highdim_local,Local interior,20,10000,7500,2500,1,1,measure_weighted,Measure-weighted,6,3375,0.0032899020174453,0.0814465696870392,0.9307231161809396,0.5060848429339894,0.6571993282881146,0.5228204366127255,261,239,0,0.0031884873271017,-3.180652138133789,20,measure_weighted_sampling_grand_mean_p20
highdim_local,Local interior,20,10000,7500,2500,1,1,random,Random,6,3375,0.0031884873271017,0.0814465696870392,0.9307231161809396,0.5060848429339894,0.6571993282881146,0.5228204366127255,0,500,0,0.0031884873271017,0.0,20,measure_weighted_sampling_grand_mean_p20
highdim_local,Local interior,20,10000,7500,2500,1,1,dopt,D-optimal,6,3375,0.0033532787002542,0.0814465696870392,0.9307231161809396,0.5060848429339894,0.6571993282881146,0.5228204366127255,500,0,0,0.0031884873271017,-5.168324545365597,20,measure_weighted_sampling_grand_mean_p20
highdim_local,Local interior,20,10000,7500,2500,1,1,latin,Latin hypercube,6,3375,0.0031145485433004,0.0814465696870392,0.9307231161809396,0.5060848429339894,0.6571993282881146,0.5228204366127255,0,0,500,0.0031884873271017,2.318929831485963,20,measure_weighted_sampling_grand_mean_p20
highdim_local,Local interior,20,10000,7500,2500,2,0,measure_weighted,Measure-weighted,6,3375,0.0033461289818148,0.0655742961050326,0.9444340474493124,0.5050041717771725,0.6525214363486592,0.5258610663733715,263,237,0,0.0037906754838993,11.727369013060333,20,measure_weighted_sampling_grand_mean_p20
highdim_local,Local interior,20,10000,7500,2500,2,0,random,Random,6,3375,0.0037906754838993,0.0655742961050326,0.9444340474493124,0.5050041717771725,0.6525214363486592,0.5258610663733715,0,500,0,0.0037906754838993,0.0,20,measure_weighted_sampling_grand_mean_p20
highdim_local,Local interior,20,10000,7500,2500,2,0,dopt,D-optimal,6,3375,0.0036775975346114,0.0655742961050326,0.9444340474493124,0.5050041717771725,0.6525214363486592,0.5258610663733715,500,0,0,0.0037906754838993,2.9830553886271445,20,measure_weighted_sampling_grand_mean_p20
highdim_local,Local interior,20,10000,7500,2500,2,0,latin,Latin hypercube,6,3375,0.0038227019469651,0.0655742961050326,0.9444340474493124,0.5050041717771725,0.6525214363486592,0.5258610663733715,0,0,500,0.0037906754838993,-0.8448748304064037,20,measure_weighted_sampling_grand_mean_p20
highdim_local,Local interior,20,10000,7500,2500,2,1,measure_weighted,Measure-weighted,6,3375,0.0035255386240001,0.0815613561382602,0.9658336510504472,0.5236975035943537,0.733439100966198,0.4732645843719713,237,263,0,0.0039292563304967,10.27465944034081,20,measure_weighted_sampling_grand_mean_p20
highdim_local,Local interior,20,10000,7500,2500,2,1,random,Random,6,3375,0.0039292563304967,0.0815613561382602,0.9658336510504472,0.5236975035943537,0.733439100966198,0.4732645843719713,0,500,0,0.0039292563304967,0.0,20,measure_weighted_sampling_grand_mean_p20
highdim_local,Local interior,20,10000,7500,2500,2,1,dopt,D-optimal,6,3375,0.0036125449155897,0.0815613561382602,0.9658336510504472,0.5236975035943537,0.733439100966198,0.4732645843719713,500,0,0,0.0039292563304967,8.060339877772149,20,measure_weighted_sampling_grand_mean_p20
highdim_local,Local interior,20,10000,7500,2500,2,1,latin,Latin hypercube,6,3375,0.0035405405213641,0.0815613561382602,0.9658336510504472,0.5236975035943537,0.733439100966198,0.4732645843719713,0,0,500,0.0039292563304967,9.892859524475243,20,measure_weighted_sampling_grand_mean_p20
highdim_local,Local interior,20,10000,7500,2500,3,0,measure_weighted,Measure-weighted,6,3375,0.0027194864636064,0.0446703009511145,0.8624612399932274,0.4535657704721709,0.4298604711463569,0.6705906937548679,335,165,0,0.0028821963645975,5.645344050451571,20,measure_weighted_sampling_grand_mean_p20
highdim_local,Local interior,20,10000,7500,2500,3,0,random,Random,6,3375,0.0028821963645975,0.0446703009511145,0.8624612399932274,0.4535657704721709,0.4298604711463569,0.6705906937548679,0,500,0,0.0028821963645975,0.0,20,measure_weighted_sampling_grand_mean_p20
highdim_local,Local interior,20,10000,7500,2500,3,0,dopt,D-optimal,6,3375,0.0027896470506478,0.0446703009511145,0.8624612399932274,0.4535657704721709,0.4298604711463569,0.6705906937548679,500,0,0,0.0028821963645975,3.2110689988556818,20,measure_weighted_sampling_grand_mean_p20
highdim_local,Local interior,20,10000,7500,2500,3,0,latin,Latin hypercube,6,3375,0.0028286973955733,0.0446703009511145,0.8624612399932274,0.4535657704721709,0.4298604711463569,0.6705906937548679,0,0,500,0.0028821963645975,1.8561875131533,20,measure_weighted_sampling_grand_mean_p20
highdim_local,Local interior,20,10000,7500,2500,3,1,measure_weighted,Measure-weighted,6,3375,0.0027644945096182,0.0852115190211457,0.881810053344252,0.4835107861826989,0.5594832030343315,0.5863359180276845,293,207,0,0.0028126385499513,1.7117037784297413,20,measure_weighted_sampling_grand_mean_p20
highdim_local,Local interior,20,10000,7500,2500,3,1,random,Random,6,3375,0.0028126385499513,0.0852115190211457,0.881810053344252,0.4835107861826989,0.5594832030343315,0.5863359180276845,0,500,0,0.0028126385499513,0.0,20,measure_weighted_sampling_grand_mean_p20
highdim_local,Local interior,20,10000,7500,2500,3,1,dopt,D-optimal,6,3375,0.0030528568617549,0.0852115190211457,0.881810053344252,0.4835107861826989,0.5594832030343315,0.5863359180276845,500,0,0,0.0028126385499513,-8.540674798323723,20,measure_weighted_sampling_grand_mean_p20
highdim_local,Local interior,20,10000,7500,2500,3,1,latin,Latin hypercube,6,3375,0.0027045315809873,0.0852115190211457,0.881810053344252,0.4835107861826989,0.5594832030343315,0.5863359180276845,0,0,500,0.0028126385499513,3.843613996041496,20,measure_weighted_sampling_grand_mean_p20
highdim_local,Local interior,20,10000,7500,2500,4,0,measure_weighted,Measure-weighted,6,3375,0.0045509639000271,0.1477523683134358,0.9575539939408452,0.5526531811271405,0.8587792931955007,0.3917934594229245,196,304,0,0.0048771490589125,6.6880293168276985,20,measure_weighted_sampling_grand_mean_p20
highdim_local,Local interior,20,10000,7500,2500,4,0,random,Random,6,3375,0.0048771490589125,0.1477523683134358,0.9575539939408452,0.5526531811271405,0.8587792931955007,0.3917934594229245,0,500,0,0.0048771490589125,0.0,20,measure_weighted_sampling_grand_mean_p20
highdim_local,Local interior,20,10000,7500,2500,4,0,dopt,D-optimal,6,3375,0.0049977486482642,0.1477523683134358,0.9575539939408452,0.5526531811271405,0.8587792931955007,0.3917934594229245,500,0,0,0.0048771490589125,-2.47274766251579,20,measure_weighted_sampling_grand_mean_p20
highdim_local,Local interior,20,10000,7500,2500,4,0,latin,Latin hypercube,6,3375,0.0051197491946549,0.1477523683134358,0.9575539939408452,0.5526531811271405,0.8587792931955007,0.3917934594229245,0,0,500,0.0048771490589125,-4.974220242439243,20,measure_weighted_sampling_grand_mean_p20
highdim_local,Local interior,20,10000,7500,2500,4,1,measure_weighted,Measure-weighted,6,3375,0.0048035401553326,0.0939118036811876,0.8341121039696315,0.4640119538254095,0.4750787751585807,0.6411987961469224,321,179,0,0.0052027039270427,7.672236923484185,20,measure_weighted_sampling_grand_mean_p20
highdim_local,Local interior,20,10000,7500,2500,4,1,random,Random,6,3375,0.0052027039270427,0.0939118036811876,0.8341121039696315,0.4640119538254095,0.4750787751585807,0.6411987961469224,0,500,0,0.0052027039270427,0.0,20,measure_weighted_sampling_grand_mean_p20
highdim_local,Local interior,20,10000,7500,2500,4,1,dopt,D-optimal,6,3375,0.0047710333842595,0.0939118036811876,0.8341121039696315,0.4640119538254095,0.4750787751585807,0.6411987961469224,500,0,0,0.0052027039270427,8.297042246426473,20,measure_weighted_sampling_grand_mean_p20
highdim_local,Local interior,20,10000,7500,2500,4,1,latin,Latin hypercube,6,3375,0.0049052959914735,0.0939118036811876,0.8341121039696315,0.4640119538254095,0.4750787751585807,0.6411987961469224,0,0,500,0.0052027039270427,5.716410922853616,20,measure_weighted_sampling_grand_mean_p20
highdim_highfreq,High-frequency,20,10000,7500,2500,0,0,measure_weighted,Measure-weighted,6,3375,0.0095627047905282,0.2024971898091613,0.9519465925929026,0.577221891201032,0.9651296571267431,0.3226657228676169,161,339,0,0.0095595172317699,-0.0333443486837677,20,measure_weighted_sampling_grand_mean_p20
highdim_highfreq,High-frequency,20,10000,7500,2500,0,0,random,Random,6,3375,0.0095595172317699,0.2024971898091613,0.9519465925929026,0.577221891201032,0.9651296571267431,0.3226657228676169,0,500,0,0.0095595172317699,0.0,20,measure_weighted_sampling_grand_mean_p20
highdim_highfreq,High-frequency,20,10000,7500,2500,0,0,dopt,D-optimal,6,3375,0.0105196375660357,0.2024971898091613,0.9519465925929026,0.577221891201032,0.9651296571267431,0.3226657228676169,500,0,0,0.0095595172317699,-10.0436069205974,20,measure_weighted_sampling_grand_mean_p20
highdim_highfreq,High-frequency,20,10000,7500,2500,0,0,latin,Latin hypercube,6,3375,0.0089407563137603,0.2024971898091613,0.9519465925929026,0.577221891201032,0.9651296571267431,0.3226657228676169,0,0,500,0.0095595172317699,6.4727214043122245,20,measure_weighted_sampling_grand_mean_p20
highdim_highfreq,High-frequency,20,10000,7500,2500,0,1,measure_weighted,Measure-weighted,6,3375,0.0100309959823759,0.2614873948519208,0.9557581253141988,0.6086227600830597,1.0,0.3,150,350,0,0.0089034792574035,-12.663776624569657,20,measure_weighted_sampling_grand_mean_p20
highdim_highfreq,High-frequency,20,10000,7500,2500,0,1,random,Random,6,3375,0.0089034792574035,0.2614873948519208,0.9557581253141988,0.6086227600830597,1.0,0.3,0,500,0,0.0089034792574035,0.0,20,measure_weighted_sampling_grand_mean_p20
highdim_highfreq,High-frequency,20,10000,7500,2500,0,1,dopt,D-optimal,6,3375,0.0112833697047166,0.2614873948519208,0.9557581253141988,0.6086227600830597,1.0,0.3,500,0,0,0.0089034792574035,-26.72989264656509,20,measure_weighted_sampling_grand_mean_p20
highdim_highfreq,High-frequency,20,10000,7500,2500,0,1,latin,Latin hypercube,6,3375,0.0093561031288498,0.2614873948519208,0.9557581253141988,0.6086227600830597,1.0,0.3,0,0,500,0.0089034792574035,-5.083674127391808,20,measure_weighted_sampling_grand_mean_p20
highdim_highfreq,High-frequency,20,10000,7500,2500,1,0,measure_weighted,Measure-weighted,6,3375,0.0120260307052769,0.2415454397211249,0.938538898893596,0.5900421693073604,1.0,0.3,150,350,0,0.0113138516110923,-6.294753711338082,20,measure_weighted_sampling_grand_mean_p20
highdim_highfreq,High-frequency,20,10000,7500,2500,1,0,random,Random,6,3375,0.0113138516110923,0.2415454397211249,0.938538898893596,0.5900421693073604,1.0,0.3,0,500,0,0.0113138516110923,0.0,20,measure_weighted_sampling_grand_mean_p20
highdim_highfreq,High-frequency,20,10000,7500,2500,1,0,dopt,D-optimal,6,3375,0.0130248059023271,0.2415454397211249,0.938538898893596,0.5900421693073604,1.0,0.3,500,0,0,0.0113138516110923,-15.122650977296525,20,measure_weighted_sampling_grand_mean_p20
highdim_highfreq,High-frequency,20,10000,7500,2500,1,0,latin,Latin hypercube,6,3375,0.0115746523994716,0.2415454397211249,0.938538898893596,0.5900421693073604,1.0,0.3,0,0,500,0.0113138516110923,-2.305145916211304,20,measure_weighted_sampling_grand_mean_p20
highdim_highfreq,High-frequency,20,10000,7500,2500,1,1,measure_weighted,Measure-weighted,6,3375,0.0122958571769714,0.1390055556361093,0.9148514487048504,0.5269285021704799,0.7474250967062633,0.4641736871409287,232,268,0,0.0135485287487184,9.245812552639492,20,measure_weighted_sampling_grand_mean_p20
highdim_highfreq,High-frequency,20,10000,7500,2500,1,1,random,Random,6,3375,0.0135485287487184,0.1390055556361093,0.9148514487048504,0.5269285021704799,0.7474250967062633,0.4641736871409287,0,500,0,0.0135485287487184,0.0,20,measure_weighted_sampling_grand_mean_p20
highdim_highfreq,High-frequency,20,10000,7500,2500,1,1,dopt,D-optimal,6,3375,0.0129922439207261,0.1390055556361093,0.9148514487048504,0.5269285021704799,0.7474250967062633,0.4641736871409287,500,0,0,0.0135485287487184,4.105868897720231,20,measure_weighted_sampling_grand_mean_p20
highdim_highfreq,High-frequency,20,10000,7500,2500,1,1,latin,Latin hypercube,6,3375,0.0119518768679116,0.1390055556361093,0.9148514487048504,0.5269285021704799,0.7474250967062633,0.4641736871409287,0,0,500,0.0135485287487184,11.784688289183428,20,measure_weighted_sampling_grand_mean_p20
highdim_highfreq,High-frequency,20,10000,7500,2500,2,0,measure_weighted,Measure-weighted,6,3375,0.0116092745475421,0.2646847465275961,0.9419773475477652,0.6033310470376806,1.0,0.3,150,350,0,0.0086108383581307,-34.82165225619524,20,measure_weighted_sampling_grand_mean_p20
highdim_highfreq,High-frequency,20,10000,7500,2500,2,0,random,Random,6,3375,0.0086108383581307,0.2646847465275961,0.9419773475477652,0.6033310470376806,1.0,0.3,0,500,0,0.0086108383581307,0.0,20,measure_weighted_sampling_grand_mean_p20
highdim_highfreq,High-frequency,20,10000,7500,2500,2,0,dopt,D-optimal,6,3375,0.0110671788411965,0.2646847465275961,0.9419773475477652,0.6033310470376806,1.0,0.3,500,0,0,0.0086108383581307,-28.52614787207542,20,measure_weighted_sampling_grand_mean_p20
highdim_highfreq,High-frequency,20,10000,7500,2500,2,0,latin,Latin hypercube,6,3375,0.0099066116764448,0.2646847465275961,0.9419773475477652,0.6033310470376806,1.0,0.3,0,0,500,0.0086108383581307,-15.048166791919218,20,measure_weighted_sampling_grand_mean_p20
highdim_highfreq,High-frequency,20,10000,7500,2500,2,1,measure_weighted,Measure-weighted,6,3375,0.0109524817171056,0.2136593411008718,0.955836893996662,0.5847481175487669,0.997708368369752,0.3014895605596611,151,349,0,0.0081422302956436,-34.514516531982906,20,measure_weighted_sampling_grand_mean_p20
highdim_highfreq,High-frequency,20,10000,7500,2500,2,1,random,Random,6,3375,0.0081422302956436,0.2136593411008718,0.955836893996662,0.5847481175487669,0.997708368369752,0.3014895605596611,0,500,0,0.0081422302956436,0.0,20,measure_weighted_sampling_grand_mean_p20
highdim_highfreq,High-frequency,20,10000,7500,2500,2,1,dopt,D-optimal,6,3375,0.0092080835792733,0.2136593411008718,0.955836893996662,0.5847481175487669,0.997708368369752,0.3014895605596611,500,0,0,0.0081422302956436,-13.090434007988438,20,measure_weighted_sampling_grand_mean_p20
highdim_highfreq,High-frequency,20,10000,7500,2500,2,1,latin,Latin hypercube,6,3375,0.0087684747953877,0.2136593411008718,0.955836893996662,0.5847481175487669,0.997708368369752,0.3014895605596611,0,0,500,0.0081422302956436,-7.691314013547474,20,measure_weighted_sampling_grand_mean_p20
highdim_highfreq,High-frequency,20,10000,7500,2500,3,0,measure_weighted,Measure-weighted,6,3375,0.0097750530662104,0.2053376401483425,0.947114012098516,0.5762258261234292,0.9608179987945126,0.3254683007835668,163,337,0,0.0105353721376765,7.216822163756702,20,measure_weighted_sampling_grand_mean_p20
highdim_highfreq,High-frequency,20,10000,7500,2500,3,0,random,Random,6,3375,0.0105353721376765,0.2053376401483425,0.947114012098516,0.5762258261234292,0.9608179987945126,0.3254683007835668,0,500,0,0.0105353721376765,0.0,20,measure_weighted_sampling_grand_mean_p20
highdim_highfreq,High-frequency,20,10000,7500,2500,3,0,dopt,D-optimal,6,3375,0.0094849420961081,0.2053376401483425,0.947114012098516,0.5762258261234292,0.9608179987945126,0.3254683007835668,500,0,0,0.0105353721376765,9.97050723829496,20,measure_weighted_sampling_grand_mean_p20
highdim_highfreq,High-frequency,20,10000,7500,2500,3,0,latin,Latin hypercube,6,3375,0.007318549693652,0.2053376401483425,0.947114012098516,0.5762258261234292,0.9608179987945126,0.3254683007835668,0,0,500,0.0105353721376765,30.53354358998353,20,measure_weighted_sampling_grand_mean_p20
highdim_highfreq,High-frequency,20,10000,7500,2500,3,1,measure_weighted,Measure-weighted,6,3375,0.0088050522999922,0.24139349690943,0.9500538027580856,0.5957236498337578,1.0,0.3,150,350,0,0.0090016481449734,2.183998328027779,20,measure_weighted_sampling_grand_mean_p20
highdim_highfreq,High-frequency,20,10000,7500,2500,3,1,random,Random,6,3375,0.0090016481449734,0.24139349690943,0.9500538027580856,0.5957236498337578,1.0,0.3,0,500,0,0.0090016481449734,0.0,20,measure_weighted_sampling_grand_mean_p20
highdim_highfreq,High-frequency,20,10000,7500,2500,3,1,dopt,D-optimal,6,3375,0.0080363624774528,0.24139349690943,0.9500538027580856,0.5957236498337578,1.0,0.3,500,0,0,0.0090016481449734,10.723432553400311,20,measure_weighted_sampling_grand_mean_p20
highdim_highfreq,High-frequency,20,10000,7500,2500,3,1,latin,Latin hypercube,6,3375,0.0083373221081185,0.24139349690943,0.9500538027580856,0.5957236498337578,1.0,0.3,0,0,500,0.0090016481449734,7.380048921662237,20,measure_weighted_sampling_grand_mean_p20
highdim_highfreq,High-frequency,20,10000,7500,2500,4,0,measure_weighted,Measure-weighted,6,3375,0.0072497262414108,0.2144898613345727,0.9467012089772576,0.5805955351559152,0.9797331206906502,0.3131734715510773,157,343,0,0.0073577978376799,1.46880355580904,20,measure_weighted_sampling_grand_mean_p20
highdim_highfreq,High-frequency,20,10000,7500,2500,4,0,random,Random,6,3375,0.0073577978376799,0.2144898613345727,0.9467012089772576,0.5805955351559152,0.9797331206906502,0.3131734715510773,0,500,0,0.0073577978376799,0.0,20,measure_weighted_sampling_grand_mean_p20
highdim_highfreq,High-frequency,20,10000,7500,2500,4,0,dopt,D-optimal,6,3375,0.0060668615469182,0.2144898613345727,0.9467012089772576,0.5805955351559152,0.9797331206906502,0.3131734715510773,500,0,0,0.0073577978376799,17.54514488221944,20,measure_weighted_sampling_grand_mean_p20
highdim_highfreq,High-frequency,20,10000,7500,2500,4,0,latin,Latin hypercube,6,3375,0.0071358414012389,0.2144898613345727,0.9467012089772576,0.5805955351559152,0.9797331206906502,0.3131734715510773,0,0,500,0.0073577978376799,3.016615043490119,20,measure_weighted_sampling_grand_mean_p20
highdim_highfreq,High-frequency,20,10000,7500,2500,4,1,measure_weighted,Measure-weighted,6,3375,0.0087478968476758,0.3117272746801186,0.929555141284542,0.6206412079823304,1.0,0.3,150,350,0,0.0068863949275216,-27.031588222084817,20,measure_weighted_sampling_grand_mean_p20
highdim_highfreq,High-frequency,20,10000,7500,2500,4,1,random,Random,6,3375,0.0068863949275216,0.3117272746801186,0.929555141284542,0.6206412079823304,1.0,0.3,0,500,0,0.0068863949275216,0.0,20,measure_weighted_sampling_grand_mean_p20
highdim_highfreq,High-frequency,20,10000,7500,2500,4,1,dopt,D-optimal,6,3375,0.0082268034062192,0.3117272746801186,0.929555141284542,0.6206412079823304,1.0,0.3,500,0,0,0.0068863949275216,-19.46458913270517,20,measure_weighted_sampling_grand_mean_p20
highdim_highfreq,High-frequency,20,10000,7500,2500,4,1,latin,Latin hypercube,6,3375,0.0069677564951799,0.3117272746801186,0.929555141284542,0.6206412079823304,1.0,0.3,0,0,500,0.0068863949275216,-1.1814827426342216,20,measure_weighted_sampling_grand_mean_p20
highdim_poly2,Quadratic,50,10000,7500,2500,0,0,measure_weighted,Measure-weighted,6,3375,0.0522791170795998,0.0044242189143744,0.4491443683924185,0.2267842936533964,0.2268338280225675,0.802558011785331,401,99,0,0.0465019099895918,-12.423590969276542,50,measure_weighted_sampling_grand_mean_p50
highdim_poly2,Quadratic,50,10000,7500,2500,0,0,random,Random,6,3375,0.0465019099895918,0.0044242189143744,0.4491443683924185,0.2267842936533964,0.2268338280225675,0.802558011785331,0,500,0,0.0465019099895918,0.0,50,measure_weighted_sampling_grand_mean_p50
highdim_poly2,Quadratic,50,10000,7500,2500,0,0,dopt,D-optimal,6,3375,0.0549766675410309,0.0044242189143744,0.4491443683924185,0.2267842936533964,0.2268338280225675,0.802558011785331,500,0,0,0.0465019099895918,-18.22453648320253,50,measure_weighted_sampling_grand_mean_p50
highdim_poly2,Quadratic,50,10000,7500,2500,0,0,latin,Latin hypercube,6,3375,0.0490683541018742,0.0044242189143744,0.4491443683924185,0.2267842936533964,0.2268338280225675,0.802558011785331,0,0,500,0.0465019099895918,-5.519007956569557,50,measure_weighted_sampling_grand_mean_p50
highdim_poly2,Quadratic,50,10000,7500,2500,0,1,measure_weighted,Measure-weighted,6,3375,0.0514567842972074,0.0042794918270253,0.8345539955609917,0.4194167436940085,0.8213229837823673,0.4161400605414612,208,292,0,0.0560827394213802,8.248447154864156,50,measure_weighted_sampling_grand_mean_p50
highdim_poly2,Quadratic,50,10000,7500,2500,0,1,random,Random,6,3375,0.0560827394213802,0.0042794918270253,0.8345539955609917,0.4194167436940085,0.8213229837823673,0.4161400605414612,0,500,0,0.0560827394213802,0.0,50,measure_weighted_sampling_grand_mean_p50
highdim_poly2,Quadratic,50,10000,7500,2500,0,1,dopt,D-optimal,6,3375,0.0472343710165038,0.0042794918270253,0.8345539955609917,0.4194167436940085,0.8213229837823673,0.4161400605414612,500,0,0,0.0560827394213802,15.777346998679528,50,measure_weighted_sampling_grand_mean_p50
highdim_poly2,Quadratic,50,10000,7500,2500,0,1,latin,Latin hypercube,6,3375,0.049995572289309,0.0042794918270253,0.8345539955609917,0.4194167436940085,0.8213229837823673,0.4161400605414612,0,0,500,0.0560827394213802,10.853904775112628,50,measure_weighted_sampling_grand_mean_p50
highdim_poly2,Quadratic,50,10000,7500,2500,1,0,measure_weighted,Measure-weighted,6,3375,0.0487849193297047,0.0036541101963659,0.761074254174614,0.38236418218549,0.7069738904427286,0.4904669712122264,245,255,0,0.0441573657707406,-10.479686634818105,50,measure_weighted_sampling_grand_mean_p50
highdim_poly2,Quadratic,50,10000,7500,2500,1,0,random,Random,6,3375,0.0441573657707406,0.0036541101963659,0.761074254174614,0.38236418218549,0.7069738904427286,0.4904669712122264,0,500,0,0.0441573657707406,0.0,50,measure_weighted_sampling_grand_mean_p50
highdim_poly2,Quadratic,50,10000,7500,2500,1,0,dopt,D-optimal,6,3375,0.0444323813892179,0.0036541101963659,0.761074254174614,0.38236418218549,0.7069738904427286,0.4904669712122264,500,0,0,0.0441573657707406,-0.6228080268763154,50,measure_weighted_sampling_grand_mean_p50
highdim_poly2,Quadratic,50,10000,7500,2500,1,0,latin,Latin hypercube,6,3375,0.0486677335770879,0.0036541101963659,0.761074254174614,0.38236418218549,0.7069738904427286,0.4904669712122264,0,0,500,0.0441573657707406,-10.214304516633804,50,measure_weighted_sampling_grand_mean_p50
highdim_poly2,Quadratic,50,10000,7500,2500,1,1,measure_weighted,Measure-weighted,6,3375,0.0497245351425021,0.0029721985131485,0.471281665751768,0.2371269321324582,0.2587525749234659,0.7818108262997471,391,109,0,0.0460817288725698,-7.905098960166604,50,measure_weighted_sampling_grand_mean_p50
highdim_poly2,Quadratic,50,10000,7500,2500,1,1,random,Random,6,3375,0.0460817288725698,0.0029721985131485,0.471281665751768,0.2371269321324582,0.2587525749234659,0.7818108262997471,0,500,0,0.0460817288725698,0.0,50,measure_weighted_sampling_grand_mean_p50
highdim_poly2,Quadratic,50,10000,7500,2500,1,1,dopt,D-optimal,6,3375,0.0467885779954835,0.0029721985131485,0.471281665751768,0.2371269321324582,0.2587525749234659,0.7818108262997471,500,0,0,0.0460817288725698,-1.5339032197953746,50,measure_weighted_sampling_grand_mean_p50
highdim_poly2,Quadratic,50,10000,7500,2500,1,1,latin,Latin hypercube,6,3375,0.048559691026087,0.0029721985131485,0.471281665751768,0.2371269321324582,0.2587525749234659,0.7818108262997471,0,0,500,0.0460817288725698,-5.377320283207159,50,measure_weighted_sampling_grand_mean_p50
highdim_poly2,Quadratic,50,10000,7500,2500,2,0,measure_weighted,Measure-weighted,6,3375,0.0430191782385665,0.0037480201299355,0.924691165080354,0.4642195926051448,0.9595904865795334,0.3262661837233033,163,337,0,0.0440834961145633,2.4143227506975427,50,measure_weighted_sampling_grand_mean_p50
highdim_poly2,Quadratic,50,10000,7500,2500,2,0,random,Random,6,3375,0.0440834961145633,0.0037480201299355,0.924691165080354,0.4642195926051448,0.9595904865795334,0.3262661837233033,0,500,0,0.0440834961145633,0.0,50,measure_weighted_sampling_grand_mean_p50
highdim_poly2,Quadratic,50,10000,7500,2500,2,0,dopt,D-optimal,6,3375,0.0437497430168601,0.0037480201299355,0.924691165080354,0.4642195926051448,0.9595904865795334,0.3262661837233033,500,0,0,0.0440834961145633,0.7570930781802524,50,measure_weighted_sampling_grand_mean_p50
highdim_poly2,Quadratic,50,10000,7500,2500,2,0,latin,Latin hypercube,6,3375,0.0430166865751585,0.0037480201299355,0.924691165080354,0.4642195926051448,0.9595904865795334,0.3262661837233033,0,0,500,0.0440834961145633,2.4199748963475947,50,measure_weighted_sampling_grand_mean_p50
highdim_poly2,Quadratic,50,10000,7500,2500,2,1,measure_weighted,Measure-weighted,6,3375,0.0440021605975596,0.0037232614794855,0.8480511917903429,0.4258872266349142,0.8412917478202345,0.4031603639168475,202,298,0,0.042933014142645,-2.490266468043401,50,measure_weighted_sampling_grand_mean_p50
highdim_poly2,Quadratic,50,10000,7500,2500,2,1,random,Random,6,3375,0.042933014142645,0.0037232614794855,0.8480511917903429,0.4258872266349142,0.8412917478202345,0.4031603639168475,0,500,0,0.042933014142645,0.0,50,measure_weighted_sampling_grand_mean_p50
highdim_poly2,Quadratic,50,10000,7500,2500,2,1,dopt,D-optimal,6,3375,0.0408466214229348,0.0037232614794855,0.8480511917903429,0.4258872266349142,0.8412917478202345,0.4031603639168475,500,0,0,0.042933014142645,4.85964650135693,50,measure_weighted_sampling_grand_mean_p50
highdim_poly2,Quadratic,50,10000,7500,2500,2,1,latin,Latin hypercube,6,3375,0.0398381775909195,0.0037232614794855,0.8480511917903429,0.4258872266349142,0.8412917478202345,0.4031603639168475,0,0,500,0.042933014142645,7.208523821418382,50,measure_weighted_sampling_grand_mean_p50
highdim_poly2,Quadratic,50,10000,7500,2500,3,0,measure_weighted,Measure-weighted,6,3375,0.0528799408549724,0.0041673856003653,0.9310486695622544,0.4676080275813098,0.9700476439686578,0.3194690314203724,160,340,0,0.0449303090088773,-17.69324988288962,50,measure_weighted_sampling_grand_mean_p50
highdim_poly2,Quadratic,50,10000,7500,2500,3,0,random,Random,6,3375,0.0449303090088773,0.0041673856003653,0.9310486695622544,0.4676080275813098,0.9700476439686578,0.3194690314203724,0,500,0,0.0449303090088773,0.0,50,measure_weighted_sampling_grand_mean_p50
highdim_poly2,Quadratic,50,10000,7500,2500,3,0,dopt,D-optimal,6,3375,0.049349011207264,0.0041673856003653,0.9310486695622544,0.4676080275813098,0.9700476439686578,0.3194690314203724,500,0,0,0.0449303090088773,-9.834568904286064,50,measure_weighted_sampling_grand_mean_p50
highdim_poly2,Quadratic,50,10000,7500,2500,3,0,latin,Latin hypercube,6,3375,0.0467874349343703,0.0041673856003653,0.9310486695622544,0.4676080275813098,0.9700476439686578,0.3194690314203724,0,0,500,0.0449303090088773,-4.133347770045602,50,measure_weighted_sampling_grand_mean_p50
highdim_poly2,Quadratic,50,10000,7500,2500,3,1,measure_weighted,Measure-weighted,6,3375,0.0467727567532563,0.0028979726841131,0.8054574175233311,0.4041776951037221,0.7742932692710688,0.4467093749738052,223,277,0,0.0493946501078382,5.308051274495898,50,measure_weighted_sampling_grand_mean_p50
highdim_poly2,Quadratic,50,10000,7500,2500,3,1,random,Random,6,3375,0.0493946501078382,0.0028979726841131,0.8054574175233311,0.4041776951037221,0.7742932692710688,0.4467093749738052,0,500,0,0.0493946501078382,0.0,50,measure_weighted_sampling_grand_mean_p50
highdim_poly2,Quadratic,50,10000,7500,2500,3,1,dopt,D-optimal,6,3375,0.0481917887637481,0.0028979726841131,0.8054574175233311,0.4041776951037221,0.7742932692710688,0.4467093749738052,500,0,0,0.0493946501078382,2.435205718562621,50,measure_weighted_sampling_grand_mean_p50
highdim_poly2,Quadratic,50,10000,7500,2500,3,1,latin,Latin hypercube,6,3375,0.0445845656100521,0.0028979726841131,0.8054574175233311,0.4041776951037221,0.7742932692710688,0.4467093749738052,0,0,500,0.0493946501078382,9.738067760951443,50,measure_weighted_sampling_grand_mean_p50
highdim_poly2,Quadratic,50,10000,7500,2500,4,0,measure_weighted,Measure-weighted,6,3375,0.0489014690017623,0.0046233198902659,0.3930473054550069,0.1988353126726364,0.1405795852711734,0.8586232695737372,429,71,0,0.0415599269870177,-17.66495407231581,50,measure_weighted_sampling_grand_mean_p50
highdim_poly2,Quadratic,50,10000,7500,2500,4,0,random,Random,6,3375,0.0415599269870177,0.0046233198902659,0.3930473054550069,0.1988353126726364,0.1405795852711734,0.8586232695737372,0,500,0,0.0415599269870177,0.0,50,measure_weighted_sampling_grand_mean_p50
highdim_poly2,Quadratic,50,10000,7500,2500,4,0,dopt,D-optimal,6,3375,0.0462760689584669,0.0046233198902659,0.3930473054550069,0.1988353126726364,0.1405795852711734,0.8586232695737372,500,0,0,0.0415599269870177,-11.347811012570943,50,measure_weighted_sampling_grand_mean_p50
highdim_poly2,Quadratic,50,10000,7500,2500,4,0,latin,Latin hypercube,6,3375,0.0474950033554775,0.0046233198902659,0.3930473054550069,0.1988353126726364,0.1405795852711734,0.8586232695737372,0,0,500,0.0415599269870177,-14.280767072362158,50,measure_weighted_sampling_grand_mean_p50
highdim_poly2,Quadratic,50,10000,7500,2500,4,1,measure_weighted,Measure-weighted,6,3375,0.0537483476516468,0.0036191274543113,0.313583388379083,0.1586012579166972,0.0164119840201425,0.9393322103869072,470,30,0,0.0420651239924361,-27.774133415870743,50,measure_weighted_sampling_grand_mean_p50
highdim_poly2,Quadratic,50,10000,7500,2500,4,1,random,Random,6,3375,0.0420651239924361,0.0036191274543113,0.313583388379083,0.1586012579166972,0.0164119840201425,0.9393322103869072,0,500,0,0.0420651239924361,0.0,50,measure_weighted_sampling_grand_mean_p50
highdim_poly2,Quadratic,50,10000,7500,2500,4,1,dopt,D-optimal,6,3375,0.0471198776169693,0.0036191274543113,0.313583388379083,0.1586012579166972,0.0164119840201425,0.9393322103869072,500,0,0,0.0420651239924361,-12.016495245424812,50,measure_weighted_sampling_grand_mean_p50
highdim_poly2,Quadratic,50,10000,7500,2500,4,1,latin,Latin hypercube,6,3375,0.0476540588169687,0.0036191274543113,0.313583388379083,0.1586012579166972,0.0164119840201425,0.9393322103869072,0,0,500,0.0420651239924361,-13.28638618903768,50,measure_weighted_sampling_grand_mean_p50
highdim_smooth,Smooth,50,10000,7500,2500,0,0,measure_weighted,Measure-weighted,6,3375,0.0093809561941842,0.0061844857898036,0.2590174120365623,0.1326009489131829,0.0,0.95,475,25,0,0.0089622753018011,-4.67159151313908,50,measure_weighted_sampling_grand_mean_p50
highdim_smooth,Smooth,50,10000,7500,2500,0,0,random,Random,6,3375,0.0089622753018011,0.0061844857898036,0.2590174120365623,0.1326009489131829,0.0,0.95,0,500,0,0.0089622753018011,0.0,50,measure_weighted_sampling_grand_mean_p50
highdim_smooth,Smooth,50,10000,7500,2500,0,0,dopt,D-optimal,6,3375,0.0117900116033627,0.0061844857898036,0.2590174120365623,0.1326009489131829,0.0,0.95,500,0,0,0.0089622753018011,-31.551544739909165,50,measure_weighted_sampling_grand_mean_p50
highdim_smooth,Smooth,50,10000,7500,2500,0,0,latin,Latin hypercube,6,3375,0.0093150319537717,0.0061844857898036,0.2590174120365623,0.1326009489131829,0.0,0.95,0,0,500,0.0089622753018011,-3.936016693212505,50,measure_weighted_sampling_grand_mean_p50
highdim_smooth,Smooth,50,10000,7500,2500,0,1,measure_weighted,Measure-weighted,6,3375,0.0107242767508342,0.0052095694883042,0.8495861568920013,0.4273978631901527,0.8459537715353163,0.4001300485020444,200,300,0,0.0098876563698754,-8.46126068365062,50,measure_weighted_sampling_grand_mean_p50
highdim_smooth,Smooth,50,10000,7500,2500,0,1,random,Random,6,3375,0.0098876563698754,0.0052095694883042,0.8495861568920013,0.4273978631901527,0.8459537715353163,0.4001300485020444,0,500,0,0.0098876563698754,0.0,50,measure_weighted_sampling_grand_mean_p50
highdim_smooth,Smooth,50,10000,7500,2500,0,1,dopt,D-optimal,6,3375,0.0097342897417934,0.0052095694883042,0.8495861568920013,0.4273978631901527,0.8459537715353163,0.4001300485020444,500,0,0,0.0098876563698754,1.5510918092717612,50,measure_weighted_sampling_grand_mean_p50
highdim_smooth,Smooth,50,10000,7500,2500,0,1,latin,Latin hypercube,6,3375,0.0104576080227812,0.0052095694883042,0.8495861568920013,0.4273978631901527,0.8459537715353163,0.4001300485020444,0,0,500,0.0098876563698754,-5.764274481081057,50,measure_weighted_sampling_grand_mean_p50
highdim_smooth,Smooth,50,10000,7500,2500,1,0,measure_weighted,Measure-weighted,6,3375,0.0109138256336499,0.0062483026954803,0.4928463080842939,0.2495473053898871,0.2970834854760431,0.7568957344405719,378,122,0,0.0090768326127926,-20.23826040670037,50,measure_weighted_sampling_grand_mean_p50
highdim_smooth,Smooth,50,10000,7500,2500,1,0,random,Random,6,3375,0.0090768326127926,0.0062483026954803,0.4928463080842939,0.2495473053898871,0.2970834854760431,0.7568957344405719,0,500,0,0.0090768326127926,0.0,50,measure_weighted_sampling_grand_mean_p50
highdim_smooth,Smooth,50,10000,7500,2500,1,0,dopt,D-optimal,6,3375,0.0101189625722784,0.0062483026954803,0.4928463080842939,0.2495473053898871,0.2970834854760431,0.7568957344405719,500,0,0,0.0090768326127926,-11.481207200153602,50,measure_weighted_sampling_grand_mean_p50
highdim_smooth,Smooth,50,10000,7500,2500,1,0,latin,Latin hypercube,6,3375,0.0099596008255471,0.0062483026954803,0.4928463080842939,0.2495473053898871,0.2970834854760431,0.7568957344405719,0,0,500,0.0090768326127926,-9.725509441590392,50,measure_weighted_sampling_grand_mean_p50
highdim_smooth,Smooth,50,10000,7500,2500,1,1,measure_weighted,Measure-weighted,6,3375,0.0111313829155878,0.0036465365397685,0.5774731074773432,0.2905598220085558,0.4236535227417107,0.674625210217888,337,163,0,0.0103754268136668,-7.2860241366185186,50,measure_weighted_sampling_grand_mean_p50
highdim_smooth,Smooth,50,10000,7500,2500,1,1,random,Random,6,3375,0.0103754268136668,0.0036465365397685,0.5774731074773432,0.2905598220085558,0.4236535227417107,0.674625210217888,0,500,0,0.0103754268136668,0.0,50,measure_weighted_sampling_grand_mean_p50
highdim_smooth,Smooth,50,10000,7500,2500,1,1,dopt,D-optimal,6,3375,0.0084102648949171,0.0036465365397685,0.5774731074773432,0.2905598220085558,0.4236535227417107,0.674625210217888,500,0,0,0.0103754268136668,18.940540510209047,50,measure_weighted_sampling_grand_mean_p50
highdim_smooth,Smooth,50,10000,7500,2500,1,1,latin,Latin hypercube,6,3375,0.0099814083177332,0.0036465365397685,0.5774731074773432,0.2905598220085558,0.4236535227417107,0.674625210217888,0,0,500,0.0103754268136668,3.79761240679322,50,measure_weighted_sampling_grand_mean_p50
highdim_smooth,Smooth,50,10000,7500,2500,2,0,measure_weighted,Measure-weighted,6,3375,0.0112047090099289,0.0055090601527008,0.647506361892893,0.3265077110227969,0.5345934510192031,0.6025142568375179,301,199,0,0.0139259442180937,19.540759072043244,50,measure_weighted_sampling_grand_mean_p50
highdim_smooth,Smooth,50,10000,7500,2500,2,0,random,Random,6,3375,0.0139259442180937,0.0055090601527008,0.647506361892893,0.3265077110227969,0.5345934510192031,0.6025142568375179,0,500,0,0.0139259442180937,0.0,50,measure_weighted_sampling_grand_mean_p50
highdim_smooth,Smooth,50,10000,7500,2500,2,0,dopt,D-optimal,6,3375,0.0134835926968151,0.0055090601527008,0.647506361892893,0.3265077110227969,0.5345934510192031,0.6025142568375179,500,0,0,0.0139259442180937,3.176456219779198,50,measure_weighted_sampling_grand_mean_p50
highdim_smooth,Smooth,50,10000,7500,2500,2,0,latin,Latin hypercube,6,3375,0.0135749619925052,0.0055090601527008,0.647506361892893,0.3265077110227969,0.5345934510192031,0.6025142568375179,0,0,500,0.0139259442180937,2.5203477774417102,50,measure_weighted_sampling_grand_mean_p50
highdim_smooth,Smooth,50,10000,7500,2500,2,1,measure_weighted,Measure-weighted,6,3375,0.0123797495408126,0.0055594090220835,0.3262942091496397,0.1659268090858616,0.0390196014237191,0.9246372590745824,462,38,0,0.0118182859201793,-4.75080417266468,50,measure_weighted_sampling_grand_mean_p50
highdim_smooth,Smooth,50,10000,7500,2500,2,1,random,Random,6,3375,0.0118182859201793,0.0055594090220835,0.3262942091496397,0.1659268090858616,0.0390196014237191,0.9246372590745824,0,500,0,0.0118182859201793,0.0,50,measure_weighted_sampling_grand_mean_p50
highdim_smooth,Smooth,50,10000,7500,2500,2,1,dopt,D-optimal,6,3375,0.011974282645317,0.0055594090220835,0.3262942091496397,0.1659268090858616,0.0390196014237191,0.9246372590745824,500,0,0,0.0118182859201793,-1.3199606625809666,50,measure_weighted_sampling_grand_mean_p50
highdim_smooth,Smooth,50,10000,7500,2500,2,1,latin,Latin hypercube,6,3375,0.0124716445944157,0.0055594090220835,0.3262942091496397,0.1659268090858616,0.0390196014237191,0.9246372590745824,0,0,500,0.0118182859201793,-5.528370853854446,50,measure_weighted_sampling_grand_mean_p50
highdim_smooth,Smooth,50,10000,7500,2500,3,0,measure_weighted,Measure-weighted,6,3375,0.0112830405824639,0.0043747900333889,0.2205897231045194,0.1124822565689541,0.0,0.95,475,25,0,0.0107437353728837,-5.019717918047941,50,measure_weighted_sampling_grand_mean_p50
highdim_smooth,Smooth,50,10000,7500,2500,3,0,random,Random,6,3375,0.0107437353728837,0.0043747900333889,0.2205897231045194,0.1124822565689541,0.0,0.95,0,500,0,0.0107437353728837,0.0,50,measure_weighted_sampling_grand_mean_p50
highdim_smooth,Smooth,50,10000,7500,2500,3,0,dopt,D-optimal,6,3375,0.0108779862141755,0.0043747900333889,0.2205897231045194,0.1124822565689541,0.0,0.95,500,0,0,0.0107437353728837,-1.2495732315843424,50,measure_weighted_sampling_grand_mean_p50
highdim_smooth,Smooth,50,10000,7500,2500,3,0,latin,Latin hypercube,6,3375,0.0102952180916893,0.0043747900333889,0.2205897231045194,0.1124822565689541,0.0,0.95,0,0,500,0.0107437353728837,4.174686602262876,50,measure_weighted_sampling_grand_mean_p50
highdim_smooth,Smooth,50,10000,7500,2500,3,1,measure_weighted,Measure-weighted,6,3375,0.0089510541595962,0.0045173022417151,0.1872012870572496,0.0958592946494824,0.0,0.95,475,25,0,0.0122729237860116,27.06665244838906,50,measure_weighted_sampling_grand_mean_p50
highdim_smooth,Smooth,50,10000,7500,2500,3,1,random,Random,6,3375,0.0122729237860116,0.0045173022417151,0.1872012870572496,0.0958592946494824,0.0,0.95,0,500,0,0.0122729237860116,0.0,50,measure_weighted_sampling_grand_mean_p50
highdim_smooth,Smooth,50,10000,7500,2500,3,1,dopt,D-optimal,6,3375,0.0114397201995685,0.0045173022417151,0.1872012870572496,0.0958592946494824,0.0,0.95,500,0,0,0.0122729237860116,6.788957553805002,50,measure_weighted_sampling_grand_mean_p50
highdim_smooth,Smooth,50,10000,7500,2500,3,1,latin,Latin hypercube,6,3375,0.0101895773824157,0.0045173022417151,0.1872012870572496,0.0958592946494824,0.0,0.95,0,0,500,0.0122729237860116,16.975143331130887,50,measure_weighted_sampling_grand_mean_p50
highdim_smooth,Smooth,50,10000,7500,2500,4,0,measure_weighted,Measure-weighted,6,3375,0.0106742956967675,0.0046951638382962,0.8202426823630664,0.4124689231006813,0.7998810927716532,0.4300772896984254,215,285,0,0.010691719139002,0.16296202704132,50,measure_weighted_sampling_grand_mean_p50
highdim_smooth,Smooth,50,10000,7500,2500,4,0,random,Random,6,3375,0.010691719139002,0.0046951638382962,0.8202426823630664,0.4124689231006813,0.7998810927716532,0.4300772896984254,0,500,0,0.010691719139002,0.0,50,measure_weighted_sampling_grand_mean_p50
highdim_smooth,Smooth,50,10000,7500,2500,4,0,dopt,D-optimal,6,3375,0.0109909720223207,0.0046951638382962,0.8202426823630664,0.4124689231006813,0.7998810927716532,0.4300772896984254,500,0,0,0.010691719139002,-2.798922038899436,50,measure_weighted_sampling_grand_mean_p50
highdim_smooth,Smooth,50,10000,7500,2500,4,0,latin,Latin hypercube,6,3375,0.0108106711718302,0.0046951638382962,0.8202426823630664,0.4124689231006813,0.7998810927716532,0.4300772896984254,0,0,500,0.010691719139002,-1.1125622669449524,50,measure_weighted_sampling_grand_mean_p50
highdim_smooth,Smooth,50,10000,7500,2500,4,1,measure_weighted,Measure-weighted,6,3375,0.0119707089633554,0.0047629258670274,0.9523143295463258,0.4785386277066766,1.0,0.3,150,350,0,0.0095440217691704,-25.426253762577367,50,measure_weighted_sampling_grand_mean_p50
highdim_smooth,Smooth,50,10000,7500,2500,4,1,random,Random,6,3375,0.0095440217691704,0.0047629258670274,0.9523143295463258,0.4785386277066766,1.0,0.3,0,500,0,0.0095440217691704,0.0,50,measure_weighted_sampling_grand_mean_p50
highdim_smooth,Smooth,50,10000,7500,2500,4,1,dopt,D-optimal,6,3375,0.0097864011717617,0.0047629258670274,0.9523143295463258,0.4785386277066766,1.0,0.3,500,0,0,0.0095440217691704,-2.539593983054512,50,measure_weighted_sampling_grand_mean_p50
highdim_smooth,Smooth,50,10000,7500,2500,4,1,latin,Latin hypercube,6,3375,0.0102306346865066,0.0047629258670274,0.9523143295463258,0.4785386277066766,1.0,0.3,0,0,500,0.0095440217691704,-7.194167552656159,50,measure_weighted_sampling_grand_mean_p50
highdim_strong,Strong nonlinear,50,10000,7500,2500,0,0,measure_weighted,Measure-weighted,6,3375,0.0049059369615834,0.0070243018125313,0.7458823398806316,0.3764533208465814,0.6887321925022198,0.5023240748735571,251,249,0,0.0050469608519644,2.7942338868368943,50,measure_weighted_sampling_grand_mean_p50
highdim_strong,Strong nonlinear,50,10000,7500,2500,0,0,random,Random,6,3375,0.0050469608519644,0.0070243018125313,0.7458823398806316,0.3764533208465814,0.6887321925022198,0.5023240748735571,0,500,0,0.0050469608519644,0.0,50,measure_weighted_sampling_grand_mean_p50
highdim_strong,Strong nonlinear,50,10000,7500,2500,0,0,dopt,D-optimal,6,3375,0.005299226038332,0.0070243018125313,0.7458823398806316,0.3764533208465814,0.6887321925022198,0.5023240748735571,500,0,0,0.0050469608519644,-4.998358294566092,50,measure_weighted_sampling_grand_mean_p50
highdim_strong,Strong nonlinear,50,10000,7500,2500,0,0,latin,Latin hypercube,6,3375,0.0045301858075471,0.0070243018125313,0.7458823398806316,0.3764533208465814,0.6887321925022198,0.5023240748735571,0,0,500,0.0050469608519644,10.239331343656314,50,measure_weighted_sampling_grand_mean_p50
highdim_strong,Strong nonlinear,50,10000,7500,2500,0,1,measure_weighted,Measure-weighted,6,3375,0.0048925641605433,0.0092986876315408,0.3514932373252466,0.1803959624783937,0.0836733177787361,0.8956123434438215,448,52,0,0.0055854853951475,12.405747855076951,50,measure_weighted_sampling_grand_mean_p50
highdim_strong,Strong nonlinear,50,10000,7500,2500,0,1,random,Random,6,3375,0.0055854853951475,0.0092986876315408,0.3514932373252466,0.1803959624783937,0.0836733177787361,0.8956123434438215,0,500,0,0.0055854853951475,0.0,50,measure_weighted_sampling_grand_mean_p50
highdim_strong,Strong nonlinear,50,10000,7500,2500,0,1,dopt,D-optimal,6,3375,0.004958556658865,0.0092986876315408,0.3514932373252466,0.1803959624783937,0.0836733177787361,0.8956123434438215,500,0,0,0.0055854853951475,11.224248063150938,50,measure_weighted_sampling_grand_mean_p50
highdim_strong,Strong nonlinear,50,10000,7500,2500,0,1,latin,Latin hypercube,6,3375,0.0049342274246307,0.0092986876315408,0.3514932373252466,0.1803959624783937,0.0836733177787361,0.8956123434438215,0,0,500,0.0055854853951475,11.659827650476302,50,measure_weighted_sampling_grand_mean_p50
highdim_strong,Strong nonlinear,50,10000,7500,2500,1,0,measure_weighted,Measure-weighted,6,3375,0.0057748427244821,0.0108560822770324,0.8114547673697896,0.411155424823411,0.7958274637917915,0.4327121485353355,216,284,0,0.0046475690533339,-24.2551247375142,50,measure_weighted_sampling_grand_mean_p50
highdim_strong,Strong nonlinear,50,10000,7500,2500,1,0,random,Random,6,3375,0.0046475690533339,0.0108560822770324,0.8114547673697896,0.411155424823411,0.7958274637917915,0.4327121485353355,0,500,0,0.0046475690533339,0.0,50,measure_weighted_sampling_grand_mean_p50
highdim_strong,Strong nonlinear,50,10000,7500,2500,1,0,dopt,D-optimal,6,3375,0.0051099015114123,0.0108560822770324,0.8114547673697896,0.411155424823411,0.7958274637917915,0.4327121485353355,500,0,0,0.0046475690533339,-9.947834077832846,50,measure_weighted_sampling_grand_mean_p50
highdim_strong,Strong nonlinear,50,10000,7500,2500,1,0,latin,Latin hypercube,6,3375,0.005269541723495,0.0108560822770324,0.8114547673697896,0.411155424823411,0.7958274637917915,0.4327121485353355,0,0,500,0.0046475690533339,-13.382752639573786,50,measure_weighted_sampling_grand_mean_p50
highdim_strong,Strong nonlinear,50,10000,7500,2500,1,1,measure_weighted,Measure-weighted,6,3375,0.0047280972256717,0.0070785592612215,0.3277057465673578,0.1673921529142897,0.0435418458081746,0.9216978002246864,461,39,0,0.0054358453988644,13.020020277628989,50,measure_weighted_sampling_grand_mean_p50
highdim_strong,Strong nonlinear,50,10000,7500,2500,1,1,random,Random,6,3375,0.0054358453988644,0.0070785592612215,0.3277057465673578,0.1673921529142897,0.0435418458081746,0.9216978002246864,0,500,0,0.0054358453988644,0.0,50,measure_weighted_sampling_grand_mean_p50
highdim_strong,Strong nonlinear,50,10000,7500,2500,1,1,dopt,D-optimal,6,3375,0.0049536984309242,0.0070785592612215,0.3277057465673578,0.1673921529142897,0.0435418458081746,0.9216978002246864,500,0,0,0.0054358453988644,8.869769696557686,50,measure_weighted_sampling_grand_mean_p50
highdim_strong,Strong nonlinear,50,10000,7500,2500,1,1,latin,Latin hypercube,6,3375,0.0046905341487546,0.0070785592612215,0.3277057465673578,0.1673921529142897,0.0435418458081746,0.9216978002246864,0,0,500,0.0054358453988644,13.711045760527956,50,measure_weighted_sampling_grand_mean_p50
highdim_strong,Strong nonlinear,50,10000,7500,2500,2,0,measure_weighted,Measure-weighted,6,3375,0.0047126499061626,0.0064569869308728,0.3071282174121456,0.1567926021715092,0.0108302337657578,0.9429603480522571,471,29,0,0.0047601208163109,0.9972627162241005,50,measure_weighted_sampling_grand_mean_p50
highdim_strong,Strong nonlinear,50,10000,7500,2500,2,0,random,Random,6,3375,0.0047601208163109,0.0064569869308728,0.3071282174121456,0.1567926021715092,0.0108302337657578,0.9429603480522571,0,500,0,0.0047601208163109,0.0,50,measure_weighted_sampling_grand_mean_p50
highdim_strong,Strong nonlinear,50,10000,7500,2500,2,0,dopt,D-optimal,6,3375,0.0042940303456402,0.0064569869308728,0.3071282174121456,0.1567926021715092,0.0108302337657578,0.9429603480522571,500,0,0,0.0047601208163109,9.79156808527982,50,measure_weighted_sampling_grand_mean_p50
highdim_strong,Strong nonlinear,50,10000,7500,2500,2,0,latin,Latin hypercube,6,3375,0.0050629981590889,0.0064569869308728,0.3071282174121456,0.1567926021715092,0.0108302337657578,0.9429603480522571,0,0,500,0.0047601208163109,-6.362807887988355,50,measure_weighted_sampling_grand_mean_p50
highdim_strong,Strong nonlinear,50,10000,7500,2500,2,1,measure_weighted,Measure-weighted,6,3375,0.0044111041129887,0.0096714104490655,0.4664338596637336,0.2380526350563996,0.2616094162792304,0.7799538794185001,390,110,0,0.0047812040411321,7.740726498167396,50,measure_weighted_sampling_grand_mean_p50
highdim_strong,Strong nonlinear,50,10000,7500,2500,2,1,random,Random,6,3375,0.0047812040411321,0.0096714104490655,0.4664338596637336,0.2380526350563996,0.2616094162792304,0.7799538794185001,0,500,0,0.0047812040411321,0.0,50,measure_weighted_sampling_grand_mean_p50
highdim_strong,Strong nonlinear,50,10000,7500,2500,2,1,dopt,D-optimal,6,3375,0.0043260535111872,0.0096714104490655,0.4664338596637336,0.2380526350563996,0.2616094162792304,0.7799538794185001,500,0,0,0.0047812040411321,9.519579713168907,50,measure_weighted_sampling_grand_mean_p50
highdim_strong,Strong nonlinear,50,10000,7500,2500,2,1,latin,Latin hypercube,6,3375,0.0049948530231988,0.0096714104490655,0.4664338596637336,0.2380526350563996,0.2616094162792304,0.7799538794185001,0,0,500,0.0047812040411321,-4.468518394711831,50,measure_weighted_sampling_grand_mean_p50
highdim_strong,Strong nonlinear,50,10000,7500,2500,3,0,measure_weighted,Measure-weighted,6,3375,0.0061619466048455,0.0069910941670436,0.3978963493955724,0.202443721781308,0.1517156118554685,0.8513848522939453,426,74,0,0.0049013000262761,-25.72065720953732,50,measure_weighted_sampling_grand_mean_p50
highdim_strong,Strong nonlinear,50,10000,7500,2500,3,0,random,Random,6,3375,0.0049013000262761,0.0069910941670436,0.3978963493955724,0.202443721781308,0.1517156118554685,0.8513848522939453,0,500,0,0.0049013000262761,0.0,50,measure_weighted_sampling_grand_mean_p50
highdim_strong,Strong nonlinear,50,10000,7500,2500,3,0,dopt,D-optimal,6,3375,0.0056391430497262,0.0069910941670436,0.3978963493955724,0.202443721781308,0.1517156118554685,0.8513848522939453,500,0,0,0.0049013000262761,-15.0540268805103,50,measure_weighted_sampling_grand_mean_p50
highdim_strong,Strong nonlinear,50,10000,7500,2500,3,0,latin,Latin hypercube,6,3375,0.0042576794725053,0.0069910941670436,0.3978963493955724,0.202443721781308,0.1517156118554685,0.8513848522939453,0,0,500,0.0049013000262761,13.131629370174108,50,measure_weighted_sampling_grand_mean_p50
highdim_strong,Strong nonlinear,50,10000,7500,2500,3,1,measure_weighted,Measure-weighted,6,3375,0.0045587249843134,0.0075644449760081,0.3184482656262062,0.1630063553011072,0.0300066957343188,0.9304956477726928,465,35,0,0.0050127852862117,9.058044100696929,50,measure_weighted_sampling_grand_mean_p50
highdim_strong,Strong nonlinear,50,10000,7500,2500,3,1,random,Random,6,3375,0.0050127852862117,0.0075644449760081,0.3184482656262062,0.1630063553011072,0.0300066957343188,0.9304956477726928,0,500,0,0.0050127852862117,0.0,50,measure_weighted_sampling_grand_mean_p50
highdim_strong,Strong nonlinear,50,10000,7500,2500,3,1,dopt,D-optimal,6,3375,0.0051040790070109,0.0075644449760081,0.3184482656262062,0.1630063553011072,0.0300066957343188,0.9304956477726928,500,0,0,0.0050127852862117,-1.8212174586907013,50,measure_weighted_sampling_grand_mean_p50
highdim_strong,Strong nonlinear,50,10000,7500,2500,3,1,latin,Latin hypercube,6,3375,0.0040318710965459,0.0075644449760081,0.3184482656262062,0.1630063553011072,0.0300066957343188,0.9304956477726928,0,0,500,0.0050127852862117,19.56824666645808,50,measure_weighted_sampling_grand_mean_p50
highdim_strong,Strong nonlinear,50,10000,7500,2500,4,0,measure_weighted,Measure-weighted,6,3375,0.0055919898064278,0.0061831937141199,0.3044546654785525,0.1553189295963362,0.0062822857699956,0.9459165142495028,473,27,0,0.0054437335298046,-2.7234300836284904,50,measure_weighted_sampling_grand_mean_p50
highdim_strong,Strong nonlinear,50,10000,7500,2500,4,0,random,Random,6,3375,0.0054437335298046,0.0061831937141199,0.3044546654785525,0.1553189295963362,0.0062822857699956,0.9459165142495028,0,500,0,0.0054437335298046,0.0,50,measure_weighted_sampling_grand_mean_p50
highdim_strong,Strong nonlinear,50,10000,7500,2500,4,0,dopt,D-optimal,6,3375,0.0051625334307456,0.0061831937141199,0.3044546654785525,0.1553189295963362,0.0062822857699956,0.9459165142495028,500,0,0,0.0054437335298046,5.165574279479453,50,measure_weighted_sampling_grand_mean_p50
highdim_strong,Strong nonlinear,50,10000,7500,2500,4,0,latin,Latin hypercube,6,3375,0.0056698444192696,0.0061831937141199,0.3044546654785525,0.1553189295963362,0.0062822857699956,0.9459165142495028,0,0,500,0.0054437335298046,-4.153599514507432,50,measure_weighted_sampling_grand_mean_p50
highdim_strong,Strong nonlinear,50,10000,7500,2500,4,1,measure_weighted,Measure-weighted,6,3375,0.005024960707199,0.0086012760980718,0.2613235746905074,0.1349624253942896,0.0,0.95,475,25,0,0.0052003293168605,3.372259696956553,50,measure_weighted_sampling_grand_mean_p50
highdim_strong,Strong nonlinear,50,10000,7500,2500,4,1,random,Random,6,3375,0.0052003293168605,0.0086012760980718,0.2613235746905074,0.1349624253942896,0.0,0.95,0,500,0,0.0052003293168605,0.0,50,measure_weighted_sampling_grand_mean_p50
highdim_strong,Strong nonlinear,50,10000,7500,2500,4,1,dopt,D-optimal,6,3375,0.0043762636920076,0.0086012760980718,0.2613235746905074,0.1349624253942896,0.0,0.95,500,0,0,0.0052003293168605,15.846412306641502,50,measure_weighted_sampling_grand_mean_p50
highdim_strong,Strong nonlinear,50,10000,7500,2500,4,1,latin,Latin hypercube,6,3375,0.0048783857984938,0.0086012760980718,0.2613235746905074,0.1349624253942896,0.0,0.95,0,0,500,0.0052003293168605,6.190829440798367,50,measure_weighted_sampling_grand_mean_p50
highdim_local,Local interior,50,10000,7500,2500,0,0,measure_weighted,Measure-weighted,6,3375,0.0070784442460243,0.0028699949108104,0.9341618567473804,0.4685159258290953,0.972849537744748,0.3176478004659138,159,341,0,0.0090676812916148,21.9376594921798,50,measure_weighted_sampling_grand_mean_p50
highdim_local,Local interior,50,10000,7500,2500,0,0,random,Random,6,3375,0.0090676812916148,0.0028699949108104,0.9341618567473804,0.4685159258290953,0.972849537744748,0.3176478004659138,0,500,0,0.0090676812916148,0.0,50,measure_weighted_sampling_grand_mean_p50
highdim_local,Local interior,50,10000,7500,2500,0,0,dopt,D-optimal,6,3375,0.0086556104115253,0.0028699949108104,0.9341618567473804,0.4685159258290953,0.972849537744748,0.3176478004659138,500,0,0,0.0090676812916148,4.544390862861152,50,measure_weighted_sampling_grand_mean_p50
highdim_local,Local interior,50,10000,7500,2500,0,0,latin,Latin hypercube,6,3375,0.0130829391687462,0.0028699949108104,0.9341618567473804,0.4685159258290953,0.972849537744748,0.3176478004659138,0,0,500,0.0090676812916148,-44.2809771098189,50,measure_weighted_sampling_grand_mean_p50
highdim_local,Local interior,50,10000,7500,2500,0,1,measure_weighted,Measure-weighted,6,3375,0.0074503977836919,0.0021667576989586,0.9031774063832588,0.4526720820411087,0.9239533454597796,0.3494303254511433,175,325,0,0.0078508477039947,5.100722054498392,50,measure_weighted_sampling_grand_mean_p50
highdim_local,Local interior,50,10000,7500,2500,0,1,random,Random,6,3375,0.0078508477039947,0.0021667576989586,0.9031774063832588,0.4526720820411087,0.9239533454597796,0.3494303254511433,0,500,0,0.0078508477039947,0.0,50,measure_weighted_sampling_grand_mean_p50
highdim_local,Local interior,50,10000,7500,2500,0,1,dopt,D-optimal,6,3375,0.0082536231876976,0.0021667576989586,0.9031774063832588,0.4526720820411087,0.9239533454597796,0.3494303254511433,500,0,0,0.0078508477039947,-5.130343867172765,50,measure_weighted_sampling_grand_mean_p50
highdim_local,Local interior,50,10000,7500,2500,0,1,latin,Latin hypercube,6,3375,0.0093855825487973,0.0021667576989586,0.9031774063832588,0.4526720820411087,0.9239533454597796,0.3494303254511433,0,0,500,0.0078508477039947,-19.548651338908467,50,measure_weighted_sampling_grand_mean_p50
highdim_local,Local interior,50,10000,7500,2500,1,0,measure_weighted,Measure-weighted,6,3375,0.0051953480373082,0.0020400251791541,0.418708033777035,0.2103740294780945,0.1761895876917523,0.835476768000361,418,82,0,0.0081890480261549,36.55736270302885,50,measure_weighted_sampling_grand_mean_p50
highdim_local,Local interior,50,10000,7500,2500,1,0,random,Random,6,3375,0.0081890480261549,0.0020400251791541,0.418708033777035,0.2103740294780945,0.1761895876917523,0.835476768000361,0,500,0,0.0081890480261549,0.0,50,measure_weighted_sampling_grand_mean_p50
highdim_local,Local interior,50,10000,7500,2500,1,0,dopt,D-optimal,6,3375,0.0056911284076222,0.0020400251791541,0.418708033777035,0.2103740294780945,0.1761895876917523,0.835476768000361,500,0,0,0.0081890480261549,30.50317461266005,50,measure_weighted_sampling_grand_mean_p50
highdim_local,Local interior,50,10000,7500,2500,1,0,latin,Latin hypercube,6,3375,0.0060204019140045,0.0020400251791541,0.418708033777035,0.2103740294780945,0.1761895876917523,0.835476768000361,0,0,500,0.0081890480261549,26.4822737053684,50,measure_weighted_sampling_grand_mean_p50
highdim_local,Local interior,50,10000,7500,2500,1,1,measure_weighted,Measure-weighted,6,3375,0.0056845341530514,0.003418892550185,0.5104213771802535,0.2569201348652193,0.31983700997011,0.7421059435194284,371,129,0,0.0074000553428053,23.18254540382288,50,measure_weighted_sampling_grand_mean_p50
highdim_local,Local interior,50,10000,7500,2500,1,1,random,Random,6,3375,0.0074000553428053,0.003418892550185,0.5104213771802535,0.2569201348652193,0.31983700997011,0.7421059435194284,0,500,0,0.0074000553428053,0.0,50,measure_weighted_sampling_grand_mean_p50
highdim_local,Local interior,50,10000,7500,2500,1,1,dopt,D-optimal,6,3375,0.0063814032297948,0.003418892550185,0.5104213771802535,0.2569201348652193,0.31983700997011,0.7421059435194284,500,0,0,0.0074000553428053,13.765466146152535,50,measure_weighted_sampling_grand_mean_p50
highdim_local,Local interior,50,10000,7500,2500,1,1,latin,Latin hypercube,6,3375,0.0058889754795555,0.003418892550185,0.5104213771802535,0.2569201348652193,0.31983700997011,0.7421059435194284,0,0,500,0.0074000553428053,20.41984543695193,50,measure_weighted_sampling_grand_mean_p50
highdim_local,Local interior,50,10000,7500,2500,2,0,measure_weighted,Measure-weighted,6,3375,0.0114684850547088,0.0038319809280184,0.9284689853737542,0.4661504831508863,0.9655494695554568,0.322392844788953,161,339,0,0.0109311922649628,-4.915225866698295,50,measure_weighted_sampling_grand_mean_p50
highdim_local,Local interior,50,10000,7500,2500,2,0,random,Random,6,3375,0.0109311922649628,0.0038319809280184,0.9284689853737542,0.4661504831508863,0.9655494695554568,0.322392844788953,0,500,0,0.0109311922649628,0.0,50,measure_weighted_sampling_grand_mean_p50
highdim_local,Local interior,50,10000,7500,2500,2,0,dopt,D-optimal,6,3375,0.0100135109253964,0.0038319809280184,0.9284689853737542,0.4661504831508863,0.9655494695554568,0.322392844788953,500,0,0,0.0109311922649628,8.39507088817578,50,measure_weighted_sampling_grand_mean_p50
highdim_local,Local interior,50,10000,7500,2500,2,0,latin,Latin hypercube,6,3375,0.0120133834152398,0.0038319809280184,0.9284689853737542,0.4661504831508863,0.9655494695554568,0.322392844788953,0,0,500,0.0109311922649628,-9.900028505999952,50,measure_weighted_sampling_grand_mean_p50
highdim_local,Local interior,50,10000,7500,2500,2,1,measure_weighted,Measure-weighted,6,3375,0.0104985654766929,0.0045286609440374,0.8658776414569683,0.4352031512005028,0.8700419201248029,0.3844727519188781,192,308,0,0.0119909541036215,12.445953958558183,50,measure_weighted_sampling_grand_mean_p50
highdim_local,Local interior,50,10000,7500,2500,2,1,random,Random,6,3375,0.0119909541036215,0.0045286609440374,0.8658776414569683,0.4352031512005028,0.8700419201248029,0.3844727519188781,0,500,0,0.0119909541036215,0.0,50,measure_weighted_sampling_grand_mean_p50
highdim_local,Local interior,50,10000,7500,2500,2,1,dopt,D-optimal,6,3375,0.0112948461285498,0.0045286609440374,0.8658776414569683,0.4352031512005028,0.8700419201248029,0.3844727519188781,500,0,0,0.0119909541036215,5.805275952656919,50,measure_weighted_sampling_grand_mean_p50
highdim_local,Local interior,50,10000,7500,2500,2,1,latin,Latin hypercube,6,3375,0.0124655596866915,0.0045286609440374,0.8658776414569683,0.4352031512005028,0.8700419201248029,0.3844727519188781,0,0,500,0.0119909541036215,-3.958030186494689,50,measure_weighted_sampling_grand_mean_p50
highdim_local,Local interior,50,10000,7500,2500,3,0,measure_weighted,Measure-weighted,6,3375,0.0083560833621862,0.0023557374350116,0.6621012171573076,0.3322284772961596,0.5522484905072724,0.5910384811702729,296,204,0,0.0071151029687877,-17.4414959114768,50,measure_weighted_sampling_grand_mean_p50
highdim_local,Local interior,50,10000,7500,2500,3,0,random,Random,6,3375,0.0071151029687877,0.0023557374350116,0.6621012171573076,0.3322284772961596,0.5522484905072724,0.5910384811702729,0,500,0,0.0071151029687877,0.0,50,measure_weighted_sampling_grand_mean_p50
highdim_local,Local interior,50,10000,7500,2500,3,0,dopt,D-optimal,6,3375,0.0068739933119541,0.0023557374350116,0.6621012171573076,0.3322284772961596,0.5522484905072724,0.5910384811702729,500,0,0,0.0071151029687877,3.388702284300781,50,measure_weighted_sampling_grand_mean_p50
highdim_local,Local interior,50,10000,7500,2500,3,0,latin,Latin hypercube,6,3375,0.011359826428493,0.0023557374350116,0.6621012171573076,0.3322284772961596,0.5522484905072724,0.5910384811702729,0,0,500,0.0071151029687877,-59.65793437320273,50,measure_weighted_sampling_grand_mean_p50
highdim_local,Local interior,50,10000,7500,2500,3,1,measure_weighted,Measure-weighted,6,3375,0.0070437627096134,0.0028953121280401,0.9665137434674528,0.4847045277977465,1.0,0.3,150,350,0,0.0098818560500292,28.72024573164443,50,measure_weighted_sampling_grand_mean_p50
highdim_local,Local interior,50,10000,7500,2500,3,1,random,Random,6,3375,0.0098818560500292,0.0028953121280401,0.9665137434674528,0.4847045277977465,1.0,0.3,0,500,0,0.0098818560500292,0.0,50,measure_weighted_sampling_grand_mean_p50
highdim_local,Local interior,50,10000,7500,2500,3,1,dopt,D-optimal,6,3375,0.0056561830366682,0.0028953121280401,0.9665137434674528,0.4847045277977465,1.0,0.3,500,0,0,0.0098818560500292,42.76193654276613,50,measure_weighted_sampling_grand_mean_p50
highdim_local,Local interior,50,10000,7500,2500,3,1,latin,Latin hypercube,6,3375,0.0067844791113125,0.0028953121280401,0.9665137434674528,0.4847045277977465,1.0,0.3,0,0,500,0.0098818560500292,31.34408073782341,50,measure_weighted_sampling_grand_mean_p50
highdim_local,Local interior,50,10000,7500,2500,4,0,measure_weighted,Measure-weighted,6,3375,0.0086810638681729,0.0028432164950411,0.5914910600109228,0.2971671382529819,0.444044572407324,0.6613710279352394,331,169,0,0.0111229618445737,21.95366675281777,50,measure_weighted_sampling_grand_mean_p50
highdim_local,Local interior,50,10000,7500,2500,4,0,random,Random,6,3375,0.0111229618445737,0.0028432164950411,0.5914910600109228,0.2971671382529819,0.444044572407324,0.6613710279352394,0,500,0,0.0111229618445737,0.0,50,measure_weighted_sampling_grand_mean_p50
highdim_local,Local interior,50,10000,7500,2500,4,0,dopt,D-optimal,6,3375,0.0086974523187235,0.0028432164950411,0.5914910600109228,0.2971671382529819,0.444044572407324,0.6613710279352394,500,0,0,0.0111229618445737,21.806327844534167,50,measure_weighted_sampling_grand_mean_p50
highdim_local,Local interior,50,10000,7500,2500,4,0,latin,Latin hypercube,6,3375,0.0108077985978116,0.0028432164950411,0.5914910600109228,0.2971671382529819,0.444044572407324,0.6613710279352394,0,0,500,0.0111229618445737,2.8334471624196143,50,measure_weighted_sampling_grand_mean_p50
highdim_local,Local interior,50,10000,7500,2500,4,1,measure_weighted,Measure-weighted,6,3375,0.0089616644143334,0.0017357433409067,0.1792575068316866,0.0904966250862966,0.0,0.95,475,25,0,0.0097382798413416,7.974872766659194,50,measure_weighted_sampling_grand_mean_p50
highdim_local,Local interior,50,10000,7500,2500,4,1,random,Random,6,3375,0.0097382798413416,0.0017357433409067,0.1792575068316866,0.0904966250862966,0.0,0.95,0,500,0,0.0097382798413416,0.0,50,measure_weighted_sampling_grand_mean_p50
highdim_local,Local interior,50,10000,7500,2500,4,1,dopt,D-optimal,6,3375,0.0100345366349197,0.0017357433409067,0.1792575068316866,0.0904966250862966,0.0,0.95,500,0,0,0.0097382798413416,-3.0421881318340285,50,measure_weighted_sampling_grand_mean_p50
highdim_local,Local interior,50,10000,7500,2500,4,1,latin,Latin hypercube,6,3375,0.0098991710500965,0.0017357433409067,0.1792575068316866,0.0904966250862966,0.0,0.95,0,0,500,0.0097382798413416,-1.6521522422452286,50,measure_weighted_sampling_grand_mean_p50
highdim_highfreq,High-frequency,50,10000,7500,2500,0,0,measure_weighted,Measure-weighted,6,3375,0.0323633276737261,0.0077255559125132,0.4676144328356706,0.2376699943740919,0.2604285366499858,0.7807214511775091,390,110,0,0.037492969565791,13.681610049755202,50,measure_weighted_sampling_grand_mean_p50
highdim_highfreq,High-frequency,50,10000,7500,2500,0,0,random,Random,6,3375,0.037492969565791,0.0077255559125132,0.4676144328356706,0.2376699943740919,0.2604285366499858,0.7807214511775091,0,500,0,0.037492969565791,0.0,50,measure_weighted_sampling_grand_mean_p50
highdim_highfreq,High-frequency,50,10000,7500,2500,0,0,dopt,D-optimal,6,3375,0.0458200962106571,0.0077255559125132,0.4676144328356706,0.2376699943740919,0.2604285366499858,0.7807214511775091,500,0,0,0.037492969565791,-22.2098349138605,50,measure_weighted_sampling_grand_mean_p50
highdim_highfreq,High-frequency,50,10000,7500,2500,0,0,latin,Latin hypercube,6,3375,0.0189242005682354,0.0077255559125132,0.4676144328356706,0.2376699943740919,0.2604285366499858,0.7807214511775091,0,0,500,0.037492969565791,49.52600237485048,50,measure_weighted_sampling_grand_mean_p50
highdim_highfreq,High-frequency,50,10000,7500,2500,0,1,measure_weighted,Measure-weighted,6,3375,0.028527370424217,0.0128444374442233,0.8908850505777162,0.4518647440109697,0.9214617937827444,0.3510498340412162,176,324,0,0.0227291852958586,-25.509867832415743,50,measure_weighted_sampling_grand_mean_p50
highdim_highfreq,High-frequency,50,10000,7500,2500,0,1,random,Random,6,3375,0.0227291852958586,0.0128444374442233,0.8908850505777162,0.4518647440109697,0.9214617937827444,0.3510498340412162,0,500,0,0.0227291852958586,0.0,50,measure_weighted_sampling_grand_mean_p50
highdim_highfreq,High-frequency,50,10000,7500,2500,0,1,dopt,D-optimal,6,3375,0.0287309894696922,0.0128444374442233,0.8908850505777162,0.4518647440109697,0.9214617937827444,0.3510498340412162,500,0,0,0.0227291852958586,-26.405716244159617,50,measure_weighted_sampling_grand_mean_p50
highdim_highfreq,High-frequency,50,10000,7500,2500,0,1,latin,Latin hypercube,6,3375,0.0262062507035472,0.0128444374442233,0.8908850505777162,0.4518647440109697,0.9214617937827444,0.3510498340412162,0,0,500,0.0227291852958586,-15.297800437757896,50,measure_weighted_sampling_grand_mean_p50
highdim_highfreq,High-frequency,50,10000,7500,2500,1,0,measure_weighted,Measure-weighted,6,3375,0.0235716681222762,0.0108371627402118,0.9586732525580156,0.4847552076491138,1.0,0.3,150,350,0,0.020770946517509,-13.4838419732406,50,measure_weighted_sampling_grand_mean_p50
highdim_highfreq,High-frequency,50,10000,7500,2500,1,0,random,Random,6,3375,0.020770946517509,0.0108371627402118,0.9586732525580156,0.4847552076491138,1.0,0.3,0,500,0,0.020770946517509,0.0,50,measure_weighted_sampling_grand_mean_p50
highdim_highfreq,High-frequency,50,10000,7500,2500,1,0,dopt,D-optimal,6,3375,0.0282873652847858,0.0108371627402118,0.9586732525580156,0.4847552076491138,1.0,0.3,500,0,0,0.020770946517509,-36.18717500880782,50,measure_weighted_sampling_grand_mean_p50
highdim_highfreq,High-frequency,50,10000,7500,2500,1,0,latin,Latin hypercube,6,3375,0.025759732455087,0.0108371627402118,0.9586732525580156,0.4847552076491138,1.0,0.3,0,0,500,0.020770946517509,-24.01809630279819,50,measure_weighted_sampling_grand_mean_p50
highdim_highfreq,High-frequency,50,10000,7500,2500,1,1,measure_weighted,Measure-weighted,6,3375,0.0240881804468311,0.0152583931612961,0.9710794453562775,0.4931689192587868,1.0,0.3,150,350,0,0.0262191756801971,8.12762101813715,50,measure_weighted_sampling_grand_mean_p50
highdim_highfreq,High-frequency,50,10000,7500,2500,1,1,random,Random,6,3375,0.0262191756801971,0.0152583931612961,0.9710794453562775,0.4931689192587868,1.0,0.3,0,500,0,0.0262191756801971,0.0,50,measure_weighted_sampling_grand_mean_p50
highdim_highfreq,High-frequency,50,10000,7500,2500,1,1,dopt,D-optimal,6,3375,0.0244259713487602,0.0152583931612961,0.9710794453562775,0.4931689192587868,1.0,0.3,500,0,0,0.0262191756801971,6.839285694215199,50,measure_weighted_sampling_grand_mean_p50
highdim_highfreq,High-frequency,50,10000,7500,2500,1,1,latin,Latin hypercube,6,3375,0.0218482434462658,0.0152583931612961,0.9710794453562775,0.4931689192587868,1.0,0.3,0,0,500,0.0262191756801971,16.670746202111204,50,measure_weighted_sampling_grand_mean_p50
highdim_highfreq,High-frequency,50,10000,7500,2500,2,0,measure_weighted,Measure-weighted,6,3375,0.0139857352888781,0.0102725432969452,0.8198439236193003,0.4150582334581227,0.8078720461550053,0.4248831699992465,212,288,0,0.0128248111086736,-9.052173715208806,50,measure_weighted_sampling_grand_mean_p50
highdim_highfreq,High-frequency,50,10000,7500,2500,2,0,random,Random,6,3375,0.0128248111086736,0.0102725432969452,0.8198439236193003,0.4150582334581227,0.8078720461550053,0.4248831699992465,0,500,0,0.0128248111086736,0.0,50,measure_weighted_sampling_grand_mean_p50
highdim_highfreq,High-frequency,50,10000,7500,2500,2,0,dopt,D-optimal,6,3375,0.0133883850246897,0.0102725432969452,0.8198439236193003,0.4150582334581227,0.8078720461550053,0.4248831699992465,500,0,0,0.0128248111086736,-4.394403248832096,50,measure_weighted_sampling_grand_mean_p50
highdim_highfreq,High-frequency,50,10000,7500,2500,2,0,latin,Latin hypercube,6,3375,0.013775140860171,0.0102725432969452,0.8198439236193003,0.4150582334581227,0.8078720461550053,0.4248831699992465,0,0,500,0.0128248111086736,-7.410087707683317,50,measure_weighted_sampling_grand_mean_p50
highdim_highfreq,High-frequency,50,10000,7500,2500,2,1,measure_weighted,Measure-weighted,6,3375,0.0118616860287766,0.0096185043450887,0.9238999786384918,0.4667592414917903,0.9674281781119304,0.3211716842272452,161,339,0,0.011986501305441,1.0412986532420485,50,measure_weighted_sampling_grand_mean_p50
highdim_highfreq,High-frequency,50,10000,7500,2500,2,1,random,Random,6,3375,0.011986501305441,0.0096185043450887,0.9238999786384918,0.4667592414917903,0.9674281781119304,0.3211716842272452,0,500,0,0.011986501305441,0.0,50,measure_weighted_sampling_grand_mean_p50
highdim_highfreq,High-frequency,50,10000,7500,2500,2,1,dopt,D-optimal,6,3375,0.0144668173220051,0.0096185043450887,0.9238999786384918,0.4667592414917903,0.9674281781119304,0.3211716842272452,500,0,0,0.011986501305441,-20.69257703612131,50,measure_weighted_sampling_grand_mean_p50
highdim_highfreq,High-frequency,50,10000,7500,2500,2,1,latin,Latin hypercube,6,3375,0.0113883494453748,0.0096185043450887,0.9238999786384918,0.4667592414917903,0.9674281781119304,0.3211716842272452,0,0,500,0.011986501305441,4.990212279831319,50,measure_weighted_sampling_grand_mean_p50
highdim_highfreq,High-frequency,50,10000,7500,2500,3,0,measure_weighted,Measure-weighted,6,3375,0.0239324589638277,0.0131806166799121,0.9370075409486908,0.4750940788143015,0.993150585744758,0.3044521192659072,152,348,0,0.0261202092317734,8.375699629865164,50,measure_weighted_sampling_grand_mean_p50
highdim_highfreq,High-frequency,50,10000,7500,2500,3,0,random,Random,6,3375,0.0261202092317734,0.0131806166799121,0.9370075409486908,0.4750940788143015,0.993150585744758,0.3044521192659072,0,500,0,0.0261202092317734,0.0,50,measure_weighted_sampling_grand_mean_p50
highdim_highfreq,High-frequency,50,10000,7500,2500,3,0,dopt,D-optimal,6,3375,0.0319085813113177,0.0131806166799121,0.9370075409486908,0.4750940788143015,0.993150585744758,0.3044521192659072,500,0,0,0.0261202092317734,-22.160511916968705,50,measure_weighted_sampling_grand_mean_p50
highdim_highfreq,High-frequency,50,10000,7500,2500,3,0,latin,Latin hypercube,6,3375,0.0284157896036868,0.0131806166799121,0.9370075409486908,0.4750940788143015,0.993150585744758,0.3044521192659072,0,0,500,0.0261202092317734,-8.788522142161689,50,measure_weighted_sampling_grand_mean_p50
highdim_highfreq,High-frequency,50,10000,7500,2500,3,1,measure_weighted,Measure-weighted,6,3375,0.0209893910244849,0.0079890696694366,0.946365670841408,0.4771773702554224,0.9995798979908124,0.3002730663059719,150,350,0,0.0225951570230892,7.106682183989562,50,measure_weighted_sampling_grand_mean_p50
highdim_highfreq,High-frequency,50,10000,7500,2500,3,1,random,Random,6,3375,0.0225951570230892,0.0079890696694366,0.946365670841408,0.4771773702554224,0.9995798979908124,0.3002730663059719,0,500,0,0.0225951570230892,0.0,50,measure_weighted_sampling_grand_mean_p50
highdim_highfreq,High-frequency,50,10000,7500,2500,3,1,dopt,D-optimal,6,3375,0.035817322020165,0.0079890696694366,0.946365670841408,0.4771773702554224,0.9995798979908124,0.3002730663059719,500,0,0,0.0225951570230892,-58.51769467043066,50,measure_weighted_sampling_grand_mean_p50
highdim_highfreq,High-frequency,50,10000,7500,2500,3,1,latin,Latin hypercube,6,3375,0.0216833233492751,0.0079890696694366,0.946365670841408,0.4771773702554224,0.9995798979908124,0.3002730663059719,0,0,500,0.0225951570230892,4.035527050696528,50,measure_weighted_sampling_grand_mean_p50
highdim_highfreq,High-frequency,50,10000,7500,2500,4,0,measure_weighted,Measure-weighted,6,3375,0.0252910449570406,0.0142133952950458,0.8534043375963455,0.4338088664456956,0.8657389734167101,0.3872696672791383,194,306,0,0.0300755847924262,15.908385051885949,50,measure_weighted_sampling_grand_mean_p50
highdim_highfreq,High-frequency,50,10000,7500,2500,4,0,random,Random,6,3375,0.0300755847924262,0.0142133952950458,0.8534043375963455,0.4338088664456956,0.8657389734167101,0.3872696672791383,0,500,0,0.0300755847924262,0.0,50,measure_weighted_sampling_grand_mean_p50
highdim_highfreq,High-frequency,50,10000,7500,2500,4,0,dopt,D-optimal,6,3375,0.0177710675430789,0.0142133952950458,0.8534043375963455,0.4338088664456956,0.8657389734167101,0.3872696672791383,500,0,0,0.0300755847924262,40.91198004717068,50,measure_weighted_sampling_grand_mean_p50
highdim_highfreq,High-frequency,50,10000,7500,2500,4,0,latin,Latin hypercube,6,3375,0.0212260035304697,0.0142133952950458,0.8534043375963455,0.4338088664456956,0.8657389734167101,0.3872696672791383,0,0,500,0.0300755847924262,29.424469459310632,50,measure_weighted_sampling_grand_mean_p50
highdim_highfreq,High-frequency,50,10000,7500,2500,4,1,measure_weighted,Measure-weighted,6,3375,0.0211783994415606,0.0095172457757015,0.9556447912476588,0.4825810185116802,1.0,0.3,150,350,0,0.0204003283061112,-3.814012812804774,50,measure_weighted_sampling_grand_mean_p50
highdim_highfreq,High-frequency,50,10000,7500,2500,4,1,random,Random,6,3375,0.0204003283061112,0.0095172457757015,0.9556447912476588,0.4825810185116802,1.0,0.3,0,500,0,0.0204003283061112,0.0,50,measure_weighted_sampling_grand_mean_p50
highdim_highfreq,High-frequency,50,10000,7500,2500,4,1,dopt,D-optimal,6,3375,0.0307351442432186,0.0095172457757015,0.9556447912476588,0.4825810185116802,1.0,0.3,500,0,0,0.0204003283061112,-50.66004714253227,50,measure_weighted_sampling_grand_mean_p50
highdim_highfreq,High-frequency,50,10000,7500,2500,4,1,latin,Latin hypercube,6,3375,0.0205108241693453,0.0095172457757015,0.9556447912476588,0.4825810185116802,1.0,0.3,0,0,500,0.0204003283061112,-0.541637671590634,50,measure_weighted_sampling_grand_mean_p50
