device,case,case_label,p,initial_fraction,iteration,selected_n,n_original,n_train_pool,n_eval,hidden,activation,epochs,degree,include_special,n_fullpr_features,n_design_params,initial_n,batch_size,oracle_mse_vs_y_mean,oracle_mse_vs_y_std,oracle_mse_vs_y_count,pilot_mse_fullpr_vs_nn_mean,pilot_mse_fullpr_vs_nn_std,pilot_mse_fullpr_vs_nn_count,pilot_shape_fullpr_vs_nn_mean,pilot_shape_fullpr_vs_nn_std,pilot_shape_fullpr_vs_nn_count,dopt_mse_vs_nn_mean,dopt_mse_vs_nn_std,dopt_mse_vs_nn_count,random_mse_median_mean,random_mse_median_std,random_mse_median_count,mse_gain_vs_random_median_pct_mean,mse_gain_vs_random_median_pct_std,mse_gain_vs_random_median_pct_count,dopt_shape_vs_nn_mean,dopt_shape_vs_nn_std,dopt_shape_vs_nn_count,random_shape_median_mean,random_shape_median_std,random_shape_median_count,shape_gain_vs_random_median_pct_mean,shape_gain_vs_random_median_pct_std,shape_gain_vs_random_median_pct_count,oracle_mse_vs_y_sem,oracle_mse_vs_y_ci95,pilot_mse_fullpr_vs_nn_sem,pilot_mse_fullpr_vs_nn_ci95,pilot_shape_fullpr_vs_nn_sem,pilot_shape_fullpr_vs_nn_ci95,dopt_mse_vs_nn_sem,dopt_mse_vs_nn_ci95,random_mse_median_sem,random_mse_median_ci95,mse_gain_vs_random_median_pct_sem,mse_gain_vs_random_median_pct_ci95,dopt_shape_vs_nn_sem,dopt_shape_vs_nn_ci95,random_shape_median_sem,random_shape_median_ci95,shape_gain_vs_random_median_pct_sem,shape_gain_vs_random_median_pct_ci95,positive_rate
cpu,highdim_poly2,Quadratic,20,0.05,0,375,10000,7500,2500,"128,64,32",tanh,1000,2,True,270,271,375,500,0.008126319037896358,0.0012210460435740473,6,0.03803794621199425,0.004790898076241125,6,0.019846506925865714,0.0028458385388879293,6,0.010814012907554862,0.002431090960206621,6,0.010897746918801361,0.002504930468321395,6,-0.34833032505474365,12.82014691007241,6,0.0071262179542209364,0.0016446270111009358,6,0.007234770355263172,0.0016591089254736153,6,0.36777564841863103,13.879264474529284,6,0.0004984899598667685,0.0009770403213388663,0.0019558759494120496,0.003833516860847617,0.001161808718437175,0.002277145088136863,0.0009924887284665045,0.0019452779077943488,0.0010226335814230534,0.0020043618195891844,5.2338030595326375,10.258253996683969,0.0006714161657326497,0.0013159756848359933,0.0006773283825179402,0.0013275636297351628,5.666185994622407,11.105724549459918,0.5
cpu,highdim_poly2,Quadratic,20,0.05,1,875,10000,7500,2500,"128,64,32",tanh,1000,2,True,270,271,375,500,0.008126319037896358,0.0012210460435740473,6,0.03803794621199425,0.004790898076241125,6,0.019846506925865714,0.0028458385388879293,6,0.004229051654417298,0.0009488767053837234,6,0.004653112140825636,0.0010052160239023237,6,9.202850041536779,1.7099548630802321,6,0.0028907789570466226,0.000759473564773303,6,0.0030974557984522126,0.000697027286202676,6,7.189096748242405,4.946066870319864,6,0.0004984899598667685,0.0009770403213388663,0.0019558759494120496,0.003833516860847617,0.001161808718437175,0.002277145088136863,0.00038737729283388773,0.00075925949395442,0.0004103777233050053,0.0008043403376778104,0.6980861496228737,1.3682488532608326,0.0003100537844711969,0.0006077054175635459,0.0002845601979989083,0.0005577379880778602,2.019223344328034,3.9576777548829463,1.0
cpu,highdim_poly2,Quadratic,20,0.05,2,1375,10000,7500,2500,"128,64,32",tanh,1000,2,True,270,271,375,500,0.008126319037896358,0.0012210460435740473,6,0.03803794621199425,0.004790898076241125,6,0.019846506925865714,0.0028458385388879293,6,0.003824546865912569,0.0008671770346498022,6,0.004087932760326772,0.0009349377645984696,6,6.290035366705699,2.57574596557999,6,0.0026088725556398643,0.0006762120055692929,6,0.0027637564020562104,0.0006276958850825339,6,5.978024071219875,5.524450707797875,6,0.0004984899598667685,0.0009770403213388663,0.0019558759494120496,0.003833516860847617,0.001161808718437175,0.002277145088136863,0.0003540235419253039,0.0006938861421735957,0.00038168674408743084,0.0007481060184113645,1.0515438871172231,2.0610260187497573,0.00027606239526480406,0.0005410822947190159,0.0002562557720161459,0.0005022613131516459,2.255347557210361,4.420481212132308,1.0
cpu,highdim_poly2,Quadratic,20,0.05,3,1875,10000,7500,2500,"128,64,32",tanh,1000,2,True,270,271,375,500,0.008126319037896358,0.0012210460435740473,6,0.03803794621199425,0.004790898076241125,6,0.019846506925865714,0.0028458385388879293,6,0.0036932247161240495,0.0008419596516847841,6,0.0038756737057358934,0.0008963203175579383,6,4.5858154393103225,1.778596540987477,6,0.002476613522641743,0.000551776251578344,6,0.0026297982837912137,0.0005893485086038451,6,5.671124112338485,2.685953815159473,6,0.0004984899598667685,0.0009770403213388663,0.0019558759494120496,0.003833516860847617,0.001161808718437175,0.002277145088136863,0.0003437285884398627,0.0006737080333421309,0.00036592123735105516,0.0007172056252080681,0.7261089972830777,1.4231736346748323,0.00022526171142541737,0.000441512954393818,0.00024060052112494704,0.0004715770214048962,1.0965360533037456,2.1492106644753415,1.0
cpu,highdim_poly2,Quadratic,20,0.05,4,2375,10000,7500,2500,"128,64,32",tanh,1000,2,True,270,271,375,500,0.008126319037896358,0.0012210460435740473,6,0.03803794621199425,0.004790898076241125,6,0.019846506925865714,0.0028458385388879293,6,0.003633480781501462,0.0008390273511993142,6,0.003763440283669636,0.0008637261959603948,6,3.451614650302012,1.068049054999895,6,0.0024647850928671247,0.0005749424924551297,6,0.002558758774869787,0.0006458015747092251,6,3.1739248771696844,3.1384811579812193,6,0.0004984899598667685,0.0009770403213388663,0.0019558759494120496,0.003833516860847617,0.001161808718437175,0.002277145088136863,0.00034253148177954327,0.0006713617042879048,0.00035261474292968675,0.0006911248961421861,0.4360292008352516,0.8546172336370931,0.00023471928965983918,0.0004600498077332848,0.0002636473888539119,0.0005167488821536673,1.2812795673988782,2.5113079521018014,1.0
cpu,highdim_poly2,Quadratic,20,0.05,5,2875,10000,7500,2500,"128,64,32",tanh,1000,2,True,270,271,375,500,0.008126319037896358,0.0012210460435740473,6,0.03803794621199425,0.004790898076241125,6,0.019846506925865714,0.0028458385388879293,6,0.003589336937780189,0.000851685140199672,6,0.0036818610558853188,0.0008740109384960875,6,2.4913336859234563,0.5315437667854195,6,0.0024098779005384823,0.0006014768415565089,6,0.0024396901594063423,0.0005766367725831616,6,1.5871518638971,4.258055093279621,6,0.0004984899598667685,0.0009770403213388663,0.0019558759494120496,0.003833516860847617,0.001161808718437175,0.002277145088136863,0.0003476990024999916,0.0006814900448999836,0.0003568134714877443,0.0006993544041159788,0.21700183409686982,0.42532359482986487,0.0002455518923190486,0.0004812817089453353,0.00023541097662567508,0.00046140551418632315,1.7383437125323502,3.4071536765634063,1.0
cpu,highdim_poly2,Quadratic,20,0.1,0,750,10000,7500,2500,"128,64,32",tanh,1000,2,True,270,271,750,500,0.008126319037896358,0.0012210460435740473,6,0.004651492964031038,0.0011246084511244705,6,0.0029489049791361134,0.0007602804105319512,6,0.004904941694284,0.0014015069473134357,6,0.005005585253947504,0.0011348301694345277,6,3.2436663213085453,7.208166192526178,6,0.003261360350144902,0.0009371655752556884,6,0.00338998061756751,0.0007815148296078901,6,5.009697914834053,6.639914688080127,6,0.0004984899598667685,0.0009770403213388663,0.00045911947761277796,0.0008998741761210448,0.00031038317787283307,0.0006083510286307527,0.0005721628153139375,0.0011214391180153175,0.00046329247663846196,0.0009080532542113854,2.942721525478225,5.767734189937321,0.0003825962439797176,0.0007498886382002464,0.00031905209315957837,0.0006253421025927736,2.7107338202346063,5.313038287659828,0.6666666666666666
cpu,highdim_poly2,Quadratic,20,0.1,1,1250,10000,7500,2500,"128,64,32",tanh,1000,2,True,270,271,750,500,0.008126319037896358,0.0012210460435740473,6,0.004651492964031038,0.0011246084511244705,6,0.0029489049791361134,0.0007602804105319512,6,0.0039069449335987555,0.0009104635830219415,6,0.004147774613492105,0.0010385825614712644,6,5.287602281352176,3.234428597058462,6,0.0026913652879683946,0.0007126125071443142,6,0.0028083537666925983,0.0007450637899154939,6,3.639123902728923,7.8022988003456595,6,0.0004984899598667685,0.0009770403213388663,0.00045911947761277796,0.0008998741761210448,0.00031038317787283307,0.0006083510286307527,0.0003716952012983111,0.0007285225945446897,0.00042399955522622366,0.0008310391282433983,1.3204499453765481,2.5880818929380345,0.0002909228378048337,0.000570208762097474,0.0003041710185195272,0.0005961751962982733,3.185275146929365,6.243139287981555,0.8333333333333334
cpu,highdim_poly2,Quadratic,20,0.1,2,1750,10000,7500,2500,"128,64,32",tanh,1000,2,True,270,271,750,500,0.008126319037896358,0.0012210460435740473,6,0.004651492964031038,0.0011246084511244705,6,0.0029489049791361134,0.0007602804105319512,6,0.003719490575436583,0.0008486851731164233,6,0.003887702944968055,0.0009501305731745123,6,3.8201191911467234,3.3624200418774066,6,0.002513787565253506,0.0005303423292887237,6,0.0026146342209114708,0.0006616761794498522,6,2.7667050250512317,6.375929955783194,6,0.0004984899598667685,0.0009770403213388663,0.00045911947761277796,0.0008998741761210448,0.00031038317787283307,0.0006083510286307527,0.00034647427106680744,0.0006790895712909426,0.00038788918221594495,0.0007602627971432521,1.372702233917882,2.6904963784790485,0.0002165113492927446,0.0004243622446137794,0.00027012816910106243,0.0005294512114380823,2.602962504565823,5.101806508949013,0.8333333333333334
cpu,highdim_poly2,Quadratic,20,0.1,3,2250,10000,7500,2500,"128,64,32",tanh,1000,2,True,270,271,750,500,0.008126319037896358,0.0012210460435740473,6,0.004651492964031038,0.0011246084511244705,6,0.0029489049791361134,0.0007602804105319512,6,0.0036341539916780615,0.0008356976307255284,6,0.003748363465113419,0.0009152434277493141,6,2.6154602934717697,2.774431492397732,6,0.002486561702232462,0.0006092472346911473,6,0.0025678253906186344,0.000624042320136405,6,2.901067475456466,5.182788922833641,6,0.0004984899598667685,0.0009770403213388663,0.00045911947761277796,0.0008998741761210448,0.00031038317787283307,0.0006083510286307527,0.0003411721290883977,0.0006686973730132594,0.0003736465647369436,0.0007323472668844095,1.1326569137804783,2.2200075510097372,0.00024872414203249685,0.00048749931838369383,0.0002547642103727901,0.0004993378523306686,2.1158647175818803,4.147094846460486,0.8333333333333334
cpu,highdim_poly2,Quadratic,20,0.1,4,2750,10000,7500,2500,"128,64,32",tanh,1000,2,True,270,271,750,500,0.008126319037896358,0.0012210460435740473,6,0.004651492964031038,0.0011246084511244705,6,0.0029489049791361134,0.0007602804105319512,6,0.003597895920995013,0.0008386257903122555,6,0.003694359650945972,0.0009020373166651636,6,2.319909476706459,1.7657645532997166,6,0.002456398883471276,0.0006786491322425608,6,0.002475905935053389,0.0005970910678222989,6,1.3801080115488429,5.154224262044939,6,0.0004984899598667685,0.0009770403213388663,0.00045911947761277796,0.0008998741761210448,0.00031038317787283307,0.0006083510286307527,0.0003423675452338844,0.0006710403886584134,0.0003682551924631633,0.0007217801772278,0.7208703602462961,1.4129059060827405,0.00027705734806280957,0.0005430324022031068,0.00024376140768969602,0.0004777723590718042,2.1042032436472122,4.124238357548536,0.8333333333333334
cpu,highdim_poly2,Quadratic,20,0.1,5,3250,10000,7500,2500,"128,64,32",tanh,1000,2,True,270,271,750,500,0.008126319037896358,0.0012210460435740473,6,0.004651492964031038,0.0011246084511244705,6,0.0029489049791361134,0.0007602804105319512,6,0.003565551795108241,0.0008511330827291608,6,0.0036447644792086675,0.0008803361593842187,6,2.044846582018215,1.3439683404023828,6,0.002493756367453559,0.0006086768065727403,6,0.002481214897666753,0.0005963532761829558,6,-0.6191335859068597,4.693783906233969,6,0.0004984899598667685,0.0009770403213388663,0.00045911947761277796,0.0008998741761210448,0.00031038317787283307,0.0006083510286307527,0.00034747362598141763,0.0006810483069235785,0.00035939573210213015,0.000704415634920175,0.548672777406828,1.0753986437173828,0.00024849126572832464,0.0004870428808275163,0.0002434602055142157,0.00047718200280786276,1.916229255526811,3.7558093408325495,0.8333333333333334
cpu,highdim_poly2,Quadratic,50,0.05,0,375,10000,7500,2500,"128,64,32",tanh,1000,2,True,1425,1426,375,500,0.037293632282286125,0.005653171314285185,6,0.03880255219829687,0.0059562273793661,6,0.005208964692568184,0.0004231572993003235,6,0.046367279207545575,0.005833674948621251,6,0.04635556679680769,0.0049000298714903245,6,0.1569317168955172,3.2158411104356173,6,0.011980478945406527,0.0015354931802134435,6,0.011274937355651285,0.0011926399089363334,6,-6.076831186114137,4.335494773851796,6,0.002307897524756277,0.0045234791485223025,0.002431619645240265,0.00476597450467092,0.00017275324403666232,0.00033859635831185814,0.0023815878248964898,0.00466791213679712,0.0020004288182577878,0.003920840483785264,1.3128616357387517,2.5732088060479534,0.0006268624658410587,0.001228650433048475,0.0004868932039622354,0.0009543106797659813,1.769958329740008,3.469118326290416,0.3333333333333333
cpu,highdim_poly2,Quadratic,50,0.05,1,875,10000,7500,2500,"128,64,32",tanh,1000,2,True,1425,1426,375,500,0.037293632282286125,0.005653171314285185,6,0.03880255219829687,0.0059562273793661,6,0.005208964692568184,0.0004231572993003235,6,0.044093137214701726,0.005970370736989095,6,0.04832359716059977,0.006501905780107666,6,8.746519134801856,1.6585839639691295,6,0.01161981986374068,0.0014332498553690752,6,0.012668731934272206,0.0016582104853794272,6,8.155136850452797,3.345125661738568,6,0.002307897524756277,0.0045234791485223025,0.002431619645240265,0.00476597450467092,0.00017275324403666232,0.00033859635831185814,0.002437393646811272,0.004777291547750093,0.0026543919194860644,0.005202608162192686,0.6771140678811746,1.3271435730471022,0.000585121803262004,0.0011468387343935278,0.0006769615958854037,0.0013268447279353914,1.365641832791569,2.676657992271475,1.0
cpu,highdim_poly2,Quadratic,50,0.05,2,1375,10000,7500,2500,"128,64,32",tanh,1000,2,True,1425,1426,375,500,0.037293632282286125,0.005653171314285185,6,0.03880255219829687,0.0059562273793661,6,0.005208964692568184,0.0004231572993003235,6,0.584949371208424,0.17420669038734443,6,0.7406796083319572,0.16516720189708742,6,14.56541231498573,45.71575359787431,6,0.13498661078297672,0.03654037562287046,6,0.1637608866889447,0.029490143451601506,6,13.074668756387702,39.30031375865538,6,0.002307897524756277,0.0045234791485223025,0.002431619645240265,0.00476597450467092,0.00017275324403666232,0.00033859635831185814,0.07111958353800085,0.13939438373448168,0.06742922781518566,0.1321612865177639,18.663378253599383,36.58022137705479,0.014917545880944278,0.029238389926650784,0.0120393006496504,0.023597029273314786,16.044285906664495,31.44680037706241,0.8333333333333334
cpu,highdim_poly2,Quadratic,50,0.05,3,1875,10000,7500,2500,"128,64,32",tanh,1000,2,True,1425,1426,375,500,0.037293632282286125,0.005653171314285185,6,0.03880255219829687,0.0059562273793661,6,0.005208964692568184,0.0004231572993003235,6,0.04356751186023855,0.007270845357855864,6,0.04993071509909655,0.008066871547910531,6,12.806032037803021,1.9753668322655429,6,0.01163074555784156,0.0019209279091054695,6,0.013108308044090272,0.001960118395843557,6,11.444760028260857,4.056579286705412,6,0.002307897524756277,0.0045234791485223025,0.002431619645240265,0.00476597450467092,0.00017275324403666232,0.00033859635831185814,0.002968310187571771,0.0058178879676406715,0.003293286518826051,0.00645484157689906,0.8064401323114244,1.5806226593303918,0.0007842155349966309,0.0015370624485933964,0.0008002149842099018,0.0015684213690514075,1.6560915589286012,3.245939455500058,1.0
cpu,highdim_poly2,Quadratic,50,0.05,4,2375,10000,7500,2500,"128,64,32",tanh,1000,2,True,1425,1426,375,500,0.037293632282286125,0.005653171314285185,6,0.03880255219829687,0.0059562273793661,6,0.005208964692568184,0.0004231572993003235,6,0.03625924031441152,0.006397836377223352,6,0.03870839496329633,0.006712753138854029,6,6.403489625061245,2.558190364275463,6,0.009840393599994229,0.0019700945830151218,6,0.010354329918635018,0.0017234577934791546,6,5.5124102539240845,5.93260830592572,6,0.002307897524756277,0.0045234791485223025,0.002431619645240265,0.00476597450467092,0.00017275324403666232,0.00033859635831185814,0.0026119057636689483,0.005119335296791139,0.002740469993243088,0.005371321186756452,1.0443768428965847,2.046978612077306,0.0008042877455680406,0.0015764039813133594,0.0007035986978744864,0.0013790534478339933,2.42197719888589,4.747075309816345,1.0
cpu,highdim_poly2,Quadratic,50,0.05,5,2875,10000,7500,2500,"128,64,32",tanh,1000,2,True,1425,1426,375,500,0.037293632282286125,0.005653171314285185,6,0.03880255219829687,0.0059562273793661,6,0.005208964692568184,0.0004231572993003235,6,0.033757332355869765,0.006398464184445811,6,0.03506289431426232,0.006142086933127688,6,3.9886601025724566,2.1957588983011633,6,0.009123838283306424,0.001539254271582721,6,0.009420767476305186,0.0016686582109038792,6,2.8463165003807513,5.003902179759048,6,0.002307897524756277,0.0045234791485223025,0.002431619645240265,0.00476597450467092,0.00017275324403666232,0.00033859635831185814,0.002612162064894258,0.005119837647192745,0.00250749649032981,0.004914693121046428,0.8964148165022653,1.75697304034444,0.0006283979249628446,0.0012316599329271756,0.000681226861969997,0.001335204649461194,2.0428345105350294,4.003955640648657,1.0
cpu,highdim_poly2,Quadratic,50,0.1,0,750,10000,7500,2500,"128,64,32",tanh,1000,2,True,1425,1426,750,500,0.037293632282286125,0.005653171314285185,6,0.03288651348887663,0.005592077945607565,6,0.006970180346961612,0.0013363668897946163,6,0.044724321302515545,0.006319191535778359,6,0.045387230853374434,0.0054611234612060465,6,1.68301888666526,3.17003495924914,6,0.011633639218669634,0.001539828800426417,6,0.011881515271932888,0.0012880171799400514,6,2.3113602119084145,3.7003311682544986,6,0.002307897524756277,0.0045234791485223025,0.00228295626143496,0.0044745942724125215,0.0005455694981911618,0.0010693162164546772,0.0025797991415952284,0.005056406317526648,0.0022294943170494633,0.004369808861416948,1.2941613528241431,2.5365562515353206,0.0006286324753811057,0.0012321196517469672,0.0005258308117986119,0.0010306283911252793,1.5106538735900483,2.9608815922364946,0.6666666666666666
cpu,highdim_poly2,Quadratic,50,0.1,1,1250,10000,7500,2500,"128,64,32",tanh,1000,2,True,1425,1426,750,500,0.037293632282286125,0.005653171314285185,6,0.03288651348887663,0.005592077945607565,6,0.006970180346961612,0.0013363668897946163,6,0.11164681852203612,0.025198900105407304,6,0.1368104382529711,0.01775194560317733,6,18.9979438162751,8.21722741558426,6,0.02845966303508018,0.006380034292930684,6,0.0352873522934989,0.004028851375711149,6,19.799787770274193,10.425943131802207,6,0.002307897524756277,0.0045234791485223025,0.00228295626143496,0.0044745942724125215,0.0005455694981911618,0.0010693162164546772,0.01028740788960219,0.020163319463620294,0.007247201444904635,0.014204514832013085,3.354669044765062,6.575151327739521,0.002604638093189773,0.005105090662651955,0.0016447716866670593,0.0032237525058674363,4.256373460031705,8.342491981662143,1.0
cpu,highdim_poly2,Quadratic,50,0.1,2,1750,10000,7500,2500,"128,64,32",tanh,1000,2,True,1425,1426,750,500,0.037293632282286125,0.005653171314285185,6,0.03288651348887663,0.005592077945607565,6,0.006970180346961612,0.0013363668897946163,6,0.0506639129340099,0.006530316700419534,6,0.05830925657147804,0.00924717706323013,6,12.570762047223667,5.288845850973437,6,0.013632108834912277,0.0017545212871511965,6,0.015603504014116115,0.002397065012703122,6,11.873193458265185,8.986819038051033,6,0.002307897524756277,0.0045234791485223025,0.00228295626143496,0.0044745942724125215,0.0005455694981911618,0.0010693162164546772,0.00266599062913389,0.005225341633102424,0.003775144227680346,0.007399282686253479,2.1591622771868004,4.231958063286129,0.0007162803160619325,0.0014039094194813876,0.0009785976935667877,0.0019180514793909038,3.6688535089924326,7.190952877625167,1.0
cpu,highdim_poly2,Quadratic,50,0.1,3,2250,10000,7500,2500,"128,64,32",tanh,1000,2,True,1425,1426,750,500,0.037293632282286125,0.005653171314285185,6,0.03288651348887663,0.005592077945607565,6,0.006970180346961612,0.0013363668897946163,6,0.03706596097854276,0.006408863726183386,6,0.040329537108222555,0.006187429785658535,6,8.380324012791142,2.385832183967785,6,0.010032693582659362,0.0017857745991053922,6,0.010952406639430772,0.0017405934125563863,6,8.618491620525452,3.8566545242256463,6,0.002307897524756277,0.0045234791485223025,0.00228295626143496,0.0044745942724125215,0.0005455694981911618,0.0010693162164546772,0.0026164076600302304,0.005128159013659252,0.0025260076323602837,0.004950974959426156,0.9740119104385131,1.9090633444594856,0.0007290394272385668,0.001428917277387591,0.0007105942850688062,0.00139276479873486,1.5744726164248433,3.0859663281926926,1.0
cpu,highdim_poly2,Quadratic,50,0.1,4,2750,10000,7500,2500,"128,64,32",tanh,1000,2,True,1425,1426,750,500,0.037293632282286125,0.005653171314285185,6,0.03288651348887663,0.005592077945607565,6,0.006970180346961612,0.0013363668897946163,6,0.03388587208435606,0.006072359491777346,6,0.03556338588155681,0.006109271772409594,6,4.85259062138714,1.503329016930507,6,0.009013364451911282,0.0015962043978130199,6,0.009645120577990359,0.0016233180751593934,6,6.643671825984383,3.110309940792851,6,0.002307897524756277,0.0045234791485223025,0.00228295626143496,0.0044745942724125215,0.0005455694981911618,0.0010693162164546772,0.0024790303816001136,0.004858899547936222,0.0024940997570653514,0.004888435523848089,0.6137315011665992,1.2029137422865346,0.0006516477166380654,0.0012772295246106082,0.0006627168290629111,0.0012989249849633057,1.2697787161414407,2.4887662836372235,1.0
cpu,highdim_poly2,Quadratic,50,0.1,5,3250,10000,7500,2500,"128,64,32",tanh,1000,2,True,1425,1426,750,500,0.037293632282286125,0.005653171314285185,6,0.03288651348887663,0.005592077945607565,6,0.006970180346961612,0.0013363668897946163,6,0.032670445067473415,0.005996785297810504,6,0.033737868747463595,0.006047107716985053,6,3.2428011008950883,1.1521560967428068,6,0.008925905584246522,0.0015496017583353922,6,0.009092442662644999,0.0015885370624436179,6,1.7972344814059091,2.016850907491693,6,0.002307897524756277,0.0045234791485223025,0.00228295626143496,0.0044745942724125215,0.0005455694981911618,0.0010693162164546772,0.002448177346109966,0.004798427598375533,0.002468721387709982,0.004838693919911564,0.4703657568427681,0.9219168834118254,0.0006326222687402201,0.0012399396467308312,0.0006485175400810938,0.001271094378558944,0.8233759351039746,1.61381683280379,1.0
cpu,highdim_smooth,Smooth,20,0.05,0,375,10000,7500,2500,"128,64,32",tanh,1000,2,True,270,271,375,500,0.00202023819322073,0.0003002874692668218,6,0.006740528155120537,0.0031983521017070566,6,0.003734598941074869,0.0017006646918005294,6,0.0024491572013058136,0.0004452716612279932,6,0.0024726104439897,0.0004626340673859921,6,0.15400925970085932,13.141470024992735,6,0.001543972704888305,0.000270330696296239,6,0.0016071196860035742,0.00031537989479572766,6,2.8675033030920978,13.205597081195524,6,0.0001225918459758998,0.00024028001811276362,0.0013057217778234093,0.0025592146845338825,0.0006942934530798187,0.0013608151680364446,0.0001817813944883326,0.0003562915331971319,0.0001888695671206749,0.0003701843515565228,5.364982671885384,10.515366036895353,0.00011036204462284532,0.00021630960746077684,0.0001287533028970288,0.00025235647367817646,5.391162432952653,10.5666783685872,0.5
cpu,highdim_smooth,Smooth,20,0.05,1,875,10000,7500,2500,"128,64,32",tanh,1000,2,True,270,271,375,500,0.00202023819322073,0.0003002874692668218,6,0.006740528155120537,0.0031983521017070566,6,0.003734598941074869,0.0017006646918005294,6,0.0010286678551654634,0.00022985406402368472,6,0.0011261237366246453,0.0002390176024585192,6,8.807782675460873,2.4532120263177415,6,0.000645125066068041,0.0001382132708937298,6,0.0007444479661358959,0.00017643859724077916,6,12.944566607340988,3.6999193084464843,6,0.0001225918459758998,0.00024028001811276362,0.0013057217778234093,0.0025592146845338825,0.0006942934530798187,0.0013608151680364446,9.383752869384061e-05,0.0001839215562399276,9.75785275944617e-05,0.00019125391408514493,1.0015196158896074,1.9629784471436305,5.642533156178399e-05,0.00011059364986109662,7.203075569539016e-05,0.0001411802811629647,1.5104857325275156,2.9605520357539303,1.0
cpu,highdim_smooth,Smooth,20,0.05,2,1375,10000,7500,2500,"128,64,32",tanh,1000,2,True,270,271,375,500,0.00202023819322073,0.0003002874692668218,6,0.006740528155120537,0.0031983521017070566,6,0.003734598941074869,0.0017006646918005294,6,0.0009195295362989,0.00019231162653747427,6,0.0009764259849800372,0.00020699629021806858,6,5.755273312474354,1.5058076426123033,6,0.0006076380438237412,0.0001223555624132801,6,0.0006392241784069838,0.00014692224765039573,6,4.430684874154103,5.318891123493399,6,0.0001225918459758998,0.00024028001811276362,0.0013057217778234093,0.0025592146845338825,0.0006942934530798187,0.0013608151680364446,7.851089277024875e-05,0.00015388134982968754,8.450588161388815e-05,0.0001656315279632208,0.6147433958638925,1.2048970558932293,4.99514491839661e-05,9.790484040057356e-05,5.9980756434382375e-05,0.00011756228261138945,2.1714282083295964,4.2559992883260085,1.0
cpu,highdim_smooth,Smooth,20,0.05,3,1875,10000,7500,2500,"128,64,32",tanh,1000,2,True,270,271,375,500,0.00202023819322073,0.0003002874692668218,6,0.006740528155120537,0.0031983521017070566,6,0.003734598941074869,0.0017006646918005294,6,0.0008946748123650053,0.00018683745046833635,6,0.0009290284104222727,0.00020216196311779308,6,3.5412829101749197,1.3510274511120284,6,0.0006107523235009662,0.0001606371297914782,6,0.0006111773574886843,0.0001390453853124654,6,0.626149817971971,6.731369786764012,6,0.0001225918459758998,0.00024028001811276362,0.0013057217778234093,0.0025592146845338825,0.0006942934530798187,0.0013608151680364446,7.627606974832501e-05,0.000149501096706717,8.253227583965755e-05,0.0001617632606457288,0.5515546472862359,1.0810471086810225,6.557983362239266e-05,0.0001285364738998896,5.6765040850703126e-05,0.00011125948006737813,2.7480702079265065,5.3862176075359525,1.0
cpu,highdim_smooth,Smooth,20,0.05,4,2375,10000,7500,2500,"128,64,32",tanh,1000,2,True,270,271,375,500,0.00202023819322073,0.0003002874692668218,6,0.006740528155120537,0.0031983521017070566,6,0.003734598941074869,0.0017006646918005294,6,0.0008788054793919814,0.00018284038440876982,6,0.0009025800712435282,0.00019556730110817066,6,2.4812186028843346,1.2233524630997086,6,0.0005602014944933344,0.00011797835407202098,6,0.0005945981504903399,0.00013329796237878695,6,5.406252341508426,5.357314824915843,6,0.0001225918459758998,0.00024028001811276362,0.0013057217778234093,0.0025592146845338825,0.0006942934530798187,0.0013608151680364446,7.464427436263584e-05,0.00014630277775076625,7.984001634804222e-05,0.00015648643204216274,0.49943155169521214,0.9788858413226158,4.81644613616429e-05,9.440234426882008e-05,5.4418665263456106e-05,0.00010666058391637396,2.187114618748603,4.286744652747261,1.0
cpu,highdim_smooth,Smooth,20,0.05,5,2875,10000,7500,2500,"128,64,32",tanh,1000,2,True,270,271,375,500,0.00202023819322073,0.0003002874692668218,6,0.006740528155120537,0.0031983521017070566,6,0.003734598941074869,0.0017006646918005294,6,0.0008639496091797393,0.00018079808371411642,6,0.0008849992875167175,0.00019093113020768706,6,2.261514333821568,0.7607042003773912,6,0.0005523680867058955,0.00011475362129068065,6,0.0005885787525840362,0.00012525126190645464,6,5.971071992920751,4.244653385184609,6,0.0001225918459758998,0.00024028001811276362,0.0013057217778234093,0.0025592146845338825,0.0006942934530798187,0.0013608151680364446,7.381050859543043e-05,0.00014466859684704364,7.794730750362149e-05,0.0001527767227070981,0.31055618935274987,0.6086901311313897,4.684796971645793e-05,9.182202064425755e-05,5.113361355175168e-05,0.00010022188256143329,1.7328724881132658,3.396430076702001,1.0
cpu,highdim_smooth,Smooth,20,0.1,0,750,10000,7500,2500,"128,64,32",tanh,1000,2,True,270,271,750,500,0.00202023819322073,0.0003002874692668218,6,0.0012370862014656908,0.00041095858130316495,6,0.0007534470979356148,0.0002629828896109823,6,0.0011969925424654855,0.0002699602710439671,6,0.0011853431775237825,0.00025318082117134087,6,-0.8004722072200737,2.67743092685871,6,0.0007671968235639253,0.0001541614286453007,6,0.0007794660393674892,0.00018333957967235057,6,0.861215981442041,7.503653429050524,6,0.0001225918459758998,0.00024028001811276362,0.00016777313826847156,0.0003288353510062043,0.00010736231510493034,0.00021043013760566347,0.00011021081914686067,0.00021601320552784692,0.00010336063742143694,0.00020258684934601638,1.0930565987251446,2.142390933501283,6.293613969991081e-05,0.0001233548338118252,7.484806997560033e-05,0.00014670221715217666,3.06335368464318,6.004173221900633,0.3333333333333333
cpu,highdim_smooth,Smooth,20,0.1,1,1250,10000,7500,2500,"128,64,32",tanh,1000,2,True,270,271,750,500,0.00202023819322073,0.0003002874692668218,6,0.0012370862014656908,0.00041095858130316495,6,0.0007534470979356148,0.0002629828896109823,6,0.000939268643866202,0.00018605957603074337,6,0.0010026914635650702,0.0002117361077146057,6,6.119071405901406,2.1906806189443793,6,0.0005977067381343438,0.000133860838050572,6,0.0006599734488202711,0.00014693083820420033,6,9.46925088624965,3.9149085665955936,6,0.0001225918459758998,0.00024028001811276362,0.00016777313826847156,0.0003288353510062043,0.00010736231510493034,0.00021043013760566347,7.595850383898213e-05,0.00014887866752440497,8.644090400396014e-05,0.00016942417184776187,0.8943416176363602,1.752909570567266,5.464845829420605e-05,0.00010711097825664385,5.998426351328725e-05,0.00011756915648604301,1.5982547296349836,3.132579270084568,1.0
cpu,highdim_smooth,Smooth,20,0.1,2,1750,10000,7500,2500,"128,64,32",tanh,1000,2,True,270,271,750,500,0.00202023819322073,0.0003002874692668218,6,0.0012370862014656908,0.00041095858130316495,6,0.0007534470979356148,0.0002629828896109823,6,0.0008979865550127201,0.0001877080142242916,6,0.0009396730542687404,0.00020347115174750857,6,4.316024456086736,1.1267071325455609,6,0.0005968737298037283,0.00012584033370951334,6,0.0006242678802921572,0.0001456653772590203,6,3.796158021153877,7.429077533548699,6,0.0001225918459758998,0.00024028001811276362,0.00016777313826847156,0.0003288353510062043,0.00010736231510493034,0.00021043013760566347,7.663147591343355e-05,0.00015019769279032974,8.306674985963364e-05,0.00016281082972488192,0.4599762607151664,0.9015534710017261,5.137410110831086e-05,0.00010069323817228928,5.9467641245768716e-05,0.00011655657684170668,3.0329082027947485,5.944500077477707,1.0
cpu,highdim_smooth,Smooth,20,0.1,3,2250,10000,7500,2500,"128,64,32",tanh,1000,2,True,270,271,750,500,0.00202023819322073,0.0003002874692668218,6,0.0012370862014656908,0.00041095858130316495,6,0.0007534470979356148,0.0002629828896109823,6,0.0008841505392711237,0.00018365893538292496,6,0.0009046069058352385,0.00019172558750884914,6,2.1915172180966898,0.7220452682160101,6,0.0005871943489829399,0.00015284710081841144,6,0.0005987340608917221,0.00011858424286445611,6,2.83489859398185,7.902034906399323,6,0.0001225918459758998,0.00024028001811276362,0.00016777313826847156,0.0003288353510062043,0.00010736231510493034,0.00021043013760566347,7.49784463984922e-05,0.0001469577549410447,7.827164333866744e-05,0.00015341242094378817,0.2947737463867076,0.5777565429179469,6.239956761147419e-05,0.0001223031525184894,4.841181442536576e-05,9.488715627371688e-05,3.225992241723296,6.322944793777659,1.0
cpu,highdim_smooth,Smooth,20,0.1,4,2750,10000,7500,2500,"128,64,32",tanh,1000,2,True,270,271,750,500,0.00202023819322073,0.0003002874692668218,6,0.0012370862014656908,0.00041095858130316495,6,0.0007534470979356148,0.0002629828896109823,6,0.0008708308603706945,0.0001822229437526756,6,0.0008891799725064105,0.0001921389347406191,6,1.944982238157859,0.8991920016614064,6,0.0005700158617316953,0.00014294744151972067,6,0.0005987027716194804,0.00014705545046091027,6,4.757806108421984,4.10608918434272,6,0.0001225918459758998,0.00024028001811276362,0.00016777313826847156,0.0003288353510062043,0.00010736231510493034,0.00021043013760566347,7.439220527032248e-05,0.00014580872232983205,7.844039163940549e-05,0.00015374316761323476,0.3670935974770483,0.7195034510550147,5.8358048626609005e-05,0.00011438177530815364,6.003513625405992e-05,0.00011766886705795744,1.676303890000073,3.285555624400143,1.0
cpu,highdim_smooth,Smooth,20,0.1,5,3250,10000,7500,2500,"128,64,32",tanh,1000,2,True,270,271,750,500,0.00202023819322073,0.0003002874692668218,6,0.0012370862014656908,0.00041095858130316495,6,0.0007534470979356148,0.0002629828896109823,6,0.0008584155974727337,0.00018159884343435642,6,0.0008745941009715086,0.0001890479369804701,6,1.7788463401355343,0.8629734811577459,6,0.0005783728411015552,0.0001319869551557115,6,0.0005845527885083934,0.00013794946361179563,6,0.6712047227807592,6.4890696687770495,6,0.0001225918459758998,0.00024028001811276362,0.00016777313826847156,0.0003288353510062043,0.00010736231510493034,0.00021043013760566347,7.413741738229073e-05,0.00014530933806928983,7.717849708799704e-05,0.00015126985429247418,0.3523074483982985,0.690522598860665,5.3883448805849776e-05,0.00010561155965946556,5.631763268992245e-05,0.000110382560072248,2.6491515989791363,5.192337133999107,1.0
cpu,highdim_smooth,Smooth,50,0.05,0,375,10000,7500,2500,"128,64,32",tanh,1000,2,True,1425,1426,375,500,0.011217103943657929,0.0018658018336636258,6,0.034105971557635804,0.007916433727180051,6,0.004565654950932675,0.0007348166494830486,6,0.032123009125581414,0.0016990213707477378,6,0.032279370150677895,0.00106109662137938,6,0.43442280891523516,5.382016780934304,6,0.006916508758304581,0.00039564190611146403,6,0.007145098577552138,0.0002176478279620693,6,3.1922546828548324,4.859194236631769,6,0.0007617104089375162,0.0014929524015175318,0.0032318705356917236,0.006334466249955778,0.0002999876409558383,0.0005879757762734431,0.0006936225700693333,0.0013595002373358932,0.0004331908816951128,0.0008490541281224211,2.197199150064253,4.306510334125936,0.0001615201318058694,0.00031657945833950404,8.885435368868777e-05,0.000174154533229828,1.9837577401367756,3.88816517066808,0.3333333333333333
cpu,highdim_smooth,Smooth,50,0.05,1,875,10000,7500,2500,"128,64,32",tanh,1000,2,True,1425,1426,375,500,0.011217103943657929,0.0018658018336636258,6,0.034105971557635804,0.007916433727180051,6,0.004565654950932675,0.0007348166494830486,6,0.026325183165444313,0.0012904083977565027,6,0.025576641406155214,0.00044828078424167904,6,-2.9550837877765743,5.441426647619407,6,0.006689870608042873,0.00038555992000801416,6,0.0066796928952049806,0.00023412252425434923,6,-0.18191278090341845,5.211602879279574,6,0.0007617104089375162,0.0014929524015175318,0.0032318705356917236,0.006334466249955778,0.0002999876409558383,0.0005879757762734431,0.0005268070223843048,0.0010325417638732373,0.0001830098638144653,0.000358699333076352,2.221453126575132,4.354048128087259,0.00015740417821465556,0.0003085121893007249,9.558012028592239e-05,0.00018733703576040789,2.127627966042432,4.170150813443167,0.16666666666666666
cpu,highdim_smooth,Smooth,50,0.05,2,1375,10000,7500,2500,"128,64,32",tanh,1000,2,True,1425,1426,375,500,0.011217103943657929,0.0018658018336636258,6,0.034105971557635804,0.007916433727180051,6,0.004565654950932675,0.0007348166494830486,6,0.1587885306112896,0.037162550735028985,6,0.206159976135065,0.023053858066255876,6,23.161016087967397,14.251438225159946,6,0.040383407107547356,0.008633441220699794,6,0.05156352699598251,0.005998803270509595,6,21.6070784609944,14.515420407624955,6,0.0007617104089375162,0.0014929524015175318,0.0032318705356917236,0.006334466249955778,0.0002999876409558383,0.0005879757762734431,0.01517154780685216,0.029736233701430234,0.0094116981441455,0.01844692836252518,5.8181252920728985,11.40352557246288,0.0035245876191709376,0.006908191733575038,0.002449001180014573,0.0048000423128285626,5.925895566777158,11.614755310883229,1.0
cpu,highdim_smooth,Smooth,50,0.05,3,1875,10000,7500,2500,"128,64,32",tanh,1000,2,True,1425,1426,375,500,0.011217103943657929,0.0018658018336636258,6,0.034105971557635804,0.007916433727180051,6,0.004565654950932675,0.0007348166494830486,6,0.012971102013112489,0.0018220733175496268,6,0.014358700939395591,0.002131577768715581,6,9.560335232600977,3.6560277247225756,6,0.0034869855249590174,0.0004892346178084952,6,0.0038491709256302156,0.0006637029455197443,6,8.942097053351203,4.60382512896224,6,0.0007617104089375162,0.0014929524015175318,0.0032318705356917236,0.006334466249955778,0.0002999876409558383,0.0005879757762734431,0.0007438583169894547,0.0014579623012993311,0.0008702129800689116,0.0017056174409350669,1.4925670685064785,2.925431454272698,0.00019972919635605956,0.0003914692248578767,0.000270955592884266,0.0005310729620531614,1.8795037384934081,3.68382732744708,1.0
cpu,highdim_smooth,Smooth,50,0.05,4,2375,10000,7500,2500,"128,64,32",tanh,1000,2,True,1425,1426,375,500,0.011217103943657929,0.0018658018336636258,6,0.034105971557635804,0.007916433727180051,6,0.004565654950932675,0.0007348166494830486,6,0.010948582857400684,0.00172650279352225,6,0.0115731377748907,0.0018076127016539336,6,5.433226478841864,1.642743642168592,6,0.0028819921116865874,0.0004873415715769714,6,0.0030968562888631598,0.0005125827016996752,6,6.935304589376564,2.4007896443946555,6,0.0007617104089375162,0.0014929524015175318,0.0032318705356917236,0.006334466249955778,0.0002999876409558383,0.0005879757762734431,0.0007048418139365425,0.0013814899553156233,0.0007379547952709834,0.0014463913987311273,0.6706472835857076,1.3144686758279869,0.0001989563634682709,0.000389954472397811,0.00020926101169024065,0.00041015158291287166,0.9801182680874638,1.921031805451429,1.0
cpu,highdim_smooth,Smooth,50,0.05,5,2875,10000,7500,2500,"128,64,32",tanh,1000,2,True,1425,1426,375,500,0.011217103943657929,0.0018658018336636258,6,0.034105971557635804,0.007916433727180051,6,0.004565654950932675,0.0007348166494830486,6,0.010265484784416376,0.0016483265009766895,6,0.010665747955957164,0.0016787152821526336,6,3.812918978308124,1.27210785644977,6,0.0027332943425034555,0.0004915418728679189,6,0.002846137936230443,0.0004824311090364038,6,4.0495628050256895,2.7062897552235814,6,0.0007617104089375162,0.0014929524015175318,0.0032318705356917236,0.006334466249955778,0.0002999876409558383,0.0005879757762734431,0.0006729264761500146,0.0013189358932540287,0.0006853326441143742,0.0013432519824641736,0.519335857681268,1.0178982810552852,0.00020067112928973338,0.0003933154134078774,0.00019695167553069736,0.00038602528404016684,1.1048381660698936,2.1654828054969912,1.0
cpu,highdim_smooth,Smooth,50,0.1,0,750,10000,7500,2500,"128,64,32",tanh,1000,2,True,1425,1426,750,500,0.011217103943657929,0.0018658018336636258,6,0.023580564050267035,0.004009073435815717,6,0.004937413198674576,0.0008403222576368676,6,0.02563284492045613,0.0023005838019702677,6,0.025359107956833892,0.0009793843222956262,6,-0.9798699272483987,6.496721392026154,6,0.006329036829862684,0.00047245916795465783,6,0.0064694337345598965,0.00030185438369971745,6,2.2327076315926626,4.294912688250992,6,0.0007617104089375162,0.0014929524015175318,0.0016366973765158522,0.0032079268579710703,0.00034306012511898506,0.0006723978452332107,0.0009392094042232162,0.0018408504322775037,0.0003998319752842985,0.0007836706715572251,2.652275401914686,5.1984597877527845,0.0001928806476314682,0.0003780460693576777,0.00012323153611443262,0.00024153381078428793,1.753390762670022,3.436645894833243,0.6666666666666666
cpu,highdim_smooth,Smooth,50,0.1,1,1250,10000,7500,2500,"128,64,32",tanh,1000,2,True,1425,1426,750,500,0.011217103943657929,0.0018658018336636258,6,0.023580564050267035,0.004009073435815717,6,0.004937413198674576,0.0008403222576368676,6,0.0794010772358545,0.014031731739627802,6,0.06889063372437988,0.006850689486890188,6,-16.08508366823951,23.540459873291816,6,0.020740581795624626,0.0037857624202592283,6,0.01788547806338785,0.0017893043478791899,6,-16.31293207721399,21.074424502650817,6,0.0007617104089375162,0.0014929524015175318,0.0016366973765158522,0.0032079268579710703,0.00034306012511898506,0.0006723978452332107,0.0057284304949505776,0.011227723770103133,0.0027967822715216782,0.0054816932521824895,9.61035250000455,18.83629090000892,0.0015455310361731666,0.0030292408308994065,0.0007304804411412365,0.0014317416646368235,8.603597775716944,16.86305164040521,0.3333333333333333
cpu,highdim_smooth,Smooth,50,0.1,2,1750,10000,7500,2500,"128,64,32",tanh,1000,2,True,1425,1426,750,500,0.011217103943657929,0.0018658018336636258,6,0.023580564050267035,0.004009073435815717,6,0.004937413198674576,0.0008403222576368676,6,0.014538392990905551,0.00214306203731614,6,0.01689193212138904,0.002839373825482209,6,13.648276266221629,2.6978326653598628,6,0.0039359125667760364,0.0007731234210997707,6,0.004455896770691379,0.0007597258629352092,6,11.942173849444858,4.645803175577241,6,0.0007617104089375162,0.0014929524015175318,0.0016366973765158522,0.0032079268579710703,0.00034306012511898506,0.0006723978452332107,0.0008749014130923176,0.0017148067696609425,0.0011591695102409509,0.002271972240072264,1.1013855735907312,2.158715724237833,0.00031562631498155473,0.0006186275773638472,0.0003101567847644823,0.0006079072981383853,1.8966412042609948,3.7174167603515498,1.0
cpu,highdim_smooth,Smooth,50,0.1,3,2250,10000,7500,2500,"128,64,32",tanh,1000,2,True,1425,1426,750,500,0.011217103943657929,0.0018658018336636258,6,0.023580564050267035,0.004009073435815717,6,0.004937413198674576,0.0008403222576368676,6,0.011160706534372488,0.0017605197594800133,6,0.011838693392828404,0.0019320695653062799,6,5.6581882717861065,1.5027439716157598,6,0.0029101525177366323,0.0005099340527025235,6,0.0031742770740061346,0.000533573826185911,6,8.419395128416847,3.10023303913706,6,0.0007617104089375162,0.0014929524015175318,0.0016366973765158522,0.0032079268579710703,0.00034306012511898506,0.0006723978452332107,0.0007187291821355668,0.001408709196985711,0.0007887640970935478,0.0015459776303033536,0.6134926574170099,1.2024456085373394,0.0002081797052651147,0.0004080322223196248,0.00021783060237666056,0.0004269479806582547,1.2656648382672915,2.4807030830038914,1.0
cpu,highdim_smooth,Smooth,50,0.1,4,2750,10000,7500,2500,"128,64,32",tanh,1000,2,True,1425,1426,750,500,0.011217103943657929,0.0018658018336636258,6,0.023580564050267035,0.004009073435815717,6,0.004937413198674576,0.0008403222576368676,6,0.010407689352370422,0.0016014166337209688,6,0.01077142884340583,0.0017310168703649081,6,3.2910565710633484,1.5785425186151139,6,0.0027724481793407526,0.00043225772775833506,6,0.002880615617323295,0.00046848999103337824,6,3.6479195489955596,1.9354687969990139,6,0.0007617104089375162,0.0014929524015175318,0.0016366973765158522,0.0032079268579710703,0.00034306012511898506,0.0006723978452332107,0.0006537756030369798,0.0012814001819524805,0.0007066846780905802,0.001385101969057537,0.644437284649141,1.2630970779123163,0.0001764684783971342,0.00034587821765838305,0.0001912602379388072,0.0003748700663600621,0.790151827620997,1.548697582137154,1.0
cpu,highdim_smooth,Smooth,50,0.1,5,3250,10000,7500,2500,"128,64,32",tanh,1000,2,True,1425,1426,750,500,0.011217103943657929,0.0018658018336636258,6,0.023580564050267035,0.004009073435815717,6,0.004937413198674576,0.0008403222576368676,6,0.009976667358785286,0.001635664316672262,6,0.010215229711347132,0.0016868757943251825,6,2.337903741495674,1.3483027540872445,6,0.0026992842790040795,0.0005327926562000282,6,0.0027552214031445845,0.00046311601668962957,6,2.4071209217637803,5.270375054221529,6,0.0007617104089375162,0.0014929524015175318,0.0016366973765158522,0.0032079268579710703,0.00034306012511898506,0.0006723978452332107,0.0006677571610541937,0.0013088040356662195,0.0006886641592581268,0.0013497817521459286,0.550442294383836,1.0788668969923185,0.00021751169106536223,0.00042632291448810994,0.00018906632209997513,0.00037056999131595126,2.151621605989329,4.217178347739084,1.0
cpu,highdim_strong,Strong nonlinear,20,0.05,0,375,10000,7500,2500,"128,64,32",tanh,1000,2,True,270,271,375,500,0.001052138435590672,0.00018386113708959706,6,0.014773286728867935,0.006758144708729424,6,0.008041007320455668,0.0037495944180504026,6,0.002927447438569186,0.0009622924675035977,6,0.0030080273211887166,0.0007544877375093322,6,3.1440815477058544,18.820598666050156,6,0.0020586304280804852,0.0010290293999381038,6,0.001923817976842124,0.0004146780552703366,6,-5.796244402685965,44.4748657309687,6,7.506099489956997e-05,0.00014711955000315714,0.002759001024046189,0.00540764200713053,0.0015307655111019202,0.0030003004017597635,0.00039285425478459624,0.0007699943393778086,0.00030801832901413274,0.0006037159248677001,7.683477230921437,15.059615372606016,0.0004200994933617857,0.0008233950069890999,0.00016929160715699424,0.0003318115500277087,18.15678790327782,35.58730429042453,0.8333333333333334
cpu,highdim_strong,Strong nonlinear,20,0.05,1,875,10000,7500,2500,"128,64,32",tanh,1000,2,True,270,271,375,500,0.001052138435590672,0.00018386113708959706,6,0.014773286728867935,0.006758144708729424,6,0.008041007320455668,0.0037495944180504026,6,0.0014944329624417402,0.0002621116936753249,6,0.0014840356356314876,0.00044791763067119554,6,-4.465198240534374,18.079932601778317,6,0.000997008844607865,0.00021239351940685545,6,0.0008838030022146038,0.0002391130898162341,6,-14.266797607120713,10.72059597939836,6,7.506099489956997e-05,0.00014711955000315714,0.002759001024046189,0.00540764200713053,0.0015307655111019202,0.0030003004017597635,0.00010700665085353914,0.0002097330356729367,0.00018286160699013956,0.0003584087497006735,7.381101576377862,14.466959089700609,8.670929120345206e-05,0.00016995021075876603,9.761751014500972e-05,0.00019133031988421905,4.3766649813431435,8.578263363432562,0.3333333333333333
cpu,highdim_strong,Strong nonlinear,20,0.05,2,1375,10000,7500,2500,"128,64,32",tanh,1000,2,True,270,271,375,500,0.001052138435590672,0.00018386113708959706,6,0.014773286728867935,0.006758144708729424,6,0.008041007320455668,0.0037495944180504026,6,0.0012464755024585675,0.00023745815971509766,6,0.0013283520562324973,0.0004231913169455428,6,2.9578879522873733,12.654265864585195,6,0.0009252931178482781,0.0003156129167630804,6,0.0009170492573723618,0.00032682983473355544,6,-2.057001579715573,14.763543737010242,6,7.506099489956997e-05,0.00014711955000315714,0.002759001024046189,0.00540764200713053,0.0015307655111019202,0.0030003004017597635,9.694188776038358e-05,0.0001900061000103518,0.0001727671316821687,0.0003386235780970506,5.166082406292124,10.125521516332562,0.00012884843371684107,0.0002525429300850085,0.0001334277213025609,0.0002615183337530194,6.0271914918229035,11.813295323972891,0.5
cpu,highdim_strong,Strong nonlinear,20,0.05,3,1875,10000,7500,2500,"128,64,32",tanh,1000,2,True,270,271,375,500,0.001052138435590672,0.00018386113708959706,6,0.014773286728867935,0.006758144708729424,6,0.008041007320455668,0.0037495944180504026,6,0.0011748924277198123,0.00024876188363179806,6,0.0012418370179005564,0.0004201938129670904,6,1.9918746203609006,12.478935752304706,6,0.0007980861966234068,0.0002452709920260472,6,0.0008353164870690869,0.0003107355028770615,6,-0.6199002098768198,23.15183485537997,6,7.506099489956997e-05,0.00014711955000315714,0.002759001024046189,0.00540764200713053,0.0015307655111019202,0.0030003004017597635,0.00010155661372525199,0.0001990509629014939,0.0001715434058073069,0.0003362250753823215,5.094504187686777,9.985228207866083,0.00010013146319500956,0.00019625766786221874,0.00012685723783598918,0.0002486401861585388,9.451697000810551,18.52532612158868,0.3333333333333333
cpu,highdim_strong,Strong nonlinear,20,0.05,4,2375,10000,7500,2500,"128,64,32",tanh,1000,2,True,270,271,375,500,0.001052138435590672,0.00018386113708959706,6,0.014773286728867935,0.006758144708729424,6,0.008041007320455668,0.0037495944180504026,6,0.0011318623094940755,0.0002633698858278352,6,0.0012020179983547857,0.0004005455668159854,6,3.1744281015575546,10.00438653752279,6,0.0007245038138489337,0.0003137942317543712,6,0.0006721316531944054,7.672002583500872e-05,6,-7.698847250366581,42.01068185685945,6,7.506099489956997e-05,0.00014711955000315714,0.002759001024046189,0.00540764200713053,0.0015307655111019202,0.0030003004017597635,0.00010752030564887652,0.00021073979907179798,0.0001635220429055051,0.00032050320409479,4.084273701083365,8.005176454123395,0.0001281059586711433,0.00025108767899544086,3.132081939148572e-05,6.1388806007312e-05,17.150789049284096,33.61554653659683,0.5
cpu,highdim_strong,Strong nonlinear,20,0.05,5,2875,10000,7500,2500,"128,64,32",tanh,1000,2,True,270,271,375,500,0.001052138435590672,0.00018386113708959706,6,0.014773286728867935,0.006758144708729424,6,0.008041007320455668,0.0037495944180504026,6,0.0011048069548993322,0.0002815888126627756,6,0.001171620314392714,0.0003954582952126364,6,3.5304629751308823,7.8830434256787445,6,0.000831908884818603,0.00039719996295693613,6,0.00087743294506938,0.00044500677673182915,6,3.616566134939314,13.224006350869212,6,7.506099489956997e-05,0.00014711955000315714,0.002759001024046189,0.00540764200713053,0.0015307655111019202,0.0030003004017597635,0.00011495815138332713,0.00022531797671132117,0.0001614451729703125,0.0003164325390218125,3.2182390021857423,6.307748444284055,0.0001621562058494789,0.00031782616346497864,0.00018167325584560326,0.0003560795814573824,5.398677985825624,10.581408852218223,0.6666666666666666
cpu,highdim_strong,Strong nonlinear,20,0.1,0,750,10000,7500,2500,"128,64,32",tanh,1000,2,True,270,271,750,500,0.001052138435590672,0.00018386113708959706,6,0.0013708818837855814,0.00037593485993216066,6,0.0008233936646490935,0.0002195864101004061,6,0.0016694650052335627,0.0005380607661817266,6,0.0016354607465360147,0.0005196083235758341,6,-2.9908318742488973,12.65683184680538,6,0.0012293386910905897,0.0006184068424264793,6,0.0009925756159758028,0.00027459637728039323,6,-20.820767747446478,35.57885063422147,6,7.506099489956997e-05,0.00014711955000315714,0.00015347476389307639,0.0003008105372304297,8.964577653258754e-05,0.00017570572200387158,0.00021966238795936624,0.00043053828040035783,0.00021212920981062805,0.00041577325122883096,5.167129964146875,10.127574729727876,0.0002524635362317657,0.0004948285310142608,0.0001121035015922905,0.00021972286312088937,14.525004948090043,28.469009698256485,0.5
cpu,highdim_strong,Strong nonlinear,20,0.1,1,1250,10000,7500,2500,"128,64,32",tanh,1000,2,True,270,271,750,500,0.001052138435590672,0.00018386113708959706,6,0.0013708818837855814,0.00037593485993216066,6,0.0008233936646490935,0.0002195864101004061,6,0.0012871085260230573,0.00022875013177963004,6,0.0013796130552099128,0.0004953181239763883,6,2.012172399052021,16.117903469997238,6,0.000768766362901692,0.00011058973210373714,6,0.0007833250078904995,0.00016688667714946905,6,0.5465042187218305,8.623501305352168,6,7.506099489956997e-05,0.00014711955000315714,0.00015347476389307639,0.0003008105372304297,8.964577653258754e-05,0.00017570572200387158,9.338685024241736e-05,0.00018303822647513802,0.0002022127773491283,0.0003963370436042915,6.580106537487938,12.89700881347636,4.514806907420728e-05,8.849021538544627e-05,6.813120064746537e-05,0.00013353715326903213,3.520529665722914,6.900238144816911,0.3333333333333333
cpu,highdim_strong,Strong nonlinear,20,0.1,2,1750,10000,7500,2500,"128,64,32",tanh,1000,2,True,270,271,750,500,0.001052138435590672,0.00018386113708959706,6,0.0013708818837855814,0.00037593485993216066,6,0.0008233936646490935,0.0002195864101004061,6,0.0011913784613911957,0.0002505825774583945,6,0.001291148915227576,0.0004886645307678611,6,3.0949172132926805,14.939754190067665,6,0.0008415317563007429,0.0003351949905600676,6,0.0008045555651130647,0.0003772609576849801,6,-7.1654282671867024,11.187746838945587,6,7.506099489956997e-05,0.00014711955000315714,0.00015347476389307639,0.0003008105372304297,8.964577653258754e-05,0.00017570572200387158,0.00010229990886741808,0.00020050782138013944,0.00019949645929630508,0.00039101306022075796,6.099129108045459,11.954293051769099,0.0001368427818681983,0.00026821185246166866,0.00015401614103365292,0.0003018716364259597,4.5673785211420235,8.952061901438366,0.3333333333333333
cpu,highdim_strong,Strong nonlinear,20,0.1,3,2250,10000,7500,2500,"128,64,32",tanh,1000,2,True,270,271,750,500,0.001052138435590672,0.00018386113708959706,6,0.0013708818837855814,0.00037593485993216066,6,0.0008233936646490935,0.0002195864101004061,6,0.0011393122785966516,0.0002611974257542108,6,0.0012075612992090525,0.0004069311546927177,6,2.79224353649936,10.476564952733602,6,0.0007282357662355541,0.0002776639503318705,6,0.0008338984983306876,0.00036583498864442,6,8.093041142908909,20.93219865333386,6,7.506099489956997e-05,0.00014711955000315714,0.00015347476389307639,0.0003008105372304297,8.964577653258754e-05,0.00017570572200387158,0.00010663340253771836,0.000209001468973928,0.0001661289482397878,0.0003256127385499841,4.277039731887116,8.382997874498747,0.00011335583304642911,0.00022217743277100105,0.0001493515087059512,0.00029272895706366434,8.545534315873525,16.749247259112106,0.5
cpu,highdim_strong,Strong nonlinear,20,0.1,4,2750,10000,7500,2500,"128,64,32",tanh,1000,2,True,270,271,750,500,0.001052138435590672,0.00018386113708959706,6,0.0013708818837855814,0.00037593485993216066,6,0.0008233936646490935,0.0002195864101004061,6,0.0011035551495425357,0.0002737248160848247,6,0.0011810242030729416,0.0004015862863473213,6,4.319961542585505,8.156540262126454,6,0.0007201037031514549,0.00034887699533543573,6,0.0006725126293285728,0.00015472352933773361,6,-3.8027712791653863,24.84056148705758,6,7.506099489956997e-05,0.00014711955000315714,0.00015347476389307639,0.0003008105372304297,8.964577653258754e-05,0.00017570572200387158,0.00011174768822416501,0.0002190254689193634,0.0001639469148750253,0.0003213359531550496,3.329893618112794,6.526591491501076,0.00014242843692786075,0.0002791597363786071,6.316561634666511e-05,0.0001238046080394636,10.141116761253734,19.876588852057317,0.8333333333333334
cpu,highdim_strong,Strong nonlinear,20,0.1,5,3250,10000,7500,2500,"128,64,32",tanh,1000,2,True,270,271,750,500,0.001052138435590672,0.00018386113708959706,6,0.0013708818837855814,0.00037593485993216066,6,0.0008233936646490935,0.0002195864101004061,6,0.00109157703029128,0.0002925992934273722,6,0.0011539362582377766,0.00039253012271620095,6,3.461520007816125,6.970590159933407,6,0.000599381852747282,9.377575378210378e-05,6,0.0007371619720402089,0.00032553533166882376,6,11.454183393154091,21.563719003104307,6,7.506099489956997e-05,0.00014711955000315714,0.00015347476389307639,0.0003008105372304297,8.964577653258754e-05,0.00017570572200387158,0.00011945316133265894,0.00023412819621201151,0.0001602497515544594,0.00031408951304674043,2.845731516317039,5.577633771981397,3.828379116850401e-05,7.503623069026785e-05,0.00013289924263938397,0.00026048251557319257,8.803351419060451,17.254568781358483,0.6666666666666666
cpu,highdim_strong,Strong nonlinear,50,0.05,0,375,10000,7500,2500,"128,64,32",tanh,1000,2,True,1425,1426,375,500,0.003319088055013453,0.0005080238803020171,6,0.057886003266497,0.011653071612506678,6,0.008412798184262545,0.0017898641017060962,6,0.051449328157723954,0.009230232858965086,6,0.051168510382092885,0.00966351134586959,6,-0.9010917161261768,6.418452143698708,6,0.012426438970645994,0.0016536050038789747,6,0.012042751402073887,0.002005870556196579,6,-3.8008016362152386,5.630552561958696,6,0.00020739988064811667,0.00040650376607030865,0.004757346564458823,0.009324399266339293,0.0007307089596841516,0.0014321895609809372,0.0037682267852558716,0.007385724499101508,0.003945111986829404,0.007732419494185632,2.620322115089115,5.135831345574665,0.000675081415936081,0.0013231595752347188,0.0008188932254590516,0.001605030721899741,2.298663457786562,4.505380377261662,0.6666666666666666
cpu,highdim_strong,Strong nonlinear,50,0.05,1,875,10000,7500,2500,"128,64,32",tanh,1000,2,True,1425,1426,375,500,0.003319088055013453,0.0005080238803020171,6,0.057886003266497,0.011653071612506678,6,0.008412798184262545,0.0017898641017060962,6,0.06256436283188642,0.009889072367900003,6,0.057701570671101515,0.013709737571584824,6,-10.477298492679685,13.816295112130396,6,0.01600015941160848,0.0022917545813110718,6,0.015186663576670633,0.003706330289821194,6,-7.838774500962564,15.063129242174439,6,0.00020739988064811667,0.00040650376607030865,0.004757346564458823,0.009324399266339293,0.0007307089596841516,0.0014321895609809372,0.004037196888468602,0.00791290590139846,0.005596976926307698,0.010970074775563088,5.640478860071461,11.055338565740064,0.0009356048899829713,0.0018337855843666236,0.0015131030047139365,0.0029656818892393154,6.14949676215394,12.053013653821722,0.3333333333333333
cpu,highdim_strong,Strong nonlinear,50,0.05,2,1375,10000,7500,2500,"128,64,32",tanh,1000,2,True,1425,1426,375,500,0.003319088055013453,0.0005080238803020171,6,0.057886003266497,0.011653071612506678,6,0.008412798184262545,0.0017898641017060962,6,0.3888135819428456,0.16821841267998008,6,0.3430192858045645,0.08787511535451661,6,-14.04913454269681,36.64336542903251,6,0.09172320705984316,0.03736666705047232,6,0.08217002733639032,0.018900807505391224,6,-12.218171008570685,35.16027984065001,6,0.00020739988064811667,0.00040650376607030865,0.004757346564458823,0.009324399266339293,0.0007307089596841516,0.0014321895609809372,0.0686748794011465,0.13460276362624712,0.035874865617796174,0.0703147366108805,14.95959129324514,29.320798934760475,0.015254877943687685,0.029899560769627864,0.007716222352462519,0.015123795810826537,14.354124137176395,28.134083308865733,0.5
cpu,highdim_strong,Strong nonlinear,50,0.05,3,1875,10000,7500,2500,"128,64,32",tanh,1000,2,True,1425,1426,375,500,0.003319088055013453,0.0005080238803020171,6,0.057886003266497,0.011653071612506678,6,0.008412798184262545,0.0017898641017060962,6,0.00644216150091875,0.0010103911468434014,6,0.0062896436122128795,0.0007204025018302865,6,-2.2058120526311553,8.903193655869327,6,0.00174613602993004,0.00031977601423107245,6,0.0016506014774789835,0.0001752650978288248,6,-5.4265822989847265,13.25992653503996,6,0.00020739988064811667,0.00040650376607030865,0.004757346564458823,0.009324399266339293,0.0007307089596841516,0.0014321895609809372,0.00041249045839864066,0.0008084812984613357,0.00029410308981810444,0.0005764420560434847,3.634713589677364,7.124038635767633,0.00013054801114118327,0.0002558741018367192,7.155167656659944e-05,0.0001402412860705349,5.413342339606479,10.6101509856287,0.5
cpu,highdim_strong,Strong nonlinear,50,0.05,4,2375,10000,7500,2500,"128,64,32",tanh,1000,2,True,1425,1426,375,500,0.003319088055013453,0.0005080238803020171,6,0.057886003266497,0.011653071612506678,6,0.008412798184262545,0.0017898641017060962,6,0.004455118468701259,0.0007027291953659318,6,0.0044725525595358745,0.0006855227514559329,6,0.4242971608170798,4.660548722793884,6,0.0011794489562177589,0.00020718833968343963,6,0.0011949875644811706,0.00017942309976642744,6,1.4842821043530574,8.198734328582457,6,0.00020739988064811667,0.00040650376607030865,0.004757346564458823,0.009324399266339293,0.0007307089596841516,0.0014321895609809372,0.0002868879926671877,0.0005623004656276878,0.00027986349135596827,0.0005485324430576977,1.9026610487041433,3.729215655460121,8.458428547981038e-05,0.00016578519954042834,7.324917374937115e-05,0.00014356838054876744,3.347119273611176,6.560353776277905,0.3333333333333333
cpu,highdim_strong,Strong nonlinear,50,0.05,5,2875,10000,7500,2500,"128,64,32",tanh,1000,2,True,1425,1426,375,500,0.003319088055013453,0.0005080238803020171,6,0.057886003266497,0.011653071612506678,6,0.008412798184262545,0.0017898641017060962,6,0.0038458073742397244,0.0006662326607851979,6,0.0038668741862495355,0.0006789385317724375,6,0.4843680440836038,3.4923700703905673,6,0.00096979957732272,0.00015811213569317967,6,0.0010239886069709511,0.00016726363391249147,6,5.214903597056819,4.760345892014993,6,0.00020739988064811667,0.00040650376607030865,0.004757346564458823,0.009324399266339293,0.0007307089596841516,0.0014321895609809372,0.0002719883448167478,0.0005330971558408258,0.00027717549492614277,0.0005432639700552398,1.42575411090411,2.794478057372056,6.454900909833094e-05,0.00012651605783272864,6.828509260154807e-05,0.00013383878149903422,1.9434030724317939,3.809070021966316,0.6666666666666666
cpu,highdim_strong,Strong nonlinear,50,0.1,0,750,10000,7500,2500,"128,64,32",tanh,1000,2,True,1425,1426,750,500,0.003319088055013453,0.0005080238803020171,6,0.04689459342308069,0.00908545575012831,6,0.010090143823291034,0.001844165006359528,6,0.05090687188073484,0.012840187033844638,6,0.05112267227409323,0.011666585654695355,6,0.8403778270197987,4.245235699991501,6,0.01300092664545161,0.0032583938401135842,6,0.01330654708265311,0.003038454166876828,6,2.6459675586465576,5.497585451857543,6,0.00020739988064811667,0.00040650376607030865,0.003709121778074957,0.007269878685026916,0.0007528772111795565,0.0014756393339119306,0.005241984405803334,0.010274289435374536,0.004762863649079608,0.009335212752196032,1.7331102171376913,3.396896025589875,0.0013302337148843528,0.0026072580811733314,0.0012404437192802661,0.0024312696897893214,2.244379862399846,4.398984530303698,0.6666666666666666
cpu,highdim_strong,Strong nonlinear,50,0.1,1,1250,10000,7500,2500,"128,64,32",tanh,1000,2,True,1425,1426,750,500,0.003319088055013453,0.0005080238803020171,6,0.04689459342308069,0.00908545575012831,6,0.010090143823291034,0.001844165006359528,6,0.24212853305504498,0.06150783092650762,6,0.2508515178094018,0.08829646420057212,6,-0.8972260614246489,24.623510306025377,6,0.05947008072522928,0.01324885681661007,6,0.06163968190029609,0.020080311758781024,6,-0.4220746956394586,22.76835955850742,6,0.00020739988064811667,0.00040650376607030865,0.003709121778074957,0.007269878685026916,0.0007528772111795565,0.0014756393339119306,0.02511046682588706,0.04921651497873864,0.03604688056388725,0.07065188590521901,10.052505987654174,19.70291173580218,0.005408823145981559,0.010601293366123856,0.00819775294750376,0.01606759577710737,9.29514386642721,18.21848197819733,0.6666666666666666
cpu,highdim_strong,Strong nonlinear,50,0.1,2,1750,10000,7500,2500,"128,64,32",tanh,1000,2,True,1425,1426,750,500,0.003319088055013453,0.0005080238803020171,6,0.04689459342308069,0.00908545575012831,6,0.010090143823291034,0.001844165006359528,6,0.007770298338762219,0.0007480687532328467,6,0.007631827685246219,0.0009647253481058449,6,-2.1868060422682563,5.154291271016356,6,0.0020202247290656123,0.00022145195262114118,6,0.002001857189552898,0.0002728613654157189,6,-1.301911501723927,5.475580704663542,6,0.00020739988064811667,0.00040650376607030865,0.003709121778074957,0.007269878685026916,0.0007528772111795565,0.0014756393339119306,0.0003053977896567431,0.0005985796677272164,0.00039384747413136634,0.000771941049297478,2.104230599945239,4.124291975892668,9.040738107746528e-05,0.00017719846691183194,0.00011139518596460268,0.00021833456449062125,2.2353964619758053,4.381377065472578,0.3333333333333333
cpu,highdim_strong,Strong nonlinear,50,0.1,3,2250,10000,7500,2500,"128,64,32",tanh,1000,2,True,1425,1426,750,500,0.003319088055013453,0.0005080238803020171,6,0.04689459342308069,0.00908545575012831,6,0.010090143823291034,0.001844165006359528,6,0.004779882386421042,0.0007332070224410676,6,0.004797846773641866,0.0007084513962091301,6,0.40955081470778065,4.414070710147803,6,0.001251110860092211,0.00018251576013142868,6,0.0012672803741898228,0.0001951525099249661,6,0.9964444592209319,7.691374068394262,6,0.00020739988064811667,0.00040650376607030865,0.003709121778074957,0.007269878685026916,0.0007528772111795565,0.0014756393339119306,0.00029933051346766514,0.0005866878063966236,0.00028922407137911424,0.0005668791799030639,1.8020368214044507,3.5319921699527232,7.451174705636826e-05,0.00014604302423048177,7.967067855659947e-05,0.00015615452997093496,3.1399903147400448,6.154381016890488,0.5
cpu,highdim_strong,Strong nonlinear,50,0.1,4,2750,10000,7500,2500,"128,64,32",tanh,1000,2,True,1425,1426,750,500,0.003319088055013453,0.0005080238803020171,6,0.04689459342308069,0.00908545575012831,6,0.010090143823291034,0.001844165006359528,6,0.003998243754878161,0.0007134219243075503,6,0.004053314486434556,0.0007208134349838869,6,1.3378238517074008,3.2286300509588806,6,0.0009861585488654737,0.0001541079830473961,6,0.001076330639701489,0.00018377532138281875,6,7.988378341632392,5.868437825530764,6,0.00020739988064811667,0.00040650376607030865,0.003709121778074957,0.007269878685026916,0.0007528772111795565,0.0014756393339119306,0.00029125328097799694,0.000570856430716874,0.0002942708525755567,0.0005767708710480912,1.318082698844218,2.5834420897346675,6.291432062593345e-05,0.00012331206842682957,7.502596078398278e-05,0.00014705088313660624,2.395779709966404,4.695728231534152,0.6666666666666666
cpu,highdim_strong,Strong nonlinear,50,0.1,5,3250,10000,7500,2500,"128,64,32",tanh,1000,2,True,1425,1426,750,500,0.003319088055013453,0.0005080238803020171,6,0.04689459342308069,0.00908545575012831,6,0.010090143823291034,0.001844165006359528,6,0.0036127858952351567,0.0006410902675186346,6,0.0036748512160330415,0.0006717745564205482,6,1.5866206270806875,1.7765637106767507,6,0.0009804090570731895,0.00016064305064473068,6,0.0009433590927925723,0.00016351037039807512,6,-4.125427838436205,4.768517626234786,6,0.00020739988064811667,0.00040650376607030865,0.003709121778074957,0.007269878685026916,0.0007528772111795565,0.0014756393339119306,0.0002617240057475032,0.0005129790512651062,0.00027425081423580874,0.0005375315959021851,0.7252790977839205,1.4215470316564842,6.558225080061107e-05,0.00012854121156919768,6.67528291881272e-05,0.0001308355452087293,1.9467391689571496,3.815608771156013,0.6666666666666666
cuda,highdim_poly2,Quadratic,20,0.05,0,375,10000,7500,2500,"128,64,32",tanh,1000,2,True,270,271,375,500,0.008007250931467995,0.0010000885314634758,6,0.038540435037832554,0.011978259810981294,6,0.020273697014241473,0.006177002300036321,6,0.010544317242283061,0.002719925916014561,6,0.010662953267831421,0.002487660165019803,6,1.5842372050496436,8.828607415994787,6,0.006831132682276304,0.001686867789727068,6,0.006930251012714143,0.0017135885134009778,6,1.3839804866959113,7.0497963968412485,6,0.0004082844332824793,0.0008002374892336594,0.0048901040905651085,0.009584604017507612,0.002521750629181178,0.004942631233195109,0.0011104051054013013,0.00217639400658655,0.001015583009624386,0.0019905426988637964,3.604263884756455,7.064357214122652,0.0006886608913946306,0.001349775347133476,0.0006995695811544617,0.0013711563790627448,2.878067327128741,5.641011961172333,0.6666666666666666
cuda,highdim_poly2,Quadratic,20,0.05,1,875,10000,7500,2500,"128,64,32",tanh,1000,2,True,270,271,375,500,0.008007250931467995,0.0010000885314634758,6,0.038540435037832554,0.011978259810981294,6,0.020273697014241473,0.006177002300036321,6,0.004096895397673182,0.0008426142953018567,6,0.004572143827862268,0.0009154568575284505,6,10.505223176911757,2.114108951769146,6,0.0027926729224344794,0.0006177515180963096,6,0.0030670282041856908,0.000641336217167912,6,9.177699345625694,2.64191321072785,6,0.0004082844332824793,0.0008002374892336594,0.0048901040905651085,0.009584604017507612,0.002521750629181178,0.004942631233195109,0.0003439958455773957,0.0006742318573316955,0.00037373369707941015,0.0007325180462756438,0.8630813654141034,1.6916394762116427,0.00025219600119427455,0.0004943041623407781,0.0002618244142713609,0.0005131758519718673,1.0785565518335403,2.113970841593739,1.0
cuda,highdim_poly2,Quadratic,20,0.05,2,1375,10000,7500,2500,"128,64,32",tanh,1000,2,True,270,271,375,500,0.008007250931467995,0.0010000885314634758,6,0.038540435037832554,0.011978259810981294,6,0.020273697014241473,0.006177002300036321,6,0.0037696461182722013,0.000742990290194951,6,0.003967171395454849,0.0008006101348930147,6,4.90214508552081,1.2076552172666226,6,0.002535480280820937,0.0005224336678750135,6,0.0026604071686708,0.0005398693662522372,6,4.610376641656052,5.5761781574913325,6,0.0004082844332824793,0.0008002374892336594,0.0048901040905651085,0.009584604017507612,0.002521750629181178,0.004942631233195109,0.00030332451580333824,0.000594516050974543,0.00032684771889811607,0.0006406215290403075,0.4930231779188638,0.966325428720973,0.0002132826517907399,0.00041803399750985017,0.000220400745846285,0.0004319854618587186,2.2764652001177703,4.46187179223083,1.0
cuda,highdim_poly2,Quadratic,20,0.05,3,1875,10000,7500,2500,"128,64,32",tanh,1000,2,True,270,271,375,500,0.008007250931467995,0.0010000885314634758,6,0.038540435037832554,0.011978259810981294,6,0.020273697014241473,0.006177002300036321,6,0.0036430352591392177,0.0006977679245787132,6,0.0037807076186853143,0.000763544242159753,6,3.438498112623922,1.7324920370935692,6,0.0023560007381738845,0.0004028775546170669,6,0.0025521603347583703,0.0005211159359375245,6,6.968572569250811,5.998997491568593,6,0.0004082844332824793,0.0008002374892336594,0.0048901040905651085,0.009584604017507612,0.002521750629181178,0.004942631233195109,0.0002848625623497774,0.0005583306222055637,0.000311715631555245,0.0006109626378482802,0.7072869123857053,1.3862823482759823,0.00016447407293867917,0.0003223691829598112,0.00021274468997997036,0.0004169795923607419,2.4490804704298808,4.800197722042566,1.0
cuda,highdim_poly2,Quadratic,20,0.05,4,2375,10000,7500,2500,"128,64,32",tanh,1000,2,True,270,271,375,500,0.008007250931467995,0.0010000885314634758,6,0.038540435037832554,0.011978259810981294,6,0.020273697014241473,0.006177002300036321,6,0.003593000223196776,0.0007136518541653365,6,0.0036748674595046826,0.0007411084133486423,6,2.1590121359412726,0.7029887232535444,6,0.002428284454853074,0.0005134903061370062,6,0.0024812667095524313,0.00047793877937331113,6,2.2281970355508256,5.118010325699604,6,0.0004082844332824793,0.0008002374892336594,0.0048901040905651085,0.009584604017507612,0.002521750629181178,0.004942631233195109,0.00029134714944936474,0.0005710404129207549,0.0003025562427979692,0.0005930102358840197,0.28699394448363325,0.5625081311879212,0.00020963153965019847,0.000410877817714389,0.0001951176896255397,0.0003824306716660578,2.0894189660432625,4.095261173444794,1.0
cuda,highdim_poly2,Quadratic,20,0.05,5,2875,10000,7500,2500,"128,64,32",tanh,1000,2,True,270,271,375,500,0.008007250931467995,0.0010000885314634758,6,0.038540435037832554,0.011978259810981294,6,0.020273697014241473,0.006177002300036321,6,0.003540555753715915,0.0007041853086505041,6,0.003612058589496536,0.0007232582867499769,6,1.957815152820871,0.7211680032657964,6,0.002468931750943612,0.0005301122967683458,6,0.002474113706174714,0.0005095624718426798,6,0.13099629649005706,4.748943370778156,6,0.0004082844332824793,0.0008002374892336594,0.0048901040905651085,0.009584604017507612,0.002521750629181178,0.004942631233195109,0.00028748244842633603,0.0005634655989156186,0.00029526895912950055,0.0005787271598938211,0.294415604470499,0.5770545847621781,0.00021641743890954922,0.0004241781802627165,0.00020802800801431439,0.0004077348957080562,1.9387480126298777,3.7999461047545604,1.0
cuda,highdim_poly2,Quadratic,20,0.1,0,750,10000,7500,2500,"128,64,32",tanh,1000,2,True,270,271,750,500,0.008007250931467995,0.0010000885314634758,6,0.0048114011346348995,0.0014005389982087917,6,0.003052904161676631,0.0008414904170087951,6,0.0050447951645659584,0.000832507247033635,6,0.004938994337223364,0.0010037488418567506,6,-3.436847844106962,9.856180057015816,6,0.003421024536822965,0.0007129684955873642,6,0.0033445350351482034,0.0006892464289365471,6,-3.135866527740974,11.814499364178726,6,0.0004082844332824793,0.0008002374892336594,0.0005717676517467106,0.0011206645974235526,0.0003435370241855638,0.0006733325674037051,0.0003398696604002584,0.0006661445343845065,0.00040977874874310085,0.0008031663475364777,4.023768658780727,7.886586571210225,0.00029106816947813374,0.0005704936121771421,0.00028138367632166784,0.0005515120055904689,4.823249168112362,9.453568369500228,0.5
cuda,highdim_poly2,Quadratic,20,0.1,1,1250,10000,7500,2500,"128,64,32",tanh,1000,2,True,270,271,750,500,0.008007250931467995,0.0010000885314634758,6,0.0048114011346348995,0.0014005389982087917,6,0.003052904161676631,0.0008414904170087951,6,0.0038708332758524994,0.000767919099855169,6,0.004146026105558747,0.0008025753556405713,6,6.746477026415897,1.0739838008272633,6,0.0025783490878442065,0.0005156838695481853,6,0.0028324563096642883,0.0005144047743768609,6,9.296244588468113,4.148242434894042,6,0.0004082844332824793,0.0008002374892336594,0.0005717676517467106,0.0011206645974235526,0.0003435370241855638,0.0006733325674037051,0.00031350165973042127,0.0006144632530716257,0.00032765001690869013,0.0006421940331410327,0.43845205067361226,0.85936601932028,0.0002105270581628364,0.00041263303399915937,0.00021000486974580266,0.0004116095447017732,1.6935128824751455,3.3192852496512852,1.0
cuda,highdim_poly2,Quadratic,20,0.1,2,1750,10000,7500,2500,"128,64,32",tanh,1000,2,True,270,271,750,500,0.008007250931467995,0.0010000885314634758,6,0.0048114011346348995,0.0014005389982087917,6,0.003052904161676631,0.0008414904170087951,6,0.003711477056335035,0.0007227218070758747,6,0.003852758241866943,0.000763362527701617,6,3.613904262225209,0.7180340911047953,6,0.0025374058823132545,0.0005500160526063134,6,0.002641233918068319,0.0004781534490810536,6,4.498000095913713,5.421353367472046,6,0.0004082844332824793,0.0008002374892336594,0.0005717676517467106,0.0011206645974235526,0.0003435370241855638,0.0006733325674037051,0.0002950499422196797,0.0005782978867505721,0.0003116414469383584,0.0006108172359991825,0.2931361901883064,0.5745469327690805,0.0002245431132042096,0.0004401045018802508,0.0001952053281667399,0.0003826024432068102,2.2132582442709703,4.337986158771102,1.0
cuda,highdim_poly2,Quadratic,20,0.1,3,2250,10000,7500,2500,"128,64,32",tanh,1000,2,True,270,271,750,500,0.008007250931467995,0.0010000885314634758,6,0.0048114011346348995,0.0014005389982087917,6,0.003052904161676631,0.0008414904170087951,6,0.0036014347428449684,0.0007066882556696308,6,0.0037064389851539773,0.0007396882133893957,6,2.7659021911456336,0.5911427332714452,6,0.002474955881624427,0.0004956681352244755,6,0.0024925403405580498,0.0004608136711157579,6,0.8652594980884443,3.5600611374394715,6,0.0004082844332824793,0.0008002374892336594,0.0005717676517467106,0.0011206645974235526,0.0003435370241855638,0.0006733325674037051,0.00028850427226801616,0.0005654683736453117,0.00030197644859248995,0.0005918738392412802,0.24133301027820286,0.47301270014527763,0.000202355668842803,0.0003966171109318939,0.000188126393455385,0.0003687277311725546,1.4533888733065001,2.84864219168074,1.0
cuda,highdim_poly2,Quadratic,20,0.1,4,2750,10000,7500,2500,"128,64,32",tanh,1000,2,True,270,271,750,500,0.008007250931467995,0.0010000885314634758,6,0.0048114011346348995,0.0014005389982087917,6,0.003052904161676631,0.0008414904170087951,6,0.003561224574039038,0.0007119076651455048,6,0.0036345201753496263,0.0007217430287496685,6,2.0487889354349758,0.5921822980104944,6,0.0023651068083719944,0.0004626264291526871,6,0.0024369760916253744,0.0004833229225739517,6,2.762872187572461,4.1888880228094925,6,0.0004082844332824793,0.0008002374892336594,0.0005717676517467106,0.0011206645974235526,0.0003435370241855638,0.0006733325674037051,0.00029063508726377257,0.0005696447710369942,0.00029465035764126294,0.0005775147009768754,0.24175741080574623,0.4738445251792626,0.00018886644882498598,0.00037017823969697254,0.00019731575688281382,0.00038673888349031506,1.7101063742565268,3.3518084935427925,1.0
cuda,highdim_poly2,Quadratic,20,0.1,5,3250,10000,7500,2500,"128,64,32",tanh,1000,2,True,270,271,750,500,0.008007250931467995,0.0010000885314634758,6,0.0048114011346348995,0.0014005389982087917,6,0.003052904161676631,0.0008414904170087951,6,0.0035163430247584977,0.0007096852606543533,6,0.003575923721696545,0.0007157278621090297,6,1.6999008525879227,0.4282651331174538,6,0.0023922807457074304,0.0004942155304457995,6,0.0024269359818895617,0.000504764937469563,6,1.317239795319031,6.2720610381853215,6,0.0004082844332824793,0.0008002374892336594,0.0005717676517467106,0.0011206645974235526,0.0003435370241855638,0.0006733325674037051,0.0002897277944295408,0.0005678664770818999,0.00029219467614336684,0.000572701565240999,0.17483850846047924,0.3426834765825393,0.0002017626454251889,0.00039545478503337023,0.00020606942280804785,0.0004038960687037738,2.5605581965241595,5.018694065187352,1.0
cuda,highdim_poly2,Quadratic,50,0.05,0,375,10000,7500,2500,"128,64,32",tanh,1000,2,True,1425,1426,375,500,0.037016567843385605,0.005454430761277767,6,0.04032820828672172,0.004498760161388465,6,0.005936556411771602,0.0004796448383360124,6,0.04556823860396753,0.004470357200667405,6,0.04587456502716622,0.0045829035422994225,6,0.6463322082471392,1.3994119127951405,6,0.01081623797688182,0.000789163123653564,6,0.011410350624951132,0.0010744769003003716,6,5.00180415674264,3.617128331646156,6,0.0022267620337451557,0.004364453586140505,0.0018366111450937735,0.003599757844383796,0.00019581418528049303,0.00038379580314976635,0.0018250156849352885,0.0035770307424731656,0.0018709625365045215,0.003667086571548862,0.5713075210533808,1.1197627412646263,0.00032217449612868967,0.0006314620124122318,0.0004386533576905373,0.0008597605810734531,1.4766864577829482,2.8943054572545783,0.6666666666666666
cuda,highdim_poly2,Quadratic,50,0.05,1,875,10000,7500,2500,"128,64,32",tanh,1000,2,True,1425,1426,375,500,0.037016567843385605,0.005454430761277767,6,0.04032820828672172,0.004498760161388465,6,0.005936556411771602,0.0004796448383360124,6,0.04392376049404906,0.004482991497850129,6,0.047203405286786106,0.005117135760324612,6,6.820206992110729,3.3234826375507605,6,0.011366552491360425,0.0009878178428716832,6,0.01240976037751978,0.0013641530650710645,6,8.174240660848298,3.4251411599648343,6,0.0022267620337451557,0.004364453586140505,0.0018366111450937735,0.003599757844383796,0.00019581418528049303,0.00038379580314976635,0.001830173615161348,0.003587140285716242,0.002089061926224023,0.004094561375399085,1.3568061051664286,2.6593399661262,0.0004032749456420656,0.0007904188934584486,0.0005569131567463011,0.0010915497872227501,1.3983080231530565,2.7406837253799905,1.0
cuda,highdim_poly2,Quadratic,50,0.05,2,1375,10000,7500,2500,"128,64,32",tanh,1000,2,True,1425,1426,375,500,0.037016567843385605,0.005454430761277767,6,0.04032820828672172,0.004498760161388465,6,0.005936556411771602,0.0004796448383360124,6,0.636003507721698,0.10190153893536115,6,0.7509889955280463,0.11935809223362001,6,12.997216439679827,22.566520376377117,6,0.14449955210017765,0.0190457180203069,6,0.16629860935978366,0.022528265975499517,6,11.556096144495315,18.190971419539384,6,0.0022267620337451557,0.004364453586140505,0.0018366111450937735,0.003599757844383796,0.00019581418528049303,0.00038379580314976635,0.04160112906599797,0.08153821296935602,0.04872773710740346,0.09550636473051079,9.212743365373889,18.05697699613282,0.007775381822447083,0.015239748371996282,0.00919712607161289,0.018026367100361262,7.426432983903946,14.555808648451734,0.6666666666666666
cuda,highdim_poly2,Quadratic,50,0.05,3,1875,10000,7500,2500,"128,64,32",tanh,1000,2,True,1425,1426,375,500,0.037016567843385605,0.005454430761277767,6,0.04032820828672172,0.004498760161388465,6,0.005936556411771602,0.0004796448383360124,6,0.04301971281902375,0.0076549136843214365,6,0.05031906780167702,0.006967597680924622,6,14.929578827454668,4.764815618111039,6,0.01151233470028875,0.0019215607558426293,6,0.013366812207454363,0.0018623164782211937,6,14.158913581426619,3.604522657829652,6,0.0022267620337451557,0.004364453586140505,0.0018366111450937735,0.003599757844383796,0.00019581418528049303,0.00038379580314976635,0.003125105425272658,0.006125206633534409,0.002844509841877454,0.005575239290079809,1.9452278304693467,3.812646547719919,0.0007844738935952019,0.0015375688314465956,0.0007602875185364844,0.0014901635363315094,1.4715402129972153,2.884218817474542,1.0
cuda,highdim_poly2,Quadratic,50,0.05,4,2375,10000,7500,2500,"128,64,32",tanh,1000,2,True,1425,1426,375,500,0.037016567843385605,0.005454430761277767,6,0.04032820828672172,0.004498760161388465,6,0.005936556411771602,0.0004796448383360124,6,0.035840752018468085,0.0063900686092736875,6,0.0382777359880097,0.006032569420142325,6,6.674508262760476,2.7413683832630986,6,0.009355063080069845,0.0013690651345353551,6,0.010250284155621832,0.0015896664822303806,6,8.418602563931668,5.047992722623036,6,0.0022267620337451557,0.004364453586140505,0.0018366111450937735,0.003599757844383796,0.00019581418528049303,0.00038379580314976635,0.002608734585682778,0.005113119787938245,0.002462786152877682,0.004827060859640257,1.1191589559988442,2.1935515537577346,0.0005589185007077374,0.0010954802613871652,0.0006489786237782559,0.0012719981026053815,2.060834399284876,4.039235422598357,1.0
cuda,highdim_poly2,Quadratic,50,0.05,5,2875,10000,7500,2500,"128,64,32",tanh,1000,2,True,1425,1426,375,500,0.037016567843385605,0.005454430761277767,6,0.04032820828672172,0.004498760161388465,6,0.005936556411771602,0.0004796448383360124,6,0.033838445063159604,0.0062560484120289936,6,0.03502645614893036,0.006132217089202863,6,3.5505084130696942,1.6722172314857533,6,0.008995698656938507,0.0015387874395149002,6,0.009526677545393358,0.0016523579036808154,6,5.538308589687296,1.9868820554292517,6,0.0022267620337451557,0.004364453586140505,0.0018366111450937735,0.003599757844383796,0.00019581418528049303,0.00038379580314976635,0.0025540210692700017,0.005005881295769204,0.002503467143420355,0.004906795601103896,0.6826798260382727,1.3380524590350145,0.0006282073415692231,0.0012312863894756772,0.0006745722894121454,0.001322161687247805,0.8111412024823184,1.589836756865344,1.0
cuda,highdim_poly2,Quadratic,50,0.1,0,750,10000,7500,2500,"128,64,32",tanh,1000,2,True,1425,1426,750,500,0.037016567843385605,0.005454430761277767,6,0.03235069535846572,0.004009106126784961,6,0.0065843764847387425,0.001054371129096427,6,0.04510078000174081,0.004481791219543412,6,0.0454704750859879,0.005412059312476823,6,0.5152272040775967,4.568228520245744,6,0.012008769189737839,0.0013065126863009867,6,0.011804353303430779,0.0013346175383858758,6,-1.9456965616280997,5.881250145031853,6,0.0022267620337451557,0.004364453586140505,0.0016367107225481597,0.003207953016194393,0.0004304452109680694,0.000843672613497416,0.00182968360359455,0.0035861798630453176,0.0022094639622076933,0.004330549365927079,1.8649714838385878,3.655344108323632,0.0005333815706517272,0.0010454278784773853,0.0005448553284691229,0.0010679164437994808,2.4010103174996007,4.7059802222992175,0.5
cuda,highdim_poly2,Quadratic,50,0.1,1,1250,10000,7500,2500,"128,64,32",tanh,1000,2,True,1425,1426,750,500,0.037016567843385605,0.005454430761277767,6,0.03235069535846572,0.004009106126784961,6,0.0065843764847387425,0.001054371129096427,6,0.10887511645084069,0.0075306000542812316,6,0.14184236140993925,0.012321110203607433,6,22.661076554959447,9.627518708590785,6,0.02825059334603795,0.0023309002679349246,6,0.03641350047733519,0.0027663515507523415,6,21.764442710077514,11.870948312470885,6,0.0022267620337451557,0.004364453586140505,0.0016367107225481597,0.003207953016194393,0.0004304452109680694,0.000843672613497416,0.0030743545983273873,0.006025735012721679,0.005030072177239594,0.009858941467389604,3.9304180541910463,7.70361938621445,0.0009515860496261933,0.0018651086572673387,0.0011293582914166998,0.0022135422511767315,4.846294354751119,9.498736935312193,1.0
cuda,highdim_poly2,Quadratic,50,0.1,2,1750,10000,7500,2500,"128,64,32",tanh,1000,2,True,1425,1426,750,500,0.037016567843385605,0.005454430761277767,6,0.03235069535846572,0.004009106126784961,6,0.0065843764847387425,0.001054371129096427,6,0.05027903363327513,0.007846099751581542,6,0.05725260893766205,0.007482143794302902,6,12.370336434586315,3.961267464691895,6,0.013606238772092084,0.0022466610594350633,6,0.015112794059671001,0.0018525349651527126,6,10.28965698115789,6.237430605604443,6,0.0022267620337451557,0.004364453586140505,0.0016367107225481597,0.003207953016194393,0.0004304452109680694,0.000843672613497416,0.0032031568103921054,0.006278187348368526,0.0030545724130289615,0.005986961929536764,1.6171806705305871,3.1696741142399505,0.000917195536766096,0.0017977032520615482,0.000756294232548127,0.001482336695794329,2.546420381624992,4.990983947984984,1.0
cuda,highdim_poly2,Quadratic,50,0.1,3,2250,10000,7500,2500,"128,64,32",tanh,1000,2,True,1425,1426,750,500,0.037016567843385605,0.005454430761277767,6,0.03235069535846572,0.004009106126784961,6,0.0065843764847387425,0.001054371129096427,6,0.036690000974610365,0.007097186188027016,6,0.03983007472179016,0.0060116689115318495,6,8.459035493989488,4.8262490214857445,6,0.010007417217360643,0.0019227116051451878,6,0.010632920176320509,0.0015817184219113604,6,6.282124381221112,6.42331138690521,6,0.0022267620337451557,0.004364453586140505,0.0016367107225481597,0.003207953016194393,0.0004304452109680694,0.000843672613497416,0.0028974141283657703,0.00567893169159691,0.00245425355596763,0.004810336969696555,1.9703079123744471,3.8618035082539164,0.0007849437258555529,0.0015384897026768838,0.0006457338417405122,0.0012656383298114038,2.6223058928211174,5.1397195499293895,1.0
cuda,highdim_poly2,Quadratic,50,0.1,4,2750,10000,7500,2500,"128,64,32",tanh,1000,2,True,1425,1426,750,500,0.037016567843385605,0.005454430761277767,6,0.03235069535846572,0.004009106126784961,6,0.0065843764847387425,0.001054371129096427,6,0.03418542502638989,0.006389422611984019,6,0.035687734879796505,0.006076650254897167,6,4.497066290716808,2.248157276998258,6,0.00916283367318615,0.001424951470933863,6,0.009502760811015119,0.0014790957766702257,6,3.5542565309254592,3.6639275317500273,6,0.0022267620337451557,0.004364453586140505,0.0016367107225481597,0.003207953016194393,0.0004304452109680694,0.000843672613497416,0.002608470858393626,0.005112602882451507,0.002480782078308566,0.004862332873484789,0.9178063650284323,1.7989004754557272,0.0005817340020027166,0.0011401986439253243,0.0006038383222579394,0.0011835231116255611,1.49579215122043,2.9317526163920427,1.0
cuda,highdim_poly2,Quadratic,50,0.1,5,3250,10000,7500,2500,"128,64,32",tanh,1000,2,True,1425,1426,750,500,0.037016567843385605,0.005454430761277767,6,0.03235069535846572,0.004009106126784961,6,0.0065843764847387425,0.001054371129096427,6,0.0328025824492429,0.0059689387462108,6,0.033718603474703755,0.005912718320713934,6,2.81600703042608,1.1627851950977426,6,0.008821171352452408,0.0017580167658712864,6,0.009027028195942009,0.0015363531429919205,6,2.478536128016138,7.311795832602924,6,0.0022267620337451557,0.004364453586140505,0.0016367107225481597,0.003207953016194393,0.0004304452109680694,0.000843672613497416,0.0024368090390240733,0.004776145716487184,0.0024138571464258265,0.00473116000699462,0.4747050680753429,0.9304219334276721,0.000717707339273762,0.0014067063849765736,0.0006272135441752344,0.0012293385465834594,2.985028148880942,5.850655171806646,1.0
cuda,highdim_smooth,Smooth,20,0.05,0,375,10000,7500,2500,"128,64,32",tanh,1000,2,True,270,271,375,500,0.002028275282851153,0.0003035395828656899,6,0.0077291364688654935,0.003590072077705301,6,0.004417135373920894,0.002098956312451929,6,0.002526704424369396,0.0008340396372331188,6,0.002451555443412463,0.0004184761997721454,6,-1.1426243894795334,15.400057441971397,6,0.0016232017480201748,0.0005500150604108854,6,0.0015711998398540436,0.00032042963054020285,6,-1.4807106614768557,12.9606316806113,6,0.00012391951579303201,0.00024288225095434274,0.0014656407883652382,0.002872655945195867,0.0008568953263168339,0.0016795148395809944,0.00034049525607952126,0.0006673707019158616,0.00017084219315679242,0.00033485069858731314,6.287047123730114,12.322612362511023,0.00022454270814212235,0.0004401037079585598,0.00013081484888200507,0.0002563971038087299,5.291155726941348,10.370665224805041,0.5
cuda,highdim_smooth,Smooth,20,0.05,1,875,10000,7500,2500,"128,64,32",tanh,1000,2,True,270,271,375,500,0.002028275282851153,0.0003035395828656899,6,0.0077291364688654935,0.003590072077705301,6,0.004417135373920894,0.002098956312451929,6,0.0010184237143001653,0.00019359324588605743,6,0.0011073296090778064,0.0002441878186737186,6,7.56950922151134,3.0539870378912792,6,0.0006606155657362185,0.00012157063438588401,6,0.0007385646401895479,0.00015894058233219895,6,9.870458928783698,7.2101640945680145,6,0.00012391951579303201,0.00024288225095434274,0.0014656407883652382,0.002872655945195867,0.0008568953263168339,0.0016795148395809944,7.903411167833324e-05,0.00015490685888953313,9.968925952564539e-05,0.00019539094867026494,1.2467849873179118,2.443698575143107,4.963100365864447e-05,9.727676717094317e-05,6.488722102245109e-05,0.00012717895320400413,2.943537165571319,5.769332844519785,1.0
cuda,highdim_smooth,Smooth,20,0.05,2,1375,10000,7500,2500,"128,64,32",tanh,1000,2,True,270,271,375,500,0.002028275282851153,0.0003035395828656899,6,0.0077291364688654935,0.003590072077705301,6,0.004417135373920894,0.002098956312451929,6,0.0009285543444096726,0.00018236909781702934,6,0.0009869518753038095,0.00021431664544324612,6,5.625762475076146,2.6395749294697355,6,0.0006079154727776041,0.000142005400253222,6,0.0006486128421239628,0.00013531441375693387,6,6.369464236663476,7.562506599453805,6,0.00012391951579303201,0.00024288225095434274,0.0014656407883652382,0.002872655945195867,0.0008568953263168339,0.0016795148395809944,7.445187241723925e-05,0.00014592566993778893,8.749440412015509e-05,0.00017148903207550397,1.0776019525072913,2.112099826914291,5.797346189001451e-05,0.00011362798530442845,5.524187809138808e-05,0.00010827408105912064,3.0873803908486983,6.0512655660634485,1.0
cuda,highdim_smooth,Smooth,20,0.05,3,1875,10000,7500,2500,"128,64,32",tanh,1000,2,True,270,271,375,500,0.002028275282851153,0.0003035395828656899,6,0.0077291364688654935,0.003590072077705301,6,0.004417135373920894,0.002098956312451929,6,0.0008973890785216082,0.00017985388804940878,6,0.0009308468536447905,0.00018696652777558034,6,3.574512536747246,1.8235138596199623,6,0.0005938338546868571,0.00010976191200266018,6,0.0006232924356321693,0.00012658469899118867,6,4.451955753109213,2.5121458617162693,6,0.00012391951579303201,0.00024288225095434274,0.0014656407883652382,0.002872655945195867,0.0008568953263168339,0.0016795148395809944,7.342504232945015e-05,0.00014391308296572228,7.632876533834505e-05,0.00014960438006315628,0.7444464158270103,1.4591149750209402,4.481011293313099e-05,8.782782134893675e-05,5.167798696203546e-05,0.0001012888544455895,1.025579253441535,2.010135336745409,1.0
cuda,highdim_smooth,Smooth,20,0.05,4,2375,10000,7500,2500,"128,64,32",tanh,1000,2,True,270,271,375,500,0.002028275282851153,0.0003035395828656899,6,0.0077291364688654935,0.003590072077705301,6,0.004417135373920894,0.002098956312451929,6,0.0008828714660976521,0.00017663575161974257,6,0.0009110704186532243,0.00018946285027016222,6,2.9867300864047692,1.5258570614426712,6,0.0005873562333059621,0.00010413956559073885,6,0.0006069826908012585,0.00012803920572624088,6,2.6340573519137878,5.526069778823491,6,0.00012391951579303201,0.00024288225095434274,0.0014656407883652382,0.002872655945195867,0.0008568953263168339,0.0016795148395809944,7.211124363355943e-05,0.00014133803752177648,7.734788472920457e-05,0.00015160185406924096,0.6229285368261842,1.220939932179321,4.251479962206847e-05,8.33290072592542e-05,5.22717868500887e-05,0.00010245270222617386,2.256008540188708,4.421776738769868,1.0
cuda,highdim_smooth,Smooth,20,0.05,5,2875,10000,7500,2500,"128,64,32",tanh,1000,2,True,270,271,375,500,0.002028275282851153,0.0003035395828656899,6,0.0077291364688654935,0.003590072077705301,6,0.004417135373920894,0.002098956312451929,6,0.0008717077926120518,0.00017656838164887534,6,0.0008959555374440657,0.0001893930905076549,6,2.5810451056526014,1.3143195842090925,6,0.0005767203158754784,0.00012219933973170138,6,0.0005849730665938472,0.00010547033471514642,6,1.6486814411764756,5.853360010783692,6,0.00012391951579303201,0.00024288225095434274,0.0014656407883652382,0.002872655945195867,0.0008568953263168339,0.0016795148395809944,7.208373995812428e-05,0.0001412841303179236,7.73194054254178e-05,0.00015154603463381889,0.5365687233765373,1.051674697818013,4.9887671541279906e-05,9.777983622090861e-05,4.305808384210995e-05,8.43938443305355e-05,2.3896242178719813,4.683663467029083,1.0
cuda,highdim_smooth,Smooth,20,0.1,0,750,10000,7500,2500,"128,64,32",tanh,1000,2,True,270,271,750,500,0.002028275282851153,0.0003035395828656899,6,0.0010924821726159741,0.0002519114911057809,6,0.0006661033841087897,0.00015850642533579622,6,0.0012124570790086136,0.00024827217722833835,6,0.0012036213987988765,0.0002462201534258981,6,-0.841922809881316,8.303650623839355,6,0.0007732767536967216,0.00018614552174996634,6,0.0007835311996785819,0.00016885703563580029,6,1.4451154537962756,6.57653613529921,6,0.00012391951579303201,0.00024288225095434274,0.00010284243559213769,0.00020157117376058987,6.470997717087676e-05,0.00012683155525491845,0.00010135669192321036,0.0001986591161694923,0.00010051895671387296,0.000197017155159191,3.3899511717916067,6.644304296711549,7.59935910319276e-05,0.00014894743842257808,6.893559613111107e-05,0.0001351137684169777,2.6848596344097233,5.262324883443058,0.5
cuda,highdim_smooth,Smooth,20,0.1,1,1250,10000,7500,2500,"128,64,32",tanh,1000,2,True,270,271,750,500,0.002028275282851153,0.0003035395828656899,6,0.0010924821726159741,0.0002519114911057809,6,0.0006661033841087897,0.00015850642533579622,6,0.0009560444207266538,0.00019095329333953696,6,0.0010121990176107367,0.00020358946419958893,6,5.523372980893664,2.587829964140677,6,0.0006693682317729893,0.00016529221873638476,6,0.0006622681642050652,0.00012850447066664752,6,-0.2788906158053877,5.2007691549847594,6,0.00012391951579303201,0.00024288225095434274,0.00010284243559213769,0.00020157117376058987,6.470997717087676e-05,0.00012683155525491845,7.795635556431054e-05,0.00015279445690604866,8.311505071593603e-05,0.0001629054994032346,1.0564771588715913,2.070695231388319,6.7480265726108e-05,0.00013226132082317169,5.246173046662248e-05,0.00010282499171458006,2.123205116619718,4.161482028574647,1.0
cuda,highdim_smooth,Smooth,20,0.1,2,1750,10000,7500,2500,"128,64,32",tanh,1000,2,True,270,271,750,500,0.002028275282851153,0.0003035395828656899,6,0.0010924821726159741,0.0002519114911057809,6,0.0006661033841087897,0.00015850642533579622,6,0.000909976628554588,0.00018458974757922997,6,0.0009558192946388381,0.00019533047616013155,6,4.752582434408683,2.866735697118666,6,0.0006173858259662287,0.00013568890992093042,6,0.000635663536519236,0.00012562991750017302,6,3.052355246061832,5.882576628202414,6,0.00012391951579303201,0.00024288225095434274,0.00010284243559213769,0.00020157117376058987,6.470997717087676e-05,0.00012683155525491845,7.535844888637664e-05,0.00014770255981729822,7.974333296786606e-05,0.00015629693261701746,1.1703399475604261,2.293866297218435,5.539476551012495e-05,0.0001085737403998449,5.128819905056179e-05,0.0001005248701391011,2.4015518519863113,4.70704162989317,1.0
cuda,highdim_smooth,Smooth,20,0.1,3,2250,10000,7500,2500,"128,64,32",tanh,1000,2,True,270,271,750,500,0.002028275282851153,0.0003035395828656899,6,0.0010924821726159741,0.0002519114911057809,6,0.0006661033841087897,0.00015850642533579622,6,0.0008898393338595692,0.00017885543840286992,6,0.0009248977556918066,0.00018680355288749114,6,3.774757159161896,2.3198786987574227,6,0.0005607583042987806,0.00012304609175574726,6,0.0006161122083419378,0.00013242606475467595,6,9.04320097996623,6.1909430901010944,6,0.00012391951579303201,0.00024288225095434274,0.00010284243559213769,0.00020157117376058987,6.470997717087676e-05,0.00012683155525491845,7.30174269681364e-05,0.00014311415685754736,7.626223111889409e-05,0.00014947397299303243,0.947086512851249,1.8562895651884481,5.0233356607543454e-05,9.845737895078516e-05,5.406271454895329e-05,0.00010596292051594845,2.5274419328928377,4.953786188469961,1.0
cuda,highdim_smooth,Smooth,20,0.1,4,2750,10000,7500,2500,"128,64,32",tanh,1000,2,True,270,271,750,500,0.002028275282851153,0.0003035395828656899,6,0.0010924821726159741,0.0002519114911057809,6,0.0006661033841087897,0.00015850642533579622,6,0.0008783218233304222,0.00017533977047358987,6,0.0009043706382941322,0.00018550696391272055,6,2.79772346176885,2.020835082256199,6,0.000598556514192123,0.00013008391185673996,6,0.0005833157603242417,0.00011433005852777285,6,-2.6431089426885164,7.004065604272882,6,0.00012391951579303201,0.00024288225095434274,0.00010284243559213769,0.00020157117376058987,6.470997717087676e-05,0.00012683155525491845,7.15821615461692e-05,0.00014030103663049165,7.57329008865097e-05,0.000148436485737559,0.8250024676404933,1.6170048365753669,5.3106534632365935e-05,0.00010408880787943723,4.6675050942596674e-05,9.148309984748948e-05,2.8593978092411483,5.60441970611265,1.0
cuda,highdim_smooth,Smooth,20,0.1,5,3250,10000,7500,2500,"128,64,32",tanh,1000,2,True,270,271,750,500,0.002028275282851153,0.0003035395828656899,6,0.0010924821726159741,0.0002519114911057809,6,0.0006661033841087897,0.00015850642533579622,6,0.0008690513990781853,0.00017718093952380907,6,0.0008927659865920493,0.00018933379468484828,6,2.5426838383631507,1.3548581302059068,6,0.000604507337957765,0.00016372496707087376,6,0.0005860838528378202,0.00011518718194049505,6,-2.2628092564458133,8.052180457603317,6,0.00012391951579303201,0.00024288225095434274,0.00010284243559213769,0.00020157117376058987,6.470997717087676e-05,0.00012683155525491845,7.233381566337616e-05,0.00014177427870021726,7.729519800712536e-05,0.0001514985880939657,0.5531185154776275,1.0841122903361498,6.684043791293648e-05,0.0001310072583093555,4.702497011055707e-05,9.216894141669185e-05,3.287288906323081,6.443086256393238,1.0
cuda,highdim_smooth,Smooth,50,0.05,0,375,10000,7500,2500,"128,64,32",tanh,1000,2,True,1425,1426,375,500,0.010743376181192955,0.002258318608410163,6,0.038383782270856176,0.005794002773831197,6,0.005005491568249789,0.0003611254739768135,6,0.03159985927113629,0.0011379207462003107,6,0.032004057783232814,0.0009127625733532751,6,1.2292143526950354,3.5309281419912444,6,0.006845483350984032,0.0005399372139405441,6,0.007087572791371601,0.00041620081617773546,6,3.433563364100656,4.389499788590999,6,0.0009219547112061792,0.0018070312339641113,0.002365391727359467,0.004636167785624555,0.00014742885739398636,0.00028896056049221324,0.0004645541993196402,0.0009105262306664948,0.00037263376017087095,0.000730362169934907,1.4414953777186699,2.825330940328593,0.0002204284445490482,0.00043203975131613447,0.000169913271694225,0.000333030012520681,1.7920057846837638,3.512331337980177,0.3333333333333333
cuda,highdim_smooth,Smooth,50,0.05,1,875,10000,7500,2500,"128,64,32",tanh,1000,2,True,1425,1426,375,500,0.010743376181192955,0.002258318608410163,6,0.038383782270856176,0.005794002773831197,6,0.005005491568249789,0.0003611254739768135,6,0.025981997802778576,0.0012072248944705348,6,0.02498506493482637,0.0012464477694295814,6,-4.202672532227498,7.003422367577826,6,0.006655620786115315,0.00044474426192707975,6,0.0064808254079617884,0.00036459106168315304,6,-3.0049863670262407,9.489759558960877,6,0.0009219547112061792,0.0018070312339641113,0.002365391727359467,0.004636167785624555,0.00014742885739398636,0.00028896056049221324,0.0004928474993730132,0.000965981098771106,0.0005088601710221219,0.0009973659352033588,2.859135208960028,5.603905009561655,0.00018156608462534284,0.00035586952586567195,0.00014884367765055208,0.0002917336081950821,3.874178116858881,7.5933891090434065,0.3333333333333333
cuda,highdim_smooth,Smooth,50,0.05,2,1375,10000,7500,2500,"128,64,32",tanh,1000,2,True,1425,1426,375,500,0.010743376181192955,0.002258318608410163,6,0.038383782270856176,0.005794002773831197,6,0.005005491568249789,0.0003611254739768135,6,0.17676695033958875,0.0827689354129061,6,0.20121387335467636,0.03865213867679869,6,15.375371880004252,25.101618003685456,6,0.04426737382336013,0.02068046405577095,6,0.051018561996844326,0.010641614826664937,6,16.317622138498713,23.224188713363155,6,0.0009219547112061792,0.0018070312339641113,0.002365391727359467,0.004636167785624555,0.00014742885739398636,0.00028896056049221324,0.03379027638583281,0.06622894171623231,0.015779669537575227,0.030928152293647444,10.247692637881514,20.085477570247765,0.008442764096767858,0.016547817629665,0.004344421060760858,0.008515065279091282,9.481235339640651,18.583221265695677,0.8333333333333334
cuda,highdim_smooth,Smooth,50,0.05,3,1875,10000,7500,2500,"128,64,32",tanh,1000,2,True,1425,1426,375,500,0.010743376181192955,0.002258318608410163,6,0.038383782270856176,0.005794002773831197,6,0.005005491568249789,0.0003611254739768135,6,0.012416090393193741,0.0026695526648521117,6,0.013897452367041837,0.002938009306019686,6,10.708811110211192,1.687268256651601,6,0.0033011505292287967,0.0008556273967185158,6,0.003719322127132647,0.0008740555651581283,6,11.6114437402367,4.514815511194932,6,0.0009219547112061792,0.0018070312339641113,0.002365391727359467,0.004636167785624555,0.00014742885739398636,0.00028896056049221324,0.0010898403117291246,0.0021360870109890843,0.0011994372765494574,0.0023508970620369366,0.6888243813319587,1.350095787410639,0.0003493084219843796,0.000684644507089384,0.00035683169024623154,0.0006993901128826138,1.843165714205063,3.6126047998419235,1.0
cuda,highdim_smooth,Smooth,50,0.05,4,2375,10000,7500,2500,"128,64,32",tanh,1000,2,True,1425,1426,375,500,0.010743376181192955,0.002258318608410163,6,0.038383782270856176,0.005794002773831197,6,0.005005491568249789,0.0003611254739768135,6,0.0103298801043635,0.0021983526907106664,6,0.010954683272428508,0.0023057703843821727,6,5.7165219960219105,1.2614498655179611,6,0.002815511725470597,0.000658222801223493,6,0.002877972256952061,0.0005698964961772717,6,2.713790532633425,4.304685745987819,6,0.0009219547112061792,0.0018070312339641113,0.002365391727359467,0.004636167785624555,0.00014742885739398636,0.00028896056049221324,0.0008974737278192631,0.0017590485065257556,0.0009413268176262264,0.0018450005625474037,0.5149847511035776,1.009370112163012,0.00026871833334382616,0.0005266879333538992,0.0002326592703057166,0.00045601216979920453,1.7573805967836862,3.444465969696025,1.0
cuda,highdim_smooth,Smooth,50,0.05,5,2875,10000,7500,2500,"128,64,32",tanh,1000,2,True,1425,1426,375,500,0.010743376181192955,0.002258318608410163,6,0.038383782270856176,0.005794002773831197,6,0.005005491568249789,0.0003611254739768135,6,0.009685144140810226,0.002082591016674934,6,0.010045701555002761,0.002225239437621956,6,3.490265746902955,1.195186947982117,6,0.0026115812883763002,0.0006325273915004459,6,0.0027108182960570056,0.000609228085076421,6,3.8555863871612686,3.845490193855437,6,0.0009219547112061792,0.0018070312339641113,0.002365391727359467,0.004636167785624555,0.00014742885739398636,0.00028896056049221324,0.0008502142222929403,0.001666419875694163,0.0009084501962819316,0.0017805623847125859,0.48793302829842133,0.9563487354649058,0.00025822822625162366,0.0005061273234531824,0.0002487163242350218,0.00048748399550064273,1.5699147976370313,3.0770330033685815,1.0
cuda,highdim_smooth,Smooth,50,0.1,0,750,10000,7500,2500,"128,64,32",tanh,1000,2,True,1425,1426,750,500,0.010743376181192955,0.002258318608410163,6,0.022897593150673076,0.003720342256583204,6,0.004591192633924354,0.0004035020772028549,6,0.024162988631811332,0.0015124212918991632,6,0.024769035154262473,0.001516153042368805,6,2.4068873832510103,3.4418088229791586,6,0.006085014149392995,0.000660006551271344,6,0.006323303299417496,0.0005602139661430123,6,3.688042598507909,7.923607611410915,6,0.0009219547112061792,0.0018070312339641113,0.0015188233661905636,0.0029768937977335047,0.00016472903321668322,0.0003228689051046991,0.0006174434068789806,0.0012101890774828018,0.0006189668876286496,0.0012131750997521533,1.405112568084682,2.7540206334459767,0.00026944654625147614,0.0005281152306528932,0.00022870639397186524,0.00044826453218485584,3.2347992616649597,6.340206552863321,0.8333333333333334
cuda,highdim_smooth,Smooth,50,0.1,1,1250,10000,7500,2500,"128,64,32",tanh,1000,2,True,1425,1426,750,500,0.010743376181192955,0.002258318608410163,6,0.022897593150673076,0.003720342256583204,6,0.004591192633924354,0.0004035020772028549,6,0.06740475640514233,0.006595395708476278,6,0.06852069119032009,0.007641449480986163,6,0.9896769526595083,11.104783149277653,6,0.017545743986115234,0.0018193391652611345,6,0.01795582313237077,0.0022413307849171197,6,1.4594269466988166,12.006990411614776,6,0.0009219547112061792,0.0018070312339641113,0.0015188233661905636,0.0029768937977335047,0.00016472903321668322,0.0003228689051046991,0.0026925590229181394,0.005277415684919553,0.0031196086872785746,0.006114433027066006,4.5335087366645155,8.88567712386245,0.0007427421039918097,0.001455774523823947,0.0009150194613064425,0.0017934381441606273,4.901833309157728,9.607593285949147,0.6666666666666666
cuda,highdim_smooth,Smooth,50,0.1,2,1750,10000,7500,2500,"128,64,32",tanh,1000,2,True,1425,1426,750,500,0.010743376181192955,0.002258318608410163,6,0.022897593150673076,0.003720342256583204,6,0.004591192633924354,0.0004035020772028549,6,0.014093573643094276,0.0024274705094595255,6,0.01591227499892584,0.0031210008565925704,6,10.991446417767827,4.031419606325651,6,0.0038207755658868294,0.0006874032812933664,6,0.004228507501287045,0.0008305063766354794,6,9.346977421657975,3.1197718519041784,6,0.0009219547112061792,0.0018070312339641113,0.0015188233661905636,0.0029768937977335047,0.00016472903321668322,0.0003228689051046991,0.000991010685638294,0.0019423809438510562,0.0012741432642401692,0.0024973207979107313,1.6458201624249467,3.2258075183528954,0.0002806312144472668,0.0005500371803166429,0.00033905280848077165,0.0006645435046223124,1.273641525177161,2.4963373893472354,1.0
cuda,highdim_smooth,Smooth,50,0.1,3,2250,10000,7500,2500,"128,64,32",tanh,1000,2,True,1425,1426,750,500,0.010743376181192955,0.002258318608410163,6,0.022897593150673076,0.003720342256583204,6,0.004591192633924354,0.0004035020772028549,6,0.010481358000480384,0.0019930941603903177,6,0.011440712287168885,0.0023627975881155418,6,8.096340371531744,3.0357559130882468,6,0.0027697685537878647,0.0005559411695908183,6,0.003044557788983888,0.0006520274839077329,6,8.588382248903754,5.93582471524734,6,0.0009219547112061792,0.0018070312339641113,0.0015188233661905636,0.0029768937977335047,0.00016472903321668322,0.0003228689051046991,0.0008136772837128557,0.0015948074760771971,0.0009646080760603087,0.001890631829078205,1.2393421617838403,2.429110637096327,0.00022696203208393212,0.00044484558288450696,0.00026618910564078595,0.0005217306470559405,2.423290292492873,4.749648973286031,1.0
cuda,highdim_smooth,Smooth,50,0.1,4,2750,10000,7500,2500,"128,64,32",tanh,1000,2,True,1425,1426,750,500,0.010743376181192955,0.002258318608410163,6,0.022897593150673076,0.003720342256583204,6,0.004591192633924354,0.0004035020772028549,6,0.009824934859276,0.0019330150004608737,6,0.010215316641460316,0.002154846287408359,6,3.5753848569419144,2.424795434792743,6,0.002601052860300265,0.0004924538141091616,6,0.002758377738555945,0.0006202418936524722,6,5.090163759292703,4.240623173594526,6,0.0009219547112061792,0.0018070312339641113,0.0015188233661905636,0.0029768937977335047,0.00016472903321668322,0.0003228689051046991,0.0007891500693791552,0.0015467341359831441,0.0008797123130468646,0.0017242361335718546,0.9899185909787169,1.9402404383182852,0.00020104342774247423,0.0003940451183752495,0.00025321269275769095,0.0004962968778050742,1.7312271611214067,3.393205235797957,1.0
cuda,highdim_smooth,Smooth,50,0.1,5,3250,10000,7500,2500,"128,64,32",tanh,1000,2,True,1425,1426,750,500,0.010743376181192955,0.002258318608410163,6,0.022897593150673076,0.003720342256583204,6,0.004591192633924354,0.0004035020772028549,6,0.009473313906323064,0.001957880143573993,6,0.00976299409026052,0.0021139333767618966,6,2.800471130353062,1.8378594781584534,6,0.002597617154485156,0.0005473674213166875,6,0.002605089472648751,0.0006047660420546077,6,-0.11080703500894902,2.9187039757562188,6,0.0009219547112061792,0.0018070312339641113,0.0015188233661905636,0.0029768937977335047,0.00016472903321668322,0.0003228689051046991,0.0007993012215472253,0.0015666303942325616,0.0008630096872175455,0.0016914989869463892,0.7503029900709961,1.4705938605391524,0.00022346181400815073,0.0004379851554559754,0.0002468947027993903,0.00048391361748680495,1.1915559084725567,2.335449580606211,0.8333333333333334
cuda,highdim_strong,Strong nonlinear,20,0.05,0,375,10000,7500,2500,"128,64,32",tanh,1000,2,True,270,271,375,500,0.0010703973876747847,0.00017856175166165744,6,0.013522468690387845,0.004841192971411226,6,0.007288986216934429,0.0024902380294952943,6,0.0032832542731961747,0.0007391802661579324,6,0.003035819834767217,0.0006495229118566914,6,-8.908700791715473,17.196283964916816,6,0.002065605224462107,0.0005053931250114238,6,0.0019333104207347304,0.00047121823072379367,6,-9.275489170654502,25.63362998189926,6,7.289752985810451e-05,0.00014287915852188485,0.0019764087543843027,0.003873761158593233,0.001016635418389553,0.0019926054200435236,0.0003017690800035992,0.0005914673968070544,0.0002651666183826047,0.0005197265720299052,7.020353531008431,13.759892920776524,0.00020632587929810317,0.0004043987234242822,0.00019237403712839496,0.0003770531127716541,10.464885618493598,20.51117581224745,0.3333333333333333
cuda,highdim_strong,Strong nonlinear,20,0.05,1,875,10000,7500,2500,"128,64,32",tanh,1000,2,True,270,271,375,500,0.0010703973876747847,0.00017856175166165744,6,0.013522468690387845,0.004841192971411226,6,0.007288986216934429,0.0024902380294952943,6,0.001572938264583115,0.00024847889055768245,6,0.0016023136482866658,0.0005438835845864767,6,-3.676280383615699,20.55837404479336,6,0.0010246595561726555,0.00020114261326030118,6,0.0009064666438388058,0.0002109415481882038,6,-16.700490067772495,26.523101676951292,6,7.289752985810451e-05,0.00014287915852188485,0.0019764087543843027,0.003873761158593233,0.001016635418389553,0.0019926054200435236,0.00010144108228653118,0.00019882452128160112,0.00022203954361878694,0.0004351975054928224,8.392921058503543,16.450125274666945,8.21161280029519e-05,0.00016094761088578574,8.611652643563479e-05,0.00016878839181384418,10.828010917414584,21.222901398132585,0.3333333333333333
cuda,highdim_strong,Strong nonlinear,20,0.05,2,1375,10000,7500,2500,"128,64,32",tanh,1000,2,True,270,271,375,500,0.0010703973876747847,0.00017856175166165744,6,0.013522468690387845,0.004841192971411226,6,0.007288986216934429,0.0024902380294952943,6,0.0012852058630991444,0.0002699816254313192,6,0.0013781911872884488,0.00046949774772493647,6,3.3597263366523826,13.091973928836744,6,0.0008179248537775601,0.00019448620814489515,6,0.0010081667004954871,0.0004270552745876518,6,13.610216711647388,16.585842072806745,6,7.289752985810451e-05,0.00014287915852188485,0.0019764087543843027,0.003873761158593233,0.001016635418389553,0.0019926054200435236,0.00011021953703899107,0.0002160302925964225,0.00019167165288533935,0.00037567643965526513,5.344775975245065,10.475760911480329,7.939866199395248e-05,0.00015562137750814686,0.00017434458578398447,0.0003417153881366095,6.771141672126968,13.271437677368858,0.5
cuda,highdim_strong,Strong nonlinear,20,0.05,3,1875,10000,7500,2500,"128,64,32",tanh,1000,2,True,270,271,375,500,0.0010703973876747847,0.00017856175166165744,6,0.013522468690387845,0.004841192971411226,6,0.007288986216934429,0.0024902380294952943,6,0.001197020577523476,0.0002890261492359462,6,0.0012801136562550443,0.00044252061224742156,6,3.779068582473831,10.040757196365746,6,0.0008993456913624949,0.0003864888317593491,6,0.000777241127693853,0.00020598751326919847,6,-12.13860032337734,21.037485494738938,6,7.289752985810451e-05,0.00014287915852188485,0.0019764087543843027,0.003873761158593233,0.001016635418389553,0.0019926054200435236,0.00011799443132492839,0.00023126908539685965,0.00018065828344503187,0.0003540902355522625,4.099121960379047,8.03427904234293,0.00015778340484912985,0.0003092554735042945,8.409405014905258e-05,0.00016482433829214304,8.588517488885488,16.833494278215557,0.5
cuda,highdim_strong,Strong nonlinear,20,0.05,4,2375,10000,7500,2500,"128,64,32",tanh,1000,2,True,270,271,375,500,0.0010703973876747847,0.00017856175166165744,6,0.013522468690387845,0.004841192971411226,6,0.007288986216934429,0.0024902380294952943,6,0.0011551779698056122,0.00030965069242826096,6,0.0012480606667222823,0.00045925268647173964,6,4.78902855770914,8.992360716609667,6,0.0007677467518981818,0.00034207167012791746,6,0.000749066243599581,0.00024077949851213792,6,-0.20709959619020482,12.545495130463575,6,7.289752985810451e-05,0.00014287915852188485,0.0019764087543843027,0.003873761158593233,0.001016635418389553,0.0019926054200435236,0.000126414365824789,0.00024777215701658647,0.0001874891241430242,0.0003674786833203274,3.671115889790295,7.195387143988978,0.00013965017454584079,0.0002737143421098479,9.829781864632656e-05,0.00019266372454680006,5.121676940034473,10.038486802467567,0.5
cuda,highdim_strong,Strong nonlinear,20,0.05,5,2875,10000,7500,2500,"128,64,32",tanh,1000,2,True,270,271,375,500,0.0010703973876747847,0.00017856175166165744,6,0.013522468690387845,0.004841192971411226,6,0.007288986216934429,0.0024902380294952943,6,0.0011294843444704626,0.0003298859977451395,6,0.0012186137843763808,0.00045286504716354374,6,5.345046489948235,6.658690789429615,6,0.0007368889780911524,0.0002917175697030481,6,0.0007726829510864004,0.00034455770095981325,6,-7.6131318062953035,54.59250702984116,6,7.289752985810451e-05,0.00014287915852188485,0.0019764087543843027,0.003873761158593233,0.001016635418389553,0.0019926054200435236,0.000134675394627419,0.0002639637734697412,0.00018488138131535345,0.00036236750737809277,2.718399131512111,5.328062297763738,0.00011909319912954221,0.00023342267029390271,0.00014066509238300272,0.0002757035810706853,22.28729766706908,43.68310342745539,0.8333333333333334
cuda,highdim_strong,Strong nonlinear,20,0.1,0,750,10000,7500,2500,"128,64,32",tanh,1000,2,True,270,271,750,500,0.0010703973876747847,0.00017856175166165744,6,0.0013710241718969025,0.00028974301653904235,6,0.0008210003714036199,0.000168512399924414,6,0.0016057579194330464,0.00042521238926151143,6,0.001677077053475271,0.000553153616302433,6,2.4801540927524477,7.576486081350954,6,0.0011647776012789783,0.0006028591815900763,6,0.000948503634462348,0.00017269604225527864,6,-18.33686495231549,39.338269739966115,6,7.289752985810451e-05,0.00014287915852188485,0.00011828709117590683,0.0002318426987047774,6.879489919110483e-05,0.00013483800241456545,0.00017359223100006673,0.0003402407727601308,0.00022582401821937193,0.000442615075709969,3.0930874904347796,6.062451481252168,0.0002461162302745922,0.0004823878113382007,7.050286402059256e-05,0.00013818561348036143,16.05978137114748,31.47717148744906,0.5
cuda,highdim_strong,Strong nonlinear,20,0.1,1,1250,10000,7500,2500,"128,64,32",tanh,1000,2,True,270,271,750,500,0.0010703973876747847,0.00017856175166165744,6,0.0013710241718969025,0.00028974301653904235,6,0.0008210003714036199,0.000168512399924414,6,0.0013537788140002029,0.0002443957402787182,6,0.0013662133337951417,0.00045080212303421957,6,-2.8541837070074383,15.47964177234531,6,0.000867152396117316,0.0002518526198562564,6,0.0008813120855296827,0.0003299956902618453,6,-2.766622019925588,20.499747949320636,6,7.289752985810451e-05,0.00014287915852188485,0.00011828709117590683,0.0002318426987047774,6.879489919110483e-05,0.00013483800241456545,9.9774143165437e-05,0.0001955573206042565,0.0001840391960662002,0.0003607168242897524,6.319537290552976,12.386293089483832,0.00010281840150516184,0.0002015240669501172,0.00013472017640984082,0.000264051545763288,8.368987055250232,16.403214628290453,0.3333333333333333
cuda,highdim_strong,Strong nonlinear,20,0.1,2,1750,10000,7500,2500,"128,64,32",tanh,1000,2,True,270,271,750,500,0.0010703973876747847,0.00017856175166165744,6,0.0013710241718969025,0.00028974301653904235,6,0.0008210003714036199,0.000168512399924414,6,0.0012224088557445496,0.0002875656288435942,6,0.0012732860596478817,0.0004392851979821208,6,1.3571525635717094,10.323700379037387,6,0.000793529971498784,0.0002276205663209454,6,0.0007805867712545154,0.0002108516231948903,6,-1.9939089439186688,11.599545734123053,6,7.289752985810451e-05,0.00014287915852188485,0.00011828709117590683,0.0002318426987047774,6.879489919110483e-05,0.00013483800241456545,0.00011739817637156308,0.00023010042568826365,0.00017933743110228043,0.0003515013649604696,4.214633031003149,8.26068074076617,9.292570707494232e-05,0.00018213438586688695,8.607981471084458e-05,0.00016871643683325538,4.7354947161131316,9.281569643581738,0.5
cuda,highdim_strong,Strong nonlinear,20,0.1,3,2250,10000,7500,2500,"128,64,32",tanh,1000,2,True,270,271,750,500,0.0010703973876747847,0.00017856175166165744,6,0.0013710241718969025,0.00028974301653904235,6,0.0008210003714036199,0.000168512399924414,6,0.0011703350662529092,0.0003000231233146981,6,0.0012271817463940817,0.000425118879025604,6,2.476422316983203,7.853446491263685,6,0.0007707459255635729,0.0002752940902358807,6,0.0008157925736680774,0.00044079068505658214,6,0.07588592349839778,12.93915585945543,6,7.289752985810451e-05,0.00014287915852188485,0.00011828709117590683,0.0002318426987047774,6.879489919110483e-05,0.00013483800241456545,0.00012248392719285426,0.00024006849729799433,0.00017355405560611663,0.0003401659489879886,3.206156104307823,6.284065964443332,0.00011238834171360275,0.00022028114975866138,0.00017995204362674473,0.00035270600550841967,5.282388259668156,10.353480988949586,0.5
cuda,highdim_strong,Strong nonlinear,20,0.1,4,2750,10000,7500,2500,"128,64,32",tanh,1000,2,True,270,271,750,500,0.0010703973876747847,0.00017856175166165744,6,0.0013710241718969025,0.00028974301653904235,6,0.0008210003714036199,0.000168512399924414,6,0.001136211961443729,0.00031853855998484196,6,0.0012288398009037294,0.000438723997292446,6,5.724393076583483,6.749380222296057,6,0.0006024056812714677,0.00010436502400774555,6,0.0007152045402052677,0.00018946751550213815,6,13.085328775991306,15.317016931832955,6,7.289752985810451e-05,0.00014287915852188485,0.00011828709117590683,0.0002318426987047774,6.879489919110483e-05,0.00013483800241456545,0.00013004282256063243,0.0002548839322188396,0.00017910832188011358,0.0003510523108850226,2.7554229374429733,5.400628957388228,4.260684263538214e-05,8.3509411565349e-05,7.734978930218337e-05,0.0001516055870322794,6.253145977426849,12.256166115756624,0.8333333333333334
cuda,highdim_strong,Strong nonlinear,20,0.1,5,3250,10000,7500,2500,"128,64,32",tanh,1000,2,True,270,271,750,500,0.0010703973876747847,0.00017856175166165744,6,0.0013710241718969025,0.00028974301653904235,6,0.0008210003714036199,0.000168512399924414,6,0.0011236014656923286,0.00034250945666715576,6,0.001172764160305099,0.00042286821864889875,6,2.7276474099102628,5.212125417435781,6,0.0007542793754443848,0.0003413537809262844,6,0.0006991964658523371,0.00019428462954963646,6,-11.48060787811883,41.54066821455,6,7.289752985810451e-05,0.00014287915852188485,0.00011828709117590683,0.0002318426987047774,6.879489919110483e-05,0.00013483800241456545,0.00013982890015207293,0.00027406464429806295,0.00017263522735491197,0.00033836504561562746,2.127841291351406,4.170568931048756,0.00013935709750653163,0.000273139911112802,7.931636787704401e-05,0.00015546008103900627,16.95890678331657,33.23945729530048,0.6666666666666666
cuda,highdim_strong,Strong nonlinear,50,0.05,0,375,10000,7500,2500,"128,64,32",tanh,1000,2,True,1425,1426,375,500,0.0032647346076465113,0.0004172934060243847,6,0.06053480665177618,0.012102448972466668,6,0.009187794900491202,0.00159350059480336,6,0.05288338163109749,0.007970792250338489,6,0.051341070998809,0.008436378241550467,6,-3.322252052756088,4.827950380813403,6,0.012670367495413337,0.0019913136328227063,6,0.012208992711494997,0.0021598419034532038,6,-4.129702786641496,3.333367544211831,6,0.00017035931963129775,0.0003339042664773436,0.004940804103435653,0.009683976042733881,0.0006505438936816207,0.0012750660316159766,0.003254062309843296,0.0063779621272928595,0.0034441369948195093,0.006750508509846238,1.9710024894114286,3.8631648792464,0.0008129503863772545,0.0015933827572994189,0.0008817517647569864,0.0017282334589236933,1.3608416014122056,2.6672495387679227,0.3333333333333333
cuda,highdim_strong,Strong nonlinear,50,0.05,1,875,10000,7500,2500,"128,64,32",tanh,1000,2,True,1425,1426,375,500,0.0032647346076465113,0.0004172934060243847,6,0.06053480665177618,0.012102448972466668,6,0.009187794900491202,0.00159350059480336,6,0.061931463458043845,0.008540791156877293,6,0.05920850365027414,0.013568291024456546,6,-6.52477320555592,10.25235142428407,6,0.0157834449368664,0.0019712590873039223,6,0.015433801420958087,0.0034920960097148956,6,-4.377484048204086,12.078521111301152,6,0.00017035931963129775,0.0003339042664773436,0.004940804103435653,0.009683976042733881,0.0006505438936816207,0.0012750660316159766,0.003486763389004034,0.006834056242447907,0.005539231615250562,0.010856893965891101,4.185504942198723,8.203589686709497,0.0008047631524531813,0.0015773357788082352,0.0014256422261017837,0.002794258763159496,4.931035595020375,9.664829766239935,0.3333333333333333
cuda,highdim_strong,Strong nonlinear,50,0.05,2,1375,10000,7500,2500,"128,64,32",tanh,1000,2,True,1425,1426,375,500,0.0032647346076465113,0.0004172934060243847,6,0.06053480665177618,0.012102448972466668,6,0.009187794900491202,0.00159350059480336,6,0.39220318165907536,0.16743065034517213,6,0.4067721982748358,0.1386166773297343,6,1.7894189718644198,28.278616026558527,6,0.09336305605574265,0.03342092617602104,6,0.0947924989691606,0.030009538817760643,6,-0.1550397771522256,23.853351687509754,6,0.00017035931963129775,0.0003339042664773436,0.004940804103435653,0.009683976042733881,0.0006505438936816207,0.0012750660316159766,0.06835327677466932,0.13397242247835187,0.056590021549644945,0.11091644223730408,11.544696649526518,22.627605433071974,0.013644035977079562,0.026742310515075942,0.01225134291995972,0.02401263212312105,9.73809004825916,19.086656494587952,0.6666666666666666
cuda,highdim_strong,Strong nonlinear,50,0.05,3,1875,10000,7500,2500,"128,64,32",tanh,1000,2,True,1425,1426,375,500,0.0032647346076465113,0.0004172934060243847,6,0.06053480665177618,0.012102448972466668,6,0.009187794900491202,0.00159350059480336,6,0.006441727540385381,0.0011014648386551602,6,0.006214375084297465,0.0008426600642906729,6,-3.7655800827233197,11.009560529424062,6,0.0017195346040722352,0.0002790269188747594,6,0.0016457594045665416,0.0002425842224533393,6,-5.281893098900189,14.870554705293767,6,0.00017035931963129775,0.0003339042664773436,0.004940804103435653,0.009683976042733881,0.0006505438936816207,0.0012750660316159766,0.0004496711373870239,0.0008813554292785669,0.00034401453068883615,0.0006742684801501189,4.494634264895796,8.80948315919576,0.00011391226262401953,0.00022326803474307828,9.903459411008124e-05,0.00019410780445575923,6.070878536685536,11.898921931903649,0.5
cuda,highdim_strong,Strong nonlinear,50,0.05,4,2375,10000,7500,2500,"128,64,32",tanh,1000,2,True,1425,1426,375,500,0.0032647346076465113,0.0004172934060243847,6,0.06053480665177618,0.012102448972466668,6,0.009187794900491202,0.00159350059480336,6,0.004403009884219895,0.0006510135111424984,6,0.004432219612273927,0.0006197520938288448,6,0.7198407943053177,2.286121168117671,6,0.0011561957320724472,0.00014553855722115373,6,0.001183430305442151,0.00016523297690015286,6,1.9796215582138703,5.530593217686719,6,0.00017035931963129775,0.0003339042664773436,0.004940804103435653,0.009683976042733881,0.0006505438936816207,0.0012750660316159766,0.000265775152992802,0.000520919299865892,0.00025301273281702554,0.00049590495632137,0.9333050586772889,1.829277915007486,5.941586718211312e-05,0.0001164550996769417,6.745608034774237e-05,0.00013221391748157506,2.2578552263716385,4.425396243688412,0.5
cuda,highdim_strong,Strong nonlinear,50,0.05,5,2875,10000,7500,2500,"128,64,32",tanh,1000,2,True,1425,1426,375,500,0.0032647346076465113,0.0004172934060243847,6,0.06053480665177618,0.012102448972466668,6,0.009187794900491202,0.00159350059480336,6,0.0037685376388617935,0.0005902993107320624,6,0.0038311269585697815,0.0006038869721389866,6,1.6155162604813758,1.513302628064753,6,0.0009529156726423483,0.00015383463805346563,6,0.0010403286936913263,0.0001821362375673378,6,8.144389556965217,5.491716514050213,6,0.00017035931963129775,0.0003339042664773436,0.004940804103435653,0.009683976042733881,0.0006505438936816207,0.0012750660316159766,0.00024098868446836117,0.0004723378215579879,0.00024653582400913977,0.00048321021505791394,0.6178032108619066,1.210894293289337,6.280272799945447e-05,0.00012309334687893078,7.435680761838569e-05,0.00014573934293203597,2.241983878573165,4.394288402003403,0.8333333333333334
cuda,highdim_strong,Strong nonlinear,50,0.1,0,750,10000,7500,2500,"128,64,32",tanh,1000,2,True,1425,1426,750,500,0.0032647346076465113,0.0004172934060243847,6,0.053291043226362356,0.0097293450557171,6,0.011321061239526144,0.0021444358851534246,6,0.05123811911480363,0.010744793212145892,6,0.05079071204451597,0.01129477018770701,6,-1.2543682245318148,4.996460918571048,6,0.013005557792000055,0.002719693354389589,6,0.013266020204315538,0.003051455643759614,6,1.3522952445261571,7.585763366029602,6,0.00017035931963129775,0.0003339042664773436,0.003971988486329544,0.007785097433205907,0.0008754622841232466,0.0017159060768815633,0.00438654346024628,0.00859762518208271,0.004611070620313592,0.00903769841581464,2.039796628376133,3.9980013916172203,0.001110310162515479,0.0021762079185303385,0.0012457515499911692,0.0024416730379826913,3.0968749260449844,6.06987485504817,0.3333333333333333
cuda,highdim_strong,Strong nonlinear,50,0.1,1,1250,10000,7500,2500,"128,64,32",tanh,1000,2,True,1425,1426,750,500,0.0032647346076465113,0.0004172934060243847,6,0.053291043226362356,0.0097293450557171,6,0.011321061239526144,0.0021444358851534246,6,0.265899624723452,0.06470861217177369,6,0.25307762744232853,0.07228503120269249,6,-6.896512324928906,11.407836661431338,6,0.06567828461277855,0.01416602311823807,6,0.06304006430252744,0.017187332462577688,6,-5.937471590599924,9.687957638263956,6,0.00017035931963129775,0.0003339042664773436,0.003971988486329544,0.007785097433205907,0.0008754622841232466,0.0017159060768815633,0.02641718029741573,0.051777673382934826,0.029510240414626205,0.05784007121266736,4.657229814920327,9.12817043724384,0.005783254720692255,0.01133517925255682,0.007016699095481398,0.013752730227143541,3.955092143907584,7.751980602058865,0.3333333333333333
cuda,highdim_strong,Strong nonlinear,50,0.1,2,1750,10000,7500,2500,"128,64,32",tanh,1000,2,True,1425,1426,750,500,0.0032647346076465113,0.0004172934060243847,6,0.053291043226362356,0.0097293450557171,6,0.011321061239526144,0.0021444358851534246,6,0.00779415743831693,0.001069335329070555,6,0.0073030003110130595,0.0006576682384793719,6,-6.5844101887698345,9.27771846754812,6,0.0020181076902094125,0.00030491266250439326,6,0.0019212289576368974,0.00016614266660987985,6,-4.928675288366279,11.904251042525152,6,0.00017035931963129775,0.0003339042664773436,0.003971988486329544,0.007785097433205907,0.0008754622841232466,0.0017159060768815633,0.00043655432002566647,0.0008556464672503063,0.0002684919340515838,0.0005262441907411043,3.787612703781531,7.4237208994118005,0.0001244800732082034,0.00024398094348807863,6.782745961659099e-05,0.00013294182084851833,4.859890137363553,9.525384669232563,0.5
cuda,highdim_strong,Strong nonlinear,50,0.1,3,2250,10000,7500,2500,"128,64,32",tanh,1000,2,True,1425,1426,750,500,0.0032647346076465113,0.0004172934060243847,6,0.053291043226362356,0.0097293450557171,6,0.011321061239526144,0.0021444358851534246,6,0.004637319938238765,0.0006085759485884699,6,0.004608547147743821,0.0006904265639390478,6,-0.8594624748920969,2.6758246503983982,6,0.0012201850543750662,0.00012982318421555865,6,0.0012393181695993353,0.00021191627721238766,6,0.42891870748708083,10.113718463270047,6,0.00017035931963129775,0.0003339042664773436,0.003971988486329544,0.007785097433205907,0.0008754622841232466,0.0017159060768815633,0.0002484500906286667,0.0004869621776321867,0.0002818654644189553,0.0005524563102611524,1.09240083910621,2.1411056446481718,5.300009301857699e-05,0.0001038801823164109,8.651445789342337e-05,0.0001695683374711098,4.128908272862804,8.092660214811096,0.5
cuda,highdim_strong,Strong nonlinear,50,0.1,4,2750,10000,7500,2500,"128,64,32",tanh,1000,2,True,1425,1426,750,500,0.0032647346076465113,0.0004172934060243847,6,0.053291043226362356,0.0097293450557171,6,0.011321061239526144,0.0021444358851534246,6,0.0038485120985521522,0.0005892384742619618,6,0.003874702515565344,0.0005871328162007943,6,0.68531682839867,1.511587588484037,6,0.0009937258131611272,9.397322309423959e-05,6,0.0010041555538333922,0.0001396846009148347,6,0.4982632494933217,5.33283213954218,6,0.00017035931963129775,0.0003339042664773436,0.003971988486329544,0.007785097433205907,0.0008754622841232466,0.0017159060768815633,0.00024055559979298087,0.0004714889755942425,0.0002396959684892078,0.0004698040982388473,0.6171030488850014,1.2095219758146027,3.8364407677602526e-05,7.519423904810095e-05,5.7025999527608234e-05,0.00011177095907411214,2.17711960429884,4.267154424425726,0.6666666666666666
cuda,highdim_strong,Strong nonlinear,50,0.1,5,3250,10000,7500,2500,"128,64,32",tanh,1000,2,True,1425,1426,750,500,0.0032647346076465113,0.0004172934060243847,6,0.053291043226362356,0.0097293450557171,6,0.011321061239526144,0.0021444358851534246,6,0.0035053757257652723,0.000533093116845441,6,0.0035299730992392683,0.0005856045668783934,6,0.5043268269809892,2.250520316217949,6,0.0009023302749732267,0.00019138769150837045,6,0.0009190840657855882,0.0001248830846755712,6,2.413131425131973,8.917302730125238,6,0.00017035931963129775,0.0003339042664773436,0.003971988486329544,0.007785097433205907,0.0008754622841232466,0.0017159060768815633,0.00021763435361020367,0.0004265633330759992,0.00023907206331593507,0.0004685812440992327,0.9187710717501701,1.8007913006303335,7.813369787411744e-05,0.0001531420478332702,5.098330582665579e-05,9.992727942024534e-05,3.640473595122367,7.1353282464398395,0.6666666666666666
